filepath,label
arctic_vegetation/20230724_riparianshrub32_m3m/WILL/tile_06705.png,11
arctic_vegetation/20230724_riparianshrub32_m3m/WILL/tile_06706.png,11
arctic_vegetation/20230724_riparianshrub32_m3m/WILL/tile_06707.png,11
arctic_vegetation/20230724_riparianshrub32_m3m/WILL/tile_06708.png,11
arctic_vegetation/20230724_riparianshrub32_m3m/WILL/tile_06709.png,11
arctic_vegetation/20230724_riparianshrub32_m3m/WILL/tile_06710.png,11
arctic_vegetation/20230724_riparianshrub32_m3m/WILL/tile_06711.png,11
arctic_vegetation/20230724_riparianshrub32_m3m/WILL/tile_06712.png,11
arctic_vegetation/20230724_riparianshrub32_m3m/WILL/tile_06713.png,11
arctic_vegetation/20230724_riparianshrub32_m3m/MOSS/tile_06750.png,5
arctic_vegetation/20230724_riparianshrub32_m3m/MOSS/tile_06751.png,5
arctic_vegetation/20230724_riparianshrub32_m3m/MOSS/tile_06752.png,5
arctic_vegetation/20230724_riparianshrub32_m3m/MOSS/tile_06753.png,5
arctic_vegetation/20230724_riparianshrub32_m3m/WILL/tile_06875.png,11
arctic_vegetation/20230724_riparianshrub32_m3m/WILL/tile_06876.png,11
arctic_vegetation/20230724_riparianshrub32_m3m/WILL/tile_06877.png,11
arctic_vegetation/20230724_riparianshrub32_m3m/WILL/tile_06878.png,11
arctic_vegetation/20230724_riparianshrub32_m3m/WILL/tile_06880.png,11
arctic_vegetation/20230724_riparianshrub32_m3m/WILL/tile_06881.png,11
arctic_vegetation/20230724_riparianshrub32_m3m/WILL/tile_06882.png,11
arctic_vegetation/20230724_riparianshrub32_m3m/WILL/tile_06883.png,11
arctic_vegetation/20230724_riparianshrub32_m3m/WILL/tile_06884.png,11
arctic_vegetation/20230724_riparianshrub32_m3m/WILL/tile_06885.png,11
arctic_vegetation/20230724_riparianshrub32_m3m/WILL/tile_06886.png,11
arctic_vegetation/20230724_riparianshrub32_m3m/WILL/tile_06887.png,11
arctic_vegetation/20230724_riparianshrub32_m3m/WILL/tile_06888.png,11
arctic_vegetation/20230724_riparianshrub32_m3m/WILL/tile_06889.png,11
arctic_vegetation/20230724_riparianshrub32_m3m/WILL/tile_06890.png,11
arctic_vegetation/20230724_riparianshrub32_m3m/WILL/tile_06891.png,11
arctic_vegetation/20230724_riparianshrub32_m3m/WILL/tile_06892.png,11
arctic_vegetation/20230724_riparianshrub32_m3m/WILL/tile_06893.png,11
arctic_vegetation/20230724_riparianshrub32_m3m/MOSS/tile_06930.png,5
arctic_vegetation/20230724_riparianshrub32_m3m/MOSS/tile_06931.png,5
arctic_vegetation/20230724_riparianshrub32_m3m/MOSS/tile_06932.png,5
arctic_vegetation/20230724_riparianshrub32_m3m/MOSS/tile_06933.png,5
arctic_vegetation/20230724_riparianshrub32_m3m/WILL/tile_07055.png,11
arctic_vegetation/20230724_riparianshrub32_m3m/WILL/tile_07056.png,11
arctic_vegetation/20230724_riparianshrub32_m3m/WILL/tile_07057.png,11
arctic_vegetation/20230724_riparianshrub32_m3m/WILL/tile_07058.png,11
arctic_vegetation/20230724_riparianshrub32_m3m/WILL/tile_07060.png,11
arctic_vegetation/20230724_riparianshrub32_m3m/WILL/tile_07061.png,11
arctic_vegetation/20230724_riparianshrub32_m3m/WILL/tile_07062.png,11
arctic_vegetation/20230724_riparianshrub32_m3m/WILL/tile_07063.png,11
arctic_vegetation/20230724_riparianshrub32_m3m/WILL/tile_07064.png,11
arctic_vegetation/20230724_riparianshrub32_m3m/WILL/tile_07065.png,11
arctic_vegetation/20230724_riparianshrub32_m3m/WILL/tile_07066.png,11
arctic_vegetation/20230724_riparianshrub32_m3m/WILL/tile_07067.png,11
arctic_vegetation/20230724_riparianshrub32_m3m/WILL/tile_07068.png,11
arctic_vegetation/20230724_riparianshrub32_m3m/WILL/tile_07069.png,11
arctic_vegetation/20230724_riparianshrub32_m3m/WILL/tile_07070.png,11
arctic_vegetation/20230724_riparianshrub32_m3m/WILL/tile_07071.png,11
arctic_vegetation/20230724_riparianshrub32_m3m/WILL/tile_07072.png,11
arctic_vegetation/20230724_riparianshrub32_m3m/WILL/tile_07073.png,11
arctic_vegetation/20230724_riparianshrub32_m3m/MOSS/tile_07110.png,5
arctic_vegetation/20230724_riparianshrub32_m3m/MOSS/tile_07111.png,5
arctic_vegetation/20230724_riparianshrub32_m3m/MOSS/tile_07112.png,5
arctic_vegetation/20230724_riparianshrub32_m3m/MOSS/tile_07113.png,5
arctic_vegetation/20230724_riparianshrub32_m3m/WILL/tile_07235.png,11
arctic_vegetation/20230724_riparianshrub32_m3m/WILL/tile_07236.png,11
arctic_vegetation/20230724_riparianshrub32_m3m/WILL/tile_07237.png,11
arctic_vegetation/20230724_riparianshrub32_m3m/WILL/tile_07238.png,11
arctic_vegetation/20230724_riparianshrub32_m3m/WILL/tile_07240.png,11
arctic_vegetation/20230724_riparianshrub32_m3m/WILL/tile_07241.png,11
arctic_vegetation/20230724_riparianshrub32_m3m/WILL/tile_07242.png,11
arctic_vegetation/20230724_riparianshrub32_m3m/WILL/tile_07243.png,11
arctic_vegetation/20230724_riparianshrub32_m3m/WILL/tile_07244.png,11
arctic_vegetation/20230724_riparianshrub32_m3m/WILL/tile_07245.png,11
arctic_vegetation/20230724_riparianshrub32_m3m/WILL/tile_07246.png,11
arctic_vegetation/20230724_riparianshrub32_m3m/WILL/tile_07247.png,11
arctic_vegetation/20230724_riparianshrub32_m3m/WILL/tile_07248.png,11
arctic_vegetation/20230724_riparianshrub32_m3m/WILL/tile_07249.png,11
arctic_vegetation/20230724_riparianshrub32_m3m/WILL/tile_07250.png,11
arctic_vegetation/20230724_riparianshrub32_m3m/WILL/tile_07251.png,11
arctic_vegetation/20230724_riparianshrub32_m3m/WILL/tile_07252.png,11
arctic_vegetation/20230724_riparianshrub32_m3m/WILL/tile_07253.png,11
arctic_vegetation/20230724_riparianshrub32_m3m/LICH/tile_07290.png,4
arctic_vegetation/20230724_riparianshrub32_m3m/LICH/tile_07291.png,4
arctic_vegetation/20230724_riparianshrub32_m3m/LICH/tile_07292.png,4
arctic_vegetation/20230724_riparianshrub32_m3m/LICH/tile_07293.png,4
arctic_vegetation/20230724_riparianshrub32_m3m/WILL/tile_07415.png,11
arctic_vegetation/20230724_riparianshrub32_m3m/WILL/tile_07416.png,11
arctic_vegetation/20230724_riparianshrub32_m3m/WILL/tile_07417.png,11
arctic_vegetation/20230724_riparianshrub32_m3m/WILL/tile_07418.png,11
arctic_vegetation/20230724_riparianshrub32_m3m/WILL/tile_07420.png,11
arctic_vegetation/20230724_riparianshrub32_m3m/WILL/tile_07421.png,11
arctic_vegetation/20230724_riparianshrub32_m3m/WILL/tile_07422.png,11
arctic_vegetation/20230724_riparianshrub32_m3m/WILL/tile_07423.png,11
arctic_vegetation/20230724_riparianshrub32_m3m/WILL/tile_07424.png,11
arctic_vegetation/20230724_riparianshrub32_m3m/WILL/tile_07425.png,11
arctic_vegetation/20230724_riparianshrub32_m3m/WILL/tile_07426.png,11
arctic_vegetation/20230724_riparianshrub32_m3m/WILL/tile_07427.png,11
arctic_vegetation/20230724_riparianshrub32_m3m/WILL/tile_07428.png,11
arctic_vegetation/20230724_riparianshrub32_m3m/WILL/tile_07429.png,11
arctic_vegetation/20230724_riparianshrub32_m3m/WILL/tile_07430.png,11
arctic_vegetation/20230724_riparianshrub32_m3m/WILL/tile_07431.png,11
arctic_vegetation/20230724_riparianshrub32_m3m/WILL/tile_07432.png,11
arctic_vegetation/20230724_riparianshrub32_m3m/WILL/tile_07433.png,11
arctic_vegetation/20230724_riparianshrub32_m3m/WILL/tile_07434.png,11
arctic_vegetation/20230724_riparianshrub32_m3m/WILL/tile_07435.png,11
arctic_vegetation/20230724_riparianshrub32_m3m/BIRC/tile_07455.png,2
arctic_vegetation/20230724_riparianshrub32_m3m/BIRC/tile_07456.png,2
arctic_vegetation/20230724_riparianshrub32_m3m/BIRC/tile_07457.png,2
arctic_vegetation/20230724_riparianshrub32_m3m/LICH/tile_07470.png,4
arctic_vegetation/20230724_riparianshrub32_m3m/LICH/tile_07471.png,4
arctic_vegetation/20230724_riparianshrub32_m3m/LICH/tile_07472.png,4
arctic_vegetation/20230724_riparianshrub32_m3m/LICH/tile_07473.png,4
arctic_vegetation/20230724_riparianshrub32_m3m/WILL/tile_07595.png,11
arctic_vegetation/20230724_riparianshrub32_m3m/WILL/tile_07596.png,11
arctic_vegetation/20230724_riparianshrub32_m3m/WILL/tile_07597.png,11
arctic_vegetation/20230724_riparianshrub32_m3m/WILL/tile_07598.png,11
arctic_vegetation/20230724_riparianshrub32_m3m/WILL/tile_07600.png,11
arctic_vegetation/20230724_riparianshrub32_m3m/WILL/tile_07601.png,11
arctic_vegetation/20230724_riparianshrub32_m3m/WILL/tile_07602.png,11
arctic_vegetation/20230724_riparianshrub32_m3m/WILL/tile_07603.png,11
arctic_vegetation/20230724_riparianshrub32_m3m/WILL/tile_07604.png,11
arctic_vegetation/20230724_riparianshrub32_m3m/WILL/tile_07605.png,11
arctic_vegetation/20230724_riparianshrub32_m3m/WILL/tile_07606.png,11
arctic_vegetation/20230724_riparianshrub32_m3m/WILL/tile_07607.png,11
arctic_vegetation/20230724_riparianshrub32_m3m/WILL/tile_07608.png,11
arctic_vegetation/20230724_riparianshrub32_m3m/WILL/tile_07609.png,11
arctic_vegetation/20230724_riparianshrub32_m3m/WILL/tile_07610.png,11
arctic_vegetation/20230724_riparianshrub32_m3m/WILL/tile_07611.png,11
arctic_vegetation/20230724_riparianshrub32_m3m/WILL/tile_07612.png,11
arctic_vegetation/20230724_riparianshrub32_m3m/WILL/tile_07613.png,11
arctic_vegetation/20230724_riparianshrub32_m3m/WILL/tile_07614.png,11
arctic_vegetation/20230724_riparianshrub32_m3m/WILL/tile_07615.png,11
arctic_vegetation/20230724_riparianshrub32_m3m/BIRC/tile_07635.png,2
arctic_vegetation/20230724_riparianshrub32_m3m/BIRC/tile_07636.png,2
arctic_vegetation/20230724_riparianshrub32_m3m/BIRC/tile_07637.png,2
arctic_vegetation/20230724_riparianshrub32_m3m/LICH/tile_07650.png,4
arctic_vegetation/20230724_riparianshrub32_m3m/LICH/tile_07651.png,4
arctic_vegetation/20230724_riparianshrub32_m3m/LICH/tile_07652.png,4
arctic_vegetation/20230724_riparianshrub32_m3m/LICH/tile_07653.png,4
arctic_vegetation/20230724_riparianshrub32_m3m/WILL/tile_07775.png,11
arctic_vegetation/20230724_riparianshrub32_m3m/WILL/tile_07776.png,11
arctic_vegetation/20230724_riparianshrub32_m3m/WILL/tile_07777.png,11
arctic_vegetation/20230724_riparianshrub32_m3m/WILL/tile_07778.png,11
arctic_vegetation/20230724_riparianshrub32_m3m/WILL/tile_07779.png,11
arctic_vegetation/20230724_riparianshrub32_m3m/WILL/tile_07780.png,11
arctic_vegetation/20230724_riparianshrub32_m3m/WILL/tile_07781.png,11
arctic_vegetation/20230724_riparianshrub32_m3m/WILL/tile_07782.png,11
arctic_vegetation/20230724_riparianshrub32_m3m/WILL/tile_07783.png,11
arctic_vegetation/20230724_riparianshrub32_m3m/WILL/tile_07784.png,11
arctic_vegetation/20230724_riparianshrub32_m3m/WILL/tile_07785.png,11
arctic_vegetation/20230724_riparianshrub32_m3m/WILL/tile_07786.png,11
arctic_vegetation/20230724_riparianshrub32_m3m/WILL/tile_07787.png,11
arctic_vegetation/20230724_riparianshrub32_m3m/WILL/tile_07788.png,11
arctic_vegetation/20230724_riparianshrub32_m3m/WILL/tile_07789.png,11
arctic_vegetation/20230724_riparianshrub32_m3m/WILL/tile_07790.png,11
arctic_vegetation/20230724_riparianshrub32_m3m/WILL/tile_07791.png,11
arctic_vegetation/20230724_riparianshrub32_m3m/WILL/tile_07792.png,11
arctic_vegetation/20230724_riparianshrub32_m3m/WILL/tile_07793.png,11
arctic_vegetation/20230724_riparianshrub32_m3m/WILL/tile_07794.png,11
arctic_vegetation/20230724_riparianshrub32_m3m/WILL/tile_07795.png,11
arctic_vegetation/20230724_riparianshrub32_m3m/WILL/tile_07799.png,11
arctic_vegetation/20230724_riparianshrub32_m3m/WILL/tile_07800.png,11
arctic_vegetation/20230724_riparianshrub32_m3m/WILL/tile_07801.png,11
arctic_vegetation/20230724_riparianshrub32_m3m/WILL/tile_07802.png,11
arctic_vegetation/20230724_riparianshrub32_m3m/WILL/tile_07803.png,11
arctic_vegetation/20230724_riparianshrub32_m3m/WILL/tile_07804.png,11
arctic_vegetation/20230724_riparianshrub32_m3m/WILL/tile_07805.png,11
arctic_vegetation/20230724_riparianshrub32_m3m/WILL/tile_07806.png,11
arctic_vegetation/20230724_riparianshrub32_m3m/WILL/tile_07807.png,11
arctic_vegetation/20230724_riparianshrub32_m3m/BIRC/tile_07815.png,2
arctic_vegetation/20230724_riparianshrub32_m3m/BIRC/tile_07816.png,2
arctic_vegetation/20230724_riparianshrub32_m3m/BIRC/tile_07817.png,2
arctic_vegetation/20230724_riparianshrub32_m3m/WILL/tile_07955.png,11
arctic_vegetation/20230724_riparianshrub32_m3m/WILL/tile_07956.png,11
arctic_vegetation/20230724_riparianshrub32_m3m/WILL/tile_07957.png,11
arctic_vegetation/20230724_riparianshrub32_m3m/WILL/tile_07958.png,11
arctic_vegetation/20230724_riparianshrub32_m3m/WILL/tile_07959.png,11
arctic_vegetation/20230724_riparianshrub32_m3m/WILL/tile_07960.png,11
arctic_vegetation/20230724_riparianshrub32_m3m/WILL/tile_07961.png,11
arctic_vegetation/20230724_riparianshrub32_m3m/WILL/tile_07962.png,11
arctic_vegetation/20230724_riparianshrub32_m3m/WILL/tile_07963.png,11
arctic_vegetation/20230724_riparianshrub32_m3m/WILL/tile_07964.png,11
arctic_vegetation/20230724_riparianshrub32_m3m/WILL/tile_07965.png,11
arctic_vegetation/20230724_riparianshrub32_m3m/WILL/tile_07966.png,11
arctic_vegetation/20230724_riparianshrub32_m3m/WILL/tile_07967.png,11
arctic_vegetation/20230724_riparianshrub32_m3m/WILL/tile_07968.png,11
arctic_vegetation/20230724_riparianshrub32_m3m/WILL/tile_07969.png,11
arctic_vegetation/20230724_riparianshrub32_m3m/WILL/tile_07970.png,11
arctic_vegetation/20230724_riparianshrub32_m3m/WILL/tile_07971.png,11
arctic_vegetation/20230724_riparianshrub32_m3m/WILL/tile_07972.png,11
arctic_vegetation/20230724_riparianshrub32_m3m/WILL/tile_07973.png,11
arctic_vegetation/20230724_riparianshrub32_m3m/WILL/tile_07974.png,11
arctic_vegetation/20230724_riparianshrub32_m3m/WILL/tile_07975.png,11
arctic_vegetation/20230724_riparianshrub32_m3m/WILL/tile_07979.png,11
arctic_vegetation/20230724_riparianshrub32_m3m/WILL/tile_07980.png,11
arctic_vegetation/20230724_riparianshrub32_m3m/WILL/tile_07981.png,11
arctic_vegetation/20230724_riparianshrub32_m3m/WILL/tile_07982.png,11
arctic_vegetation/20230724_riparianshrub32_m3m/WILL/tile_07983.png,11
arctic_vegetation/20230724_riparianshrub32_m3m/WILL/tile_07984.png,11
arctic_vegetation/20230724_riparianshrub32_m3m/WILL/tile_07985.png,11
arctic_vegetation/20230724_riparianshrub32_m3m/WILL/tile_07986.png,11
arctic_vegetation/20230724_riparianshrub32_m3m/WILL/tile_07987.png,11
arctic_vegetation/20230724_riparianshrub32_m3m/BIRC/tile_07995.png,2
arctic_vegetation/20230724_riparianshrub32_m3m/BIRC/tile_07996.png,2
arctic_vegetation/20230724_riparianshrub32_m3m/BIRC/tile_07997.png,2
arctic_vegetation/20230724_riparianshrub32_m3m/WILL/tile_08135.png,11
arctic_vegetation/20230724_riparianshrub32_m3m/WILL/tile_08136.png,11
arctic_vegetation/20230724_riparianshrub32_m3m/WILL/tile_08137.png,11
arctic_vegetation/20230724_riparianshrub32_m3m/WILL/tile_08138.png,11
arctic_vegetation/20230724_riparianshrub32_m3m/WILL/tile_08139.png,11
arctic_vegetation/20230724_riparianshrub32_m3m/WILL/tile_08140.png,11
arctic_vegetation/20230724_riparianshrub32_m3m/WILL/tile_08141.png,11
arctic_vegetation/20230724_riparianshrub32_m3m/WILL/tile_08142.png,11
arctic_vegetation/20230724_riparianshrub32_m3m/WILL/tile_08143.png,11
arctic_vegetation/20230724_riparianshrub32_m3m/WILL/tile_08144.png,11
arctic_vegetation/20230724_riparianshrub32_m3m/WILL/tile_08145.png,11
arctic_vegetation/20230724_riparianshrub32_m3m/WILL/tile_08146.png,11
arctic_vegetation/20230724_riparianshrub32_m3m/WILL/tile_08147.png,11
arctic_vegetation/20230724_riparianshrub32_m3m/WILL/tile_08148.png,11
arctic_vegetation/20230724_riparianshrub32_m3m/WILL/tile_08149.png,11
arctic_vegetation/20230724_riparianshrub32_m3m/WILL/tile_08150.png,11
arctic_vegetation/20230724_riparianshrub32_m3m/WILL/tile_08151.png,11
arctic_vegetation/20230724_riparianshrub32_m3m/WILL/tile_08152.png,11
arctic_vegetation/20230724_riparianshrub32_m3m/WILL/tile_08153.png,11
arctic_vegetation/20230724_riparianshrub32_m3m/WILL/tile_08154.png,11
arctic_vegetation/20230724_riparianshrub32_m3m/WILL/tile_08155.png,11
arctic_vegetation/20230724_riparianshrub32_m3m/WILL/tile_08158.png,11
arctic_vegetation/20230724_riparianshrub32_m3m/WILL/tile_08159.png,11
arctic_vegetation/20230724_riparianshrub32_m3m/WILL/tile_08160.png,11
arctic_vegetation/20230724_riparianshrub32_m3m/WILL/tile_08161.png,11
arctic_vegetation/20230724_riparianshrub32_m3m/WILL/tile_08162.png,11
arctic_vegetation/20230724_riparianshrub32_m3m/WILL/tile_08163.png,11
arctic_vegetation/20230724_riparianshrub32_m3m/WILL/tile_08164.png,11
arctic_vegetation/20230724_riparianshrub32_m3m/WILL/tile_08165.png,11
arctic_vegetation/20230724_riparianshrub32_m3m/WILL/tile_08166.png,11
arctic_vegetation/20230724_riparianshrub32_m3m/WILL/tile_08167.png,11
arctic_vegetation/20230724_riparianshrub32_m3m/WILL/tile_08315.png,11
arctic_vegetation/20230724_riparianshrub32_m3m/WILL/tile_08316.png,11
arctic_vegetation/20230724_riparianshrub32_m3m/WILL/tile_08317.png,11
arctic_vegetation/20230724_riparianshrub32_m3m/WILL/tile_08318.png,11
arctic_vegetation/20230724_riparianshrub32_m3m/WILL/tile_08319.png,11
arctic_vegetation/20230724_riparianshrub32_m3m/WILL/tile_08320.png,11
arctic_vegetation/20230724_riparianshrub32_m3m/WILL/tile_08321.png,11
arctic_vegetation/20230724_riparianshrub32_m3m/WILL/tile_08322.png,11
arctic_vegetation/20230724_riparianshrub32_m3m/WILL/tile_08323.png,11
arctic_vegetation/20230724_riparianshrub32_m3m/WILL/tile_08324.png,11
arctic_vegetation/20230724_riparianshrub32_m3m/WILL/tile_08325.png,11
arctic_vegetation/20230724_riparianshrub32_m3m/WILL/tile_08326.png,11
arctic_vegetation/20230724_riparianshrub32_m3m/WILL/tile_08327.png,11
arctic_vegetation/20230724_riparianshrub32_m3m/WILL/tile_08328.png,11
arctic_vegetation/20230724_riparianshrub32_m3m/WILL/tile_08329.png,11
arctic_vegetation/20230724_riparianshrub32_m3m/WILL/tile_08330.png,11
arctic_vegetation/20230724_riparianshrub32_m3m/WILL/tile_08331.png,11
arctic_vegetation/20230724_riparianshrub32_m3m/WILL/tile_08332.png,11
arctic_vegetation/20230724_riparianshrub32_m3m/WILL/tile_08333.png,11
arctic_vegetation/20230724_riparianshrub32_m3m/WILL/tile_08334.png,11
arctic_vegetation/20230724_riparianshrub32_m3m/WILL/tile_08335.png,11
arctic_vegetation/20230724_riparianshrub32_m3m/WILL/tile_08336.png,11
arctic_vegetation/20230724_riparianshrub32_m3m/WILL/tile_08337.png,11
arctic_vegetation/20230724_riparianshrub32_m3m/WILL/tile_08338.png,11
arctic_vegetation/20230724_riparianshrub32_m3m/WILL/tile_08339.png,11
arctic_vegetation/20230724_riparianshrub32_m3m/WILL/tile_08340.png,11
arctic_vegetation/20230724_riparianshrub32_m3m/WILL/tile_08341.png,11
arctic_vegetation/20230724_riparianshrub32_m3m/WILL/tile_08342.png,11
arctic_vegetation/20230724_riparianshrub32_m3m/WILL/tile_08343.png,11
arctic_vegetation/20230724_riparianshrub32_m3m/WILL/tile_08344.png,11
arctic_vegetation/20230724_riparianshrub32_m3m/WILL/tile_08345.png,11
arctic_vegetation/20230724_riparianshrub32_m3m/WILL/tile_08346.png,11
arctic_vegetation/20230724_riparianshrub32_m3m/WILL/tile_08347.png,11
arctic_vegetation/20230724_riparianshrub32_m3m/WILL/tile_08495.png,11
arctic_vegetation/20230724_riparianshrub32_m3m/WILL/tile_08496.png,11
arctic_vegetation/20230724_riparianshrub32_m3m/WILL/tile_08497.png,11
arctic_vegetation/20230724_riparianshrub32_m3m/WILL/tile_08498.png,11
arctic_vegetation/20230724_riparianshrub32_m3m/WILL/tile_08499.png,11
arctic_vegetation/20230724_riparianshrub32_m3m/WILL/tile_08500.png,11
arctic_vegetation/20230724_riparianshrub32_m3m/WILL/tile_08501.png,11
arctic_vegetation/20230724_riparianshrub32_m3m/WILL/tile_08502.png,11
arctic_vegetation/20230724_riparianshrub32_m3m/WILL/tile_08503.png,11
arctic_vegetation/20230724_riparianshrub32_m3m/WILL/tile_08504.png,11
arctic_vegetation/20230724_riparianshrub32_m3m/WILL/tile_08505.png,11
arctic_vegetation/20230724_riparianshrub32_m3m/WILL/tile_08506.png,11
arctic_vegetation/20230724_riparianshrub32_m3m/WILL/tile_08507.png,11
arctic_vegetation/20230724_riparianshrub32_m3m/WILL/tile_08508.png,11
arctic_vegetation/20230724_riparianshrub32_m3m/WILL/tile_08509.png,11
arctic_vegetation/20230724_riparianshrub32_m3m/WILL/tile_08510.png,11
arctic_vegetation/20230724_riparianshrub32_m3m/WILL/tile_08511.png,11
arctic_vegetation/20230724_riparianshrub32_m3m/WILL/tile_08512.png,11
arctic_vegetation/20230724_riparianshrub32_m3m/WILL/tile_08513.png,11
arctic_vegetation/20230724_riparianshrub32_m3m/WILL/tile_08514.png,11
arctic_vegetation/20230724_riparianshrub32_m3m/WILL/tile_08515.png,11
arctic_vegetation/20230724_riparianshrub32_m3m/WILL/tile_08516.png,11
arctic_vegetation/20230724_riparianshrub32_m3m/WILL/tile_08517.png,11
arctic_vegetation/20230724_riparianshrub32_m3m/WILL/tile_08518.png,11
arctic_vegetation/20230724_riparianshrub32_m3m/WILL/tile_08519.png,11
arctic_vegetation/20230724_riparianshrub32_m3m/WILL/tile_08520.png,11
arctic_vegetation/20230724_riparianshrub32_m3m/WILL/tile_08521.png,11
arctic_vegetation/20230724_riparianshrub32_m3m/WILL/tile_08522.png,11
arctic_vegetation/20230724_riparianshrub32_m3m/WILL/tile_08523.png,11
arctic_vegetation/20230724_riparianshrub32_m3m/WILL/tile_08524.png,11
arctic_vegetation/20230724_riparianshrub32_m3m/WILL/tile_08525.png,11
arctic_vegetation/20230724_riparianshrub32_m3m/WILL/tile_08526.png,11
arctic_vegetation/20230724_riparianshrub32_m3m/WILL/tile_08527.png,11
arctic_vegetation/20230724_riparianshrub32_m3m/WILL/tile_08528.png,11
arctic_vegetation/20230724_riparianshrub32_m3m/WILL/tile_08529.png,11
arctic_vegetation/20230724_riparianshrub32_m3m/WILL/tile_08530.png,11
arctic_vegetation/20230724_riparianshrub32_m3m/WILL/tile_08531.png,11
arctic_vegetation/20230724_riparianshrub32_m3m/WILL/tile_08532.png,11
arctic_vegetation/20230724_riparianshrub32_m3m/WILL/tile_08533.png,11
arctic_vegetation/20230724_riparianshrub32_m3m/WILL/tile_08676.png,11
arctic_vegetation/20230724_riparianshrub32_m3m/WILL/tile_08677.png,11
arctic_vegetation/20230724_riparianshrub32_m3m/WILL/tile_08678.png,11
arctic_vegetation/20230724_riparianshrub32_m3m/WILL/tile_08679.png,11
arctic_vegetation/20230724_riparianshrub32_m3m/WILL/tile_08680.png,11
arctic_vegetation/20230724_riparianshrub32_m3m/WILL/tile_08681.png,11
arctic_vegetation/20230724_riparianshrub32_m3m/WILL/tile_08682.png,11
arctic_vegetation/20230724_riparianshrub32_m3m/WILL/tile_08683.png,11
arctic_vegetation/20230724_riparianshrub32_m3m/WILL/tile_08684.png,11
arctic_vegetation/20230724_riparianshrub32_m3m/WILL/tile_08685.png,11
arctic_vegetation/20230724_riparianshrub32_m3m/WILL/tile_08686.png,11
arctic_vegetation/20230724_riparianshrub32_m3m/WILL/tile_08687.png,11
arctic_vegetation/20230724_riparianshrub32_m3m/WILL/tile_08688.png,11
arctic_vegetation/20230724_riparianshrub32_m3m/WILL/tile_08689.png,11
arctic_vegetation/20230724_riparianshrub32_m3m/WILL/tile_08690.png,11
arctic_vegetation/20230724_riparianshrub32_m3m/WILL/tile_08691.png,11
arctic_vegetation/20230724_riparianshrub32_m3m/WILL/tile_08692.png,11
arctic_vegetation/20230724_riparianshrub32_m3m/WILL/tile_08693.png,11
arctic_vegetation/20230724_riparianshrub32_m3m/WILL/tile_08694.png,11
arctic_vegetation/20230724_riparianshrub32_m3m/WILL/tile_08695.png,11
arctic_vegetation/20230724_riparianshrub32_m3m/WILL/tile_08696.png,11
arctic_vegetation/20230724_riparianshrub32_m3m/WILL/tile_08697.png,11
arctic_vegetation/20230724_riparianshrub32_m3m/WILL/tile_08698.png,11
arctic_vegetation/20230724_riparianshrub32_m3m/WILL/tile_08699.png,11
arctic_vegetation/20230724_riparianshrub32_m3m/WILL/tile_08700.png,11
arctic_vegetation/20230724_riparianshrub32_m3m/WILL/tile_08701.png,11
arctic_vegetation/20230724_riparianshrub32_m3m/WILL/tile_08702.png,11
arctic_vegetation/20230724_riparianshrub32_m3m/WILL/tile_08703.png,11
arctic_vegetation/20230724_riparianshrub32_m3m/WILL/tile_08704.png,11
arctic_vegetation/20230724_riparianshrub32_m3m/WILL/tile_08705.png,11
arctic_vegetation/20230724_riparianshrub32_m3m/WILL/tile_08706.png,11
arctic_vegetation/20230724_riparianshrub32_m3m/WILL/tile_08707.png,11
arctic_vegetation/20230724_riparianshrub32_m3m/WILL/tile_08708.png,11
arctic_vegetation/20230724_riparianshrub32_m3m/WILL/tile_08709.png,11
arctic_vegetation/20230724_riparianshrub32_m3m/WILL/tile_08710.png,11
arctic_vegetation/20230724_riparianshrub32_m3m/WILL/tile_08711.png,11
arctic_vegetation/20230724_riparianshrub32_m3m/WILL/tile_08712.png,11
arctic_vegetation/20230724_riparianshrub32_m3m/WILL/tile_08713.png,11
arctic_vegetation/20230724_riparianshrub32_m3m/WILL/tile_08857.png,11
arctic_vegetation/20230724_riparianshrub32_m3m/WILL/tile_08858.png,11
arctic_vegetation/20230724_riparianshrub32_m3m/WILL/tile_08859.png,11
arctic_vegetation/20230724_riparianshrub32_m3m/WILL/tile_08860.png,11
arctic_vegetation/20230724_riparianshrub32_m3m/WILL/tile_08861.png,11
arctic_vegetation/20230724_riparianshrub32_m3m/WILL/tile_08862.png,11
arctic_vegetation/20230724_riparianshrub32_m3m/WILL/tile_08863.png,11
arctic_vegetation/20230724_riparianshrub32_m3m/WILL/tile_08864.png,11
arctic_vegetation/20230724_riparianshrub32_m3m/WILL/tile_08865.png,11
arctic_vegetation/20230724_riparianshrub32_m3m/WILL/tile_08866.png,11
arctic_vegetation/20230724_riparianshrub32_m3m/WILL/tile_08867.png,11
arctic_vegetation/20230724_riparianshrub32_m3m/WILL/tile_08868.png,11
arctic_vegetation/20230724_riparianshrub32_m3m/WILL/tile_08869.png,11
arctic_vegetation/20230724_riparianshrub32_m3m/WILL/tile_08870.png,11
arctic_vegetation/20230724_riparianshrub32_m3m/WILL/tile_08871.png,11
arctic_vegetation/20230724_riparianshrub32_m3m/WILL/tile_08872.png,11
arctic_vegetation/20230724_riparianshrub32_m3m/WILL/tile_08873.png,11
arctic_vegetation/20230724_riparianshrub32_m3m/WILL/tile_08874.png,11
arctic_vegetation/20230724_riparianshrub32_m3m/WILL/tile_08875.png,11
arctic_vegetation/20230724_riparianshrub32_m3m/WILL/tile_08876.png,11
arctic_vegetation/20230724_riparianshrub32_m3m/WILL/tile_08877.png,11
arctic_vegetation/20230724_riparianshrub32_m3m/WILL/tile_08878.png,11
arctic_vegetation/20230724_riparianshrub32_m3m/WILL/tile_08879.png,11
arctic_vegetation/20230724_riparianshrub32_m3m/WILL/tile_08880.png,11
arctic_vegetation/20230724_riparianshrub32_m3m/WILL/tile_08881.png,11
arctic_vegetation/20230724_riparianshrub32_m3m/WILL/tile_08882.png,11
arctic_vegetation/20230724_riparianshrub32_m3m/WILL/tile_08883.png,11
arctic_vegetation/20230724_riparianshrub32_m3m/WILL/tile_08884.png,11
arctic_vegetation/20230724_riparianshrub32_m3m/WILL/tile_08885.png,11
arctic_vegetation/20230724_riparianshrub32_m3m/WILL/tile_08886.png,11
arctic_vegetation/20230724_riparianshrub32_m3m/WILL/tile_08887.png,11
arctic_vegetation/20230724_riparianshrub32_m3m/WILL/tile_08888.png,11
arctic_vegetation/20230724_riparianshrub32_m3m/WILL/tile_08889.png,11
arctic_vegetation/20230724_riparianshrub32_m3m/WILL/tile_08890.png,11
arctic_vegetation/20230724_riparianshrub32_m3m/WILL/tile_08891.png,11
arctic_vegetation/20230724_riparianshrub32_m3m/WILL/tile_08892.png,11
arctic_vegetation/20230724_riparianshrub32_m3m/WILL/tile_08893.png,11
arctic_vegetation/20230724_riparianshrub32_m3m/WILL/tile_09037.png,11
arctic_vegetation/20230724_riparianshrub32_m3m/WILL/tile_09038.png,11
arctic_vegetation/20230724_riparianshrub32_m3m/WILL/tile_09039.png,11
arctic_vegetation/20230724_riparianshrub32_m3m/WILL/tile_09040.png,11
arctic_vegetation/20230724_riparianshrub32_m3m/WILL/tile_09041.png,11
arctic_vegetation/20230724_riparianshrub32_m3m/WILL/tile_09042.png,11
arctic_vegetation/20230724_riparianshrub32_m3m/WILL/tile_09043.png,11
arctic_vegetation/20230724_riparianshrub32_m3m/WILL/tile_09044.png,11
arctic_vegetation/20230724_riparianshrub32_m3m/WILL/tile_09045.png,11
arctic_vegetation/20230724_riparianshrub32_m3m/WILL/tile_09046.png,11
arctic_vegetation/20230724_riparianshrub32_m3m/WILL/tile_09047.png,11
arctic_vegetation/20230724_riparianshrub32_m3m/WILL/tile_09048.png,11
arctic_vegetation/20230724_riparianshrub32_m3m/WILL/tile_09049.png,11
arctic_vegetation/20230724_riparianshrub32_m3m/WILL/tile_09050.png,11
arctic_vegetation/20230724_riparianshrub32_m3m/WILL/tile_09051.png,11
arctic_vegetation/20230724_riparianshrub32_m3m/WILL/tile_09052.png,11
arctic_vegetation/20230724_riparianshrub32_m3m/WILL/tile_09053.png,11
arctic_vegetation/20230724_riparianshrub32_m3m/WILL/tile_09054.png,11
arctic_vegetation/20230724_riparianshrub32_m3m/WILL/tile_09055.png,11
arctic_vegetation/20230724_riparianshrub32_m3m/WILL/tile_09056.png,11
arctic_vegetation/20230724_riparianshrub32_m3m/WILL/tile_09057.png,11
arctic_vegetation/20230724_riparianshrub32_m3m/WILL/tile_09058.png,11
arctic_vegetation/20230724_riparianshrub32_m3m/WILL/tile_09059.png,11
arctic_vegetation/20230724_riparianshrub32_m3m/WILL/tile_09060.png,11
arctic_vegetation/20230724_riparianshrub32_m3m/WILL/tile_09061.png,11
arctic_vegetation/20230724_riparianshrub32_m3m/WILL/tile_09062.png,11
arctic_vegetation/20230724_riparianshrub32_m3m/WILL/tile_09063.png,11
arctic_vegetation/20230724_riparianshrub32_m3m/WILL/tile_09064.png,11
arctic_vegetation/20230724_riparianshrub32_m3m/WILL/tile_09065.png,11
arctic_vegetation/20230724_riparianshrub32_m3m/WILL/tile_09066.png,11
arctic_vegetation/20230724_riparianshrub32_m3m/WILL/tile_09067.png,11
arctic_vegetation/20230724_riparianshrub32_m3m/WILL/tile_09068.png,11
arctic_vegetation/20230724_riparianshrub32_m3m/WILL/tile_09069.png,11
arctic_vegetation/20230724_riparianshrub32_m3m/WILL/tile_09070.png,11
arctic_vegetation/20230724_riparianshrub32_m3m/WILL/tile_09071.png,11
arctic_vegetation/20230724_riparianshrub32_m3m/WILL/tile_09072.png,11
arctic_vegetation/20230724_riparianshrub32_m3m/WILL/tile_09073.png,11
arctic_vegetation/20230724_riparianshrub32_m3m/WILL/tile_09074.png,11
arctic_vegetation/20230724_riparianshrub32_m3m/WILL/tile_09075.png,11
arctic_vegetation/20230724_riparianshrub32_m3m/WILL/tile_09076.png,11
arctic_vegetation/20230724_riparianshrub32_m3m/WILL/tile_09077.png,11
arctic_vegetation/20230724_riparianshrub32_m3m/WILL/tile_09078.png,11
arctic_vegetation/20230724_riparianshrub32_m3m/WILL/tile_09079.png,11
arctic_vegetation/20230724_riparianshrub32_m3m/WILL/tile_09218.png,11
arctic_vegetation/20230724_riparianshrub32_m3m/WILL/tile_09219.png,11
arctic_vegetation/20230724_riparianshrub32_m3m/WILL/tile_09220.png,11
arctic_vegetation/20230724_riparianshrub32_m3m/WILL/tile_09221.png,11
arctic_vegetation/20230724_riparianshrub32_m3m/WILL/tile_09222.png,11
arctic_vegetation/20230724_riparianshrub32_m3m/WILL/tile_09223.png,11
arctic_vegetation/20230724_riparianshrub32_m3m/WILL/tile_09224.png,11
arctic_vegetation/20230724_riparianshrub32_m3m/WILL/tile_09225.png,11
arctic_vegetation/20230724_riparianshrub32_m3m/WILL/tile_09226.png,11
arctic_vegetation/20230724_riparianshrub32_m3m/WILL/tile_09227.png,11
arctic_vegetation/20230724_riparianshrub32_m3m/WILL/tile_09228.png,11
arctic_vegetation/20230724_riparianshrub32_m3m/WILL/tile_09229.png,11
arctic_vegetation/20230724_riparianshrub32_m3m/WILL/tile_09230.png,11
arctic_vegetation/20230724_riparianshrub32_m3m/WILL/tile_09231.png,11
arctic_vegetation/20230724_riparianshrub32_m3m/WILL/tile_09232.png,11
arctic_vegetation/20230724_riparianshrub32_m3m/WILL/tile_09233.png,11
arctic_vegetation/20230724_riparianshrub32_m3m/WILL/tile_09234.png,11
arctic_vegetation/20230724_riparianshrub32_m3m/WILL/tile_09235.png,11
arctic_vegetation/20230724_riparianshrub32_m3m/WILL/tile_09236.png,11
arctic_vegetation/20230724_riparianshrub32_m3m/WILL/tile_09237.png,11
arctic_vegetation/20230724_riparianshrub32_m3m/WILL/tile_09238.png,11
arctic_vegetation/20230724_riparianshrub32_m3m/WILL/tile_09239.png,11
arctic_vegetation/20230724_riparianshrub32_m3m/WILL/tile_09240.png,11
arctic_vegetation/20230724_riparianshrub32_m3m/WILL/tile_09241.png,11
arctic_vegetation/20230724_riparianshrub32_m3m/WILL/tile_09242.png,11
arctic_vegetation/20230724_riparianshrub32_m3m/WILL/tile_09243.png,11
arctic_vegetation/20230724_riparianshrub32_m3m/WILL/tile_09244.png,11
arctic_vegetation/20230724_riparianshrub32_m3m/WILL/tile_09245.png,11
arctic_vegetation/20230724_riparianshrub32_m3m/WILL/tile_09246.png,11
arctic_vegetation/20230724_riparianshrub32_m3m/WILL/tile_09247.png,11
arctic_vegetation/20230724_riparianshrub32_m3m/WILL/tile_09248.png,11
arctic_vegetation/20230724_riparianshrub32_m3m/WILL/tile_09249.png,11
arctic_vegetation/20230724_riparianshrub32_m3m/WILL/tile_09250.png,11
arctic_vegetation/20230724_riparianshrub32_m3m/WILL/tile_09251.png,11
arctic_vegetation/20230724_riparianshrub32_m3m/WILL/tile_09252.png,11
arctic_vegetation/20230724_riparianshrub32_m3m/WILL/tile_09253.png,11
arctic_vegetation/20230724_riparianshrub32_m3m/WILL/tile_09254.png,11
arctic_vegetation/20230724_riparianshrub32_m3m/WILL/tile_09255.png,11
arctic_vegetation/20230724_riparianshrub32_m3m/WILL/tile_09256.png,11
arctic_vegetation/20230724_riparianshrub32_m3m/WILL/tile_09257.png,11
arctic_vegetation/20230724_riparianshrub32_m3m/WILL/tile_09258.png,11
arctic_vegetation/20230724_riparianshrub32_m3m/WILL/tile_09259.png,11
arctic_vegetation/20230724_riparianshrub32_m3m/WILL/tile_09398.png,11
arctic_vegetation/20230724_riparianshrub32_m3m/WILL/tile_09399.png,11
arctic_vegetation/20230724_riparianshrub32_m3m/WILL/tile_09400.png,11
arctic_vegetation/20230724_riparianshrub32_m3m/WILL/tile_09401.png,11
arctic_vegetation/20230724_riparianshrub32_m3m/WILL/tile_09402.png,11
arctic_vegetation/20230724_riparianshrub32_m3m/WILL/tile_09403.png,11
arctic_vegetation/20230724_riparianshrub32_m3m/WILL/tile_09404.png,11
arctic_vegetation/20230724_riparianshrub32_m3m/WILL/tile_09405.png,11
arctic_vegetation/20230724_riparianshrub32_m3m/WILL/tile_09406.png,11
arctic_vegetation/20230724_riparianshrub32_m3m/WILL/tile_09407.png,11
arctic_vegetation/20230724_riparianshrub32_m3m/WILL/tile_09408.png,11
arctic_vegetation/20230724_riparianshrub32_m3m/WILL/tile_09409.png,11
arctic_vegetation/20230724_riparianshrub32_m3m/WILL/tile_09410.png,11
arctic_vegetation/20230724_riparianshrub32_m3m/WILL/tile_09411.png,11
arctic_vegetation/20230724_riparianshrub32_m3m/WILL/tile_09412.png,11
arctic_vegetation/20230724_riparianshrub32_m3m/WILL/tile_09413.png,11
arctic_vegetation/20230724_riparianshrub32_m3m/WILL/tile_09414.png,11
arctic_vegetation/20230724_riparianshrub32_m3m/WILL/tile_09415.png,11
arctic_vegetation/20230724_riparianshrub32_m3m/WILL/tile_09416.png,11
arctic_vegetation/20230724_riparianshrub32_m3m/WILL/tile_09417.png,11
arctic_vegetation/20230724_riparianshrub32_m3m/WILL/tile_09418.png,11
arctic_vegetation/20230724_riparianshrub32_m3m/WILL/tile_09419.png,11
arctic_vegetation/20230724_riparianshrub32_m3m/WILL/tile_09420.png,11
arctic_vegetation/20230724_riparianshrub32_m3m/WILL/tile_09421.png,11
arctic_vegetation/20230724_riparianshrub32_m3m/WILL/tile_09422.png,11
arctic_vegetation/20230724_riparianshrub32_m3m/WILL/tile_09423.png,11
arctic_vegetation/20230724_riparianshrub32_m3m/WILL/tile_09424.png,11
arctic_vegetation/20230724_riparianshrub32_m3m/WILL/tile_09425.png,11
arctic_vegetation/20230724_riparianshrub32_m3m/WILL/tile_09426.png,11
arctic_vegetation/20230724_riparianshrub32_m3m/WILL/tile_09427.png,11
arctic_vegetation/20230724_riparianshrub32_m3m/WILL/tile_09428.png,11
arctic_vegetation/20230724_riparianshrub32_m3m/WILL/tile_09429.png,11
arctic_vegetation/20230724_riparianshrub32_m3m/WILL/tile_09430.png,11
arctic_vegetation/20230724_riparianshrub32_m3m/WILL/tile_09431.png,11
arctic_vegetation/20230724_riparianshrub32_m3m/WILL/tile_09432.png,11
arctic_vegetation/20230724_riparianshrub32_m3m/WILL/tile_09433.png,11
arctic_vegetation/20230724_riparianshrub32_m3m/WILL/tile_09434.png,11
arctic_vegetation/20230724_riparianshrub32_m3m/WILL/tile_09435.png,11
arctic_vegetation/20230724_riparianshrub32_m3m/WILL/tile_09436.png,11
arctic_vegetation/20230724_riparianshrub32_m3m/WILL/tile_09437.png,11
arctic_vegetation/20230724_riparianshrub32_m3m/WILL/tile_09438.png,11
arctic_vegetation/20230724_riparianshrub32_m3m/WILL/tile_09439.png,11
arctic_vegetation/20230724_riparianshrub32_m3m/WILL/tile_09578.png,11
arctic_vegetation/20230724_riparianshrub32_m3m/WILL/tile_09579.png,11
arctic_vegetation/20230724_riparianshrub32_m3m/WILL/tile_09580.png,11
arctic_vegetation/20230724_riparianshrub32_m3m/WILL/tile_09581.png,11
arctic_vegetation/20230724_riparianshrub32_m3m/WILL/tile_09582.png,11
arctic_vegetation/20230724_riparianshrub32_m3m/WILL/tile_09583.png,11
arctic_vegetation/20230724_riparianshrub32_m3m/WILL/tile_09584.png,11
arctic_vegetation/20230724_riparianshrub32_m3m/WILL/tile_09585.png,11
arctic_vegetation/20230724_riparianshrub32_m3m/WILL/tile_09586.png,11
arctic_vegetation/20230724_riparianshrub32_m3m/WILL/tile_09587.png,11
arctic_vegetation/20230724_riparianshrub32_m3m/WILL/tile_09588.png,11
arctic_vegetation/20230724_riparianshrub32_m3m/WILL/tile_09589.png,11
arctic_vegetation/20230724_riparianshrub32_m3m/WILL/tile_09590.png,11
arctic_vegetation/20230724_riparianshrub32_m3m/WILL/tile_09591.png,11
arctic_vegetation/20230724_riparianshrub32_m3m/WILL/tile_09592.png,11
arctic_vegetation/20230724_riparianshrub32_m3m/WILL/tile_09593.png,11
arctic_vegetation/20230724_riparianshrub32_m3m/WILL/tile_09594.png,11
arctic_vegetation/20230724_riparianshrub32_m3m/WILL/tile_09595.png,11
arctic_vegetation/20230724_riparianshrub32_m3m/WILL/tile_09596.png,11
arctic_vegetation/20230724_riparianshrub32_m3m/WILL/tile_09597.png,11
arctic_vegetation/20230724_riparianshrub32_m3m/WILL/tile_09598.png,11
arctic_vegetation/20230724_riparianshrub32_m3m/WILL/tile_09599.png,11
arctic_vegetation/20230724_riparianshrub32_m3m/WILL/tile_09600.png,11
arctic_vegetation/20230724_riparianshrub32_m3m/WILL/tile_09601.png,11
arctic_vegetation/20230724_riparianshrub32_m3m/WILL/tile_09602.png,11
arctic_vegetation/20230724_riparianshrub32_m3m/WILL/tile_09603.png,11
arctic_vegetation/20230724_riparianshrub32_m3m/WILL/tile_09604.png,11
arctic_vegetation/20230724_riparianshrub32_m3m/WILL/tile_09605.png,11
arctic_vegetation/20230724_riparianshrub32_m3m/WILL/tile_09606.png,11
arctic_vegetation/20230724_riparianshrub32_m3m/WILL/tile_09607.png,11
arctic_vegetation/20230724_riparianshrub32_m3m/WILL/tile_09608.png,11
arctic_vegetation/20230724_riparianshrub32_m3m/ALDE/tile_09609.png,0
arctic_vegetation/20230724_riparianshrub32_m3m/ALDE/tile_09610.png,0
arctic_vegetation/20230724_riparianshrub32_m3m/ALDE/tile_09611.png,0
arctic_vegetation/20230724_riparianshrub32_m3m/ALDE/tile_09612.png,0
arctic_vegetation/20230724_riparianshrub32_m3m/ALDE/tile_09613.png,0
arctic_vegetation/20230724_riparianshrub32_m3m/WILL/tile_09614.png,11
arctic_vegetation/20230724_riparianshrub32_m3m/WILL/tile_09615.png,11
arctic_vegetation/20230724_riparianshrub32_m3m/WILL/tile_09616.png,11
arctic_vegetation/20230724_riparianshrub32_m3m/WILL/tile_09617.png,11
arctic_vegetation/20230724_riparianshrub32_m3m/WILL/tile_09618.png,11
arctic_vegetation/20230724_riparianshrub32_m3m/WILL/tile_09619.png,11
arctic_vegetation/20230724_riparianshrub32_m3m/MOSS/tile_09641.png,5
arctic_vegetation/20230724_riparianshrub32_m3m/MOSS/tile_09642.png,5
arctic_vegetation/20230724_riparianshrub32_m3m/WILL/tile_09759.png,11
arctic_vegetation/20230724_riparianshrub32_m3m/WILL/tile_09760.png,11
arctic_vegetation/20230724_riparianshrub32_m3m/WILL/tile_09761.png,11
arctic_vegetation/20230724_riparianshrub32_m3m/WILL/tile_09762.png,11
arctic_vegetation/20230724_riparianshrub32_m3m/WILL/tile_09763.png,11
arctic_vegetation/20230724_riparianshrub32_m3m/WILL/tile_09764.png,11
arctic_vegetation/20230724_riparianshrub32_m3m/WILL/tile_09765.png,11
arctic_vegetation/20230724_riparianshrub32_m3m/WILL/tile_09766.png,11
arctic_vegetation/20230724_riparianshrub32_m3m/WILL/tile_09767.png,11
arctic_vegetation/20230724_riparianshrub32_m3m/WILL/tile_09768.png,11
arctic_vegetation/20230724_riparianshrub32_m3m/WILL/tile_09769.png,11
arctic_vegetation/20230724_riparianshrub32_m3m/WILL/tile_09770.png,11
arctic_vegetation/20230724_riparianshrub32_m3m/WILL/tile_09771.png,11
arctic_vegetation/20230724_riparianshrub32_m3m/WILL/tile_09772.png,11
arctic_vegetation/20230724_riparianshrub32_m3m/WILL/tile_09773.png,11
arctic_vegetation/20230724_riparianshrub32_m3m/WILL/tile_09774.png,11
arctic_vegetation/20230724_riparianshrub32_m3m/WILL/tile_09775.png,11
arctic_vegetation/20230724_riparianshrub32_m3m/WILL/tile_09776.png,11
arctic_vegetation/20230724_riparianshrub32_m3m/WILL/tile_09777.png,11
arctic_vegetation/20230724_riparianshrub32_m3m/WILL/tile_09778.png,11
arctic_vegetation/20230724_riparianshrub32_m3m/WILL/tile_09779.png,11
arctic_vegetation/20230724_riparianshrub32_m3m/WILL/tile_09780.png,11
arctic_vegetation/20230724_riparianshrub32_m3m/WILL/tile_09781.png,11
arctic_vegetation/20230724_riparianshrub32_m3m/WILL/tile_09782.png,11
arctic_vegetation/20230724_riparianshrub32_m3m/WILL/tile_09783.png,11
arctic_vegetation/20230724_riparianshrub32_m3m/WILL/tile_09784.png,11
arctic_vegetation/20230724_riparianshrub32_m3m/WILL/tile_09785.png,11
arctic_vegetation/20230724_riparianshrub32_m3m/WILL/tile_09786.png,11
arctic_vegetation/20230724_riparianshrub32_m3m/WILL/tile_09787.png,11
arctic_vegetation/20230724_riparianshrub32_m3m/ALDE/tile_09788.png,0
arctic_vegetation/20230724_riparianshrub32_m3m/ALDE/tile_09789.png,0
arctic_vegetation/20230724_riparianshrub32_m3m/ALDE/tile_09790.png,0
arctic_vegetation/20230724_riparianshrub32_m3m/ALDE/tile_09791.png,0
arctic_vegetation/20230724_riparianshrub32_m3m/ALDE/tile_09792.png,0
arctic_vegetation/20230724_riparianshrub32_m3m/WILL/tile_09793.png,11
arctic_vegetation/20230724_riparianshrub32_m3m/ALDE/tile_09794.png,0
arctic_vegetation/20230724_riparianshrub32_m3m/ALDE/tile_09795.png,0
arctic_vegetation/20230724_riparianshrub32_m3m/ALDE/tile_09796.png,0
arctic_vegetation/20230724_riparianshrub32_m3m/ALDE/tile_09797.png,0
arctic_vegetation/20230724_riparianshrub32_m3m/ALDE/tile_09798.png,0
arctic_vegetation/20230724_riparianshrub32_m3m/ALDE/tile_09799.png,0
arctic_vegetation/20230724_riparianshrub32_m3m/ALDE/tile_09800.png,0
arctic_vegetation/20230724_riparianshrub32_m3m/MOSS/tile_09820.png,5
arctic_vegetation/20230724_riparianshrub32_m3m/MOSS/tile_09821.png,5
arctic_vegetation/20230724_riparianshrub32_m3m/MOSS/tile_09822.png,5
arctic_vegetation/20230724_riparianshrub32_m3m/WILL/tile_09938.png,11
arctic_vegetation/20230724_riparianshrub32_m3m/WILL/tile_09939.png,11
arctic_vegetation/20230724_riparianshrub32_m3m/WILL/tile_09940.png,11
arctic_vegetation/20230724_riparianshrub32_m3m/WILL/tile_09941.png,11
arctic_vegetation/20230724_riparianshrub32_m3m/WILL/tile_09942.png,11
arctic_vegetation/20230724_riparianshrub32_m3m/WILL/tile_09943.png,11
arctic_vegetation/20230724_riparianshrub32_m3m/WILL/tile_09944.png,11
arctic_vegetation/20230724_riparianshrub32_m3m/WILL/tile_09945.png,11
arctic_vegetation/20230724_riparianshrub32_m3m/WILL/tile_09946.png,11
arctic_vegetation/20230724_riparianshrub32_m3m/WILL/tile_09947.png,11
arctic_vegetation/20230724_riparianshrub32_m3m/WILL/tile_09948.png,11
arctic_vegetation/20230724_riparianshrub32_m3m/WILL/tile_09949.png,11
arctic_vegetation/20230724_riparianshrub32_m3m/WILL/tile_09950.png,11
arctic_vegetation/20230724_riparianshrub32_m3m/WILL/tile_09951.png,11
arctic_vegetation/20230724_riparianshrub32_m3m/WILL/tile_09952.png,11
arctic_vegetation/20230724_riparianshrub32_m3m/WILL/tile_09953.png,11
arctic_vegetation/20230724_riparianshrub32_m3m/WILL/tile_09954.png,11
arctic_vegetation/20230724_riparianshrub32_m3m/WILL/tile_09955.png,11
arctic_vegetation/20230724_riparianshrub32_m3m/WILL/tile_09956.png,11
arctic_vegetation/20230724_riparianshrub32_m3m/WILL/tile_09957.png,11
arctic_vegetation/20230724_riparianshrub32_m3m/WILL/tile_09958.png,11
arctic_vegetation/20230724_riparianshrub32_m3m/WILL/tile_09959.png,11
arctic_vegetation/20230724_riparianshrub32_m3m/WILL/tile_09960.png,11
arctic_vegetation/20230724_riparianshrub32_m3m/WILL/tile_09961.png,11
arctic_vegetation/20230724_riparianshrub32_m3m/WILL/tile_09962.png,11
arctic_vegetation/20230724_riparianshrub32_m3m/WILL/tile_09963.png,11
arctic_vegetation/20230724_riparianshrub32_m3m/WILL/tile_09964.png,11
arctic_vegetation/20230724_riparianshrub32_m3m/WILL/tile_09965.png,11
arctic_vegetation/20230724_riparianshrub32_m3m/WILL/tile_09966.png,11
arctic_vegetation/20230724_riparianshrub32_m3m/ALDE/tile_09967.png,0
arctic_vegetation/20230724_riparianshrub32_m3m/ALDE/tile_09968.png,0
arctic_vegetation/20230724_riparianshrub32_m3m/WILL/tile_09969.png,11
arctic_vegetation/20230724_riparianshrub32_m3m/WILL/tile_09970.png,11
arctic_vegetation/20230724_riparianshrub32_m3m/ALDE/tile_09971.png,0
arctic_vegetation/20230724_riparianshrub32_m3m/WILL/tile_09972.png,11
arctic_vegetation/20230724_riparianshrub32_m3m/ALDE/tile_09973.png,0
arctic_vegetation/20230724_riparianshrub32_m3m/ALDE/tile_09974.png,0
arctic_vegetation/20230724_riparianshrub32_m3m/ALDE/tile_09975.png,0
arctic_vegetation/20230724_riparianshrub32_m3m/ALDE/tile_09976.png,0
arctic_vegetation/20230724_riparianshrub32_m3m/ALDE/tile_09977.png,0
arctic_vegetation/20230724_riparianshrub32_m3m/ALDE/tile_09978.png,0
arctic_vegetation/20230724_riparianshrub32_m3m/ALDE/tile_09979.png,0
arctic_vegetation/20230724_riparianshrub32_m3m/MOSS/tile_09999.png,5
arctic_vegetation/20230724_riparianshrub32_m3m/MOSS/tile_10000.png,5
arctic_vegetation/20230724_riparianshrub32_m3m/MOSS/tile_10001.png,5
arctic_vegetation/20230724_riparianshrub32_m3m/WILL/tile_10117.png,11
arctic_vegetation/20230724_riparianshrub32_m3m/WILL/tile_10118.png,11
arctic_vegetation/20230724_riparianshrub32_m3m/WILL/tile_10119.png,11
arctic_vegetation/20230724_riparianshrub32_m3m/WILL/tile_10120.png,11
arctic_vegetation/20230724_riparianshrub32_m3m/WILL/tile_10121.png,11
arctic_vegetation/20230724_riparianshrub32_m3m/WILL/tile_10122.png,11
arctic_vegetation/20230724_riparianshrub32_m3m/WILL/tile_10123.png,11
arctic_vegetation/20230724_riparianshrub32_m3m/WILL/tile_10124.png,11
arctic_vegetation/20230724_riparianshrub32_m3m/WILL/tile_10125.png,11
arctic_vegetation/20230724_riparianshrub32_m3m/WILL/tile_10126.png,11
arctic_vegetation/20230724_riparianshrub32_m3m/WILL/tile_10127.png,11
arctic_vegetation/20230724_riparianshrub32_m3m/WILL/tile_10128.png,11
arctic_vegetation/20230724_riparianshrub32_m3m/WILL/tile_10129.png,11
arctic_vegetation/20230724_riparianshrub32_m3m/WILL/tile_10130.png,11
arctic_vegetation/20230724_riparianshrub32_m3m/WILL/tile_10131.png,11
arctic_vegetation/20230724_riparianshrub32_m3m/WILL/tile_10132.png,11
arctic_vegetation/20230724_riparianshrub32_m3m/WILL/tile_10133.png,11
arctic_vegetation/20230724_riparianshrub32_m3m/WILL/tile_10134.png,11
arctic_vegetation/20230724_riparianshrub32_m3m/WILL/tile_10135.png,11
arctic_vegetation/20230724_riparianshrub32_m3m/WILL/tile_10136.png,11
arctic_vegetation/20230724_riparianshrub32_m3m/WILL/tile_10137.png,11
arctic_vegetation/20230724_riparianshrub32_m3m/WILL/tile_10138.png,11
arctic_vegetation/20230724_riparianshrub32_m3m/WILL/tile_10139.png,11
arctic_vegetation/20230724_riparianshrub32_m3m/WILL/tile_10140.png,11
arctic_vegetation/20230724_riparianshrub32_m3m/WILL/tile_10141.png,11
arctic_vegetation/20230724_riparianshrub32_m3m/WILL/tile_10142.png,11
arctic_vegetation/20230724_riparianshrub32_m3m/WILL/tile_10143.png,11
arctic_vegetation/20230724_riparianshrub32_m3m/WILL/tile_10144.png,11
arctic_vegetation/20230724_riparianshrub32_m3m/WILL/tile_10145.png,11
arctic_vegetation/20230724_riparianshrub32_m3m/WILL/tile_10146.png,11
arctic_vegetation/20230724_riparianshrub32_m3m/ALDE/tile_10147.png,0
arctic_vegetation/20230724_riparianshrub32_m3m/WILL/tile_10148.png,11
arctic_vegetation/20230724_riparianshrub32_m3m/WILL/tile_10149.png,11
arctic_vegetation/20230724_riparianshrub32_m3m/ALDE/tile_10150.png,0
arctic_vegetation/20230724_riparianshrub32_m3m/WILL/tile_10151.png,11
arctic_vegetation/20230724_riparianshrub32_m3m/ALDE/tile_10152.png,0
arctic_vegetation/20230724_riparianshrub32_m3m/ALDE/tile_10153.png,0
arctic_vegetation/20230724_riparianshrub32_m3m/ALDE/tile_10154.png,0
arctic_vegetation/20230724_riparianshrub32_m3m/ALDE/tile_10155.png,0
arctic_vegetation/20230724_riparianshrub32_m3m/ALDE/tile_10156.png,0
arctic_vegetation/20230724_riparianshrub32_m3m/ALDE/tile_10157.png,0
arctic_vegetation/20230724_riparianshrub32_m3m/ALDE/tile_10158.png,0
arctic_vegetation/20230724_riparianshrub32_m3m/MOSS/tile_10183.png,5
arctic_vegetation/20230724_riparianshrub32_m3m/MOSS/tile_10184.png,5
arctic_vegetation/20230724_riparianshrub32_m3m/WILL/tile_10296.png,11
arctic_vegetation/20230724_riparianshrub32_m3m/WILL/tile_10297.png,11
arctic_vegetation/20230724_riparianshrub32_m3m/WILL/tile_10298.png,11
arctic_vegetation/20230724_riparianshrub32_m3m/WILL/tile_10299.png,11
arctic_vegetation/20230724_riparianshrub32_m3m/WILL/tile_10300.png,11
arctic_vegetation/20230724_riparianshrub32_m3m/WILL/tile_10301.png,11
arctic_vegetation/20230724_riparianshrub32_m3m/WILL/tile_10302.png,11
arctic_vegetation/20230724_riparianshrub32_m3m/WILL/tile_10303.png,11
arctic_vegetation/20230724_riparianshrub32_m3m/WILL/tile_10304.png,11
arctic_vegetation/20230724_riparianshrub32_m3m/WILL/tile_10305.png,11
arctic_vegetation/20230724_riparianshrub32_m3m/WILL/tile_10306.png,11
arctic_vegetation/20230724_riparianshrub32_m3m/WILL/tile_10307.png,11
arctic_vegetation/20230724_riparianshrub32_m3m/WILL/tile_10308.png,11
arctic_vegetation/20230724_riparianshrub32_m3m/WILL/tile_10309.png,11
arctic_vegetation/20230724_riparianshrub32_m3m/WILL/tile_10310.png,11
arctic_vegetation/20230724_riparianshrub32_m3m/WILL/tile_10311.png,11
arctic_vegetation/20230724_riparianshrub32_m3m/WILL/tile_10312.png,11
arctic_vegetation/20230724_riparianshrub32_m3m/WILL/tile_10313.png,11
arctic_vegetation/20230724_riparianshrub32_m3m/WILL/tile_10314.png,11
arctic_vegetation/20230724_riparianshrub32_m3m/WILL/tile_10315.png,11
arctic_vegetation/20230724_riparianshrub32_m3m/WILL/tile_10316.png,11
arctic_vegetation/20230724_riparianshrub32_m3m/WILL/tile_10317.png,11
arctic_vegetation/20230724_riparianshrub32_m3m/WILL/tile_10318.png,11
arctic_vegetation/20230724_riparianshrub32_m3m/WILL/tile_10319.png,11
arctic_vegetation/20230724_riparianshrub32_m3m/WILL/tile_10320.png,11
arctic_vegetation/20230724_riparianshrub32_m3m/WILL/tile_10321.png,11
arctic_vegetation/20230724_riparianshrub32_m3m/WILL/tile_10322.png,11
arctic_vegetation/20230724_riparianshrub32_m3m/WILL/tile_10323.png,11
arctic_vegetation/20230724_riparianshrub32_m3m/WILL/tile_10324.png,11
arctic_vegetation/20230724_riparianshrub32_m3m/WILL/tile_10325.png,11
arctic_vegetation/20230724_riparianshrub32_m3m/ALDE/tile_10326.png,0
arctic_vegetation/20230724_riparianshrub32_m3m/WILL/tile_10327.png,11
arctic_vegetation/20230724_riparianshrub32_m3m/WILL/tile_10328.png,11
arctic_vegetation/20230724_riparianshrub32_m3m/WILL/tile_10329.png,11
arctic_vegetation/20230724_riparianshrub32_m3m/WILL/tile_10330.png,11
arctic_vegetation/20230724_riparianshrub32_m3m/WILL/tile_10331.png,11
arctic_vegetation/20230724_riparianshrub32_m3m/ALDE/tile_10333.png,0
arctic_vegetation/20230724_riparianshrub32_m3m/ALDE/tile_10334.png,0
arctic_vegetation/20230724_riparianshrub32_m3m/ALDE/tile_10335.png,0
arctic_vegetation/20230724_riparianshrub32_m3m/ALDE/tile_10336.png,0
arctic_vegetation/20230724_riparianshrub32_m3m/MOSS/tile_10353.png,5
arctic_vegetation/20230724_riparianshrub32_m3m/MOSS/tile_10354.png,5
arctic_vegetation/20230724_riparianshrub32_m3m/MOSS/tile_10355.png,5
arctic_vegetation/20230724_riparianshrub32_m3m/MOSS/tile_10359.png,5
arctic_vegetation/20230724_riparianshrub32_m3m/MOSS/tile_10360.png,5
arctic_vegetation/20230724_riparianshrub32_m3m/MOSS/tile_10361.png,5
arctic_vegetation/20230724_riparianshrub32_m3m/MOSS/tile_10362.png,5
arctic_vegetation/20230724_riparianshrub32_m3m/MOSS/tile_10363.png,5
arctic_vegetation/20230724_riparianshrub32_m3m/WILL/tile_10479.png,11
arctic_vegetation/20230724_riparianshrub32_m3m/WILL/tile_10480.png,11
arctic_vegetation/20230724_riparianshrub32_m3m/WILL/tile_10481.png,11
arctic_vegetation/20230724_riparianshrub32_m3m/WILL/tile_10482.png,11
arctic_vegetation/20230724_riparianshrub32_m3m/WILL/tile_10483.png,11
arctic_vegetation/20230724_riparianshrub32_m3m/WILL/tile_10484.png,11
arctic_vegetation/20230724_riparianshrub32_m3m/WILL/tile_10485.png,11
arctic_vegetation/20230724_riparianshrub32_m3m/WILL/tile_10486.png,11
arctic_vegetation/20230724_riparianshrub32_m3m/ALDE/tile_10489.png,0
arctic_vegetation/20230724_riparianshrub32_m3m/ALDE/tile_10490.png,0
arctic_vegetation/20230724_riparianshrub32_m3m/ALDE/tile_10491.png,0
arctic_vegetation/20230724_riparianshrub32_m3m/WILL/tile_10492.png,11
arctic_vegetation/20230724_riparianshrub32_m3m/WILL/tile_10493.png,11
arctic_vegetation/20230724_riparianshrub32_m3m/WILL/tile_10494.png,11
arctic_vegetation/20230724_riparianshrub32_m3m/WILL/tile_10495.png,11
arctic_vegetation/20230724_riparianshrub32_m3m/WILL/tile_10496.png,11
arctic_vegetation/20230724_riparianshrub32_m3m/WILL/tile_10497.png,11
arctic_vegetation/20230724_riparianshrub32_m3m/WILL/tile_10498.png,11
arctic_vegetation/20230724_riparianshrub32_m3m/WILL/tile_10499.png,11
arctic_vegetation/20230724_riparianshrub32_m3m/WILL/tile_10500.png,11
arctic_vegetation/20230724_riparianshrub32_m3m/WILL/tile_10501.png,11
arctic_vegetation/20230724_riparianshrub32_m3m/WILL/tile_10502.png,11
arctic_vegetation/20230724_riparianshrub32_m3m/WILL/tile_10503.png,11
arctic_vegetation/20230724_riparianshrub32_m3m/WILL/tile_10504.png,11
arctic_vegetation/20230724_riparianshrub32_m3m/WILL/tile_10505.png,11
arctic_vegetation/20230724_riparianshrub32_m3m/WILL/tile_10506.png,11
arctic_vegetation/20230724_riparianshrub32_m3m/WILL/tile_10507.png,11
arctic_vegetation/20230724_riparianshrub32_m3m/WILL/tile_10508.png,11
arctic_vegetation/20230724_riparianshrub32_m3m/WILL/tile_10509.png,11
arctic_vegetation/20230724_riparianshrub32_m3m/WILL/tile_10510.png,11
arctic_vegetation/20230724_riparianshrub32_m3m/WILL/tile_10511.png,11
arctic_vegetation/20230724_riparianshrub32_m3m/WILL/tile_10512.png,11
arctic_vegetation/20230724_riparianshrub32_m3m/WILL/tile_10513.png,11
arctic_vegetation/20230724_riparianshrub32_m3m/WILL/tile_10514.png,11
arctic_vegetation/20230724_riparianshrub32_m3m/WILL/tile_10515.png,11
arctic_vegetation/20230724_riparianshrub32_m3m/WILL/tile_10516.png,11
arctic_vegetation/20230724_riparianshrub32_m3m/WILL/tile_10517.png,11
arctic_vegetation/20230724_riparianshrub32_m3m/WILL/tile_10518.png,11
arctic_vegetation/20230724_riparianshrub32_m3m/WILL/tile_10519.png,11
arctic_vegetation/20230724_riparianshrub32_m3m/WILL/tile_10520.png,11
arctic_vegetation/20230724_riparianshrub32_m3m/WILL/tile_10521.png,11
arctic_vegetation/20230724_riparianshrub32_m3m/WILL/tile_10522.png,11
arctic_vegetation/20230724_riparianshrub32_m3m/WILL/tile_10523.png,11
arctic_vegetation/20230724_riparianshrub32_m3m/MOSS/tile_10532.png,5
arctic_vegetation/20230724_riparianshrub32_m3m/MOSS/tile_10533.png,5
arctic_vegetation/20230724_riparianshrub32_m3m/MOSS/tile_10534.png,5
arctic_vegetation/20230724_riparianshrub32_m3m/MOSS/tile_10535.png,5
arctic_vegetation/20230724_riparianshrub32_m3m/MOSS/tile_10539.png,5
arctic_vegetation/20230724_riparianshrub32_m3m/MOSS/tile_10540.png,5
arctic_vegetation/20230724_riparianshrub32_m3m/MOSS/tile_10541.png,5
arctic_vegetation/20230724_riparianshrub32_m3m/MOSS/tile_10542.png,5
arctic_vegetation/20230724_riparianshrub32_m3m/MOSS/tile_10543.png,5
arctic_vegetation/20230724_riparianshrub32_m3m/WILL/tile_10659.png,11
arctic_vegetation/20230724_riparianshrub32_m3m/WILL/tile_10660.png,11
arctic_vegetation/20230724_riparianshrub32_m3m/WILL/tile_10661.png,11
arctic_vegetation/20230724_riparianshrub32_m3m/WILL/tile_10662.png,11
arctic_vegetation/20230724_riparianshrub32_m3m/WILL/tile_10663.png,11
arctic_vegetation/20230724_riparianshrub32_m3m/WILL/tile_10664.png,11
arctic_vegetation/20230724_riparianshrub32_m3m/WILL/tile_10665.png,11
arctic_vegetation/20230724_riparianshrub32_m3m/WILL/tile_10666.png,11
arctic_vegetation/20230724_riparianshrub32_m3m/ALDE/tile_10669.png,0
arctic_vegetation/20230724_riparianshrub32_m3m/ALDE/tile_10670.png,0
arctic_vegetation/20230724_riparianshrub32_m3m/ALDE/tile_10671.png,0
arctic_vegetation/20230724_riparianshrub32_m3m/WILL/tile_10672.png,11
arctic_vegetation/20230724_riparianshrub32_m3m/WILL/tile_10673.png,11
arctic_vegetation/20230724_riparianshrub32_m3m/WILL/tile_10674.png,11
arctic_vegetation/20230724_riparianshrub32_m3m/WILL/tile_10675.png,11
arctic_vegetation/20230724_riparianshrub32_m3m/WILL/tile_10676.png,11
arctic_vegetation/20230724_riparianshrub32_m3m/WILL/tile_10677.png,11
arctic_vegetation/20230724_riparianshrub32_m3m/WILL/tile_10678.png,11
arctic_vegetation/20230724_riparianshrub32_m3m/WILL/tile_10679.png,11
arctic_vegetation/20230724_riparianshrub32_m3m/WILL/tile_10680.png,11
arctic_vegetation/20230724_riparianshrub32_m3m/WILL/tile_10681.png,11
arctic_vegetation/20230724_riparianshrub32_m3m/WILL/tile_10682.png,11
arctic_vegetation/20230724_riparianshrub32_m3m/WILL/tile_10683.png,11
arctic_vegetation/20230724_riparianshrub32_m3m/WILL/tile_10684.png,11
arctic_vegetation/20230724_riparianshrub32_m3m/WILL/tile_10685.png,11
arctic_vegetation/20230724_riparianshrub32_m3m/WILL/tile_10686.png,11
arctic_vegetation/20230724_riparianshrub32_m3m/WILL/tile_10687.png,11
arctic_vegetation/20230724_riparianshrub32_m3m/WILL/tile_10688.png,11
arctic_vegetation/20230724_riparianshrub32_m3m/WILL/tile_10689.png,11
arctic_vegetation/20230724_riparianshrub32_m3m/WILL/tile_10690.png,11
arctic_vegetation/20230724_riparianshrub32_m3m/WILL/tile_10691.png,11
arctic_vegetation/20230724_riparianshrub32_m3m/WILL/tile_10692.png,11
arctic_vegetation/20230724_riparianshrub32_m3m/WILL/tile_10693.png,11
arctic_vegetation/20230724_riparianshrub32_m3m/WILL/tile_10694.png,11
arctic_vegetation/20230724_riparianshrub32_m3m/WILL/tile_10695.png,11
arctic_vegetation/20230724_riparianshrub32_m3m/WILL/tile_10696.png,11
arctic_vegetation/20230724_riparianshrub32_m3m/WILL/tile_10697.png,11
arctic_vegetation/20230724_riparianshrub32_m3m/WILL/tile_10698.png,11
arctic_vegetation/20230724_riparianshrub32_m3m/WILL/tile_10699.png,11
arctic_vegetation/20230724_riparianshrub32_m3m/WILL/tile_10700.png,11
arctic_vegetation/20230724_riparianshrub32_m3m/WILL/tile_10701.png,11
arctic_vegetation/20230724_riparianshrub32_m3m/WILL/tile_10702.png,11
arctic_vegetation/20230724_riparianshrub32_m3m/WILL/tile_10703.png,11
arctic_vegetation/20230724_riparianshrub32_m3m/WILL/tile_10705.png,11
arctic_vegetation/20230724_riparianshrub32_m3m/WILL/tile_10706.png,11
arctic_vegetation/20230724_riparianshrub32_m3m/WILL/tile_10707.png,11
arctic_vegetation/20230724_riparianshrub32_m3m/WILL/tile_10708.png,11
arctic_vegetation/20230724_riparianshrub32_m3m/MOSS/tile_10711.png,5
arctic_vegetation/20230724_riparianshrub32_m3m/MOSS/tile_10712.png,5
arctic_vegetation/20230724_riparianshrub32_m3m/MOSS/tile_10713.png,5
arctic_vegetation/20230724_riparianshrub32_m3m/MOSS/tile_10714.png,5
arctic_vegetation/20230724_riparianshrub32_m3m/MOSS/tile_10715.png,5
arctic_vegetation/20230724_riparianshrub32_m3m/MOSS/tile_10722.png,5
arctic_vegetation/20230724_riparianshrub32_m3m/MOSS/tile_10723.png,5
arctic_vegetation/20230724_riparianshrub32_m3m/WILL/tile_10839.png,11
arctic_vegetation/20230724_riparianshrub32_m3m/WILL/tile_10840.png,11
arctic_vegetation/20230724_riparianshrub32_m3m/WILL/tile_10841.png,11
arctic_vegetation/20230724_riparianshrub32_m3m/WILL/tile_10842.png,11
arctic_vegetation/20230724_riparianshrub32_m3m/WILL/tile_10843.png,11
arctic_vegetation/20230724_riparianshrub32_m3m/WILL/tile_10844.png,11
arctic_vegetation/20230724_riparianshrub32_m3m/WILL/tile_10845.png,11
arctic_vegetation/20230724_riparianshrub32_m3m/WILL/tile_10846.png,11
arctic_vegetation/20230724_riparianshrub32_m3m/ALDE/tile_10849.png,0
arctic_vegetation/20230724_riparianshrub32_m3m/ALDE/tile_10850.png,0
arctic_vegetation/20230724_riparianshrub32_m3m/ALDE/tile_10851.png,0
arctic_vegetation/20230724_riparianshrub32_m3m/WILL/tile_10852.png,11
arctic_vegetation/20230724_riparianshrub32_m3m/WILL/tile_10853.png,11
arctic_vegetation/20230724_riparianshrub32_m3m/WILL/tile_10854.png,11
arctic_vegetation/20230724_riparianshrub32_m3m/WILL/tile_10855.png,11
arctic_vegetation/20230724_riparianshrub32_m3m/WILL/tile_10856.png,11
arctic_vegetation/20230724_riparianshrub32_m3m/WILL/tile_10857.png,11
arctic_vegetation/20230724_riparianshrub32_m3m/WILL/tile_10858.png,11
arctic_vegetation/20230724_riparianshrub32_m3m/WILL/tile_10859.png,11
arctic_vegetation/20230724_riparianshrub32_m3m/WILL/tile_10860.png,11
arctic_vegetation/20230724_riparianshrub32_m3m/WILL/tile_10861.png,11
arctic_vegetation/20230724_riparianshrub32_m3m/WILL/tile_10862.png,11
arctic_vegetation/20230724_riparianshrub32_m3m/WILL/tile_10863.png,11
arctic_vegetation/20230724_riparianshrub32_m3m/WILL/tile_10864.png,11
arctic_vegetation/20230724_riparianshrub32_m3m/WILL/tile_10865.png,11
arctic_vegetation/20230724_riparianshrub32_m3m/WILL/tile_10866.png,11
arctic_vegetation/20230724_riparianshrub32_m3m/WILL/tile_10867.png,11
arctic_vegetation/20230724_riparianshrub32_m3m/WILL/tile_10868.png,11
arctic_vegetation/20230724_riparianshrub32_m3m/WILL/tile_10869.png,11
arctic_vegetation/20230724_riparianshrub32_m3m/WILL/tile_10870.png,11
arctic_vegetation/20230724_riparianshrub32_m3m/WILL/tile_10871.png,11
arctic_vegetation/20230724_riparianshrub32_m3m/WILL/tile_10872.png,11
arctic_vegetation/20230724_riparianshrub32_m3m/WILL/tile_10873.png,11
arctic_vegetation/20230724_riparianshrub32_m3m/WILL/tile_10874.png,11
arctic_vegetation/20230724_riparianshrub32_m3m/WILL/tile_10875.png,11
arctic_vegetation/20230724_riparianshrub32_m3m/WILL/tile_10876.png,11
arctic_vegetation/20230724_riparianshrub32_m3m/WILL/tile_10877.png,11
arctic_vegetation/20230724_riparianshrub32_m3m/WILL/tile_10878.png,11
arctic_vegetation/20230724_riparianshrub32_m3m/WILL/tile_10879.png,11
arctic_vegetation/20230724_riparianshrub32_m3m/WILL/tile_10880.png,11
arctic_vegetation/20230724_riparianshrub32_m3m/WILL/tile_10881.png,11
arctic_vegetation/20230724_riparianshrub32_m3m/WILL/tile_10882.png,11
arctic_vegetation/20230724_riparianshrub32_m3m/WILL/tile_10883.png,11
arctic_vegetation/20230724_riparianshrub32_m3m/WILL/tile_10884.png,11
arctic_vegetation/20230724_riparianshrub32_m3m/WILL/tile_10885.png,11
arctic_vegetation/20230724_riparianshrub32_m3m/WILL/tile_10886.png,11
arctic_vegetation/20230724_riparianshrub32_m3m/WILL/tile_10887.png,11
arctic_vegetation/20230724_riparianshrub32_m3m/WILL/tile_10888.png,11
arctic_vegetation/20230724_riparianshrub32_m3m/MOSS/tile_10891.png,5
arctic_vegetation/20230724_riparianshrub32_m3m/MOSS/tile_10892.png,5
arctic_vegetation/20230724_riparianshrub32_m3m/MOSS/tile_10893.png,5
arctic_vegetation/20230724_riparianshrub32_m3m/MOSS/tile_10894.png,5
arctic_vegetation/20230724_riparianshrub32_m3m/MOSS/tile_10902.png,5
arctic_vegetation/20230724_riparianshrub32_m3m/MOSS/tile_10903.png,5
arctic_vegetation/20230724_riparianshrub32_m3m/WILL/tile_11019.png,11
arctic_vegetation/20230724_riparianshrub32_m3m/WILL/tile_11020.png,11
arctic_vegetation/20230724_riparianshrub32_m3m/WILL/tile_11021.png,11
arctic_vegetation/20230724_riparianshrub32_m3m/WILL/tile_11022.png,11
arctic_vegetation/20230724_riparianshrub32_m3m/WILL/tile_11023.png,11
arctic_vegetation/20230724_riparianshrub32_m3m/WILL/tile_11024.png,11
arctic_vegetation/20230724_riparianshrub32_m3m/WILL/tile_11025.png,11
arctic_vegetation/20230724_riparianshrub32_m3m/WILL/tile_11026.png,11
arctic_vegetation/20230724_riparianshrub32_m3m/ALDE/tile_11027.png,0
arctic_vegetation/20230724_riparianshrub32_m3m/ALDE/tile_11028.png,0
arctic_vegetation/20230724_riparianshrub32_m3m/ALDE/tile_11029.png,0
arctic_vegetation/20230724_riparianshrub32_m3m/ALDE/tile_11030.png,0
arctic_vegetation/20230724_riparianshrub32_m3m/ALDE/tile_11031.png,0
arctic_vegetation/20230724_riparianshrub32_m3m/ALDE/tile_11032.png,0
arctic_vegetation/20230724_riparianshrub32_m3m/WILL/tile_11033.png,11
arctic_vegetation/20230724_riparianshrub32_m3m/WILL/tile_11034.png,11
arctic_vegetation/20230724_riparianshrub32_m3m/WILL/tile_11035.png,11
arctic_vegetation/20230724_riparianshrub32_m3m/WILL/tile_11036.png,11
arctic_vegetation/20230724_riparianshrub32_m3m/WILL/tile_11037.png,11
arctic_vegetation/20230724_riparianshrub32_m3m/WILL/tile_11038.png,11
arctic_vegetation/20230724_riparianshrub32_m3m/WILL/tile_11039.png,11
arctic_vegetation/20230724_riparianshrub32_m3m/WILL/tile_11040.png,11
arctic_vegetation/20230724_riparianshrub32_m3m/WILL/tile_11041.png,11
arctic_vegetation/20230724_riparianshrub32_m3m/WILL/tile_11042.png,11
arctic_vegetation/20230724_riparianshrub32_m3m/WILL/tile_11043.png,11
arctic_vegetation/20230724_riparianshrub32_m3m/WILL/tile_11044.png,11
arctic_vegetation/20230724_riparianshrub32_m3m/WILL/tile_11045.png,11
arctic_vegetation/20230724_riparianshrub32_m3m/WILL/tile_11046.png,11
arctic_vegetation/20230724_riparianshrub32_m3m/WILL/tile_11047.png,11
arctic_vegetation/20230724_riparianshrub32_m3m/WILL/tile_11048.png,11
arctic_vegetation/20230724_riparianshrub32_m3m/WILL/tile_11049.png,11
arctic_vegetation/20230724_riparianshrub32_m3m/WILL/tile_11050.png,11
arctic_vegetation/20230724_riparianshrub32_m3m/WILL/tile_11051.png,11
arctic_vegetation/20230724_riparianshrub32_m3m/WILL/tile_11052.png,11
arctic_vegetation/20230724_riparianshrub32_m3m/WILL/tile_11053.png,11
arctic_vegetation/20230724_riparianshrub32_m3m/WILL/tile_11054.png,11
arctic_vegetation/20230724_riparianshrub32_m3m/WILL/tile_11055.png,11
arctic_vegetation/20230724_riparianshrub32_m3m/WILL/tile_11056.png,11
arctic_vegetation/20230724_riparianshrub32_m3m/WILL/tile_11057.png,11
arctic_vegetation/20230724_riparianshrub32_m3m/WILL/tile_11058.png,11
arctic_vegetation/20230724_riparianshrub32_m3m/WILL/tile_11059.png,11
arctic_vegetation/20230724_riparianshrub32_m3m/WILL/tile_11060.png,11
arctic_vegetation/20230724_riparianshrub32_m3m/WILL/tile_11061.png,11
arctic_vegetation/20230724_riparianshrub32_m3m/WILL/tile_11062.png,11
arctic_vegetation/20230724_riparianshrub32_m3m/WILL/tile_11063.png,11
arctic_vegetation/20230724_riparianshrub32_m3m/WILL/tile_11064.png,11
arctic_vegetation/20230724_riparianshrub32_m3m/WILL/tile_11065.png,11
arctic_vegetation/20230724_riparianshrub32_m3m/WILL/tile_11066.png,11
arctic_vegetation/20230724_riparianshrub32_m3m/WILL/tile_11067.png,11
arctic_vegetation/20230724_riparianshrub32_m3m/WILL/tile_11068.png,11
arctic_vegetation/20230724_riparianshrub32_m3m/MOSS/tile_11073.png,5
arctic_vegetation/20230724_riparianshrub32_m3m/MOSS/tile_11074.png,5
arctic_vegetation/20230724_riparianshrub32_m3m/SEDG/tile_11194.png,9
arctic_vegetation/20230724_riparianshrub32_m3m/SEDG/tile_11195.png,9
arctic_vegetation/20230724_riparianshrub32_m3m/SEDG/tile_11196.png,9
arctic_vegetation/20230724_riparianshrub32_m3m/SEDG/tile_11197.png,9
arctic_vegetation/20230724_riparianshrub32_m3m/SEDG/tile_11198.png,9
arctic_vegetation/20230724_riparianshrub32_m3m/WILL/tile_11199.png,11
arctic_vegetation/20230724_riparianshrub32_m3m/WILL/tile_11200.png,11
arctic_vegetation/20230724_riparianshrub32_m3m/WILL/tile_11201.png,11
arctic_vegetation/20230724_riparianshrub32_m3m/WILL/tile_11202.png,11
arctic_vegetation/20230724_riparianshrub32_m3m/WILL/tile_11203.png,11
arctic_vegetation/20230724_riparianshrub32_m3m/WILL/tile_11204.png,11
arctic_vegetation/20230724_riparianshrub32_m3m/WILL/tile_11205.png,11
arctic_vegetation/20230724_riparianshrub32_m3m/WILL/tile_11206.png,11
arctic_vegetation/20230724_riparianshrub32_m3m/WILL/tile_11207.png,11
arctic_vegetation/20230724_riparianshrub32_m3m/WILL/tile_11208.png,11
arctic_vegetation/20230724_riparianshrub32_m3m/ALDE/tile_11209.png,0
arctic_vegetation/20230724_riparianshrub32_m3m/ALDE/tile_11210.png,0
arctic_vegetation/20230724_riparianshrub32_m3m/ALDE/tile_11211.png,0
arctic_vegetation/20230724_riparianshrub32_m3m/ALDE/tile_11212.png,0
arctic_vegetation/20230724_riparianshrub32_m3m/ALDE/tile_11213.png,0
arctic_vegetation/20230724_riparianshrub32_m3m/WILL/tile_11214.png,11
arctic_vegetation/20230724_riparianshrub32_m3m/WILL/tile_11215.png,11
arctic_vegetation/20230724_riparianshrub32_m3m/ALDE/tile_11216.png,0
arctic_vegetation/20230724_riparianshrub32_m3m/ALDE/tile_11217.png,0
arctic_vegetation/20230724_riparianshrub32_m3m/WILL/tile_11218.png,11
arctic_vegetation/20230724_riparianshrub32_m3m/WILL/tile_11219.png,11
arctic_vegetation/20230724_riparianshrub32_m3m/WILL/tile_11220.png,11
arctic_vegetation/20230724_riparianshrub32_m3m/WILL/tile_11221.png,11
arctic_vegetation/20230724_riparianshrub32_m3m/WILL/tile_11222.png,11
arctic_vegetation/20230724_riparianshrub32_m3m/WILL/tile_11223.png,11
arctic_vegetation/20230724_riparianshrub32_m3m/WILL/tile_11224.png,11
arctic_vegetation/20230724_riparianshrub32_m3m/WILL/tile_11225.png,11
arctic_vegetation/20230724_riparianshrub32_m3m/WILL/tile_11226.png,11
arctic_vegetation/20230724_riparianshrub32_m3m/WILL/tile_11227.png,11
arctic_vegetation/20230724_riparianshrub32_m3m/WILL/tile_11228.png,11
arctic_vegetation/20230724_riparianshrub32_m3m/WILL/tile_11229.png,11
arctic_vegetation/20230724_riparianshrub32_m3m/WILL/tile_11230.png,11
arctic_vegetation/20230724_riparianshrub32_m3m/WILL/tile_11231.png,11
arctic_vegetation/20230724_riparianshrub32_m3m/WILL/tile_11232.png,11
arctic_vegetation/20230724_riparianshrub32_m3m/WILL/tile_11233.png,11
arctic_vegetation/20230724_riparianshrub32_m3m/WILL/tile_11234.png,11
arctic_vegetation/20230724_riparianshrub32_m3m/WILL/tile_11235.png,11
arctic_vegetation/20230724_riparianshrub32_m3m/WILL/tile_11236.png,11
arctic_vegetation/20230724_riparianshrub32_m3m/WILL/tile_11237.png,11
arctic_vegetation/20230724_riparianshrub32_m3m/WILL/tile_11238.png,11
arctic_vegetation/20230724_riparianshrub32_m3m/WILL/tile_11239.png,11
arctic_vegetation/20230724_riparianshrub32_m3m/WILL/tile_11240.png,11
arctic_vegetation/20230724_riparianshrub32_m3m/WILL/tile_11241.png,11
arctic_vegetation/20230724_riparianshrub32_m3m/WILL/tile_11242.png,11
arctic_vegetation/20230724_riparianshrub32_m3m/WILL/tile_11243.png,11
arctic_vegetation/20230724_riparianshrub32_m3m/WILL/tile_11244.png,11
arctic_vegetation/20230724_riparianshrub32_m3m/WILL/tile_11245.png,11
arctic_vegetation/20230724_riparianshrub32_m3m/WILL/tile_11246.png,11
arctic_vegetation/20230724_riparianshrub32_m3m/WILL/tile_11247.png,11
arctic_vegetation/20230724_riparianshrub32_m3m/WILL/tile_11248.png,11
arctic_vegetation/20230724_riparianshrub32_m3m/SEDG/tile_11374.png,9
arctic_vegetation/20230724_riparianshrub32_m3m/SEDG/tile_11375.png,9
arctic_vegetation/20230724_riparianshrub32_m3m/SEDG/tile_11376.png,9
arctic_vegetation/20230724_riparianshrub32_m3m/SEDG/tile_11377.png,9
arctic_vegetation/20230724_riparianshrub32_m3m/SEDG/tile_11378.png,9
arctic_vegetation/20230724_riparianshrub32_m3m/WILL/tile_11379.png,11
arctic_vegetation/20230724_riparianshrub32_m3m/WILL/tile_11380.png,11
arctic_vegetation/20230724_riparianshrub32_m3m/WILL/tile_11381.png,11
arctic_vegetation/20230724_riparianshrub32_m3m/WILL/tile_11382.png,11
arctic_vegetation/20230724_riparianshrub32_m3m/WILL/tile_11383.png,11
arctic_vegetation/20230724_riparianshrub32_m3m/WILL/tile_11384.png,11
arctic_vegetation/20230724_riparianshrub32_m3m/WILL/tile_11385.png,11
arctic_vegetation/20230724_riparianshrub32_m3m/WILL/tile_11386.png,11
arctic_vegetation/20230724_riparianshrub32_m3m/WILL/tile_11387.png,11
arctic_vegetation/20230724_riparianshrub32_m3m/WILL/tile_11388.png,11
arctic_vegetation/20230724_riparianshrub32_m3m/WILL/tile_11389.png,11
arctic_vegetation/20230724_riparianshrub32_m3m/WILL/tile_11390.png,11
arctic_vegetation/20230724_riparianshrub32_m3m/WILL/tile_11391.png,11
arctic_vegetation/20230724_riparianshrub32_m3m/ALDE/tile_11392.png,0
arctic_vegetation/20230724_riparianshrub32_m3m/ALDE/tile_11393.png,0
arctic_vegetation/20230724_riparianshrub32_m3m/WILL/tile_11394.png,11
arctic_vegetation/20230724_riparianshrub32_m3m/WILL/tile_11395.png,11
arctic_vegetation/20230724_riparianshrub32_m3m/WILL/tile_11396.png,11
arctic_vegetation/20230724_riparianshrub32_m3m/WILL/tile_11397.png,11
arctic_vegetation/20230724_riparianshrub32_m3m/WILL/tile_11398.png,11
arctic_vegetation/20230724_riparianshrub32_m3m/WILL/tile_11399.png,11
arctic_vegetation/20230724_riparianshrub32_m3m/WILL/tile_11400.png,11
arctic_vegetation/20230724_riparianshrub32_m3m/WILL/tile_11401.png,11
arctic_vegetation/20230724_riparianshrub32_m3m/WILL/tile_11402.png,11
arctic_vegetation/20230724_riparianshrub32_m3m/WILL/tile_11403.png,11
arctic_vegetation/20230724_riparianshrub32_m3m/WILL/tile_11404.png,11
arctic_vegetation/20230724_riparianshrub32_m3m/WILL/tile_11405.png,11
arctic_vegetation/20230724_riparianshrub32_m3m/WILL/tile_11406.png,11
arctic_vegetation/20230724_riparianshrub32_m3m/WILL/tile_11407.png,11
arctic_vegetation/20230724_riparianshrub32_m3m/WILL/tile_11408.png,11
arctic_vegetation/20230724_riparianshrub32_m3m/WILL/tile_11409.png,11
arctic_vegetation/20230724_riparianshrub32_m3m/WILL/tile_11410.png,11
arctic_vegetation/20230724_riparianshrub32_m3m/WILL/tile_11411.png,11
arctic_vegetation/20230724_riparianshrub32_m3m/WILL/tile_11412.png,11
arctic_vegetation/20230724_riparianshrub32_m3m/WILL/tile_11413.png,11
arctic_vegetation/20230724_riparianshrub32_m3m/WILL/tile_11414.png,11
arctic_vegetation/20230724_riparianshrub32_m3m/WILL/tile_11415.png,11
arctic_vegetation/20230724_riparianshrub32_m3m/WILL/tile_11416.png,11
arctic_vegetation/20230724_riparianshrub32_m3m/WILL/tile_11417.png,11
arctic_vegetation/20230724_riparianshrub32_m3m/WILL/tile_11418.png,11
arctic_vegetation/20230724_riparianshrub32_m3m/WILL/tile_11419.png,11
arctic_vegetation/20230724_riparianshrub32_m3m/WILL/tile_11420.png,11
arctic_vegetation/20230724_riparianshrub32_m3m/WILL/tile_11421.png,11
arctic_vegetation/20230724_riparianshrub32_m3m/WILL/tile_11422.png,11
arctic_vegetation/20230724_riparianshrub32_m3m/WILL/tile_11423.png,11
arctic_vegetation/20230724_riparianshrub32_m3m/WILL/tile_11424.png,11
arctic_vegetation/20230724_riparianshrub32_m3m/WILL/tile_11425.png,11
arctic_vegetation/20230724_riparianshrub32_m3m/WILL/tile_11426.png,11
arctic_vegetation/20230724_riparianshrub32_m3m/SEDG/tile_11555.png,9
arctic_vegetation/20230724_riparianshrub32_m3m/SEDG/tile_11556.png,9
arctic_vegetation/20230724_riparianshrub32_m3m/SEDG/tile_11557.png,9
arctic_vegetation/20230724_riparianshrub32_m3m/SEDG/tile_11558.png,9
arctic_vegetation/20230724_riparianshrub32_m3m/SEDG/tile_11559.png,9
arctic_vegetation/20230724_riparianshrub32_m3m/SEDG/tile_11560.png,9
arctic_vegetation/20230724_riparianshrub32_m3m/WILL/tile_11561.png,11
arctic_vegetation/20230724_riparianshrub32_m3m/WILL/tile_11562.png,11
arctic_vegetation/20230724_riparianshrub32_m3m/WILL/tile_11563.png,11
arctic_vegetation/20230724_riparianshrub32_m3m/WILL/tile_11564.png,11
arctic_vegetation/20230724_riparianshrub32_m3m/WILL/tile_11565.png,11
arctic_vegetation/20230724_riparianshrub32_m3m/WILL/tile_11566.png,11
arctic_vegetation/20230724_riparianshrub32_m3m/WILL/tile_11567.png,11
arctic_vegetation/20230724_riparianshrub32_m3m/WILL/tile_11568.png,11
arctic_vegetation/20230724_riparianshrub32_m3m/WILL/tile_11569.png,11
arctic_vegetation/20230724_riparianshrub32_m3m/WILL/tile_11570.png,11
arctic_vegetation/20230724_riparianshrub32_m3m/WILL/tile_11571.png,11
arctic_vegetation/20230724_riparianshrub32_m3m/ALDE/tile_11572.png,0
arctic_vegetation/20230724_riparianshrub32_m3m/WILL/tile_11573.png,11
arctic_vegetation/20230724_riparianshrub32_m3m/WILL/tile_11574.png,11
arctic_vegetation/20230724_riparianshrub32_m3m/WILL/tile_11575.png,11
arctic_vegetation/20230724_riparianshrub32_m3m/SEDG/tile_11576.png,9
arctic_vegetation/20230724_riparianshrub32_m3m/WILL/tile_11577.png,11
arctic_vegetation/20230724_riparianshrub32_m3m/WILL/tile_11578.png,11
arctic_vegetation/20230724_riparianshrub32_m3m/WILL/tile_11579.png,11
arctic_vegetation/20230724_riparianshrub32_m3m/WILL/tile_11580.png,11
arctic_vegetation/20230724_riparianshrub32_m3m/WILL/tile_11581.png,11
arctic_vegetation/20230724_riparianshrub32_m3m/WILL/tile_11582.png,11
arctic_vegetation/20230724_riparianshrub32_m3m/WILL/tile_11583.png,11
arctic_vegetation/20230724_riparianshrub32_m3m/WILL/tile_11584.png,11
arctic_vegetation/20230724_riparianshrub32_m3m/WILL/tile_11585.png,11
arctic_vegetation/20230724_riparianshrub32_m3m/WILL/tile_11586.png,11
arctic_vegetation/20230724_riparianshrub32_m3m/WILL/tile_11587.png,11
arctic_vegetation/20230724_riparianshrub32_m3m/WILL/tile_11588.png,11
arctic_vegetation/20230724_riparianshrub32_m3m/WILL/tile_11589.png,11
arctic_vegetation/20230724_riparianshrub32_m3m/WILL/tile_11590.png,11
arctic_vegetation/20230724_riparianshrub32_m3m/WILL/tile_11591.png,11
arctic_vegetation/20230724_riparianshrub32_m3m/WILL/tile_11592.png,11
arctic_vegetation/20230724_riparianshrub32_m3m/WILL/tile_11593.png,11
arctic_vegetation/20230724_riparianshrub32_m3m/WILL/tile_11594.png,11
arctic_vegetation/20230724_riparianshrub32_m3m/WILL/tile_11595.png,11
arctic_vegetation/20230724_riparianshrub32_m3m/WILL/tile_11596.png,11
arctic_vegetation/20230724_riparianshrub32_m3m/WILL/tile_11597.png,11
arctic_vegetation/20230724_riparianshrub32_m3m/WILL/tile_11598.png,11
arctic_vegetation/20230724_riparianshrub32_m3m/WILL/tile_11599.png,11
arctic_vegetation/20230724_riparianshrub32_m3m/WILL/tile_11600.png,11
arctic_vegetation/20230724_riparianshrub32_m3m/WILL/tile_11601.png,11
arctic_vegetation/20230724_riparianshrub32_m3m/WILL/tile_11602.png,11
arctic_vegetation/20230724_riparianshrub32_m3m/WILL/tile_11603.png,11
arctic_vegetation/20230724_riparianshrub32_m3m/WILL/tile_11604.png,11
arctic_vegetation/20230724_riparianshrub32_m3m/WILL/tile_11605.png,11
arctic_vegetation/20230724_riparianshrub32_m3m/WILL/tile_11606.png,11
arctic_vegetation/20230724_riparianshrub32_m3m/WILL/tile_11734.png,11
arctic_vegetation/20230724_riparianshrub32_m3m/SEDG/tile_11735.png,9
arctic_vegetation/20230724_riparianshrub32_m3m/SEDG/tile_11736.png,9
arctic_vegetation/20230724_riparianshrub32_m3m/SEDG/tile_11737.png,9
arctic_vegetation/20230724_riparianshrub32_m3m/SEDG/tile_11738.png,9
arctic_vegetation/20230724_riparianshrub32_m3m/SEDG/tile_11739.png,9
arctic_vegetation/20230724_riparianshrub32_m3m/SEDG/tile_11740.png,9
arctic_vegetation/20230724_riparianshrub32_m3m/WILL/tile_11741.png,11
arctic_vegetation/20230724_riparianshrub32_m3m/WILL/tile_11742.png,11
arctic_vegetation/20230724_riparianshrub32_m3m/SEDG/tile_11743.png,9
arctic_vegetation/20230724_riparianshrub32_m3m/WILL/tile_11744.png,11
arctic_vegetation/20230724_riparianshrub32_m3m/WILL/tile_11745.png,11
arctic_vegetation/20230724_riparianshrub32_m3m/WILL/tile_11746.png,11
arctic_vegetation/20230724_riparianshrub32_m3m/WILL/tile_11747.png,11
arctic_vegetation/20230724_riparianshrub32_m3m/WILL/tile_11748.png,11
arctic_vegetation/20230724_riparianshrub32_m3m/WILL/tile_11749.png,11
arctic_vegetation/20230724_riparianshrub32_m3m/WILL/tile_11750.png,11
arctic_vegetation/20230724_riparianshrub32_m3m/WILL/tile_11751.png,11
arctic_vegetation/20230724_riparianshrub32_m3m/WILL/tile_11752.png,11
arctic_vegetation/20230724_riparianshrub32_m3m/WILL/tile_11753.png,11
arctic_vegetation/20230724_riparianshrub32_m3m/WILL/tile_11754.png,11
arctic_vegetation/20230724_riparianshrub32_m3m/WILL/tile_11755.png,11
arctic_vegetation/20230724_riparianshrub32_m3m/WILL/tile_11756.png,11
arctic_vegetation/20230724_riparianshrub32_m3m/WILL/tile_11757.png,11
arctic_vegetation/20230724_riparianshrub32_m3m/WILL/tile_11758.png,11
arctic_vegetation/20230724_riparianshrub32_m3m/WILL/tile_11759.png,11
arctic_vegetation/20230724_riparianshrub32_m3m/WILL/tile_11760.png,11
arctic_vegetation/20230724_riparianshrub32_m3m/WILL/tile_11761.png,11
arctic_vegetation/20230724_riparianshrub32_m3m/WILL/tile_11762.png,11
arctic_vegetation/20230724_riparianshrub32_m3m/WILL/tile_11763.png,11
arctic_vegetation/20230724_riparianshrub32_m3m/WILL/tile_11764.png,11
arctic_vegetation/20230724_riparianshrub32_m3m/WILL/tile_11765.png,11
arctic_vegetation/20230724_riparianshrub32_m3m/WILL/tile_11766.png,11
arctic_vegetation/20230724_riparianshrub32_m3m/WILL/tile_11767.png,11
arctic_vegetation/20230724_riparianshrub32_m3m/WILL/tile_11768.png,11
arctic_vegetation/20230724_riparianshrub32_m3m/WILL/tile_11769.png,11
arctic_vegetation/20230724_riparianshrub32_m3m/WILL/tile_11770.png,11
arctic_vegetation/20230724_riparianshrub32_m3m/WILL/tile_11771.png,11
arctic_vegetation/20230724_riparianshrub32_m3m/WILL/tile_11772.png,11
arctic_vegetation/20230724_riparianshrub32_m3m/WILL/tile_11773.png,11
arctic_vegetation/20230724_riparianshrub32_m3m/WILL/tile_11774.png,11
arctic_vegetation/20230724_riparianshrub32_m3m/WILL/tile_11775.png,11
arctic_vegetation/20230724_riparianshrub32_m3m/WILL/tile_11776.png,11
arctic_vegetation/20230724_riparianshrub32_m3m/WILL/tile_11777.png,11
arctic_vegetation/20230724_riparianshrub32_m3m/WILL/tile_11778.png,11
arctic_vegetation/20230724_riparianshrub32_m3m/WILL/tile_11779.png,11
arctic_vegetation/20230724_riparianshrub32_m3m/WILL/tile_11780.png,11
arctic_vegetation/20230724_riparianshrub32_m3m/WILL/tile_11781.png,11
arctic_vegetation/20230724_riparianshrub32_m3m/WILL/tile_11782.png,11
arctic_vegetation/20230724_riparianshrub32_m3m/WILL/tile_11783.png,11
arctic_vegetation/20230724_riparianshrub32_m3m/WILL/tile_11784.png,11
arctic_vegetation/20230724_riparianshrub32_m3m/WILL/tile_11785.png,11
arctic_vegetation/20230724_riparianshrub32_m3m/WILL/tile_11786.png,11
arctic_vegetation/20230724_riparianshrub32_m3m/WILL/tile_11789.png,11
arctic_vegetation/20230724_riparianshrub32_m3m/WILL/tile_11790.png,11
arctic_vegetation/20230724_riparianshrub32_m3m/SEDG/tile_11792.png,9
arctic_vegetation/20230724_riparianshrub32_m3m/SEDG/tile_11793.png,9
arctic_vegetation/20230724_riparianshrub32_m3m/WILL/tile_11914.png,11
arctic_vegetation/20230724_riparianshrub32_m3m/WILL/tile_11915.png,11
arctic_vegetation/20230724_riparianshrub32_m3m/WILL/tile_11916.png,11
arctic_vegetation/20230724_riparianshrub32_m3m/WILL/tile_11917.png,11
arctic_vegetation/20230724_riparianshrub32_m3m/WILL/tile_11918.png,11
arctic_vegetation/20230724_riparianshrub32_m3m/WILL/tile_11919.png,11
arctic_vegetation/20230724_riparianshrub32_m3m/SEDG/tile_11920.png,9
arctic_vegetation/20230724_riparianshrub32_m3m/WILL/tile_11921.png,11
arctic_vegetation/20230724_riparianshrub32_m3m/WILL/tile_11922.png,11
arctic_vegetation/20230724_riparianshrub32_m3m/WILL/tile_11923.png,11
arctic_vegetation/20230724_riparianshrub32_m3m/WILL/tile_11924.png,11
arctic_vegetation/20230724_riparianshrub32_m3m/WILL/tile_11925.png,11
arctic_vegetation/20230724_riparianshrub32_m3m/WILL/tile_11926.png,11
arctic_vegetation/20230724_riparianshrub32_m3m/WILL/tile_11927.png,11
arctic_vegetation/20230724_riparianshrub32_m3m/WILL/tile_11928.png,11
arctic_vegetation/20230724_riparianshrub32_m3m/WILL/tile_11929.png,11
arctic_vegetation/20230724_riparianshrub32_m3m/WILL/tile_11930.png,11
arctic_vegetation/20230724_riparianshrub32_m3m/WILL/tile_11931.png,11
arctic_vegetation/20230724_riparianshrub32_m3m/WILL/tile_11932.png,11
arctic_vegetation/20230724_riparianshrub32_m3m/WILL/tile_11933.png,11
arctic_vegetation/20230724_riparianshrub32_m3m/WILL/tile_11934.png,11
arctic_vegetation/20230724_riparianshrub32_m3m/WILL/tile_11935.png,11
arctic_vegetation/20230724_riparianshrub32_m3m/WILL/tile_11936.png,11
arctic_vegetation/20230724_riparianshrub32_m3m/WILL/tile_11937.png,11
arctic_vegetation/20230724_riparianshrub32_m3m/WILL/tile_11938.png,11
arctic_vegetation/20230724_riparianshrub32_m3m/WILL/tile_11939.png,11
arctic_vegetation/20230724_riparianshrub32_m3m/WILL/tile_11940.png,11
arctic_vegetation/20230724_riparianshrub32_m3m/WILL/tile_11941.png,11
arctic_vegetation/20230724_riparianshrub32_m3m/WILL/tile_11942.png,11
arctic_vegetation/20230724_riparianshrub32_m3m/WILL/tile_11943.png,11
arctic_vegetation/20230724_riparianshrub32_m3m/WILL/tile_11944.png,11
arctic_vegetation/20230724_riparianshrub32_m3m/WILL/tile_11945.png,11
arctic_vegetation/20230724_riparianshrub32_m3m/ALDE/tile_11946.png,0
arctic_vegetation/20230724_riparianshrub32_m3m/WILL/tile_11947.png,11
arctic_vegetation/20230724_riparianshrub32_m3m/WILL/tile_11948.png,11
arctic_vegetation/20230724_riparianshrub32_m3m/WILL/tile_11949.png,11
arctic_vegetation/20230724_riparianshrub32_m3m/WILL/tile_11950.png,11
arctic_vegetation/20230724_riparianshrub32_m3m/WILL/tile_11951.png,11
arctic_vegetation/20230724_riparianshrub32_m3m/WILL/tile_11952.png,11
arctic_vegetation/20230724_riparianshrub32_m3m/WILL/tile_11953.png,11
arctic_vegetation/20230724_riparianshrub32_m3m/WILL/tile_11954.png,11
arctic_vegetation/20230724_riparianshrub32_m3m/WILL/tile_11955.png,11
arctic_vegetation/20230724_riparianshrub32_m3m/WILL/tile_11956.png,11
arctic_vegetation/20230724_riparianshrub32_m3m/WILL/tile_11957.png,11
arctic_vegetation/20230724_riparianshrub32_m3m/WILL/tile_11958.png,11
arctic_vegetation/20230724_riparianshrub32_m3m/WILL/tile_11959.png,11
arctic_vegetation/20230724_riparianshrub32_m3m/WILL/tile_11960.png,11
arctic_vegetation/20230724_riparianshrub32_m3m/WILL/tile_11961.png,11
arctic_vegetation/20230724_riparianshrub32_m3m/WILL/tile_11962.png,11
arctic_vegetation/20230724_riparianshrub32_m3m/WILL/tile_11963.png,11
arctic_vegetation/20230724_riparianshrub32_m3m/WILL/tile_11964.png,11
arctic_vegetation/20230724_riparianshrub32_m3m/WILL/tile_11965.png,11
arctic_vegetation/20230724_riparianshrub32_m3m/WILL/tile_11966.png,11
arctic_vegetation/20230724_riparianshrub32_m3m/WILL/tile_11967.png,11
arctic_vegetation/20230724_riparianshrub32_m3m/WILL/tile_11968.png,11
arctic_vegetation/20230724_riparianshrub32_m3m/WILL/tile_11969.png,11
arctic_vegetation/20230724_riparianshrub32_m3m/WILL/tile_11970.png,11
arctic_vegetation/20230724_riparianshrub32_m3m/SEDG/tile_11972.png,9
arctic_vegetation/20230724_riparianshrub32_m3m/SEDG/tile_11973.png,9
arctic_vegetation/20230724_riparianshrub32_m3m/SEDG/tile_11974.png,9
arctic_vegetation/20230724_riparianshrub32_m3m/SEDG/tile_11975.png,9
arctic_vegetation/20230724_riparianshrub32_m3m/SEDG/tile_11976.png,9
arctic_vegetation/20230724_riparianshrub32_m3m/WILL/tile_12095.png,11
arctic_vegetation/20230724_riparianshrub32_m3m/WILL/tile_12096.png,11
arctic_vegetation/20230724_riparianshrub32_m3m/WILL/tile_12097.png,11
arctic_vegetation/20230724_riparianshrub32_m3m/WILL/tile_12098.png,11
arctic_vegetation/20230724_riparianshrub32_m3m/WILL/tile_12099.png,11
arctic_vegetation/20230724_riparianshrub32_m3m/SEDG/tile_12100.png,9
arctic_vegetation/20230724_riparianshrub32_m3m/WILL/tile_12101.png,11
arctic_vegetation/20230724_riparianshrub32_m3m/WILL/tile_12102.png,11
arctic_vegetation/20230724_riparianshrub32_m3m/WILL/tile_12103.png,11
arctic_vegetation/20230724_riparianshrub32_m3m/WILL/tile_12104.png,11
arctic_vegetation/20230724_riparianshrub32_m3m/WILL/tile_12105.png,11
arctic_vegetation/20230724_riparianshrub32_m3m/WILL/tile_12106.png,11
arctic_vegetation/20230724_riparianshrub32_m3m/WILL/tile_12107.png,11
arctic_vegetation/20230724_riparianshrub32_m3m/WILL/tile_12108.png,11
arctic_vegetation/20230724_riparianshrub32_m3m/WILL/tile_12109.png,11
arctic_vegetation/20230724_riparianshrub32_m3m/WILL/tile_12110.png,11
arctic_vegetation/20230724_riparianshrub32_m3m/WILL/tile_12111.png,11
arctic_vegetation/20230724_riparianshrub32_m3m/WILL/tile_12112.png,11
arctic_vegetation/20230724_riparianshrub32_m3m/WILL/tile_12113.png,11
arctic_vegetation/20230724_riparianshrub32_m3m/WILL/tile_12114.png,11
arctic_vegetation/20230724_riparianshrub32_m3m/WILL/tile_12115.png,11
arctic_vegetation/20230724_riparianshrub32_m3m/WILL/tile_12116.png,11
arctic_vegetation/20230724_riparianshrub32_m3m/WILL/tile_12117.png,11
arctic_vegetation/20230724_riparianshrub32_m3m/WILL/tile_12118.png,11
arctic_vegetation/20230724_riparianshrub32_m3m/WILL/tile_12119.png,11
arctic_vegetation/20230724_riparianshrub32_m3m/WILL/tile_12120.png,11
arctic_vegetation/20230724_riparianshrub32_m3m/WILL/tile_12121.png,11
arctic_vegetation/20230724_riparianshrub32_m3m/WILL/tile_12122.png,11
arctic_vegetation/20230724_riparianshrub32_m3m/WILL/tile_12123.png,11
arctic_vegetation/20230724_riparianshrub32_m3m/WILL/tile_12124.png,11
arctic_vegetation/20230724_riparianshrub32_m3m/WILL/tile_12125.png,11
arctic_vegetation/20230724_riparianshrub32_m3m/ALDE/tile_12126.png,0
arctic_vegetation/20230724_riparianshrub32_m3m/WILL/tile_12127.png,11
arctic_vegetation/20230724_riparianshrub32_m3m/WILL/tile_12128.png,11
arctic_vegetation/20230724_riparianshrub32_m3m/WILL/tile_12129.png,11
arctic_vegetation/20230724_riparianshrub32_m3m/WILL/tile_12130.png,11
arctic_vegetation/20230724_riparianshrub32_m3m/WILL/tile_12131.png,11
arctic_vegetation/20230724_riparianshrub32_m3m/WILL/tile_12132.png,11
arctic_vegetation/20230724_riparianshrub32_m3m/ALDE/tile_12133.png,0
arctic_vegetation/20230724_riparianshrub32_m3m/WILL/tile_12134.png,11
arctic_vegetation/20230724_riparianshrub32_m3m/WILL/tile_12135.png,11
arctic_vegetation/20230724_riparianshrub32_m3m/ALDE/tile_12136.png,0
arctic_vegetation/20230724_riparianshrub32_m3m/WILL/tile_12137.png,11
arctic_vegetation/20230724_riparianshrub32_m3m/WILL/tile_12138.png,11
arctic_vegetation/20230724_riparianshrub32_m3m/WILL/tile_12139.png,11
arctic_vegetation/20230724_riparianshrub32_m3m/WILL/tile_12140.png,11
arctic_vegetation/20230724_riparianshrub32_m3m/WILL/tile_12141.png,11
arctic_vegetation/20230724_riparianshrub32_m3m/WILL/tile_12142.png,11
arctic_vegetation/20230724_riparianshrub32_m3m/WILL/tile_12143.png,11
arctic_vegetation/20230724_riparianshrub32_m3m/WILL/tile_12144.png,11
arctic_vegetation/20230724_riparianshrub32_m3m/WILL/tile_12145.png,11
arctic_vegetation/20230724_riparianshrub32_m3m/WILL/tile_12146.png,11
arctic_vegetation/20230724_riparianshrub32_m3m/WILL/tile_12147.png,11
arctic_vegetation/20230724_riparianshrub32_m3m/WILL/tile_12148.png,11
arctic_vegetation/20230724_riparianshrub32_m3m/WILL/tile_12149.png,11
arctic_vegetation/20230724_riparianshrub32_m3m/WILL/tile_12150.png,11
arctic_vegetation/20230724_riparianshrub32_m3m/SEDG/tile_12152.png,9
arctic_vegetation/20230724_riparianshrub32_m3m/SEDG/tile_12153.png,9
arctic_vegetation/20230724_riparianshrub32_m3m/SEDG/tile_12154.png,9
arctic_vegetation/20230724_riparianshrub32_m3m/SEDG/tile_12155.png,9
arctic_vegetation/20230724_riparianshrub32_m3m/SEDG/tile_12156.png,9
arctic_vegetation/20230724_riparianshrub32_m3m/SEDG/tile_12157.png,9
arctic_vegetation/20230724_riparianshrub32_m3m/SEDG/tile_12158.png,9
arctic_vegetation/20230724_riparianshrub32_m3m/WILL/tile_12275.png,11
arctic_vegetation/20230724_riparianshrub32_m3m/WILL/tile_12276.png,11
arctic_vegetation/20230724_riparianshrub32_m3m/WILL/tile_12277.png,11
arctic_vegetation/20230724_riparianshrub32_m3m/WILL/tile_12278.png,11
arctic_vegetation/20230724_riparianshrub32_m3m/WILL/tile_12279.png,11
arctic_vegetation/20230724_riparianshrub32_m3m/WILL/tile_12280.png,11
arctic_vegetation/20230724_riparianshrub32_m3m/WILL/tile_12281.png,11
arctic_vegetation/20230724_riparianshrub32_m3m/WILL/tile_12282.png,11
arctic_vegetation/20230724_riparianshrub32_m3m/WILL/tile_12283.png,11
arctic_vegetation/20230724_riparianshrub32_m3m/WILL/tile_12284.png,11
arctic_vegetation/20230724_riparianshrub32_m3m/WILL/tile_12285.png,11
arctic_vegetation/20230724_riparianshrub32_m3m/WILL/tile_12286.png,11
arctic_vegetation/20230724_riparianshrub32_m3m/SEDG/tile_12287.png,9
arctic_vegetation/20230724_riparianshrub32_m3m/WILL/tile_12288.png,11
arctic_vegetation/20230724_riparianshrub32_m3m/WILL/tile_12289.png,11
arctic_vegetation/20230724_riparianshrub32_m3m/WILL/tile_12290.png,11
arctic_vegetation/20230724_riparianshrub32_m3m/WILL/tile_12291.png,11
arctic_vegetation/20230724_riparianshrub32_m3m/WILL/tile_12292.png,11
arctic_vegetation/20230724_riparianshrub32_m3m/WILL/tile_12293.png,11
arctic_vegetation/20230724_riparianshrub32_m3m/WILL/tile_12294.png,11
arctic_vegetation/20230724_riparianshrub32_m3m/WILL/tile_12295.png,11
arctic_vegetation/20230724_riparianshrub32_m3m/WILL/tile_12296.png,11
arctic_vegetation/20230724_riparianshrub32_m3m/WILL/tile_12297.png,11
arctic_vegetation/20230724_riparianshrub32_m3m/WILL/tile_12298.png,11
arctic_vegetation/20230724_riparianshrub32_m3m/WILL/tile_12299.png,11
arctic_vegetation/20230724_riparianshrub32_m3m/WILL/tile_12300.png,11
arctic_vegetation/20230724_riparianshrub32_m3m/WILL/tile_12301.png,11
arctic_vegetation/20230724_riparianshrub32_m3m/WILL/tile_12302.png,11
arctic_vegetation/20230724_riparianshrub32_m3m/WILL/tile_12303.png,11
arctic_vegetation/20230724_riparianshrub32_m3m/ALDE/tile_12304.png,0
arctic_vegetation/20230724_riparianshrub32_m3m/ALDE/tile_12305.png,0
arctic_vegetation/20230724_riparianshrub32_m3m/ALDE/tile_12306.png,0
arctic_vegetation/20230724_riparianshrub32_m3m/ALDE/tile_12307.png,0
arctic_vegetation/20230724_riparianshrub32_m3m/ALDE/tile_12308.png,0
arctic_vegetation/20230724_riparianshrub32_m3m/ALDE/tile_12309.png,0
arctic_vegetation/20230724_riparianshrub32_m3m/WILL/tile_12310.png,11
arctic_vegetation/20230724_riparianshrub32_m3m/WILL/tile_12311.png,11
arctic_vegetation/20230724_riparianshrub32_m3m/WILL/tile_12312.png,11
arctic_vegetation/20230724_riparianshrub32_m3m/ALDE/tile_12313.png,0
arctic_vegetation/20230724_riparianshrub32_m3m/ALDE/tile_12314.png,0
arctic_vegetation/20230724_riparianshrub32_m3m/ALDE/tile_12315.png,0
arctic_vegetation/20230724_riparianshrub32_m3m/ALDE/tile_12316.png,0
arctic_vegetation/20230724_riparianshrub32_m3m/WILL/tile_12317.png,11
arctic_vegetation/20230724_riparianshrub32_m3m/WILL/tile_12318.png,11
arctic_vegetation/20230724_riparianshrub32_m3m/WILL/tile_12319.png,11
arctic_vegetation/20230724_riparianshrub32_m3m/WILL/tile_12320.png,11
arctic_vegetation/20230724_riparianshrub32_m3m/WILL/tile_12321.png,11
arctic_vegetation/20230724_riparianshrub32_m3m/WILL/tile_12322.png,11
arctic_vegetation/20230724_riparianshrub32_m3m/WILL/tile_12323.png,11
arctic_vegetation/20230724_riparianshrub32_m3m/WILL/tile_12324.png,11
arctic_vegetation/20230724_riparianshrub32_m3m/WILL/tile_12325.png,11
arctic_vegetation/20230724_riparianshrub32_m3m/WILL/tile_12326.png,11
arctic_vegetation/20230724_riparianshrub32_m3m/WILL/tile_12327.png,11
arctic_vegetation/20230724_riparianshrub32_m3m/WILL/tile_12328.png,11
arctic_vegetation/20230724_riparianshrub32_m3m/WILL/tile_12329.png,11
arctic_vegetation/20230724_riparianshrub32_m3m/WILL/tile_12330.png,11
arctic_vegetation/20230724_riparianshrub32_m3m/SEDG/tile_12332.png,9
arctic_vegetation/20230724_riparianshrub32_m3m/SEDG/tile_12333.png,9
arctic_vegetation/20230724_riparianshrub32_m3m/SEDG/tile_12334.png,9
arctic_vegetation/20230724_riparianshrub32_m3m/SEDG/tile_12335.png,9
arctic_vegetation/20230724_riparianshrub32_m3m/SEDG/tile_12336.png,9
arctic_vegetation/20230724_riparianshrub32_m3m/SEDG/tile_12337.png,9
arctic_vegetation/20230724_riparianshrub32_m3m/SEDG/tile_12338.png,9
arctic_vegetation/20230724_riparianshrub32_m3m/SEDG/tile_12341.png,9
arctic_vegetation/20230724_riparianshrub32_m3m/SEDG/tile_12342.png,9
arctic_vegetation/20230724_riparianshrub32_m3m/PETF/tile_12455.png,6
arctic_vegetation/20230724_riparianshrub32_m3m/WILL/tile_12456.png,11
arctic_vegetation/20230724_riparianshrub32_m3m/WILL/tile_12457.png,11
arctic_vegetation/20230724_riparianshrub32_m3m/WILL/tile_12458.png,11
arctic_vegetation/20230724_riparianshrub32_m3m/WILL/tile_12459.png,11
arctic_vegetation/20230724_riparianshrub32_m3m/WILL/tile_12460.png,11
arctic_vegetation/20230724_riparianshrub32_m3m/WILL/tile_12461.png,11
arctic_vegetation/20230724_riparianshrub32_m3m/WILL/tile_12462.png,11
arctic_vegetation/20230724_riparianshrub32_m3m/WILL/tile_12463.png,11
arctic_vegetation/20230724_riparianshrub32_m3m/WILL/tile_12464.png,11
arctic_vegetation/20230724_riparianshrub32_m3m/WILL/tile_12465.png,11
arctic_vegetation/20230724_riparianshrub32_m3m/WILL/tile_12466.png,11
arctic_vegetation/20230724_riparianshrub32_m3m/SEDG/tile_12467.png,9
arctic_vegetation/20230724_riparianshrub32_m3m/PETF/tile_12468.png,6
arctic_vegetation/20230724_riparianshrub32_m3m/PETF/tile_12469.png,6
arctic_vegetation/20230724_riparianshrub32_m3m/PETF/tile_12470.png,6
arctic_vegetation/20230724_riparianshrub32_m3m/PETF/tile_12471.png,6
arctic_vegetation/20230724_riparianshrub32_m3m/WILL/tile_12472.png,11
arctic_vegetation/20230724_riparianshrub32_m3m/WILL/tile_12473.png,11
arctic_vegetation/20230724_riparianshrub32_m3m/WILL/tile_12474.png,11
arctic_vegetation/20230724_riparianshrub32_m3m/WILL/tile_12475.png,11
arctic_vegetation/20230724_riparianshrub32_m3m/WILL/tile_12476.png,11
arctic_vegetation/20230724_riparianshrub32_m3m/WILL/tile_12477.png,11
arctic_vegetation/20230724_riparianshrub32_m3m/WILL/tile_12478.png,11
arctic_vegetation/20230724_riparianshrub32_m3m/WILL/tile_12479.png,11
arctic_vegetation/20230724_riparianshrub32_m3m/WILL/tile_12480.png,11
arctic_vegetation/20230724_riparianshrub32_m3m/WILL/tile_12481.png,11
arctic_vegetation/20230724_riparianshrub32_m3m/WILL/tile_12482.png,11
arctic_vegetation/20230724_riparianshrub32_m3m/WILL/tile_12483.png,11
arctic_vegetation/20230724_riparianshrub32_m3m/ALDE/tile_12484.png,0
arctic_vegetation/20230724_riparianshrub32_m3m/ALDE/tile_12485.png,0
arctic_vegetation/20230724_riparianshrub32_m3m/ALDE/tile_12486.png,0
arctic_vegetation/20230724_riparianshrub32_m3m/ALDE/tile_12487.png,0
arctic_vegetation/20230724_riparianshrub32_m3m/ALDE/tile_12488.png,0
arctic_vegetation/20230724_riparianshrub32_m3m/ALDE/tile_12489.png,0
arctic_vegetation/20230724_riparianshrub32_m3m/WILL/tile_12490.png,11
arctic_vegetation/20230724_riparianshrub32_m3m/WILL/tile_12491.png,11
arctic_vegetation/20230724_riparianshrub32_m3m/ALDE/tile_12492.png,0
arctic_vegetation/20230724_riparianshrub32_m3m/ALDE/tile_12493.png,0
arctic_vegetation/20230724_riparianshrub32_m3m/WILL/tile_12494.png,11
arctic_vegetation/20230724_riparianshrub32_m3m/WILL/tile_12495.png,11
arctic_vegetation/20230724_riparianshrub32_m3m/WILL/tile_12496.png,11
arctic_vegetation/20230724_riparianshrub32_m3m/WILL/tile_12497.png,11
arctic_vegetation/20230724_riparianshrub32_m3m/WILL/tile_12498.png,11
arctic_vegetation/20230724_riparianshrub32_m3m/WILL/tile_12499.png,11
arctic_vegetation/20230724_riparianshrub32_m3m/WILL/tile_12500.png,11
arctic_vegetation/20230724_riparianshrub32_m3m/WILL/tile_12501.png,11
arctic_vegetation/20230724_riparianshrub32_m3m/WILL/tile_12502.png,11
arctic_vegetation/20230724_riparianshrub32_m3m/WILL/tile_12503.png,11
arctic_vegetation/20230724_riparianshrub32_m3m/WILL/tile_12504.png,11
arctic_vegetation/20230724_riparianshrub32_m3m/WILL/tile_12505.png,11
arctic_vegetation/20230724_riparianshrub32_m3m/WILL/tile_12506.png,11
arctic_vegetation/20230724_riparianshrub32_m3m/WILL/tile_12507.png,11
arctic_vegetation/20230724_riparianshrub32_m3m/WILL/tile_12508.png,11
arctic_vegetation/20230724_riparianshrub32_m3m/WILL/tile_12509.png,11
arctic_vegetation/20230724_riparianshrub32_m3m/WILL/tile_12510.png,11
arctic_vegetation/20230724_riparianshrub32_m3m/SEDG/tile_12512.png,9
arctic_vegetation/20230724_riparianshrub32_m3m/SEDG/tile_12513.png,9
arctic_vegetation/20230724_riparianshrub32_m3m/SEDG/tile_12514.png,9
arctic_vegetation/20230724_riparianshrub32_m3m/SEDG/tile_12515.png,9
arctic_vegetation/20230724_riparianshrub32_m3m/SEDG/tile_12516.png,9
arctic_vegetation/20230724_riparianshrub32_m3m/SEDG/tile_12517.png,9
arctic_vegetation/20230724_riparianshrub32_m3m/SEDG/tile_12518.png,9
arctic_vegetation/20230724_riparianshrub32_m3m/SEDG/tile_12521.png,9
arctic_vegetation/20230724_riparianshrub32_m3m/SEDG/tile_12522.png,9
arctic_vegetation/20230724_riparianshrub32_m3m/ALDE/tile_12635.png,0
arctic_vegetation/20230724_riparianshrub32_m3m/ALDE/tile_12636.png,0
arctic_vegetation/20230724_riparianshrub32_m3m/ALDE/tile_12637.png,0
arctic_vegetation/20230724_riparianshrub32_m3m/WILL/tile_12638.png,11
arctic_vegetation/20230724_riparianshrub32_m3m/WILL/tile_12639.png,11
arctic_vegetation/20230724_riparianshrub32_m3m/WILL/tile_12640.png,11
arctic_vegetation/20230724_riparianshrub32_m3m/WILL/tile_12641.png,11
arctic_vegetation/20230724_riparianshrub32_m3m/WILL/tile_12642.png,11
arctic_vegetation/20230724_riparianshrub32_m3m/WILL/tile_12643.png,11
arctic_vegetation/20230724_riparianshrub32_m3m/WILL/tile_12644.png,11
arctic_vegetation/20230724_riparianshrub32_m3m/WILL/tile_12645.png,11
arctic_vegetation/20230724_riparianshrub32_m3m/PETF/tile_12646.png,6
arctic_vegetation/20230724_riparianshrub32_m3m/PETF/tile_12647.png,6
arctic_vegetation/20230724_riparianshrub32_m3m/PETF/tile_12648.png,6
arctic_vegetation/20230724_riparianshrub32_m3m/PETF/tile_12649.png,6
arctic_vegetation/20230724_riparianshrub32_m3m/PETF/tile_12650.png,6
arctic_vegetation/20230724_riparianshrub32_m3m/PETF/tile_12651.png,6
arctic_vegetation/20230724_riparianshrub32_m3m/WILL/tile_12652.png,11
arctic_vegetation/20230724_riparianshrub32_m3m/WILL/tile_12653.png,11
arctic_vegetation/20230724_riparianshrub32_m3m/WILL/tile_12654.png,11
arctic_vegetation/20230724_riparianshrub32_m3m/WILL/tile_12655.png,11
arctic_vegetation/20230724_riparianshrub32_m3m/WILL/tile_12656.png,11
arctic_vegetation/20230724_riparianshrub32_m3m/WILL/tile_12657.png,11
arctic_vegetation/20230724_riparianshrub32_m3m/WILL/tile_12658.png,11
arctic_vegetation/20230724_riparianshrub32_m3m/WILL/tile_12659.png,11
arctic_vegetation/20230724_riparianshrub32_m3m/WILL/tile_12660.png,11
arctic_vegetation/20230724_riparianshrub32_m3m/ALDE/tile_12661.png,0
arctic_vegetation/20230724_riparianshrub32_m3m/ALDE/tile_12662.png,0
arctic_vegetation/20230724_riparianshrub32_m3m/ALDE/tile_12663.png,0
arctic_vegetation/20230724_riparianshrub32_m3m/ALDE/tile_12664.png,0
arctic_vegetation/20230724_riparianshrub32_m3m/ALDE/tile_12665.png,0
arctic_vegetation/20230724_riparianshrub32_m3m/ALDE/tile_12666.png,0
arctic_vegetation/20230724_riparianshrub32_m3m/ALDE/tile_12667.png,0
arctic_vegetation/20230724_riparianshrub32_m3m/ALDE/tile_12668.png,0
arctic_vegetation/20230724_riparianshrub32_m3m/ALDE/tile_12669.png,0
arctic_vegetation/20230724_riparianshrub32_m3m/ALDE/tile_12670.png,0
arctic_vegetation/20230724_riparianshrub32_m3m/ALDE/tile_12671.png,0
arctic_vegetation/20230724_riparianshrub32_m3m/ALDE/tile_12672.png,0
arctic_vegetation/20230724_riparianshrub32_m3m/ALDE/tile_12673.png,0
arctic_vegetation/20230724_riparianshrub32_m3m/WILL/tile_12674.png,11
arctic_vegetation/20230724_riparianshrub32_m3m/WILL/tile_12675.png,11
arctic_vegetation/20230724_riparianshrub32_m3m/WILL/tile_12676.png,11
arctic_vegetation/20230724_riparianshrub32_m3m/WILL/tile_12677.png,11
arctic_vegetation/20230724_riparianshrub32_m3m/WILL/tile_12678.png,11
arctic_vegetation/20230724_riparianshrub32_m3m/WILL/tile_12679.png,11
arctic_vegetation/20230724_riparianshrub32_m3m/WILL/tile_12680.png,11
arctic_vegetation/20230724_riparianshrub32_m3m/WILL/tile_12681.png,11
arctic_vegetation/20230724_riparianshrub32_m3m/WILL/tile_12682.png,11
arctic_vegetation/20230724_riparianshrub32_m3m/WILL/tile_12683.png,11
arctic_vegetation/20230724_riparianshrub32_m3m/SEDG/tile_12684.png,9
arctic_vegetation/20230724_riparianshrub32_m3m/WILL/tile_12685.png,11
arctic_vegetation/20230724_riparianshrub32_m3m/WILL/tile_12686.png,11
arctic_vegetation/20230724_riparianshrub32_m3m/WILL/tile_12687.png,11
arctic_vegetation/20230724_riparianshrub32_m3m/WILL/tile_12688.png,11
arctic_vegetation/20230724_riparianshrub32_m3m/WILL/tile_12689.png,11
arctic_vegetation/20230724_riparianshrub32_m3m/WILL/tile_12690.png,11
arctic_vegetation/20230724_riparianshrub32_m3m/SEDG/tile_12692.png,9
arctic_vegetation/20230724_riparianshrub32_m3m/SEDG/tile_12693.png,9
arctic_vegetation/20230724_riparianshrub32_m3m/SEDG/tile_12694.png,9
arctic_vegetation/20230724_riparianshrub32_m3m/SEDG/tile_12695.png,9
arctic_vegetation/20230724_riparianshrub32_m3m/SEDG/tile_12696.png,9
arctic_vegetation/20230724_riparianshrub32_m3m/SEDG/tile_12697.png,9
arctic_vegetation/20230724_riparianshrub32_m3m/SEDG/tile_12698.png,9
arctic_vegetation/20230724_riparianshrub32_m3m/SEDG/tile_12699.png,9
arctic_vegetation/20230724_riparianshrub32_m3m/SEDG/tile_12700.png,9
arctic_vegetation/20230724_riparianshrub32_m3m/SEDG/tile_12701.png,9
arctic_vegetation/20230724_riparianshrub32_m3m/SEDG/tile_12702.png,9
arctic_vegetation/20230724_riparianshrub32_m3m/ALDE/tile_12815.png,0
arctic_vegetation/20230724_riparianshrub32_m3m/ALDE/tile_12816.png,0
arctic_vegetation/20230724_riparianshrub32_m3m/ALDE/tile_12817.png,0
arctic_vegetation/20230724_riparianshrub32_m3m/SEDG/tile_12818.png,9
arctic_vegetation/20230724_riparianshrub32_m3m/WILL/tile_12819.png,11
arctic_vegetation/20230724_riparianshrub32_m3m/WILL/tile_12820.png,11
arctic_vegetation/20230724_riparianshrub32_m3m/WILL/tile_12821.png,11
arctic_vegetation/20230724_riparianshrub32_m3m/WILL/tile_12822.png,11
arctic_vegetation/20230724_riparianshrub32_m3m/WILL/tile_12823.png,11
arctic_vegetation/20230724_riparianshrub32_m3m/SEDG/tile_12824.png,9
arctic_vegetation/20230724_riparianshrub32_m3m/PETF/tile_12825.png,6
arctic_vegetation/20230724_riparianshrub32_m3m/PETF/tile_12826.png,6
arctic_vegetation/20230724_riparianshrub32_m3m/PETF/tile_12827.png,6
arctic_vegetation/20230724_riparianshrub32_m3m/PETF/tile_12828.png,6
arctic_vegetation/20230724_riparianshrub32_m3m/PETF/tile_12829.png,6
arctic_vegetation/20230724_riparianshrub32_m3m/PETF/tile_12830.png,6
arctic_vegetation/20230724_riparianshrub32_m3m/PETF/tile_12831.png,6
arctic_vegetation/20230724_riparianshrub32_m3m/WILL/tile_12832.png,11
arctic_vegetation/20230724_riparianshrub32_m3m/WILL/tile_12833.png,11
arctic_vegetation/20230724_riparianshrub32_m3m/WILL/tile_12834.png,11
arctic_vegetation/20230724_riparianshrub32_m3m/WILL/tile_12835.png,11
arctic_vegetation/20230724_riparianshrub32_m3m/WILL/tile_12836.png,11
arctic_vegetation/20230724_riparianshrub32_m3m/WILL/tile_12837.png,11
arctic_vegetation/20230724_riparianshrub32_m3m/WILL/tile_12838.png,11
arctic_vegetation/20230724_riparianshrub32_m3m/WILL/tile_12839.png,11
arctic_vegetation/20230724_riparianshrub32_m3m/ALDE/tile_12840.png,0
arctic_vegetation/20230724_riparianshrub32_m3m/ALDE/tile_12841.png,0
arctic_vegetation/20230724_riparianshrub32_m3m/ALDE/tile_12842.png,0
arctic_vegetation/20230724_riparianshrub32_m3m/ALDE/tile_12843.png,0
arctic_vegetation/20230724_riparianshrub32_m3m/ALDE/tile_12844.png,0
arctic_vegetation/20230724_riparianshrub32_m3m/ALDE/tile_12845.png,0
arctic_vegetation/20230724_riparianshrub32_m3m/ALDE/tile_12846.png,0
arctic_vegetation/20230724_riparianshrub32_m3m/ALDE/tile_12847.png,0
arctic_vegetation/20230724_riparianshrub32_m3m/WILL/tile_12848.png,11
arctic_vegetation/20230724_riparianshrub32_m3m/WILL/tile_12849.png,11
arctic_vegetation/20230724_riparianshrub32_m3m/WILL/tile_12850.png,11
arctic_vegetation/20230724_riparianshrub32_m3m/ALDE/tile_12851.png,0
arctic_vegetation/20230724_riparianshrub32_m3m/ALDE/tile_12852.png,0
arctic_vegetation/20230724_riparianshrub32_m3m/ALDE/tile_12853.png,0
arctic_vegetation/20230724_riparianshrub32_m3m/WILL/tile_12854.png,11
arctic_vegetation/20230724_riparianshrub32_m3m/WILL/tile_12855.png,11
arctic_vegetation/20230724_riparianshrub32_m3m/WILL/tile_12856.png,11
arctic_vegetation/20230724_riparianshrub32_m3m/WILL/tile_12857.png,11
arctic_vegetation/20230724_riparianshrub32_m3m/WILL/tile_12858.png,11
arctic_vegetation/20230724_riparianshrub32_m3m/WILL/tile_12859.png,11
arctic_vegetation/20230724_riparianshrub32_m3m/WILL/tile_12860.png,11
arctic_vegetation/20230724_riparianshrub32_m3m/WILL/tile_12861.png,11
arctic_vegetation/20230724_riparianshrub32_m3m/WILL/tile_12862.png,11
arctic_vegetation/20230724_riparianshrub32_m3m/WILL/tile_12863.png,11
arctic_vegetation/20230724_riparianshrub32_m3m/SEDG/tile_12864.png,9
arctic_vegetation/20230724_riparianshrub32_m3m/WILL/tile_12865.png,11
arctic_vegetation/20230724_riparianshrub32_m3m/WILL/tile_12866.png,11
arctic_vegetation/20230724_riparianshrub32_m3m/WILL/tile_12867.png,11
arctic_vegetation/20230724_riparianshrub32_m3m/WILL/tile_12868.png,11
arctic_vegetation/20230724_riparianshrub32_m3m/SEDG/tile_12869.png,9
arctic_vegetation/20230724_riparianshrub32_m3m/WILL/tile_12870.png,11
arctic_vegetation/20230724_riparianshrub32_m3m/SEDG/tile_12872.png,9
arctic_vegetation/20230724_riparianshrub32_m3m/SEDG/tile_12873.png,9
arctic_vegetation/20230724_riparianshrub32_m3m/SEDG/tile_12874.png,9
arctic_vegetation/20230724_riparianshrub32_m3m/SEDG/tile_12875.png,9
arctic_vegetation/20230724_riparianshrub32_m3m/SEDG/tile_12876.png,9
arctic_vegetation/20230724_riparianshrub32_m3m/SEDG/tile_12877.png,9
arctic_vegetation/20230724_riparianshrub32_m3m/SEDG/tile_12878.png,9
arctic_vegetation/20230724_riparianshrub32_m3m/SEDG/tile_12879.png,9
arctic_vegetation/20230724_riparianshrub32_m3m/SEDG/tile_12880.png,9
arctic_vegetation/20230724_riparianshrub32_m3m/SEDG/tile_12881.png,9
arctic_vegetation/20230724_riparianshrub32_m3m/SEDG/tile_12882.png,9
arctic_vegetation/20230724_riparianshrub32_m3m/PETF/tile_12999.png,6
arctic_vegetation/20230724_riparianshrub32_m3m/PETF/tile_13000.png,6
arctic_vegetation/20230724_riparianshrub32_m3m/PETF/tile_13001.png,6
arctic_vegetation/20230724_riparianshrub32_m3m/PETF/tile_13002.png,6
arctic_vegetation/20230724_riparianshrub32_m3m/PETF/tile_13003.png,6
arctic_vegetation/20230724_riparianshrub32_m3m/PETF/tile_13004.png,6
arctic_vegetation/20230724_riparianshrub32_m3m/PETF/tile_13005.png,6
arctic_vegetation/20230724_riparianshrub32_m3m/PETF/tile_13006.png,6
arctic_vegetation/20230724_riparianshrub32_m3m/PETF/tile_13007.png,6
arctic_vegetation/20230724_riparianshrub32_m3m/PETF/tile_13008.png,6
arctic_vegetation/20230724_riparianshrub32_m3m/PETF/tile_13009.png,6
arctic_vegetation/20230724_riparianshrub32_m3m/PETF/tile_13010.png,6
arctic_vegetation/20230724_riparianshrub32_m3m/PETF/tile_13011.png,6
arctic_vegetation/20230724_riparianshrub32_m3m/PETF/tile_13012.png,6
arctic_vegetation/20230724_riparianshrub32_m3m/PETF/tile_13013.png,6
arctic_vegetation/20230724_riparianshrub32_m3m/WILL/tile_13014.png,11
arctic_vegetation/20230724_riparianshrub32_m3m/WILL/tile_13015.png,11
arctic_vegetation/20230724_riparianshrub32_m3m/WILL/tile_13016.png,11
arctic_vegetation/20230724_riparianshrub32_m3m/WILL/tile_13017.png,11
arctic_vegetation/20230724_riparianshrub32_m3m/WILL/tile_13018.png,11
arctic_vegetation/20230724_riparianshrub32_m3m/WILL/tile_13019.png,11
arctic_vegetation/20230724_riparianshrub32_m3m/WILL/tile_13020.png,11
arctic_vegetation/20230724_riparianshrub32_m3m/WILL/tile_13021.png,11
arctic_vegetation/20230724_riparianshrub32_m3m/WILL/tile_13022.png,11
arctic_vegetation/20230724_riparianshrub32_m3m/ALDE/tile_13024.png,0
arctic_vegetation/20230724_riparianshrub32_m3m/ALDE/tile_13025.png,0
arctic_vegetation/20230724_riparianshrub32_m3m/WILL/tile_13026.png,11
arctic_vegetation/20230724_riparianshrub32_m3m/WILL/tile_13027.png,11
arctic_vegetation/20230724_riparianshrub32_m3m/WILL/tile_13028.png,11
arctic_vegetation/20230724_riparianshrub32_m3m/WILL/tile_13029.png,11
arctic_vegetation/20230724_riparianshrub32_m3m/WILL/tile_13030.png,11
arctic_vegetation/20230724_riparianshrub32_m3m/ALDE/tile_13031.png,0
arctic_vegetation/20230724_riparianshrub32_m3m/ALDE/tile_13032.png,0
arctic_vegetation/20230724_riparianshrub32_m3m/ALDE/tile_13033.png,0
arctic_vegetation/20230724_riparianshrub32_m3m/ALDE/tile_13034.png,0
arctic_vegetation/20230724_riparianshrub32_m3m/WILL/tile_13035.png,11
arctic_vegetation/20230724_riparianshrub32_m3m/WILL/tile_13036.png,11
arctic_vegetation/20230724_riparianshrub32_m3m/WILL/tile_13037.png,11
arctic_vegetation/20230724_riparianshrub32_m3m/WILL/tile_13038.png,11
arctic_vegetation/20230724_riparianshrub32_m3m/WILL/tile_13039.png,11
arctic_vegetation/20230724_riparianshrub32_m3m/WILL/tile_13040.png,11
arctic_vegetation/20230724_riparianshrub32_m3m/WILL/tile_13041.png,11
arctic_vegetation/20230724_riparianshrub32_m3m/WILL/tile_13042.png,11
arctic_vegetation/20230724_riparianshrub32_m3m/WILL/tile_13043.png,11
arctic_vegetation/20230724_riparianshrub32_m3m/SEDG/tile_13044.png,9
arctic_vegetation/20230724_riparianshrub32_m3m/WILL/tile_13045.png,11
arctic_vegetation/20230724_riparianshrub32_m3m/WILL/tile_13046.png,11
arctic_vegetation/20230724_riparianshrub32_m3m/SEDG/tile_13047.png,9
arctic_vegetation/20230724_riparianshrub32_m3m/SEDG/tile_13048.png,9
arctic_vegetation/20230724_riparianshrub32_m3m/SEDG/tile_13049.png,9
arctic_vegetation/20230724_riparianshrub32_m3m/SEDG/tile_13051.png,9
arctic_vegetation/20230724_riparianshrub32_m3m/SEDG/tile_13052.png,9
arctic_vegetation/20230724_riparianshrub32_m3m/SEDG/tile_13053.png,9
arctic_vegetation/20230724_riparianshrub32_m3m/SEDG/tile_13054.png,9
arctic_vegetation/20230724_riparianshrub32_m3m/SEDG/tile_13055.png,9
arctic_vegetation/20230724_riparianshrub32_m3m/SEDG/tile_13056.png,9
arctic_vegetation/20230724_riparianshrub32_m3m/SEDG/tile_13057.png,9
arctic_vegetation/20230724_riparianshrub32_m3m/SEDG/tile_13058.png,9
arctic_vegetation/20230724_riparianshrub32_m3m/SEDG/tile_13059.png,9
arctic_vegetation/20230724_riparianshrub32_m3m/SEDG/tile_13060.png,9
arctic_vegetation/20230724_riparianshrub32_m3m/PETF/tile_13179.png,6
arctic_vegetation/20230724_riparianshrub32_m3m/PETF/tile_13180.png,6
arctic_vegetation/20230724_riparianshrub32_m3m/SEDG/tile_13181.png,9
arctic_vegetation/20230724_riparianshrub32_m3m/SEDG/tile_13182.png,9
arctic_vegetation/20230724_riparianshrub32_m3m/SEDG/tile_13183.png,9
arctic_vegetation/20230724_riparianshrub32_m3m/PETF/tile_13184.png,6
arctic_vegetation/20230724_riparianshrub32_m3m/PETF/tile_13185.png,6
arctic_vegetation/20230724_riparianshrub32_m3m/PETF/tile_13186.png,6
arctic_vegetation/20230724_riparianshrub32_m3m/PETF/tile_13187.png,6
arctic_vegetation/20230724_riparianshrub32_m3m/PETF/tile_13188.png,6
arctic_vegetation/20230724_riparianshrub32_m3m/PETF/tile_13189.png,6
arctic_vegetation/20230724_riparianshrub32_m3m/PETF/tile_13190.png,6
arctic_vegetation/20230724_riparianshrub32_m3m/PETF/tile_13191.png,6
arctic_vegetation/20230724_riparianshrub32_m3m/PETF/tile_13192.png,6
arctic_vegetation/20230724_riparianshrub32_m3m/PETF/tile_13193.png,6
arctic_vegetation/20230724_riparianshrub32_m3m/PETF/tile_13194.png,6
arctic_vegetation/20230724_riparianshrub32_m3m/PETF/tile_13195.png,6
arctic_vegetation/20230724_riparianshrub32_m3m/WILL/tile_13196.png,11
arctic_vegetation/20230724_riparianshrub32_m3m/WILL/tile_13197.png,11
arctic_vegetation/20230724_riparianshrub32_m3m/WILL/tile_13198.png,11
arctic_vegetation/20230724_riparianshrub32_m3m/WILL/tile_13199.png,11
arctic_vegetation/20230724_riparianshrub32_m3m/WILL/tile_13200.png,11
arctic_vegetation/20230724_riparianshrub32_m3m/WILL/tile_13201.png,11
arctic_vegetation/20230724_riparianshrub32_m3m/WILL/tile_13202.png,11
arctic_vegetation/20230724_riparianshrub32_m3m/PETF/tile_13203.png,6
arctic_vegetation/20230724_riparianshrub32_m3m/WILL/tile_13204.png,11
arctic_vegetation/20230724_riparianshrub32_m3m/WILL/tile_13205.png,11
arctic_vegetation/20230724_riparianshrub32_m3m/WILL/tile_13206.png,11
arctic_vegetation/20230724_riparianshrub32_m3m/WILL/tile_13207.png,11
arctic_vegetation/20230724_riparianshrub32_m3m/ALDE/tile_13209.png,0
arctic_vegetation/20230724_riparianshrub32_m3m/ALDE/tile_13210.png,0
arctic_vegetation/20230724_riparianshrub32_m3m/ALDE/tile_13211.png,0
arctic_vegetation/20230724_riparianshrub32_m3m/ALDE/tile_13212.png,0
arctic_vegetation/20230724_riparianshrub32_m3m/ALDE/tile_13213.png,0
arctic_vegetation/20230724_riparianshrub32_m3m/ALDE/tile_13214.png,0
arctic_vegetation/20230724_riparianshrub32_m3m/SEDG/tile_13215.png,9
arctic_vegetation/20230724_riparianshrub32_m3m/WILL/tile_13216.png,11
arctic_vegetation/20230724_riparianshrub32_m3m/WILL/tile_13217.png,11
arctic_vegetation/20230724_riparianshrub32_m3m/WILL/tile_13218.png,11
arctic_vegetation/20230724_riparianshrub32_m3m/WILL/tile_13219.png,11
arctic_vegetation/20230724_riparianshrub32_m3m/WILL/tile_13220.png,11
arctic_vegetation/20230724_riparianshrub32_m3m/WILL/tile_13221.png,11
arctic_vegetation/20230724_riparianshrub32_m3m/WILL/tile_13222.png,11
arctic_vegetation/20230724_riparianshrub32_m3m/WILL/tile_13223.png,11
arctic_vegetation/20230724_riparianshrub32_m3m/WILL/tile_13224.png,11
arctic_vegetation/20230724_riparianshrub32_m3m/WILL/tile_13225.png,11
arctic_vegetation/20230724_riparianshrub32_m3m/WILL/tile_13226.png,11
arctic_vegetation/20230724_riparianshrub32_m3m/SEDG/tile_13227.png,9
arctic_vegetation/20230724_riparianshrub32_m3m/SEDG/tile_13228.png,9
arctic_vegetation/20230724_riparianshrub32_m3m/SEDG/tile_13229.png,9
arctic_vegetation/20230724_riparianshrub32_m3m/SEDG/tile_13231.png,9
arctic_vegetation/20230724_riparianshrub32_m3m/SEDG/tile_13232.png,9
arctic_vegetation/20230724_riparianshrub32_m3m/SEDG/tile_13233.png,9
arctic_vegetation/20230724_riparianshrub32_m3m/SEDG/tile_13236.png,9
arctic_vegetation/20230724_riparianshrub32_m3m/SEDG/tile_13237.png,9
arctic_vegetation/20230724_riparianshrub32_m3m/SEDG/tile_13238.png,9
arctic_vegetation/20230724_riparianshrub32_m3m/SEDG/tile_13239.png,9
arctic_vegetation/20230724_riparianshrub32_m3m/ALDE/tile_13242.png,0
arctic_vegetation/20230724_riparianshrub32_m3m/ALDE/tile_13243.png,0
arctic_vegetation/20230724_riparianshrub32_m3m/ALDE/tile_13244.png,0
arctic_vegetation/20230724_riparianshrub32_m3m/WILL/tile_13245.png,11
arctic_vegetation/20230724_riparianshrub32_m3m/WILL/tile_13246.png,11
arctic_vegetation/20230724_riparianshrub32_m3m/WILL/tile_13247.png,11
arctic_vegetation/20230724_riparianshrub32_m3m/WILL/tile_13248.png,11
arctic_vegetation/20230724_riparianshrub32_m3m/WILL/tile_13249.png,11
arctic_vegetation/20230724_riparianshrub32_m3m/WILL/tile_13250.png,11
arctic_vegetation/20230724_riparianshrub32_m3m/WILL/tile_13251.png,11
arctic_vegetation/20230724_riparianshrub32_m3m/WILL/tile_13252.png,11
arctic_vegetation/20230724_riparianshrub32_m3m/WILL/tile_13253.png,11
arctic_vegetation/20230724_riparianshrub32_m3m/SEDG/tile_13360.png,9
arctic_vegetation/20230724_riparianshrub32_m3m/SEDG/tile_13361.png,9
arctic_vegetation/20230724_riparianshrub32_m3m/SEDG/tile_13362.png,9
arctic_vegetation/20230724_riparianshrub32_m3m/SEDG/tile_13363.png,9
arctic_vegetation/20230724_riparianshrub32_m3m/SEDG/tile_13364.png,9
arctic_vegetation/20230724_riparianshrub32_m3m/PETF/tile_13365.png,6
arctic_vegetation/20230724_riparianshrub32_m3m/PETF/tile_13366.png,6
arctic_vegetation/20230724_riparianshrub32_m3m/PETF/tile_13367.png,6
arctic_vegetation/20230724_riparianshrub32_m3m/PETF/tile_13368.png,6
arctic_vegetation/20230724_riparianshrub32_m3m/PETF/tile_13369.png,6
arctic_vegetation/20230724_riparianshrub32_m3m/PETF/tile_13370.png,6
arctic_vegetation/20230724_riparianshrub32_m3m/PETF/tile_13371.png,6
arctic_vegetation/20230724_riparianshrub32_m3m/PETF/tile_13372.png,6
arctic_vegetation/20230724_riparianshrub32_m3m/PETF/tile_13373.png,6
arctic_vegetation/20230724_riparianshrub32_m3m/PETF/tile_13374.png,6
arctic_vegetation/20230724_riparianshrub32_m3m/PETF/tile_13375.png,6
arctic_vegetation/20230724_riparianshrub32_m3m/SEDG/tile_13376.png,9
arctic_vegetation/20230724_riparianshrub32_m3m/WILL/tile_13377.png,11
arctic_vegetation/20230724_riparianshrub32_m3m/WILL/tile_13378.png,11
arctic_vegetation/20230724_riparianshrub32_m3m/WILL/tile_13379.png,11
arctic_vegetation/20230724_riparianshrub32_m3m/WILL/tile_13380.png,11
arctic_vegetation/20230724_riparianshrub32_m3m/WILL/tile_13381.png,11
arctic_vegetation/20230724_riparianshrub32_m3m/WILL/tile_13382.png,11
arctic_vegetation/20230724_riparianshrub32_m3m/PETF/tile_13383.png,6
arctic_vegetation/20230724_riparianshrub32_m3m/ALDE/tile_13389.png,0
arctic_vegetation/20230724_riparianshrub32_m3m/ALDE/tile_13390.png,0
arctic_vegetation/20230724_riparianshrub32_m3m/ALDE/tile_13391.png,0
arctic_vegetation/20230724_riparianshrub32_m3m/ALDE/tile_13392.png,0
arctic_vegetation/20230724_riparianshrub32_m3m/ALDE/tile_13393.png,0
arctic_vegetation/20230724_riparianshrub32_m3m/ALDE/tile_13394.png,0
arctic_vegetation/20230724_riparianshrub32_m3m/SEDG/tile_13395.png,9
arctic_vegetation/20230724_riparianshrub32_m3m/WILL/tile_13396.png,11
arctic_vegetation/20230724_riparianshrub32_m3m/WILL/tile_13397.png,11
arctic_vegetation/20230724_riparianshrub32_m3m/WILL/tile_13398.png,11
arctic_vegetation/20230724_riparianshrub32_m3m/WILL/tile_13399.png,11
arctic_vegetation/20230724_riparianshrub32_m3m/WILL/tile_13400.png,11
arctic_vegetation/20230724_riparianshrub32_m3m/WILL/tile_13401.png,11
arctic_vegetation/20230724_riparianshrub32_m3m/WILL/tile_13402.png,11
arctic_vegetation/20230724_riparianshrub32_m3m/WILL/tile_13403.png,11
arctic_vegetation/20230724_riparianshrub32_m3m/WILL/tile_13404.png,11
arctic_vegetation/20230724_riparianshrub32_m3m/WILL/tile_13405.png,11
arctic_vegetation/20230724_riparianshrub32_m3m/WILL/tile_13406.png,11
arctic_vegetation/20230724_riparianshrub32_m3m/SEDG/tile_13407.png,9
arctic_vegetation/20230724_riparianshrub32_m3m/SEDG/tile_13408.png,9
arctic_vegetation/20230724_riparianshrub32_m3m/SEDG/tile_13409.png,9
arctic_vegetation/20230724_riparianshrub32_m3m/SEDG/tile_13410.png,9
arctic_vegetation/20230724_riparianshrub32_m3m/SEDG/tile_13411.png,9
arctic_vegetation/20230724_riparianshrub32_m3m/SEDG/tile_13412.png,9
arctic_vegetation/20230724_riparianshrub32_m3m/SEDG/tile_13413.png,9
arctic_vegetation/20230724_riparianshrub32_m3m/SEDG/tile_13416.png,9
arctic_vegetation/20230724_riparianshrub32_m3m/SEDG/tile_13417.png,9
arctic_vegetation/20230724_riparianshrub32_m3m/SEDG/tile_13418.png,9
arctic_vegetation/20230724_riparianshrub32_m3m/ALDE/tile_13419.png,0
arctic_vegetation/20230724_riparianshrub32_m3m/ALDE/tile_13420.png,0
arctic_vegetation/20230724_riparianshrub32_m3m/ALDE/tile_13421.png,0
arctic_vegetation/20230724_riparianshrub32_m3m/ALDE/tile_13422.png,0
arctic_vegetation/20230724_riparianshrub32_m3m/ALDE/tile_13423.png,0
arctic_vegetation/20230724_riparianshrub32_m3m/ALDE/tile_13424.png,0
arctic_vegetation/20230724_riparianshrub32_m3m/ALDE/tile_13425.png,0
arctic_vegetation/20230724_riparianshrub32_m3m/ALDE/tile_13426.png,0
arctic_vegetation/20230724_riparianshrub32_m3m/WILL/tile_13427.png,11
arctic_vegetation/20230724_riparianshrub32_m3m/WILL/tile_13428.png,11
arctic_vegetation/20230724_riparianshrub32_m3m/WILL/tile_13429.png,11
arctic_vegetation/20230724_riparianshrub32_m3m/WILL/tile_13430.png,11
arctic_vegetation/20230724_riparianshrub32_m3m/WILL/tile_13431.png,11
arctic_vegetation/20230724_riparianshrub32_m3m/WILL/tile_13432.png,11
arctic_vegetation/20230724_riparianshrub32_m3m/WILL/tile_13433.png,11
arctic_vegetation/20230724_riparianshrub32_m3m/LICH/tile_13538.png,4
arctic_vegetation/20230724_riparianshrub32_m3m/LICH/tile_13539.png,4
arctic_vegetation/20230724_riparianshrub32_m3m/SEDG/tile_13540.png,9
arctic_vegetation/20230724_riparianshrub32_m3m/SEDG/tile_13541.png,9
arctic_vegetation/20230724_riparianshrub32_m3m/SEDG/tile_13542.png,9
arctic_vegetation/20230724_riparianshrub32_m3m/SEDG/tile_13543.png,9
arctic_vegetation/20230724_riparianshrub32_m3m/SEDG/tile_13544.png,9
arctic_vegetation/20230724_riparianshrub32_m3m/SEDG/tile_13545.png,9
arctic_vegetation/20230724_riparianshrub32_m3m/PETF/tile_13546.png,6
arctic_vegetation/20230724_riparianshrub32_m3m/PETF/tile_13547.png,6
arctic_vegetation/20230724_riparianshrub32_m3m/PETF/tile_13548.png,6
arctic_vegetation/20230724_riparianshrub32_m3m/PETF/tile_13549.png,6
arctic_vegetation/20230724_riparianshrub32_m3m/PETF/tile_13550.png,6
arctic_vegetation/20230724_riparianshrub32_m3m/PETF/tile_13551.png,6
arctic_vegetation/20230724_riparianshrub32_m3m/PETF/tile_13552.png,6
arctic_vegetation/20230724_riparianshrub32_m3m/PETF/tile_13553.png,6
arctic_vegetation/20230724_riparianshrub32_m3m/PETF/tile_13554.png,6
arctic_vegetation/20230724_riparianshrub32_m3m/PETF/tile_13555.png,6
arctic_vegetation/20230724_riparianshrub32_m3m/ALDE/tile_13558.png,0
arctic_vegetation/20230724_riparianshrub32_m3m/ALDE/tile_13559.png,0
arctic_vegetation/20230724_riparianshrub32_m3m/PETF/tile_13560.png,6
arctic_vegetation/20230724_riparianshrub32_m3m/PETF/tile_13561.png,6
arctic_vegetation/20230724_riparianshrub32_m3m/PETF/tile_13562.png,6
arctic_vegetation/20230724_riparianshrub32_m3m/PETF/tile_13563.png,6
arctic_vegetation/20230724_riparianshrub32_m3m/ALDE/tile_13568.png,0
arctic_vegetation/20230724_riparianshrub32_m3m/ALDE/tile_13569.png,0
arctic_vegetation/20230724_riparianshrub32_m3m/ALDE/tile_13570.png,0
arctic_vegetation/20230724_riparianshrub32_m3m/ALDE/tile_13571.png,0
arctic_vegetation/20230724_riparianshrub32_m3m/ALDE/tile_13572.png,0
arctic_vegetation/20230724_riparianshrub32_m3m/ALDE/tile_13573.png,0
arctic_vegetation/20230724_riparianshrub32_m3m/SEDG/tile_13574.png,9
arctic_vegetation/20230724_riparianshrub32_m3m/SEDG/tile_13575.png,9
arctic_vegetation/20230724_riparianshrub32_m3m/WILL/tile_13576.png,11
arctic_vegetation/20230724_riparianshrub32_m3m/WILL/tile_13577.png,11
arctic_vegetation/20230724_riparianshrub32_m3m/WILL/tile_13578.png,11
arctic_vegetation/20230724_riparianshrub32_m3m/WILL/tile_13579.png,11
arctic_vegetation/20230724_riparianshrub32_m3m/WILL/tile_13580.png,11
arctic_vegetation/20230724_riparianshrub32_m3m/WILL/tile_13581.png,11
arctic_vegetation/20230724_riparianshrub32_m3m/WILL/tile_13582.png,11
arctic_vegetation/20230724_riparianshrub32_m3m/WILL/tile_13583.png,11
arctic_vegetation/20230724_riparianshrub32_m3m/WILL/tile_13584.png,11
arctic_vegetation/20230724_riparianshrub32_m3m/WILL/tile_13585.png,11
arctic_vegetation/20230724_riparianshrub32_m3m/WILL/tile_13586.png,11
arctic_vegetation/20230724_riparianshrub32_m3m/WILL/tile_13587.png,11
arctic_vegetation/20230724_riparianshrub32_m3m/SEDG/tile_13588.png,9
arctic_vegetation/20230724_riparianshrub32_m3m/SEDG/tile_13589.png,9
arctic_vegetation/20230724_riparianshrub32_m3m/SEDG/tile_13590.png,9
arctic_vegetation/20230724_riparianshrub32_m3m/SEDG/tile_13591.png,9
arctic_vegetation/20230724_riparianshrub32_m3m/SEDG/tile_13592.png,9
arctic_vegetation/20230724_riparianshrub32_m3m/SEDG/tile_13593.png,9
arctic_vegetation/20230724_riparianshrub32_m3m/SEDG/tile_13597.png,9
arctic_vegetation/20230724_riparianshrub32_m3m/SEDG/tile_13598.png,9
arctic_vegetation/20230724_riparianshrub32_m3m/ALDE/tile_13599.png,0
arctic_vegetation/20230724_riparianshrub32_m3m/ALDE/tile_13600.png,0
arctic_vegetation/20230724_riparianshrub32_m3m/ALDE/tile_13601.png,0
arctic_vegetation/20230724_riparianshrub32_m3m/ALDE/tile_13602.png,0
arctic_vegetation/20230724_riparianshrub32_m3m/ALDE/tile_13603.png,0
arctic_vegetation/20230724_riparianshrub32_m3m/ALDE/tile_13604.png,0
arctic_vegetation/20230724_riparianshrub32_m3m/ALDE/tile_13605.png,0
arctic_vegetation/20230724_riparianshrub32_m3m/ALDE/tile_13606.png,0
arctic_vegetation/20230724_riparianshrub32_m3m/WILL/tile_13607.png,11
arctic_vegetation/20230724_riparianshrub32_m3m/WILL/tile_13608.png,11
arctic_vegetation/20230724_riparianshrub32_m3m/WILL/tile_13609.png,11
arctic_vegetation/20230724_riparianshrub32_m3m/WILL/tile_13610.png,11
arctic_vegetation/20230724_riparianshrub32_m3m/WILL/tile_13611.png,11
arctic_vegetation/20230724_riparianshrub32_m3m/WILL/tile_13612.png,11
arctic_vegetation/20230724_riparianshrub32_m3m/WILL/tile_13613.png,11
arctic_vegetation/20230724_riparianshrub32_m3m/SEDG/tile_13614.png,9
arctic_vegetation/20230724_riparianshrub32_m3m/SEDG/tile_13615.png,9
arctic_vegetation/20230724_riparianshrub32_m3m/SEDG/tile_13616.png,9
arctic_vegetation/20230724_riparianshrub32_m3m/ALDE/tile_13617.png,0
arctic_vegetation/20230724_riparianshrub32_m3m/ALDE/tile_13618.png,0
arctic_vegetation/20230724_riparianshrub32_m3m/ALDE/tile_13619.png,0
arctic_vegetation/20230724_riparianshrub32_m3m/MOSS/tile_13622.png,5
arctic_vegetation/20230724_riparianshrub32_m3m/MOSS/tile_13623.png,5
arctic_vegetation/20230724_riparianshrub32_m3m/MOSS/tile_13624.png,5
arctic_vegetation/20230724_riparianshrub32_m3m/LICH/tile_13718.png,4
arctic_vegetation/20230724_riparianshrub32_m3m/LICH/tile_13719.png,4
arctic_vegetation/20230724_riparianshrub32_m3m/SEDG/tile_13720.png,9
arctic_vegetation/20230724_riparianshrub32_m3m/SEDG/tile_13721.png,9
arctic_vegetation/20230724_riparianshrub32_m3m/SEDG/tile_13722.png,9
arctic_vegetation/20230724_riparianshrub32_m3m/SEDG/tile_13723.png,9
arctic_vegetation/20230724_riparianshrub32_m3m/SEDG/tile_13724.png,9
arctic_vegetation/20230724_riparianshrub32_m3m/SEDG/tile_13725.png,9
arctic_vegetation/20230724_riparianshrub32_m3m/SEDG/tile_13726.png,9
arctic_vegetation/20230724_riparianshrub32_m3m/SEDG/tile_13727.png,9
arctic_vegetation/20230724_riparianshrub32_m3m/SEDG/tile_13728.png,9
arctic_vegetation/20230724_riparianshrub32_m3m/SEDG/tile_13729.png,9
arctic_vegetation/20230724_riparianshrub32_m3m/PETF/tile_13730.png,6
arctic_vegetation/20230724_riparianshrub32_m3m/PETF/tile_13731.png,6
arctic_vegetation/20230724_riparianshrub32_m3m/PETF/tile_13732.png,6
arctic_vegetation/20230724_riparianshrub32_m3m/PETF/tile_13733.png,6
arctic_vegetation/20230724_riparianshrub32_m3m/PETF/tile_13734.png,6
arctic_vegetation/20230724_riparianshrub32_m3m/SEDG/tile_13735.png,9
arctic_vegetation/20230724_riparianshrub32_m3m/SEDG/tile_13738.png,9
arctic_vegetation/20230724_riparianshrub32_m3m/SEDG/tile_13739.png,9
arctic_vegetation/20230724_riparianshrub32_m3m/ALDE/tile_13748.png,0
arctic_vegetation/20230724_riparianshrub32_m3m/ALDE/tile_13749.png,0
arctic_vegetation/20230724_riparianshrub32_m3m/ALDE/tile_13750.png,0
arctic_vegetation/20230724_riparianshrub32_m3m/ALDE/tile_13751.png,0
arctic_vegetation/20230724_riparianshrub32_m3m/ALDE/tile_13752.png,0
arctic_vegetation/20230724_riparianshrub32_m3m/ALDE/tile_13753.png,0
arctic_vegetation/20230724_riparianshrub32_m3m/ALDE/tile_13754.png,0
arctic_vegetation/20230724_riparianshrub32_m3m/SEDG/tile_13755.png,9
arctic_vegetation/20230724_riparianshrub32_m3m/WILL/tile_13756.png,11
arctic_vegetation/20230724_riparianshrub32_m3m/WILL/tile_13757.png,11
arctic_vegetation/20230724_riparianshrub32_m3m/WILL/tile_13758.png,11
arctic_vegetation/20230724_riparianshrub32_m3m/WILL/tile_13759.png,11
arctic_vegetation/20230724_riparianshrub32_m3m/WILL/tile_13760.png,11
arctic_vegetation/20230724_riparianshrub32_m3m/WILL/tile_13761.png,11
arctic_vegetation/20230724_riparianshrub32_m3m/WILL/tile_13762.png,11
arctic_vegetation/20230724_riparianshrub32_m3m/WILL/tile_13763.png,11
arctic_vegetation/20230724_riparianshrub32_m3m/WILL/tile_13764.png,11
arctic_vegetation/20230724_riparianshrub32_m3m/WILL/tile_13765.png,11
arctic_vegetation/20230724_riparianshrub32_m3m/WILL/tile_13766.png,11
arctic_vegetation/20230724_riparianshrub32_m3m/SEDG/tile_13767.png,9
arctic_vegetation/20230724_riparianshrub32_m3m/SEDG/tile_13768.png,9
arctic_vegetation/20230724_riparianshrub32_m3m/SEDG/tile_13769.png,9
arctic_vegetation/20230724_riparianshrub32_m3m/SEDG/tile_13770.png,9
arctic_vegetation/20230724_riparianshrub32_m3m/SEDG/tile_13771.png,9
arctic_vegetation/20230724_riparianshrub32_m3m/SEDG/tile_13772.png,9
arctic_vegetation/20230724_riparianshrub32_m3m/SEDG/tile_13773.png,9
arctic_vegetation/20230724_riparianshrub32_m3m/SEDG/tile_13778.png,9
arctic_vegetation/20230724_riparianshrub32_m3m/ALDE/tile_13779.png,0
arctic_vegetation/20230724_riparianshrub32_m3m/ALDE/tile_13780.png,0
arctic_vegetation/20230724_riparianshrub32_m3m/ALDE/tile_13781.png,0
arctic_vegetation/20230724_riparianshrub32_m3m/ALDE/tile_13782.png,0
arctic_vegetation/20230724_riparianshrub32_m3m/ALDE/tile_13783.png,0
arctic_vegetation/20230724_riparianshrub32_m3m/ALDE/tile_13784.png,0
arctic_vegetation/20230724_riparianshrub32_m3m/ALDE/tile_13785.png,0
arctic_vegetation/20230724_riparianshrub32_m3m/ALDE/tile_13786.png,0
arctic_vegetation/20230724_riparianshrub32_m3m/WILL/tile_13787.png,11
arctic_vegetation/20230724_riparianshrub32_m3m/WILL/tile_13788.png,11
arctic_vegetation/20230724_riparianshrub32_m3m/WILL/tile_13789.png,11
arctic_vegetation/20230724_riparianshrub32_m3m/WILL/tile_13790.png,11
arctic_vegetation/20230724_riparianshrub32_m3m/WILL/tile_13791.png,11
arctic_vegetation/20230724_riparianshrub32_m3m/WILL/tile_13792.png,11
arctic_vegetation/20230724_riparianshrub32_m3m/WILL/tile_13793.png,11
arctic_vegetation/20230724_riparianshrub32_m3m/SEDG/tile_13794.png,9
arctic_vegetation/20230724_riparianshrub32_m3m/SEDG/tile_13795.png,9
arctic_vegetation/20230724_riparianshrub32_m3m/SEDG/tile_13796.png,9
arctic_vegetation/20230724_riparianshrub32_m3m/ALDE/tile_13797.png,0
arctic_vegetation/20230724_riparianshrub32_m3m/ALDE/tile_13798.png,0
arctic_vegetation/20230724_riparianshrub32_m3m/ALDE/tile_13799.png,0
arctic_vegetation/20230724_riparianshrub32_m3m/ALDE/tile_13800.png,0
arctic_vegetation/20230724_riparianshrub32_m3m/ALDE/tile_13801.png,0
arctic_vegetation/20230724_riparianshrub32_m3m/ALDE/tile_13802.png,0
arctic_vegetation/20230724_riparianshrub32_m3m/ALDE/tile_13803.png,0
arctic_vegetation/20230724_riparianshrub32_m3m/ALDE/tile_13804.png,0
arctic_vegetation/20230724_riparianshrub32_m3m/LICH/tile_13898.png,4
arctic_vegetation/20230724_riparianshrub32_m3m/LICH/tile_13899.png,4
arctic_vegetation/20230724_riparianshrub32_m3m/LICH/tile_13900.png,4
arctic_vegetation/20230724_riparianshrub32_m3m/SEDG/tile_13902.png,9
arctic_vegetation/20230724_riparianshrub32_m3m/SEDG/tile_13903.png,9
arctic_vegetation/20230724_riparianshrub32_m3m/SEDG/tile_13904.png,9
arctic_vegetation/20230724_riparianshrub32_m3m/SEDG/tile_13905.png,9
arctic_vegetation/20230724_riparianshrub32_m3m/SEDG/tile_13906.png,9
arctic_vegetation/20230724_riparianshrub32_m3m/SEDG/tile_13907.png,9
arctic_vegetation/20230724_riparianshrub32_m3m/SEDG/tile_13908.png,9
arctic_vegetation/20230724_riparianshrub32_m3m/SEDG/tile_13909.png,9
arctic_vegetation/20230724_riparianshrub32_m3m/PETF/tile_13910.png,6
arctic_vegetation/20230724_riparianshrub32_m3m/PETF/tile_13911.png,6
arctic_vegetation/20230724_riparianshrub32_m3m/SEDG/tile_13912.png,9
arctic_vegetation/20230724_riparianshrub32_m3m/SEDG/tile_13913.png,9
arctic_vegetation/20230724_riparianshrub32_m3m/SEDG/tile_13914.png,9
arctic_vegetation/20230724_riparianshrub32_m3m/SEDG/tile_13915.png,9
arctic_vegetation/20230724_riparianshrub32_m3m/SEDG/tile_13917.png,9
arctic_vegetation/20230724_riparianshrub32_m3m/SEDG/tile_13918.png,9
arctic_vegetation/20230724_riparianshrub32_m3m/SEDG/tile_13919.png,9
arctic_vegetation/20230724_riparianshrub32_m3m/ALDE/tile_13929.png,0
arctic_vegetation/20230724_riparianshrub32_m3m/ALDE/tile_13930.png,0
arctic_vegetation/20230724_riparianshrub32_m3m/ALDE/tile_13931.png,0
arctic_vegetation/20230724_riparianshrub32_m3m/ALDE/tile_13932.png,0
arctic_vegetation/20230724_riparianshrub32_m3m/ALDE/tile_13933.png,0
arctic_vegetation/20230724_riparianshrub32_m3m/ALDE/tile_13934.png,0
arctic_vegetation/20230724_riparianshrub32_m3m/SEDG/tile_13936.png,9
arctic_vegetation/20230724_riparianshrub32_m3m/SEDG/tile_13937.png,9
arctic_vegetation/20230724_riparianshrub32_m3m/WILL/tile_13938.png,11
arctic_vegetation/20230724_riparianshrub32_m3m/WILL/tile_13939.png,11
arctic_vegetation/20230724_riparianshrub32_m3m/WILL/tile_13940.png,11
arctic_vegetation/20230724_riparianshrub32_m3m/WILL/tile_13941.png,11
arctic_vegetation/20230724_riparianshrub32_m3m/WILL/tile_13942.png,11
arctic_vegetation/20230724_riparianshrub32_m3m/WILL/tile_13943.png,11
arctic_vegetation/20230724_riparianshrub32_m3m/WILL/tile_13944.png,11
arctic_vegetation/20230724_riparianshrub32_m3m/WILL/tile_13945.png,11
arctic_vegetation/20230724_riparianshrub32_m3m/WILL/tile_13946.png,11
arctic_vegetation/20230724_riparianshrub32_m3m/SEDG/tile_13947.png,9
arctic_vegetation/20230724_riparianshrub32_m3m/SEDG/tile_13948.png,9
arctic_vegetation/20230724_riparianshrub32_m3m/SEDG/tile_13949.png,9
arctic_vegetation/20230724_riparianshrub32_m3m/SEDG/tile_13950.png,9
arctic_vegetation/20230724_riparianshrub32_m3m/SEDG/tile_13951.png,9
arctic_vegetation/20230724_riparianshrub32_m3m/SEDG/tile_13952.png,9
arctic_vegetation/20230724_riparianshrub32_m3m/SEDG/tile_13953.png,9
arctic_vegetation/20230724_riparianshrub32_m3m/SEDG/tile_13957.png,9
arctic_vegetation/20230724_riparianshrub32_m3m/SEDG/tile_13958.png,9
arctic_vegetation/20230724_riparianshrub32_m3m/ALDE/tile_13959.png,0
arctic_vegetation/20230724_riparianshrub32_m3m/ALDE/tile_13960.png,0
arctic_vegetation/20230724_riparianshrub32_m3m/ALDE/tile_13961.png,0
arctic_vegetation/20230724_riparianshrub32_m3m/ALDE/tile_13962.png,0
arctic_vegetation/20230724_riparianshrub32_m3m/ALDE/tile_13963.png,0
arctic_vegetation/20230724_riparianshrub32_m3m/ALDE/tile_13964.png,0
arctic_vegetation/20230724_riparianshrub32_m3m/ALDE/tile_13965.png,0
arctic_vegetation/20230724_riparianshrub32_m3m/ALDE/tile_13966.png,0
arctic_vegetation/20230724_riparianshrub32_m3m/WILL/tile_13967.png,11
arctic_vegetation/20230724_riparianshrub32_m3m/WILL/tile_13968.png,11
arctic_vegetation/20230724_riparianshrub32_m3m/WILL/tile_13969.png,11
arctic_vegetation/20230724_riparianshrub32_m3m/WILL/tile_13970.png,11
arctic_vegetation/20230724_riparianshrub32_m3m/WILL/tile_13971.png,11
arctic_vegetation/20230724_riparianshrub32_m3m/WILL/tile_13972.png,11
arctic_vegetation/20230724_riparianshrub32_m3m/WILL/tile_13973.png,11
arctic_vegetation/20230724_riparianshrub32_m3m/SEDG/tile_13974.png,9
arctic_vegetation/20230724_riparianshrub32_m3m/SEDG/tile_13975.png,9
arctic_vegetation/20230724_riparianshrub32_m3m/SEDG/tile_13976.png,9
arctic_vegetation/20230724_riparianshrub32_m3m/ALDE/tile_13977.png,0
arctic_vegetation/20230724_riparianshrub32_m3m/ALDE/tile_13978.png,0
arctic_vegetation/20230724_riparianshrub32_m3m/ALDE/tile_13979.png,0
arctic_vegetation/20230724_riparianshrub32_m3m/ALDE/tile_13980.png,0
arctic_vegetation/20230724_riparianshrub32_m3m/ALDE/tile_13981.png,0
arctic_vegetation/20230724_riparianshrub32_m3m/ALDE/tile_13982.png,0
arctic_vegetation/20230724_riparianshrub32_m3m/ALDE/tile_13983.png,0
arctic_vegetation/20230724_riparianshrub32_m3m/ALDE/tile_13984.png,0
arctic_vegetation/20230724_riparianshrub32_m3m/LICH/tile_14078.png,4
arctic_vegetation/20230724_riparianshrub32_m3m/LICH/tile_14079.png,4
arctic_vegetation/20230724_riparianshrub32_m3m/LICH/tile_14080.png,4
arctic_vegetation/20230724_riparianshrub32_m3m/PETF/tile_14081.png,6
arctic_vegetation/20230724_riparianshrub32_m3m/SEDG/tile_14082.png,9
arctic_vegetation/20230724_riparianshrub32_m3m/SEDG/tile_14083.png,9
arctic_vegetation/20230724_riparianshrub32_m3m/SEDG/tile_14084.png,9
arctic_vegetation/20230724_riparianshrub32_m3m/SEDG/tile_14085.png,9
arctic_vegetation/20230724_riparianshrub32_m3m/SEDG/tile_14086.png,9
arctic_vegetation/20230724_riparianshrub32_m3m/SEDG/tile_14087.png,9
arctic_vegetation/20230724_riparianshrub32_m3m/SEDG/tile_14088.png,9
arctic_vegetation/20230724_riparianshrub32_m3m/SEDG/tile_14089.png,9
arctic_vegetation/20230724_riparianshrub32_m3m/SEDG/tile_14090.png,9
arctic_vegetation/20230724_riparianshrub32_m3m/SEDG/tile_14091.png,9
arctic_vegetation/20230724_riparianshrub32_m3m/SEDG/tile_14092.png,9
arctic_vegetation/20230724_riparianshrub32_m3m/SEDG/tile_14093.png,9
arctic_vegetation/20230724_riparianshrub32_m3m/SEDG/tile_14094.png,9
arctic_vegetation/20230724_riparianshrub32_m3m/SEDG/tile_14095.png,9
arctic_vegetation/20230724_riparianshrub32_m3m/SEDG/tile_14097.png,9
arctic_vegetation/20230724_riparianshrub32_m3m/SEDG/tile_14098.png,9
arctic_vegetation/20230724_riparianshrub32_m3m/SEDG/tile_14099.png,9
arctic_vegetation/20230724_riparianshrub32_m3m/PETF/tile_14111.png,6
arctic_vegetation/20230724_riparianshrub32_m3m/PETF/tile_14112.png,6
arctic_vegetation/20230724_riparianshrub32_m3m/ALDE/tile_14113.png,0
arctic_vegetation/20230724_riparianshrub32_m3m/ALDE/tile_14114.png,0
arctic_vegetation/20230724_riparianshrub32_m3m/SEDG/tile_14116.png,9
arctic_vegetation/20230724_riparianshrub32_m3m/SEDG/tile_14117.png,9
arctic_vegetation/20230724_riparianshrub32_m3m/WILL/tile_14118.png,11
arctic_vegetation/20230724_riparianshrub32_m3m/WILL/tile_14119.png,11
arctic_vegetation/20230724_riparianshrub32_m3m/WILL/tile_14120.png,11
arctic_vegetation/20230724_riparianshrub32_m3m/WILL/tile_14121.png,11
arctic_vegetation/20230724_riparianshrub32_m3m/WILL/tile_14122.png,11
arctic_vegetation/20230724_riparianshrub32_m3m/WILL/tile_14123.png,11
arctic_vegetation/20230724_riparianshrub32_m3m/WILL/tile_14124.png,11
arctic_vegetation/20230724_riparianshrub32_m3m/WILL/tile_14125.png,11
arctic_vegetation/20230724_riparianshrub32_m3m/WILL/tile_14126.png,11
arctic_vegetation/20230724_riparianshrub32_m3m/SEDG/tile_14127.png,9
arctic_vegetation/20230724_riparianshrub32_m3m/SEDG/tile_14128.png,9
arctic_vegetation/20230724_riparianshrub32_m3m/SEDG/tile_14129.png,9
arctic_vegetation/20230724_riparianshrub32_m3m/SEDG/tile_14130.png,9
arctic_vegetation/20230724_riparianshrub32_m3m/SEDG/tile_14131.png,9
arctic_vegetation/20230724_riparianshrub32_m3m/SEDG/tile_14132.png,9
arctic_vegetation/20230724_riparianshrub32_m3m/SEDG/tile_14133.png,9
arctic_vegetation/20230724_riparianshrub32_m3m/SEDG/tile_14134.png,9
arctic_vegetation/20230724_riparianshrub32_m3m/SEDG/tile_14135.png,9
arctic_vegetation/20230724_riparianshrub32_m3m/SEDG/tile_14136.png,9
arctic_vegetation/20230724_riparianshrub32_m3m/SEDG/tile_14137.png,9
arctic_vegetation/20230724_riparianshrub32_m3m/SEDG/tile_14138.png,9
arctic_vegetation/20230724_riparianshrub32_m3m/ALDE/tile_14139.png,0
arctic_vegetation/20230724_riparianshrub32_m3m/ALDE/tile_14140.png,0
arctic_vegetation/20230724_riparianshrub32_m3m/ALDE/tile_14141.png,0
arctic_vegetation/20230724_riparianshrub32_m3m/ALDE/tile_14142.png,0
arctic_vegetation/20230724_riparianshrub32_m3m/ALDE/tile_14143.png,0
arctic_vegetation/20230724_riparianshrub32_m3m/ALDE/tile_14144.png,0
arctic_vegetation/20230724_riparianshrub32_m3m/ALDE/tile_14145.png,0
arctic_vegetation/20230724_riparianshrub32_m3m/WILL/tile_14146.png,11
arctic_vegetation/20230724_riparianshrub32_m3m/WILL/tile_14147.png,11
arctic_vegetation/20230724_riparianshrub32_m3m/WILL/tile_14148.png,11
arctic_vegetation/20230724_riparianshrub32_m3m/WILL/tile_14149.png,11
arctic_vegetation/20230724_riparianshrub32_m3m/WILL/tile_14150.png,11
arctic_vegetation/20230724_riparianshrub32_m3m/WILL/tile_14151.png,11
arctic_vegetation/20230724_riparianshrub32_m3m/WILL/tile_14152.png,11
arctic_vegetation/20230724_riparianshrub32_m3m/SEDG/tile_14153.png,9
arctic_vegetation/20230724_riparianshrub32_m3m/SEDG/tile_14154.png,9
arctic_vegetation/20230724_riparianshrub32_m3m/SEDG/tile_14155.png,9
arctic_vegetation/20230724_riparianshrub32_m3m/WILL/tile_14156.png,11
arctic_vegetation/20230724_riparianshrub32_m3m/WILL/tile_14157.png,11
arctic_vegetation/20230724_riparianshrub32_m3m/WILL/tile_14158.png,11
arctic_vegetation/20230724_riparianshrub32_m3m/WILL/tile_14159.png,11
arctic_vegetation/20230724_riparianshrub32_m3m/WILL/tile_14160.png,11
arctic_vegetation/20230724_riparianshrub32_m3m/WILL/tile_14161.png,11
arctic_vegetation/20230724_riparianshrub32_m3m/WILL/tile_14162.png,11
arctic_vegetation/20230724_riparianshrub32_m3m/WILL/tile_14163.png,11
arctic_vegetation/20230724_riparianshrub32_m3m/WILL/tile_14164.png,11
arctic_vegetation/20230724_riparianshrub32_m3m/WILL/tile_14165.png,11
arctic_vegetation/20230724_riparianshrub32_m3m/WILL/tile_14166.png,11
arctic_vegetation/20230724_riparianshrub32_m3m/LICH/tile_14258.png,4
arctic_vegetation/20230724_riparianshrub32_m3m/LICH/tile_14259.png,4
arctic_vegetation/20230724_riparianshrub32_m3m/SEDG/tile_14260.png,9
arctic_vegetation/20230724_riparianshrub32_m3m/SEDG/tile_14261.png,9
arctic_vegetation/20230724_riparianshrub32_m3m/SEDG/tile_14262.png,9
arctic_vegetation/20230724_riparianshrub32_m3m/SEDG/tile_14263.png,9
arctic_vegetation/20230724_riparianshrub32_m3m/SEDG/tile_14264.png,9
arctic_vegetation/20230724_riparianshrub32_m3m/SEDG/tile_14265.png,9
arctic_vegetation/20230724_riparianshrub32_m3m/SEDG/tile_14266.png,9
arctic_vegetation/20230724_riparianshrub32_m3m/SEDG/tile_14267.png,9
arctic_vegetation/20230724_riparianshrub32_m3m/ALDE/tile_14268.png,0
arctic_vegetation/20230724_riparianshrub32_m3m/ALDE/tile_14269.png,0
arctic_vegetation/20230724_riparianshrub32_m3m/ALDE/tile_14270.png,0
arctic_vegetation/20230724_riparianshrub32_m3m/ALDE/tile_14271.png,0
arctic_vegetation/20230724_riparianshrub32_m3m/ALDE/tile_14272.png,0
arctic_vegetation/20230724_riparianshrub32_m3m/ALDE/tile_14273.png,0
arctic_vegetation/20230724_riparianshrub32_m3m/ALDE/tile_14274.png,0
arctic_vegetation/20230724_riparianshrub32_m3m/ALDE/tile_14275.png,0
arctic_vegetation/20230724_riparianshrub32_m3m/ALDE/tile_14276.png,0
arctic_vegetation/20230724_riparianshrub32_m3m/SEDG/tile_14277.png,9
arctic_vegetation/20230724_riparianshrub32_m3m/SEDG/tile_14278.png,9
arctic_vegetation/20230724_riparianshrub32_m3m/SEDG/tile_14279.png,9
arctic_vegetation/20230724_riparianshrub32_m3m/PETF/tile_14291.png,6
arctic_vegetation/20230724_riparianshrub32_m3m/PETF/tile_14292.png,6
arctic_vegetation/20230724_riparianshrub32_m3m/ALDE/tile_14293.png,0
arctic_vegetation/20230724_riparianshrub32_m3m/ALDE/tile_14294.png,0
arctic_vegetation/20230724_riparianshrub32_m3m/ALDE/tile_14295.png,0
arctic_vegetation/20230724_riparianshrub32_m3m/ALDE/tile_14296.png,0
arctic_vegetation/20230724_riparianshrub32_m3m/ALDE/tile_14297.png,0
arctic_vegetation/20230724_riparianshrub32_m3m/WILL/tile_14298.png,11
arctic_vegetation/20230724_riparianshrub32_m3m/WILL/tile_14299.png,11
arctic_vegetation/20230724_riparianshrub32_m3m/WILL/tile_14300.png,11
arctic_vegetation/20230724_riparianshrub32_m3m/WILL/tile_14301.png,11
arctic_vegetation/20230724_riparianshrub32_m3m/WILL/tile_14302.png,11
arctic_vegetation/20230724_riparianshrub32_m3m/WILL/tile_14303.png,11
arctic_vegetation/20230724_riparianshrub32_m3m/WILL/tile_14304.png,11
arctic_vegetation/20230724_riparianshrub32_m3m/WILL/tile_14305.png,11
arctic_vegetation/20230724_riparianshrub32_m3m/WILL/tile_14306.png,11
arctic_vegetation/20230724_riparianshrub32_m3m/SEDG/tile_14307.png,9
arctic_vegetation/20230724_riparianshrub32_m3m/SEDG/tile_14308.png,9
arctic_vegetation/20230724_riparianshrub32_m3m/SEDG/tile_14309.png,9
arctic_vegetation/20230724_riparianshrub32_m3m/SEDG/tile_14310.png,9
arctic_vegetation/20230724_riparianshrub32_m3m/SEDG/tile_14311.png,9
arctic_vegetation/20230724_riparianshrub32_m3m/SEDG/tile_14312.png,9
arctic_vegetation/20230724_riparianshrub32_m3m/SEDG/tile_14313.png,9
arctic_vegetation/20230724_riparianshrub32_m3m/SEDG/tile_14314.png,9
arctic_vegetation/20230724_riparianshrub32_m3m/SEDG/tile_14315.png,9
arctic_vegetation/20230724_riparianshrub32_m3m/SEDG/tile_14316.png,9
arctic_vegetation/20230724_riparianshrub32_m3m/SEDG/tile_14317.png,9
arctic_vegetation/20230724_riparianshrub32_m3m/SEDG/tile_14318.png,9
arctic_vegetation/20230724_riparianshrub32_m3m/ALDE/tile_14319.png,0
arctic_vegetation/20230724_riparianshrub32_m3m/ALDE/tile_14320.png,0
arctic_vegetation/20230724_riparianshrub32_m3m/ALDE/tile_14321.png,0
arctic_vegetation/20230724_riparianshrub32_m3m/ALDE/tile_14322.png,0
arctic_vegetation/20230724_riparianshrub32_m3m/ALDE/tile_14323.png,0
arctic_vegetation/20230724_riparianshrub32_m3m/ALDE/tile_14324.png,0
arctic_vegetation/20230724_riparianshrub32_m3m/ALDE/tile_14325.png,0
arctic_vegetation/20230724_riparianshrub32_m3m/WILL/tile_14326.png,11
arctic_vegetation/20230724_riparianshrub32_m3m/WILL/tile_14327.png,11
arctic_vegetation/20230724_riparianshrub32_m3m/WILL/tile_14328.png,11
arctic_vegetation/20230724_riparianshrub32_m3m/WILL/tile_14329.png,11
arctic_vegetation/20230724_riparianshrub32_m3m/WILL/tile_14330.png,11
arctic_vegetation/20230724_riparianshrub32_m3m/WILL/tile_14331.png,11
arctic_vegetation/20230724_riparianshrub32_m3m/WILL/tile_14332.png,11
arctic_vegetation/20230724_riparianshrub32_m3m/WILL/tile_14333.png,11
arctic_vegetation/20230724_riparianshrub32_m3m/WILL/tile_14334.png,11
arctic_vegetation/20230724_riparianshrub32_m3m/SEDG/tile_14335.png,9
arctic_vegetation/20230724_riparianshrub32_m3m/WILL/tile_14336.png,11
arctic_vegetation/20230724_riparianshrub32_m3m/WILL/tile_14337.png,11
arctic_vegetation/20230724_riparianshrub32_m3m/WILL/tile_14338.png,11
arctic_vegetation/20230724_riparianshrub32_m3m/WILL/tile_14339.png,11
arctic_vegetation/20230724_riparianshrub32_m3m/WILL/tile_14340.png,11
arctic_vegetation/20230724_riparianshrub32_m3m/WILL/tile_14341.png,11
arctic_vegetation/20230724_riparianshrub32_m3m/WILL/tile_14342.png,11
arctic_vegetation/20230724_riparianshrub32_m3m/WILL/tile_14343.png,11
arctic_vegetation/20230724_riparianshrub32_m3m/WILL/tile_14344.png,11
arctic_vegetation/20230724_riparianshrub32_m3m/WILL/tile_14345.png,11
arctic_vegetation/20230724_riparianshrub32_m3m/WILL/tile_14346.png,11
arctic_vegetation/20230724_riparianshrub32_m3m/LICH/tile_14438.png,4
arctic_vegetation/20230724_riparianshrub32_m3m/LICH/tile_14439.png,4
arctic_vegetation/20230724_riparianshrub32_m3m/SEDG/tile_14440.png,9
arctic_vegetation/20230724_riparianshrub32_m3m/SEDG/tile_14441.png,9
arctic_vegetation/20230724_riparianshrub32_m3m/SEDG/tile_14442.png,9
arctic_vegetation/20230724_riparianshrub32_m3m/SEDG/tile_14443.png,9
arctic_vegetation/20230724_riparianshrub32_m3m/SEDG/tile_14444.png,9
arctic_vegetation/20230724_riparianshrub32_m3m/SEDG/tile_14445.png,9
arctic_vegetation/20230724_riparianshrub32_m3m/SEDG/tile_14446.png,9
arctic_vegetation/20230724_riparianshrub32_m3m/ALDE/tile_14447.png,0
arctic_vegetation/20230724_riparianshrub32_m3m/ALDE/tile_14448.png,0
arctic_vegetation/20230724_riparianshrub32_m3m/ALDE/tile_14449.png,0
arctic_vegetation/20230724_riparianshrub32_m3m/ALDE/tile_14450.png,0
arctic_vegetation/20230724_riparianshrub32_m3m/ALDE/tile_14451.png,0
arctic_vegetation/20230724_riparianshrub32_m3m/ALDE/tile_14452.png,0
arctic_vegetation/20230724_riparianshrub32_m3m/ALDE/tile_14453.png,0
arctic_vegetation/20230724_riparianshrub32_m3m/ALDE/tile_14454.png,0
arctic_vegetation/20230724_riparianshrub32_m3m/ALDE/tile_14455.png,0
arctic_vegetation/20230724_riparianshrub32_m3m/ALDE/tile_14456.png,0
arctic_vegetation/20230724_riparianshrub32_m3m/SEDG/tile_14457.png,9
arctic_vegetation/20230724_riparianshrub32_m3m/SEDG/tile_14458.png,9
arctic_vegetation/20230724_riparianshrub32_m3m/SEDG/tile_14459.png,9
arctic_vegetation/20230724_riparianshrub32_m3m/SEDG/tile_14460.png,9
arctic_vegetation/20230724_riparianshrub32_m3m/SEDG/tile_14461.png,9
arctic_vegetation/20230724_riparianshrub32_m3m/SEDG/tile_14462.png,9
arctic_vegetation/20230724_riparianshrub32_m3m/SEDG/tile_14463.png,9
arctic_vegetation/20230724_riparianshrub32_m3m/SEDG/tile_14464.png,9
arctic_vegetation/20230724_riparianshrub32_m3m/SEDG/tile_14465.png,9
arctic_vegetation/20230724_riparianshrub32_m3m/ALDE/tile_14466.png,0
arctic_vegetation/20230724_riparianshrub32_m3m/ALDE/tile_14467.png,0
arctic_vegetation/20230724_riparianshrub32_m3m/ALDE/tile_14468.png,0
arctic_vegetation/20230724_riparianshrub32_m3m/ALDE/tile_14469.png,0
arctic_vegetation/20230724_riparianshrub32_m3m/PETF/tile_14471.png,6
arctic_vegetation/20230724_riparianshrub32_m3m/ALDE/tile_14472.png,0
arctic_vegetation/20230724_riparianshrub32_m3m/ALDE/tile_14473.png,0
arctic_vegetation/20230724_riparianshrub32_m3m/ALDE/tile_14474.png,0
arctic_vegetation/20230724_riparianshrub32_m3m/ALDE/tile_14475.png,0
arctic_vegetation/20230724_riparianshrub32_m3m/ALDE/tile_14476.png,0
arctic_vegetation/20230724_riparianshrub32_m3m/ALDE/tile_14477.png,0
arctic_vegetation/20230724_riparianshrub32_m3m/WILL/tile_14478.png,11
arctic_vegetation/20230724_riparianshrub32_m3m/WILL/tile_14479.png,11
arctic_vegetation/20230724_riparianshrub32_m3m/WILL/tile_14480.png,11
arctic_vegetation/20230724_riparianshrub32_m3m/WILL/tile_14481.png,11
arctic_vegetation/20230724_riparianshrub32_m3m/WILL/tile_14482.png,11
arctic_vegetation/20230724_riparianshrub32_m3m/WILL/tile_14483.png,11
arctic_vegetation/20230724_riparianshrub32_m3m/WILL/tile_14484.png,11
arctic_vegetation/20230724_riparianshrub32_m3m/WILL/tile_14485.png,11
arctic_vegetation/20230724_riparianshrub32_m3m/WILL/tile_14486.png,11
arctic_vegetation/20230724_riparianshrub32_m3m/ALDE/tile_14487.png,0
arctic_vegetation/20230724_riparianshrub32_m3m/ALDE/tile_14488.png,0
arctic_vegetation/20230724_riparianshrub32_m3m/SEDG/tile_14490.png,9
arctic_vegetation/20230724_riparianshrub32_m3m/SEDG/tile_14491.png,9
arctic_vegetation/20230724_riparianshrub32_m3m/SEDG/tile_14492.png,9
arctic_vegetation/20230724_riparianshrub32_m3m/SEDG/tile_14493.png,9
arctic_vegetation/20230724_riparianshrub32_m3m/SEDG/tile_14494.png,9
arctic_vegetation/20230724_riparianshrub32_m3m/SEDG/tile_14495.png,9
arctic_vegetation/20230724_riparianshrub32_m3m/SEDG/tile_14496.png,9
arctic_vegetation/20230724_riparianshrub32_m3m/SEDG/tile_14497.png,9
arctic_vegetation/20230724_riparianshrub32_m3m/SEDG/tile_14498.png,9
arctic_vegetation/20230724_riparianshrub32_m3m/SEDG/tile_14499.png,9
arctic_vegetation/20230724_riparianshrub32_m3m/SEDG/tile_14501.png,9
arctic_vegetation/20230724_riparianshrub32_m3m/SEDG/tile_14502.png,9
arctic_vegetation/20230724_riparianshrub32_m3m/SEDG/tile_14503.png,9
arctic_vegetation/20230724_riparianshrub32_m3m/ALDE/tile_14504.png,0
arctic_vegetation/20230724_riparianshrub32_m3m/ALDE/tile_14505.png,0
arctic_vegetation/20230724_riparianshrub32_m3m/WILL/tile_14506.png,11
arctic_vegetation/20230724_riparianshrub32_m3m/WILL/tile_14507.png,11
arctic_vegetation/20230724_riparianshrub32_m3m/WILL/tile_14508.png,11
arctic_vegetation/20230724_riparianshrub32_m3m/WILL/tile_14509.png,11
arctic_vegetation/20230724_riparianshrub32_m3m/WILL/tile_14510.png,11
arctic_vegetation/20230724_riparianshrub32_m3m/WILL/tile_14511.png,11
arctic_vegetation/20230724_riparianshrub32_m3m/WILL/tile_14512.png,11
arctic_vegetation/20230724_riparianshrub32_m3m/WILL/tile_14513.png,11
arctic_vegetation/20230724_riparianshrub32_m3m/WILL/tile_14514.png,11
arctic_vegetation/20230724_riparianshrub32_m3m/SEDG/tile_14515.png,9
arctic_vegetation/20230724_riparianshrub32_m3m/WILL/tile_14516.png,11
arctic_vegetation/20230724_riparianshrub32_m3m/WILL/tile_14517.png,11
arctic_vegetation/20230724_riparianshrub32_m3m/WILL/tile_14518.png,11
arctic_vegetation/20230724_riparianshrub32_m3m/WILL/tile_14519.png,11
arctic_vegetation/20230724_riparianshrub32_m3m/WILL/tile_14520.png,11
arctic_vegetation/20230724_riparianshrub32_m3m/WILL/tile_14521.png,11
arctic_vegetation/20230724_riparianshrub32_m3m/ALDE/tile_14522.png,0
arctic_vegetation/20230724_riparianshrub32_m3m/ALDE/tile_14523.png,0
arctic_vegetation/20230724_riparianshrub32_m3m/ALDE/tile_14524.png,0
arctic_vegetation/20230724_riparianshrub32_m3m/ALDE/tile_14525.png,0
arctic_vegetation/20230724_riparianshrub32_m3m/WILL/tile_14526.png,11
arctic_vegetation/20230724_riparianshrub32_m3m/PETF/tile_14619.png,6
arctic_vegetation/20230724_riparianshrub32_m3m/PETF/tile_14620.png,6
arctic_vegetation/20230724_riparianshrub32_m3m/LICH/tile_14621.png,4
arctic_vegetation/20230724_riparianshrub32_m3m/LICH/tile_14622.png,4
arctic_vegetation/20230724_riparianshrub32_m3m/SEDG/tile_14623.png,9
arctic_vegetation/20230724_riparianshrub32_m3m/SEDG/tile_14624.png,9
arctic_vegetation/20230724_riparianshrub32_m3m/SEDG/tile_14625.png,9
arctic_vegetation/20230724_riparianshrub32_m3m/PETF/tile_14626.png,6
arctic_vegetation/20230724_riparianshrub32_m3m/ALDE/tile_14628.png,0
arctic_vegetation/20230724_riparianshrub32_m3m/ALDE/tile_14629.png,0
arctic_vegetation/20230724_riparianshrub32_m3m/ALDE/tile_14630.png,0
arctic_vegetation/20230724_riparianshrub32_m3m/ALDE/tile_14631.png,0
arctic_vegetation/20230724_riparianshrub32_m3m/ALDE/tile_14632.png,0
arctic_vegetation/20230724_riparianshrub32_m3m/ALDE/tile_14633.png,0
arctic_vegetation/20230724_riparianshrub32_m3m/ALDE/tile_14634.png,0
arctic_vegetation/20230724_riparianshrub32_m3m/ALDE/tile_14635.png,0
arctic_vegetation/20230724_riparianshrub32_m3m/ALDE/tile_14636.png,0
arctic_vegetation/20230724_riparianshrub32_m3m/SEDG/tile_14637.png,9
arctic_vegetation/20230724_riparianshrub32_m3m/SEDG/tile_14638.png,9
arctic_vegetation/20230724_riparianshrub32_m3m/SEDG/tile_14639.png,9
arctic_vegetation/20230724_riparianshrub32_m3m/SEDG/tile_14640.png,9
arctic_vegetation/20230724_riparianshrub32_m3m/SEDG/tile_14641.png,9
arctic_vegetation/20230724_riparianshrub32_m3m/SEDG/tile_14642.png,9
arctic_vegetation/20230724_riparianshrub32_m3m/ALDE/tile_14643.png,0
arctic_vegetation/20230724_riparianshrub32_m3m/ALDE/tile_14644.png,0
arctic_vegetation/20230724_riparianshrub32_m3m/ALDE/tile_14645.png,0
arctic_vegetation/20230724_riparianshrub32_m3m/ALDE/tile_14646.png,0
arctic_vegetation/20230724_riparianshrub32_m3m/ALDE/tile_14647.png,0
arctic_vegetation/20230724_riparianshrub32_m3m/ALDE/tile_14648.png,0
arctic_vegetation/20230724_riparianshrub32_m3m/ALDE/tile_14649.png,0
arctic_vegetation/20230724_riparianshrub32_m3m/ALDE/tile_14650.png,0
arctic_vegetation/20230724_riparianshrub32_m3m/ALDE/tile_14651.png,0
arctic_vegetation/20230724_riparianshrub32_m3m/ALDE/tile_14652.png,0
arctic_vegetation/20230724_riparianshrub32_m3m/ALDE/tile_14653.png,0
arctic_vegetation/20230724_riparianshrub32_m3m/ALDE/tile_14654.png,0
arctic_vegetation/20230724_riparianshrub32_m3m/ALDE/tile_14655.png,0
arctic_vegetation/20230724_riparianshrub32_m3m/ALDE/tile_14656.png,0
arctic_vegetation/20230724_riparianshrub32_m3m/PETF/tile_14657.png,6
arctic_vegetation/20230724_riparianshrub32_m3m/WILL/tile_14658.png,11
arctic_vegetation/20230724_riparianshrub32_m3m/WILL/tile_14659.png,11
arctic_vegetation/20230724_riparianshrub32_m3m/WILL/tile_14660.png,11
arctic_vegetation/20230724_riparianshrub32_m3m/WILL/tile_14661.png,11
arctic_vegetation/20230724_riparianshrub32_m3m/WILL/tile_14662.png,11
arctic_vegetation/20230724_riparianshrub32_m3m/WILL/tile_14663.png,11
arctic_vegetation/20230724_riparianshrub32_m3m/WILL/tile_14664.png,11
arctic_vegetation/20230724_riparianshrub32_m3m/WILL/tile_14665.png,11
arctic_vegetation/20230724_riparianshrub32_m3m/WILL/tile_14666.png,11
arctic_vegetation/20230724_riparianshrub32_m3m/ALDE/tile_14667.png,0
arctic_vegetation/20230724_riparianshrub32_m3m/ALDE/tile_14668.png,0
arctic_vegetation/20230724_riparianshrub32_m3m/SEDG/tile_14670.png,9
arctic_vegetation/20230724_riparianshrub32_m3m/SEDG/tile_14671.png,9
arctic_vegetation/20230724_riparianshrub32_m3m/SEDG/tile_14672.png,9
arctic_vegetation/20230724_riparianshrub32_m3m/SEDG/tile_14673.png,9
arctic_vegetation/20230724_riparianshrub32_m3m/SEDG/tile_14674.png,9
arctic_vegetation/20230724_riparianshrub32_m3m/SEDG/tile_14675.png,9
arctic_vegetation/20230724_riparianshrub32_m3m/SEDG/tile_14676.png,9
arctic_vegetation/20230724_riparianshrub32_m3m/SEDG/tile_14677.png,9
arctic_vegetation/20230724_riparianshrub32_m3m/SEDG/tile_14678.png,9
arctic_vegetation/20230724_riparianshrub32_m3m/SEDG/tile_14681.png,9
arctic_vegetation/20230724_riparianshrub32_m3m/SEDG/tile_14682.png,9
arctic_vegetation/20230724_riparianshrub32_m3m/SEDG/tile_14683.png,9
arctic_vegetation/20230724_riparianshrub32_m3m/SEDG/tile_14684.png,9
arctic_vegetation/20230724_riparianshrub32_m3m/SEDG/tile_14685.png,9
arctic_vegetation/20230724_riparianshrub32_m3m/SEDG/tile_14686.png,9
arctic_vegetation/20230724_riparianshrub32_m3m/SEDG/tile_14687.png,9
arctic_vegetation/20230724_riparianshrub32_m3m/WILL/tile_14689.png,11
arctic_vegetation/20230724_riparianshrub32_m3m/WILL/tile_14690.png,11
arctic_vegetation/20230724_riparianshrub32_m3m/WILL/tile_14691.png,11
arctic_vegetation/20230724_riparianshrub32_m3m/WILL/tile_14692.png,11
arctic_vegetation/20230724_riparianshrub32_m3m/WILL/tile_14693.png,11
arctic_vegetation/20230724_riparianshrub32_m3m/WILL/tile_14694.png,11
arctic_vegetation/20230724_riparianshrub32_m3m/WILL/tile_14695.png,11
arctic_vegetation/20230724_riparianshrub32_m3m/WILL/tile_14696.png,11
arctic_vegetation/20230724_riparianshrub32_m3m/WILL/tile_14697.png,11
arctic_vegetation/20230724_riparianshrub32_m3m/WILL/tile_14698.png,11
arctic_vegetation/20230724_riparianshrub32_m3m/WILL/tile_14699.png,11
arctic_vegetation/20230724_riparianshrub32_m3m/WILL/tile_14700.png,11
arctic_vegetation/20230724_riparianshrub32_m3m/ALDE/tile_14701.png,0
arctic_vegetation/20230724_riparianshrub32_m3m/ALDE/tile_14702.png,0
arctic_vegetation/20230724_riparianshrub32_m3m/ALDE/tile_14703.png,0
arctic_vegetation/20230724_riparianshrub32_m3m/ALDE/tile_14704.png,0
arctic_vegetation/20230724_riparianshrub32_m3m/ALDE/tile_14705.png,0
arctic_vegetation/20230724_riparianshrub32_m3m/ALDE/tile_14706.png,0
arctic_vegetation/20230724_riparianshrub32_m3m/PETF/tile_14799.png,6
arctic_vegetation/20230724_riparianshrub32_m3m/PETF/tile_14800.png,6
arctic_vegetation/20230724_riparianshrub32_m3m/PETF/tile_14801.png,6
arctic_vegetation/20230724_riparianshrub32_m3m/LICH/tile_14802.png,4
arctic_vegetation/20230724_riparianshrub32_m3m/LICH/tile_14803.png,4
arctic_vegetation/20230724_riparianshrub32_m3m/LICH/tile_14804.png,4
arctic_vegetation/20230724_riparianshrub32_m3m/LICH/tile_14805.png,4
arctic_vegetation/20230724_riparianshrub32_m3m/PETF/tile_14806.png,6
arctic_vegetation/20230724_riparianshrub32_m3m/ALDE/tile_14808.png,0
arctic_vegetation/20230724_riparianshrub32_m3m/ALDE/tile_14809.png,0
arctic_vegetation/20230724_riparianshrub32_m3m/ALDE/tile_14810.png,0
arctic_vegetation/20230724_riparianshrub32_m3m/ALDE/tile_14811.png,0
arctic_vegetation/20230724_riparianshrub32_m3m/ALDE/tile_14812.png,0
arctic_vegetation/20230724_riparianshrub32_m3m/ALDE/tile_14813.png,0
arctic_vegetation/20230724_riparianshrub32_m3m/ALDE/tile_14814.png,0
arctic_vegetation/20230724_riparianshrub32_m3m/ALDE/tile_14815.png,0
arctic_vegetation/20230724_riparianshrub32_m3m/ALDE/tile_14816.png,0
arctic_vegetation/20230724_riparianshrub32_m3m/SEDG/tile_14817.png,9
arctic_vegetation/20230724_riparianshrub32_m3m/SEDG/tile_14818.png,9
arctic_vegetation/20230724_riparianshrub32_m3m/SEDG/tile_14819.png,9
arctic_vegetation/20230724_riparianshrub32_m3m/SEDG/tile_14820.png,9
arctic_vegetation/20230724_riparianshrub32_m3m/SEDG/tile_14821.png,9
arctic_vegetation/20230724_riparianshrub32_m3m/ALDE/tile_14822.png,0
arctic_vegetation/20230724_riparianshrub32_m3m/ALDE/tile_14823.png,0
arctic_vegetation/20230724_riparianshrub32_m3m/ALDE/tile_14824.png,0
arctic_vegetation/20230724_riparianshrub32_m3m/ALDE/tile_14825.png,0
arctic_vegetation/20230724_riparianshrub32_m3m/ALDE/tile_14826.png,0
arctic_vegetation/20230724_riparianshrub32_m3m/ALDE/tile_14827.png,0
arctic_vegetation/20230724_riparianshrub32_m3m/ALDE/tile_14828.png,0
arctic_vegetation/20230724_riparianshrub32_m3m/ALDE/tile_14829.png,0
arctic_vegetation/20230724_riparianshrub32_m3m/ALDE/tile_14830.png,0
arctic_vegetation/20230724_riparianshrub32_m3m/ALDE/tile_14831.png,0
arctic_vegetation/20230724_riparianshrub32_m3m/ALDE/tile_14832.png,0
arctic_vegetation/20230724_riparianshrub32_m3m/ALDE/tile_14833.png,0
arctic_vegetation/20230724_riparianshrub32_m3m/PETF/tile_14834.png,6
arctic_vegetation/20230724_riparianshrub32_m3m/WILL/tile_14835.png,11
arctic_vegetation/20230724_riparianshrub32_m3m/WILL/tile_14836.png,11
arctic_vegetation/20230724_riparianshrub32_m3m/WILL/tile_14837.png,11
arctic_vegetation/20230724_riparianshrub32_m3m/WILL/tile_14838.png,11
arctic_vegetation/20230724_riparianshrub32_m3m/WILL/tile_14839.png,11
arctic_vegetation/20230724_riparianshrub32_m3m/WILL/tile_14840.png,11
arctic_vegetation/20230724_riparianshrub32_m3m/WILL/tile_14841.png,11
arctic_vegetation/20230724_riparianshrub32_m3m/WILL/tile_14842.png,11
arctic_vegetation/20230724_riparianshrub32_m3m/WILL/tile_14843.png,11
arctic_vegetation/20230724_riparianshrub32_m3m/WILL/tile_14844.png,11
arctic_vegetation/20230724_riparianshrub32_m3m/WILL/tile_14845.png,11
arctic_vegetation/20230724_riparianshrub32_m3m/ALDE/tile_14846.png,0
arctic_vegetation/20230724_riparianshrub32_m3m/ALDE/tile_14847.png,0
arctic_vegetation/20230724_riparianshrub32_m3m/ALDE/tile_14848.png,0
arctic_vegetation/20230724_riparianshrub32_m3m/SEDG/tile_14850.png,9
arctic_vegetation/20230724_riparianshrub32_m3m/SEDG/tile_14851.png,9
arctic_vegetation/20230724_riparianshrub32_m3m/SEDG/tile_14852.png,9
arctic_vegetation/20230724_riparianshrub32_m3m/SEDG/tile_14854.png,9
arctic_vegetation/20230724_riparianshrub32_m3m/SEDG/tile_14855.png,9
arctic_vegetation/20230724_riparianshrub32_m3m/SEDG/tile_14856.png,9
arctic_vegetation/20230724_riparianshrub32_m3m/SEDG/tile_14857.png,9
arctic_vegetation/20230724_riparianshrub32_m3m/SEDG/tile_14858.png,9
arctic_vegetation/20230724_riparianshrub32_m3m/SEDG/tile_14859.png,9
arctic_vegetation/20230724_riparianshrub32_m3m/SEDG/tile_14860.png,9
arctic_vegetation/20230724_riparianshrub32_m3m/SEDG/tile_14861.png,9
arctic_vegetation/20230724_riparianshrub32_m3m/SEDG/tile_14862.png,9
arctic_vegetation/20230724_riparianshrub32_m3m/SEDG/tile_14863.png,9
arctic_vegetation/20230724_riparianshrub32_m3m/SEDG/tile_14864.png,9
arctic_vegetation/20230724_riparianshrub32_m3m/SEDG/tile_14865.png,9
arctic_vegetation/20230724_riparianshrub32_m3m/SEDG/tile_14866.png,9
arctic_vegetation/20230724_riparianshrub32_m3m/SEDG/tile_14867.png,9
arctic_vegetation/20230724_riparianshrub32_m3m/WILL/tile_14869.png,11
arctic_vegetation/20230724_riparianshrub32_m3m/WILL/tile_14870.png,11
arctic_vegetation/20230724_riparianshrub32_m3m/WILL/tile_14871.png,11
arctic_vegetation/20230724_riparianshrub32_m3m/WILL/tile_14872.png,11
arctic_vegetation/20230724_riparianshrub32_m3m/WILL/tile_14873.png,11
arctic_vegetation/20230724_riparianshrub32_m3m/ALDE/tile_14874.png,0
arctic_vegetation/20230724_riparianshrub32_m3m/WILL/tile_14875.png,11
arctic_vegetation/20230724_riparianshrub32_m3m/WILL/tile_14876.png,11
arctic_vegetation/20230724_riparianshrub32_m3m/WILL/tile_14877.png,11
arctic_vegetation/20230724_riparianshrub32_m3m/WILL/tile_14878.png,11
arctic_vegetation/20230724_riparianshrub32_m3m/WILL/tile_14879.png,11
arctic_vegetation/20230724_riparianshrub32_m3m/ALDE/tile_14880.png,0
arctic_vegetation/20230724_riparianshrub32_m3m/ALDE/tile_14881.png,0
arctic_vegetation/20230724_riparianshrub32_m3m/ALDE/tile_14882.png,0
arctic_vegetation/20230724_riparianshrub32_m3m/ALDE/tile_14883.png,0
arctic_vegetation/20230724_riparianshrub32_m3m/ALDE/tile_14884.png,0
arctic_vegetation/20230724_riparianshrub32_m3m/ALDE/tile_14885.png,0
arctic_vegetation/20230724_riparianshrub32_m3m/WILL/tile_14886.png,11
arctic_vegetation/20230724_riparianshrub32_m3m/WILL/tile_14887.png,11
arctic_vegetation/20230724_riparianshrub32_m3m/WILL/tile_14888.png,11
arctic_vegetation/20230724_riparianshrub32_m3m/WILL/tile_14889.png,11
arctic_vegetation/20230724_riparianshrub32_m3m/PETF/tile_14979.png,6
arctic_vegetation/20230724_riparianshrub32_m3m/PETF/tile_14980.png,6
arctic_vegetation/20230724_riparianshrub32_m3m/PETF/tile_14981.png,6
arctic_vegetation/20230724_riparianshrub32_m3m/PETF/tile_14982.png,6
arctic_vegetation/20230724_riparianshrub32_m3m/LICH/tile_14983.png,4
arctic_vegetation/20230724_riparianshrub32_m3m/LICH/tile_14984.png,4
arctic_vegetation/20230724_riparianshrub32_m3m/LICH/tile_14985.png,4
arctic_vegetation/20230724_riparianshrub32_m3m/PETF/tile_14986.png,6
arctic_vegetation/20230724_riparianshrub32_m3m/ALDE/tile_14988.png,0
arctic_vegetation/20230724_riparianshrub32_m3m/ALDE/tile_14989.png,0
arctic_vegetation/20230724_riparianshrub32_m3m/ALDE/tile_14990.png,0
arctic_vegetation/20230724_riparianshrub32_m3m/ALDE/tile_14991.png,0
arctic_vegetation/20230724_riparianshrub32_m3m/ALDE/tile_14992.png,0
arctic_vegetation/20230724_riparianshrub32_m3m/ALDE/tile_14993.png,0
arctic_vegetation/20230724_riparianshrub32_m3m/ALDE/tile_14994.png,0
arctic_vegetation/20230724_riparianshrub32_m3m/ALDE/tile_14995.png,0
arctic_vegetation/20230724_riparianshrub32_m3m/ALDE/tile_14996.png,0
arctic_vegetation/20230724_riparianshrub32_m3m/SEDG/tile_14997.png,9
arctic_vegetation/20230724_riparianshrub32_m3m/SEDG/tile_14998.png,9
arctic_vegetation/20230724_riparianshrub32_m3m/SEDG/tile_14999.png,9
arctic_vegetation/20230724_riparianshrub32_m3m/ALDE/tile_15000.png,0
arctic_vegetation/20230724_riparianshrub32_m3m/ALDE/tile_15001.png,0
arctic_vegetation/20230724_riparianshrub32_m3m/ALDE/tile_15002.png,0
arctic_vegetation/20230724_riparianshrub32_m3m/ALDE/tile_15003.png,0
arctic_vegetation/20230724_riparianshrub32_m3m/ALDE/tile_15004.png,0
arctic_vegetation/20230724_riparianshrub32_m3m/ALDE/tile_15005.png,0
arctic_vegetation/20230724_riparianshrub32_m3m/ALDE/tile_15006.png,0
arctic_vegetation/20230724_riparianshrub32_m3m/ALDE/tile_15007.png,0
arctic_vegetation/20230724_riparianshrub32_m3m/ALDE/tile_15008.png,0
arctic_vegetation/20230724_riparianshrub32_m3m/ALDE/tile_15009.png,0
arctic_vegetation/20230724_riparianshrub32_m3m/ALDE/tile_15010.png,0
arctic_vegetation/20230724_riparianshrub32_m3m/WILL/tile_15015.png,11
arctic_vegetation/20230724_riparianshrub32_m3m/WILL/tile_15016.png,11
arctic_vegetation/20230724_riparianshrub32_m3m/WILL/tile_15017.png,11
arctic_vegetation/20230724_riparianshrub32_m3m/WILL/tile_15018.png,11
arctic_vegetation/20230724_riparianshrub32_m3m/WILL/tile_15019.png,11
arctic_vegetation/20230724_riparianshrub32_m3m/WILL/tile_15020.png,11
arctic_vegetation/20230724_riparianshrub32_m3m/WILL/tile_15021.png,11
arctic_vegetation/20230724_riparianshrub32_m3m/WILL/tile_15022.png,11
arctic_vegetation/20230724_riparianshrub32_m3m/WILL/tile_15023.png,11
arctic_vegetation/20230724_riparianshrub32_m3m/WILL/tile_15024.png,11
arctic_vegetation/20230724_riparianshrub32_m3m/WILL/tile_15025.png,11
arctic_vegetation/20230724_riparianshrub32_m3m/WILL/tile_15026.png,11
arctic_vegetation/20230724_riparianshrub32_m3m/ALDE/tile_15027.png,0
arctic_vegetation/20230724_riparianshrub32_m3m/WILL/tile_15028.png,11
arctic_vegetation/20230724_riparianshrub32_m3m/WILL/tile_15029.png,11
arctic_vegetation/20230724_riparianshrub32_m3m/WILL/tile_15030.png,11
arctic_vegetation/20230724_riparianshrub32_m3m/SEDG/tile_15031.png,9
arctic_vegetation/20230724_riparianshrub32_m3m/SEDG/tile_15032.png,9
arctic_vegetation/20230724_riparianshrub32_m3m/SEDG/tile_15033.png,9
arctic_vegetation/20230724_riparianshrub32_m3m/SEDG/tile_15034.png,9
arctic_vegetation/20230724_riparianshrub32_m3m/SEDG/tile_15035.png,9
arctic_vegetation/20230724_riparianshrub32_m3m/SEDG/tile_15036.png,9
arctic_vegetation/20230724_riparianshrub32_m3m/SEDG/tile_15037.png,9
arctic_vegetation/20230724_riparianshrub32_m3m/SEDG/tile_15038.png,9
arctic_vegetation/20230724_riparianshrub32_m3m/SEDG/tile_15039.png,9
arctic_vegetation/20230724_riparianshrub32_m3m/SEDG/tile_15040.png,9
arctic_vegetation/20230724_riparianshrub32_m3m/SEDG/tile_15041.png,9
arctic_vegetation/20230724_riparianshrub32_m3m/SEDG/tile_15042.png,9
arctic_vegetation/20230724_riparianshrub32_m3m/SEDG/tile_15043.png,9
arctic_vegetation/20230724_riparianshrub32_m3m/SEDG/tile_15044.png,9
arctic_vegetation/20230724_riparianshrub32_m3m/SEDG/tile_15045.png,9
arctic_vegetation/20230724_riparianshrub32_m3m/SEDG/tile_15046.png,9
arctic_vegetation/20230724_riparianshrub32_m3m/SEDG/tile_15047.png,9
arctic_vegetation/20230724_riparianshrub32_m3m/WILL/tile_15049.png,11
arctic_vegetation/20230724_riparianshrub32_m3m/WILL/tile_15050.png,11
arctic_vegetation/20230724_riparianshrub32_m3m/WILL/tile_15051.png,11
arctic_vegetation/20230724_riparianshrub32_m3m/WILL/tile_15052.png,11
arctic_vegetation/20230724_riparianshrub32_m3m/WILL/tile_15053.png,11
arctic_vegetation/20230724_riparianshrub32_m3m/WILL/tile_15054.png,11
arctic_vegetation/20230724_riparianshrub32_m3m/WILL/tile_15055.png,11
arctic_vegetation/20230724_riparianshrub32_m3m/WILL/tile_15056.png,11
arctic_vegetation/20230724_riparianshrub32_m3m/WILL/tile_15057.png,11
arctic_vegetation/20230724_riparianshrub32_m3m/WILL/tile_15058.png,11
arctic_vegetation/20230724_riparianshrub32_m3m/ALDE/tile_15059.png,0
arctic_vegetation/20230724_riparianshrub32_m3m/ALDE/tile_15060.png,0
arctic_vegetation/20230724_riparianshrub32_m3m/ALDE/tile_15061.png,0
arctic_vegetation/20230724_riparianshrub32_m3m/ALDE/tile_15062.png,0
arctic_vegetation/20230724_riparianshrub32_m3m/ALDE/tile_15063.png,0
arctic_vegetation/20230724_riparianshrub32_m3m/ALDE/tile_15064.png,0
arctic_vegetation/20230724_riparianshrub32_m3m/ALDE/tile_15065.png,0
arctic_vegetation/20230724_riparianshrub32_m3m/WILL/tile_15066.png,11
arctic_vegetation/20230724_riparianshrub32_m3m/WILL/tile_15067.png,11
arctic_vegetation/20230724_riparianshrub32_m3m/WILL/tile_15068.png,11
arctic_vegetation/20230724_riparianshrub32_m3m/WILL/tile_15069.png,11
arctic_vegetation/20230724_riparianshrub32_m3m/ALDE/tile_15168.png,0
arctic_vegetation/20230724_riparianshrub32_m3m/ALDE/tile_15169.png,0
arctic_vegetation/20230724_riparianshrub32_m3m/ALDE/tile_15170.png,0
arctic_vegetation/20230724_riparianshrub32_m3m/ALDE/tile_15171.png,0
arctic_vegetation/20230724_riparianshrub32_m3m/ALDE/tile_15172.png,0
arctic_vegetation/20230724_riparianshrub32_m3m/ALDE/tile_15173.png,0
arctic_vegetation/20230724_riparianshrub32_m3m/ALDE/tile_15174.png,0
arctic_vegetation/20230724_riparianshrub32_m3m/ALDE/tile_15175.png,0
arctic_vegetation/20230724_riparianshrub32_m3m/ALDE/tile_15176.png,0
arctic_vegetation/20230724_riparianshrub32_m3m/SEDG/tile_15177.png,9
arctic_vegetation/20230724_riparianshrub32_m3m/SEDG/tile_15178.png,9
arctic_vegetation/20230724_riparianshrub32_m3m/SEDG/tile_15179.png,9
