filepath,label
arctic_vegetation/20230724_birch24_m3m/BIRC/tile_08498.png,2
arctic_vegetation/20230724_birch24_m3m/BIRC/tile_08499.png,2
arctic_vegetation/20230724_birch24_m3m/BIRC/tile_08500.png,2
arctic_vegetation/20230724_birch24_m3m/BIRC/tile_08501.png,2
arctic_vegetation/20230724_birch24_m3m/BIRC/tile_08502.png,2
arctic_vegetation/20230724_birch24_m3m/BIRC/tile_08503.png,2
arctic_vegetation/20230724_birch24_m3m/BIRC/tile_08504.png,2
arctic_vegetation/20230724_birch24_m3m/PETF/tile_08505.png,6
arctic_vegetation/20230724_birch24_m3m/BIRC/tile_08507.png,2
arctic_vegetation/20230724_birch24_m3m/BIRC/tile_08508.png,2
arctic_vegetation/20230724_birch24_m3m/BIRC/tile_08509.png,2
arctic_vegetation/20230724_birch24_m3m/BIRC/tile_08510.png,2
arctic_vegetation/20230724_birch24_m3m/BIRC/tile_08511.png,2
arctic_vegetation/20230724_birch24_m3m/BIRC/tile_08512.png,2
arctic_vegetation/20230724_birch24_m3m/BIRC/tile_08513.png,2
arctic_vegetation/20230724_birch24_m3m/BIRC/tile_08514.png,2
arctic_vegetation/20230724_birch24_m3m/BIRC/tile_08515.png,2
arctic_vegetation/20230724_birch24_m3m/BIRC/tile_08516.png,2
arctic_vegetation/20230724_birch24_m3m/BIRC/tile_08517.png,2
arctic_vegetation/20230724_birch24_m3m/BIRC/tile_08518.png,2
arctic_vegetation/20230724_birch24_m3m/BIRC/tile_08519.png,2
arctic_vegetation/20230724_birch24_m3m/BIRC/tile_08520.png,2
arctic_vegetation/20230724_birch24_m3m/BIRC/tile_08527.png,2
arctic_vegetation/20230724_birch24_m3m/BIRC/tile_08528.png,2
arctic_vegetation/20230724_birch24_m3m/BIRC/tile_08529.png,2
arctic_vegetation/20230724_birch24_m3m/BIRC/tile_08712.png,2
arctic_vegetation/20230724_birch24_m3m/BIRC/tile_08713.png,2
arctic_vegetation/20230724_birch24_m3m/BIRC/tile_08714.png,2
arctic_vegetation/20230724_birch24_m3m/BIRC/tile_08715.png,2
arctic_vegetation/20230724_birch24_m3m/BIRC/tile_08716.png,2
arctic_vegetation/20230724_birch24_m3m/BIRC/tile_08717.png,2
arctic_vegetation/20230724_birch24_m3m/BIRC/tile_08718.png,2
arctic_vegetation/20230724_birch24_m3m/BIRC/tile_08719.png,2
arctic_vegetation/20230724_birch24_m3m/BIRC/tile_08721.png,2
arctic_vegetation/20230724_birch24_m3m/BIRC/tile_08722.png,2
arctic_vegetation/20230724_birch24_m3m/BIRC/tile_08723.png,2
arctic_vegetation/20230724_birch24_m3m/BIRC/tile_08724.png,2
arctic_vegetation/20230724_birch24_m3m/BIRC/tile_08725.png,2
arctic_vegetation/20230724_birch24_m3m/BIRC/tile_08726.png,2
arctic_vegetation/20230724_birch24_m3m/BIRC/tile_08727.png,2
arctic_vegetation/20230724_birch24_m3m/BIRC/tile_08728.png,2
arctic_vegetation/20230724_birch24_m3m/BIRC/tile_08729.png,2
arctic_vegetation/20230724_birch24_m3m/BIRC/tile_08730.png,2
arctic_vegetation/20230724_birch24_m3m/BIRC/tile_08731.png,2
arctic_vegetation/20230724_birch24_m3m/BIRC/tile_08732.png,2
arctic_vegetation/20230724_birch24_m3m/BIRC/tile_08733.png,2
arctic_vegetation/20230724_birch24_m3m/BIRC/tile_08734.png,2
arctic_vegetation/20230724_birch24_m3m/BIRC/tile_08735.png,2
arctic_vegetation/20230724_birch24_m3m/BIRC/tile_08739.png,2
arctic_vegetation/20230724_birch24_m3m/BIRC/tile_08740.png,2
arctic_vegetation/20230724_birch24_m3m/BIRC/tile_08741.png,2
arctic_vegetation/20230724_birch24_m3m/BIRC/tile_08742.png,2
arctic_vegetation/20230724_birch24_m3m/BIRC/tile_08743.png,2
arctic_vegetation/20230724_birch24_m3m/BIRC/tile_08926.png,2
arctic_vegetation/20230724_birch24_m3m/BIRC/tile_08927.png,2
arctic_vegetation/20230724_birch24_m3m/BIRC/tile_08928.png,2
arctic_vegetation/20230724_birch24_m3m/BIRC/tile_08929.png,2
arctic_vegetation/20230724_birch24_m3m/BIRC/tile_08930.png,2
arctic_vegetation/20230724_birch24_m3m/BIRC/tile_08931.png,2
arctic_vegetation/20230724_birch24_m3m/BIRC/tile_08932.png,2
arctic_vegetation/20230724_birch24_m3m/BIRC/tile_08933.png,2
arctic_vegetation/20230724_birch24_m3m/BIRC/tile_08934.png,2
arctic_vegetation/20230724_birch24_m3m/BIRC/tile_08935.png,2
arctic_vegetation/20230724_birch24_m3m/BIRC/tile_08936.png,2
arctic_vegetation/20230724_birch24_m3m/BIRC/tile_08937.png,2
arctic_vegetation/20230724_birch24_m3m/BIRC/tile_08938.png,2
arctic_vegetation/20230724_birch24_m3m/BIRC/tile_08939.png,2
arctic_vegetation/20230724_birch24_m3m/BIRC/tile_08940.png,2
arctic_vegetation/20230724_birch24_m3m/BIRC/tile_08941.png,2
arctic_vegetation/20230724_birch24_m3m/BIRC/tile_08942.png,2
arctic_vegetation/20230724_birch24_m3m/BIRC/tile_08943.png,2
arctic_vegetation/20230724_birch24_m3m/BIRC/tile_08944.png,2
arctic_vegetation/20230724_birch24_m3m/BIRC/tile_08945.png,2
arctic_vegetation/20230724_birch24_m3m/BIRC/tile_08946.png,2
arctic_vegetation/20230724_birch24_m3m/BIRC/tile_08947.png,2
arctic_vegetation/20230724_birch24_m3m/BIRC/tile_08948.png,2
arctic_vegetation/20230724_birch24_m3m/BIRC/tile_08949.png,2
arctic_vegetation/20230724_birch24_m3m/BIRC/tile_08953.png,2
arctic_vegetation/20230724_birch24_m3m/BIRC/tile_08954.png,2
arctic_vegetation/20230724_birch24_m3m/BIRC/tile_08955.png,2
arctic_vegetation/20230724_birch24_m3m/BIRC/tile_08956.png,2
arctic_vegetation/20230724_birch24_m3m/BIRC/tile_08957.png,2
arctic_vegetation/20230724_birch24_m3m/BIRC/tile_09140.png,2
arctic_vegetation/20230724_birch24_m3m/BIRC/tile_09141.png,2
arctic_vegetation/20230724_birch24_m3m/BIRC/tile_09142.png,2
arctic_vegetation/20230724_birch24_m3m/BIRC/tile_09143.png,2
arctic_vegetation/20230724_birch24_m3m/BIRC/tile_09144.png,2
arctic_vegetation/20230724_birch24_m3m/BIRC/tile_09145.png,2
arctic_vegetation/20230724_birch24_m3m/BIRC/tile_09146.png,2
arctic_vegetation/20230724_birch24_m3m/BIRC/tile_09147.png,2
arctic_vegetation/20230724_birch24_m3m/BIRC/tile_09148.png,2
arctic_vegetation/20230724_birch24_m3m/BIRC/tile_09149.png,2
arctic_vegetation/20230724_birch24_m3m/BIRC/tile_09150.png,2
arctic_vegetation/20230724_birch24_m3m/BIRC/tile_09151.png,2
arctic_vegetation/20230724_birch24_m3m/BIRC/tile_09152.png,2
arctic_vegetation/20230724_birch24_m3m/BIRC/tile_09153.png,2
arctic_vegetation/20230724_birch24_m3m/BIRC/tile_09154.png,2
arctic_vegetation/20230724_birch24_m3m/BIRC/tile_09155.png,2
arctic_vegetation/20230724_birch24_m3m/BIRC/tile_09156.png,2
arctic_vegetation/20230724_birch24_m3m/BIRC/tile_09157.png,2
arctic_vegetation/20230724_birch24_m3m/BIRC/tile_09158.png,2
arctic_vegetation/20230724_birch24_m3m/BIRC/tile_09159.png,2
arctic_vegetation/20230724_birch24_m3m/BIRC/tile_09160.png,2
arctic_vegetation/20230724_birch24_m3m/BIRC/tile_09161.png,2
arctic_vegetation/20230724_birch24_m3m/BIRC/tile_09162.png,2
arctic_vegetation/20230724_birch24_m3m/BIRC/tile_09163.png,2
arctic_vegetation/20230724_birch24_m3m/BIRC/tile_09167.png,2
arctic_vegetation/20230724_birch24_m3m/BIRC/tile_09168.png,2
arctic_vegetation/20230724_birch24_m3m/BIRC/tile_09169.png,2
arctic_vegetation/20230724_birch24_m3m/BIRC/tile_09170.png,2
arctic_vegetation/20230724_birch24_m3m/BIRC/tile_09171.png,2
arctic_vegetation/20230724_birch24_m3m/BIRC/tile_09172.png,2
arctic_vegetation/20230724_birch24_m3m/BIRC/tile_09354.png,2
arctic_vegetation/20230724_birch24_m3m/BIRC/tile_09355.png,2
arctic_vegetation/20230724_birch24_m3m/BIRC/tile_09356.png,2
arctic_vegetation/20230724_birch24_m3m/BIRC/tile_09357.png,2
arctic_vegetation/20230724_birch24_m3m/BIRC/tile_09358.png,2
arctic_vegetation/20230724_birch24_m3m/BIRC/tile_09359.png,2
arctic_vegetation/20230724_birch24_m3m/BIRC/tile_09360.png,2
arctic_vegetation/20230724_birch24_m3m/BIRC/tile_09361.png,2
arctic_vegetation/20230724_birch24_m3m/BIRC/tile_09362.png,2
arctic_vegetation/20230724_birch24_m3m/BIRC/tile_09363.png,2
arctic_vegetation/20230724_birch24_m3m/BIRC/tile_09364.png,2
arctic_vegetation/20230724_birch24_m3m/BIRC/tile_09365.png,2
arctic_vegetation/20230724_birch24_m3m/BIRC/tile_09366.png,2
arctic_vegetation/20230724_birch24_m3m/BIRC/tile_09367.png,2
arctic_vegetation/20230724_birch24_m3m/BIRC/tile_09368.png,2
arctic_vegetation/20230724_birch24_m3m/BIRC/tile_09369.png,2
arctic_vegetation/20230724_birch24_m3m/BIRC/tile_09370.png,2
arctic_vegetation/20230724_birch24_m3m/BIRC/tile_09371.png,2
arctic_vegetation/20230724_birch24_m3m/BIRC/tile_09372.png,2
arctic_vegetation/20230724_birch24_m3m/BIRC/tile_09373.png,2
arctic_vegetation/20230724_birch24_m3m/BIRC/tile_09374.png,2
arctic_vegetation/20230724_birch24_m3m/BIRC/tile_09375.png,2
arctic_vegetation/20230724_birch24_m3m/BIRC/tile_09376.png,2
arctic_vegetation/20230724_birch24_m3m/BIRC/tile_09377.png,2
arctic_vegetation/20230724_birch24_m3m/BIRC/tile_09381.png,2
arctic_vegetation/20230724_birch24_m3m/BIRC/tile_09382.png,2
arctic_vegetation/20230724_birch24_m3m/BIRC/tile_09383.png,2
arctic_vegetation/20230724_birch24_m3m/BIRC/tile_09384.png,2
arctic_vegetation/20230724_birch24_m3m/BIRC/tile_09385.png,2
arctic_vegetation/20230724_birch24_m3m/BIRC/tile_09386.png,2
arctic_vegetation/20230724_birch24_m3m/BIRC/tile_09420.png,2
arctic_vegetation/20230724_birch24_m3m/BIRC/tile_09421.png,2
arctic_vegetation/20230724_birch24_m3m/BIRC/tile_09422.png,2
arctic_vegetation/20230724_birch24_m3m/BIRC/tile_09423.png,2
arctic_vegetation/20230724_birch24_m3m/BIRC/tile_09424.png,2
arctic_vegetation/20230724_birch24_m3m/BIRC/tile_09425.png,2
arctic_vegetation/20230724_birch24_m3m/BIRC/tile_09426.png,2
arctic_vegetation/20230724_birch24_m3m/BIRC/tile_09427.png,2
arctic_vegetation/20230724_birch24_m3m/BIRC/tile_09428.png,2
arctic_vegetation/20230724_birch24_m3m/BIRC/tile_09429.png,2
arctic_vegetation/20230724_birch24_m3m/BIRC/tile_09568.png,2
arctic_vegetation/20230724_birch24_m3m/BIRC/tile_09569.png,2
arctic_vegetation/20230724_birch24_m3m/BIRC/tile_09570.png,2
arctic_vegetation/20230724_birch24_m3m/BIRC/tile_09571.png,2
arctic_vegetation/20230724_birch24_m3m/BIRC/tile_09572.png,2
arctic_vegetation/20230724_birch24_m3m/BIRC/tile_09573.png,2
arctic_vegetation/20230724_birch24_m3m/BIRC/tile_09574.png,2
arctic_vegetation/20230724_birch24_m3m/BIRC/tile_09575.png,2
arctic_vegetation/20230724_birch24_m3m/BIRC/tile_09576.png,2
arctic_vegetation/20230724_birch24_m3m/BIRC/tile_09577.png,2
arctic_vegetation/20230724_birch24_m3m/BIRC/tile_09578.png,2
arctic_vegetation/20230724_birch24_m3m/BIRC/tile_09579.png,2
arctic_vegetation/20230724_birch24_m3m/BIRC/tile_09580.png,2
arctic_vegetation/20230724_birch24_m3m/BIRC/tile_09581.png,2
arctic_vegetation/20230724_birch24_m3m/BIRC/tile_09582.png,2
arctic_vegetation/20230724_birch24_m3m/BIRC/tile_09583.png,2
arctic_vegetation/20230724_birch24_m3m/BIRC/tile_09584.png,2
arctic_vegetation/20230724_birch24_m3m/BIRC/tile_09585.png,2
arctic_vegetation/20230724_birch24_m3m/BIRC/tile_09586.png,2
arctic_vegetation/20230724_birch24_m3m/BIRC/tile_09587.png,2
arctic_vegetation/20230724_birch24_m3m/BIRC/tile_09588.png,2
arctic_vegetation/20230724_birch24_m3m/BIRC/tile_09589.png,2
arctic_vegetation/20230724_birch24_m3m/BIRC/tile_09590.png,2
arctic_vegetation/20230724_birch24_m3m/BIRC/tile_09595.png,2
arctic_vegetation/20230724_birch24_m3m/BIRC/tile_09596.png,2
arctic_vegetation/20230724_birch24_m3m/BIRC/tile_09597.png,2
arctic_vegetation/20230724_birch24_m3m/BIRC/tile_09598.png,2
arctic_vegetation/20230724_birch24_m3m/BIRC/tile_09599.png,2
arctic_vegetation/20230724_birch24_m3m/BIRC/tile_09600.png,2
arctic_vegetation/20230724_birch24_m3m/BIRC/tile_09634.png,2
arctic_vegetation/20230724_birch24_m3m/BIRC/tile_09635.png,2
arctic_vegetation/20230724_birch24_m3m/BIRC/tile_09636.png,2
arctic_vegetation/20230724_birch24_m3m/BIRC/tile_09637.png,2
arctic_vegetation/20230724_birch24_m3m/BIRC/tile_09638.png,2
arctic_vegetation/20230724_birch24_m3m/BIRC/tile_09639.png,2
arctic_vegetation/20230724_birch24_m3m/BIRC/tile_09640.png,2
arctic_vegetation/20230724_birch24_m3m/BIRC/tile_09641.png,2
arctic_vegetation/20230724_birch24_m3m/BIRC/tile_09642.png,2
arctic_vegetation/20230724_birch24_m3m/BIRC/tile_09643.png,2
arctic_vegetation/20230724_birch24_m3m/BIRC/tile_09782.png,2
arctic_vegetation/20230724_birch24_m3m/BIRC/tile_09783.png,2
arctic_vegetation/20230724_birch24_m3m/BIRC/tile_09784.png,2
arctic_vegetation/20230724_birch24_m3m/BIRC/tile_09785.png,2
arctic_vegetation/20230724_birch24_m3m/PETF/tile_09786.png,6
arctic_vegetation/20230724_birch24_m3m/BIRC/tile_09787.png,2
arctic_vegetation/20230724_birch24_m3m/BIRC/tile_09788.png,2
arctic_vegetation/20230724_birch24_m3m/BIRC/tile_09789.png,2
arctic_vegetation/20230724_birch24_m3m/BIRC/tile_09790.png,2
arctic_vegetation/20230724_birch24_m3m/BIRC/tile_09791.png,2
arctic_vegetation/20230724_birch24_m3m/BIRC/tile_09792.png,2
arctic_vegetation/20230724_birch24_m3m/BIRC/tile_09793.png,2
arctic_vegetation/20230724_birch24_m3m/BIRC/tile_09794.png,2
arctic_vegetation/20230724_birch24_m3m/BIRC/tile_09795.png,2
arctic_vegetation/20230724_birch24_m3m/BIRC/tile_09796.png,2
arctic_vegetation/20230724_birch24_m3m/BIRC/tile_09797.png,2
arctic_vegetation/20230724_birch24_m3m/BIRC/tile_09798.png,2
arctic_vegetation/20230724_birch24_m3m/BIRC/tile_09799.png,2
arctic_vegetation/20230724_birch24_m3m/BIRC/tile_09800.png,2
arctic_vegetation/20230724_birch24_m3m/BIRC/tile_09801.png,2
arctic_vegetation/20230724_birch24_m3m/BIRC/tile_09802.png,2
arctic_vegetation/20230724_birch24_m3m/BIRC/tile_09803.png,2
arctic_vegetation/20230724_birch24_m3m/BIRC/tile_09804.png,2
arctic_vegetation/20230724_birch24_m3m/BIRC/tile_09848.png,2
arctic_vegetation/20230724_birch24_m3m/BIRC/tile_09849.png,2
arctic_vegetation/20230724_birch24_m3m/BIRC/tile_09850.png,2
arctic_vegetation/20230724_birch24_m3m/BIRC/tile_09851.png,2
arctic_vegetation/20230724_birch24_m3m/BIRC/tile_09852.png,2
arctic_vegetation/20230724_birch24_m3m/BIRC/tile_09853.png,2
arctic_vegetation/20230724_birch24_m3m/BIRC/tile_09854.png,2
arctic_vegetation/20230724_birch24_m3m/WILL/tile_09855.png,11
arctic_vegetation/20230724_birch24_m3m/WILL/tile_09856.png,11
arctic_vegetation/20230724_birch24_m3m/WILL/tile_09857.png,11
arctic_vegetation/20230724_birch24_m3m/BIRC/tile_09996.png,2
arctic_vegetation/20230724_birch24_m3m/BIRC/tile_09997.png,2
arctic_vegetation/20230724_birch24_m3m/BIRC/tile_09998.png,2
arctic_vegetation/20230724_birch24_m3m/BIRC/tile_09999.png,2
arctic_vegetation/20230724_birch24_m3m/BIRC/tile_10000.png,2
arctic_vegetation/20230724_birch24_m3m/BIRC/tile_10001.png,2
arctic_vegetation/20230724_birch24_m3m/BIRC/tile_10002.png,2
arctic_vegetation/20230724_birch24_m3m/BIRC/tile_10003.png,2
arctic_vegetation/20230724_birch24_m3m/BIRC/tile_10004.png,2
arctic_vegetation/20230724_birch24_m3m/BIRC/tile_10005.png,2
arctic_vegetation/20230724_birch24_m3m/BIRC/tile_10006.png,2
arctic_vegetation/20230724_birch24_m3m/BIRC/tile_10007.png,2
arctic_vegetation/20230724_birch24_m3m/BIRC/tile_10008.png,2
arctic_vegetation/20230724_birch24_m3m/BIRC/tile_10009.png,2
arctic_vegetation/20230724_birch24_m3m/BIRC/tile_10010.png,2
arctic_vegetation/20230724_birch24_m3m/BIRC/tile_10011.png,2
arctic_vegetation/20230724_birch24_m3m/BIRC/tile_10012.png,2
arctic_vegetation/20230724_birch24_m3m/BIRC/tile_10013.png,2
arctic_vegetation/20230724_birch24_m3m/BIRC/tile_10014.png,2
arctic_vegetation/20230724_birch24_m3m/BIRC/tile_10015.png,2
arctic_vegetation/20230724_birch24_m3m/BIRC/tile_10016.png,2
arctic_vegetation/20230724_birch24_m3m/BIRC/tile_10017.png,2
arctic_vegetation/20230724_birch24_m3m/BIRC/tile_10018.png,2
arctic_vegetation/20230724_birch24_m3m/BIRC/tile_10062.png,2
arctic_vegetation/20230724_birch24_m3m/BIRC/tile_10063.png,2
arctic_vegetation/20230724_birch24_m3m/BIRC/tile_10064.png,2
arctic_vegetation/20230724_birch24_m3m/BIRC/tile_10065.png,2
arctic_vegetation/20230724_birch24_m3m/BIRC/tile_10066.png,2
arctic_vegetation/20230724_birch24_m3m/BIRC/tile_10067.png,2
arctic_vegetation/20230724_birch24_m3m/BIRC/tile_10068.png,2
arctic_vegetation/20230724_birch24_m3m/BIRC/tile_10069.png,2
arctic_vegetation/20230724_birch24_m3m/BIRC/tile_10070.png,2
arctic_vegetation/20230724_birch24_m3m/BIRC/tile_10071.png,2
arctic_vegetation/20230724_birch24_m3m/BIRC/tile_10210.png,2
arctic_vegetation/20230724_birch24_m3m/BIRC/tile_10211.png,2
arctic_vegetation/20230724_birch24_m3m/BIRC/tile_10212.png,2
arctic_vegetation/20230724_birch24_m3m/BIRC/tile_10213.png,2
arctic_vegetation/20230724_birch24_m3m/BIRC/tile_10214.png,2
arctic_vegetation/20230724_birch24_m3m/BIRC/tile_10215.png,2
arctic_vegetation/20230724_birch24_m3m/BIRC/tile_10216.png,2
arctic_vegetation/20230724_birch24_m3m/BIRC/tile_10217.png,2
arctic_vegetation/20230724_birch24_m3m/BIRC/tile_10218.png,2
arctic_vegetation/20230724_birch24_m3m/BIRC/tile_10219.png,2
arctic_vegetation/20230724_birch24_m3m/BIRC/tile_10220.png,2
arctic_vegetation/20230724_birch24_m3m/BIRC/tile_10221.png,2
arctic_vegetation/20230724_birch24_m3m/BIRC/tile_10222.png,2
arctic_vegetation/20230724_birch24_m3m/BIRC/tile_10223.png,2
arctic_vegetation/20230724_birch24_m3m/BIRC/tile_10224.png,2
arctic_vegetation/20230724_birch24_m3m/WILL/tile_10225.png,11
arctic_vegetation/20230724_birch24_m3m/WILL/tile_10226.png,11
arctic_vegetation/20230724_birch24_m3m/WILL/tile_10227.png,11
arctic_vegetation/20230724_birch24_m3m/BIRC/tile_10228.png,2
arctic_vegetation/20230724_birch24_m3m/BIRC/tile_10229.png,2
arctic_vegetation/20230724_birch24_m3m/BIRC/tile_10230.png,2
arctic_vegetation/20230724_birch24_m3m/BIRC/tile_10231.png,2
arctic_vegetation/20230724_birch24_m3m/BIRC/tile_10232.png,2
arctic_vegetation/20230724_birch24_m3m/BIRC/tile_10276.png,2
arctic_vegetation/20230724_birch24_m3m/BIRC/tile_10277.png,2
arctic_vegetation/20230724_birch24_m3m/BIRC/tile_10278.png,2
arctic_vegetation/20230724_birch24_m3m/WILL/tile_10279.png,11
arctic_vegetation/20230724_birch24_m3m/BIRC/tile_10280.png,2
arctic_vegetation/20230724_birch24_m3m/BIRC/tile_10281.png,2
arctic_vegetation/20230724_birch24_m3m/BIRC/tile_10282.png,2
arctic_vegetation/20230724_birch24_m3m/BIRC/tile_10283.png,2
arctic_vegetation/20230724_birch24_m3m/BIRC/tile_10284.png,2
arctic_vegetation/20230724_birch24_m3m/BIRC/tile_10285.png,2
arctic_vegetation/20230724_birch24_m3m/BIRC/tile_10424.png,2
arctic_vegetation/20230724_birch24_m3m/BIRC/tile_10425.png,2
arctic_vegetation/20230724_birch24_m3m/BIRC/tile_10426.png,2
arctic_vegetation/20230724_birch24_m3m/BIRC/tile_10427.png,2
arctic_vegetation/20230724_birch24_m3m/BIRC/tile_10428.png,2
arctic_vegetation/20230724_birch24_m3m/BIRC/tile_10429.png,2
arctic_vegetation/20230724_birch24_m3m/BIRC/tile_10430.png,2
arctic_vegetation/20230724_birch24_m3m/BIRC/tile_10431.png,2
arctic_vegetation/20230724_birch24_m3m/BIRC/tile_10432.png,2
arctic_vegetation/20230724_birch24_m3m/BIRC/tile_10433.png,2
arctic_vegetation/20230724_birch24_m3m/BIRC/tile_10434.png,2
arctic_vegetation/20230724_birch24_m3m/BIRC/tile_10435.png,2
arctic_vegetation/20230724_birch24_m3m/BIRC/tile_10436.png,2
arctic_vegetation/20230724_birch24_m3m/BIRC/tile_10437.png,2
arctic_vegetation/20230724_birch24_m3m/BIRC/tile_10438.png,2
arctic_vegetation/20230724_birch24_m3m/WILL/tile_10439.png,11
arctic_vegetation/20230724_birch24_m3m/WILL/tile_10440.png,11
arctic_vegetation/20230724_birch24_m3m/WILL/tile_10441.png,11
arctic_vegetation/20230724_birch24_m3m/BIRC/tile_10442.png,2
arctic_vegetation/20230724_birch24_m3m/BIRC/tile_10443.png,2
arctic_vegetation/20230724_birch24_m3m/BIRC/tile_10444.png,2
arctic_vegetation/20230724_birch24_m3m/BIRC/tile_10445.png,2
arctic_vegetation/20230724_birch24_m3m/PETF/tile_10449.png,6
arctic_vegetation/20230724_birch24_m3m/PETF/tile_10450.png,6
arctic_vegetation/20230724_birch24_m3m/BIRC/tile_10490.png,2
arctic_vegetation/20230724_birch24_m3m/BIRC/tile_10491.png,2
arctic_vegetation/20230724_birch24_m3m/BIRC/tile_10492.png,2
arctic_vegetation/20230724_birch24_m3m/WILL/tile_10493.png,11
arctic_vegetation/20230724_birch24_m3m/BIRC/tile_10494.png,2
arctic_vegetation/20230724_birch24_m3m/BIRC/tile_10495.png,2
arctic_vegetation/20230724_birch24_m3m/BIRC/tile_10496.png,2
arctic_vegetation/20230724_birch24_m3m/BIRC/tile_10497.png,2
arctic_vegetation/20230724_birch24_m3m/BIRC/tile_10498.png,2
arctic_vegetation/20230724_birch24_m3m/BIRC/tile_10499.png,2
arctic_vegetation/20230724_birch24_m3m/BIRC/tile_10638.png,2
arctic_vegetation/20230724_birch24_m3m/BIRC/tile_10639.png,2
arctic_vegetation/20230724_birch24_m3m/BIRC/tile_10640.png,2
arctic_vegetation/20230724_birch24_m3m/BIRC/tile_10641.png,2
arctic_vegetation/20230724_birch24_m3m/BIRC/tile_10642.png,2
arctic_vegetation/20230724_birch24_m3m/BIRC/tile_10643.png,2
arctic_vegetation/20230724_birch24_m3m/BIRC/tile_10644.png,2
arctic_vegetation/20230724_birch24_m3m/BIRC/tile_10645.png,2
arctic_vegetation/20230724_birch24_m3m/WILL/tile_10646.png,11
arctic_vegetation/20230724_birch24_m3m/BIRC/tile_10647.png,2
arctic_vegetation/20230724_birch24_m3m/BIRC/tile_10648.png,2
arctic_vegetation/20230724_birch24_m3m/BIRC/tile_10649.png,2
arctic_vegetation/20230724_birch24_m3m/BIRC/tile_10650.png,2
arctic_vegetation/20230724_birch24_m3m/BIRC/tile_10651.png,2
arctic_vegetation/20230724_birch24_m3m/BIRC/tile_10652.png,2
arctic_vegetation/20230724_birch24_m3m/BIRC/tile_10653.png,2
arctic_vegetation/20230724_birch24_m3m/BIRC/tile_10654.png,2
arctic_vegetation/20230724_birch24_m3m/BIRC/tile_10655.png,2
arctic_vegetation/20230724_birch24_m3m/BIRC/tile_10656.png,2
arctic_vegetation/20230724_birch24_m3m/BIRC/tile_10657.png,2
arctic_vegetation/20230724_birch24_m3m/BIRC/tile_10658.png,2
arctic_vegetation/20230724_birch24_m3m/BIRC/tile_10659.png,2
arctic_vegetation/20230724_birch24_m3m/PETF/tile_10660.png,6
arctic_vegetation/20230724_birch24_m3m/PETF/tile_10663.png,6
arctic_vegetation/20230724_birch24_m3m/PETF/tile_10664.png,6
arctic_vegetation/20230724_birch24_m3m/BIRC/tile_10704.png,2
arctic_vegetation/20230724_birch24_m3m/BIRC/tile_10705.png,2
arctic_vegetation/20230724_birch24_m3m/WILL/tile_10706.png,11
arctic_vegetation/20230724_birch24_m3m/WILL/tile_10707.png,11
arctic_vegetation/20230724_birch24_m3m/BIRC/tile_10708.png,2
arctic_vegetation/20230724_birch24_m3m/BIRC/tile_10709.png,2
arctic_vegetation/20230724_birch24_m3m/BIRC/tile_10710.png,2
arctic_vegetation/20230724_birch24_m3m/BIRC/tile_10711.png,2
arctic_vegetation/20230724_birch24_m3m/BIRC/tile_10712.png,2
arctic_vegetation/20230724_birch24_m3m/BIRC/tile_10713.png,2
arctic_vegetation/20230724_birch24_m3m/BIRC/tile_10853.png,2
arctic_vegetation/20230724_birch24_m3m/BIRC/tile_10854.png,2
arctic_vegetation/20230724_birch24_m3m/BIRC/tile_10855.png,2
arctic_vegetation/20230724_birch24_m3m/BIRC/tile_10856.png,2
arctic_vegetation/20230724_birch24_m3m/BIRC/tile_10857.png,2
arctic_vegetation/20230724_birch24_m3m/BIRC/tile_10858.png,2
arctic_vegetation/20230724_birch24_m3m/BIRC/tile_10859.png,2
arctic_vegetation/20230724_birch24_m3m/BIRC/tile_10860.png,2
arctic_vegetation/20230724_birch24_m3m/BIRC/tile_10861.png,2
arctic_vegetation/20230724_birch24_m3m/BIRC/tile_10862.png,2
arctic_vegetation/20230724_birch24_m3m/BIRC/tile_10863.png,2
arctic_vegetation/20230724_birch24_m3m/WILL/tile_10864.png,11
arctic_vegetation/20230724_birch24_m3m/BIRC/tile_10865.png,2
arctic_vegetation/20230724_birch24_m3m/BIRC/tile_10866.png,2
arctic_vegetation/20230724_birch24_m3m/BIRC/tile_10867.png,2
arctic_vegetation/20230724_birch24_m3m/BIRC/tile_10868.png,2
arctic_vegetation/20230724_birch24_m3m/BIRC/tile_10869.png,2
arctic_vegetation/20230724_birch24_m3m/BIRC/tile_10870.png,2
arctic_vegetation/20230724_birch24_m3m/BIRC/tile_10871.png,2
arctic_vegetation/20230724_birch24_m3m/BIRC/tile_10872.png,2
arctic_vegetation/20230724_birch24_m3m/BIRC/tile_10873.png,2
arctic_vegetation/20230724_birch24_m3m/PETF/tile_10874.png,6
arctic_vegetation/20230724_birch24_m3m/PETF/tile_10875.png,6
arctic_vegetation/20230724_birch24_m3m/BIRC/tile_10918.png,2
arctic_vegetation/20230724_birch24_m3m/BIRC/tile_10919.png,2
arctic_vegetation/20230724_birch24_m3m/BIRC/tile_10920.png,2
arctic_vegetation/20230724_birch24_m3m/WILL/tile_10921.png,11
arctic_vegetation/20230724_birch24_m3m/BIRC/tile_10922.png,2
arctic_vegetation/20230724_birch24_m3m/BIRC/tile_10923.png,2
arctic_vegetation/20230724_birch24_m3m/BIRC/tile_10924.png,2
arctic_vegetation/20230724_birch24_m3m/BIRC/tile_10925.png,2
arctic_vegetation/20230724_birch24_m3m/BIRC/tile_10926.png,2
arctic_vegetation/20230724_birch24_m3m/BIRC/tile_10927.png,2
arctic_vegetation/20230724_birch24_m3m/BIRC/tile_11067.png,2
arctic_vegetation/20230724_birch24_m3m/BIRC/tile_11068.png,2
arctic_vegetation/20230724_birch24_m3m/BIRC/tile_11069.png,2
arctic_vegetation/20230724_birch24_m3m/BIRC/tile_11070.png,2
arctic_vegetation/20230724_birch24_m3m/BIRC/tile_11071.png,2
arctic_vegetation/20230724_birch24_m3m/BIRC/tile_11072.png,2
arctic_vegetation/20230724_birch24_m3m/BIRC/tile_11073.png,2
arctic_vegetation/20230724_birch24_m3m/BIRC/tile_11074.png,2
arctic_vegetation/20230724_birch24_m3m/BIRC/tile_11075.png,2
arctic_vegetation/20230724_birch24_m3m/BIRC/tile_11076.png,2
arctic_vegetation/20230724_birch24_m3m/BIRC/tile_11077.png,2
arctic_vegetation/20230724_birch24_m3m/BIRC/tile_11078.png,2
arctic_vegetation/20230724_birch24_m3m/BIRC/tile_11079.png,2
arctic_vegetation/20230724_birch24_m3m/BIRC/tile_11080.png,2
arctic_vegetation/20230724_birch24_m3m/BIRC/tile_11081.png,2
arctic_vegetation/20230724_birch24_m3m/BIRC/tile_11082.png,2
arctic_vegetation/20230724_birch24_m3m/BIRC/tile_11083.png,2
arctic_vegetation/20230724_birch24_m3m/BIRC/tile_11084.png,2
arctic_vegetation/20230724_birch24_m3m/BIRC/tile_11085.png,2
arctic_vegetation/20230724_birch24_m3m/BIRC/tile_11086.png,2
arctic_vegetation/20230724_birch24_m3m/BIRC/tile_11087.png,2
arctic_vegetation/20230724_birch24_m3m/BIRC/tile_11088.png,2
arctic_vegetation/20230724_birch24_m3m/PETF/tile_11089.png,6
arctic_vegetation/20230724_birch24_m3m/PETF/tile_11135.png,6
arctic_vegetation/20230724_birch24_m3m/PETF/tile_11136.png,6
arctic_vegetation/20230724_birch24_m3m/BIRC/tile_11279.png,2
arctic_vegetation/20230724_birch24_m3m/BIRC/tile_11280.png,2
arctic_vegetation/20230724_birch24_m3m/BIRC/tile_11281.png,2
arctic_vegetation/20230724_birch24_m3m/BIRC/tile_11282.png,2
arctic_vegetation/20230724_birch24_m3m/BIRC/tile_11283.png,2
arctic_vegetation/20230724_birch24_m3m/BIRC/tile_11284.png,2
arctic_vegetation/20230724_birch24_m3m/BIRC/tile_11285.png,2
arctic_vegetation/20230724_birch24_m3m/BIRC/tile_11286.png,2
arctic_vegetation/20230724_birch24_m3m/BIRC/tile_11287.png,2
arctic_vegetation/20230724_birch24_m3m/BIRC/tile_11288.png,2
arctic_vegetation/20230724_birch24_m3m/BIRC/tile_11289.png,2
arctic_vegetation/20230724_birch24_m3m/BIRC/tile_11290.png,2
arctic_vegetation/20230724_birch24_m3m/BIRC/tile_11291.png,2
arctic_vegetation/20230724_birch24_m3m/BIRC/tile_11292.png,2
arctic_vegetation/20230724_birch24_m3m/BIRC/tile_11293.png,2
arctic_vegetation/20230724_birch24_m3m/BIRC/tile_11294.png,2
arctic_vegetation/20230724_birch24_m3m/BIRC/tile_11295.png,2
arctic_vegetation/20230724_birch24_m3m/BIRC/tile_11296.png,2
arctic_vegetation/20230724_birch24_m3m/BIRC/tile_11297.png,2
arctic_vegetation/20230724_birch24_m3m/BIRC/tile_11298.png,2
arctic_vegetation/20230724_birch24_m3m/BIRC/tile_11299.png,2
arctic_vegetation/20230724_birch24_m3m/BIRC/tile_11300.png,2
arctic_vegetation/20230724_birch24_m3m/BIRC/tile_11301.png,2
arctic_vegetation/20230724_birch24_m3m/BIRC/tile_11302.png,2
arctic_vegetation/20230724_birch24_m3m/BIRC/tile_11493.png,2
arctic_vegetation/20230724_birch24_m3m/BIRC/tile_11494.png,2
arctic_vegetation/20230724_birch24_m3m/BIRC/tile_11495.png,2
arctic_vegetation/20230724_birch24_m3m/BIRC/tile_11496.png,2
arctic_vegetation/20230724_birch24_m3m/BIRC/tile_11497.png,2
arctic_vegetation/20230724_birch24_m3m/BIRC/tile_11498.png,2
arctic_vegetation/20230724_birch24_m3m/BIRC/tile_11499.png,2
arctic_vegetation/20230724_birch24_m3m/BIRC/tile_11501.png,2
arctic_vegetation/20230724_birch24_m3m/BIRC/tile_11502.png,2
arctic_vegetation/20230724_birch24_m3m/BIRC/tile_11503.png,2
arctic_vegetation/20230724_birch24_m3m/BIRC/tile_11504.png,2
arctic_vegetation/20230724_birch24_m3m/BIRC/tile_11505.png,2
arctic_vegetation/20230724_birch24_m3m/BIRC/tile_11506.png,2
arctic_vegetation/20230724_birch24_m3m/BIRC/tile_11507.png,2
arctic_vegetation/20230724_birch24_m3m/BIRC/tile_11508.png,2
arctic_vegetation/20230724_birch24_m3m/BIRC/tile_11509.png,2
arctic_vegetation/20230724_birch24_m3m/BIRC/tile_11510.png,2
arctic_vegetation/20230724_birch24_m3m/BIRC/tile_11511.png,2
arctic_vegetation/20230724_birch24_m3m/BIRC/tile_11512.png,2
arctic_vegetation/20230724_birch24_m3m/BIRC/tile_11513.png,2
arctic_vegetation/20230724_birch24_m3m/BIRC/tile_11514.png,2
arctic_vegetation/20230724_birch24_m3m/BIRC/tile_11515.png,2
arctic_vegetation/20230724_birch24_m3m/BIRC/tile_11516.png,2
arctic_vegetation/20230724_birch24_m3m/BIRC/tile_11708.png,2
arctic_vegetation/20230724_birch24_m3m/BIRC/tile_11709.png,2
arctic_vegetation/20230724_birch24_m3m/BIRC/tile_11710.png,2
arctic_vegetation/20230724_birch24_m3m/BIRC/tile_11711.png,2
arctic_vegetation/20230724_birch24_m3m/BIRC/tile_11712.png,2
arctic_vegetation/20230724_birch24_m3m/BIRC/tile_11713.png,2
arctic_vegetation/20230724_birch24_m3m/BIRC/tile_11714.png,2
arctic_vegetation/20230724_birch24_m3m/BIRC/tile_11715.png,2
arctic_vegetation/20230724_birch24_m3m/BIRC/tile_11716.png,2
arctic_vegetation/20230724_birch24_m3m/BIRC/tile_11717.png,2
arctic_vegetation/20230724_birch24_m3m/BIRC/tile_11718.png,2
arctic_vegetation/20230724_birch24_m3m/BIRC/tile_11719.png,2
arctic_vegetation/20230724_birch24_m3m/BIRC/tile_11720.png,2
arctic_vegetation/20230724_birch24_m3m/BIRC/tile_11721.png,2
arctic_vegetation/20230724_birch24_m3m/BIRC/tile_11722.png,2
arctic_vegetation/20230724_birch24_m3m/BIRC/tile_11723.png,2
arctic_vegetation/20230724_birch24_m3m/BIRC/tile_11724.png,2
arctic_vegetation/20230724_birch24_m3m/BIRC/tile_11725.png,2
arctic_vegetation/20230724_birch24_m3m/BIRC/tile_11726.png,2
arctic_vegetation/20230724_birch24_m3m/BIRC/tile_11727.png,2
arctic_vegetation/20230724_birch24_m3m/BIRC/tile_11728.png,2
arctic_vegetation/20230724_birch24_m3m/BIRC/tile_11729.png,2
arctic_vegetation/20230724_birch24_m3m/BIRC/tile_11730.png,2
arctic_vegetation/20230724_birch24_m3m/BIRC/tile_11922.png,2
arctic_vegetation/20230724_birch24_m3m/BIRC/tile_11923.png,2
arctic_vegetation/20230724_birch24_m3m/BIRC/tile_11924.png,2
arctic_vegetation/20230724_birch24_m3m/BIRC/tile_11925.png,2
arctic_vegetation/20230724_birch24_m3m/BIRC/tile_11926.png,2
arctic_vegetation/20230724_birch24_m3m/BIRC/tile_11927.png,2
arctic_vegetation/20230724_birch24_m3m/BIRC/tile_11928.png,2
arctic_vegetation/20230724_birch24_m3m/BIRC/tile_11929.png,2
arctic_vegetation/20230724_birch24_m3m/BIRC/tile_11930.png,2
arctic_vegetation/20230724_birch24_m3m/BIRC/tile_11931.png,2
arctic_vegetation/20230724_birch24_m3m/BIRC/tile_11932.png,2
arctic_vegetation/20230724_birch24_m3m/BIRC/tile_11933.png,2
arctic_vegetation/20230724_birch24_m3m/BIRC/tile_11934.png,2
arctic_vegetation/20230724_birch24_m3m/BIRC/tile_11935.png,2
arctic_vegetation/20230724_birch24_m3m/BIRC/tile_11936.png,2
arctic_vegetation/20230724_birch24_m3m/BIRC/tile_11937.png,2
arctic_vegetation/20230724_birch24_m3m/BIRC/tile_11938.png,2
arctic_vegetation/20230724_birch24_m3m/BIRC/tile_11939.png,2
arctic_vegetation/20230724_birch24_m3m/BIRC/tile_11940.png,2
arctic_vegetation/20230724_birch24_m3m/BIRC/tile_11941.png,2
arctic_vegetation/20230724_birch24_m3m/BIRC/tile_11942.png,2
arctic_vegetation/20230724_birch24_m3m/BIRC/tile_11943.png,2
arctic_vegetation/20230724_birch24_m3m/BIRC/tile_11944.png,2
arctic_vegetation/20230724_birch24_m3m/BIRC/tile_12004.png,2
arctic_vegetation/20230724_birch24_m3m/BIRC/tile_12005.png,2
arctic_vegetation/20230724_birch24_m3m/BIRC/tile_12006.png,2
arctic_vegetation/20230724_birch24_m3m/BIRC/tile_12007.png,2
arctic_vegetation/20230724_birch24_m3m/BIRC/tile_12008.png,2
arctic_vegetation/20230724_birch24_m3m/BIRC/tile_12009.png,2
arctic_vegetation/20230724_birch24_m3m/BIRC/tile_12010.png,2
arctic_vegetation/20230724_birch24_m3m/BIRC/tile_12011.png,2
arctic_vegetation/20230724_birch24_m3m/BIRC/tile_12012.png,2
arctic_vegetation/20230724_birch24_m3m/BIRC/tile_12013.png,2
arctic_vegetation/20230724_birch24_m3m/BIRC/tile_12136.png,2
arctic_vegetation/20230724_birch24_m3m/BIRC/tile_12137.png,2
arctic_vegetation/20230724_birch24_m3m/BIRC/tile_12138.png,2
arctic_vegetation/20230724_birch24_m3m/BIRC/tile_12139.png,2
arctic_vegetation/20230724_birch24_m3m/BIRC/tile_12140.png,2
arctic_vegetation/20230724_birch24_m3m/BIRC/tile_12141.png,2
arctic_vegetation/20230724_birch24_m3m/BIRC/tile_12142.png,2
arctic_vegetation/20230724_birch24_m3m/BIRC/tile_12143.png,2
arctic_vegetation/20230724_birch24_m3m/BIRC/tile_12144.png,2
arctic_vegetation/20230724_birch24_m3m/BIRC/tile_12145.png,2
arctic_vegetation/20230724_birch24_m3m/BIRC/tile_12146.png,2
arctic_vegetation/20230724_birch24_m3m/BIRC/tile_12147.png,2
arctic_vegetation/20230724_birch24_m3m/BIRC/tile_12148.png,2
arctic_vegetation/20230724_birch24_m3m/BIRC/tile_12149.png,2
arctic_vegetation/20230724_birch24_m3m/BIRC/tile_12150.png,2
arctic_vegetation/20230724_birch24_m3m/BIRC/tile_12151.png,2
arctic_vegetation/20230724_birch24_m3m/BIRC/tile_12152.png,2
arctic_vegetation/20230724_birch24_m3m/BIRC/tile_12156.png,2
arctic_vegetation/20230724_birch24_m3m/BIRC/tile_12157.png,2
arctic_vegetation/20230724_birch24_m3m/BIRC/tile_12158.png,2
arctic_vegetation/20230724_birch24_m3m/BIRC/tile_12209.png,2
arctic_vegetation/20230724_birch24_m3m/BIRC/tile_12210.png,2
arctic_vegetation/20230724_birch24_m3m/BIRC/tile_12211.png,2
arctic_vegetation/20230724_birch24_m3m/BIRC/tile_12212.png,2
arctic_vegetation/20230724_birch24_m3m/BIRC/tile_12213.png,2
arctic_vegetation/20230724_birch24_m3m/BIRC/tile_12214.png,2
arctic_vegetation/20230724_birch24_m3m/BIRC/tile_12215.png,2
arctic_vegetation/20230724_birch24_m3m/BIRC/tile_12216.png,2
arctic_vegetation/20230724_birch24_m3m/BIRC/tile_12217.png,2
arctic_vegetation/20230724_birch24_m3m/BIRC/tile_12218.png,2
arctic_vegetation/20230724_birch24_m3m/BIRC/tile_12219.png,2
arctic_vegetation/20230724_birch24_m3m/BIRC/tile_12220.png,2
arctic_vegetation/20230724_birch24_m3m/BIRC/tile_12221.png,2
arctic_vegetation/20230724_birch24_m3m/BIRC/tile_12222.png,2
arctic_vegetation/20230724_birch24_m3m/BIRC/tile_12223.png,2
arctic_vegetation/20230724_birch24_m3m/BIRC/tile_12224.png,2
arctic_vegetation/20230724_birch24_m3m/BIRC/tile_12225.png,2
arctic_vegetation/20230724_birch24_m3m/BIRC/tile_12226.png,2
arctic_vegetation/20230724_birch24_m3m/BIRC/tile_12227.png,2
arctic_vegetation/20230724_birch24_m3m/BIRC/tile_12228.png,2
arctic_vegetation/20230724_birch24_m3m/BIRC/tile_12229.png,2
arctic_vegetation/20230724_birch24_m3m/BIRC/tile_12350.png,2
arctic_vegetation/20230724_birch24_m3m/BIRC/tile_12351.png,2
arctic_vegetation/20230724_birch24_m3m/BIRC/tile_12352.png,2
arctic_vegetation/20230724_birch24_m3m/BIRC/tile_12353.png,2
arctic_vegetation/20230724_birch24_m3m/BIRC/tile_12354.png,2
arctic_vegetation/20230724_birch24_m3m/BIRC/tile_12355.png,2
arctic_vegetation/20230724_birch24_m3m/BIRC/tile_12356.png,2
arctic_vegetation/20230724_birch24_m3m/BIRC/tile_12357.png,2
arctic_vegetation/20230724_birch24_m3m/BIRC/tile_12358.png,2
arctic_vegetation/20230724_birch24_m3m/BIRC/tile_12359.png,2
arctic_vegetation/20230724_birch24_m3m/BIRC/tile_12360.png,2
arctic_vegetation/20230724_birch24_m3m/BIRC/tile_12361.png,2
arctic_vegetation/20230724_birch24_m3m/BIRC/tile_12362.png,2
arctic_vegetation/20230724_birch24_m3m/BIRC/tile_12363.png,2
arctic_vegetation/20230724_birch24_m3m/BIRC/tile_12364.png,2
arctic_vegetation/20230724_birch24_m3m/BIRC/tile_12365.png,2
arctic_vegetation/20230724_birch24_m3m/BIRC/tile_12366.png,2
arctic_vegetation/20230724_birch24_m3m/PETF/tile_12367.png,6
arctic_vegetation/20230724_birch24_m3m/WILL/tile_12369.png,11
arctic_vegetation/20230724_birch24_m3m/WILL/tile_12370.png,11
arctic_vegetation/20230724_birch24_m3m/WILL/tile_12371.png,11
arctic_vegetation/20230724_birch24_m3m/WILL/tile_12372.png,11
arctic_vegetation/20230724_birch24_m3m/BIRC/tile_12423.png,2
arctic_vegetation/20230724_birch24_m3m/BIRC/tile_12424.png,2
arctic_vegetation/20230724_birch24_m3m/BIRC/tile_12425.png,2
arctic_vegetation/20230724_birch24_m3m/BIRC/tile_12426.png,2
arctic_vegetation/20230724_birch24_m3m/BIRC/tile_12427.png,2
arctic_vegetation/20230724_birch24_m3m/BIRC/tile_12428.png,2
arctic_vegetation/20230724_birch24_m3m/BIRC/tile_12429.png,2
arctic_vegetation/20230724_birch24_m3m/BIRC/tile_12430.png,2
arctic_vegetation/20230724_birch24_m3m/BIRC/tile_12431.png,2
arctic_vegetation/20230724_birch24_m3m/BIRC/tile_12432.png,2
arctic_vegetation/20230724_birch24_m3m/BIRC/tile_12433.png,2
arctic_vegetation/20230724_birch24_m3m/BIRC/tile_12434.png,2
arctic_vegetation/20230724_birch24_m3m/BIRC/tile_12435.png,2
arctic_vegetation/20230724_birch24_m3m/BIRC/tile_12436.png,2
arctic_vegetation/20230724_birch24_m3m/BIRC/tile_12437.png,2
arctic_vegetation/20230724_birch24_m3m/BIRC/tile_12438.png,2
arctic_vegetation/20230724_birch24_m3m/BIRC/tile_12439.png,2
arctic_vegetation/20230724_birch24_m3m/BIRC/tile_12440.png,2
arctic_vegetation/20230724_birch24_m3m/BIRC/tile_12441.png,2
arctic_vegetation/20230724_birch24_m3m/BIRC/tile_12442.png,2
arctic_vegetation/20230724_birch24_m3m/BIRC/tile_12443.png,2
arctic_vegetation/20230724_birch24_m3m/BIRC/tile_12563.png,2
arctic_vegetation/20230724_birch24_m3m/BIRC/tile_12564.png,2
arctic_vegetation/20230724_birch24_m3m/BIRC/tile_12565.png,2
arctic_vegetation/20230724_birch24_m3m/BIRC/tile_12566.png,2
arctic_vegetation/20230724_birch24_m3m/BIRC/tile_12567.png,2
arctic_vegetation/20230724_birch24_m3m/BIRC/tile_12568.png,2
arctic_vegetation/20230724_birch24_m3m/BIRC/tile_12569.png,2
arctic_vegetation/20230724_birch24_m3m/BIRC/tile_12570.png,2
arctic_vegetation/20230724_birch24_m3m/BIRC/tile_12571.png,2
arctic_vegetation/20230724_birch24_m3m/PETF/tile_12572.png,6
arctic_vegetation/20230724_birch24_m3m/BIRC/tile_12573.png,2
arctic_vegetation/20230724_birch24_m3m/BIRC/tile_12574.png,2
arctic_vegetation/20230724_birch24_m3m/BIRC/tile_12575.png,2
arctic_vegetation/20230724_birch24_m3m/BIRC/tile_12576.png,2
arctic_vegetation/20230724_birch24_m3m/BIRC/tile_12577.png,2
arctic_vegetation/20230724_birch24_m3m/BIRC/tile_12578.png,2
arctic_vegetation/20230724_birch24_m3m/BIRC/tile_12579.png,2
arctic_vegetation/20230724_birch24_m3m/BIRC/tile_12580.png,2
arctic_vegetation/20230724_birch24_m3m/PETF/tile_12581.png,6
arctic_vegetation/20230724_birch24_m3m/BIRC/tile_12582.png,2
arctic_vegetation/20230724_birch24_m3m/BIRC/tile_12583.png,2
arctic_vegetation/20230724_birch24_m3m/WILL/tile_12584.png,11
arctic_vegetation/20230724_birch24_m3m/WILL/tile_12585.png,11
arctic_vegetation/20230724_birch24_m3m/WILL/tile_12586.png,11
arctic_vegetation/20230724_birch24_m3m/BIRC/tile_12637.png,2
arctic_vegetation/20230724_birch24_m3m/BIRC/tile_12638.png,2
arctic_vegetation/20230724_birch24_m3m/BIRC/tile_12639.png,2
arctic_vegetation/20230724_birch24_m3m/BIRC/tile_12640.png,2
arctic_vegetation/20230724_birch24_m3m/BIRC/tile_12641.png,2
arctic_vegetation/20230724_birch24_m3m/BIRC/tile_12642.png,2
arctic_vegetation/20230724_birch24_m3m/BIRC/tile_12643.png,2
arctic_vegetation/20230724_birch24_m3m/BIRC/tile_12644.png,2
arctic_vegetation/20230724_birch24_m3m/BIRC/tile_12645.png,2
arctic_vegetation/20230724_birch24_m3m/BIRC/tile_12646.png,2
arctic_vegetation/20230724_birch24_m3m/BIRC/tile_12647.png,2
arctic_vegetation/20230724_birch24_m3m/BIRC/tile_12648.png,2
arctic_vegetation/20230724_birch24_m3m/BIRC/tile_12649.png,2
arctic_vegetation/20230724_birch24_m3m/BIRC/tile_12650.png,2
arctic_vegetation/20230724_birch24_m3m/BIRC/tile_12651.png,2
arctic_vegetation/20230724_birch24_m3m/BIRC/tile_12652.png,2
arctic_vegetation/20230724_birch24_m3m/BIRC/tile_12653.png,2
arctic_vegetation/20230724_birch24_m3m/BIRC/tile_12654.png,2
arctic_vegetation/20230724_birch24_m3m/BIRC/tile_12655.png,2
arctic_vegetation/20230724_birch24_m3m/BIRC/tile_12656.png,2
arctic_vegetation/20230724_birch24_m3m/BIRC/tile_12657.png,2
arctic_vegetation/20230724_birch24_m3m/BIRC/tile_12777.png,2
arctic_vegetation/20230724_birch24_m3m/BIRC/tile_12778.png,2
arctic_vegetation/20230724_birch24_m3m/BIRC/tile_12779.png,2
arctic_vegetation/20230724_birch24_m3m/BIRC/tile_12780.png,2
arctic_vegetation/20230724_birch24_m3m/BIRC/tile_12781.png,2
arctic_vegetation/20230724_birch24_m3m/BIRC/tile_12782.png,2
arctic_vegetation/20230724_birch24_m3m/BIRC/tile_12783.png,2
arctic_vegetation/20230724_birch24_m3m/BIRC/tile_12784.png,2
arctic_vegetation/20230724_birch24_m3m/BIRC/tile_12785.png,2
arctic_vegetation/20230724_birch24_m3m/BIRC/tile_12787.png,2
arctic_vegetation/20230724_birch24_m3m/BIRC/tile_12788.png,2
arctic_vegetation/20230724_birch24_m3m/BIRC/tile_12789.png,2
arctic_vegetation/20230724_birch24_m3m/BIRC/tile_12790.png,2
arctic_vegetation/20230724_birch24_m3m/BIRC/tile_12791.png,2
arctic_vegetation/20230724_birch24_m3m/BIRC/tile_12792.png,2
arctic_vegetation/20230724_birch24_m3m/BIRC/tile_12793.png,2
arctic_vegetation/20230724_birch24_m3m/BIRC/tile_12794.png,2
arctic_vegetation/20230724_birch24_m3m/BIRC/tile_12795.png,2
arctic_vegetation/20230724_birch24_m3m/BIRC/tile_12796.png,2
arctic_vegetation/20230724_birch24_m3m/BIRC/tile_12797.png,2
arctic_vegetation/20230724_birch24_m3m/WILL/tile_12798.png,11
arctic_vegetation/20230724_birch24_m3m/PETF/tile_12799.png,6
arctic_vegetation/20230724_birch24_m3m/BIRC/tile_12800.png,2
arctic_vegetation/20230724_birch24_m3m/BIRC/tile_12801.png,2
arctic_vegetation/20230724_birch24_m3m/BIRC/tile_12851.png,2
arctic_vegetation/20230724_birch24_m3m/BIRC/tile_12852.png,2
arctic_vegetation/20230724_birch24_m3m/BIRC/tile_12853.png,2
arctic_vegetation/20230724_birch24_m3m/BIRC/tile_12854.png,2
arctic_vegetation/20230724_birch24_m3m/BIRC/tile_12855.png,2
arctic_vegetation/20230724_birch24_m3m/BIRC/tile_12856.png,2
arctic_vegetation/20230724_birch24_m3m/BIRC/tile_12857.png,2
arctic_vegetation/20230724_birch24_m3m/BIRC/tile_12858.png,2
arctic_vegetation/20230724_birch24_m3m/BIRC/tile_12859.png,2
arctic_vegetation/20230724_birch24_m3m/BIRC/tile_12860.png,2
arctic_vegetation/20230724_birch24_m3m/BIRC/tile_12861.png,2
arctic_vegetation/20230724_birch24_m3m/BIRC/tile_12862.png,2
arctic_vegetation/20230724_birch24_m3m/BIRC/tile_12863.png,2
arctic_vegetation/20230724_birch24_m3m/BIRC/tile_12864.png,2
arctic_vegetation/20230724_birch24_m3m/BIRC/tile_12865.png,2
arctic_vegetation/20230724_birch24_m3m/BIRC/tile_12866.png,2
arctic_vegetation/20230724_birch24_m3m/BIRC/tile_12867.png,2
arctic_vegetation/20230724_birch24_m3m/BIRC/tile_12868.png,2
arctic_vegetation/20230724_birch24_m3m/BIRC/tile_12869.png,2
arctic_vegetation/20230724_birch24_m3m/BIRC/tile_12870.png,2
arctic_vegetation/20230724_birch24_m3m/BIRC/tile_12871.png,2
arctic_vegetation/20230724_birch24_m3m/BIRC/tile_12992.png,2
arctic_vegetation/20230724_birch24_m3m/BIRC/tile_12993.png,2
arctic_vegetation/20230724_birch24_m3m/BIRC/tile_12994.png,2
arctic_vegetation/20230724_birch24_m3m/BIRC/tile_12995.png,2
arctic_vegetation/20230724_birch24_m3m/BIRC/tile_12996.png,2
arctic_vegetation/20230724_birch24_m3m/BIRC/tile_12997.png,2
arctic_vegetation/20230724_birch24_m3m/BIRC/tile_12998.png,2
arctic_vegetation/20230724_birch24_m3m/BIRC/tile_12999.png,2
arctic_vegetation/20230724_birch24_m3m/BIRC/tile_13000.png,2
arctic_vegetation/20230724_birch24_m3m/BIRC/tile_13001.png,2
arctic_vegetation/20230724_birch24_m3m/BIRC/tile_13002.png,2
arctic_vegetation/20230724_birch24_m3m/BIRC/tile_13003.png,2
arctic_vegetation/20230724_birch24_m3m/BIRC/tile_13004.png,2
arctic_vegetation/20230724_birch24_m3m/BIRC/tile_13005.png,2
arctic_vegetation/20230724_birch24_m3m/BIRC/tile_13006.png,2
arctic_vegetation/20230724_birch24_m3m/BIRC/tile_13007.png,2
arctic_vegetation/20230724_birch24_m3m/BIRC/tile_13008.png,2
arctic_vegetation/20230724_birch24_m3m/BIRC/tile_13009.png,2
arctic_vegetation/20230724_birch24_m3m/BIRC/tile_13010.png,2
arctic_vegetation/20230724_birch24_m3m/BIRC/tile_13011.png,2
arctic_vegetation/20230724_birch24_m3m/PETF/tile_13013.png,6
arctic_vegetation/20230724_birch24_m3m/BIRC/tile_13014.png,2
arctic_vegetation/20230724_birch24_m3m/BIRC/tile_13015.png,2
arctic_vegetation/20230724_birch24_m3m/BIRC/tile_13065.png,2
arctic_vegetation/20230724_birch24_m3m/BIRC/tile_13066.png,2
arctic_vegetation/20230724_birch24_m3m/BIRC/tile_13067.png,2
arctic_vegetation/20230724_birch24_m3m/BIRC/tile_13068.png,2
arctic_vegetation/20230724_birch24_m3m/BIRC/tile_13069.png,2
arctic_vegetation/20230724_birch24_m3m/BIRC/tile_13070.png,2
arctic_vegetation/20230724_birch24_m3m/BIRC/tile_13071.png,2
arctic_vegetation/20230724_birch24_m3m/BIRC/tile_13072.png,2
arctic_vegetation/20230724_birch24_m3m/BIRC/tile_13073.png,2
arctic_vegetation/20230724_birch24_m3m/BIRC/tile_13074.png,2
arctic_vegetation/20230724_birch24_m3m/BIRC/tile_13075.png,2
arctic_vegetation/20230724_birch24_m3m/BIRC/tile_13076.png,2
arctic_vegetation/20230724_birch24_m3m/BIRC/tile_13077.png,2
arctic_vegetation/20230724_birch24_m3m/BIRC/tile_13078.png,2
arctic_vegetation/20230724_birch24_m3m/BIRC/tile_13079.png,2
arctic_vegetation/20230724_birch24_m3m/PETF/tile_13080.png,6
arctic_vegetation/20230724_birch24_m3m/PETF/tile_13081.png,6
arctic_vegetation/20230724_birch24_m3m/BIRC/tile_13082.png,2
arctic_vegetation/20230724_birch24_m3m/BIRC/tile_13083.png,2
arctic_vegetation/20230724_birch24_m3m/BIRC/tile_13203.png,2
arctic_vegetation/20230724_birch24_m3m/BIRC/tile_13204.png,2
arctic_vegetation/20230724_birch24_m3m/BIRC/tile_13205.png,2
arctic_vegetation/20230724_birch24_m3m/BIRC/tile_13206.png,2
arctic_vegetation/20230724_birch24_m3m/BIRC/tile_13207.png,2
arctic_vegetation/20230724_birch24_m3m/BIRC/tile_13208.png,2
arctic_vegetation/20230724_birch24_m3m/BIRC/tile_13209.png,2
arctic_vegetation/20230724_birch24_m3m/BIRC/tile_13210.png,2
arctic_vegetation/20230724_birch24_m3m/BIRC/tile_13211.png,2
arctic_vegetation/20230724_birch24_m3m/BIRC/tile_13212.png,2
arctic_vegetation/20230724_birch24_m3m/BIRC/tile_13213.png,2
arctic_vegetation/20230724_birch24_m3m/BIRC/tile_13214.png,2
arctic_vegetation/20230724_birch24_m3m/BIRC/tile_13215.png,2
arctic_vegetation/20230724_birch24_m3m/BIRC/tile_13216.png,2
arctic_vegetation/20230724_birch24_m3m/BIRC/tile_13217.png,2
arctic_vegetation/20230724_birch24_m3m/BIRC/tile_13218.png,2
arctic_vegetation/20230724_birch24_m3m/BIRC/tile_13219.png,2
arctic_vegetation/20230724_birch24_m3m/BIRC/tile_13220.png,2
arctic_vegetation/20230724_birch24_m3m/BIRC/tile_13221.png,2
arctic_vegetation/20230724_birch24_m3m/BIRC/tile_13222.png,2
arctic_vegetation/20230724_birch24_m3m/BIRC/tile_13223.png,2
arctic_vegetation/20230724_birch24_m3m/BIRC/tile_13224.png,2
arctic_vegetation/20230724_birch24_m3m/BIRC/tile_13225.png,2
arctic_vegetation/20230724_birch24_m3m/BIRC/tile_13226.png,2
arctic_vegetation/20230724_birch24_m3m/BIRC/tile_13227.png,2
arctic_vegetation/20230724_birch24_m3m/BIRC/tile_13277.png,2
arctic_vegetation/20230724_birch24_m3m/BIRC/tile_13278.png,2
arctic_vegetation/20230724_birch24_m3m/BIRC/tile_13279.png,2
arctic_vegetation/20230724_birch24_m3m/BIRC/tile_13280.png,2
arctic_vegetation/20230724_birch24_m3m/BIRC/tile_13281.png,2
arctic_vegetation/20230724_birch24_m3m/BIRC/tile_13282.png,2
arctic_vegetation/20230724_birch24_m3m/BIRC/tile_13283.png,2
arctic_vegetation/20230724_birch24_m3m/BIRC/tile_13284.png,2
arctic_vegetation/20230724_birch24_m3m/BIRC/tile_13285.png,2
arctic_vegetation/20230724_birch24_m3m/BIRC/tile_13286.png,2
arctic_vegetation/20230724_birch24_m3m/BIRC/tile_13287.png,2
arctic_vegetation/20230724_birch24_m3m/BIRC/tile_13288.png,2
arctic_vegetation/20230724_birch24_m3m/BIRC/tile_13289.png,2
arctic_vegetation/20230724_birch24_m3m/BIRC/tile_13290.png,2
arctic_vegetation/20230724_birch24_m3m/BIRC/tile_13291.png,2
arctic_vegetation/20230724_birch24_m3m/LICH/tile_13294.png,4
arctic_vegetation/20230724_birch24_m3m/LICH/tile_13295.png,4
arctic_vegetation/20230724_birch24_m3m/LICH/tile_13296.png,4
arctic_vegetation/20230724_birch24_m3m/PETF/tile_13299.png,6
arctic_vegetation/20230724_birch24_m3m/PETF/tile_13300.png,6
arctic_vegetation/20230724_birch24_m3m/BIRC/tile_13415.png,2
arctic_vegetation/20230724_birch24_m3m/BIRC/tile_13416.png,2
arctic_vegetation/20230724_birch24_m3m/BIRC/tile_13417.png,2
arctic_vegetation/20230724_birch24_m3m/BIRC/tile_13418.png,2
arctic_vegetation/20230724_birch24_m3m/BIRC/tile_13419.png,2
arctic_vegetation/20230724_birch24_m3m/BIRC/tile_13420.png,2
arctic_vegetation/20230724_birch24_m3m/BIRC/tile_13421.png,2
arctic_vegetation/20230724_birch24_m3m/BIRC/tile_13422.png,2
arctic_vegetation/20230724_birch24_m3m/BIRC/tile_13423.png,2
arctic_vegetation/20230724_birch24_m3m/BIRC/tile_13424.png,2
arctic_vegetation/20230724_birch24_m3m/BIRC/tile_13425.png,2
arctic_vegetation/20230724_birch24_m3m/BIRC/tile_13426.png,2
arctic_vegetation/20230724_birch24_m3m/BIRC/tile_13427.png,2
arctic_vegetation/20230724_birch24_m3m/BIRC/tile_13428.png,2
arctic_vegetation/20230724_birch24_m3m/BIRC/tile_13429.png,2
arctic_vegetation/20230724_birch24_m3m/BIRC/tile_13430.png,2
arctic_vegetation/20230724_birch24_m3m/BIRC/tile_13431.png,2
arctic_vegetation/20230724_birch24_m3m/BIRC/tile_13432.png,2
arctic_vegetation/20230724_birch24_m3m/BIRC/tile_13433.png,2
arctic_vegetation/20230724_birch24_m3m/BIRC/tile_13434.png,2
arctic_vegetation/20230724_birch24_m3m/BIRC/tile_13435.png,2
arctic_vegetation/20230724_birch24_m3m/BIRC/tile_13436.png,2
arctic_vegetation/20230724_birch24_m3m/BIRC/tile_13437.png,2
arctic_vegetation/20230724_birch24_m3m/BIRC/tile_13438.png,2
arctic_vegetation/20230724_birch24_m3m/BIRC/tile_13439.png,2
arctic_vegetation/20230724_birch24_m3m/BIRC/tile_13489.png,2
arctic_vegetation/20230724_birch24_m3m/BIRC/tile_13490.png,2
arctic_vegetation/20230724_birch24_m3m/BIRC/tile_13491.png,2
arctic_vegetation/20230724_birch24_m3m/BIRC/tile_13492.png,2
arctic_vegetation/20230724_birch24_m3m/BIRC/tile_13493.png,2
arctic_vegetation/20230724_birch24_m3m/BIRC/tile_13494.png,2
arctic_vegetation/20230724_birch24_m3m/BIRC/tile_13495.png,2
arctic_vegetation/20230724_birch24_m3m/BIRC/tile_13496.png,2
arctic_vegetation/20230724_birch24_m3m/BIRC/tile_13497.png,2
arctic_vegetation/20230724_birch24_m3m/BIRC/tile_13498.png,2
arctic_vegetation/20230724_birch24_m3m/BIRC/tile_13499.png,2
arctic_vegetation/20230724_birch24_m3m/BIRC/tile_13500.png,2
arctic_vegetation/20230724_birch24_m3m/BIRC/tile_13501.png,2
arctic_vegetation/20230724_birch24_m3m/BIRC/tile_13502.png,2
arctic_vegetation/20230724_birch24_m3m/BIRC/tile_13503.png,2
arctic_vegetation/20230724_birch24_m3m/PETF/tile_13504.png,6
arctic_vegetation/20230724_birch24_m3m/LICH/tile_13506.png,4
arctic_vegetation/20230724_birch24_m3m/LICH/tile_13507.png,4
arctic_vegetation/20230724_birch24_m3m/LICH/tile_13508.png,4
arctic_vegetation/20230724_birch24_m3m/PETF/tile_13511.png,6
arctic_vegetation/20230724_birch24_m3m/PETF/tile_13512.png,6
arctic_vegetation/20230724_birch24_m3m/BIRC/tile_13627.png,2
arctic_vegetation/20230724_birch24_m3m/BIRC/tile_13628.png,2
arctic_vegetation/20230724_birch24_m3m/BIRC/tile_13629.png,2
arctic_vegetation/20230724_birch24_m3m/BIRC/tile_13630.png,2
arctic_vegetation/20230724_birch24_m3m/BIRC/tile_13631.png,2
arctic_vegetation/20230724_birch24_m3m/BIRC/tile_13632.png,2
arctic_vegetation/20230724_birch24_m3m/BIRC/tile_13633.png,2
arctic_vegetation/20230724_birch24_m3m/BIRC/tile_13634.png,2
arctic_vegetation/20230724_birch24_m3m/BIRC/tile_13635.png,2
arctic_vegetation/20230724_birch24_m3m/BIRC/tile_13636.png,2
arctic_vegetation/20230724_birch24_m3m/BIRC/tile_13637.png,2
arctic_vegetation/20230724_birch24_m3m/BIRC/tile_13638.png,2
arctic_vegetation/20230724_birch24_m3m/BIRC/tile_13639.png,2
arctic_vegetation/20230724_birch24_m3m/BIRC/tile_13640.png,2
arctic_vegetation/20230724_birch24_m3m/BIRC/tile_13641.png,2
arctic_vegetation/20230724_birch24_m3m/BIRC/tile_13642.png,2
arctic_vegetation/20230724_birch24_m3m/BIRC/tile_13643.png,2
arctic_vegetation/20230724_birch24_m3m/BIRC/tile_13644.png,2
arctic_vegetation/20230724_birch24_m3m/BIRC/tile_13645.png,2
arctic_vegetation/20230724_birch24_m3m/BIRC/tile_13646.png,2
arctic_vegetation/20230724_birch24_m3m/BIRC/tile_13647.png,2
arctic_vegetation/20230724_birch24_m3m/BIRC/tile_13648.png,2
arctic_vegetation/20230724_birch24_m3m/BIRC/tile_13649.png,2
arctic_vegetation/20230724_birch24_m3m/BIRC/tile_13650.png,2
arctic_vegetation/20230724_birch24_m3m/BIRC/tile_13700.png,2
arctic_vegetation/20230724_birch24_m3m/BIRC/tile_13701.png,2
arctic_vegetation/20230724_birch24_m3m/BIRC/tile_13702.png,2
arctic_vegetation/20230724_birch24_m3m/BIRC/tile_13703.png,2
arctic_vegetation/20230724_birch24_m3m/BIRC/tile_13704.png,2
arctic_vegetation/20230724_birch24_m3m/BIRC/tile_13705.png,2
arctic_vegetation/20230724_birch24_m3m/BIRC/tile_13706.png,2
arctic_vegetation/20230724_birch24_m3m/BIRC/tile_13707.png,2
arctic_vegetation/20230724_birch24_m3m/BIRC/tile_13708.png,2
arctic_vegetation/20230724_birch24_m3m/BIRC/tile_13709.png,2
arctic_vegetation/20230724_birch24_m3m/BIRC/tile_13710.png,2
arctic_vegetation/20230724_birch24_m3m/BIRC/tile_13711.png,2
arctic_vegetation/20230724_birch24_m3m/BIRC/tile_13712.png,2
arctic_vegetation/20230724_birch24_m3m/BIRC/tile_13713.png,2
arctic_vegetation/20230724_birch24_m3m/BIRC/tile_13714.png,2
arctic_vegetation/20230724_birch24_m3m/BIRC/tile_13715.png,2
arctic_vegetation/20230724_birch24_m3m/LICH/tile_13716.png,4
arctic_vegetation/20230724_birch24_m3m/LICH/tile_13717.png,4
arctic_vegetation/20230724_birch24_m3m/LICH/tile_13718.png,4
arctic_vegetation/20230724_birch24_m3m/LICH/tile_13719.png,4
arctic_vegetation/20230724_birch24_m3m/BIRC/tile_13838.png,2
arctic_vegetation/20230724_birch24_m3m/BIRC/tile_13839.png,2
arctic_vegetation/20230724_birch24_m3m/BIRC/tile_13840.png,2
arctic_vegetation/20230724_birch24_m3m/BIRC/tile_13841.png,2
arctic_vegetation/20230724_birch24_m3m/BIRC/tile_13842.png,2
arctic_vegetation/20230724_birch24_m3m/BIRC/tile_13843.png,2
arctic_vegetation/20230724_birch24_m3m/BIRC/tile_13844.png,2
arctic_vegetation/20230724_birch24_m3m/PETF/tile_13845.png,6
arctic_vegetation/20230724_birch24_m3m/PETF/tile_13846.png,6
arctic_vegetation/20230724_birch24_m3m/BIRC/tile_13847.png,2
arctic_vegetation/20230724_birch24_m3m/BIRC/tile_13848.png,2
arctic_vegetation/20230724_birch24_m3m/BIRC/tile_13849.png,2
arctic_vegetation/20230724_birch24_m3m/BIRC/tile_13850.png,2
arctic_vegetation/20230724_birch24_m3m/BIRC/tile_13851.png,2
arctic_vegetation/20230724_birch24_m3m/BIRC/tile_13852.png,2
arctic_vegetation/20230724_birch24_m3m/BIRC/tile_13853.png,2
arctic_vegetation/20230724_birch24_m3m/BIRC/tile_13854.png,2
arctic_vegetation/20230724_birch24_m3m/BIRC/tile_13855.png,2
arctic_vegetation/20230724_birch24_m3m/BIRC/tile_13856.png,2
arctic_vegetation/20230724_birch24_m3m/BIRC/tile_13857.png,2
arctic_vegetation/20230724_birch24_m3m/BIRC/tile_13858.png,2
arctic_vegetation/20230724_birch24_m3m/BIRC/tile_13859.png,2
arctic_vegetation/20230724_birch24_m3m/BIRC/tile_13860.png,2
arctic_vegetation/20230724_birch24_m3m/BIRC/tile_13911.png,2
arctic_vegetation/20230724_birch24_m3m/BIRC/tile_13912.png,2
arctic_vegetation/20230724_birch24_m3m/BIRC/tile_13913.png,2
arctic_vegetation/20230724_birch24_m3m/BIRC/tile_13914.png,2
arctic_vegetation/20230724_birch24_m3m/BIRC/tile_13915.png,2
arctic_vegetation/20230724_birch24_m3m/BIRC/tile_13916.png,2
arctic_vegetation/20230724_birch24_m3m/BIRC/tile_13917.png,2
arctic_vegetation/20230724_birch24_m3m/BIRC/tile_13918.png,2
arctic_vegetation/20230724_birch24_m3m/BIRC/tile_13919.png,2
arctic_vegetation/20230724_birch24_m3m/BIRC/tile_13920.png,2
arctic_vegetation/20230724_birch24_m3m/BIRC/tile_13921.png,2
arctic_vegetation/20230724_birch24_m3m/BIRC/tile_13922.png,2
arctic_vegetation/20230724_birch24_m3m/BIRC/tile_13923.png,2
arctic_vegetation/20230724_birch24_m3m/BIRC/tile_13924.png,2
arctic_vegetation/20230724_birch24_m3m/BIRC/tile_13925.png,2
arctic_vegetation/20230724_birch24_m3m/BIRC/tile_13926.png,2
arctic_vegetation/20230724_birch24_m3m/BIRC/tile_13927.png,2
arctic_vegetation/20230724_birch24_m3m/BIRC/tile_13928.png,2
arctic_vegetation/20230724_birch24_m3m/LICH/tile_13929.png,4
arctic_vegetation/20230724_birch24_m3m/BIRC/tile_14049.png,2
arctic_vegetation/20230724_birch24_m3m/BIRC/tile_14050.png,2
arctic_vegetation/20230724_birch24_m3m/BIRC/tile_14051.png,2
arctic_vegetation/20230724_birch24_m3m/BIRC/tile_14052.png,2
arctic_vegetation/20230724_birch24_m3m/BIRC/tile_14053.png,2
arctic_vegetation/20230724_birch24_m3m/BIRC/tile_14054.png,2
arctic_vegetation/20230724_birch24_m3m/BIRC/tile_14055.png,2
arctic_vegetation/20230724_birch24_m3m/BIRC/tile_14056.png,2
arctic_vegetation/20230724_birch24_m3m/BIRC/tile_14057.png,2
arctic_vegetation/20230724_birch24_m3m/BIRC/tile_14058.png,2
arctic_vegetation/20230724_birch24_m3m/BIRC/tile_14059.png,2
arctic_vegetation/20230724_birch24_m3m/BIRC/tile_14060.png,2
arctic_vegetation/20230724_birch24_m3m/BIRC/tile_14061.png,2
arctic_vegetation/20230724_birch24_m3m/BIRC/tile_14062.png,2
arctic_vegetation/20230724_birch24_m3m/BIRC/tile_14063.png,2
arctic_vegetation/20230724_birch24_m3m/BIRC/tile_14064.png,2
arctic_vegetation/20230724_birch24_m3m/BIRC/tile_14065.png,2
arctic_vegetation/20230724_birch24_m3m/BIRC/tile_14066.png,2
arctic_vegetation/20230724_birch24_m3m/BIRC/tile_14067.png,2
arctic_vegetation/20230724_birch24_m3m/BIRC/tile_14068.png,2
arctic_vegetation/20230724_birch24_m3m/BIRC/tile_14069.png,2
arctic_vegetation/20230724_birch24_m3m/BIRC/tile_14070.png,2
arctic_vegetation/20230724_birch24_m3m/BIRC/tile_14071.png,2
arctic_vegetation/20230724_birch24_m3m/BIRC/tile_14072.png,2
arctic_vegetation/20230724_birch24_m3m/BIRC/tile_14122.png,2
arctic_vegetation/20230724_birch24_m3m/BIRC/tile_14123.png,2
arctic_vegetation/20230724_birch24_m3m/BIRC/tile_14124.png,2
arctic_vegetation/20230724_birch24_m3m/BIRC/tile_14125.png,2
arctic_vegetation/20230724_birch24_m3m/BIRC/tile_14126.png,2
arctic_vegetation/20230724_birch24_m3m/BIRC/tile_14127.png,2
arctic_vegetation/20230724_birch24_m3m/BIRC/tile_14128.png,2
arctic_vegetation/20230724_birch24_m3m/BIRC/tile_14129.png,2
arctic_vegetation/20230724_birch24_m3m/BIRC/tile_14130.png,2
arctic_vegetation/20230724_birch24_m3m/BIRC/tile_14131.png,2
arctic_vegetation/20230724_birch24_m3m/BIRC/tile_14132.png,2
arctic_vegetation/20230724_birch24_m3m/BIRC/tile_14133.png,2
arctic_vegetation/20230724_birch24_m3m/BIRC/tile_14134.png,2
arctic_vegetation/20230724_birch24_m3m/BIRC/tile_14135.png,2
arctic_vegetation/20230724_birch24_m3m/BIRC/tile_14136.png,2
arctic_vegetation/20230724_birch24_m3m/BIRC/tile_14137.png,2
arctic_vegetation/20230724_birch24_m3m/BIRC/tile_14138.png,2
arctic_vegetation/20230724_birch24_m3m/BIRC/tile_14139.png,2
arctic_vegetation/20230724_birch24_m3m/BIRC/tile_14140.png,2
arctic_vegetation/20230724_birch24_m3m/BIRC/tile_14141.png,2
arctic_vegetation/20230724_birch24_m3m/BIRC/tile_14259.png,2
arctic_vegetation/20230724_birch24_m3m/BIRC/tile_14260.png,2
arctic_vegetation/20230724_birch24_m3m/BIRC/tile_14261.png,2
arctic_vegetation/20230724_birch24_m3m/BIRC/tile_14262.png,2
arctic_vegetation/20230724_birch24_m3m/BIRC/tile_14263.png,2
arctic_vegetation/20230724_birch24_m3m/BIRC/tile_14264.png,2
arctic_vegetation/20230724_birch24_m3m/BIRC/tile_14265.png,2
arctic_vegetation/20230724_birch24_m3m/BIRC/tile_14266.png,2
arctic_vegetation/20230724_birch24_m3m/BIRC/tile_14267.png,2
arctic_vegetation/20230724_birch24_m3m/BIRC/tile_14268.png,2
arctic_vegetation/20230724_birch24_m3m/BIRC/tile_14269.png,2
arctic_vegetation/20230724_birch24_m3m/BIRC/tile_14270.png,2
arctic_vegetation/20230724_birch24_m3m/BIRC/tile_14271.png,2
arctic_vegetation/20230724_birch24_m3m/BIRC/tile_14272.png,2
arctic_vegetation/20230724_birch24_m3m/BIRC/tile_14273.png,2
arctic_vegetation/20230724_birch24_m3m/BIRC/tile_14274.png,2
arctic_vegetation/20230724_birch24_m3m/BIRC/tile_14275.png,2
arctic_vegetation/20230724_birch24_m3m/BIRC/tile_14276.png,2
arctic_vegetation/20230724_birch24_m3m/BIRC/tile_14277.png,2
arctic_vegetation/20230724_birch24_m3m/BIRC/tile_14278.png,2
arctic_vegetation/20230724_birch24_m3m/BIRC/tile_14279.png,2
arctic_vegetation/20230724_birch24_m3m/BIRC/tile_14280.png,2
arctic_vegetation/20230724_birch24_m3m/BIRC/tile_14281.png,2
arctic_vegetation/20230724_birch24_m3m/BIRC/tile_14282.png,2
arctic_vegetation/20230724_birch24_m3m/BIRC/tile_14332.png,2
arctic_vegetation/20230724_birch24_m3m/BIRC/tile_14333.png,2
arctic_vegetation/20230724_birch24_m3m/BIRC/tile_14334.png,2
arctic_vegetation/20230724_birch24_m3m/BIRC/tile_14335.png,2
arctic_vegetation/20230724_birch24_m3m/BIRC/tile_14336.png,2
arctic_vegetation/20230724_birch24_m3m/BIRC/tile_14337.png,2
arctic_vegetation/20230724_birch24_m3m/BIRC/tile_14338.png,2
arctic_vegetation/20230724_birch24_m3m/BIRC/tile_14339.png,2
arctic_vegetation/20230724_birch24_m3m/BIRC/tile_14340.png,2
arctic_vegetation/20230724_birch24_m3m/BIRC/tile_14341.png,2
arctic_vegetation/20230724_birch24_m3m/WILL/tile_14344.png,11
arctic_vegetation/20230724_birch24_m3m/WILL/tile_14345.png,11
arctic_vegetation/20230724_birch24_m3m/PETF/tile_14347.png,6
arctic_vegetation/20230724_birch24_m3m/BIRC/tile_14348.png,2
arctic_vegetation/20230724_birch24_m3m/BIRC/tile_14349.png,2
arctic_vegetation/20230724_birch24_m3m/BIRC/tile_14350.png,2
arctic_vegetation/20230724_birch24_m3m/BIRC/tile_14351.png,2
arctic_vegetation/20230724_birch24_m3m/BIRC/tile_14469.png,2
arctic_vegetation/20230724_birch24_m3m/BIRC/tile_14470.png,2
arctic_vegetation/20230724_birch24_m3m/BIRC/tile_14471.png,2
arctic_vegetation/20230724_birch24_m3m/BIRC/tile_14472.png,2
arctic_vegetation/20230724_birch24_m3m/BIRC/tile_14473.png,2
arctic_vegetation/20230724_birch24_m3m/BIRC/tile_14474.png,2
arctic_vegetation/20230724_birch24_m3m/BIRC/tile_14475.png,2
arctic_vegetation/20230724_birch24_m3m/BIRC/tile_14476.png,2
arctic_vegetation/20230724_birch24_m3m/BIRC/tile_14477.png,2
arctic_vegetation/20230724_birch24_m3m/BIRC/tile_14478.png,2
arctic_vegetation/20230724_birch24_m3m/BIRC/tile_14479.png,2
arctic_vegetation/20230724_birch24_m3m/BIRC/tile_14480.png,2
arctic_vegetation/20230724_birch24_m3m/BIRC/tile_14481.png,2
arctic_vegetation/20230724_birch24_m3m/BIRC/tile_14482.png,2
arctic_vegetation/20230724_birch24_m3m/BIRC/tile_14483.png,2
arctic_vegetation/20230724_birch24_m3m/BIRC/tile_14484.png,2
arctic_vegetation/20230724_birch24_m3m/BIRC/tile_14485.png,2
arctic_vegetation/20230724_birch24_m3m/BIRC/tile_14486.png,2
arctic_vegetation/20230724_birch24_m3m/BIRC/tile_14487.png,2
arctic_vegetation/20230724_birch24_m3m/BIRC/tile_14488.png,2
arctic_vegetation/20230724_birch24_m3m/BIRC/tile_14489.png,2
arctic_vegetation/20230724_birch24_m3m/BIRC/tile_14490.png,2
arctic_vegetation/20230724_birch24_m3m/BIRC/tile_14491.png,2
arctic_vegetation/20230724_birch24_m3m/BIRC/tile_14492.png,2
arctic_vegetation/20230724_birch24_m3m/LICH/tile_14542.png,4
arctic_vegetation/20230724_birch24_m3m/BIRC/tile_14543.png,2
arctic_vegetation/20230724_birch24_m3m/BIRC/tile_14544.png,2
arctic_vegetation/20230724_birch24_m3m/BIRC/tile_14545.png,2
arctic_vegetation/20230724_birch24_m3m/LICH/tile_14546.png,4
arctic_vegetation/20230724_birch24_m3m/BIRC/tile_14547.png,2
arctic_vegetation/20230724_birch24_m3m/BIRC/tile_14548.png,2
arctic_vegetation/20230724_birch24_m3m/LICH/tile_14549.png,4
arctic_vegetation/20230724_birch24_m3m/LICH/tile_14550.png,4
arctic_vegetation/20230724_birch24_m3m/LICH/tile_14551.png,4
arctic_vegetation/20230724_birch24_m3m/BIRC/tile_14679.png,2
arctic_vegetation/20230724_birch24_m3m/BIRC/tile_14680.png,2
arctic_vegetation/20230724_birch24_m3m/BIRC/tile_14681.png,2
arctic_vegetation/20230724_birch24_m3m/BIRC/tile_14682.png,2
arctic_vegetation/20230724_birch24_m3m/BIRC/tile_14683.png,2
arctic_vegetation/20230724_birch24_m3m/BIRC/tile_14684.png,2
arctic_vegetation/20230724_birch24_m3m/BIRC/tile_14685.png,2
arctic_vegetation/20230724_birch24_m3m/BIRC/tile_14686.png,2
arctic_vegetation/20230724_birch24_m3m/BIRC/tile_14687.png,2
arctic_vegetation/20230724_birch24_m3m/BIRC/tile_14689.png,2
arctic_vegetation/20230724_birch24_m3m/BIRC/tile_14690.png,2
arctic_vegetation/20230724_birch24_m3m/BIRC/tile_14691.png,2
arctic_vegetation/20230724_birch24_m3m/BIRC/tile_14692.png,2
arctic_vegetation/20230724_birch24_m3m/BIRC/tile_14693.png,2
arctic_vegetation/20230724_birch24_m3m/BIRC/tile_14694.png,2
arctic_vegetation/20230724_birch24_m3m/BIRC/tile_14695.png,2
arctic_vegetation/20230724_birch24_m3m/BIRC/tile_14696.png,2
arctic_vegetation/20230724_birch24_m3m/BIRC/tile_14697.png,2
arctic_vegetation/20230724_birch24_m3m/BIRC/tile_14698.png,2
arctic_vegetation/20230724_birch24_m3m/BIRC/tile_14699.png,2
arctic_vegetation/20230724_birch24_m3m/BIRC/tile_14700.png,2
arctic_vegetation/20230724_birch24_m3m/BIRC/tile_14701.png,2
arctic_vegetation/20230724_birch24_m3m/BIRC/tile_14702.png,2
arctic_vegetation/20230724_birch24_m3m/BIRC/tile_14703.png,2
arctic_vegetation/20230724_birch24_m3m/BIRC/tile_14704.png,2
arctic_vegetation/20230724_birch24_m3m/BIRC/tile_14705.png,2
arctic_vegetation/20230724_birch24_m3m/LICH/tile_14752.png,4
arctic_vegetation/20230724_birch24_m3m/LICH/tile_14753.png,4
arctic_vegetation/20230724_birch24_m3m/LICH/tile_14754.png,4
arctic_vegetation/20230724_birch24_m3m/LICH/tile_14755.png,4
arctic_vegetation/20230724_birch24_m3m/LICH/tile_14756.png,4
arctic_vegetation/20230724_birch24_m3m/LICH/tile_14757.png,4
arctic_vegetation/20230724_birch24_m3m/LICH/tile_14758.png,4
arctic_vegetation/20230724_birch24_m3m/LICH/tile_14759.png,4
arctic_vegetation/20230724_birch24_m3m/LICH/tile_14760.png,4
arctic_vegetation/20230724_birch24_m3m/LICH/tile_14761.png,4
arctic_vegetation/20230724_birch24_m3m/BIRC/tile_14909.png,2
arctic_vegetation/20230724_birch24_m3m/BIRC/tile_14910.png,2
arctic_vegetation/20230724_birch24_m3m/BIRC/tile_14911.png,2
arctic_vegetation/20230724_birch24_m3m/WILL/tile_14912.png,11
arctic_vegetation/20230724_birch24_m3m/BIRC/tile_14913.png,2
arctic_vegetation/20230724_birch24_m3m/BIRC/tile_14914.png,2
arctic_vegetation/20230724_birch24_m3m/BIRC/tile_14915.png,2
arctic_vegetation/20230724_birch24_m3m/BIRC/tile_14916.png,2
arctic_vegetation/20230724_birch24_m3m/LICH/tile_14965.png,4
arctic_vegetation/20230724_birch24_m3m/LICH/tile_14966.png,4
arctic_vegetation/20230724_birch24_m3m/LICH/tile_14967.png,4
arctic_vegetation/20230724_birch24_m3m/LICH/tile_14968.png,4
arctic_vegetation/20230724_birch24_m3m/LICH/tile_14969.png,4
arctic_vegetation/20230724_birch24_m3m/LICH/tile_14970.png,4
arctic_vegetation/20230724_birch24_m3m/LICH/tile_14971.png,4
arctic_vegetation/20230724_birch24_m3m/LICH/tile_14972.png,4
arctic_vegetation/20230724_birch24_m3m/BIRC/tile_15122.png,2
arctic_vegetation/20230724_birch24_m3m/BIRC/tile_15123.png,2
arctic_vegetation/20230724_birch24_m3m/BIRC/tile_15124.png,2
arctic_vegetation/20230724_birch24_m3m/BIRC/tile_15125.png,2
arctic_vegetation/20230724_birch24_m3m/BIRC/tile_15126.png,2
arctic_vegetation/20230724_birch24_m3m/BIRC/tile_15127.png,2
arctic_vegetation/20230724_birch24_m3m/BIRC/tile_15128.png,2
arctic_vegetation/20230724_birch24_m3m/BIRC/tile_15129.png,2
arctic_vegetation/20230724_birch24_m3m/LICH/tile_15182.png,4
arctic_vegetation/20230724_birch24_m3m/LICH/tile_15183.png,4
arctic_vegetation/20230724_birch24_m3m/DRYI/tile_15332.png,3
arctic_vegetation/20230724_birch24_m3m/DRYI/tile_15333.png,3
arctic_vegetation/20230724_birch24_m3m/DRYI/tile_15334.png,3
arctic_vegetation/20230724_birch24_m3m/DRYI/tile_15335.png,3
arctic_vegetation/20230724_birch24_m3m/BIRC/tile_15336.png,2
arctic_vegetation/20230724_birch24_m3m/BIRC/tile_15337.png,2
arctic_vegetation/20230724_birch24_m3m/BIRC/tile_15338.png,2
arctic_vegetation/20230724_birch24_m3m/BIRC/tile_15339.png,2
arctic_vegetation/20230724_birch24_m3m/BIRC/tile_15340.png,2
arctic_vegetation/20230724_birch24_m3m/BIRC/tile_15341.png,2
arctic_vegetation/20230724_birch24_m3m/BIRC/tile_15342.png,2
arctic_vegetation/20230724_birch24_m3m/BIRC/tile_15343.png,2
arctic_vegetation/20230724_birch24_m3m/LICH/tile_15532.png,4
arctic_vegetation/20230724_birch24_m3m/LICH/tile_15533.png,4
arctic_vegetation/20230724_birch24_m3m/LICH/tile_15534.png,4
arctic_vegetation/20230724_birch24_m3m/LICH/tile_15535.png,4
arctic_vegetation/20230724_birch24_m3m/LICH/tile_15536.png,4
arctic_vegetation/20230724_birch24_m3m/DRYI/tile_15545.png,3
arctic_vegetation/20230724_birch24_m3m/DRYI/tile_15546.png,3
arctic_vegetation/20230724_birch24_m3m/DRYI/tile_15547.png,3
arctic_vegetation/20230724_birch24_m3m/BIRC/tile_15548.png,2
arctic_vegetation/20230724_birch24_m3m/BIRC/tile_15549.png,2
arctic_vegetation/20230724_birch24_m3m/BIRC/tile_15550.png,2
arctic_vegetation/20230724_birch24_m3m/BIRC/tile_15551.png,2
arctic_vegetation/20230724_birch24_m3m/BIRC/tile_15552.png,2
arctic_vegetation/20230724_birch24_m3m/BIRC/tile_15553.png,2
arctic_vegetation/20230724_birch24_m3m/BIRC/tile_15554.png,2
arctic_vegetation/20230724_birch24_m3m/BIRC/tile_15555.png,2
arctic_vegetation/20230724_birch24_m3m/BIRC/tile_15556.png,2
arctic_vegetation/20230724_birch24_m3m/BIRC/tile_15557.png,2
arctic_vegetation/20230724_birch24_m3m/BIRC/tile_15558.png,2
arctic_vegetation/20230724_birch24_m3m/BIRC/tile_15559.png,2
arctic_vegetation/20230724_birch24_m3m/BIRC/tile_15560.png,2
arctic_vegetation/20230724_birch24_m3m/LICH/tile_15746.png,4
arctic_vegetation/20230724_birch24_m3m/LICH/tile_15747.png,4
arctic_vegetation/20230724_birch24_m3m/LICH/tile_15748.png,4
arctic_vegetation/20230724_birch24_m3m/BIRC/tile_15749.png,2
arctic_vegetation/20230724_birch24_m3m/BIRC/tile_15750.png,2
arctic_vegetation/20230724_birch24_m3m/BIRC/tile_15751.png,2
arctic_vegetation/20230724_birch24_m3m/DRYI/tile_15759.png,3
arctic_vegetation/20230724_birch24_m3m/DRYI/tile_15760.png,3
arctic_vegetation/20230724_birch24_m3m/DRYI/tile_15761.png,3
arctic_vegetation/20230724_birch24_m3m/BIRC/tile_15762.png,2
arctic_vegetation/20230724_birch24_m3m/BIRC/tile_15763.png,2
arctic_vegetation/20230724_birch24_m3m/BIRC/tile_15764.png,2
arctic_vegetation/20230724_birch24_m3m/BIRC/tile_15765.png,2
arctic_vegetation/20230724_birch24_m3m/BIRC/tile_15766.png,2
arctic_vegetation/20230724_birch24_m3m/BIRC/tile_15767.png,2
arctic_vegetation/20230724_birch24_m3m/BIRC/tile_15768.png,2
arctic_vegetation/20230724_birch24_m3m/BIRC/tile_15769.png,2
arctic_vegetation/20230724_birch24_m3m/BIRC/tile_15770.png,2
arctic_vegetation/20230724_birch24_m3m/BIRC/tile_15771.png,2
arctic_vegetation/20230724_birch24_m3m/BIRC/tile_15772.png,2
arctic_vegetation/20230724_birch24_m3m/BIRC/tile_15773.png,2
arctic_vegetation/20230724_birch24_m3m/BIRC/tile_15774.png,2
arctic_vegetation/20230724_birch24_m3m/LICH/tile_15960.png,4
arctic_vegetation/20230724_birch24_m3m/LICH/tile_15961.png,4
arctic_vegetation/20230724_birch24_m3m/LICH/tile_15962.png,4
arctic_vegetation/20230724_birch24_m3m/BIRC/tile_15963.png,2
arctic_vegetation/20230724_birch24_m3m/BIRC/tile_15964.png,2
arctic_vegetation/20230724_birch24_m3m/BIRC/tile_15965.png,2
arctic_vegetation/20230724_birch24_m3m/BIRC/tile_15966.png,2
arctic_vegetation/20230724_birch24_m3m/DRYI/tile_15973.png,3
arctic_vegetation/20230724_birch24_m3m/DRYI/tile_15974.png,3
arctic_vegetation/20230724_birch24_m3m/BIRC/tile_15976.png,2
arctic_vegetation/20230724_birch24_m3m/BIRC/tile_15977.png,2
arctic_vegetation/20230724_birch24_m3m/BIRC/tile_15978.png,2
arctic_vegetation/20230724_birch24_m3m/BIRC/tile_15979.png,2
arctic_vegetation/20230724_birch24_m3m/BIRC/tile_15980.png,2
arctic_vegetation/20230724_birch24_m3m/BIRC/tile_15981.png,2
arctic_vegetation/20230724_birch24_m3m/BIRC/tile_15982.png,2
arctic_vegetation/20230724_birch24_m3m/BIRC/tile_15983.png,2
arctic_vegetation/20230724_birch24_m3m/BIRC/tile_15984.png,2
arctic_vegetation/20230724_birch24_m3m/BIRC/tile_15985.png,2
arctic_vegetation/20230724_birch24_m3m/BIRC/tile_15986.png,2
arctic_vegetation/20230724_birch24_m3m/BIRC/tile_15987.png,2
arctic_vegetation/20230724_birch24_m3m/BIRC/tile_15988.png,2
arctic_vegetation/20230724_birch24_m3m/DRYI/tile_16174.png,3
arctic_vegetation/20230724_birch24_m3m/DRYI/tile_16175.png,3
arctic_vegetation/20230724_birch24_m3m/BIRC/tile_16176.png,2
arctic_vegetation/20230724_birch24_m3m/BIRC/tile_16177.png,2
arctic_vegetation/20230724_birch24_m3m/BIRC/tile_16178.png,2
arctic_vegetation/20230724_birch24_m3m/BIRC/tile_16179.png,2
arctic_vegetation/20230724_birch24_m3m/BIRC/tile_16180.png,2
arctic_vegetation/20230724_birch24_m3m/BIRC/tile_16187.png,2
arctic_vegetation/20230724_birch24_m3m/BIRC/tile_16188.png,2
arctic_vegetation/20230724_birch24_m3m/BIRC/tile_16189.png,2
arctic_vegetation/20230724_birch24_m3m/BIRC/tile_16190.png,2
arctic_vegetation/20230724_birch24_m3m/BIRC/tile_16191.png,2
arctic_vegetation/20230724_birch24_m3m/BIRC/tile_16192.png,2
arctic_vegetation/20230724_birch24_m3m/BIRC/tile_16193.png,2
arctic_vegetation/20230724_birch24_m3m/BIRC/tile_16194.png,2
arctic_vegetation/20230724_birch24_m3m/BIRC/tile_16195.png,2
arctic_vegetation/20230724_birch24_m3m/BIRC/tile_16196.png,2
arctic_vegetation/20230724_birch24_m3m/BIRC/tile_16197.png,2
arctic_vegetation/20230724_birch24_m3m/BIRC/tile_16198.png,2
arctic_vegetation/20230724_birch24_m3m/BIRC/tile_16199.png,2
arctic_vegetation/20230724_birch24_m3m/BIRC/tile_16200.png,2
arctic_vegetation/20230724_birch24_m3m/BIRC/tile_16201.png,2
arctic_vegetation/20230724_birch24_m3m/BIRC/tile_16202.png,2
arctic_vegetation/20230724_birch24_m3m/DRYI/tile_16388.png,3
arctic_vegetation/20230724_birch24_m3m/DRYI/tile_16389.png,3
arctic_vegetation/20230724_birch24_m3m/BIRC/tile_16390.png,2
arctic_vegetation/20230724_birch24_m3m/BIRC/tile_16391.png,2
arctic_vegetation/20230724_birch24_m3m/BIRC/tile_16392.png,2
arctic_vegetation/20230724_birch24_m3m/BIRC/tile_16393.png,2
arctic_vegetation/20230724_birch24_m3m/BIRC/tile_16394.png,2
arctic_vegetation/20230724_birch24_m3m/BIRC/tile_16401.png,2
arctic_vegetation/20230724_birch24_m3m/BIRC/tile_16402.png,2
arctic_vegetation/20230724_birch24_m3m/BIRC/tile_16403.png,2
arctic_vegetation/20230724_birch24_m3m/BIRC/tile_16404.png,2
arctic_vegetation/20230724_birch24_m3m/BIRC/tile_16405.png,2
arctic_vegetation/20230724_birch24_m3m/BIRC/tile_16406.png,2
arctic_vegetation/20230724_birch24_m3m/BIRC/tile_16407.png,2
arctic_vegetation/20230724_birch24_m3m/BIRC/tile_16408.png,2
arctic_vegetation/20230724_birch24_m3m/BIRC/tile_16409.png,2
arctic_vegetation/20230724_birch24_m3m/BIRC/tile_16410.png,2
arctic_vegetation/20230724_birch24_m3m/BIRC/tile_16411.png,2
arctic_vegetation/20230724_birch24_m3m/BIRC/tile_16412.png,2
arctic_vegetation/20230724_birch24_m3m/BIRC/tile_16413.png,2
arctic_vegetation/20230724_birch24_m3m/BIRC/tile_16414.png,2
arctic_vegetation/20230724_birch24_m3m/BIRC/tile_16415.png,2
arctic_vegetation/20230724_birch24_m3m/BIRC/tile_16416.png,2
arctic_vegetation/20230724_birch24_m3m/DRYI/tile_16602.png,3
arctic_vegetation/20230724_birch24_m3m/WILL/tile_16603.png,11
arctic_vegetation/20230724_birch24_m3m/BIRC/tile_16604.png,2
arctic_vegetation/20230724_birch24_m3m/BIRC/tile_16605.png,2
arctic_vegetation/20230724_birch24_m3m/BIRC/tile_16606.png,2
arctic_vegetation/20230724_birch24_m3m/BIRC/tile_16615.png,2
arctic_vegetation/20230724_birch24_m3m/BIRC/tile_16616.png,2
arctic_vegetation/20230724_birch24_m3m/BIRC/tile_16617.png,2
arctic_vegetation/20230724_birch24_m3m/BIRC/tile_16618.png,2
arctic_vegetation/20230724_birch24_m3m/BIRC/tile_16619.png,2
arctic_vegetation/20230724_birch24_m3m/BIRC/tile_16620.png,2
arctic_vegetation/20230724_birch24_m3m/BIRC/tile_16621.png,2
arctic_vegetation/20230724_birch24_m3m/BIRC/tile_16622.png,2
arctic_vegetation/20230724_birch24_m3m/BIRC/tile_16623.png,2
arctic_vegetation/20230724_birch24_m3m/BIRC/tile_16624.png,2
arctic_vegetation/20230724_birch24_m3m/BIRC/tile_16625.png,2
arctic_vegetation/20230724_birch24_m3m/BIRC/tile_16626.png,2
arctic_vegetation/20230724_birch24_m3m/BIRC/tile_16627.png,2
arctic_vegetation/20230724_birch24_m3m/BIRC/tile_16628.png,2
arctic_vegetation/20230724_birch24_m3m/BIRC/tile_16629.png,2
arctic_vegetation/20230724_birch24_m3m/BIRC/tile_16630.png,2
arctic_vegetation/20230724_birch24_m3m/BIRC/tile_16815.png,2
arctic_vegetation/20230724_birch24_m3m/BIRC/tile_16816.png,2
arctic_vegetation/20230724_birch24_m3m/BIRC/tile_16817.png,2
arctic_vegetation/20230724_birch24_m3m/WILL/tile_16818.png,11
arctic_vegetation/20230724_birch24_m3m/BIRC/tile_16819.png,2
arctic_vegetation/20230724_birch24_m3m/BIRC/tile_16820.png,2
arctic_vegetation/20230724_birch24_m3m/BIRC/tile_16829.png,2
arctic_vegetation/20230724_birch24_m3m/BIRC/tile_16830.png,2
arctic_vegetation/20230724_birch24_m3m/BIRC/tile_16831.png,2
arctic_vegetation/20230724_birch24_m3m/BIRC/tile_16832.png,2
arctic_vegetation/20230724_birch24_m3m/BIRC/tile_16833.png,2
arctic_vegetation/20230724_birch24_m3m/BIRC/tile_16834.png,2
arctic_vegetation/20230724_birch24_m3m/BIRC/tile_16835.png,2
arctic_vegetation/20230724_birch24_m3m/BIRC/tile_16836.png,2
arctic_vegetation/20230724_birch24_m3m/BIRC/tile_16837.png,2
arctic_vegetation/20230724_birch24_m3m/BIRC/tile_16838.png,2
arctic_vegetation/20230724_birch24_m3m/BIRC/tile_16839.png,2
arctic_vegetation/20230724_birch24_m3m/BIRC/tile_16840.png,2
arctic_vegetation/20230724_birch24_m3m/BIRC/tile_16841.png,2
arctic_vegetation/20230724_birch24_m3m/BIRC/tile_16842.png,2
arctic_vegetation/20230724_birch24_m3m/BIRC/tile_16843.png,2
arctic_vegetation/20230724_birch24_m3m/BIRC/tile_16844.png,2
arctic_vegetation/20230724_birch24_m3m/BIRC/tile_17029.png,2
arctic_vegetation/20230724_birch24_m3m/BIRC/tile_17030.png,2
arctic_vegetation/20230724_birch24_m3m/BIRC/tile_17031.png,2
arctic_vegetation/20230724_birch24_m3m/BIRC/tile_17032.png,2
arctic_vegetation/20230724_birch24_m3m/WILL/tile_17033.png,11
arctic_vegetation/20230724_birch24_m3m/BIRC/tile_17043.png,2
arctic_vegetation/20230724_birch24_m3m/BIRC/tile_17044.png,2
arctic_vegetation/20230724_birch24_m3m/BIRC/tile_17045.png,2
arctic_vegetation/20230724_birch24_m3m/BIRC/tile_17046.png,2
arctic_vegetation/20230724_birch24_m3m/BIRC/tile_17047.png,2
arctic_vegetation/20230724_birch24_m3m/BIRC/tile_17048.png,2
arctic_vegetation/20230724_birch24_m3m/BIRC/tile_17049.png,2
arctic_vegetation/20230724_birch24_m3m/BIRC/tile_17050.png,2
arctic_vegetation/20230724_birch24_m3m/BIRC/tile_17051.png,2
arctic_vegetation/20230724_birch24_m3m/BIRC/tile_17052.png,2
arctic_vegetation/20230724_birch24_m3m/BIRC/tile_17053.png,2
arctic_vegetation/20230724_birch24_m3m/BIRC/tile_17054.png,2
arctic_vegetation/20230724_birch24_m3m/BIRC/tile_17055.png,2
arctic_vegetation/20230724_birch24_m3m/BIRC/tile_17056.png,2
arctic_vegetation/20230724_birch24_m3m/BIRC/tile_17057.png,2
arctic_vegetation/20230724_birch24_m3m/BIRC/tile_17058.png,2
arctic_vegetation/20230724_birch24_m3m/BIRC/tile_17243.png,2
arctic_vegetation/20230724_birch24_m3m/BIRC/tile_17244.png,2
arctic_vegetation/20230724_birch24_m3m/BIRC/tile_17245.png,2
arctic_vegetation/20230724_birch24_m3m/BIRC/tile_17246.png,2
arctic_vegetation/20230724_birch24_m3m/BIRC/tile_17247.png,2
arctic_vegetation/20230724_birch24_m3m/BIRC/tile_17256.png,2
arctic_vegetation/20230724_birch24_m3m/BIRC/tile_17257.png,2
arctic_vegetation/20230724_birch24_m3m/BIRC/tile_17258.png,2
arctic_vegetation/20230724_birch24_m3m/BIRC/tile_17259.png,2
arctic_vegetation/20230724_birch24_m3m/BIRC/tile_17260.png,2
arctic_vegetation/20230724_birch24_m3m/BIRC/tile_17261.png,2
arctic_vegetation/20230724_birch24_m3m/BIRC/tile_17262.png,2
arctic_vegetation/20230724_birch24_m3m/BIRC/tile_17263.png,2
arctic_vegetation/20230724_birch24_m3m/BIRC/tile_17264.png,2
arctic_vegetation/20230724_birch24_m3m/BIRC/tile_17265.png,2
arctic_vegetation/20230724_birch24_m3m/BIRC/tile_17266.png,2
arctic_vegetation/20230724_birch24_m3m/BIRC/tile_17267.png,2
arctic_vegetation/20230724_birch24_m3m/BIRC/tile_17268.png,2
arctic_vegetation/20230724_birch24_m3m/BIRC/tile_17269.png,2
arctic_vegetation/20230724_birch24_m3m/BIRC/tile_17270.png,2
arctic_vegetation/20230724_birch24_m3m/BIRC/tile_17271.png,2
arctic_vegetation/20230724_birch24_m3m/BIRC/tile_17272.png,2
arctic_vegetation/20230724_birch24_m3m/BIRC/tile_17273.png,2
arctic_vegetation/20230724_birch24_m3m/BIRC/tile_17274.png,2
arctic_vegetation/20230724_birch24_m3m/BIRC/tile_17275.png,2
arctic_vegetation/20230724_birch24_m3m/BIRC/tile_17276.png,2
arctic_vegetation/20230724_birch24_m3m/BIRC/tile_17277.png,2
arctic_vegetation/20230724_birch24_m3m/BIRC/tile_17278.png,2
arctic_vegetation/20230724_birch24_m3m/BIRC/tile_17279.png,2
arctic_vegetation/20230724_birch24_m3m/BIRC/tile_17280.png,2
arctic_vegetation/20230724_birch24_m3m/BIRC/tile_17281.png,2
arctic_vegetation/20230724_birch24_m3m/BIRC/tile_17282.png,2
arctic_vegetation/20230724_birch24_m3m/BIRC/tile_17283.png,2
arctic_vegetation/20230724_birch24_m3m/BIRC/tile_17284.png,2
arctic_vegetation/20230724_birch24_m3m/BIRC/tile_17285.png,2
arctic_vegetation/20230724_birch24_m3m/BIRC/tile_17286.png,2
arctic_vegetation/20230724_birch24_m3m/BIRC/tile_17287.png,2
arctic_vegetation/20230724_birch24_m3m/BIRC/tile_17288.png,2
arctic_vegetation/20230724_birch24_m3m/BIRC/tile_17289.png,2
arctic_vegetation/20230724_birch24_m3m/BIRC/tile_17290.png,2
arctic_vegetation/20230724_birch24_m3m/BIRC/tile_17291.png,2
arctic_vegetation/20230724_birch24_m3m/BIRC/tile_17292.png,2
arctic_vegetation/20230724_birch24_m3m/BIRC/tile_17293.png,2
arctic_vegetation/20230724_birch24_m3m/BIRC/tile_17294.png,2
arctic_vegetation/20230724_birch24_m3m/BIRC/tile_17457.png,2
arctic_vegetation/20230724_birch24_m3m/BIRC/tile_17458.png,2
arctic_vegetation/20230724_birch24_m3m/BIRC/tile_17459.png,2
arctic_vegetation/20230724_birch24_m3m/BIRC/tile_17460.png,2
arctic_vegetation/20230724_birch24_m3m/BIRC/tile_17461.png,2
arctic_vegetation/20230724_birch24_m3m/WILL/tile_17467.png,11
arctic_vegetation/20230724_birch24_m3m/WILL/tile_17468.png,11
arctic_vegetation/20230724_birch24_m3m/BIRC/tile_17470.png,2
arctic_vegetation/20230724_birch24_m3m/BIRC/tile_17471.png,2
arctic_vegetation/20230724_birch24_m3m/BIRC/tile_17472.png,2
arctic_vegetation/20230724_birch24_m3m/BIRC/tile_17473.png,2
arctic_vegetation/20230724_birch24_m3m/BIRC/tile_17474.png,2
arctic_vegetation/20230724_birch24_m3m/BIRC/tile_17475.png,2
arctic_vegetation/20230724_birch24_m3m/BIRC/tile_17476.png,2
arctic_vegetation/20230724_birch24_m3m/BIRC/tile_17477.png,2
arctic_vegetation/20230724_birch24_m3m/BIRC/tile_17478.png,2
arctic_vegetation/20230724_birch24_m3m/BIRC/tile_17479.png,2
arctic_vegetation/20230724_birch24_m3m/BIRC/tile_17480.png,2
arctic_vegetation/20230724_birch24_m3m/BIRC/tile_17481.png,2
arctic_vegetation/20230724_birch24_m3m/BIRC/tile_17482.png,2
arctic_vegetation/20230724_birch24_m3m/BIRC/tile_17483.png,2
arctic_vegetation/20230724_birch24_m3m/BIRC/tile_17484.png,2
arctic_vegetation/20230724_birch24_m3m/BIRC/tile_17485.png,2
arctic_vegetation/20230724_birch24_m3m/BIRC/tile_17486.png,2
arctic_vegetation/20230724_birch24_m3m/BIRC/tile_17487.png,2
arctic_vegetation/20230724_birch24_m3m/BIRC/tile_17488.png,2
arctic_vegetation/20230724_birch24_m3m/BIRC/tile_17489.png,2
arctic_vegetation/20230724_birch24_m3m/BIRC/tile_17490.png,2
arctic_vegetation/20230724_birch24_m3m/BIRC/tile_17491.png,2
arctic_vegetation/20230724_birch24_m3m/BIRC/tile_17492.png,2
arctic_vegetation/20230724_birch24_m3m/BIRC/tile_17493.png,2
arctic_vegetation/20230724_birch24_m3m/BIRC/tile_17494.png,2
arctic_vegetation/20230724_birch24_m3m/BIRC/tile_17495.png,2
arctic_vegetation/20230724_birch24_m3m/BIRC/tile_17496.png,2
arctic_vegetation/20230724_birch24_m3m/BIRC/tile_17497.png,2
arctic_vegetation/20230724_birch24_m3m/BIRC/tile_17498.png,2
arctic_vegetation/20230724_birch24_m3m/BIRC/tile_17499.png,2
arctic_vegetation/20230724_birch24_m3m/BIRC/tile_17500.png,2
arctic_vegetation/20230724_birch24_m3m/BIRC/tile_17501.png,2
arctic_vegetation/20230724_birch24_m3m/BIRC/tile_17502.png,2
arctic_vegetation/20230724_birch24_m3m/BIRC/tile_17503.png,2
arctic_vegetation/20230724_birch24_m3m/BIRC/tile_17504.png,2
arctic_vegetation/20230724_birch24_m3m/BIRC/tile_17505.png,2
arctic_vegetation/20230724_birch24_m3m/BIRC/tile_17506.png,2
arctic_vegetation/20230724_birch24_m3m/BIRC/tile_17507.png,2
arctic_vegetation/20230724_birch24_m3m/BIRC/tile_17508.png,2
arctic_vegetation/20230724_birch24_m3m/BIRC/tile_17509.png,2
arctic_vegetation/20230724_birch24_m3m/BIRC/tile_17510.png,2
arctic_vegetation/20230724_birch24_m3m/BIRC/tile_17511.png,2
arctic_vegetation/20230724_birch24_m3m/BIRC/tile_17540.png,2
arctic_vegetation/20230724_birch24_m3m/BIRC/tile_17541.png,2
arctic_vegetation/20230724_birch24_m3m/BIRC/tile_17542.png,2
arctic_vegetation/20230724_birch24_m3m/BIRC/tile_17543.png,2
arctic_vegetation/20230724_birch24_m3m/BIRC/tile_17544.png,2
arctic_vegetation/20230724_birch24_m3m/BIRC/tile_17545.png,2
arctic_vegetation/20230724_birch24_m3m/BIRC/tile_17546.png,2
arctic_vegetation/20230724_birch24_m3m/BIRC/tile_17671.png,2
arctic_vegetation/20230724_birch24_m3m/BIRC/tile_17672.png,2
arctic_vegetation/20230724_birch24_m3m/BIRC/tile_17673.png,2
arctic_vegetation/20230724_birch24_m3m/BIRC/tile_17674.png,2
arctic_vegetation/20230724_birch24_m3m/BIRC/tile_17675.png,2
arctic_vegetation/20230724_birch24_m3m/BIRC/tile_17678.png,2
arctic_vegetation/20230724_birch24_m3m/BIRC/tile_17679.png,2
arctic_vegetation/20230724_birch24_m3m/WILL/tile_17680.png,11
arctic_vegetation/20230724_birch24_m3m/WILL/tile_17681.png,11
arctic_vegetation/20230724_birch24_m3m/WILL/tile_17682.png,11
arctic_vegetation/20230724_birch24_m3m/WILL/tile_17683.png,11
arctic_vegetation/20230724_birch24_m3m/BIRC/tile_17684.png,2
arctic_vegetation/20230724_birch24_m3m/BIRC/tile_17685.png,2
arctic_vegetation/20230724_birch24_m3m/BIRC/tile_17686.png,2
arctic_vegetation/20230724_birch24_m3m/BIRC/tile_17687.png,2
arctic_vegetation/20230724_birch24_m3m/BIRC/tile_17688.png,2
arctic_vegetation/20230724_birch24_m3m/BIRC/tile_17689.png,2
arctic_vegetation/20230724_birch24_m3m/BIRC/tile_17690.png,2
arctic_vegetation/20230724_birch24_m3m/BIRC/tile_17691.png,2
arctic_vegetation/20230724_birch24_m3m/BIRC/tile_17692.png,2
arctic_vegetation/20230724_birch24_m3m/BIRC/tile_17693.png,2
arctic_vegetation/20230724_birch24_m3m/BIRC/tile_17694.png,2
arctic_vegetation/20230724_birch24_m3m/BIRC/tile_17695.png,2
arctic_vegetation/20230724_birch24_m3m/BIRC/tile_17696.png,2
arctic_vegetation/20230724_birch24_m3m/BIRC/tile_17697.png,2
arctic_vegetation/20230724_birch24_m3m/BIRC/tile_17698.png,2
arctic_vegetation/20230724_birch24_m3m/BIRC/tile_17699.png,2
arctic_vegetation/20230724_birch24_m3m/BIRC/tile_17700.png,2
arctic_vegetation/20230724_birch24_m3m/BIRC/tile_17701.png,2
arctic_vegetation/20230724_birch24_m3m/BIRC/tile_17702.png,2
arctic_vegetation/20230724_birch24_m3m/BIRC/tile_17703.png,2
arctic_vegetation/20230724_birch24_m3m/BIRC/tile_17704.png,2
arctic_vegetation/20230724_birch24_m3m/BIRC/tile_17705.png,2
arctic_vegetation/20230724_birch24_m3m/BIRC/tile_17706.png,2
arctic_vegetation/20230724_birch24_m3m/BIRC/tile_17707.png,2
arctic_vegetation/20230724_birch24_m3m/BIRC/tile_17708.png,2
arctic_vegetation/20230724_birch24_m3m/BIRC/tile_17709.png,2
arctic_vegetation/20230724_birch24_m3m/BIRC/tile_17710.png,2
arctic_vegetation/20230724_birch24_m3m/BIRC/tile_17711.png,2
arctic_vegetation/20230724_birch24_m3m/BIRC/tile_17712.png,2
arctic_vegetation/20230724_birch24_m3m/BIRC/tile_17713.png,2
arctic_vegetation/20230724_birch24_m3m/BIRC/tile_17714.png,2
arctic_vegetation/20230724_birch24_m3m/BIRC/tile_17715.png,2
arctic_vegetation/20230724_birch24_m3m/BIRC/tile_17716.png,2
arctic_vegetation/20230724_birch24_m3m/BIRC/tile_17717.png,2
arctic_vegetation/20230724_birch24_m3m/BIRC/tile_17718.png,2
arctic_vegetation/20230724_birch24_m3m/BIRC/tile_17719.png,2
arctic_vegetation/20230724_birch24_m3m/BIRC/tile_17720.png,2
arctic_vegetation/20230724_birch24_m3m/BIRC/tile_17721.png,2
arctic_vegetation/20230724_birch24_m3m/BIRC/tile_17722.png,2
arctic_vegetation/20230724_birch24_m3m/BIRC/tile_17723.png,2
arctic_vegetation/20230724_birch24_m3m/BIRC/tile_17724.png,2
arctic_vegetation/20230724_birch24_m3m/BIRC/tile_17725.png,2
arctic_vegetation/20230724_birch24_m3m/BIRC/tile_17754.png,2
arctic_vegetation/20230724_birch24_m3m/BIRC/tile_17755.png,2
arctic_vegetation/20230724_birch24_m3m/BIRC/tile_17756.png,2
arctic_vegetation/20230724_birch24_m3m/BIRC/tile_17757.png,2
arctic_vegetation/20230724_birch24_m3m/BIRC/tile_17758.png,2
arctic_vegetation/20230724_birch24_m3m/BIRC/tile_17759.png,2
arctic_vegetation/20230724_birch24_m3m/BIRC/tile_17760.png,2
arctic_vegetation/20230724_birch24_m3m/BIRC/tile_17885.png,2
arctic_vegetation/20230724_birch24_m3m/BIRC/tile_17886.png,2
arctic_vegetation/20230724_birch24_m3m/BIRC/tile_17887.png,2
arctic_vegetation/20230724_birch24_m3m/BIRC/tile_17888.png,2
arctic_vegetation/20230724_birch24_m3m/BIRC/tile_17889.png,2
arctic_vegetation/20230724_birch24_m3m/BIRC/tile_17892.png,2
arctic_vegetation/20230724_birch24_m3m/WILL/tile_17893.png,11
arctic_vegetation/20230724_birch24_m3m/WILL/tile_17894.png,11
arctic_vegetation/20230724_birch24_m3m/WILL/tile_17895.png,11
arctic_vegetation/20230724_birch24_m3m/WILL/tile_17896.png,11
arctic_vegetation/20230724_birch24_m3m/BIRC/tile_17897.png,2
arctic_vegetation/20230724_birch24_m3m/BIRC/tile_17898.png,2
arctic_vegetation/20230724_birch24_m3m/BIRC/tile_17899.png,2
arctic_vegetation/20230724_birch24_m3m/BIRC/tile_17900.png,2
arctic_vegetation/20230724_birch24_m3m/BIRC/tile_17901.png,2
arctic_vegetation/20230724_birch24_m3m/BIRC/tile_17902.png,2
arctic_vegetation/20230724_birch24_m3m/BIRC/tile_17903.png,2
arctic_vegetation/20230724_birch24_m3m/BIRC/tile_17904.png,2
arctic_vegetation/20230724_birch24_m3m/BIRC/tile_17905.png,2
arctic_vegetation/20230724_birch24_m3m/BIRC/tile_17906.png,2
arctic_vegetation/20230724_birch24_m3m/BIRC/tile_17907.png,2
arctic_vegetation/20230724_birch24_m3m/BIRC/tile_17908.png,2
arctic_vegetation/20230724_birch24_m3m/BIRC/tile_17909.png,2
arctic_vegetation/20230724_birch24_m3m/BIRC/tile_17910.png,2
arctic_vegetation/20230724_birch24_m3m/BIRC/tile_17911.png,2
arctic_vegetation/20230724_birch24_m3m/BIRC/tile_17912.png,2
arctic_vegetation/20230724_birch24_m3m/BIRC/tile_17913.png,2
arctic_vegetation/20230724_birch24_m3m/BIRC/tile_17914.png,2
arctic_vegetation/20230724_birch24_m3m/BIRC/tile_17915.png,2
arctic_vegetation/20230724_birch24_m3m/BIRC/tile_17916.png,2
arctic_vegetation/20230724_birch24_m3m/BIRC/tile_17917.png,2
arctic_vegetation/20230724_birch24_m3m/BIRC/tile_17918.png,2
arctic_vegetation/20230724_birch24_m3m/BIRC/tile_17919.png,2
arctic_vegetation/20230724_birch24_m3m/BIRC/tile_17920.png,2
arctic_vegetation/20230724_birch24_m3m/BIRC/tile_17921.png,2
arctic_vegetation/20230724_birch24_m3m/BIRC/tile_17922.png,2
arctic_vegetation/20230724_birch24_m3m/BIRC/tile_17923.png,2
arctic_vegetation/20230724_birch24_m3m/BIRC/tile_17924.png,2
arctic_vegetation/20230724_birch24_m3m/BIRC/tile_17925.png,2
arctic_vegetation/20230724_birch24_m3m/BIRC/tile_17926.png,2
arctic_vegetation/20230724_birch24_m3m/BIRC/tile_17927.png,2
arctic_vegetation/20230724_birch24_m3m/BIRC/tile_17928.png,2
arctic_vegetation/20230724_birch24_m3m/BIRC/tile_17929.png,2
arctic_vegetation/20230724_birch24_m3m/BIRC/tile_17930.png,2
arctic_vegetation/20230724_birch24_m3m/BIRC/tile_17931.png,2
arctic_vegetation/20230724_birch24_m3m/BIRC/tile_17932.png,2
arctic_vegetation/20230724_birch24_m3m/BIRC/tile_17933.png,2
arctic_vegetation/20230724_birch24_m3m/BIRC/tile_17934.png,2
arctic_vegetation/20230724_birch24_m3m/BIRC/tile_17935.png,2
arctic_vegetation/20230724_birch24_m3m/BIRC/tile_17936.png,2
arctic_vegetation/20230724_birch24_m3m/BIRC/tile_17937.png,2
arctic_vegetation/20230724_birch24_m3m/BIRC/tile_17938.png,2
arctic_vegetation/20230724_birch24_m3m/BIRC/tile_17939.png,2
arctic_vegetation/20230724_birch24_m3m/BIRC/tile_17968.png,2
arctic_vegetation/20230724_birch24_m3m/BIRC/tile_17969.png,2
arctic_vegetation/20230724_birch24_m3m/BIRC/tile_17970.png,2
arctic_vegetation/20230724_birch24_m3m/BIRC/tile_17971.png,2
arctic_vegetation/20230724_birch24_m3m/BIRC/tile_17972.png,2
arctic_vegetation/20230724_birch24_m3m/BIRC/tile_17973.png,2
arctic_vegetation/20230724_birch24_m3m/BIRC/tile_17974.png,2
arctic_vegetation/20230724_birch24_m3m/BIRC/tile_18099.png,2
arctic_vegetation/20230724_birch24_m3m/BIRC/tile_18100.png,2
arctic_vegetation/20230724_birch24_m3m/BIRC/tile_18101.png,2
arctic_vegetation/20230724_birch24_m3m/BIRC/tile_18102.png,2
arctic_vegetation/20230724_birch24_m3m/BIRC/tile_18103.png,2
arctic_vegetation/20230724_birch24_m3m/BIRC/tile_18104.png,2
arctic_vegetation/20230724_birch24_m3m/BIRC/tile_18106.png,2
arctic_vegetation/20230724_birch24_m3m/WILL/tile_18107.png,11
arctic_vegetation/20230724_birch24_m3m/WILL/tile_18108.png,11
arctic_vegetation/20230724_birch24_m3m/WILL/tile_18109.png,11
arctic_vegetation/20230724_birch24_m3m/BIRC/tile_18110.png,2
arctic_vegetation/20230724_birch24_m3m/BIRC/tile_18111.png,2
arctic_vegetation/20230724_birch24_m3m/BIRC/tile_18112.png,2
arctic_vegetation/20230724_birch24_m3m/BIRC/tile_18113.png,2
arctic_vegetation/20230724_birch24_m3m/BIRC/tile_18114.png,2
arctic_vegetation/20230724_birch24_m3m/BIRC/tile_18115.png,2
arctic_vegetation/20230724_birch24_m3m/BIRC/tile_18116.png,2
arctic_vegetation/20230724_birch24_m3m/BIRC/tile_18117.png,2
arctic_vegetation/20230724_birch24_m3m/BIRC/tile_18118.png,2
arctic_vegetation/20230724_birch24_m3m/BIRC/tile_18119.png,2
arctic_vegetation/20230724_birch24_m3m/BIRC/tile_18120.png,2
arctic_vegetation/20230724_birch24_m3m/BIRC/tile_18121.png,2
arctic_vegetation/20230724_birch24_m3m/BIRC/tile_18122.png,2
arctic_vegetation/20230724_birch24_m3m/BIRC/tile_18123.png,2
arctic_vegetation/20230724_birch24_m3m/BIRC/tile_18124.png,2
arctic_vegetation/20230724_birch24_m3m/BIRC/tile_18125.png,2
arctic_vegetation/20230724_birch24_m3m/BIRC/tile_18126.png,2
arctic_vegetation/20230724_birch24_m3m/BIRC/tile_18127.png,2
arctic_vegetation/20230724_birch24_m3m/BIRC/tile_18128.png,2
arctic_vegetation/20230724_birch24_m3m/BIRC/tile_18129.png,2
arctic_vegetation/20230724_birch24_m3m/BIRC/tile_18130.png,2
arctic_vegetation/20230724_birch24_m3m/BIRC/tile_18131.png,2
arctic_vegetation/20230724_birch24_m3m/BIRC/tile_18132.png,2
arctic_vegetation/20230724_birch24_m3m/BIRC/tile_18133.png,2
arctic_vegetation/20230724_birch24_m3m/BIRC/tile_18134.png,2
arctic_vegetation/20230724_birch24_m3m/BIRC/tile_18135.png,2
arctic_vegetation/20230724_birch24_m3m/BIRC/tile_18136.png,2
arctic_vegetation/20230724_birch24_m3m/BIRC/tile_18137.png,2
arctic_vegetation/20230724_birch24_m3m/BIRC/tile_18138.png,2
arctic_vegetation/20230724_birch24_m3m/BIRC/tile_18139.png,2
arctic_vegetation/20230724_birch24_m3m/BIRC/tile_18140.png,2
arctic_vegetation/20230724_birch24_m3m/BIRC/tile_18141.png,2
arctic_vegetation/20230724_birch24_m3m/BIRC/tile_18142.png,2
arctic_vegetation/20230724_birch24_m3m/BIRC/tile_18143.png,2
arctic_vegetation/20230724_birch24_m3m/BIRC/tile_18144.png,2
arctic_vegetation/20230724_birch24_m3m/BIRC/tile_18145.png,2
arctic_vegetation/20230724_birch24_m3m/BIRC/tile_18146.png,2
arctic_vegetation/20230724_birch24_m3m/BIRC/tile_18147.png,2
arctic_vegetation/20230724_birch24_m3m/BIRC/tile_18148.png,2
arctic_vegetation/20230724_birch24_m3m/BIRC/tile_18149.png,2
arctic_vegetation/20230724_birch24_m3m/BIRC/tile_18150.png,2
arctic_vegetation/20230724_birch24_m3m/BIRC/tile_18151.png,2
arctic_vegetation/20230724_birch24_m3m/BIRC/tile_18152.png,2
arctic_vegetation/20230724_birch24_m3m/BIRC/tile_18153.png,2
arctic_vegetation/20230724_birch24_m3m/BIRC/tile_18182.png,2
arctic_vegetation/20230724_birch24_m3m/BIRC/tile_18183.png,2
arctic_vegetation/20230724_birch24_m3m/BIRC/tile_18184.png,2
arctic_vegetation/20230724_birch24_m3m/BIRC/tile_18185.png,2
arctic_vegetation/20230724_birch24_m3m/BIRC/tile_18186.png,2
arctic_vegetation/20230724_birch24_m3m/BIRC/tile_18187.png,2
arctic_vegetation/20230724_birch24_m3m/BIRC/tile_18188.png,2
arctic_vegetation/20230724_birch24_m3m/BIRC/tile_18314.png,2
arctic_vegetation/20230724_birch24_m3m/BIRC/tile_18315.png,2
arctic_vegetation/20230724_birch24_m3m/BIRC/tile_18316.png,2
arctic_vegetation/20230724_birch24_m3m/BIRC/tile_18317.png,2
arctic_vegetation/20230724_birch24_m3m/BIRC/tile_18318.png,2
arctic_vegetation/20230724_birch24_m3m/BIRC/tile_18319.png,2
arctic_vegetation/20230724_birch24_m3m/BIRC/tile_18320.png,2
arctic_vegetation/20230724_birch24_m3m/WILL/tile_18321.png,11
arctic_vegetation/20230724_birch24_m3m/WILL/tile_18322.png,11
arctic_vegetation/20230724_birch24_m3m/BIRC/tile_18323.png,2
arctic_vegetation/20230724_birch24_m3m/BIRC/tile_18324.png,2
arctic_vegetation/20230724_birch24_m3m/BIRC/tile_18325.png,2
arctic_vegetation/20230724_birch24_m3m/BIRC/tile_18326.png,2
arctic_vegetation/20230724_birch24_m3m/BIRC/tile_18327.png,2
arctic_vegetation/20230724_birch24_m3m/BIRC/tile_18328.png,2
arctic_vegetation/20230724_birch24_m3m/BIRC/tile_18329.png,2
arctic_vegetation/20230724_birch24_m3m/BIRC/tile_18330.png,2
arctic_vegetation/20230724_birch24_m3m/BIRC/tile_18331.png,2
arctic_vegetation/20230724_birch24_m3m/BIRC/tile_18332.png,2
arctic_vegetation/20230724_birch24_m3m/BIRC/tile_18333.png,2
arctic_vegetation/20230724_birch24_m3m/BIRC/tile_18334.png,2
arctic_vegetation/20230724_birch24_m3m/BIRC/tile_18335.png,2
arctic_vegetation/20230724_birch24_m3m/BIRC/tile_18336.png,2
arctic_vegetation/20230724_birch24_m3m/BIRC/tile_18337.png,2
arctic_vegetation/20230724_birch24_m3m/BIRC/tile_18338.png,2
arctic_vegetation/20230724_birch24_m3m/BIRC/tile_18339.png,2
arctic_vegetation/20230724_birch24_m3m/BIRC/tile_18340.png,2
arctic_vegetation/20230724_birch24_m3m/BIRC/tile_18341.png,2
arctic_vegetation/20230724_birch24_m3m/BIRC/tile_18342.png,2
arctic_vegetation/20230724_birch24_m3m/BIRC/tile_18343.png,2
arctic_vegetation/20230724_birch24_m3m/BIRC/tile_18344.png,2
arctic_vegetation/20230724_birch24_m3m/BIRC/tile_18345.png,2
arctic_vegetation/20230724_birch24_m3m/BIRC/tile_18346.png,2
arctic_vegetation/20230724_birch24_m3m/BIRC/tile_18347.png,2
arctic_vegetation/20230724_birch24_m3m/BIRC/tile_18348.png,2
arctic_vegetation/20230724_birch24_m3m/BIRC/tile_18349.png,2
arctic_vegetation/20230724_birch24_m3m/BIRC/tile_18350.png,2
arctic_vegetation/20230724_birch24_m3m/BIRC/tile_18351.png,2
arctic_vegetation/20230724_birch24_m3m/BIRC/tile_18352.png,2
arctic_vegetation/20230724_birch24_m3m/BIRC/tile_18353.png,2
arctic_vegetation/20230724_birch24_m3m/BIRC/tile_18354.png,2
arctic_vegetation/20230724_birch24_m3m/BIRC/tile_18355.png,2
arctic_vegetation/20230724_birch24_m3m/BIRC/tile_18356.png,2
arctic_vegetation/20230724_birch24_m3m/BIRC/tile_18357.png,2
arctic_vegetation/20230724_birch24_m3m/BIRC/tile_18358.png,2
arctic_vegetation/20230724_birch24_m3m/BIRC/tile_18359.png,2
arctic_vegetation/20230724_birch24_m3m/BIRC/tile_18360.png,2
arctic_vegetation/20230724_birch24_m3m/BIRC/tile_18361.png,2
arctic_vegetation/20230724_birch24_m3m/BIRC/tile_18362.png,2
arctic_vegetation/20230724_birch24_m3m/BIRC/tile_18363.png,2
arctic_vegetation/20230724_birch24_m3m/BIRC/tile_18364.png,2
arctic_vegetation/20230724_birch24_m3m/BIRC/tile_18365.png,2
arctic_vegetation/20230724_birch24_m3m/BIRC/tile_18366.png,2
arctic_vegetation/20230724_birch24_m3m/BIRC/tile_18367.png,2
arctic_vegetation/20230724_birch24_m3m/BIRC/tile_18396.png,2
arctic_vegetation/20230724_birch24_m3m/BIRC/tile_18397.png,2
arctic_vegetation/20230724_birch24_m3m/BIRC/tile_18398.png,2
arctic_vegetation/20230724_birch24_m3m/BIRC/tile_18399.png,2
arctic_vegetation/20230724_birch24_m3m/BIRC/tile_18400.png,2
arctic_vegetation/20230724_birch24_m3m/BIRC/tile_18401.png,2
arctic_vegetation/20230724_birch24_m3m/BIRC/tile_18402.png,2
arctic_vegetation/20230724_birch24_m3m/DRYI/tile_18403.png,3
arctic_vegetation/20230724_birch24_m3m/WILL/tile_18528.png,11
arctic_vegetation/20230724_birch24_m3m/BIRC/tile_18529.png,2
arctic_vegetation/20230724_birch24_m3m/BIRC/tile_18530.png,2
arctic_vegetation/20230724_birch24_m3m/BIRC/tile_18531.png,2
arctic_vegetation/20230724_birch24_m3m/BIRC/tile_18532.png,2
arctic_vegetation/20230724_birch24_m3m/BIRC/tile_18533.png,2
arctic_vegetation/20230724_birch24_m3m/BIRC/tile_18534.png,2
arctic_vegetation/20230724_birch24_m3m/BIRC/tile_18535.png,2
arctic_vegetation/20230724_birch24_m3m/BIRC/tile_18536.png,2
arctic_vegetation/20230724_birch24_m3m/BIRC/tile_18537.png,2
arctic_vegetation/20230724_birch24_m3m/BIRC/tile_18538.png,2
arctic_vegetation/20230724_birch24_m3m/BIRC/tile_18539.png,2
arctic_vegetation/20230724_birch24_m3m/BIRC/tile_18540.png,2
arctic_vegetation/20230724_birch24_m3m/BIRC/tile_18541.png,2
arctic_vegetation/20230724_birch24_m3m/BIRC/tile_18542.png,2
arctic_vegetation/20230724_birch24_m3m/BIRC/tile_18543.png,2
arctic_vegetation/20230724_birch24_m3m/BIRC/tile_18544.png,2
arctic_vegetation/20230724_birch24_m3m/BIRC/tile_18545.png,2
arctic_vegetation/20230724_birch24_m3m/BIRC/tile_18546.png,2
arctic_vegetation/20230724_birch24_m3m/BIRC/tile_18547.png,2
arctic_vegetation/20230724_birch24_m3m/BIRC/tile_18548.png,2
arctic_vegetation/20230724_birch24_m3m/BIRC/tile_18549.png,2
arctic_vegetation/20230724_birch24_m3m/BIRC/tile_18550.png,2
arctic_vegetation/20230724_birch24_m3m/BIRC/tile_18551.png,2
arctic_vegetation/20230724_birch24_m3m/BIRC/tile_18552.png,2
arctic_vegetation/20230724_birch24_m3m/BIRC/tile_18553.png,2
arctic_vegetation/20230724_birch24_m3m/BIRC/tile_18554.png,2
arctic_vegetation/20230724_birch24_m3m/BIRC/tile_18555.png,2
arctic_vegetation/20230724_birch24_m3m/BIRC/tile_18556.png,2
arctic_vegetation/20230724_birch24_m3m/BIRC/tile_18557.png,2
arctic_vegetation/20230724_birch24_m3m/BIRC/tile_18558.png,2
arctic_vegetation/20230724_birch24_m3m/BIRC/tile_18559.png,2
arctic_vegetation/20230724_birch24_m3m/BIRC/tile_18560.png,2
arctic_vegetation/20230724_birch24_m3m/BIRC/tile_18561.png,2
arctic_vegetation/20230724_birch24_m3m/BIRC/tile_18562.png,2
arctic_vegetation/20230724_birch24_m3m/BIRC/tile_18563.png,2
arctic_vegetation/20230724_birch24_m3m/BIRC/tile_18564.png,2
arctic_vegetation/20230724_birch24_m3m/BIRC/tile_18565.png,2
arctic_vegetation/20230724_birch24_m3m/BIRC/tile_18566.png,2
arctic_vegetation/20230724_birch24_m3m/BIRC/tile_18567.png,2
arctic_vegetation/20230724_birch24_m3m/BIRC/tile_18568.png,2
arctic_vegetation/20230724_birch24_m3m/BIRC/tile_18569.png,2
arctic_vegetation/20230724_birch24_m3m/BIRC/tile_18570.png,2
arctic_vegetation/20230724_birch24_m3m/BIRC/tile_18571.png,2
arctic_vegetation/20230724_birch24_m3m/BIRC/tile_18572.png,2
arctic_vegetation/20230724_birch24_m3m/BIRC/tile_18573.png,2
arctic_vegetation/20230724_birch24_m3m/BIRC/tile_18574.png,2
arctic_vegetation/20230724_birch24_m3m/BIRC/tile_18575.png,2
arctic_vegetation/20230724_birch24_m3m/BIRC/tile_18576.png,2
arctic_vegetation/20230724_birch24_m3m/BIRC/tile_18577.png,2
arctic_vegetation/20230724_birch24_m3m/BIRC/tile_18578.png,2
arctic_vegetation/20230724_birch24_m3m/BIRC/tile_18579.png,2
arctic_vegetation/20230724_birch24_m3m/BIRC/tile_18580.png,2
arctic_vegetation/20230724_birch24_m3m/BIRC/tile_18581.png,2
arctic_vegetation/20230724_birch24_m3m/DRYI/tile_18614.png,3
arctic_vegetation/20230724_birch24_m3m/DRYI/tile_18615.png,3
arctic_vegetation/20230724_birch24_m3m/DRYI/tile_18616.png,3
arctic_vegetation/20230724_birch24_m3m/DRYI/tile_18617.png,3
arctic_vegetation/20230724_birch24_m3m/DRYI/tile_18618.png,3
arctic_vegetation/20230724_birch24_m3m/DRYI/tile_18619.png,3
arctic_vegetation/20230724_birch24_m3m/DRYI/tile_18620.png,3
arctic_vegetation/20230724_birch24_m3m/BIRC/tile_18741.png,2
arctic_vegetation/20230724_birch24_m3m/BIRC/tile_18742.png,2
arctic_vegetation/20230724_birch24_m3m/BIRC/tile_18743.png,2
arctic_vegetation/20230724_birch24_m3m/BIRC/tile_18744.png,2
arctic_vegetation/20230724_birch24_m3m/BIRC/tile_18745.png,2
arctic_vegetation/20230724_birch24_m3m/BIRC/tile_18746.png,2
arctic_vegetation/20230724_birch24_m3m/BIRC/tile_18747.png,2
arctic_vegetation/20230724_birch24_m3m/BIRC/tile_18748.png,2
arctic_vegetation/20230724_birch24_m3m/BIRC/tile_18749.png,2
arctic_vegetation/20230724_birch24_m3m/BIRC/tile_18750.png,2
arctic_vegetation/20230724_birch24_m3m/BIRC/tile_18751.png,2
arctic_vegetation/20230724_birch24_m3m/BIRC/tile_18752.png,2
arctic_vegetation/20230724_birch24_m3m/BIRC/tile_18753.png,2
arctic_vegetation/20230724_birch24_m3m/BIRC/tile_18754.png,2
arctic_vegetation/20230724_birch24_m3m/BIRC/tile_18755.png,2
arctic_vegetation/20230724_birch24_m3m/BIRC/tile_18756.png,2
arctic_vegetation/20230724_birch24_m3m/BIRC/tile_18757.png,2
arctic_vegetation/20230724_birch24_m3m/BIRC/tile_18758.png,2
arctic_vegetation/20230724_birch24_m3m/BIRC/tile_18759.png,2
arctic_vegetation/20230724_birch24_m3m/BIRC/tile_18760.png,2
arctic_vegetation/20230724_birch24_m3m/BIRC/tile_18761.png,2
arctic_vegetation/20230724_birch24_m3m/BIRC/tile_18762.png,2
arctic_vegetation/20230724_birch24_m3m/BIRC/tile_18763.png,2
arctic_vegetation/20230724_birch24_m3m/BIRC/tile_18764.png,2
arctic_vegetation/20230724_birch24_m3m/BIRC/tile_18765.png,2
arctic_vegetation/20230724_birch24_m3m/BIRC/tile_18766.png,2
arctic_vegetation/20230724_birch24_m3m/BIRC/tile_18767.png,2
arctic_vegetation/20230724_birch24_m3m/BIRC/tile_18768.png,2
arctic_vegetation/20230724_birch24_m3m/BIRC/tile_18769.png,2
arctic_vegetation/20230724_birch24_m3m/BIRC/tile_18770.png,2
arctic_vegetation/20230724_birch24_m3m/BIRC/tile_18771.png,2
arctic_vegetation/20230724_birch24_m3m/BIRC/tile_18772.png,2
arctic_vegetation/20230724_birch24_m3m/BIRC/tile_18773.png,2
arctic_vegetation/20230724_birch24_m3m/BIRC/tile_18774.png,2
arctic_vegetation/20230724_birch24_m3m/BIRC/tile_18775.png,2
arctic_vegetation/20230724_birch24_m3m/BIRC/tile_18776.png,2
arctic_vegetation/20230724_birch24_m3m/BIRC/tile_18777.png,2
arctic_vegetation/20230724_birch24_m3m/BIRC/tile_18778.png,2
arctic_vegetation/20230724_birch24_m3m/BIRC/tile_18779.png,2
arctic_vegetation/20230724_birch24_m3m/BIRC/tile_18780.png,2
arctic_vegetation/20230724_birch24_m3m/BIRC/tile_18781.png,2
arctic_vegetation/20230724_birch24_m3m/BIRC/tile_18782.png,2
arctic_vegetation/20230724_birch24_m3m/BIRC/tile_18783.png,2
arctic_vegetation/20230724_birch24_m3m/BIRC/tile_18784.png,2
arctic_vegetation/20230724_birch24_m3m/BIRC/tile_18785.png,2
arctic_vegetation/20230724_birch24_m3m/BIRC/tile_18786.png,2
arctic_vegetation/20230724_birch24_m3m/BIRC/tile_18787.png,2
arctic_vegetation/20230724_birch24_m3m/BIRC/tile_18788.png,2
arctic_vegetation/20230724_birch24_m3m/BIRC/tile_18789.png,2
arctic_vegetation/20230724_birch24_m3m/BIRC/tile_18790.png,2
arctic_vegetation/20230724_birch24_m3m/BIRC/tile_18791.png,2
arctic_vegetation/20230724_birch24_m3m/BIRC/tile_18792.png,2
arctic_vegetation/20230724_birch24_m3m/BIRC/tile_18793.png,2
arctic_vegetation/20230724_birch24_m3m/BIRC/tile_18794.png,2
arctic_vegetation/20230724_birch24_m3m/BIRC/tile_18795.png,2
arctic_vegetation/20230724_birch24_m3m/BIRC/tile_18812.png,2
arctic_vegetation/20230724_birch24_m3m/BIRC/tile_18813.png,2
arctic_vegetation/20230724_birch24_m3m/BIRC/tile_18814.png,2
arctic_vegetation/20230724_birch24_m3m/DRYI/tile_18828.png,3
arctic_vegetation/20230724_birch24_m3m/DRYI/tile_18829.png,3
arctic_vegetation/20230724_birch24_m3m/DRYI/tile_18830.png,3
arctic_vegetation/20230724_birch24_m3m/DRYI/tile_18831.png,3
arctic_vegetation/20230724_birch24_m3m/DRYI/tile_18832.png,3
arctic_vegetation/20230724_birch24_m3m/DRYI/tile_18833.png,3
arctic_vegetation/20230724_birch24_m3m/DRYI/tile_18834.png,3
arctic_vegetation/20230724_birch24_m3m/BIRC/tile_18955.png,2
arctic_vegetation/20230724_birch24_m3m/BIRC/tile_18956.png,2
arctic_vegetation/20230724_birch24_m3m/BIRC/tile_18957.png,2
arctic_vegetation/20230724_birch24_m3m/BIRC/tile_18958.png,2
arctic_vegetation/20230724_birch24_m3m/BIRC/tile_18959.png,2
arctic_vegetation/20230724_birch24_m3m/BIRC/tile_18960.png,2
arctic_vegetation/20230724_birch24_m3m/BIRC/tile_18961.png,2
arctic_vegetation/20230724_birch24_m3m/BIRC/tile_18962.png,2
arctic_vegetation/20230724_birch24_m3m/BIRC/tile_18963.png,2
arctic_vegetation/20230724_birch24_m3m/BIRC/tile_18964.png,2
arctic_vegetation/20230724_birch24_m3m/LICH/tile_18965.png,4
arctic_vegetation/20230724_birch24_m3m/BIRC/tile_18966.png,2
arctic_vegetation/20230724_birch24_m3m/BIRC/tile_18967.png,2
arctic_vegetation/20230724_birch24_m3m/BIRC/tile_18968.png,2
arctic_vegetation/20230724_birch24_m3m/BIRC/tile_18969.png,2
arctic_vegetation/20230724_birch24_m3m/BIRC/tile_18970.png,2
arctic_vegetation/20230724_birch24_m3m/BIRC/tile_18971.png,2
arctic_vegetation/20230724_birch24_m3m/BIRC/tile_18972.png,2
arctic_vegetation/20230724_birch24_m3m/BIRC/tile_18973.png,2
arctic_vegetation/20230724_birch24_m3m/BIRC/tile_18974.png,2
arctic_vegetation/20230724_birch24_m3m/BIRC/tile_18975.png,2
arctic_vegetation/20230724_birch24_m3m/BIRC/tile_18976.png,2
arctic_vegetation/20230724_birch24_m3m/BIRC/tile_18977.png,2
arctic_vegetation/20230724_birch24_m3m/BIRC/tile_18978.png,2
arctic_vegetation/20230724_birch24_m3m/BIRC/tile_18979.png,2
arctic_vegetation/20230724_birch24_m3m/BIRC/tile_18980.png,2
arctic_vegetation/20230724_birch24_m3m/BIRC/tile_18981.png,2
arctic_vegetation/20230724_birch24_m3m/BIRC/tile_18982.png,2
arctic_vegetation/20230724_birch24_m3m/BIRC/tile_18983.png,2
arctic_vegetation/20230724_birch24_m3m/BIRC/tile_18984.png,2
arctic_vegetation/20230724_birch24_m3m/BIRC/tile_18985.png,2
arctic_vegetation/20230724_birch24_m3m/BIRC/tile_18986.png,2
arctic_vegetation/20230724_birch24_m3m/BIRC/tile_18987.png,2
arctic_vegetation/20230724_birch24_m3m/BIRC/tile_18988.png,2
arctic_vegetation/20230724_birch24_m3m/BIRC/tile_18989.png,2
arctic_vegetation/20230724_birch24_m3m/BIRC/tile_18990.png,2
arctic_vegetation/20230724_birch24_m3m/BIRC/tile_18991.png,2
arctic_vegetation/20230724_birch24_m3m/BIRC/tile_18992.png,2
arctic_vegetation/20230724_birch24_m3m/BIRC/tile_18993.png,2
arctic_vegetation/20230724_birch24_m3m/BIRC/tile_18994.png,2
arctic_vegetation/20230724_birch24_m3m/BIRC/tile_18995.png,2
arctic_vegetation/20230724_birch24_m3m/BIRC/tile_18996.png,2
arctic_vegetation/20230724_birch24_m3m/BIRC/tile_18997.png,2
arctic_vegetation/20230724_birch24_m3m/BIRC/tile_18998.png,2
arctic_vegetation/20230724_birch24_m3m/BIRC/tile_18999.png,2
arctic_vegetation/20230724_birch24_m3m/BIRC/tile_19000.png,2
arctic_vegetation/20230724_birch24_m3m/BIRC/tile_19001.png,2
arctic_vegetation/20230724_birch24_m3m/BIRC/tile_19002.png,2
arctic_vegetation/20230724_birch24_m3m/BIRC/tile_19003.png,2
arctic_vegetation/20230724_birch24_m3m/BIRC/tile_19004.png,2
arctic_vegetation/20230724_birch24_m3m/BIRC/tile_19005.png,2
arctic_vegetation/20230724_birch24_m3m/BIRC/tile_19006.png,2
arctic_vegetation/20230724_birch24_m3m/BIRC/tile_19007.png,2
arctic_vegetation/20230724_birch24_m3m/BIRC/tile_19008.png,2
arctic_vegetation/20230724_birch24_m3m/BIRC/tile_19009.png,2
arctic_vegetation/20230724_birch24_m3m/BIRC/tile_19023.png,2
arctic_vegetation/20230724_birch24_m3m/BIRC/tile_19024.png,2
arctic_vegetation/20230724_birch24_m3m/BIRC/tile_19025.png,2
arctic_vegetation/20230724_birch24_m3m/BIRC/tile_19026.png,2
arctic_vegetation/20230724_birch24_m3m/BIRC/tile_19027.png,2
arctic_vegetation/20230724_birch24_m3m/BIRC/tile_19028.png,2
arctic_vegetation/20230724_birch24_m3m/WILL/tile_19035.png,11
arctic_vegetation/20230724_birch24_m3m/WILL/tile_19036.png,11
arctic_vegetation/20230724_birch24_m3m/BIRC/tile_19041.png,2
arctic_vegetation/20230724_birch24_m3m/DRYI/tile_19042.png,3
arctic_vegetation/20230724_birch24_m3m/DRYI/tile_19043.png,3
arctic_vegetation/20230724_birch24_m3m/DRYI/tile_19044.png,3
arctic_vegetation/20230724_birch24_m3m/DRYI/tile_19045.png,3
arctic_vegetation/20230724_birch24_m3m/DRYI/tile_19046.png,3
arctic_vegetation/20230724_birch24_m3m/DRYI/tile_19047.png,3
arctic_vegetation/20230724_birch24_m3m/DRYI/tile_19048.png,3
arctic_vegetation/20230724_birch24_m3m/BIRC/tile_19049.png,2
arctic_vegetation/20230724_birch24_m3m/BIRC/tile_19169.png,2
arctic_vegetation/20230724_birch24_m3m/BIRC/tile_19170.png,2
arctic_vegetation/20230724_birch24_m3m/BIRC/tile_19171.png,2
arctic_vegetation/20230724_birch24_m3m/BIRC/tile_19172.png,2
arctic_vegetation/20230724_birch24_m3m/BIRC/tile_19173.png,2
arctic_vegetation/20230724_birch24_m3m/BIRC/tile_19174.png,2
arctic_vegetation/20230724_birch24_m3m/BIRC/tile_19175.png,2
arctic_vegetation/20230724_birch24_m3m/BIRC/tile_19176.png,2
arctic_vegetation/20230724_birch24_m3m/BIRC/tile_19177.png,2
arctic_vegetation/20230724_birch24_m3m/LICH/tile_19178.png,4
arctic_vegetation/20230724_birch24_m3m/LICH/tile_19179.png,4
arctic_vegetation/20230724_birch24_m3m/BIRC/tile_19180.png,2
arctic_vegetation/20230724_birch24_m3m/BIRC/tile_19181.png,2
arctic_vegetation/20230724_birch24_m3m/BIRC/tile_19182.png,2
arctic_vegetation/20230724_birch24_m3m/BIRC/tile_19183.png,2
arctic_vegetation/20230724_birch24_m3m/BIRC/tile_19184.png,2
arctic_vegetation/20230724_birch24_m3m/BIRC/tile_19185.png,2
arctic_vegetation/20230724_birch24_m3m/BIRC/tile_19186.png,2
arctic_vegetation/20230724_birch24_m3m/BIRC/tile_19187.png,2
arctic_vegetation/20230724_birch24_m3m/BIRC/tile_19188.png,2
arctic_vegetation/20230724_birch24_m3m/BIRC/tile_19189.png,2
arctic_vegetation/20230724_birch24_m3m/BIRC/tile_19190.png,2
arctic_vegetation/20230724_birch24_m3m/BIRC/tile_19191.png,2
arctic_vegetation/20230724_birch24_m3m/BIRC/tile_19192.png,2
arctic_vegetation/20230724_birch24_m3m/BIRC/tile_19193.png,2
arctic_vegetation/20230724_birch24_m3m/BIRC/tile_19194.png,2
arctic_vegetation/20230724_birch24_m3m/BIRC/tile_19195.png,2
arctic_vegetation/20230724_birch24_m3m/BIRC/tile_19196.png,2
arctic_vegetation/20230724_birch24_m3m/BIRC/tile_19197.png,2
arctic_vegetation/20230724_birch24_m3m/BIRC/tile_19198.png,2
arctic_vegetation/20230724_birch24_m3m/BIRC/tile_19199.png,2
arctic_vegetation/20230724_birch24_m3m/BIRC/tile_19200.png,2
arctic_vegetation/20230724_birch24_m3m/BIRC/tile_19201.png,2
arctic_vegetation/20230724_birch24_m3m/BIRC/tile_19202.png,2
arctic_vegetation/20230724_birch24_m3m/BIRC/tile_19203.png,2
arctic_vegetation/20230724_birch24_m3m/BIRC/tile_19204.png,2
arctic_vegetation/20230724_birch24_m3m/BIRC/tile_19205.png,2
arctic_vegetation/20230724_birch24_m3m/BIRC/tile_19206.png,2
arctic_vegetation/20230724_birch24_m3m/BIRC/tile_19207.png,2
arctic_vegetation/20230724_birch24_m3m/BIRC/tile_19208.png,2
arctic_vegetation/20230724_birch24_m3m/BIRC/tile_19209.png,2
arctic_vegetation/20230724_birch24_m3m/BIRC/tile_19210.png,2
arctic_vegetation/20230724_birch24_m3m/BIRC/tile_19211.png,2
arctic_vegetation/20230724_birch24_m3m/BIRC/tile_19212.png,2
arctic_vegetation/20230724_birch24_m3m/BIRC/tile_19213.png,2
arctic_vegetation/20230724_birch24_m3m/BIRC/tile_19214.png,2
arctic_vegetation/20230724_birch24_m3m/BIRC/tile_19215.png,2
arctic_vegetation/20230724_birch24_m3m/BIRC/tile_19216.png,2
arctic_vegetation/20230724_birch24_m3m/BIRC/tile_19217.png,2
arctic_vegetation/20230724_birch24_m3m/BIRC/tile_19218.png,2
arctic_vegetation/20230724_birch24_m3m/BIRC/tile_19219.png,2
arctic_vegetation/20230724_birch24_m3m/BIRC/tile_19220.png,2
arctic_vegetation/20230724_birch24_m3m/BIRC/tile_19221.png,2
arctic_vegetation/20230724_birch24_m3m/BIRC/tile_19222.png,2
arctic_vegetation/20230724_birch24_m3m/BIRC/tile_19223.png,2
arctic_vegetation/20230724_birch24_m3m/BIRC/tile_19235.png,2
arctic_vegetation/20230724_birch24_m3m/BIRC/tile_19236.png,2
arctic_vegetation/20230724_birch24_m3m/BIRC/tile_19237.png,2
arctic_vegetation/20230724_birch24_m3m/BIRC/tile_19238.png,2
arctic_vegetation/20230724_birch24_m3m/BIRC/tile_19239.png,2
arctic_vegetation/20230724_birch24_m3m/BIRC/tile_19240.png,2
arctic_vegetation/20230724_birch24_m3m/BIRC/tile_19241.png,2
arctic_vegetation/20230724_birch24_m3m/BIRC/tile_19242.png,2
arctic_vegetation/20230724_birch24_m3m/WILL/tile_19249.png,11
arctic_vegetation/20230724_birch24_m3m/WILL/tile_19250.png,11
arctic_vegetation/20230724_birch24_m3m/WILL/tile_19251.png,11
arctic_vegetation/20230724_birch24_m3m/BIRC/tile_19255.png,2
arctic_vegetation/20230724_birch24_m3m/BIRC/tile_19256.png,2
arctic_vegetation/20230724_birch24_m3m/BIRC/tile_19257.png,2
arctic_vegetation/20230724_birch24_m3m/DRYI/tile_19258.png,3
arctic_vegetation/20230724_birch24_m3m/DRYI/tile_19259.png,3
arctic_vegetation/20230724_birch24_m3m/DRYI/tile_19260.png,3
arctic_vegetation/20230724_birch24_m3m/DRYI/tile_19261.png,3
arctic_vegetation/20230724_birch24_m3m/BIRC/tile_19262.png,2
arctic_vegetation/20230724_birch24_m3m/BIRC/tile_19263.png,2
arctic_vegetation/20230724_birch24_m3m/BIRC/tile_19384.png,2
arctic_vegetation/20230724_birch24_m3m/BIRC/tile_19385.png,2
arctic_vegetation/20230724_birch24_m3m/BIRC/tile_19386.png,2
arctic_vegetation/20230724_birch24_m3m/BIRC/tile_19387.png,2
arctic_vegetation/20230724_birch24_m3m/BIRC/tile_19388.png,2
arctic_vegetation/20230724_birch24_m3m/BIRC/tile_19389.png,2
arctic_vegetation/20230724_birch24_m3m/LICH/tile_19391.png,4
arctic_vegetation/20230724_birch24_m3m/LICH/tile_19392.png,4
arctic_vegetation/20230724_birch24_m3m/BIRC/tile_19393.png,2
arctic_vegetation/20230724_birch24_m3m/BIRC/tile_19394.png,2
arctic_vegetation/20230724_birch24_m3m/BIRC/tile_19395.png,2
arctic_vegetation/20230724_birch24_m3m/BIRC/tile_19396.png,2
arctic_vegetation/20230724_birch24_m3m/BIRC/tile_19397.png,2
arctic_vegetation/20230724_birch24_m3m/BIRC/tile_19398.png,2
arctic_vegetation/20230724_birch24_m3m/BIRC/tile_19399.png,2
arctic_vegetation/20230724_birch24_m3m/BIRC/tile_19400.png,2
arctic_vegetation/20230724_birch24_m3m/BIRC/tile_19401.png,2
arctic_vegetation/20230724_birch24_m3m/BIRC/tile_19402.png,2
arctic_vegetation/20230724_birch24_m3m/BIRC/tile_19403.png,2
arctic_vegetation/20230724_birch24_m3m/BIRC/tile_19404.png,2
arctic_vegetation/20230724_birch24_m3m/BIRC/tile_19405.png,2
arctic_vegetation/20230724_birch24_m3m/BIRC/tile_19406.png,2
arctic_vegetation/20230724_birch24_m3m/BIRC/tile_19407.png,2
arctic_vegetation/20230724_birch24_m3m/BIRC/tile_19408.png,2
arctic_vegetation/20230724_birch24_m3m/BIRC/tile_19409.png,2
arctic_vegetation/20230724_birch24_m3m/BIRC/tile_19410.png,2
arctic_vegetation/20230724_birch24_m3m/BIRC/tile_19411.png,2
arctic_vegetation/20230724_birch24_m3m/BIRC/tile_19412.png,2
arctic_vegetation/20230724_birch24_m3m/BIRC/tile_19413.png,2
arctic_vegetation/20230724_birch24_m3m/BIRC/tile_19414.png,2
arctic_vegetation/20230724_birch24_m3m/BIRC/tile_19415.png,2
arctic_vegetation/20230724_birch24_m3m/BIRC/tile_19416.png,2
arctic_vegetation/20230724_birch24_m3m/BIRC/tile_19417.png,2
arctic_vegetation/20230724_birch24_m3m/BIRC/tile_19418.png,2
arctic_vegetation/20230724_birch24_m3m/BIRC/tile_19419.png,2
arctic_vegetation/20230724_birch24_m3m/BIRC/tile_19420.png,2
arctic_vegetation/20230724_birch24_m3m/BIRC/tile_19421.png,2
arctic_vegetation/20230724_birch24_m3m/BIRC/tile_19422.png,2
arctic_vegetation/20230724_birch24_m3m/BIRC/tile_19423.png,2
arctic_vegetation/20230724_birch24_m3m/BIRC/tile_19424.png,2
arctic_vegetation/20230724_birch24_m3m/BIRC/tile_19425.png,2
arctic_vegetation/20230724_birch24_m3m/BIRC/tile_19426.png,2
arctic_vegetation/20230724_birch24_m3m/BIRC/tile_19427.png,2
arctic_vegetation/20230724_birch24_m3m/BIRC/tile_19428.png,2
arctic_vegetation/20230724_birch24_m3m/BIRC/tile_19429.png,2
arctic_vegetation/20230724_birch24_m3m/BIRC/tile_19430.png,2
arctic_vegetation/20230724_birch24_m3m/BIRC/tile_19431.png,2
arctic_vegetation/20230724_birch24_m3m/BIRC/tile_19432.png,2
arctic_vegetation/20230724_birch24_m3m/BIRC/tile_19433.png,2
arctic_vegetation/20230724_birch24_m3m/BIRC/tile_19434.png,2
arctic_vegetation/20230724_birch24_m3m/BIRC/tile_19435.png,2
arctic_vegetation/20230724_birch24_m3m/BIRC/tile_19436.png,2
arctic_vegetation/20230724_birch24_m3m/BIRC/tile_19446.png,2
arctic_vegetation/20230724_birch24_m3m/BIRC/tile_19447.png,2
arctic_vegetation/20230724_birch24_m3m/BIRC/tile_19448.png,2
arctic_vegetation/20230724_birch24_m3m/BIRC/tile_19449.png,2
arctic_vegetation/20230724_birch24_m3m/BIRC/tile_19450.png,2
arctic_vegetation/20230724_birch24_m3m/BIRC/tile_19451.png,2
arctic_vegetation/20230724_birch24_m3m/BIRC/tile_19452.png,2
arctic_vegetation/20230724_birch24_m3m/BIRC/tile_19453.png,2
arctic_vegetation/20230724_birch24_m3m/BIRC/tile_19454.png,2
arctic_vegetation/20230724_birch24_m3m/WILL/tile_19462.png,11
arctic_vegetation/20230724_birch24_m3m/WILL/tile_19463.png,11
arctic_vegetation/20230724_birch24_m3m/WILL/tile_19464.png,11
arctic_vegetation/20230724_birch24_m3m/BIRC/tile_19468.png,2
arctic_vegetation/20230724_birch24_m3m/BIRC/tile_19469.png,2
arctic_vegetation/20230724_birch24_m3m/BIRC/tile_19470.png,2
arctic_vegetation/20230724_birch24_m3m/BIRC/tile_19471.png,2
arctic_vegetation/20230724_birch24_m3m/BIRC/tile_19472.png,2
arctic_vegetation/20230724_birch24_m3m/BIRC/tile_19473.png,2
arctic_vegetation/20230724_birch24_m3m/BIRC/tile_19474.png,2
arctic_vegetation/20230724_birch24_m3m/BIRC/tile_19475.png,2
arctic_vegetation/20230724_birch24_m3m/BIRC/tile_19476.png,2
arctic_vegetation/20230724_birch24_m3m/LICH/tile_19596.png,4
arctic_vegetation/20230724_birch24_m3m/LICH/tile_19597.png,4
arctic_vegetation/20230724_birch24_m3m/BIRC/tile_19598.png,2
arctic_vegetation/20230724_birch24_m3m/BIRC/tile_19599.png,2
arctic_vegetation/20230724_birch24_m3m/BIRC/tile_19600.png,2
arctic_vegetation/20230724_birch24_m3m/BIRC/tile_19601.png,2
arctic_vegetation/20230724_birch24_m3m/BIRC/tile_19602.png,2
arctic_vegetation/20230724_birch24_m3m/BIRC/tile_19603.png,2
arctic_vegetation/20230724_birch24_m3m/BIRC/tile_19609.png,2
arctic_vegetation/20230724_birch24_m3m/BIRC/tile_19610.png,2
arctic_vegetation/20230724_birch24_m3m/BIRC/tile_19611.png,2
arctic_vegetation/20230724_birch24_m3m/BIRC/tile_19612.png,2
arctic_vegetation/20230724_birch24_m3m/BIRC/tile_19613.png,2
arctic_vegetation/20230724_birch24_m3m/BIRC/tile_19614.png,2
arctic_vegetation/20230724_birch24_m3m/BIRC/tile_19615.png,2
arctic_vegetation/20230724_birch24_m3m/BIRC/tile_19616.png,2
arctic_vegetation/20230724_birch24_m3m/BIRC/tile_19617.png,2
arctic_vegetation/20230724_birch24_m3m/BIRC/tile_19618.png,2
arctic_vegetation/20230724_birch24_m3m/BIRC/tile_19619.png,2
arctic_vegetation/20230724_birch24_m3m/BIRC/tile_19620.png,2
arctic_vegetation/20230724_birch24_m3m/BIRC/tile_19621.png,2
arctic_vegetation/20230724_birch24_m3m/BIRC/tile_19622.png,2
arctic_vegetation/20230724_birch24_m3m/BIRC/tile_19623.png,2
arctic_vegetation/20230724_birch24_m3m/BIRC/tile_19624.png,2
arctic_vegetation/20230724_birch24_m3m/BIRC/tile_19625.png,2
arctic_vegetation/20230724_birch24_m3m/BIRC/tile_19626.png,2
arctic_vegetation/20230724_birch24_m3m/BIRC/tile_19627.png,2
arctic_vegetation/20230724_birch24_m3m/BIRC/tile_19628.png,2
arctic_vegetation/20230724_birch24_m3m/BIRC/tile_19629.png,2
arctic_vegetation/20230724_birch24_m3m/BIRC/tile_19630.png,2
arctic_vegetation/20230724_birch24_m3m/BIRC/tile_19631.png,2
arctic_vegetation/20230724_birch24_m3m/BIRC/tile_19632.png,2
arctic_vegetation/20230724_birch24_m3m/BIRC/tile_19633.png,2
arctic_vegetation/20230724_birch24_m3m/BIRC/tile_19634.png,2
arctic_vegetation/20230724_birch24_m3m/BIRC/tile_19635.png,2
arctic_vegetation/20230724_birch24_m3m/BIRC/tile_19636.png,2
arctic_vegetation/20230724_birch24_m3m/BIRC/tile_19637.png,2
arctic_vegetation/20230724_birch24_m3m/BIRC/tile_19638.png,2
arctic_vegetation/20230724_birch24_m3m/BIRC/tile_19639.png,2
arctic_vegetation/20230724_birch24_m3m/BIRC/tile_19640.png,2
arctic_vegetation/20230724_birch24_m3m/BIRC/tile_19641.png,2
arctic_vegetation/20230724_birch24_m3m/BIRC/tile_19642.png,2
arctic_vegetation/20230724_birch24_m3m/BIRC/tile_19643.png,2
arctic_vegetation/20230724_birch24_m3m/BIRC/tile_19644.png,2
arctic_vegetation/20230724_birch24_m3m/BIRC/tile_19645.png,2
arctic_vegetation/20230724_birch24_m3m/BIRC/tile_19646.png,2
arctic_vegetation/20230724_birch24_m3m/BIRC/tile_19647.png,2
arctic_vegetation/20230724_birch24_m3m/BIRC/tile_19648.png,2
arctic_vegetation/20230724_birch24_m3m/BIRC/tile_19649.png,2
arctic_vegetation/20230724_birch24_m3m/BIRC/tile_19650.png,2
arctic_vegetation/20230724_birch24_m3m/LICH/tile_19651.png,4
arctic_vegetation/20230724_birch24_m3m/BIRC/tile_19660.png,2
arctic_vegetation/20230724_birch24_m3m/BIRC/tile_19661.png,2
arctic_vegetation/20230724_birch24_m3m/BIRC/tile_19662.png,2
arctic_vegetation/20230724_birch24_m3m/BIRC/tile_19663.png,2
arctic_vegetation/20230724_birch24_m3m/BIRC/tile_19664.png,2
arctic_vegetation/20230724_birch24_m3m/BIRC/tile_19665.png,2
arctic_vegetation/20230724_birch24_m3m/BIRC/tile_19666.png,2
arctic_vegetation/20230724_birch24_m3m/BIRC/tile_19667.png,2
arctic_vegetation/20230724_birch24_m3m/BIRC/tile_19668.png,2
arctic_vegetation/20230724_birch24_m3m/LICH/tile_19810.png,4
arctic_vegetation/20230724_birch24_m3m/LICH/tile_19811.png,4
arctic_vegetation/20230724_birch24_m3m/BIRC/tile_19812.png,2
arctic_vegetation/20230724_birch24_m3m/BIRC/tile_19813.png,2
arctic_vegetation/20230724_birch24_m3m/BIRC/tile_19814.png,2
arctic_vegetation/20230724_birch24_m3m/BIRC/tile_19815.png,2
arctic_vegetation/20230724_birch24_m3m/BIRC/tile_19816.png,2
arctic_vegetation/20230724_birch24_m3m/BIRC/tile_19817.png,2
arctic_vegetation/20230724_birch24_m3m/PETF/tile_19861.png,6
arctic_vegetation/20230724_birch24_m3m/LICH/tile_19862.png,4
arctic_vegetation/20230724_birch24_m3m/LICH/tile_19863.png,4
arctic_vegetation/20230724_birch24_m3m/LICH/tile_19864.png,4
arctic_vegetation/20230724_birch24_m3m/LICH/tile_19865.png,4
arctic_vegetation/20230724_birch24_m3m/BIRC/tile_19874.png,2
arctic_vegetation/20230724_birch24_m3m/BIRC/tile_19875.png,2
arctic_vegetation/20230724_birch24_m3m/BIRC/tile_19876.png,2
arctic_vegetation/20230724_birch24_m3m/BIRC/tile_19877.png,2
arctic_vegetation/20230724_birch24_m3m/BIRC/tile_19878.png,2
arctic_vegetation/20230724_birch24_m3m/BIRC/tile_19879.png,2
arctic_vegetation/20230724_birch24_m3m/BIRC/tile_19880.png,2
arctic_vegetation/20230724_birch24_m3m/BIRC/tile_19881.png,2
arctic_vegetation/20230724_birch24_m3m/BIRC/tile_19882.png,2
arctic_vegetation/20230724_birch24_m3m/DRYI/tile_19883.png,3
arctic_vegetation/20230724_birch24_m3m/DRYI/tile_19884.png,3
arctic_vegetation/20230724_birch24_m3m/DRYI/tile_19885.png,3
arctic_vegetation/20230724_birch24_m3m/DRYI/tile_19886.png,3
arctic_vegetation/20230724_birch24_m3m/DRYI/tile_19887.png,3
arctic_vegetation/20230724_birch24_m3m/DRYI/tile_19888.png,3
arctic_vegetation/20230724_birch24_m3m/LICH/tile_20024.png,4
arctic_vegetation/20230724_birch24_m3m/DRYI/tile_20025.png,3
arctic_vegetation/20230724_birch24_m3m/DRYI/tile_20026.png,3
arctic_vegetation/20230724_birch24_m3m/DRYI/tile_20027.png,3
arctic_vegetation/20230724_birch24_m3m/DRYI/tile_20028.png,3
arctic_vegetation/20230724_birch24_m3m/BIRC/tile_20029.png,2
arctic_vegetation/20230724_birch24_m3m/BIRC/tile_20030.png,2
arctic_vegetation/20230724_birch24_m3m/LICH/tile_20031.png,4
arctic_vegetation/20230724_birch24_m3m/LICH/tile_20076.png,4
arctic_vegetation/20230724_birch24_m3m/LICH/tile_20077.png,4
arctic_vegetation/20230724_birch24_m3m/LICH/tile_20078.png,4
arctic_vegetation/20230724_birch24_m3m/BIRC/tile_20088.png,2
arctic_vegetation/20230724_birch24_m3m/BIRC/tile_20089.png,2
arctic_vegetation/20230724_birch24_m3m/BIRC/tile_20090.png,2
arctic_vegetation/20230724_birch24_m3m/BIRC/tile_20091.png,2
arctic_vegetation/20230724_birch24_m3m/BIRC/tile_20092.png,2
arctic_vegetation/20230724_birch24_m3m/BIRC/tile_20093.png,2
arctic_vegetation/20230724_birch24_m3m/BIRC/tile_20094.png,2
arctic_vegetation/20230724_birch24_m3m/BIRC/tile_20095.png,2
arctic_vegetation/20230724_birch24_m3m/BIRC/tile_20096.png,2
arctic_vegetation/20230724_birch24_m3m/DRYI/tile_20097.png,3
arctic_vegetation/20230724_birch24_m3m/DRYI/tile_20098.png,3
arctic_vegetation/20230724_birch24_m3m/DRYI/tile_20099.png,3
arctic_vegetation/20230724_birch24_m3m/DRYI/tile_20100.png,3
arctic_vegetation/20230724_birch24_m3m/DRYI/tile_20101.png,3
arctic_vegetation/20230724_birch24_m3m/DRYI/tile_20102.png,3
arctic_vegetation/20230724_birch24_m3m/DRYI/tile_20121.png,3
arctic_vegetation/20230724_birch24_m3m/DRYI/tile_20122.png,3
arctic_vegetation/20230724_birch24_m3m/DRYI/tile_20123.png,3
arctic_vegetation/20230724_birch24_m3m/DRYI/tile_20238.png,3
arctic_vegetation/20230724_birch24_m3m/DRYI/tile_20239.png,3
arctic_vegetation/20230724_birch24_m3m/DRYI/tile_20240.png,3
arctic_vegetation/20230724_birch24_m3m/DRYI/tile_20241.png,3
arctic_vegetation/20230724_birch24_m3m/DRYI/tile_20242.png,3
arctic_vegetation/20230724_birch24_m3m/LICH/tile_20244.png,4
arctic_vegetation/20230724_birch24_m3m/LICH/tile_20245.png,4
arctic_vegetation/20230724_birch24_m3m/BIRC/tile_20248.png,2
arctic_vegetation/20230724_birch24_m3m/BIRC/tile_20249.png,2
arctic_vegetation/20230724_birch24_m3m/BIRC/tile_20250.png,2
arctic_vegetation/20230724_birch24_m3m/BIRC/tile_20251.png,2
arctic_vegetation/20230724_birch24_m3m/BIRC/tile_20252.png,2
arctic_vegetation/20230724_birch24_m3m/BIRC/tile_20253.png,2
arctic_vegetation/20230724_birch24_m3m/BIRC/tile_20254.png,2
arctic_vegetation/20230724_birch24_m3m/BIRC/tile_20255.png,2
arctic_vegetation/20230724_birch24_m3m/BIRC/tile_20256.png,2
arctic_vegetation/20230724_birch24_m3m/DRYI/tile_20269.png,3
arctic_vegetation/20230724_birch24_m3m/DRYI/tile_20270.png,3
arctic_vegetation/20230724_birch24_m3m/DRYI/tile_20271.png,3
arctic_vegetation/20230724_birch24_m3m/DRYI/tile_20272.png,3
arctic_vegetation/20230724_birch24_m3m/DRYI/tile_20273.png,3
arctic_vegetation/20230724_birch24_m3m/BIRC/tile_20274.png,2
arctic_vegetation/20230724_birch24_m3m/BIRC/tile_20275.png,2
arctic_vegetation/20230724_birch24_m3m/BIRC/tile_20276.png,2
arctic_vegetation/20230724_birch24_m3m/BIRC/tile_20277.png,2
arctic_vegetation/20230724_birch24_m3m/BIRC/tile_20278.png,2
arctic_vegetation/20230724_birch24_m3m/BIRC/tile_20279.png,2
arctic_vegetation/20230724_birch24_m3m/BIRC/tile_20280.png,2
arctic_vegetation/20230724_birch24_m3m/LICH/tile_20290.png,4
arctic_vegetation/20230724_birch24_m3m/LICH/tile_20291.png,4
arctic_vegetation/20230724_birch24_m3m/BIRC/tile_20305.png,2
arctic_vegetation/20230724_birch24_m3m/BIRC/tile_20306.png,2
arctic_vegetation/20230724_birch24_m3m/BIRC/tile_20307.png,2
arctic_vegetation/20230724_birch24_m3m/BIRC/tile_20308.png,2
arctic_vegetation/20230724_birch24_m3m/BIRC/tile_20309.png,2
arctic_vegetation/20230724_birch24_m3m/BIRC/tile_20310.png,2
arctic_vegetation/20230724_birch24_m3m/DRYI/tile_20313.png,3
arctic_vegetation/20230724_birch24_m3m/DRYI/tile_20314.png,3
arctic_vegetation/20230724_birch24_m3m/DRYI/tile_20315.png,3
arctic_vegetation/20230724_birch24_m3m/DRYI/tile_20316.png,3
arctic_vegetation/20230724_birch24_m3m/DRYI/tile_20335.png,3
arctic_vegetation/20230724_birch24_m3m/DRYI/tile_20336.png,3
arctic_vegetation/20230724_birch24_m3m/DRYI/tile_20337.png,3
arctic_vegetation/20230724_birch24_m3m/DRYI/tile_20338.png,3
arctic_vegetation/20230724_birch24_m3m/DRYI/tile_20452.png,3
arctic_vegetation/20230724_birch24_m3m/DRYI/tile_20453.png,3
arctic_vegetation/20230724_birch24_m3m/DRYI/tile_20454.png,3
arctic_vegetation/20230724_birch24_m3m/DRYI/tile_20455.png,3
arctic_vegetation/20230724_birch24_m3m/DRYI/tile_20456.png,3
arctic_vegetation/20230724_birch24_m3m/LICH/tile_20458.png,4
arctic_vegetation/20230724_birch24_m3m/LICH/tile_20459.png,4
arctic_vegetation/20230724_birch24_m3m/LICH/tile_20460.png,4
arctic_vegetation/20230724_birch24_m3m/BIRC/tile_20462.png,2
arctic_vegetation/20230724_birch24_m3m/BIRC/tile_20463.png,2
arctic_vegetation/20230724_birch24_m3m/BIRC/tile_20464.png,2
arctic_vegetation/20230724_birch24_m3m/BIRC/tile_20465.png,2
arctic_vegetation/20230724_birch24_m3m/BIRC/tile_20466.png,2
arctic_vegetation/20230724_birch24_m3m/BIRC/tile_20467.png,2
arctic_vegetation/20230724_birch24_m3m/BIRC/tile_20468.png,2
arctic_vegetation/20230724_birch24_m3m/BIRC/tile_20469.png,2
arctic_vegetation/20230724_birch24_m3m/BIRC/tile_20470.png,2
arctic_vegetation/20230724_birch24_m3m/DRYI/tile_20483.png,3
arctic_vegetation/20230724_birch24_m3m/DRYI/tile_20484.png,3
arctic_vegetation/20230724_birch24_m3m/DRYI/tile_20485.png,3
arctic_vegetation/20230724_birch24_m3m/DRYI/tile_20486.png,3
arctic_vegetation/20230724_birch24_m3m/DRYI/tile_20487.png,3
arctic_vegetation/20230724_birch24_m3m/BIRC/tile_20488.png,2
arctic_vegetation/20230724_birch24_m3m/BIRC/tile_20489.png,2
arctic_vegetation/20230724_birch24_m3m/BIRC/tile_20490.png,2
arctic_vegetation/20230724_birch24_m3m/BIRC/tile_20491.png,2
arctic_vegetation/20230724_birch24_m3m/BIRC/tile_20492.png,2
arctic_vegetation/20230724_birch24_m3m/BIRC/tile_20493.png,2
arctic_vegetation/20230724_birch24_m3m/BIRC/tile_20494.png,2
arctic_vegetation/20230724_birch24_m3m/BIRC/tile_20524.png,2
arctic_vegetation/20230724_birch24_m3m/BIRC/tile_20525.png,2
arctic_vegetation/20230724_birch24_m3m/DRYI/tile_20527.png,3
arctic_vegetation/20230724_birch24_m3m/DRYI/tile_20528.png,3
arctic_vegetation/20230724_birch24_m3m/DRYI/tile_20529.png,3
arctic_vegetation/20230724_birch24_m3m/SEDG/tile_20540.png,9
arctic_vegetation/20230724_birch24_m3m/SEDG/tile_20541.png,9
arctic_vegetation/20230724_birch24_m3m/DRYI/tile_20549.png,3
arctic_vegetation/20230724_birch24_m3m/DRYI/tile_20550.png,3
arctic_vegetation/20230724_birch24_m3m/DRYI/tile_20551.png,3
arctic_vegetation/20230724_birch24_m3m/DRYI/tile_20552.png,3
arctic_vegetation/20230724_birch24_m3m/DRYI/tile_20666.png,3
arctic_vegetation/20230724_birch24_m3m/DRYI/tile_20667.png,3
arctic_vegetation/20230724_birch24_m3m/DRYI/tile_20668.png,3
arctic_vegetation/20230724_birch24_m3m/DRYI/tile_20669.png,3
arctic_vegetation/20230724_birch24_m3m/DRYI/tile_20670.png,3
arctic_vegetation/20230724_birch24_m3m/PETF/tile_20671.png,6
arctic_vegetation/20230724_birch24_m3m/LICH/tile_20672.png,4
arctic_vegetation/20230724_birch24_m3m/LICH/tile_20673.png,4
arctic_vegetation/20230724_birch24_m3m/LICH/tile_20674.png,4
arctic_vegetation/20230724_birch24_m3m/BIRC/tile_20676.png,2
arctic_vegetation/20230724_birch24_m3m/BIRC/tile_20677.png,2
arctic_vegetation/20230724_birch24_m3m/BIRC/tile_20678.png,2
arctic_vegetation/20230724_birch24_m3m/BIRC/tile_20679.png,2
arctic_vegetation/20230724_birch24_m3m/BIRC/tile_20680.png,2
arctic_vegetation/20230724_birch24_m3m/BIRC/tile_20681.png,2
arctic_vegetation/20230724_birch24_m3m/BIRC/tile_20682.png,2
arctic_vegetation/20230724_birch24_m3m/BIRC/tile_20683.png,2
arctic_vegetation/20230724_birch24_m3m/BIRC/tile_20684.png,2
arctic_vegetation/20230724_birch24_m3m/DRYI/tile_20698.png,3
arctic_vegetation/20230724_birch24_m3m/DRYI/tile_20699.png,3
arctic_vegetation/20230724_birch24_m3m/DRYI/tile_20700.png,3
arctic_vegetation/20230724_birch24_m3m/BIRC/tile_20701.png,2
arctic_vegetation/20230724_birch24_m3m/BIRC/tile_20702.png,2
arctic_vegetation/20230724_birch24_m3m/BIRC/tile_20703.png,2
arctic_vegetation/20230724_birch24_m3m/BIRC/tile_20704.png,2
arctic_vegetation/20230724_birch24_m3m/BIRC/tile_20705.png,2
arctic_vegetation/20230724_birch24_m3m/BIRC/tile_20706.png,2
arctic_vegetation/20230724_birch24_m3m/BIRC/tile_20707.png,2
arctic_vegetation/20230724_birch24_m3m/BIRC/tile_20708.png,2
arctic_vegetation/20230724_birch24_m3m/BIRC/tile_20723.png,2
arctic_vegetation/20230724_birch24_m3m/BIRC/tile_20724.png,2
arctic_vegetation/20230724_birch24_m3m/BIRC/tile_20725.png,2
arctic_vegetation/20230724_birch24_m3m/BIRC/tile_20726.png,2
arctic_vegetation/20230724_birch24_m3m/BIRC/tile_20727.png,2
arctic_vegetation/20230724_birch24_m3m/BIRC/tile_20728.png,2
arctic_vegetation/20230724_birch24_m3m/BIRC/tile_20738.png,2
arctic_vegetation/20230724_birch24_m3m/BIRC/tile_20739.png,2
arctic_vegetation/20230724_birch24_m3m/BIRC/tile_20740.png,2
arctic_vegetation/20230724_birch24_m3m/BIRC/tile_20741.png,2
arctic_vegetation/20230724_birch24_m3m/DRYI/tile_20742.png,3
arctic_vegetation/20230724_birch24_m3m/DRYI/tile_20743.png,3
arctic_vegetation/20230724_birch24_m3m/DRYI/tile_20744.png,3
arctic_vegetation/20230724_birch24_m3m/DRYI/tile_20745.png,3
arctic_vegetation/20230724_birch24_m3m/DRYI/tile_20746.png,3
arctic_vegetation/20230724_birch24_m3m/BIRC/tile_20747.png,2
arctic_vegetation/20230724_birch24_m3m/BIRC/tile_20748.png,2
arctic_vegetation/20230724_birch24_m3m/BIRC/tile_20749.png,2
arctic_vegetation/20230724_birch24_m3m/BIRC/tile_20750.png,2
arctic_vegetation/20230724_birch24_m3m/SEDG/tile_20754.png,9
arctic_vegetation/20230724_birch24_m3m/SEDG/tile_20755.png,9
arctic_vegetation/20230724_birch24_m3m/SEDG/tile_20756.png,9
arctic_vegetation/20230724_birch24_m3m/BIRC/tile_20783.png,2
arctic_vegetation/20230724_birch24_m3m/BIRC/tile_20784.png,2
arctic_vegetation/20230724_birch24_m3m/BIRC/tile_20785.png,2
arctic_vegetation/20230724_birch24_m3m/BIRC/tile_20786.png,2
arctic_vegetation/20230724_birch24_m3m/BIRC/tile_20787.png,2
arctic_vegetation/20230724_birch24_m3m/BIRC/tile_20788.png,2
arctic_vegetation/20230724_birch24_m3m/DRYI/tile_20880.png,3
arctic_vegetation/20230724_birch24_m3m/DRYI/tile_20881.png,3
arctic_vegetation/20230724_birch24_m3m/DRYI/tile_20882.png,3
arctic_vegetation/20230724_birch24_m3m/DRYI/tile_20883.png,3
arctic_vegetation/20230724_birch24_m3m/WILL/tile_20884.png,11
arctic_vegetation/20230724_birch24_m3m/PETF/tile_20885.png,6
arctic_vegetation/20230724_birch24_m3m/LICH/tile_20886.png,4
arctic_vegetation/20230724_birch24_m3m/LICH/tile_20887.png,4
arctic_vegetation/20230724_birch24_m3m/LICH/tile_20888.png,4
arctic_vegetation/20230724_birch24_m3m/BIRC/tile_20890.png,2
arctic_vegetation/20230724_birch24_m3m/BIRC/tile_20891.png,2
arctic_vegetation/20230724_birch24_m3m/WILL/tile_20892.png,11
arctic_vegetation/20230724_birch24_m3m/BIRC/tile_20893.png,2
arctic_vegetation/20230724_birch24_m3m/BIRC/tile_20894.png,2
arctic_vegetation/20230724_birch24_m3m/BIRC/tile_20895.png,2
arctic_vegetation/20230724_birch24_m3m/BIRC/tile_20896.png,2
arctic_vegetation/20230724_birch24_m3m/BIRC/tile_20897.png,2
arctic_vegetation/20230724_birch24_m3m/DRYI/tile_20912.png,3
arctic_vegetation/20230724_birch24_m3m/DRYI/tile_20913.png,3
arctic_vegetation/20230724_birch24_m3m/DRYI/tile_20914.png,3
arctic_vegetation/20230724_birch24_m3m/BIRC/tile_20915.png,2
arctic_vegetation/20230724_birch24_m3m/BIRC/tile_20916.png,2
arctic_vegetation/20230724_birch24_m3m/BIRC/tile_20917.png,2
arctic_vegetation/20230724_birch24_m3m/BIRC/tile_20918.png,2
arctic_vegetation/20230724_birch24_m3m/BIRC/tile_20919.png,2
arctic_vegetation/20230724_birch24_m3m/BIRC/tile_20920.png,2
arctic_vegetation/20230724_birch24_m3m/BIRC/tile_20921.png,2
arctic_vegetation/20230724_birch24_m3m/BIRC/tile_20922.png,2
arctic_vegetation/20230724_birch24_m3m/BIRC/tile_20937.png,2
arctic_vegetation/20230724_birch24_m3m/BIRC/tile_20938.png,2
arctic_vegetation/20230724_birch24_m3m/BIRC/tile_20939.png,2
arctic_vegetation/20230724_birch24_m3m/BIRC/tile_20940.png,2
arctic_vegetation/20230724_birch24_m3m/BIRC/tile_20941.png,2
arctic_vegetation/20230724_birch24_m3m/BIRC/tile_20942.png,2
arctic_vegetation/20230724_birch24_m3m/BIRC/tile_20952.png,2
arctic_vegetation/20230724_birch24_m3m/BIRC/tile_20953.png,2
arctic_vegetation/20230724_birch24_m3m/BIRC/tile_20954.png,2
arctic_vegetation/20230724_birch24_m3m/BIRC/tile_20955.png,2
arctic_vegetation/20230724_birch24_m3m/DRYI/tile_20956.png,3
arctic_vegetation/20230724_birch24_m3m/DRYI/tile_20957.png,3
arctic_vegetation/20230724_birch24_m3m/DRYI/tile_20958.png,3
arctic_vegetation/20230724_birch24_m3m/DRYI/tile_20959.png,3
arctic_vegetation/20230724_birch24_m3m/DRYI/tile_20960.png,3
arctic_vegetation/20230724_birch24_m3m/BIRC/tile_20961.png,2
arctic_vegetation/20230724_birch24_m3m/BIRC/tile_20962.png,2
arctic_vegetation/20230724_birch24_m3m/BIRC/tile_20963.png,2
arctic_vegetation/20230724_birch24_m3m/BIRC/tile_20964.png,2
arctic_vegetation/20230724_birch24_m3m/SEDG/tile_20968.png,9
arctic_vegetation/20230724_birch24_m3m/SEDG/tile_20969.png,9
arctic_vegetation/20230724_birch24_m3m/SEDG/tile_20970.png,9
arctic_vegetation/20230724_birch24_m3m/BIRC/tile_20997.png,2
arctic_vegetation/20230724_birch24_m3m/BIRC/tile_20998.png,2
arctic_vegetation/20230724_birch24_m3m/BIRC/tile_20999.png,2
arctic_vegetation/20230724_birch24_m3m/BIRC/tile_21000.png,2
arctic_vegetation/20230724_birch24_m3m/BIRC/tile_21001.png,2
arctic_vegetation/20230724_birch24_m3m/BIRC/tile_21002.png,2
arctic_vegetation/20230724_birch24_m3m/DRYI/tile_21094.png,3
arctic_vegetation/20230724_birch24_m3m/DRYI/tile_21095.png,3
arctic_vegetation/20230724_birch24_m3m/DRYI/tile_21096.png,3
arctic_vegetation/20230724_birch24_m3m/DRYI/tile_21097.png,3
arctic_vegetation/20230724_birch24_m3m/PETF/tile_21099.png,6
arctic_vegetation/20230724_birch24_m3m/LICH/tile_21100.png,4
arctic_vegetation/20230724_birch24_m3m/LICH/tile_21101.png,4
arctic_vegetation/20230724_birch24_m3m/BIRC/tile_21104.png,2
arctic_vegetation/20230724_birch24_m3m/BIRC/tile_21105.png,2
arctic_vegetation/20230724_birch24_m3m/WILL/tile_21106.png,11
arctic_vegetation/20230724_birch24_m3m/WILL/tile_21107.png,11
arctic_vegetation/20230724_birch24_m3m/WILL/tile_21108.png,11
arctic_vegetation/20230724_birch24_m3m/BIRC/tile_21109.png,2
arctic_vegetation/20230724_birch24_m3m/BIRC/tile_21110.png,2
arctic_vegetation/20230724_birch24_m3m/BIRC/tile_21111.png,2
arctic_vegetation/20230724_birch24_m3m/BIRC/tile_21127.png,2
arctic_vegetation/20230724_birch24_m3m/BIRC/tile_21128.png,2
arctic_vegetation/20230724_birch24_m3m/BIRC/tile_21129.png,2
arctic_vegetation/20230724_birch24_m3m/BIRC/tile_21130.png,2
arctic_vegetation/20230724_birch24_m3m/BIRC/tile_21131.png,2
arctic_vegetation/20230724_birch24_m3m/BIRC/tile_21132.png,2
arctic_vegetation/20230724_birch24_m3m/BIRC/tile_21133.png,2
arctic_vegetation/20230724_birch24_m3m/BIRC/tile_21134.png,2
arctic_vegetation/20230724_birch24_m3m/BIRC/tile_21135.png,2
arctic_vegetation/20230724_birch24_m3m/BIRC/tile_21136.png,2
arctic_vegetation/20230724_birch24_m3m/BIRC/tile_21151.png,2
arctic_vegetation/20230724_birch24_m3m/BIRC/tile_21152.png,2
arctic_vegetation/20230724_birch24_m3m/BIRC/tile_21153.png,2
arctic_vegetation/20230724_birch24_m3m/BIRC/tile_21154.png,2
arctic_vegetation/20230724_birch24_m3m/BIRC/tile_21155.png,2
arctic_vegetation/20230724_birch24_m3m/BIRC/tile_21156.png,2
arctic_vegetation/20230724_birch24_m3m/BIRC/tile_21166.png,2
arctic_vegetation/20230724_birch24_m3m/BIRC/tile_21167.png,2
arctic_vegetation/20230724_birch24_m3m/BIRC/tile_21168.png,2
arctic_vegetation/20230724_birch24_m3m/BIRC/tile_21169.png,2
arctic_vegetation/20230724_birch24_m3m/BIRC/tile_21170.png,2
arctic_vegetation/20230724_birch24_m3m/BIRC/tile_21171.png,2
arctic_vegetation/20230724_birch24_m3m/BIRC/tile_21172.png,2
arctic_vegetation/20230724_birch24_m3m/BIRC/tile_21173.png,2
arctic_vegetation/20230724_birch24_m3m/BIRC/tile_21174.png,2
arctic_vegetation/20230724_birch24_m3m/BIRC/tile_21175.png,2
arctic_vegetation/20230724_birch24_m3m/BIRC/tile_21176.png,2
arctic_vegetation/20230724_birch24_m3m/BIRC/tile_21177.png,2
arctic_vegetation/20230724_birch24_m3m/BIRC/tile_21178.png,2
arctic_vegetation/20230724_birch24_m3m/SEDG/tile_21182.png,9
arctic_vegetation/20230724_birch24_m3m/SEDG/tile_21183.png,9
arctic_vegetation/20230724_birch24_m3m/SEDG/tile_21184.png,9
arctic_vegetation/20230724_birch24_m3m/BIRC/tile_21211.png,2
arctic_vegetation/20230724_birch24_m3m/BIRC/tile_21212.png,2
arctic_vegetation/20230724_birch24_m3m/BIRC/tile_21213.png,2
arctic_vegetation/20230724_birch24_m3m/BIRC/tile_21214.png,2
arctic_vegetation/20230724_birch24_m3m/BIRC/tile_21215.png,2
arctic_vegetation/20230724_birch24_m3m/BIRC/tile_21216.png,2
arctic_vegetation/20230724_birch24_m3m/BIRC/tile_21318.png,2
arctic_vegetation/20230724_birch24_m3m/BIRC/tile_21319.png,2
arctic_vegetation/20230724_birch24_m3m/BIRC/tile_21320.png,2
arctic_vegetation/20230724_birch24_m3m/WILL/tile_21321.png,11
arctic_vegetation/20230724_birch24_m3m/WILL/tile_21322.png,11
arctic_vegetation/20230724_birch24_m3m/BIRC/tile_21323.png,2
arctic_vegetation/20230724_birch24_m3m/BIRC/tile_21324.png,2
arctic_vegetation/20230724_birch24_m3m/BIRC/tile_21325.png,2
arctic_vegetation/20230724_birch24_m3m/BIRC/tile_21341.png,2
arctic_vegetation/20230724_birch24_m3m/BIRC/tile_21342.png,2
arctic_vegetation/20230724_birch24_m3m/BIRC/tile_21343.png,2
arctic_vegetation/20230724_birch24_m3m/BIRC/tile_21344.png,2
arctic_vegetation/20230724_birch24_m3m/BIRC/tile_21345.png,2
arctic_vegetation/20230724_birch24_m3m/BIRC/tile_21346.png,2
arctic_vegetation/20230724_birch24_m3m/BIRC/tile_21347.png,2
arctic_vegetation/20230724_birch24_m3m/BIRC/tile_21348.png,2
arctic_vegetation/20230724_birch24_m3m/BIRC/tile_21349.png,2
arctic_vegetation/20230724_birch24_m3m/BIRC/tile_21350.png,2
arctic_vegetation/20230724_birch24_m3m/BIRC/tile_21365.png,2
arctic_vegetation/20230724_birch24_m3m/BIRC/tile_21366.png,2
arctic_vegetation/20230724_birch24_m3m/BIRC/tile_21367.png,2
arctic_vegetation/20230724_birch24_m3m/BIRC/tile_21368.png,2
arctic_vegetation/20230724_birch24_m3m/BIRC/tile_21369.png,2
arctic_vegetation/20230724_birch24_m3m/BIRC/tile_21370.png,2
arctic_vegetation/20230724_birch24_m3m/BIRC/tile_21380.png,2
arctic_vegetation/20230724_birch24_m3m/BIRC/tile_21381.png,2
arctic_vegetation/20230724_birch24_m3m/BIRC/tile_21382.png,2
arctic_vegetation/20230724_birch24_m3m/BIRC/tile_21383.png,2
arctic_vegetation/20230724_birch24_m3m/BIRC/tile_21384.png,2
arctic_vegetation/20230724_birch24_m3m/BIRC/tile_21385.png,2
arctic_vegetation/20230724_birch24_m3m/BIRC/tile_21386.png,2
arctic_vegetation/20230724_birch24_m3m/BIRC/tile_21387.png,2
arctic_vegetation/20230724_birch24_m3m/BIRC/tile_21388.png,2
arctic_vegetation/20230724_birch24_m3m/BIRC/tile_21389.png,2
arctic_vegetation/20230724_birch24_m3m/BIRC/tile_21390.png,2
arctic_vegetation/20230724_birch24_m3m/BIRC/tile_21391.png,2
arctic_vegetation/20230724_birch24_m3m/BIRC/tile_21392.png,2
arctic_vegetation/20230724_birch24_m3m/SEDG/tile_21396.png,9
arctic_vegetation/20230724_birch24_m3m/SEDG/tile_21397.png,9
arctic_vegetation/20230724_birch24_m3m/SEDG/tile_21398.png,9
arctic_vegetation/20230724_birch24_m3m/BIRC/tile_21410.png,2
arctic_vegetation/20230724_birch24_m3m/BIRC/tile_21411.png,2
arctic_vegetation/20230724_birch24_m3m/BIRC/tile_21412.png,2
arctic_vegetation/20230724_birch24_m3m/SEDG/tile_21423.png,9
arctic_vegetation/20230724_birch24_m3m/SEDG/tile_21424.png,9
arctic_vegetation/20230724_birch24_m3m/BIRC/tile_21425.png,2
arctic_vegetation/20230724_birch24_m3m/BIRC/tile_21426.png,2
arctic_vegetation/20230724_birch24_m3m/BIRC/tile_21427.png,2
arctic_vegetation/20230724_birch24_m3m/BIRC/tile_21428.png,2
arctic_vegetation/20230724_birch24_m3m/BIRC/tile_21429.png,2
arctic_vegetation/20230724_birch24_m3m/BIRC/tile_21430.png,2
arctic_vegetation/20230724_birch24_m3m/BIRC/tile_21431.png,2
arctic_vegetation/20230724_birch24_m3m/WILL/tile_21535.png,11
arctic_vegetation/20230724_birch24_m3m/WILL/tile_21536.png,11
arctic_vegetation/20230724_birch24_m3m/BIRC/tile_21537.png,2
arctic_vegetation/20230724_birch24_m3m/BIRC/tile_21538.png,2
arctic_vegetation/20230724_birch24_m3m/BIRC/tile_21555.png,2
arctic_vegetation/20230724_birch24_m3m/BIRC/tile_21556.png,2
arctic_vegetation/20230724_birch24_m3m/BIRC/tile_21557.png,2
arctic_vegetation/20230724_birch24_m3m/BIRC/tile_21558.png,2
arctic_vegetation/20230724_birch24_m3m/BIRC/tile_21559.png,2
arctic_vegetation/20230724_birch24_m3m/BIRC/tile_21560.png,2
arctic_vegetation/20230724_birch24_m3m/BIRC/tile_21561.png,2
arctic_vegetation/20230724_birch24_m3m/BIRC/tile_21562.png,2
arctic_vegetation/20230724_birch24_m3m/BIRC/tile_21563.png,2
arctic_vegetation/20230724_birch24_m3m/DRYI/tile_21564.png,3
arctic_vegetation/20230724_birch24_m3m/DRYI/tile_21565.png,3
arctic_vegetation/20230724_birch24_m3m/DRYI/tile_21566.png,3
arctic_vegetation/20230724_birch24_m3m/BIRC/tile_21579.png,2
arctic_vegetation/20230724_birch24_m3m/BIRC/tile_21580.png,2
arctic_vegetation/20230724_birch24_m3m/BIRC/tile_21581.png,2
arctic_vegetation/20230724_birch24_m3m/BIRC/tile_21582.png,2
arctic_vegetation/20230724_birch24_m3m/BIRC/tile_21583.png,2
arctic_vegetation/20230724_birch24_m3m/BIRC/tile_21584.png,2
arctic_vegetation/20230724_birch24_m3m/BIRC/tile_21585.png,2
arctic_vegetation/20230724_birch24_m3m/BIRC/tile_21586.png,2
arctic_vegetation/20230724_birch24_m3m/BIRC/tile_21587.png,2
arctic_vegetation/20230724_birch24_m3m/BIRC/tile_21588.png,2
arctic_vegetation/20230724_birch24_m3m/BIRC/tile_21589.png,2
arctic_vegetation/20230724_birch24_m3m/BIRC/tile_21590.png,2
arctic_vegetation/20230724_birch24_m3m/BIRC/tile_21591.png,2
arctic_vegetation/20230724_birch24_m3m/BIRC/tile_21592.png,2
arctic_vegetation/20230724_birch24_m3m/BIRC/tile_21593.png,2
arctic_vegetation/20230724_birch24_m3m/BIRC/tile_21594.png,2
arctic_vegetation/20230724_birch24_m3m/BIRC/tile_21595.png,2
arctic_vegetation/20230724_birch24_m3m/BIRC/tile_21596.png,2
arctic_vegetation/20230724_birch24_m3m/BIRC/tile_21597.png,2
arctic_vegetation/20230724_birch24_m3m/BIRC/tile_21598.png,2
arctic_vegetation/20230724_birch24_m3m/BIRC/tile_21599.png,2
arctic_vegetation/20230724_birch24_m3m/BIRC/tile_21600.png,2
arctic_vegetation/20230724_birch24_m3m/BIRC/tile_21601.png,2
arctic_vegetation/20230724_birch24_m3m/BIRC/tile_21602.png,2
arctic_vegetation/20230724_birch24_m3m/BIRC/tile_21603.png,2
arctic_vegetation/20230724_birch24_m3m/BIRC/tile_21604.png,2
arctic_vegetation/20230724_birch24_m3m/BIRC/tile_21605.png,2
arctic_vegetation/20230724_birch24_m3m/BIRC/tile_21606.png,2
arctic_vegetation/20230724_birch24_m3m/BIRC/tile_21607.png,2
arctic_vegetation/20230724_birch24_m3m/BIRC/tile_21608.png,2
arctic_vegetation/20230724_birch24_m3m/BIRC/tile_21609.png,2
arctic_vegetation/20230724_birch24_m3m/BIRC/tile_21610.png,2
arctic_vegetation/20230724_birch24_m3m/BIRC/tile_21611.png,2
arctic_vegetation/20230724_birch24_m3m/BIRC/tile_21612.png,2
arctic_vegetation/20230724_birch24_m3m/BIRC/tile_21613.png,2
arctic_vegetation/20230724_birch24_m3m/BIRC/tile_21614.png,2
arctic_vegetation/20230724_birch24_m3m/BIRC/tile_21615.png,2
arctic_vegetation/20230724_birch24_m3m/BIRC/tile_21616.png,2
arctic_vegetation/20230724_birch24_m3m/BIRC/tile_21617.png,2
arctic_vegetation/20230724_birch24_m3m/BIRC/tile_21618.png,2
arctic_vegetation/20230724_birch24_m3m/BIRC/tile_21619.png,2
arctic_vegetation/20230724_birch24_m3m/BIRC/tile_21620.png,2
arctic_vegetation/20230724_birch24_m3m/BIRC/tile_21621.png,2
arctic_vegetation/20230724_birch24_m3m/BIRC/tile_21622.png,2
arctic_vegetation/20230724_birch24_m3m/BIRC/tile_21623.png,2
arctic_vegetation/20230724_birch24_m3m/BIRC/tile_21624.png,2
arctic_vegetation/20230724_birch24_m3m/BIRC/tile_21625.png,2
arctic_vegetation/20230724_birch24_m3m/BIRC/tile_21626.png,2
arctic_vegetation/20230724_birch24_m3m/BIRC/tile_21627.png,2
arctic_vegetation/20230724_birch24_m3m/BIRC/tile_21628.png,2
arctic_vegetation/20230724_birch24_m3m/BIRC/tile_21631.png,2
arctic_vegetation/20230724_birch24_m3m/BIRC/tile_21632.png,2
arctic_vegetation/20230724_birch24_m3m/BIRC/tile_21633.png,2
arctic_vegetation/20230724_birch24_m3m/BIRC/tile_21634.png,2
arctic_vegetation/20230724_birch24_m3m/BIRC/tile_21635.png,2
arctic_vegetation/20230724_birch24_m3m/BIRC/tile_21636.png,2
arctic_vegetation/20230724_birch24_m3m/BIRC/tile_21637.png,2
arctic_vegetation/20230724_birch24_m3m/SEDG/tile_21638.png,9
arctic_vegetation/20230724_birch24_m3m/BIRC/tile_21639.png,2
arctic_vegetation/20230724_birch24_m3m/BIRC/tile_21640.png,2
arctic_vegetation/20230724_birch24_m3m/BIRC/tile_21641.png,2
arctic_vegetation/20230724_birch24_m3m/BIRC/tile_21642.png,2
arctic_vegetation/20230724_birch24_m3m/BIRC/tile_21643.png,2
arctic_vegetation/20230724_birch24_m3m/BIRC/tile_21644.png,2
arctic_vegetation/20230724_birch24_m3m/BIRC/tile_21645.png,2
arctic_vegetation/20230724_birch24_m3m/BIRC/tile_21767.png,2
arctic_vegetation/20230724_birch24_m3m/BIRC/tile_21768.png,2
arctic_vegetation/20230724_birch24_m3m/BIRC/tile_21769.png,2
arctic_vegetation/20230724_birch24_m3m/BIRC/tile_21770.png,2
arctic_vegetation/20230724_birch24_m3m/BIRC/tile_21771.png,2
arctic_vegetation/20230724_birch24_m3m/BIRC/tile_21772.png,2
arctic_vegetation/20230724_birch24_m3m/BIRC/tile_21773.png,2
arctic_vegetation/20230724_birch24_m3m/DRYI/tile_21774.png,3
arctic_vegetation/20230724_birch24_m3m/DRYI/tile_21775.png,3
arctic_vegetation/20230724_birch24_m3m/DRYI/tile_21776.png,3
arctic_vegetation/20230724_birch24_m3m/DRYI/tile_21777.png,3
arctic_vegetation/20230724_birch24_m3m/DRYI/tile_21778.png,3
arctic_vegetation/20230724_birch24_m3m/DRYI/tile_21779.png,3
arctic_vegetation/20230724_birch24_m3m/BIRC/tile_21794.png,2
arctic_vegetation/20230724_birch24_m3m/BIRC/tile_21795.png,2
arctic_vegetation/20230724_birch24_m3m/BIRC/tile_21796.png,2
arctic_vegetation/20230724_birch24_m3m/BIRC/tile_21797.png,2
arctic_vegetation/20230724_birch24_m3m/BIRC/tile_21798.png,2
arctic_vegetation/20230724_birch24_m3m/BIRC/tile_21799.png,2
arctic_vegetation/20230724_birch24_m3m/BIRC/tile_21800.png,2
arctic_vegetation/20230724_birch24_m3m/BIRC/tile_21801.png,2
arctic_vegetation/20230724_birch24_m3m/BIRC/tile_21802.png,2
arctic_vegetation/20230724_birch24_m3m/BIRC/tile_21803.png,2
arctic_vegetation/20230724_birch24_m3m/BIRC/tile_21804.png,2
arctic_vegetation/20230724_birch24_m3m/BIRC/tile_21805.png,2
arctic_vegetation/20230724_birch24_m3m/BIRC/tile_21806.png,2
arctic_vegetation/20230724_birch24_m3m/BIRC/tile_21807.png,2
arctic_vegetation/20230724_birch24_m3m/BIRC/tile_21808.png,2
arctic_vegetation/20230724_birch24_m3m/BIRC/tile_21809.png,2
arctic_vegetation/20230724_birch24_m3m/BIRC/tile_21810.png,2
arctic_vegetation/20230724_birch24_m3m/BIRC/tile_21811.png,2
arctic_vegetation/20230724_birch24_m3m/BIRC/tile_21812.png,2
arctic_vegetation/20230724_birch24_m3m/BIRC/tile_21813.png,2
arctic_vegetation/20230724_birch24_m3m/BIRC/tile_21814.png,2
arctic_vegetation/20230724_birch24_m3m/BIRC/tile_21815.png,2
arctic_vegetation/20230724_birch24_m3m/BIRC/tile_21816.png,2
arctic_vegetation/20230724_birch24_m3m/BIRC/tile_21817.png,2
arctic_vegetation/20230724_birch24_m3m/BIRC/tile_21818.png,2
arctic_vegetation/20230724_birch24_m3m/BIRC/tile_21819.png,2
arctic_vegetation/20230724_birch24_m3m/BIRC/tile_21820.png,2
arctic_vegetation/20230724_birch24_m3m/BIRC/tile_21821.png,2
arctic_vegetation/20230724_birch24_m3m/BIRC/tile_21822.png,2
arctic_vegetation/20230724_birch24_m3m/BIRC/tile_21823.png,2
arctic_vegetation/20230724_birch24_m3m/BIRC/tile_21824.png,2
arctic_vegetation/20230724_birch24_m3m/BIRC/tile_21825.png,2
arctic_vegetation/20230724_birch24_m3m/BIRC/tile_21826.png,2
arctic_vegetation/20230724_birch24_m3m/BIRC/tile_21827.png,2
arctic_vegetation/20230724_birch24_m3m/BIRC/tile_21828.png,2
arctic_vegetation/20230724_birch24_m3m/BIRC/tile_21829.png,2
arctic_vegetation/20230724_birch24_m3m/BIRC/tile_21830.png,2
arctic_vegetation/20230724_birch24_m3m/BIRC/tile_21831.png,2
arctic_vegetation/20230724_birch24_m3m/BIRC/tile_21832.png,2
arctic_vegetation/20230724_birch24_m3m/BIRC/tile_21833.png,2
arctic_vegetation/20230724_birch24_m3m/BIRC/tile_21834.png,2
arctic_vegetation/20230724_birch24_m3m/BIRC/tile_21835.png,2
arctic_vegetation/20230724_birch24_m3m/BIRC/tile_21836.png,2
arctic_vegetation/20230724_birch24_m3m/BIRC/tile_21837.png,2
arctic_vegetation/20230724_birch24_m3m/BIRC/tile_21838.png,2
arctic_vegetation/20230724_birch24_m3m/BIRC/tile_21839.png,2
arctic_vegetation/20230724_birch24_m3m/BIRC/tile_21840.png,2
arctic_vegetation/20230724_birch24_m3m/BIRC/tile_21841.png,2
arctic_vegetation/20230724_birch24_m3m/BIRC/tile_21842.png,2
arctic_vegetation/20230724_birch24_m3m/BIRC/tile_21843.png,2
arctic_vegetation/20230724_birch24_m3m/BIRC/tile_21844.png,2
arctic_vegetation/20230724_birch24_m3m/BIRC/tile_21845.png,2
arctic_vegetation/20230724_birch24_m3m/BIRC/tile_21846.png,2
arctic_vegetation/20230724_birch24_m3m/BIRC/tile_21847.png,2
arctic_vegetation/20230724_birch24_m3m/BIRC/tile_21848.png,2
arctic_vegetation/20230724_birch24_m3m/BIRC/tile_21849.png,2
arctic_vegetation/20230724_birch24_m3m/BIRC/tile_21850.png,2
arctic_vegetation/20230724_birch24_m3m/BIRC/tile_21851.png,2
arctic_vegetation/20230724_birch24_m3m/BIRC/tile_21852.png,2
arctic_vegetation/20230724_birch24_m3m/BIRC/tile_21853.png,2
arctic_vegetation/20230724_birch24_m3m/BIRC/tile_21854.png,2
arctic_vegetation/20230724_birch24_m3m/BIRC/tile_21855.png,2
arctic_vegetation/20230724_birch24_m3m/BIRC/tile_21856.png,2
arctic_vegetation/20230724_birch24_m3m/BIRC/tile_21857.png,2
arctic_vegetation/20230724_birch24_m3m/BIRC/tile_21858.png,2
arctic_vegetation/20230724_birch24_m3m/BIRC/tile_21981.png,2
arctic_vegetation/20230724_birch24_m3m/BIRC/tile_21982.png,2
arctic_vegetation/20230724_birch24_m3m/BIRC/tile_21983.png,2
arctic_vegetation/20230724_birch24_m3m/BIRC/tile_21984.png,2
arctic_vegetation/20230724_birch24_m3m/BIRC/tile_21985.png,2
arctic_vegetation/20230724_birch24_m3m/BIRC/tile_21986.png,2
arctic_vegetation/20230724_birch24_m3m/BIRC/tile_21987.png,2
arctic_vegetation/20230724_birch24_m3m/DRYI/tile_21988.png,3
arctic_vegetation/20230724_birch24_m3m/DRYI/tile_21989.png,3
arctic_vegetation/20230724_birch24_m3m/DRYI/tile_21990.png,3
arctic_vegetation/20230724_birch24_m3m/DRYI/tile_21991.png,3
arctic_vegetation/20230724_birch24_m3m/DRYI/tile_21992.png,3
arctic_vegetation/20230724_birch24_m3m/DRYI/tile_21993.png,3
arctic_vegetation/20230724_birch24_m3m/BIRC/tile_22008.png,2
arctic_vegetation/20230724_birch24_m3m/BIRC/tile_22009.png,2
arctic_vegetation/20230724_birch24_m3m/BIRC/tile_22010.png,2
arctic_vegetation/20230724_birch24_m3m/BIRC/tile_22011.png,2
arctic_vegetation/20230724_birch24_m3m/BIRC/tile_22012.png,2
arctic_vegetation/20230724_birch24_m3m/BIRC/tile_22013.png,2
arctic_vegetation/20230724_birch24_m3m/BIRC/tile_22014.png,2
arctic_vegetation/20230724_birch24_m3m/BIRC/tile_22015.png,2
arctic_vegetation/20230724_birch24_m3m/BIRC/tile_22016.png,2
arctic_vegetation/20230724_birch24_m3m/BIRC/tile_22017.png,2
arctic_vegetation/20230724_birch24_m3m/BIRC/tile_22018.png,2
arctic_vegetation/20230724_birch24_m3m/BIRC/tile_22019.png,2
arctic_vegetation/20230724_birch24_m3m/BIRC/tile_22020.png,2
arctic_vegetation/20230724_birch24_m3m/BIRC/tile_22021.png,2
arctic_vegetation/20230724_birch24_m3m/WILL/tile_22022.png,11
arctic_vegetation/20230724_birch24_m3m/WILL/tile_22023.png,11
arctic_vegetation/20230724_birch24_m3m/BIRC/tile_22024.png,2
arctic_vegetation/20230724_birch24_m3m/BIRC/tile_22025.png,2
arctic_vegetation/20230724_birch24_m3m/BIRC/tile_22026.png,2
arctic_vegetation/20230724_birch24_m3m/BIRC/tile_22027.png,2
arctic_vegetation/20230724_birch24_m3m/BIRC/tile_22028.png,2
arctic_vegetation/20230724_birch24_m3m/BIRC/tile_22029.png,2
arctic_vegetation/20230724_birch24_m3m/BIRC/tile_22030.png,2
arctic_vegetation/20230724_birch24_m3m/BIRC/tile_22031.png,2
arctic_vegetation/20230724_birch24_m3m/BIRC/tile_22032.png,2
arctic_vegetation/20230724_birch24_m3m/BIRC/tile_22033.png,2
arctic_vegetation/20230724_birch24_m3m/BIRC/tile_22034.png,2
arctic_vegetation/20230724_birch24_m3m/BIRC/tile_22035.png,2
arctic_vegetation/20230724_birch24_m3m/BIRC/tile_22036.png,2
arctic_vegetation/20230724_birch24_m3m/BIRC/tile_22037.png,2
arctic_vegetation/20230724_birch24_m3m/BIRC/tile_22038.png,2
arctic_vegetation/20230724_birch24_m3m/BIRC/tile_22039.png,2
arctic_vegetation/20230724_birch24_m3m/BIRC/tile_22040.png,2
arctic_vegetation/20230724_birch24_m3m/BIRC/tile_22041.png,2
arctic_vegetation/20230724_birch24_m3m/BIRC/tile_22042.png,2
arctic_vegetation/20230724_birch24_m3m/BIRC/tile_22043.png,2
arctic_vegetation/20230724_birch24_m3m/BIRC/tile_22044.png,2
arctic_vegetation/20230724_birch24_m3m/BIRC/tile_22045.png,2
arctic_vegetation/20230724_birch24_m3m/BIRC/tile_22046.png,2
arctic_vegetation/20230724_birch24_m3m/BIRC/tile_22047.png,2
arctic_vegetation/20230724_birch24_m3m/BIRC/tile_22048.png,2
arctic_vegetation/20230724_birch24_m3m/BIRC/tile_22049.png,2
arctic_vegetation/20230724_birch24_m3m/BIRC/tile_22050.png,2
arctic_vegetation/20230724_birch24_m3m/BIRC/tile_22051.png,2
arctic_vegetation/20230724_birch24_m3m/BIRC/tile_22052.png,2
arctic_vegetation/20230724_birch24_m3m/BIRC/tile_22053.png,2
arctic_vegetation/20230724_birch24_m3m/BIRC/tile_22054.png,2
arctic_vegetation/20230724_birch24_m3m/BIRC/tile_22055.png,2
arctic_vegetation/20230724_birch24_m3m/BIRC/tile_22056.png,2
arctic_vegetation/20230724_birch24_m3m/BIRC/tile_22057.png,2
arctic_vegetation/20230724_birch24_m3m/BIRC/tile_22058.png,2
arctic_vegetation/20230724_birch24_m3m/BIRC/tile_22059.png,2
arctic_vegetation/20230724_birch24_m3m/BIRC/tile_22060.png,2
arctic_vegetation/20230724_birch24_m3m/BIRC/tile_22061.png,2
arctic_vegetation/20230724_birch24_m3m/BIRC/tile_22062.png,2
arctic_vegetation/20230724_birch24_m3m/BIRC/tile_22063.png,2
arctic_vegetation/20230724_birch24_m3m/BIRC/tile_22064.png,2
arctic_vegetation/20230724_birch24_m3m/BIRC/tile_22065.png,2
arctic_vegetation/20230724_birch24_m3m/BIRC/tile_22066.png,2
arctic_vegetation/20230724_birch24_m3m/BIRC/tile_22067.png,2
arctic_vegetation/20230724_birch24_m3m/BIRC/tile_22068.png,2
arctic_vegetation/20230724_birch24_m3m/BIRC/tile_22069.png,2
arctic_vegetation/20230724_birch24_m3m/BIRC/tile_22070.png,2
arctic_vegetation/20230724_birch24_m3m/BIRC/tile_22071.png,2
arctic_vegetation/20230724_birch24_m3m/BIRC/tile_22072.png,2
arctic_vegetation/20230724_birch24_m3m/BIRC/tile_22195.png,2
arctic_vegetation/20230724_birch24_m3m/BIRC/tile_22196.png,2
arctic_vegetation/20230724_birch24_m3m/BIRC/tile_22197.png,2
arctic_vegetation/20230724_birch24_m3m/BIRC/tile_22198.png,2
arctic_vegetation/20230724_birch24_m3m/BIRC/tile_22199.png,2
arctic_vegetation/20230724_birch24_m3m/BIRC/tile_22200.png,2
arctic_vegetation/20230724_birch24_m3m/BIRC/tile_22201.png,2
arctic_vegetation/20230724_birch24_m3m/DRYI/tile_22202.png,3
arctic_vegetation/20230724_birch24_m3m/DRYI/tile_22203.png,3
arctic_vegetation/20230724_birch24_m3m/DRYI/tile_22204.png,3
arctic_vegetation/20230724_birch24_m3m/DRYI/tile_22205.png,3
arctic_vegetation/20230724_birch24_m3m/DRYI/tile_22206.png,3
arctic_vegetation/20230724_birch24_m3m/DRYI/tile_22207.png,3
arctic_vegetation/20230724_birch24_m3m/LICH/tile_22209.png,4
arctic_vegetation/20230724_birch24_m3m/LICH/tile_22210.png,4
arctic_vegetation/20230724_birch24_m3m/BIRC/tile_22217.png,2
arctic_vegetation/20230724_birch24_m3m/BIRC/tile_22218.png,2
arctic_vegetation/20230724_birch24_m3m/BIRC/tile_22219.png,2
arctic_vegetation/20230724_birch24_m3m/BIRC/tile_22220.png,2
arctic_vegetation/20230724_birch24_m3m/BIRC/tile_22222.png,2
arctic_vegetation/20230724_birch24_m3m/BIRC/tile_22223.png,2
arctic_vegetation/20230724_birch24_m3m/BIRC/tile_22224.png,2
arctic_vegetation/20230724_birch24_m3m/BIRC/tile_22225.png,2
arctic_vegetation/20230724_birch24_m3m/BIRC/tile_22226.png,2
arctic_vegetation/20230724_birch24_m3m/BIRC/tile_22227.png,2
arctic_vegetation/20230724_birch24_m3m/BIRC/tile_22228.png,2
arctic_vegetation/20230724_birch24_m3m/BIRC/tile_22229.png,2
arctic_vegetation/20230724_birch24_m3m/BIRC/tile_22230.png,2
arctic_vegetation/20230724_birch24_m3m/BIRC/tile_22231.png,2
arctic_vegetation/20230724_birch24_m3m/BIRC/tile_22232.png,2
arctic_vegetation/20230724_birch24_m3m/BIRC/tile_22233.png,2
arctic_vegetation/20230724_birch24_m3m/BIRC/tile_22234.png,2
arctic_vegetation/20230724_birch24_m3m/BIRC/tile_22235.png,2
arctic_vegetation/20230724_birch24_m3m/WILL/tile_22236.png,11
arctic_vegetation/20230724_birch24_m3m/BIRC/tile_22237.png,2
arctic_vegetation/20230724_birch24_m3m/BIRC/tile_22238.png,2
arctic_vegetation/20230724_birch24_m3m/BIRC/tile_22239.png,2
arctic_vegetation/20230724_birch24_m3m/BIRC/tile_22240.png,2
arctic_vegetation/20230724_birch24_m3m/BIRC/tile_22241.png,2
arctic_vegetation/20230724_birch24_m3m/BIRC/tile_22242.png,2
arctic_vegetation/20230724_birch24_m3m/BIRC/tile_22243.png,2
arctic_vegetation/20230724_birch24_m3m/BIRC/tile_22244.png,2
arctic_vegetation/20230724_birch24_m3m/BIRC/tile_22245.png,2
arctic_vegetation/20230724_birch24_m3m/BIRC/tile_22246.png,2
arctic_vegetation/20230724_birch24_m3m/BIRC/tile_22247.png,2
arctic_vegetation/20230724_birch24_m3m/BIRC/tile_22248.png,2
arctic_vegetation/20230724_birch24_m3m/BIRC/tile_22249.png,2
arctic_vegetation/20230724_birch24_m3m/BIRC/tile_22250.png,2
arctic_vegetation/20230724_birch24_m3m/BIRC/tile_22251.png,2
arctic_vegetation/20230724_birch24_m3m/BIRC/tile_22252.png,2
arctic_vegetation/20230724_birch24_m3m/BIRC/tile_22253.png,2
arctic_vegetation/20230724_birch24_m3m/BIRC/tile_22254.png,2
arctic_vegetation/20230724_birch24_m3m/BIRC/tile_22255.png,2
arctic_vegetation/20230724_birch24_m3m/BIRC/tile_22256.png,2
arctic_vegetation/20230724_birch24_m3m/BIRC/tile_22257.png,2
arctic_vegetation/20230724_birch24_m3m/BIRC/tile_22258.png,2
arctic_vegetation/20230724_birch24_m3m/BIRC/tile_22259.png,2
arctic_vegetation/20230724_birch24_m3m/BIRC/tile_22260.png,2
arctic_vegetation/20230724_birch24_m3m/BIRC/tile_22261.png,2
arctic_vegetation/20230724_birch24_m3m/BIRC/tile_22262.png,2
arctic_vegetation/20230724_birch24_m3m/BIRC/tile_22263.png,2
arctic_vegetation/20230724_birch24_m3m/BIRC/tile_22264.png,2
arctic_vegetation/20230724_birch24_m3m/BIRC/tile_22265.png,2
arctic_vegetation/20230724_birch24_m3m/BIRC/tile_22266.png,2
arctic_vegetation/20230724_birch24_m3m/BIRC/tile_22267.png,2
arctic_vegetation/20230724_birch24_m3m/BIRC/tile_22268.png,2
arctic_vegetation/20230724_birch24_m3m/BIRC/tile_22269.png,2
arctic_vegetation/20230724_birch24_m3m/BIRC/tile_22270.png,2
arctic_vegetation/20230724_birch24_m3m/BIRC/tile_22271.png,2
arctic_vegetation/20230724_birch24_m3m/BIRC/tile_22272.png,2
arctic_vegetation/20230724_birch24_m3m/BIRC/tile_22273.png,2
arctic_vegetation/20230724_birch24_m3m/BIRC/tile_22274.png,2
arctic_vegetation/20230724_birch24_m3m/BIRC/tile_22275.png,2
arctic_vegetation/20230724_birch24_m3m/BIRC/tile_22276.png,2
arctic_vegetation/20230724_birch24_m3m/BIRC/tile_22277.png,2
arctic_vegetation/20230724_birch24_m3m/BIRC/tile_22278.png,2
arctic_vegetation/20230724_birch24_m3m/BIRC/tile_22279.png,2
arctic_vegetation/20230724_birch24_m3m/BIRC/tile_22409.png,2
arctic_vegetation/20230724_birch24_m3m/BIRC/tile_22410.png,2
arctic_vegetation/20230724_birch24_m3m/BIRC/tile_22411.png,2
arctic_vegetation/20230724_birch24_m3m/BIRC/tile_22412.png,2
arctic_vegetation/20230724_birch24_m3m/BIRC/tile_22413.png,2
arctic_vegetation/20230724_birch24_m3m/DRYI/tile_22414.png,3
arctic_vegetation/20230724_birch24_m3m/DRYI/tile_22415.png,3
arctic_vegetation/20230724_birch24_m3m/DRYI/tile_22416.png,3
arctic_vegetation/20230724_birch24_m3m/DRYI/tile_22417.png,3
arctic_vegetation/20230724_birch24_m3m/DRYI/tile_22418.png,3
arctic_vegetation/20230724_birch24_m3m/DRYI/tile_22419.png,3
arctic_vegetation/20230724_birch24_m3m/LICH/tile_22423.png,4
arctic_vegetation/20230724_birch24_m3m/LICH/tile_22424.png,4
arctic_vegetation/20230724_birch24_m3m/BIRC/tile_22431.png,2
arctic_vegetation/20230724_birch24_m3m/BIRC/tile_22432.png,2
arctic_vegetation/20230724_birch24_m3m/BIRC/tile_22433.png,2
arctic_vegetation/20230724_birch24_m3m/BIRC/tile_22434.png,2
arctic_vegetation/20230724_birch24_m3m/BIRC/tile_22436.png,2
arctic_vegetation/20230724_birch24_m3m/BIRC/tile_22437.png,2
arctic_vegetation/20230724_birch24_m3m/BIRC/tile_22438.png,2
arctic_vegetation/20230724_birch24_m3m/BIRC/tile_22439.png,2
arctic_vegetation/20230724_birch24_m3m/BIRC/tile_22440.png,2
arctic_vegetation/20230724_birch24_m3m/BIRC/tile_22441.png,2
arctic_vegetation/20230724_birch24_m3m/BIRC/tile_22442.png,2
arctic_vegetation/20230724_birch24_m3m/BIRC/tile_22443.png,2
arctic_vegetation/20230724_birch24_m3m/BIRC/tile_22444.png,2
arctic_vegetation/20230724_birch24_m3m/BIRC/tile_22445.png,2
arctic_vegetation/20230724_birch24_m3m/BIRC/tile_22446.png,2
arctic_vegetation/20230724_birch24_m3m/BIRC/tile_22447.png,2
arctic_vegetation/20230724_birch24_m3m/BIRC/tile_22448.png,2
arctic_vegetation/20230724_birch24_m3m/BIRC/tile_22449.png,2
arctic_vegetation/20230724_birch24_m3m/BIRC/tile_22450.png,2
arctic_vegetation/20230724_birch24_m3m/BIRC/tile_22451.png,2
arctic_vegetation/20230724_birch24_m3m/BIRC/tile_22452.png,2
arctic_vegetation/20230724_birch24_m3m/BIRC/tile_22453.png,2
arctic_vegetation/20230724_birch24_m3m/BIRC/tile_22454.png,2
arctic_vegetation/20230724_birch24_m3m/BIRC/tile_22455.png,2
arctic_vegetation/20230724_birch24_m3m/BIRC/tile_22456.png,2
arctic_vegetation/20230724_birch24_m3m/BIRC/tile_22457.png,2
arctic_vegetation/20230724_birch24_m3m/BIRC/tile_22458.png,2
arctic_vegetation/20230724_birch24_m3m/BIRC/tile_22459.png,2
arctic_vegetation/20230724_birch24_m3m/BIRC/tile_22460.png,2
arctic_vegetation/20230724_birch24_m3m/BIRC/tile_22461.png,2
arctic_vegetation/20230724_birch24_m3m/BIRC/tile_22462.png,2
arctic_vegetation/20230724_birch24_m3m/BIRC/tile_22463.png,2
arctic_vegetation/20230724_birch24_m3m/BIRC/tile_22464.png,2
arctic_vegetation/20230724_birch24_m3m/BIRC/tile_22465.png,2
arctic_vegetation/20230724_birch24_m3m/BIRC/tile_22466.png,2
arctic_vegetation/20230724_birch24_m3m/BIRC/tile_22467.png,2
arctic_vegetation/20230724_birch24_m3m/BIRC/tile_22468.png,2
arctic_vegetation/20230724_birch24_m3m/BIRC/tile_22469.png,2
arctic_vegetation/20230724_birch24_m3m/BIRC/tile_22470.png,2
arctic_vegetation/20230724_birch24_m3m/BIRC/tile_22471.png,2
arctic_vegetation/20230724_birch24_m3m/BIRC/tile_22472.png,2
arctic_vegetation/20230724_birch24_m3m/BIRC/tile_22473.png,2
arctic_vegetation/20230724_birch24_m3m/BIRC/tile_22474.png,2
arctic_vegetation/20230724_birch24_m3m/BIRC/tile_22475.png,2
arctic_vegetation/20230724_birch24_m3m/BIRC/tile_22476.png,2
arctic_vegetation/20230724_birch24_m3m/BIRC/tile_22477.png,2
arctic_vegetation/20230724_birch24_m3m/BIRC/tile_22478.png,2
arctic_vegetation/20230724_birch24_m3m/BIRC/tile_22479.png,2
arctic_vegetation/20230724_birch24_m3m/BIRC/tile_22480.png,2
arctic_vegetation/20230724_birch24_m3m/BIRC/tile_22481.png,2
arctic_vegetation/20230724_birch24_m3m/BIRC/tile_22482.png,2
arctic_vegetation/20230724_birch24_m3m/BIRC/tile_22483.png,2
arctic_vegetation/20230724_birch24_m3m/BIRC/tile_22484.png,2
arctic_vegetation/20230724_birch24_m3m/BIRC/tile_22485.png,2
arctic_vegetation/20230724_birch24_m3m/BIRC/tile_22486.png,2
arctic_vegetation/20230724_birch24_m3m/BIRC/tile_22487.png,2
arctic_vegetation/20230724_birch24_m3m/BIRC/tile_22488.png,2
arctic_vegetation/20230724_birch24_m3m/BIRC/tile_22489.png,2
arctic_vegetation/20230724_birch24_m3m/BIRC/tile_22490.png,2
arctic_vegetation/20230724_birch24_m3m/BIRC/tile_22491.png,2
arctic_vegetation/20230724_birch24_m3m/BIRC/tile_22492.png,2
arctic_vegetation/20230724_birch24_m3m/BIRC/tile_22493.png,2
arctic_vegetation/20230724_birch24_m3m/BIRC/tile_22591.png,2
arctic_vegetation/20230724_birch24_m3m/BIRC/tile_22592.png,2
arctic_vegetation/20230724_birch24_m3m/BIRC/tile_22593.png,2
arctic_vegetation/20230724_birch24_m3m/BIRC/tile_22623.png,2
arctic_vegetation/20230724_birch24_m3m/BIRC/tile_22624.png,2
arctic_vegetation/20230724_birch24_m3m/BIRC/tile_22625.png,2
arctic_vegetation/20230724_birch24_m3m/DRYI/tile_22627.png,3
arctic_vegetation/20230724_birch24_m3m/DRYI/tile_22628.png,3
arctic_vegetation/20230724_birch24_m3m/DRYI/tile_22629.png,3
arctic_vegetation/20230724_birch24_m3m/DRYI/tile_22630.png,3
arctic_vegetation/20230724_birch24_m3m/DRYI/tile_22631.png,3
arctic_vegetation/20230724_birch24_m3m/DRYI/tile_22632.png,3
arctic_vegetation/20230724_birch24_m3m/LICH/tile_22637.png,4
arctic_vegetation/20230724_birch24_m3m/LICH/tile_22638.png,4
arctic_vegetation/20230724_birch24_m3m/BIRC/tile_22645.png,2
arctic_vegetation/20230724_birch24_m3m/BIRC/tile_22646.png,2
arctic_vegetation/20230724_birch24_m3m/BIRC/tile_22647.png,2
arctic_vegetation/20230724_birch24_m3m/BIRC/tile_22648.png,2
arctic_vegetation/20230724_birch24_m3m/BIRC/tile_22650.png,2
arctic_vegetation/20230724_birch24_m3m/BIRC/tile_22651.png,2
arctic_vegetation/20230724_birch24_m3m/BIRC/tile_22652.png,2
arctic_vegetation/20230724_birch24_m3m/BIRC/tile_22653.png,2
arctic_vegetation/20230724_birch24_m3m/BIRC/tile_22654.png,2
arctic_vegetation/20230724_birch24_m3m/BIRC/tile_22655.png,2
arctic_vegetation/20230724_birch24_m3m/BIRC/tile_22656.png,2
arctic_vegetation/20230724_birch24_m3m/BIRC/tile_22657.png,2
arctic_vegetation/20230724_birch24_m3m/BIRC/tile_22658.png,2
arctic_vegetation/20230724_birch24_m3m/BIRC/tile_22659.png,2
arctic_vegetation/20230724_birch24_m3m/BIRC/tile_22660.png,2
arctic_vegetation/20230724_birch24_m3m/BIRC/tile_22661.png,2
arctic_vegetation/20230724_birch24_m3m/BIRC/tile_22662.png,2
arctic_vegetation/20230724_birch24_m3m/BIRC/tile_22663.png,2
arctic_vegetation/20230724_birch24_m3m/BIRC/tile_22664.png,2
arctic_vegetation/20230724_birch24_m3m/BIRC/tile_22665.png,2
arctic_vegetation/20230724_birch24_m3m/BIRC/tile_22666.png,2
arctic_vegetation/20230724_birch24_m3m/BIRC/tile_22667.png,2
arctic_vegetation/20230724_birch24_m3m/BIRC/tile_22668.png,2
arctic_vegetation/20230724_birch24_m3m/BIRC/tile_22669.png,2
arctic_vegetation/20230724_birch24_m3m/BIRC/tile_22670.png,2
arctic_vegetation/20230724_birch24_m3m/BIRC/tile_22671.png,2
arctic_vegetation/20230724_birch24_m3m/BIRC/tile_22672.png,2
arctic_vegetation/20230724_birch24_m3m/BIRC/tile_22673.png,2
arctic_vegetation/20230724_birch24_m3m/BIRC/tile_22674.png,2
arctic_vegetation/20230724_birch24_m3m/BIRC/tile_22675.png,2
arctic_vegetation/20230724_birch24_m3m/BIRC/tile_22676.png,2
arctic_vegetation/20230724_birch24_m3m/BIRC/tile_22677.png,2
arctic_vegetation/20230724_birch24_m3m/BIRC/tile_22678.png,2
arctic_vegetation/20230724_birch24_m3m/BIRC/tile_22679.png,2
arctic_vegetation/20230724_birch24_m3m/BIRC/tile_22680.png,2
arctic_vegetation/20230724_birch24_m3m/BIRC/tile_22681.png,2
arctic_vegetation/20230724_birch24_m3m/BIRC/tile_22682.png,2
arctic_vegetation/20230724_birch24_m3m/BIRC/tile_22683.png,2
arctic_vegetation/20230724_birch24_m3m/BIRC/tile_22684.png,2
arctic_vegetation/20230724_birch24_m3m/BIRC/tile_22685.png,2
arctic_vegetation/20230724_birch24_m3m/BIRC/tile_22686.png,2
arctic_vegetation/20230724_birch24_m3m/BIRC/tile_22687.png,2
arctic_vegetation/20230724_birch24_m3m/BIRC/tile_22688.png,2
arctic_vegetation/20230724_birch24_m3m/BIRC/tile_22689.png,2
arctic_vegetation/20230724_birch24_m3m/BIRC/tile_22690.png,2
arctic_vegetation/20230724_birch24_m3m/BIRC/tile_22691.png,2
arctic_vegetation/20230724_birch24_m3m/BIRC/tile_22692.png,2
arctic_vegetation/20230724_birch24_m3m/BIRC/tile_22693.png,2
arctic_vegetation/20230724_birch24_m3m/BIRC/tile_22694.png,2
arctic_vegetation/20230724_birch24_m3m/BIRC/tile_22695.png,2
arctic_vegetation/20230724_birch24_m3m/BIRC/tile_22696.png,2
arctic_vegetation/20230724_birch24_m3m/BIRC/tile_22697.png,2
arctic_vegetation/20230724_birch24_m3m/BIRC/tile_22698.png,2
arctic_vegetation/20230724_birch24_m3m/BIRC/tile_22699.png,2
arctic_vegetation/20230724_birch24_m3m/BIRC/tile_22700.png,2
arctic_vegetation/20230724_birch24_m3m/BIRC/tile_22701.png,2
arctic_vegetation/20230724_birch24_m3m/BIRC/tile_22702.png,2
arctic_vegetation/20230724_birch24_m3m/BIRC/tile_22703.png,2
arctic_vegetation/20230724_birch24_m3m/BIRC/tile_22704.png,2
arctic_vegetation/20230724_birch24_m3m/BIRC/tile_22705.png,2
arctic_vegetation/20230724_birch24_m3m/BIRC/tile_22706.png,2
arctic_vegetation/20230724_birch24_m3m/BIRC/tile_22707.png,2
arctic_vegetation/20230724_birch24_m3m/BIRC/tile_22804.png,2
arctic_vegetation/20230724_birch24_m3m/BIRC/tile_22805.png,2
arctic_vegetation/20230724_birch24_m3m/BIRC/tile_22806.png,2
arctic_vegetation/20230724_birch24_m3m/BIRC/tile_22807.png,2
arctic_vegetation/20230724_birch24_m3m/BIRC/tile_22808.png,2
arctic_vegetation/20230724_birch24_m3m/DRYI/tile_22840.png,3
arctic_vegetation/20230724_birch24_m3m/DRYI/tile_22841.png,3
arctic_vegetation/20230724_birch24_m3m/DRYI/tile_22842.png,3
arctic_vegetation/20230724_birch24_m3m/DRYI/tile_22843.png,3
arctic_vegetation/20230724_birch24_m3m/DRYI/tile_22844.png,3
arctic_vegetation/20230724_birch24_m3m/BIRC/tile_22845.png,2
arctic_vegetation/20230724_birch24_m3m/BIRC/tile_22846.png,2
arctic_vegetation/20230724_birch24_m3m/BIRC/tile_22858.png,2
arctic_vegetation/20230724_birch24_m3m/BIRC/tile_22859.png,2
arctic_vegetation/20230724_birch24_m3m/WILL/tile_22860.png,11
arctic_vegetation/20230724_birch24_m3m/BIRC/tile_22863.png,2
arctic_vegetation/20230724_birch24_m3m/BIRC/tile_22864.png,2
arctic_vegetation/20230724_birch24_m3m/BIRC/tile_22865.png,2
arctic_vegetation/20230724_birch24_m3m/BIRC/tile_22866.png,2
arctic_vegetation/20230724_birch24_m3m/BIRC/tile_22867.png,2
arctic_vegetation/20230724_birch24_m3m/BIRC/tile_22868.png,2
arctic_vegetation/20230724_birch24_m3m/BIRC/tile_22869.png,2
arctic_vegetation/20230724_birch24_m3m/BIRC/tile_22870.png,2
arctic_vegetation/20230724_birch24_m3m/BIRC/tile_22871.png,2
arctic_vegetation/20230724_birch24_m3m/BIRC/tile_22872.png,2
arctic_vegetation/20230724_birch24_m3m/BIRC/tile_22873.png,2
arctic_vegetation/20230724_birch24_m3m/BIRC/tile_22874.png,2
arctic_vegetation/20230724_birch24_m3m/BIRC/tile_22875.png,2
arctic_vegetation/20230724_birch24_m3m/BIRC/tile_22876.png,2
arctic_vegetation/20230724_birch24_m3m/BIRC/tile_22877.png,2
arctic_vegetation/20230724_birch24_m3m/BIRC/tile_22878.png,2
arctic_vegetation/20230724_birch24_m3m/BIRC/tile_22879.png,2
arctic_vegetation/20230724_birch24_m3m/BIRC/tile_22880.png,2
arctic_vegetation/20230724_birch24_m3m/BIRC/tile_22881.png,2
arctic_vegetation/20230724_birch24_m3m/BIRC/tile_22882.png,2
arctic_vegetation/20230724_birch24_m3m/BIRC/tile_22883.png,2
arctic_vegetation/20230724_birch24_m3m/BIRC/tile_22884.png,2
arctic_vegetation/20230724_birch24_m3m/BIRC/tile_22885.png,2
arctic_vegetation/20230724_birch24_m3m/BIRC/tile_22886.png,2
arctic_vegetation/20230724_birch24_m3m/BIRC/tile_22887.png,2
arctic_vegetation/20230724_birch24_m3m/BIRC/tile_22888.png,2
arctic_vegetation/20230724_birch24_m3m/BIRC/tile_22889.png,2
arctic_vegetation/20230724_birch24_m3m/BIRC/tile_22890.png,2
arctic_vegetation/20230724_birch24_m3m/BIRC/tile_22891.png,2
arctic_vegetation/20230724_birch24_m3m/BIRC/tile_22892.png,2
arctic_vegetation/20230724_birch24_m3m/BIRC/tile_22893.png,2
arctic_vegetation/20230724_birch24_m3m/BIRC/tile_22894.png,2
arctic_vegetation/20230724_birch24_m3m/BIRC/tile_22895.png,2
arctic_vegetation/20230724_birch24_m3m/BIRC/tile_22896.png,2
arctic_vegetation/20230724_birch24_m3m/BIRC/tile_22897.png,2
arctic_vegetation/20230724_birch24_m3m/BIRC/tile_22898.png,2
arctic_vegetation/20230724_birch24_m3m/BIRC/tile_22899.png,2
arctic_vegetation/20230724_birch24_m3m/BIRC/tile_22900.png,2
arctic_vegetation/20230724_birch24_m3m/BIRC/tile_22901.png,2
arctic_vegetation/20230724_birch24_m3m/BIRC/tile_22902.png,2
arctic_vegetation/20230724_birch24_m3m/BIRC/tile_22903.png,2
arctic_vegetation/20230724_birch24_m3m/BIRC/tile_22904.png,2
arctic_vegetation/20230724_birch24_m3m/BIRC/tile_22905.png,2
arctic_vegetation/20230724_birch24_m3m/BIRC/tile_22906.png,2
arctic_vegetation/20230724_birch24_m3m/BIRC/tile_22907.png,2
arctic_vegetation/20230724_birch24_m3m/BIRC/tile_22908.png,2
arctic_vegetation/20230724_birch24_m3m/BIRC/tile_22909.png,2
arctic_vegetation/20230724_birch24_m3m/BIRC/tile_22910.png,2
arctic_vegetation/20230724_birch24_m3m/BIRC/tile_22911.png,2
arctic_vegetation/20230724_birch24_m3m/BIRC/tile_22912.png,2
arctic_vegetation/20230724_birch24_m3m/BIRC/tile_22913.png,2
arctic_vegetation/20230724_birch24_m3m/BIRC/tile_22914.png,2
arctic_vegetation/20230724_birch24_m3m/BIRC/tile_22915.png,2
arctic_vegetation/20230724_birch24_m3m/BIRC/tile_22916.png,2
arctic_vegetation/20230724_birch24_m3m/BIRC/tile_22917.png,2
arctic_vegetation/20230724_birch24_m3m/BIRC/tile_22918.png,2
arctic_vegetation/20230724_birch24_m3m/BIRC/tile_22919.png,2
arctic_vegetation/20230724_birch24_m3m/BIRC/tile_22920.png,2
arctic_vegetation/20230724_birch24_m3m/BIRC/tile_23017.png,2
arctic_vegetation/20230724_birch24_m3m/BIRC/tile_23018.png,2
arctic_vegetation/20230724_birch24_m3m/BIRC/tile_23019.png,2
arctic_vegetation/20230724_birch24_m3m/BIRC/tile_23020.png,2
arctic_vegetation/20230724_birch24_m3m/BIRC/tile_23021.png,2
arctic_vegetation/20230724_birch24_m3m/BIRC/tile_23025.png,2
arctic_vegetation/20230724_birch24_m3m/BIRC/tile_23026.png,2
arctic_vegetation/20230724_birch24_m3m/BIRC/tile_23027.png,2
arctic_vegetation/20230724_birch24_m3m/BIRC/tile_23028.png,2
arctic_vegetation/20230724_birch24_m3m/BIRC/tile_23029.png,2
arctic_vegetation/20230724_birch24_m3m/BIRC/tile_23030.png,2
arctic_vegetation/20230724_birch24_m3m/BIRC/tile_23037.png,2
arctic_vegetation/20230724_birch24_m3m/BIRC/tile_23038.png,2
arctic_vegetation/20230724_birch24_m3m/BIRC/tile_23039.png,2
arctic_vegetation/20230724_birch24_m3m/BIRC/tile_23040.png,2
arctic_vegetation/20230724_birch24_m3m/BIRC/tile_23041.png,2
arctic_vegetation/20230724_birch24_m3m/BIRC/tile_23042.png,2
arctic_vegetation/20230724_birch24_m3m/BIRC/tile_23043.png,2
arctic_vegetation/20230724_birch24_m3m/BIRC/tile_23044.png,2
arctic_vegetation/20230724_birch24_m3m/BIRC/tile_23045.png,2
arctic_vegetation/20230724_birch24_m3m/BIRC/tile_23046.png,2
arctic_vegetation/20230724_birch24_m3m/BIRC/tile_23047.png,2
arctic_vegetation/20230724_birch24_m3m/BIRC/tile_23048.png,2
arctic_vegetation/20230724_birch24_m3m/BIRC/tile_23049.png,2
arctic_vegetation/20230724_birch24_m3m/BIRC/tile_23050.png,2
arctic_vegetation/20230724_birch24_m3m/BIRC/tile_23051.png,2
arctic_vegetation/20230724_birch24_m3m/BIRC/tile_23052.png,2
arctic_vegetation/20230724_birch24_m3m/BIRC/tile_23053.png,2
arctic_vegetation/20230724_birch24_m3m/BIRC/tile_23054.png,2
arctic_vegetation/20230724_birch24_m3m/BIRC/tile_23055.png,2
arctic_vegetation/20230724_birch24_m3m/BIRC/tile_23056.png,2
arctic_vegetation/20230724_birch24_m3m/BIRC/tile_23057.png,2
arctic_vegetation/20230724_birch24_m3m/BIRC/tile_23058.png,2
arctic_vegetation/20230724_birch24_m3m/BIRC/tile_23059.png,2
arctic_vegetation/20230724_birch24_m3m/BIRC/tile_23060.png,2
arctic_vegetation/20230724_birch24_m3m/BIRC/tile_23061.png,2
arctic_vegetation/20230724_birch24_m3m/BIRC/tile_23062.png,2
arctic_vegetation/20230724_birch24_m3m/BIRC/tile_23063.png,2
arctic_vegetation/20230724_birch24_m3m/BIRC/tile_23064.png,2
arctic_vegetation/20230724_birch24_m3m/BIRC/tile_23065.png,2
arctic_vegetation/20230724_birch24_m3m/BIRC/tile_23066.png,2
arctic_vegetation/20230724_birch24_m3m/BIRC/tile_23067.png,2
arctic_vegetation/20230724_birch24_m3m/BIRC/tile_23068.png,2
arctic_vegetation/20230724_birch24_m3m/LICH/tile_23069.png,4
arctic_vegetation/20230724_birch24_m3m/BIRC/tile_23070.png,2
arctic_vegetation/20230724_birch24_m3m/BIRC/tile_23071.png,2
arctic_vegetation/20230724_birch24_m3m/BIRC/tile_23072.png,2
arctic_vegetation/20230724_birch24_m3m/BIRC/tile_23073.png,2
arctic_vegetation/20230724_birch24_m3m/BIRC/tile_23074.png,2
arctic_vegetation/20230724_birch24_m3m/BIRC/tile_23075.png,2
arctic_vegetation/20230724_birch24_m3m/BIRC/tile_23076.png,2
arctic_vegetation/20230724_birch24_m3m/BIRC/tile_23077.png,2
arctic_vegetation/20230724_birch24_m3m/BIRC/tile_23078.png,2
arctic_vegetation/20230724_birch24_m3m/BIRC/tile_23079.png,2
arctic_vegetation/20230724_birch24_m3m/BIRC/tile_23080.png,2
arctic_vegetation/20230724_birch24_m3m/BIRC/tile_23081.png,2
arctic_vegetation/20230724_birch24_m3m/BIRC/tile_23082.png,2
arctic_vegetation/20230724_birch24_m3m/BIRC/tile_23083.png,2
arctic_vegetation/20230724_birch24_m3m/BIRC/tile_23084.png,2
arctic_vegetation/20230724_birch24_m3m/BIRC/tile_23085.png,2
arctic_vegetation/20230724_birch24_m3m/BIRC/tile_23086.png,2
arctic_vegetation/20230724_birch24_m3m/BIRC/tile_23087.png,2
arctic_vegetation/20230724_birch24_m3m/BIRC/tile_23088.png,2
arctic_vegetation/20230724_birch24_m3m/BIRC/tile_23089.png,2
arctic_vegetation/20230724_birch24_m3m/BIRC/tile_23090.png,2
arctic_vegetation/20230724_birch24_m3m/BIRC/tile_23091.png,2
arctic_vegetation/20230724_birch24_m3m/BIRC/tile_23092.png,2
arctic_vegetation/20230724_birch24_m3m/BIRC/tile_23093.png,2
arctic_vegetation/20230724_birch24_m3m/BIRC/tile_23094.png,2
arctic_vegetation/20230724_birch24_m3m/BIRC/tile_23095.png,2
arctic_vegetation/20230724_birch24_m3m/BIRC/tile_23096.png,2
arctic_vegetation/20230724_birch24_m3m/BIRC/tile_23097.png,2
arctic_vegetation/20230724_birch24_m3m/BIRC/tile_23098.png,2
arctic_vegetation/20230724_birch24_m3m/BIRC/tile_23099.png,2
arctic_vegetation/20230724_birch24_m3m/BIRC/tile_23100.png,2
arctic_vegetation/20230724_birch24_m3m/BIRC/tile_23101.png,2
arctic_vegetation/20230724_birch24_m3m/BIRC/tile_23102.png,2
arctic_vegetation/20230724_birch24_m3m/BIRC/tile_23103.png,2
arctic_vegetation/20230724_birch24_m3m/BIRC/tile_23104.png,2
arctic_vegetation/20230724_birch24_m3m/BIRC/tile_23105.png,2
arctic_vegetation/20230724_birch24_m3m/BIRC/tile_23106.png,2
arctic_vegetation/20230724_birch24_m3m/BIRC/tile_23107.png,2
arctic_vegetation/20230724_birch24_m3m/BIRC/tile_23108.png,2
arctic_vegetation/20230724_birch24_m3m/BIRC/tile_23109.png,2
arctic_vegetation/20230724_birch24_m3m/BIRC/tile_23110.png,2
arctic_vegetation/20230724_birch24_m3m/BIRC/tile_23111.png,2
arctic_vegetation/20230724_birch24_m3m/BIRC/tile_23112.png,2
arctic_vegetation/20230724_birch24_m3m/BIRC/tile_23113.png,2
arctic_vegetation/20230724_birch24_m3m/BIRC/tile_23114.png,2
arctic_vegetation/20230724_birch24_m3m/BIRC/tile_23115.png,2
arctic_vegetation/20230724_birch24_m3m/BIRC/tile_23116.png,2
arctic_vegetation/20230724_birch24_m3m/BIRC/tile_23117.png,2
arctic_vegetation/20230724_birch24_m3m/BIRC/tile_23118.png,2
arctic_vegetation/20230724_birch24_m3m/BIRC/tile_23119.png,2
arctic_vegetation/20230724_birch24_m3m/BIRC/tile_23120.png,2
arctic_vegetation/20230724_birch24_m3m/BIRC/tile_23121.png,2
arctic_vegetation/20230724_birch24_m3m/BIRC/tile_23122.png,2
arctic_vegetation/20230724_birch24_m3m/BIRC/tile_23123.png,2
arctic_vegetation/20230724_birch24_m3m/BIRC/tile_23124.png,2
arctic_vegetation/20230724_birch24_m3m/BIRC/tile_23125.png,2
arctic_vegetation/20230724_birch24_m3m/BIRC/tile_23126.png,2
arctic_vegetation/20230724_birch24_m3m/BIRC/tile_23127.png,2
arctic_vegetation/20230724_birch24_m3m/BIRC/tile_23128.png,2
arctic_vegetation/20230724_birch24_m3m/BIRC/tile_23129.png,2
arctic_vegetation/20230724_birch24_m3m/BIRC/tile_23130.png,2
arctic_vegetation/20230724_birch24_m3m/BIRC/tile_23131.png,2
arctic_vegetation/20230724_birch24_m3m/BIRC/tile_23132.png,2
arctic_vegetation/20230724_birch24_m3m/PETF/tile_23133.png,6
arctic_vegetation/20230724_birch24_m3m/BIRC/tile_23230.png,2
arctic_vegetation/20230724_birch24_m3m/BIRC/tile_23231.png,2
arctic_vegetation/20230724_birch24_m3m/BIRC/tile_23232.png,2
arctic_vegetation/20230724_birch24_m3m/BIRC/tile_23233.png,2
arctic_vegetation/20230724_birch24_m3m/BIRC/tile_23234.png,2
arctic_vegetation/20230724_birch24_m3m/BIRC/tile_23238.png,2
arctic_vegetation/20230724_birch24_m3m/BIRC/tile_23239.png,2
arctic_vegetation/20230724_birch24_m3m/BIRC/tile_23240.png,2
arctic_vegetation/20230724_birch24_m3m/BIRC/tile_23241.png,2
arctic_vegetation/20230724_birch24_m3m/BIRC/tile_23242.png,2
arctic_vegetation/20230724_birch24_m3m/BIRC/tile_23243.png,2
arctic_vegetation/20230724_birch24_m3m/BIRC/tile_23244.png,2
arctic_vegetation/20230724_birch24_m3m/BIRC/tile_23245.png,2
arctic_vegetation/20230724_birch24_m3m/BIRC/tile_23246.png,2
arctic_vegetation/20230724_birch24_m3m/BIRC/tile_23250.png,2
arctic_vegetation/20230724_birch24_m3m/BIRC/tile_23251.png,2
arctic_vegetation/20230724_birch24_m3m/BIRC/tile_23252.png,2
arctic_vegetation/20230724_birch24_m3m/BIRC/tile_23253.png,2
arctic_vegetation/20230724_birch24_m3m/BIRC/tile_23254.png,2
arctic_vegetation/20230724_birch24_m3m/BIRC/tile_23255.png,2
arctic_vegetation/20230724_birch24_m3m/BIRC/tile_23256.png,2
arctic_vegetation/20230724_birch24_m3m/BIRC/tile_23257.png,2
arctic_vegetation/20230724_birch24_m3m/BIRC/tile_23258.png,2
arctic_vegetation/20230724_birch24_m3m/BIRC/tile_23259.png,2
arctic_vegetation/20230724_birch24_m3m/BIRC/tile_23260.png,2
arctic_vegetation/20230724_birch24_m3m/BIRC/tile_23261.png,2
arctic_vegetation/20230724_birch24_m3m/BIRC/tile_23262.png,2
arctic_vegetation/20230724_birch24_m3m/BIRC/tile_23263.png,2
arctic_vegetation/20230724_birch24_m3m/BIRC/tile_23264.png,2
arctic_vegetation/20230724_birch24_m3m/BIRC/tile_23265.png,2
arctic_vegetation/20230724_birch24_m3m/BIRC/tile_23266.png,2
arctic_vegetation/20230724_birch24_m3m/BIRC/tile_23267.png,2
arctic_vegetation/20230724_birch24_m3m/BIRC/tile_23268.png,2
arctic_vegetation/20230724_birch24_m3m/BIRC/tile_23269.png,2
arctic_vegetation/20230724_birch24_m3m/BIRC/tile_23270.png,2
arctic_vegetation/20230724_birch24_m3m/BIRC/tile_23271.png,2
arctic_vegetation/20230724_birch24_m3m/BIRC/tile_23272.png,2
arctic_vegetation/20230724_birch24_m3m/BIRC/tile_23273.png,2
arctic_vegetation/20230724_birch24_m3m/BIRC/tile_23274.png,2
arctic_vegetation/20230724_birch24_m3m/BIRC/tile_23275.png,2
arctic_vegetation/20230724_birch24_m3m/BIRC/tile_23276.png,2
arctic_vegetation/20230724_birch24_m3m/BIRC/tile_23277.png,2
arctic_vegetation/20230724_birch24_m3m/BIRC/tile_23278.png,2
arctic_vegetation/20230724_birch24_m3m/BIRC/tile_23279.png,2
arctic_vegetation/20230724_birch24_m3m/BIRC/tile_23280.png,2
arctic_vegetation/20230724_birch24_m3m/BIRC/tile_23281.png,2
arctic_vegetation/20230724_birch24_m3m/LICH/tile_23282.png,4
arctic_vegetation/20230724_birch24_m3m/BIRC/tile_23283.png,2
arctic_vegetation/20230724_birch24_m3m/BIRC/tile_23284.png,2
arctic_vegetation/20230724_birch24_m3m/BIRC/tile_23285.png,2
arctic_vegetation/20230724_birch24_m3m/BIRC/tile_23286.png,2
arctic_vegetation/20230724_birch24_m3m/BIRC/tile_23287.png,2
arctic_vegetation/20230724_birch24_m3m/BIRC/tile_23288.png,2
arctic_vegetation/20230724_birch24_m3m/BIRC/tile_23289.png,2
arctic_vegetation/20230724_birch24_m3m/BIRC/tile_23290.png,2
arctic_vegetation/20230724_birch24_m3m/BIRC/tile_23291.png,2
arctic_vegetation/20230724_birch24_m3m/BIRC/tile_23292.png,2
arctic_vegetation/20230724_birch24_m3m/BIRC/tile_23293.png,2
arctic_vegetation/20230724_birch24_m3m/BIRC/tile_23294.png,2
arctic_vegetation/20230724_birch24_m3m/BIRC/tile_23295.png,2
arctic_vegetation/20230724_birch24_m3m/BIRC/tile_23296.png,2
arctic_vegetation/20230724_birch24_m3m/BIRC/tile_23297.png,2
arctic_vegetation/20230724_birch24_m3m/BIRC/tile_23298.png,2
arctic_vegetation/20230724_birch24_m3m/BIRC/tile_23299.png,2
arctic_vegetation/20230724_birch24_m3m/BIRC/tile_23300.png,2
arctic_vegetation/20230724_birch24_m3m/PETF/tile_23301.png,6
arctic_vegetation/20230724_birch24_m3m/PETF/tile_23302.png,6
arctic_vegetation/20230724_birch24_m3m/PETF/tile_23303.png,6
arctic_vegetation/20230724_birch24_m3m/BIRC/tile_23304.png,2
arctic_vegetation/20230724_birch24_m3m/BIRC/tile_23305.png,2
arctic_vegetation/20230724_birch24_m3m/BIRC/tile_23306.png,2
arctic_vegetation/20230724_birch24_m3m/BIRC/tile_23307.png,2
arctic_vegetation/20230724_birch24_m3m/BIRC/tile_23308.png,2
arctic_vegetation/20230724_birch24_m3m/BIRC/tile_23309.png,2
arctic_vegetation/20230724_birch24_m3m/BIRC/tile_23310.png,2
arctic_vegetation/20230724_birch24_m3m/BIRC/tile_23311.png,2
arctic_vegetation/20230724_birch24_m3m/BIRC/tile_23312.png,2
arctic_vegetation/20230724_birch24_m3m/BIRC/tile_23313.png,2
arctic_vegetation/20230724_birch24_m3m/BIRC/tile_23314.png,2
arctic_vegetation/20230724_birch24_m3m/BIRC/tile_23315.png,2
arctic_vegetation/20230724_birch24_m3m/BIRC/tile_23316.png,2
arctic_vegetation/20230724_birch24_m3m/BIRC/tile_23317.png,2
arctic_vegetation/20230724_birch24_m3m/BIRC/tile_23318.png,2
arctic_vegetation/20230724_birch24_m3m/BIRC/tile_23319.png,2
arctic_vegetation/20230724_birch24_m3m/BIRC/tile_23320.png,2
arctic_vegetation/20230724_birch24_m3m/BIRC/tile_23321.png,2
arctic_vegetation/20230724_birch24_m3m/BIRC/tile_23322.png,2
arctic_vegetation/20230724_birch24_m3m/BIRC/tile_23323.png,2
arctic_vegetation/20230724_birch24_m3m/BIRC/tile_23324.png,2
arctic_vegetation/20230724_birch24_m3m/BIRC/tile_23325.png,2
arctic_vegetation/20230724_birch24_m3m/BIRC/tile_23326.png,2
arctic_vegetation/20230724_birch24_m3m/BIRC/tile_23327.png,2
arctic_vegetation/20230724_birch24_m3m/BIRC/tile_23328.png,2
arctic_vegetation/20230724_birch24_m3m/BIRC/tile_23329.png,2
arctic_vegetation/20230724_birch24_m3m/BIRC/tile_23330.png,2
arctic_vegetation/20230724_birch24_m3m/BIRC/tile_23331.png,2
arctic_vegetation/20230724_birch24_m3m/BIRC/tile_23332.png,2
arctic_vegetation/20230724_birch24_m3m/BIRC/tile_23333.png,2
arctic_vegetation/20230724_birch24_m3m/BIRC/tile_23334.png,2
arctic_vegetation/20230724_birch24_m3m/BIRC/tile_23335.png,2
arctic_vegetation/20230724_birch24_m3m/BIRC/tile_23336.png,2
arctic_vegetation/20230724_birch24_m3m/BIRC/tile_23337.png,2
arctic_vegetation/20230724_birch24_m3m/BIRC/tile_23338.png,2
arctic_vegetation/20230724_birch24_m3m/BIRC/tile_23339.png,2
arctic_vegetation/20230724_birch24_m3m/BIRC/tile_23340.png,2
arctic_vegetation/20230724_birch24_m3m/BIRC/tile_23341.png,2
arctic_vegetation/20230724_birch24_m3m/BIRC/tile_23342.png,2
arctic_vegetation/20230724_birch24_m3m/BIRC/tile_23343.png,2
arctic_vegetation/20230724_birch24_m3m/BIRC/tile_23344.png,2
arctic_vegetation/20230724_birch24_m3m/BIRC/tile_23345.png,2
arctic_vegetation/20230724_birch24_m3m/BIRC/tile_23346.png,2
arctic_vegetation/20230724_birch24_m3m/BIRC/tile_23443.png,2
arctic_vegetation/20230724_birch24_m3m/BIRC/tile_23444.png,2
arctic_vegetation/20230724_birch24_m3m/BIRC/tile_23445.png,2
arctic_vegetation/20230724_birch24_m3m/BIRC/tile_23446.png,2
arctic_vegetation/20230724_birch24_m3m/BIRC/tile_23447.png,2
arctic_vegetation/20230724_birch24_m3m/BIRC/tile_23450.png,2
arctic_vegetation/20230724_birch24_m3m/BIRC/tile_23451.png,2
arctic_vegetation/20230724_birch24_m3m/BIRC/tile_23452.png,2
arctic_vegetation/20230724_birch24_m3m/BIRC/tile_23453.png,2
arctic_vegetation/20230724_birch24_m3m/BIRC/tile_23454.png,2
arctic_vegetation/20230724_birch24_m3m/BIRC/tile_23455.png,2
arctic_vegetation/20230724_birch24_m3m/BIRC/tile_23456.png,2
arctic_vegetation/20230724_birch24_m3m/BIRC/tile_23457.png,2
arctic_vegetation/20230724_birch24_m3m/BIRC/tile_23458.png,2
arctic_vegetation/20230724_birch24_m3m/BIRC/tile_23459.png,2
arctic_vegetation/20230724_birch24_m3m/BIRC/tile_23460.png,2
arctic_vegetation/20230724_birch24_m3m/BIRC/tile_23463.png,2
arctic_vegetation/20230724_birch24_m3m/BIRC/tile_23464.png,2
arctic_vegetation/20230724_birch24_m3m/BIRC/tile_23465.png,2
arctic_vegetation/20230724_birch24_m3m/BIRC/tile_23466.png,2
arctic_vegetation/20230724_birch24_m3m/BIRC/tile_23467.png,2
arctic_vegetation/20230724_birch24_m3m/BIRC/tile_23468.png,2
arctic_vegetation/20230724_birch24_m3m/BIRC/tile_23469.png,2
arctic_vegetation/20230724_birch24_m3m/BIRC/tile_23470.png,2
arctic_vegetation/20230724_birch24_m3m/BIRC/tile_23471.png,2
arctic_vegetation/20230724_birch24_m3m/BIRC/tile_23472.png,2
arctic_vegetation/20230724_birch24_m3m/BIRC/tile_23473.png,2
arctic_vegetation/20230724_birch24_m3m/BIRC/tile_23474.png,2
arctic_vegetation/20230724_birch24_m3m/BIRC/tile_23475.png,2
arctic_vegetation/20230724_birch24_m3m/BIRC/tile_23476.png,2
arctic_vegetation/20230724_birch24_m3m/BIRC/tile_23477.png,2
arctic_vegetation/20230724_birch24_m3m/BIRC/tile_23478.png,2
arctic_vegetation/20230724_birch24_m3m/BIRC/tile_23479.png,2
arctic_vegetation/20230724_birch24_m3m/BIRC/tile_23480.png,2
arctic_vegetation/20230724_birch24_m3m/BIRC/tile_23481.png,2
arctic_vegetation/20230724_birch24_m3m/BIRC/tile_23482.png,2
arctic_vegetation/20230724_birch24_m3m/BIRC/tile_23483.png,2
arctic_vegetation/20230724_birch24_m3m/BIRC/tile_23484.png,2
arctic_vegetation/20230724_birch24_m3m/BIRC/tile_23485.png,2
arctic_vegetation/20230724_birch24_m3m/BIRC/tile_23486.png,2
arctic_vegetation/20230724_birch24_m3m/BIRC/tile_23487.png,2
arctic_vegetation/20230724_birch24_m3m/BIRC/tile_23488.png,2
arctic_vegetation/20230724_birch24_m3m/BIRC/tile_23489.png,2
arctic_vegetation/20230724_birch24_m3m/BIRC/tile_23490.png,2
arctic_vegetation/20230724_birch24_m3m/BIRC/tile_23491.png,2
arctic_vegetation/20230724_birch24_m3m/BIRC/tile_23492.png,2
arctic_vegetation/20230724_birch24_m3m/BIRC/tile_23493.png,2
arctic_vegetation/20230724_birch24_m3m/BIRC/tile_23494.png,2
arctic_vegetation/20230724_birch24_m3m/BIRC/tile_23495.png,2
arctic_vegetation/20230724_birch24_m3m/BIRC/tile_23496.png,2
arctic_vegetation/20230724_birch24_m3m/BIRC/tile_23497.png,2
arctic_vegetation/20230724_birch24_m3m/BIRC/tile_23498.png,2
arctic_vegetation/20230724_birch24_m3m/BIRC/tile_23499.png,2
arctic_vegetation/20230724_birch24_m3m/BIRC/tile_23500.png,2
arctic_vegetation/20230724_birch24_m3m/BIRC/tile_23501.png,2
arctic_vegetation/20230724_birch24_m3m/BIRC/tile_23502.png,2
arctic_vegetation/20230724_birch24_m3m/BIRC/tile_23503.png,2
arctic_vegetation/20230724_birch24_m3m/BIRC/tile_23504.png,2
arctic_vegetation/20230724_birch24_m3m/BIRC/tile_23505.png,2
arctic_vegetation/20230724_birch24_m3m/BIRC/tile_23506.png,2
arctic_vegetation/20230724_birch24_m3m/BIRC/tile_23507.png,2
arctic_vegetation/20230724_birch24_m3m/BIRC/tile_23508.png,2
arctic_vegetation/20230724_birch24_m3m/BIRC/tile_23509.png,2
arctic_vegetation/20230724_birch24_m3m/BIRC/tile_23510.png,2
arctic_vegetation/20230724_birch24_m3m/BIRC/tile_23511.png,2
arctic_vegetation/20230724_birch24_m3m/BIRC/tile_23512.png,2
arctic_vegetation/20230724_birch24_m3m/BIRC/tile_23513.png,2
arctic_vegetation/20230724_birch24_m3m/BIRC/tile_23514.png,2
arctic_vegetation/20230724_birch24_m3m/PETF/tile_23515.png,6
arctic_vegetation/20230724_birch24_m3m/PETF/tile_23516.png,6
arctic_vegetation/20230724_birch24_m3m/BIRC/tile_23517.png,2
arctic_vegetation/20230724_birch24_m3m/BIRC/tile_23518.png,2
arctic_vegetation/20230724_birch24_m3m/BIRC/tile_23519.png,2
arctic_vegetation/20230724_birch24_m3m/BIRC/tile_23520.png,2
arctic_vegetation/20230724_birch24_m3m/BIRC/tile_23521.png,2
arctic_vegetation/20230724_birch24_m3m/BIRC/tile_23522.png,2
arctic_vegetation/20230724_birch24_m3m/BIRC/tile_23523.png,2
arctic_vegetation/20230724_birch24_m3m/BIRC/tile_23524.png,2
arctic_vegetation/20230724_birch24_m3m/BIRC/tile_23525.png,2
arctic_vegetation/20230724_birch24_m3m/BIRC/tile_23526.png,2
arctic_vegetation/20230724_birch24_m3m/BIRC/tile_23527.png,2
arctic_vegetation/20230724_birch24_m3m/BIRC/tile_23528.png,2
arctic_vegetation/20230724_birch24_m3m/BIRC/tile_23529.png,2
arctic_vegetation/20230724_birch24_m3m/BIRC/tile_23530.png,2
arctic_vegetation/20230724_birch24_m3m/BIRC/tile_23531.png,2
arctic_vegetation/20230724_birch24_m3m/BIRC/tile_23532.png,2
arctic_vegetation/20230724_birch24_m3m/BIRC/tile_23533.png,2
arctic_vegetation/20230724_birch24_m3m/BIRC/tile_23534.png,2
arctic_vegetation/20230724_birch24_m3m/BIRC/tile_23535.png,2
arctic_vegetation/20230724_birch24_m3m/BIRC/tile_23536.png,2
arctic_vegetation/20230724_birch24_m3m/BIRC/tile_23537.png,2
arctic_vegetation/20230724_birch24_m3m/BIRC/tile_23538.png,2
arctic_vegetation/20230724_birch24_m3m/BIRC/tile_23539.png,2
arctic_vegetation/20230724_birch24_m3m/BIRC/tile_23540.png,2
arctic_vegetation/20230724_birch24_m3m/BIRC/tile_23541.png,2
arctic_vegetation/20230724_birch24_m3m/BIRC/tile_23542.png,2
arctic_vegetation/20230724_birch24_m3m/BIRC/tile_23543.png,2
arctic_vegetation/20230724_birch24_m3m/BIRC/tile_23544.png,2
arctic_vegetation/20230724_birch24_m3m/BIRC/tile_23545.png,2
arctic_vegetation/20230724_birch24_m3m/BIRC/tile_23546.png,2
arctic_vegetation/20230724_birch24_m3m/BIRC/tile_23547.png,2
arctic_vegetation/20230724_birch24_m3m/BIRC/tile_23548.png,2
arctic_vegetation/20230724_birch24_m3m/BIRC/tile_23549.png,2
arctic_vegetation/20230724_birch24_m3m/BIRC/tile_23550.png,2
arctic_vegetation/20230724_birch24_m3m/BIRC/tile_23551.png,2
arctic_vegetation/20230724_birch24_m3m/BIRC/tile_23552.png,2
arctic_vegetation/20230724_birch24_m3m/BIRC/tile_23553.png,2
arctic_vegetation/20230724_birch24_m3m/PETF/tile_23554.png,6
arctic_vegetation/20230724_birch24_m3m/BIRC/tile_23555.png,2
arctic_vegetation/20230724_birch24_m3m/BIRC/tile_23556.png,2
arctic_vegetation/20230724_birch24_m3m/BIRC/tile_23557.png,2
arctic_vegetation/20230724_birch24_m3m/BIRC/tile_23558.png,2
arctic_vegetation/20230724_birch24_m3m/BIRC/tile_23559.png,2
arctic_vegetation/20230724_birch24_m3m/BIRC/tile_23656.png,2
arctic_vegetation/20230724_birch24_m3m/BIRC/tile_23657.png,2
arctic_vegetation/20230724_birch24_m3m/BIRC/tile_23658.png,2
arctic_vegetation/20230724_birch24_m3m/BIRC/tile_23659.png,2
arctic_vegetation/20230724_birch24_m3m/BIRC/tile_23660.png,2
arctic_vegetation/20230724_birch24_m3m/BIRC/tile_23661.png,2
arctic_vegetation/20230724_birch24_m3m/BIRC/tile_23662.png,2
arctic_vegetation/20230724_birch24_m3m/BIRC/tile_23663.png,2
arctic_vegetation/20230724_birch24_m3m/BIRC/tile_23664.png,2
arctic_vegetation/20230724_birch24_m3m/BIRC/tile_23665.png,2
arctic_vegetation/20230724_birch24_m3m/BIRC/tile_23666.png,2
arctic_vegetation/20230724_birch24_m3m/BIRC/tile_23667.png,2
arctic_vegetation/20230724_birch24_m3m/BIRC/tile_23668.png,2
arctic_vegetation/20230724_birch24_m3m/BIRC/tile_23669.png,2
arctic_vegetation/20230724_birch24_m3m/BIRC/tile_23670.png,2
arctic_vegetation/20230724_birch24_m3m/BIRC/tile_23671.png,2
arctic_vegetation/20230724_birch24_m3m/BIRC/tile_23672.png,2
arctic_vegetation/20230724_birch24_m3m/BIRC/tile_23673.png,2
arctic_vegetation/20230724_birch24_m3m/BIRC/tile_23676.png,2
arctic_vegetation/20230724_birch24_m3m/BIRC/tile_23677.png,2
arctic_vegetation/20230724_birch24_m3m/BIRC/tile_23678.png,2
arctic_vegetation/20230724_birch24_m3m/BIRC/tile_23679.png,2
arctic_vegetation/20230724_birch24_m3m/BIRC/tile_23680.png,2
arctic_vegetation/20230724_birch24_m3m/BIRC/tile_23681.png,2
arctic_vegetation/20230724_birch24_m3m/BIRC/tile_23682.png,2
arctic_vegetation/20230724_birch24_m3m/BIRC/tile_23683.png,2
arctic_vegetation/20230724_birch24_m3m/BIRC/tile_23684.png,2
arctic_vegetation/20230724_birch24_m3m/BIRC/tile_23685.png,2
arctic_vegetation/20230724_birch24_m3m/BIRC/tile_23686.png,2
arctic_vegetation/20230724_birch24_m3m/BIRC/tile_23687.png,2
arctic_vegetation/20230724_birch24_m3m/BIRC/tile_23688.png,2
arctic_vegetation/20230724_birch24_m3m/BIRC/tile_23689.png,2
arctic_vegetation/20230724_birch24_m3m/BIRC/tile_23690.png,2
arctic_vegetation/20230724_birch24_m3m/BIRC/tile_23691.png,2
arctic_vegetation/20230724_birch24_m3m/BIRC/tile_23692.png,2
arctic_vegetation/20230724_birch24_m3m/BIRC/tile_23693.png,2
arctic_vegetation/20230724_birch24_m3m/BIRC/tile_23694.png,2
arctic_vegetation/20230724_birch24_m3m/BIRC/tile_23695.png,2
arctic_vegetation/20230724_birch24_m3m/BIRC/tile_23696.png,2
arctic_vegetation/20230724_birch24_m3m/BIRC/tile_23697.png,2
arctic_vegetation/20230724_birch24_m3m/BIRC/tile_23698.png,2
arctic_vegetation/20230724_birch24_m3m/BIRC/tile_23699.png,2
arctic_vegetation/20230724_birch24_m3m/BIRC/tile_23700.png,2
arctic_vegetation/20230724_birch24_m3m/BIRC/tile_23701.png,2
arctic_vegetation/20230724_birch24_m3m/BIRC/tile_23702.png,2
arctic_vegetation/20230724_birch24_m3m/BIRC/tile_23703.png,2
arctic_vegetation/20230724_birch24_m3m/BIRC/tile_23704.png,2
arctic_vegetation/20230724_birch24_m3m/BIRC/tile_23705.png,2
arctic_vegetation/20230724_birch24_m3m/BIRC/tile_23706.png,2
arctic_vegetation/20230724_birch24_m3m/BIRC/tile_23707.png,2
arctic_vegetation/20230724_birch24_m3m/BIRC/tile_23708.png,2
arctic_vegetation/20230724_birch24_m3m/BIRC/tile_23709.png,2
arctic_vegetation/20230724_birch24_m3m/BIRC/tile_23710.png,2
arctic_vegetation/20230724_birch24_m3m/BIRC/tile_23711.png,2
arctic_vegetation/20230724_birch24_m3m/BIRC/tile_23712.png,2
arctic_vegetation/20230724_birch24_m3m/BIRC/tile_23713.png,2
arctic_vegetation/20230724_birch24_m3m/BIRC/tile_23714.png,2
arctic_vegetation/20230724_birch24_m3m/BIRC/tile_23715.png,2
arctic_vegetation/20230724_birch24_m3m/BIRC/tile_23716.png,2
arctic_vegetation/20230724_birch24_m3m/BIRC/tile_23717.png,2
arctic_vegetation/20230724_birch24_m3m/BIRC/tile_23718.png,2
arctic_vegetation/20230724_birch24_m3m/BIRC/tile_23719.png,2
arctic_vegetation/20230724_birch24_m3m/BIRC/tile_23720.png,2
arctic_vegetation/20230724_birch24_m3m/BIRC/tile_23721.png,2
arctic_vegetation/20230724_birch24_m3m/BIRC/tile_23722.png,2
arctic_vegetation/20230724_birch24_m3m/BIRC/tile_23723.png,2
arctic_vegetation/20230724_birch24_m3m/BIRC/tile_23724.png,2
arctic_vegetation/20230724_birch24_m3m/BIRC/tile_23725.png,2
arctic_vegetation/20230724_birch24_m3m/BIRC/tile_23726.png,2
arctic_vegetation/20230724_birch24_m3m/BIRC/tile_23727.png,2
arctic_vegetation/20230724_birch24_m3m/SEDG/tile_23728.png,9
arctic_vegetation/20230724_birch24_m3m/PETF/tile_23729.png,6
arctic_vegetation/20230724_birch24_m3m/BIRC/tile_23730.png,2
arctic_vegetation/20230724_birch24_m3m/BIRC/tile_23731.png,2
arctic_vegetation/20230724_birch24_m3m/BIRC/tile_23732.png,2
arctic_vegetation/20230724_birch24_m3m/BIRC/tile_23733.png,2
arctic_vegetation/20230724_birch24_m3m/BIRC/tile_23734.png,2
arctic_vegetation/20230724_birch24_m3m/BIRC/tile_23735.png,2
arctic_vegetation/20230724_birch24_m3m/BIRC/tile_23736.png,2
arctic_vegetation/20230724_birch24_m3m/BIRC/tile_23737.png,2
arctic_vegetation/20230724_birch24_m3m/BIRC/tile_23738.png,2
arctic_vegetation/20230724_birch24_m3m/PETF/tile_23741.png,6
arctic_vegetation/20230724_birch24_m3m/PETF/tile_23742.png,6
arctic_vegetation/20230724_birch24_m3m/BIRC/tile_23743.png,2
arctic_vegetation/20230724_birch24_m3m/BIRC/tile_23744.png,2
arctic_vegetation/20230724_birch24_m3m/BIRC/tile_23745.png,2
arctic_vegetation/20230724_birch24_m3m/BIRC/tile_23746.png,2
arctic_vegetation/20230724_birch24_m3m/BIRC/tile_23747.png,2
arctic_vegetation/20230724_birch24_m3m/BIRC/tile_23748.png,2
arctic_vegetation/20230724_birch24_m3m/BIRC/tile_23749.png,2
arctic_vegetation/20230724_birch24_m3m/BIRC/tile_23750.png,2
arctic_vegetation/20230724_birch24_m3m/BIRC/tile_23751.png,2
arctic_vegetation/20230724_birch24_m3m/BIRC/tile_23752.png,2
arctic_vegetation/20230724_birch24_m3m/BIRC/tile_23753.png,2
arctic_vegetation/20230724_birch24_m3m/BIRC/tile_23754.png,2
arctic_vegetation/20230724_birch24_m3m/BIRC/tile_23755.png,2
arctic_vegetation/20230724_birch24_m3m/BIRC/tile_23756.png,2
arctic_vegetation/20230724_birch24_m3m/SEDG/tile_23758.png,9
arctic_vegetation/20230724_birch24_m3m/SEDG/tile_23759.png,9
arctic_vegetation/20230724_birch24_m3m/BIRC/tile_23760.png,2
arctic_vegetation/20230724_birch24_m3m/BIRC/tile_23761.png,2
arctic_vegetation/20230724_birch24_m3m/BIRC/tile_23762.png,2
arctic_vegetation/20230724_birch24_m3m/BIRC/tile_23763.png,2
arctic_vegetation/20230724_birch24_m3m/BIRC/tile_23764.png,2
arctic_vegetation/20230724_birch24_m3m/BIRC/tile_23765.png,2
arctic_vegetation/20230724_birch24_m3m/BIRC/tile_23766.png,2
arctic_vegetation/20230724_birch24_m3m/BIRC/tile_23767.png,2
arctic_vegetation/20230724_birch24_m3m/BIRC/tile_23768.png,2
arctic_vegetation/20230724_birch24_m3m/BIRC/tile_23769.png,2
arctic_vegetation/20230724_birch24_m3m/BIRC/tile_23770.png,2
arctic_vegetation/20230724_birch24_m3m/BIRC/tile_23771.png,2
arctic_vegetation/20230724_birch24_m3m/BIRC/tile_23772.png,2
arctic_vegetation/20230724_birch24_m3m/BIRC/tile_23869.png,2
arctic_vegetation/20230724_birch24_m3m/BIRC/tile_23870.png,2
arctic_vegetation/20230724_birch24_m3m/BIRC/tile_23871.png,2
arctic_vegetation/20230724_birch24_m3m/BIRC/tile_23872.png,2
arctic_vegetation/20230724_birch24_m3m/BIRC/tile_23873.png,2
arctic_vegetation/20230724_birch24_m3m/BIRC/tile_23874.png,2
arctic_vegetation/20230724_birch24_m3m/BIRC/tile_23875.png,2
arctic_vegetation/20230724_birch24_m3m/BIRC/tile_23876.png,2
arctic_vegetation/20230724_birch24_m3m/BIRC/tile_23877.png,2
arctic_vegetation/20230724_birch24_m3m/BIRC/tile_23878.png,2
arctic_vegetation/20230724_birch24_m3m/BIRC/tile_23879.png,2
arctic_vegetation/20230724_birch24_m3m/BIRC/tile_23880.png,2
arctic_vegetation/20230724_birch24_m3m/BIRC/tile_23881.png,2
arctic_vegetation/20230724_birch24_m3m/BIRC/tile_23882.png,2
arctic_vegetation/20230724_birch24_m3m/BIRC/tile_23883.png,2
arctic_vegetation/20230724_birch24_m3m/BIRC/tile_23884.png,2
arctic_vegetation/20230724_birch24_m3m/BIRC/tile_23885.png,2
arctic_vegetation/20230724_birch24_m3m/BIRC/tile_23886.png,2
arctic_vegetation/20230724_birch24_m3m/BIRC/tile_23889.png,2
arctic_vegetation/20230724_birch24_m3m/BIRC/tile_23890.png,2
arctic_vegetation/20230724_birch24_m3m/BIRC/tile_23891.png,2
arctic_vegetation/20230724_birch24_m3m/BIRC/tile_23892.png,2
arctic_vegetation/20230724_birch24_m3m/BIRC/tile_23893.png,2
arctic_vegetation/20230724_birch24_m3m/BIRC/tile_23894.png,2
arctic_vegetation/20230724_birch24_m3m/BIRC/tile_23895.png,2
arctic_vegetation/20230724_birch24_m3m/BIRC/tile_23896.png,2
arctic_vegetation/20230724_birch24_m3m/BIRC/tile_23897.png,2
arctic_vegetation/20230724_birch24_m3m/BIRC/tile_23898.png,2
arctic_vegetation/20230724_birch24_m3m/BIRC/tile_23899.png,2
arctic_vegetation/20230724_birch24_m3m/BIRC/tile_23900.png,2
arctic_vegetation/20230724_birch24_m3m/BIRC/tile_23901.png,2
arctic_vegetation/20230724_birch24_m3m/BIRC/tile_23902.png,2
arctic_vegetation/20230724_birch24_m3m/BIRC/tile_23903.png,2
arctic_vegetation/20230724_birch24_m3m/BIRC/tile_23904.png,2
arctic_vegetation/20230724_birch24_m3m/BIRC/tile_23905.png,2
arctic_vegetation/20230724_birch24_m3m/BIRC/tile_23906.png,2
arctic_vegetation/20230724_birch24_m3m/BIRC/tile_23907.png,2
arctic_vegetation/20230724_birch24_m3m/BIRC/tile_23908.png,2
arctic_vegetation/20230724_birch24_m3m/BIRC/tile_23909.png,2
arctic_vegetation/20230724_birch24_m3m/BIRC/tile_23910.png,2
arctic_vegetation/20230724_birch24_m3m/BIRC/tile_23911.png,2
arctic_vegetation/20230724_birch24_m3m/BIRC/tile_23912.png,2
arctic_vegetation/20230724_birch24_m3m/BIRC/tile_23913.png,2
arctic_vegetation/20230724_birch24_m3m/BIRC/tile_23914.png,2
arctic_vegetation/20230724_birch24_m3m/BIRC/tile_23915.png,2
arctic_vegetation/20230724_birch24_m3m/BIRC/tile_23916.png,2
arctic_vegetation/20230724_birch24_m3m/BIRC/tile_23917.png,2
arctic_vegetation/20230724_birch24_m3m/BIRC/tile_23918.png,2
arctic_vegetation/20230724_birch24_m3m/BIRC/tile_23919.png,2
arctic_vegetation/20230724_birch24_m3m/BIRC/tile_23920.png,2
arctic_vegetation/20230724_birch24_m3m/BIRC/tile_23921.png,2
arctic_vegetation/20230724_birch24_m3m/BIRC/tile_23922.png,2
arctic_vegetation/20230724_birch24_m3m/BIRC/tile_23923.png,2
arctic_vegetation/20230724_birch24_m3m/BIRC/tile_23924.png,2
arctic_vegetation/20230724_birch24_m3m/BIRC/tile_23925.png,2
arctic_vegetation/20230724_birch24_m3m/LICH/tile_23926.png,4
arctic_vegetation/20230724_birch24_m3m/BIRC/tile_23927.png,2
arctic_vegetation/20230724_birch24_m3m/BIRC/tile_23928.png,2
arctic_vegetation/20230724_birch24_m3m/BIRC/tile_23929.png,2
arctic_vegetation/20230724_birch24_m3m/BIRC/tile_23930.png,2
arctic_vegetation/20230724_birch24_m3m/BIRC/tile_23931.png,2
arctic_vegetation/20230724_birch24_m3m/BIRC/tile_23932.png,2
arctic_vegetation/20230724_birch24_m3m/BIRC/tile_23933.png,2
arctic_vegetation/20230724_birch24_m3m/BIRC/tile_23934.png,2
arctic_vegetation/20230724_birch24_m3m/BIRC/tile_23935.png,2
arctic_vegetation/20230724_birch24_m3m/BIRC/tile_23936.png,2
arctic_vegetation/20230724_birch24_m3m/BIRC/tile_23937.png,2
arctic_vegetation/20230724_birch24_m3m/BIRC/tile_23938.png,2
arctic_vegetation/20230724_birch24_m3m/BIRC/tile_23939.png,2
arctic_vegetation/20230724_birch24_m3m/BIRC/tile_23940.png,2
arctic_vegetation/20230724_birch24_m3m/SEDG/tile_23941.png,9
arctic_vegetation/20230724_birch24_m3m/SEDG/tile_23942.png,9
arctic_vegetation/20230724_birch24_m3m/BIRC/tile_23943.png,2
arctic_vegetation/20230724_birch24_m3m/BIRC/tile_23944.png,2
arctic_vegetation/20230724_birch24_m3m/BIRC/tile_23945.png,2
arctic_vegetation/20230724_birch24_m3m/BIRC/tile_23946.png,2
arctic_vegetation/20230724_birch24_m3m/BIRC/tile_23947.png,2
arctic_vegetation/20230724_birch24_m3m/BIRC/tile_23948.png,2
arctic_vegetation/20230724_birch24_m3m/BIRC/tile_23949.png,2
arctic_vegetation/20230724_birch24_m3m/BIRC/tile_23950.png,2
arctic_vegetation/20230724_birch24_m3m/BIRC/tile_23951.png,2
arctic_vegetation/20230724_birch24_m3m/BIRC/tile_23952.png,2
arctic_vegetation/20230724_birch24_m3m/BIRC/tile_23953.png,2
arctic_vegetation/20230724_birch24_m3m/PETF/tile_23954.png,6
arctic_vegetation/20230724_birch24_m3m/PETF/tile_23955.png,6
arctic_vegetation/20230724_birch24_m3m/BIRC/tile_23956.png,2
arctic_vegetation/20230724_birch24_m3m/BIRC/tile_23957.png,2
arctic_vegetation/20230724_birch24_m3m/BIRC/tile_23958.png,2
arctic_vegetation/20230724_birch24_m3m/BIRC/tile_23959.png,2
arctic_vegetation/20230724_birch24_m3m/BIRC/tile_23960.png,2
arctic_vegetation/20230724_birch24_m3m/BIRC/tile_23961.png,2
arctic_vegetation/20230724_birch24_m3m/BIRC/tile_23962.png,2
arctic_vegetation/20230724_birch24_m3m/BIRC/tile_23963.png,2
arctic_vegetation/20230724_birch24_m3m/BIRC/tile_23964.png,2
arctic_vegetation/20230724_birch24_m3m/BIRC/tile_23965.png,2
arctic_vegetation/20230724_birch24_m3m/BIRC/tile_23966.png,2
arctic_vegetation/20230724_birch24_m3m/BIRC/tile_23967.png,2
arctic_vegetation/20230724_birch24_m3m/BIRC/tile_23968.png,2
arctic_vegetation/20230724_birch24_m3m/BIRC/tile_23969.png,2
arctic_vegetation/20230724_birch24_m3m/BIRC/tile_23970.png,2
arctic_vegetation/20230724_birch24_m3m/SEDG/tile_23971.png,9
arctic_vegetation/20230724_birch24_m3m/BIRC/tile_23972.png,2
arctic_vegetation/20230724_birch24_m3m/BIRC/tile_23973.png,2
arctic_vegetation/20230724_birch24_m3m/BIRC/tile_23974.png,2
arctic_vegetation/20230724_birch24_m3m/BIRC/tile_23975.png,2
arctic_vegetation/20230724_birch24_m3m/BIRC/tile_23976.png,2
arctic_vegetation/20230724_birch24_m3m/BIRC/tile_23977.png,2
arctic_vegetation/20230724_birch24_m3m/BIRC/tile_23978.png,2
arctic_vegetation/20230724_birch24_m3m/BIRC/tile_23979.png,2
arctic_vegetation/20230724_birch24_m3m/BIRC/tile_23980.png,2
arctic_vegetation/20230724_birch24_m3m/BIRC/tile_23981.png,2
arctic_vegetation/20230724_birch24_m3m/BIRC/tile_23982.png,2
arctic_vegetation/20230724_birch24_m3m/BIRC/tile_23983.png,2
arctic_vegetation/20230724_birch24_m3m/BIRC/tile_23984.png,2
arctic_vegetation/20230724_birch24_m3m/BIRC/tile_23985.png,2
arctic_vegetation/20230724_birch24_m3m/BIRC/tile_24080.png,2
arctic_vegetation/20230724_birch24_m3m/BIRC/tile_24081.png,2
arctic_vegetation/20230724_birch24_m3m/BIRC/tile_24082.png,2
arctic_vegetation/20230724_birch24_m3m/BIRC/tile_24083.png,2
arctic_vegetation/20230724_birch24_m3m/BIRC/tile_24084.png,2
arctic_vegetation/20230724_birch24_m3m/BIRC/tile_24085.png,2
arctic_vegetation/20230724_birch24_m3m/BIRC/tile_24086.png,2
arctic_vegetation/20230724_birch24_m3m/BIRC/tile_24088.png,2
arctic_vegetation/20230724_birch24_m3m/BIRC/tile_24089.png,2
arctic_vegetation/20230724_birch24_m3m/BIRC/tile_24090.png,2
arctic_vegetation/20230724_birch24_m3m/BIRC/tile_24091.png,2
arctic_vegetation/20230724_birch24_m3m/BIRC/tile_24092.png,2
arctic_vegetation/20230724_birch24_m3m/BIRC/tile_24093.png,2
arctic_vegetation/20230724_birch24_m3m/BIRC/tile_24094.png,2
arctic_vegetation/20230724_birch24_m3m/BIRC/tile_24095.png,2
arctic_vegetation/20230724_birch24_m3m/BIRC/tile_24096.png,2
arctic_vegetation/20230724_birch24_m3m/BIRC/tile_24097.png,2
arctic_vegetation/20230724_birch24_m3m/BIRC/tile_24100.png,2
arctic_vegetation/20230724_birch24_m3m/BIRC/tile_24101.png,2
arctic_vegetation/20230724_birch24_m3m/BIRC/tile_24102.png,2
arctic_vegetation/20230724_birch24_m3m/BIRC/tile_24103.png,2
arctic_vegetation/20230724_birch24_m3m/BIRC/tile_24104.png,2
arctic_vegetation/20230724_birch24_m3m/BIRC/tile_24105.png,2
arctic_vegetation/20230724_birch24_m3m/BIRC/tile_24106.png,2
arctic_vegetation/20230724_birch24_m3m/BIRC/tile_24107.png,2
arctic_vegetation/20230724_birch24_m3m/BIRC/tile_24108.png,2
arctic_vegetation/20230724_birch24_m3m/BIRC/tile_24109.png,2
arctic_vegetation/20230724_birch24_m3m/BIRC/tile_24110.png,2
arctic_vegetation/20230724_birch24_m3m/BIRC/tile_24111.png,2
arctic_vegetation/20230724_birch24_m3m/BIRC/tile_24112.png,2
arctic_vegetation/20230724_birch24_m3m/BIRC/tile_24113.png,2
arctic_vegetation/20230724_birch24_m3m/BIRC/tile_24114.png,2
arctic_vegetation/20230724_birch24_m3m/BIRC/tile_24115.png,2
arctic_vegetation/20230724_birch24_m3m/BIRC/tile_24116.png,2
arctic_vegetation/20230724_birch24_m3m/LICH/tile_24117.png,4
arctic_vegetation/20230724_birch24_m3m/BIRC/tile_24118.png,2
arctic_vegetation/20230724_birch24_m3m/BIRC/tile_24119.png,2
arctic_vegetation/20230724_birch24_m3m/BIRC/tile_24120.png,2
arctic_vegetation/20230724_birch24_m3m/BIRC/tile_24121.png,2
arctic_vegetation/20230724_birch24_m3m/BIRC/tile_24122.png,2
arctic_vegetation/20230724_birch24_m3m/BIRC/tile_24123.png,2
arctic_vegetation/20230724_birch24_m3m/BIRC/tile_24124.png,2
arctic_vegetation/20230724_birch24_m3m/BIRC/tile_24125.png,2
arctic_vegetation/20230724_birch24_m3m/BIRC/tile_24126.png,2
arctic_vegetation/20230724_birch24_m3m/BIRC/tile_24127.png,2
arctic_vegetation/20230724_birch24_m3m/BIRC/tile_24128.png,2
arctic_vegetation/20230724_birch24_m3m/BIRC/tile_24129.png,2
arctic_vegetation/20230724_birch24_m3m/BIRC/tile_24130.png,2
arctic_vegetation/20230724_birch24_m3m/BIRC/tile_24131.png,2
arctic_vegetation/20230724_birch24_m3m/BIRC/tile_24132.png,2
arctic_vegetation/20230724_birch24_m3m/BIRC/tile_24133.png,2
arctic_vegetation/20230724_birch24_m3m/BIRC/tile_24134.png,2
arctic_vegetation/20230724_birch24_m3m/BIRC/tile_24135.png,2
arctic_vegetation/20230724_birch24_m3m/BIRC/tile_24136.png,2
arctic_vegetation/20230724_birch24_m3m/BIRC/tile_24137.png,2
arctic_vegetation/20230724_birch24_m3m/BIRC/tile_24138.png,2
arctic_vegetation/20230724_birch24_m3m/BIRC/tile_24139.png,2
arctic_vegetation/20230724_birch24_m3m/BIRC/tile_24140.png,2
arctic_vegetation/20230724_birch24_m3m/BIRC/tile_24141.png,2
arctic_vegetation/20230724_birch24_m3m/BIRC/tile_24142.png,2
arctic_vegetation/20230724_birch24_m3m/BIRC/tile_24143.png,2
arctic_vegetation/20230724_birch24_m3m/BIRC/tile_24144.png,2
arctic_vegetation/20230724_birch24_m3m/BIRC/tile_24145.png,2
arctic_vegetation/20230724_birch24_m3m/BIRC/tile_24146.png,2
arctic_vegetation/20230724_birch24_m3m/BIRC/tile_24147.png,2
arctic_vegetation/20230724_birch24_m3m/BIRC/tile_24148.png,2
arctic_vegetation/20230724_birch24_m3m/BIRC/tile_24149.png,2
arctic_vegetation/20230724_birch24_m3m/BIRC/tile_24150.png,2
arctic_vegetation/20230724_birch24_m3m/PETF/tile_24151.png,6
arctic_vegetation/20230724_birch24_m3m/SEDG/tile_24152.png,9
arctic_vegetation/20230724_birch24_m3m/SEDG/tile_24153.png,9
arctic_vegetation/20230724_birch24_m3m/BIRC/tile_24154.png,2
arctic_vegetation/20230724_birch24_m3m/BIRC/tile_24155.png,2
arctic_vegetation/20230724_birch24_m3m/BIRC/tile_24156.png,2
arctic_vegetation/20230724_birch24_m3m/BIRC/tile_24157.png,2
arctic_vegetation/20230724_birch24_m3m/BIRC/tile_24158.png,2
arctic_vegetation/20230724_birch24_m3m/BIRC/tile_24159.png,2
arctic_vegetation/20230724_birch24_m3m/BIRC/tile_24160.png,2
arctic_vegetation/20230724_birch24_m3m/BIRC/tile_24161.png,2
arctic_vegetation/20230724_birch24_m3m/BIRC/tile_24162.png,2
arctic_vegetation/20230724_birch24_m3m/BIRC/tile_24163.png,2
arctic_vegetation/20230724_birch24_m3m/BIRC/tile_24164.png,2
arctic_vegetation/20230724_birch24_m3m/PETF/tile_24165.png,6
arctic_vegetation/20230724_birch24_m3m/PETF/tile_24166.png,6
arctic_vegetation/20230724_birch24_m3m/PETF/tile_24168.png,6
arctic_vegetation/20230724_birch24_m3m/BIRC/tile_24169.png,2
arctic_vegetation/20230724_birch24_m3m/BIRC/tile_24170.png,2
arctic_vegetation/20230724_birch24_m3m/BIRC/tile_24171.png,2
arctic_vegetation/20230724_birch24_m3m/BIRC/tile_24172.png,2
arctic_vegetation/20230724_birch24_m3m/BIRC/tile_24173.png,2
arctic_vegetation/20230724_birch24_m3m/BIRC/tile_24174.png,2
arctic_vegetation/20230724_birch24_m3m/BIRC/tile_24175.png,2
arctic_vegetation/20230724_birch24_m3m/BIRC/tile_24176.png,2
arctic_vegetation/20230724_birch24_m3m/BIRC/tile_24177.png,2
arctic_vegetation/20230724_birch24_m3m/BIRC/tile_24178.png,2
arctic_vegetation/20230724_birch24_m3m/BIRC/tile_24179.png,2
arctic_vegetation/20230724_birch24_m3m/BIRC/tile_24180.png,2
arctic_vegetation/20230724_birch24_m3m/BIRC/tile_24181.png,2
arctic_vegetation/20230724_birch24_m3m/BIRC/tile_24182.png,2
arctic_vegetation/20230724_birch24_m3m/BIRC/tile_24183.png,2
arctic_vegetation/20230724_birch24_m3m/BIRC/tile_24184.png,2
arctic_vegetation/20230724_birch24_m3m/BIRC/tile_24185.png,2
arctic_vegetation/20230724_birch24_m3m/BIRC/tile_24186.png,2
arctic_vegetation/20230724_birch24_m3m/BIRC/tile_24187.png,2
arctic_vegetation/20230724_birch24_m3m/BIRC/tile_24188.png,2
arctic_vegetation/20230724_birch24_m3m/PETF/tile_24189.png,6
arctic_vegetation/20230724_birch24_m3m/BIRC/tile_24190.png,2
arctic_vegetation/20230724_birch24_m3m/BIRC/tile_24191.png,2
arctic_vegetation/20230724_birch24_m3m/BIRC/tile_24192.png,2
arctic_vegetation/20230724_birch24_m3m/BIRC/tile_24193.png,2
arctic_vegetation/20230724_birch24_m3m/BIRC/tile_24194.png,2
arctic_vegetation/20230724_birch24_m3m/BIRC/tile_24195.png,2
arctic_vegetation/20230724_birch24_m3m/BIRC/tile_24196.png,2
arctic_vegetation/20230724_birch24_m3m/BIRC/tile_24291.png,2
arctic_vegetation/20230724_birch24_m3m/BIRC/tile_24292.png,2
arctic_vegetation/20230724_birch24_m3m/BIRC/tile_24293.png,2
arctic_vegetation/20230724_birch24_m3m/BIRC/tile_24294.png,2
arctic_vegetation/20230724_birch24_m3m/BIRC/tile_24295.png,2
arctic_vegetation/20230724_birch24_m3m/BIRC/tile_24296.png,2
arctic_vegetation/20230724_birch24_m3m/BIRC/tile_24297.png,2
arctic_vegetation/20230724_birch24_m3m/BIRC/tile_24299.png,2
arctic_vegetation/20230724_birch24_m3m/BIRC/tile_24300.png,2
arctic_vegetation/20230724_birch24_m3m/BIRC/tile_24301.png,2
arctic_vegetation/20230724_birch24_m3m/BIRC/tile_24302.png,2
arctic_vegetation/20230724_birch24_m3m/BIRC/tile_24303.png,2
arctic_vegetation/20230724_birch24_m3m/BIRC/tile_24304.png,2
arctic_vegetation/20230724_birch24_m3m/BIRC/tile_24305.png,2
arctic_vegetation/20230724_birch24_m3m/BIRC/tile_24306.png,2
arctic_vegetation/20230724_birch24_m3m/BIRC/tile_24307.png,2
arctic_vegetation/20230724_birch24_m3m/BIRC/tile_24308.png,2
arctic_vegetation/20230724_birch24_m3m/BIRC/tile_24311.png,2
arctic_vegetation/20230724_birch24_m3m/BIRC/tile_24312.png,2
arctic_vegetation/20230724_birch24_m3m/BIRC/tile_24313.png,2
arctic_vegetation/20230724_birch24_m3m/BIRC/tile_24314.png,2
arctic_vegetation/20230724_birch24_m3m/BIRC/tile_24315.png,2
arctic_vegetation/20230724_birch24_m3m/BIRC/tile_24316.png,2
arctic_vegetation/20230724_birch24_m3m/BIRC/tile_24317.png,2
arctic_vegetation/20230724_birch24_m3m/BIRC/tile_24318.png,2
arctic_vegetation/20230724_birch24_m3m/BIRC/tile_24319.png,2
arctic_vegetation/20230724_birch24_m3m/BIRC/tile_24320.png,2
arctic_vegetation/20230724_birch24_m3m/BIRC/tile_24321.png,2
arctic_vegetation/20230724_birch24_m3m/BIRC/tile_24322.png,2
arctic_vegetation/20230724_birch24_m3m/BIRC/tile_24323.png,2
arctic_vegetation/20230724_birch24_m3m/BIRC/tile_24324.png,2
arctic_vegetation/20230724_birch24_m3m/BIRC/tile_24325.png,2
arctic_vegetation/20230724_birch24_m3m/BIRC/tile_24326.png,2
arctic_vegetation/20230724_birch24_m3m/LICH/tile_24327.png,4
arctic_vegetation/20230724_birch24_m3m/LICH/tile_24328.png,4
arctic_vegetation/20230724_birch24_m3m/BIRC/tile_24329.png,2
arctic_vegetation/20230724_birch24_m3m/BIRC/tile_24330.png,2
arctic_vegetation/20230724_birch24_m3m/BIRC/tile_24331.png,2
arctic_vegetation/20230724_birch24_m3m/BIRC/tile_24332.png,2
arctic_vegetation/20230724_birch24_m3m/BIRC/tile_24333.png,2
arctic_vegetation/20230724_birch24_m3m/BIRC/tile_24334.png,2
arctic_vegetation/20230724_birch24_m3m/BIRC/tile_24335.png,2
arctic_vegetation/20230724_birch24_m3m/BIRC/tile_24336.png,2
arctic_vegetation/20230724_birch24_m3m/BIRC/tile_24337.png,2
arctic_vegetation/20230724_birch24_m3m/BIRC/tile_24338.png,2
arctic_vegetation/20230724_birch24_m3m/BIRC/tile_24339.png,2
arctic_vegetation/20230724_birch24_m3m/BIRC/tile_24340.png,2
arctic_vegetation/20230724_birch24_m3m/LICH/tile_24341.png,4
arctic_vegetation/20230724_birch24_m3m/BIRC/tile_24342.png,2
arctic_vegetation/20230724_birch24_m3m/BIRC/tile_24343.png,2
arctic_vegetation/20230724_birch24_m3m/BIRC/tile_24344.png,2
arctic_vegetation/20230724_birch24_m3m/BIRC/tile_24345.png,2
arctic_vegetation/20230724_birch24_m3m/BIRC/tile_24346.png,2
arctic_vegetation/20230724_birch24_m3m/BIRC/tile_24347.png,2
arctic_vegetation/20230724_birch24_m3m/BIRC/tile_24348.png,2
arctic_vegetation/20230724_birch24_m3m/BIRC/tile_24349.png,2
arctic_vegetation/20230724_birch24_m3m/BIRC/tile_24350.png,2
arctic_vegetation/20230724_birch24_m3m/BIRC/tile_24351.png,2
arctic_vegetation/20230724_birch24_m3m/BIRC/tile_24352.png,2
arctic_vegetation/20230724_birch24_m3m/BIRC/tile_24353.png,2
arctic_vegetation/20230724_birch24_m3m/BIRC/tile_24354.png,2
arctic_vegetation/20230724_birch24_m3m/BIRC/tile_24355.png,2
arctic_vegetation/20230724_birch24_m3m/BIRC/tile_24356.png,2
arctic_vegetation/20230724_birch24_m3m/BIRC/tile_24357.png,2
arctic_vegetation/20230724_birch24_m3m/BIRC/tile_24358.png,2
arctic_vegetation/20230724_birch24_m3m/BIRC/tile_24359.png,2
arctic_vegetation/20230724_birch24_m3m/BIRC/tile_24360.png,2
arctic_vegetation/20230724_birch24_m3m/BIRC/tile_24361.png,2
arctic_vegetation/20230724_birch24_m3m/BIRC/tile_24362.png,2
arctic_vegetation/20230724_birch24_m3m/BIRC/tile_24363.png,2
arctic_vegetation/20230724_birch24_m3m/BIRC/tile_24364.png,2
arctic_vegetation/20230724_birch24_m3m/BIRC/tile_24365.png,2
arctic_vegetation/20230724_birch24_m3m/BIRC/tile_24366.png,2
arctic_vegetation/20230724_birch24_m3m/BIRC/tile_24367.png,2
arctic_vegetation/20230724_birch24_m3m/BIRC/tile_24368.png,2
arctic_vegetation/20230724_birch24_m3m/BIRC/tile_24369.png,2
arctic_vegetation/20230724_birch24_m3m/BIRC/tile_24370.png,2
arctic_vegetation/20230724_birch24_m3m/BIRC/tile_24371.png,2
arctic_vegetation/20230724_birch24_m3m/BIRC/tile_24372.png,2
arctic_vegetation/20230724_birch24_m3m/BIRC/tile_24373.png,2
arctic_vegetation/20230724_birch24_m3m/BIRC/tile_24374.png,2
arctic_vegetation/20230724_birch24_m3m/BIRC/tile_24375.png,2
arctic_vegetation/20230724_birch24_m3m/PETF/tile_24376.png,6
arctic_vegetation/20230724_birch24_m3m/PETF/tile_24377.png,6
arctic_vegetation/20230724_birch24_m3m/PETF/tile_24378.png,6
arctic_vegetation/20230724_birch24_m3m/BIRC/tile_24379.png,2
arctic_vegetation/20230724_birch24_m3m/BIRC/tile_24380.png,2
arctic_vegetation/20230724_birch24_m3m/BIRC/tile_24381.png,2
arctic_vegetation/20230724_birch24_m3m/BIRC/tile_24382.png,2
arctic_vegetation/20230724_birch24_m3m/BIRC/tile_24383.png,2
arctic_vegetation/20230724_birch24_m3m/BIRC/tile_24384.png,2
arctic_vegetation/20230724_birch24_m3m/BIRC/tile_24385.png,2
arctic_vegetation/20230724_birch24_m3m/BIRC/tile_24386.png,2
arctic_vegetation/20230724_birch24_m3m/BIRC/tile_24387.png,2
arctic_vegetation/20230724_birch24_m3m/BIRC/tile_24388.png,2
arctic_vegetation/20230724_birch24_m3m/BIRC/tile_24389.png,2
arctic_vegetation/20230724_birch24_m3m/BIRC/tile_24390.png,2
arctic_vegetation/20230724_birch24_m3m/BIRC/tile_24391.png,2
arctic_vegetation/20230724_birch24_m3m/BIRC/tile_24392.png,2
arctic_vegetation/20230724_birch24_m3m/BIRC/tile_24393.png,2
arctic_vegetation/20230724_birch24_m3m/BIRC/tile_24394.png,2
arctic_vegetation/20230724_birch24_m3m/BIRC/tile_24395.png,2
arctic_vegetation/20230724_birch24_m3m/BIRC/tile_24396.png,2
arctic_vegetation/20230724_birch24_m3m/BIRC/tile_24397.png,2
arctic_vegetation/20230724_birch24_m3m/BIRC/tile_24398.png,2
arctic_vegetation/20230724_birch24_m3m/BIRC/tile_24399.png,2
arctic_vegetation/20230724_birch24_m3m/PETF/tile_24400.png,6
arctic_vegetation/20230724_birch24_m3m/BIRC/tile_24401.png,2
arctic_vegetation/20230724_birch24_m3m/BIRC/tile_24402.png,2
arctic_vegetation/20230724_birch24_m3m/BIRC/tile_24403.png,2
arctic_vegetation/20230724_birch24_m3m/BIRC/tile_24404.png,2
arctic_vegetation/20230724_birch24_m3m/BIRC/tile_24405.png,2
arctic_vegetation/20230724_birch24_m3m/BIRC/tile_24406.png,2
arctic_vegetation/20230724_birch24_m3m/BIRC/tile_24407.png,2
arctic_vegetation/20230724_birch24_m3m/BIRC/tile_24504.png,2
arctic_vegetation/20230724_birch24_m3m/BIRC/tile_24505.png,2
arctic_vegetation/20230724_birch24_m3m/BIRC/tile_24506.png,2
arctic_vegetation/20230724_birch24_m3m/BIRC/tile_24507.png,2
arctic_vegetation/20230724_birch24_m3m/BIRC/tile_24508.png,2
arctic_vegetation/20230724_birch24_m3m/BIRC/tile_24509.png,2
arctic_vegetation/20230724_birch24_m3m/BIRC/tile_24510.png,2
arctic_vegetation/20230724_birch24_m3m/BIRC/tile_24512.png,2
arctic_vegetation/20230724_birch24_m3m/BIRC/tile_24513.png,2
arctic_vegetation/20230724_birch24_m3m/BIRC/tile_24514.png,2
arctic_vegetation/20230724_birch24_m3m/BIRC/tile_24515.png,2
arctic_vegetation/20230724_birch24_m3m/BIRC/tile_24516.png,2
arctic_vegetation/20230724_birch24_m3m/BIRC/tile_24517.png,2
arctic_vegetation/20230724_birch24_m3m/BIRC/tile_24518.png,2
arctic_vegetation/20230724_birch24_m3m/BIRC/tile_24519.png,2
arctic_vegetation/20230724_birch24_m3m/BIRC/tile_24520.png,2
arctic_vegetation/20230724_birch24_m3m/BIRC/tile_24521.png,2
arctic_vegetation/20230724_birch24_m3m/BIRC/tile_24524.png,2
arctic_vegetation/20230724_birch24_m3m/BIRC/tile_24525.png,2
arctic_vegetation/20230724_birch24_m3m/BIRC/tile_24526.png,2
arctic_vegetation/20230724_birch24_m3m/BIRC/tile_24527.png,2
arctic_vegetation/20230724_birch24_m3m/BIRC/tile_24528.png,2
arctic_vegetation/20230724_birch24_m3m/BIRC/tile_24529.png,2
arctic_vegetation/20230724_birch24_m3m/BIRC/tile_24530.png,2
arctic_vegetation/20230724_birch24_m3m/BIRC/tile_24531.png,2
arctic_vegetation/20230724_birch24_m3m/BIRC/tile_24532.png,2
arctic_vegetation/20230724_birch24_m3m/BIRC/tile_24533.png,2
arctic_vegetation/20230724_birch24_m3m/BIRC/tile_24534.png,2
arctic_vegetation/20230724_birch24_m3m/BIRC/tile_24535.png,2
arctic_vegetation/20230724_birch24_m3m/LICH/tile_24536.png,4
arctic_vegetation/20230724_birch24_m3m/LICH/tile_24537.png,4
arctic_vegetation/20230724_birch24_m3m/BIRC/tile_24538.png,2
arctic_vegetation/20230724_birch24_m3m/BIRC/tile_24539.png,2
arctic_vegetation/20230724_birch24_m3m/LICH/tile_24540.png,4
arctic_vegetation/20230724_birch24_m3m/PETF/tile_24541.png,6
arctic_vegetation/20230724_birch24_m3m/PETF/tile_24542.png,6
arctic_vegetation/20230724_birch24_m3m/PETF/tile_24543.png,6
arctic_vegetation/20230724_birch24_m3m/BIRC/tile_24544.png,2
arctic_vegetation/20230724_birch24_m3m/BIRC/tile_24545.png,2
arctic_vegetation/20230724_birch24_m3m/BIRC/tile_24546.png,2
arctic_vegetation/20230724_birch24_m3m/BIRC/tile_24547.png,2
arctic_vegetation/20230724_birch24_m3m/BIRC/tile_24548.png,2
arctic_vegetation/20230724_birch24_m3m/BIRC/tile_24549.png,2
arctic_vegetation/20230724_birch24_m3m/BIRC/tile_24550.png,2
arctic_vegetation/20230724_birch24_m3m/BIRC/tile_24551.png,2
arctic_vegetation/20230724_birch24_m3m/BIRC/tile_24552.png,2
arctic_vegetation/20230724_birch24_m3m/LICH/tile_24553.png,4
arctic_vegetation/20230724_birch24_m3m/LICH/tile_24554.png,4
arctic_vegetation/20230724_birch24_m3m/BIRC/tile_24555.png,2
arctic_vegetation/20230724_birch24_m3m/BIRC/tile_24556.png,2
arctic_vegetation/20230724_birch24_m3m/BIRC/tile_24557.png,2
arctic_vegetation/20230724_birch24_m3m/BIRC/tile_24558.png,2
arctic_vegetation/20230724_birch24_m3m/BIRC/tile_24559.png,2
arctic_vegetation/20230724_birch24_m3m/BIRC/tile_24560.png,2
arctic_vegetation/20230724_birch24_m3m/BIRC/tile_24561.png,2
arctic_vegetation/20230724_birch24_m3m/BIRC/tile_24562.png,2
arctic_vegetation/20230724_birch24_m3m/BIRC/tile_24563.png,2
arctic_vegetation/20230724_birch24_m3m/BIRC/tile_24564.png,2
arctic_vegetation/20230724_birch24_m3m/BIRC/tile_24565.png,2
arctic_vegetation/20230724_birch24_m3m/BIRC/tile_24566.png,2
arctic_vegetation/20230724_birch24_m3m/BIRC/tile_24567.png,2
arctic_vegetation/20230724_birch24_m3m/BIRC/tile_24568.png,2
arctic_vegetation/20230724_birch24_m3m/BIRC/tile_24569.png,2
arctic_vegetation/20230724_birch24_m3m/BIRC/tile_24570.png,2
arctic_vegetation/20230724_birch24_m3m/BIRC/tile_24571.png,2
arctic_vegetation/20230724_birch24_m3m/BIRC/tile_24572.png,2
arctic_vegetation/20230724_birch24_m3m/BIRC/tile_24573.png,2
arctic_vegetation/20230724_birch24_m3m/BIRC/tile_24574.png,2
arctic_vegetation/20230724_birch24_m3m/BIRC/tile_24575.png,2
arctic_vegetation/20230724_birch24_m3m/BIRC/tile_24576.png,2
arctic_vegetation/20230724_birch24_m3m/BIRC/tile_24577.png,2
arctic_vegetation/20230724_birch24_m3m/BIRC/tile_24578.png,2
arctic_vegetation/20230724_birch24_m3m/BIRC/tile_24579.png,2
arctic_vegetation/20230724_birch24_m3m/BIRC/tile_24580.png,2
arctic_vegetation/20230724_birch24_m3m/BIRC/tile_24581.png,2
arctic_vegetation/20230724_birch24_m3m/BIRC/tile_24582.png,2
arctic_vegetation/20230724_birch24_m3m/BIRC/tile_24583.png,2
arctic_vegetation/20230724_birch24_m3m/BIRC/tile_24584.png,2
arctic_vegetation/20230724_birch24_m3m/BIRC/tile_24585.png,2
arctic_vegetation/20230724_birch24_m3m/BIRC/tile_24586.png,2
arctic_vegetation/20230724_birch24_m3m/BIRC/tile_24587.png,2
arctic_vegetation/20230724_birch24_m3m/BIRC/tile_24588.png,2
arctic_vegetation/20230724_birch24_m3m/PETF/tile_24589.png,6
arctic_vegetation/20230724_birch24_m3m/PETF/tile_24590.png,6
arctic_vegetation/20230724_birch24_m3m/BIRC/tile_24591.png,2
arctic_vegetation/20230724_birch24_m3m/BIRC/tile_24592.png,2
arctic_vegetation/20230724_birch24_m3m/BIRC/tile_24593.png,2
arctic_vegetation/20230724_birch24_m3m/BIRC/tile_24594.png,2
arctic_vegetation/20230724_birch24_m3m/BIRC/tile_24595.png,2
arctic_vegetation/20230724_birch24_m3m/BIRC/tile_24596.png,2
arctic_vegetation/20230724_birch24_m3m/BIRC/tile_24597.png,2
arctic_vegetation/20230724_birch24_m3m/BIRC/tile_24598.png,2
arctic_vegetation/20230724_birch24_m3m/BIRC/tile_24599.png,2
arctic_vegetation/20230724_birch24_m3m/BIRC/tile_24600.png,2
arctic_vegetation/20230724_birch24_m3m/BIRC/tile_24601.png,2
arctic_vegetation/20230724_birch24_m3m/BIRC/tile_24602.png,2
arctic_vegetation/20230724_birch24_m3m/BIRC/tile_24603.png,2
arctic_vegetation/20230724_birch24_m3m/BIRC/tile_24604.png,2
arctic_vegetation/20230724_birch24_m3m/BIRC/tile_24605.png,2
arctic_vegetation/20230724_birch24_m3m/BIRC/tile_24606.png,2
arctic_vegetation/20230724_birch24_m3m/BIRC/tile_24607.png,2
arctic_vegetation/20230724_birch24_m3m/BIRC/tile_24608.png,2
arctic_vegetation/20230724_birch24_m3m/BIRC/tile_24609.png,2
arctic_vegetation/20230724_birch24_m3m/BIRC/tile_24610.png,2
arctic_vegetation/20230724_birch24_m3m/BIRC/tile_24611.png,2
arctic_vegetation/20230724_birch24_m3m/BIRC/tile_24612.png,2
arctic_vegetation/20230724_birch24_m3m/BIRC/tile_24613.png,2
arctic_vegetation/20230724_birch24_m3m/BIRC/tile_24614.png,2
arctic_vegetation/20230724_birch24_m3m/BIRC/tile_24615.png,2
arctic_vegetation/20230724_birch24_m3m/BIRC/tile_24616.png,2
arctic_vegetation/20230724_birch24_m3m/BIRC/tile_24617.png,2
arctic_vegetation/20230724_birch24_m3m/BIRC/tile_24618.png,2
arctic_vegetation/20230724_birch24_m3m/BIRC/tile_24619.png,2
arctic_vegetation/20230724_birch24_m3m/BIRC/tile_24620.png,2
arctic_vegetation/20230724_birch24_m3m/BIRC/tile_24718.png,2
arctic_vegetation/20230724_birch24_m3m/BIRC/tile_24719.png,2
arctic_vegetation/20230724_birch24_m3m/BIRC/tile_24720.png,2
arctic_vegetation/20230724_birch24_m3m/BIRC/tile_24721.png,2
arctic_vegetation/20230724_birch24_m3m/BIRC/tile_24722.png,2
arctic_vegetation/20230724_birch24_m3m/BIRC/tile_24723.png,2
arctic_vegetation/20230724_birch24_m3m/BIRC/tile_24724.png,2
arctic_vegetation/20230724_birch24_m3m/BIRC/tile_24726.png,2
arctic_vegetation/20230724_birch24_m3m/BIRC/tile_24727.png,2
arctic_vegetation/20230724_birch24_m3m/BIRC/tile_24728.png,2
arctic_vegetation/20230724_birch24_m3m/BIRC/tile_24729.png,2
arctic_vegetation/20230724_birch24_m3m/BIRC/tile_24730.png,2
arctic_vegetation/20230724_birch24_m3m/BIRC/tile_24731.png,2
arctic_vegetation/20230724_birch24_m3m/BIRC/tile_24733.png,2
arctic_vegetation/20230724_birch24_m3m/BIRC/tile_24734.png,2
arctic_vegetation/20230724_birch24_m3m/BIRC/tile_24735.png,2
arctic_vegetation/20230724_birch24_m3m/BIRC/tile_24738.png,2
arctic_vegetation/20230724_birch24_m3m/BIRC/tile_24739.png,2
arctic_vegetation/20230724_birch24_m3m/BIRC/tile_24740.png,2
arctic_vegetation/20230724_birch24_m3m/BIRC/tile_24741.png,2
arctic_vegetation/20230724_birch24_m3m/BIRC/tile_24742.png,2
arctic_vegetation/20230724_birch24_m3m/BIRC/tile_24743.png,2
arctic_vegetation/20230724_birch24_m3m/BIRC/tile_24744.png,2
arctic_vegetation/20230724_birch24_m3m/BIRC/tile_24745.png,2
arctic_vegetation/20230724_birch24_m3m/BIRC/tile_24746.png,2
arctic_vegetation/20230724_birch24_m3m/BIRC/tile_24747.png,2
arctic_vegetation/20230724_birch24_m3m/BIRC/tile_24748.png,2
arctic_vegetation/20230724_birch24_m3m/BIRC/tile_24749.png,2
arctic_vegetation/20230724_birch24_m3m/BIRC/tile_24750.png,2
arctic_vegetation/20230724_birch24_m3m/LICH/tile_24751.png,4
arctic_vegetation/20230724_birch24_m3m/LICH/tile_24752.png,4
arctic_vegetation/20230724_birch24_m3m/LICH/tile_24753.png,4
arctic_vegetation/20230724_birch24_m3m/LICH/tile_24754.png,4
arctic_vegetation/20230724_birch24_m3m/PETF/tile_24755.png,6
arctic_vegetation/20230724_birch24_m3m/LICH/tile_24756.png,4
arctic_vegetation/20230724_birch24_m3m/LICH/tile_24757.png,4
arctic_vegetation/20230724_birch24_m3m/BIRC/tile_24758.png,2
arctic_vegetation/20230724_birch24_m3m/BIRC/tile_24759.png,2
arctic_vegetation/20230724_birch24_m3m/BIRC/tile_24760.png,2
arctic_vegetation/20230724_birch24_m3m/BIRC/tile_24761.png,2
arctic_vegetation/20230724_birch24_m3m/BIRC/tile_24762.png,2
arctic_vegetation/20230724_birch24_m3m/BIRC/tile_24763.png,2
arctic_vegetation/20230724_birch24_m3m/BIRC/tile_24764.png,2
arctic_vegetation/20230724_birch24_m3m/BIRC/tile_24765.png,2
arctic_vegetation/20230724_birch24_m3m/BIRC/tile_24766.png,2
arctic_vegetation/20230724_birch24_m3m/BIRC/tile_24767.png,2
arctic_vegetation/20230724_birch24_m3m/BIRC/tile_24768.png,2
arctic_vegetation/20230724_birch24_m3m/BIRC/tile_24769.png,2
arctic_vegetation/20230724_birch24_m3m/BIRC/tile_24770.png,2
arctic_vegetation/20230724_birch24_m3m/BIRC/tile_24771.png,2
arctic_vegetation/20230724_birch24_m3m/BIRC/tile_24772.png,2
arctic_vegetation/20230724_birch24_m3m/BIRC/tile_24773.png,2
arctic_vegetation/20230724_birch24_m3m/BIRC/tile_24774.png,2
arctic_vegetation/20230724_birch24_m3m/BIRC/tile_24775.png,2
arctic_vegetation/20230724_birch24_m3m/BIRC/tile_24776.png,2
arctic_vegetation/20230724_birch24_m3m/BIRC/tile_24777.png,2
arctic_vegetation/20230724_birch24_m3m/BIRC/tile_24778.png,2
arctic_vegetation/20230724_birch24_m3m/BIRC/tile_24779.png,2
arctic_vegetation/20230724_birch24_m3m/BIRC/tile_24780.png,2
arctic_vegetation/20230724_birch24_m3m/BIRC/tile_24781.png,2
arctic_vegetation/20230724_birch24_m3m/BIRC/tile_24782.png,2
arctic_vegetation/20230724_birch24_m3m/BIRC/tile_24783.png,2
arctic_vegetation/20230724_birch24_m3m/BIRC/tile_24784.png,2
arctic_vegetation/20230724_birch24_m3m/BIRC/tile_24785.png,2
arctic_vegetation/20230724_birch24_m3m/BIRC/tile_24786.png,2
arctic_vegetation/20230724_birch24_m3m/BIRC/tile_24787.png,2
arctic_vegetation/20230724_birch24_m3m/BIRC/tile_24788.png,2
arctic_vegetation/20230724_birch24_m3m/BIRC/tile_24789.png,2
arctic_vegetation/20230724_birch24_m3m/BIRC/tile_24790.png,2
arctic_vegetation/20230724_birch24_m3m/BIRC/tile_24791.png,2
arctic_vegetation/20230724_birch24_m3m/BIRC/tile_24792.png,2
arctic_vegetation/20230724_birch24_m3m/BIRC/tile_24793.png,2
arctic_vegetation/20230724_birch24_m3m/BIRC/tile_24794.png,2
arctic_vegetation/20230724_birch24_m3m/BIRC/tile_24795.png,2
arctic_vegetation/20230724_birch24_m3m/BIRC/tile_24796.png,2
arctic_vegetation/20230724_birch24_m3m/BIRC/tile_24797.png,2
arctic_vegetation/20230724_birch24_m3m/BIRC/tile_24798.png,2
arctic_vegetation/20230724_birch24_m3m/BIRC/tile_24799.png,2
arctic_vegetation/20230724_birch24_m3m/BIRC/tile_24800.png,2
arctic_vegetation/20230724_birch24_m3m/BIRC/tile_24801.png,2
arctic_vegetation/20230724_birch24_m3m/BIRC/tile_24802.png,2
arctic_vegetation/20230724_birch24_m3m/BIRC/tile_24803.png,2
arctic_vegetation/20230724_birch24_m3m/PETF/tile_24804.png,6
arctic_vegetation/20230724_birch24_m3m/BIRC/tile_24805.png,2
arctic_vegetation/20230724_birch24_m3m/BIRC/tile_24806.png,2
arctic_vegetation/20230724_birch24_m3m/BIRC/tile_24807.png,2
arctic_vegetation/20230724_birch24_m3m/BIRC/tile_24808.png,2
arctic_vegetation/20230724_birch24_m3m/BIRC/tile_24809.png,2
arctic_vegetation/20230724_birch24_m3m/BIRC/tile_24810.png,2
arctic_vegetation/20230724_birch24_m3m/BIRC/tile_24811.png,2
arctic_vegetation/20230724_birch24_m3m/BIRC/tile_24812.png,2
arctic_vegetation/20230724_birch24_m3m/BIRC/tile_24813.png,2
arctic_vegetation/20230724_birch24_m3m/BIRC/tile_24814.png,2
arctic_vegetation/20230724_birch24_m3m/BIRC/tile_24815.png,2
arctic_vegetation/20230724_birch24_m3m/BIRC/tile_24816.png,2
arctic_vegetation/20230724_birch24_m3m/BIRC/tile_24817.png,2
arctic_vegetation/20230724_birch24_m3m/BIRC/tile_24818.png,2
arctic_vegetation/20230724_birch24_m3m/BIRC/tile_24819.png,2
arctic_vegetation/20230724_birch24_m3m/BIRC/tile_24820.png,2
arctic_vegetation/20230724_birch24_m3m/BIRC/tile_24821.png,2
arctic_vegetation/20230724_birch24_m3m/BIRC/tile_24822.png,2
arctic_vegetation/20230724_birch24_m3m/BIRC/tile_24823.png,2
arctic_vegetation/20230724_birch24_m3m/PETF/tile_24824.png,6
arctic_vegetation/20230724_birch24_m3m/BIRC/tile_24825.png,2
arctic_vegetation/20230724_birch24_m3m/BIRC/tile_24826.png,2
arctic_vegetation/20230724_birch24_m3m/BIRC/tile_24827.png,2
arctic_vegetation/20230724_birch24_m3m/BIRC/tile_24828.png,2
arctic_vegetation/20230724_birch24_m3m/BIRC/tile_24829.png,2
arctic_vegetation/20230724_birch24_m3m/BIRC/tile_24830.png,2
arctic_vegetation/20230724_birch24_m3m/BIRC/tile_24831.png,2
arctic_vegetation/20230724_birch24_m3m/BIRC/tile_24832.png,2
arctic_vegetation/20230724_birch24_m3m/BIRC/tile_24833.png,2
arctic_vegetation/20230724_birch24_m3m/BIRC/tile_24834.png,2
arctic_vegetation/20230724_birch24_m3m/PETF/tile_24835.png,6
arctic_vegetation/20230724_birch24_m3m/BIRC/tile_24932.png,2
arctic_vegetation/20230724_birch24_m3m/BIRC/tile_24933.png,2
arctic_vegetation/20230724_birch24_m3m/BIRC/tile_24934.png,2
arctic_vegetation/20230724_birch24_m3m/BIRC/tile_24935.png,2
arctic_vegetation/20230724_birch24_m3m/BIRC/tile_24936.png,2
arctic_vegetation/20230724_birch24_m3m/BIRC/tile_24937.png,2
arctic_vegetation/20230724_birch24_m3m/BIRC/tile_24938.png,2
arctic_vegetation/20230724_birch24_m3m/BIRC/tile_24951.png,2
arctic_vegetation/20230724_birch24_m3m/BIRC/tile_24952.png,2
arctic_vegetation/20230724_birch24_m3m/BIRC/tile_24953.png,2
arctic_vegetation/20230724_birch24_m3m/BIRC/tile_24954.png,2
arctic_vegetation/20230724_birch24_m3m/BIRC/tile_24955.png,2
arctic_vegetation/20230724_birch24_m3m/BIRC/tile_24956.png,2
arctic_vegetation/20230724_birch24_m3m/BIRC/tile_24957.png,2
arctic_vegetation/20230724_birch24_m3m/BIRC/tile_24958.png,2
arctic_vegetation/20230724_birch24_m3m/BIRC/tile_24959.png,2
arctic_vegetation/20230724_birch24_m3m/BIRC/tile_24960.png,2
arctic_vegetation/20230724_birch24_m3m/BIRC/tile_24961.png,2
arctic_vegetation/20230724_birch24_m3m/BIRC/tile_24962.png,2
arctic_vegetation/20230724_birch24_m3m/BIRC/tile_24963.png,2
arctic_vegetation/20230724_birch24_m3m/BIRC/tile_24964.png,2
arctic_vegetation/20230724_birch24_m3m/BIRC/tile_24965.png,2
arctic_vegetation/20230724_birch24_m3m/BIRC/tile_24966.png,2
arctic_vegetation/20230724_birch24_m3m/BIRC/tile_24967.png,2
arctic_vegetation/20230724_birch24_m3m/LICH/tile_24968.png,4
arctic_vegetation/20230724_birch24_m3m/LICH/tile_24969.png,4
arctic_vegetation/20230724_birch24_m3m/LICH/tile_24970.png,4
arctic_vegetation/20230724_birch24_m3m/LICH/tile_24971.png,4
arctic_vegetation/20230724_birch24_m3m/LICH/tile_24973.png,4
arctic_vegetation/20230724_birch24_m3m/BIRC/tile_24974.png,2
arctic_vegetation/20230724_birch24_m3m/BIRC/tile_24975.png,2
arctic_vegetation/20230724_birch24_m3m/BIRC/tile_24976.png,2
arctic_vegetation/20230724_birch24_m3m/BIRC/tile_24977.png,2
arctic_vegetation/20230724_birch24_m3m/BIRC/tile_24978.png,2
arctic_vegetation/20230724_birch24_m3m/BIRC/tile_24979.png,2
arctic_vegetation/20230724_birch24_m3m/BIRC/tile_24980.png,2
arctic_vegetation/20230724_birch24_m3m/BIRC/tile_24981.png,2
arctic_vegetation/20230724_birch24_m3m/BIRC/tile_24982.png,2
arctic_vegetation/20230724_birch24_m3m/BIRC/tile_24983.png,2
arctic_vegetation/20230724_birch24_m3m/BIRC/tile_24984.png,2
arctic_vegetation/20230724_birch24_m3m/BIRC/tile_24985.png,2
arctic_vegetation/20230724_birch24_m3m/BIRC/tile_24986.png,2
arctic_vegetation/20230724_birch24_m3m/BIRC/tile_24987.png,2
arctic_vegetation/20230724_birch24_m3m/BIRC/tile_24988.png,2
arctic_vegetation/20230724_birch24_m3m/BIRC/tile_24989.png,2
arctic_vegetation/20230724_birch24_m3m/BIRC/tile_24990.png,2
arctic_vegetation/20230724_birch24_m3m/BIRC/tile_24991.png,2
arctic_vegetation/20230724_birch24_m3m/BIRC/tile_24992.png,2
arctic_vegetation/20230724_birch24_m3m/BIRC/tile_24993.png,2
arctic_vegetation/20230724_birch24_m3m/BIRC/tile_24994.png,2
arctic_vegetation/20230724_birch24_m3m/BIRC/tile_24995.png,2
arctic_vegetation/20230724_birch24_m3m/BIRC/tile_24996.png,2
arctic_vegetation/20230724_birch24_m3m/BIRC/tile_24997.png,2
arctic_vegetation/20230724_birch24_m3m/BIRC/tile_24998.png,2
arctic_vegetation/20230724_birch24_m3m/BIRC/tile_24999.png,2
arctic_vegetation/20230724_birch24_m3m/BIRC/tile_25000.png,2
arctic_vegetation/20230724_birch24_m3m/BIRC/tile_25001.png,2
arctic_vegetation/20230724_birch24_m3m/BIRC/tile_25002.png,2
arctic_vegetation/20230724_birch24_m3m/BIRC/tile_25003.png,2
arctic_vegetation/20230724_birch24_m3m/BIRC/tile_25004.png,2
arctic_vegetation/20230724_birch24_m3m/BIRC/tile_25005.png,2
arctic_vegetation/20230724_birch24_m3m/BIRC/tile_25006.png,2
arctic_vegetation/20230724_birch24_m3m/BIRC/tile_25007.png,2
arctic_vegetation/20230724_birch24_m3m/BIRC/tile_25008.png,2
arctic_vegetation/20230724_birch24_m3m/BIRC/tile_25009.png,2
arctic_vegetation/20230724_birch24_m3m/BIRC/tile_25010.png,2
arctic_vegetation/20230724_birch24_m3m/BIRC/tile_25011.png,2
arctic_vegetation/20230724_birch24_m3m/BIRC/tile_25012.png,2
arctic_vegetation/20230724_birch24_m3m/BIRC/tile_25013.png,2
arctic_vegetation/20230724_birch24_m3m/BIRC/tile_25014.png,2
arctic_vegetation/20230724_birch24_m3m/BIRC/tile_25015.png,2
arctic_vegetation/20230724_birch24_m3m/BIRC/tile_25016.png,2
arctic_vegetation/20230724_birch24_m3m/BIRC/tile_25017.png,2
arctic_vegetation/20230724_birch24_m3m/PETF/tile_25018.png,6
arctic_vegetation/20230724_birch24_m3m/BIRC/tile_25019.png,2
arctic_vegetation/20230724_birch24_m3m/BIRC/tile_25020.png,2
arctic_vegetation/20230724_birch24_m3m/BIRC/tile_25021.png,2
arctic_vegetation/20230724_birch24_m3m/BIRC/tile_25022.png,2
arctic_vegetation/20230724_birch24_m3m/BIRC/tile_25023.png,2
arctic_vegetation/20230724_birch24_m3m/BIRC/tile_25024.png,2
arctic_vegetation/20230724_birch24_m3m/BIRC/tile_25025.png,2
arctic_vegetation/20230724_birch24_m3m/BIRC/tile_25026.png,2
arctic_vegetation/20230724_birch24_m3m/BIRC/tile_25027.png,2
arctic_vegetation/20230724_birch24_m3m/BIRC/tile_25028.png,2
arctic_vegetation/20230724_birch24_m3m/BIRC/tile_25029.png,2
arctic_vegetation/20230724_birch24_m3m/BIRC/tile_25030.png,2
arctic_vegetation/20230724_birch24_m3m/BIRC/tile_25031.png,2
arctic_vegetation/20230724_birch24_m3m/BIRC/tile_25032.png,2
arctic_vegetation/20230724_birch24_m3m/BIRC/tile_25033.png,2
arctic_vegetation/20230724_birch24_m3m/BIRC/tile_25034.png,2
arctic_vegetation/20230724_birch24_m3m/BIRC/tile_25035.png,2
arctic_vegetation/20230724_birch24_m3m/BIRC/tile_25036.png,2
arctic_vegetation/20230724_birch24_m3m/BIRC/tile_25037.png,2
arctic_vegetation/20230724_birch24_m3m/PETF/tile_25038.png,6
arctic_vegetation/20230724_birch24_m3m/BIRC/tile_25039.png,2
arctic_vegetation/20230724_birch24_m3m/BIRC/tile_25040.png,2
arctic_vegetation/20230724_birch24_m3m/BIRC/tile_25041.png,2
arctic_vegetation/20230724_birch24_m3m/BIRC/tile_25042.png,2
arctic_vegetation/20230724_birch24_m3m/BIRC/tile_25043.png,2
arctic_vegetation/20230724_birch24_m3m/BIRC/tile_25044.png,2
arctic_vegetation/20230724_birch24_m3m/BIRC/tile_25045.png,2
arctic_vegetation/20230724_birch24_m3m/BIRC/tile_25046.png,2
arctic_vegetation/20230724_birch24_m3m/BIRC/tile_25047.png,2
arctic_vegetation/20230724_birch24_m3m/BIRC/tile_25048.png,2
arctic_vegetation/20230724_birch24_m3m/PETF/tile_25049.png,6
arctic_vegetation/20230724_birch24_m3m/BIRC/tile_25146.png,2
arctic_vegetation/20230724_birch24_m3m/BIRC/tile_25147.png,2
arctic_vegetation/20230724_birch24_m3m/BIRC/tile_25148.png,2
arctic_vegetation/20230724_birch24_m3m/BIRC/tile_25149.png,2
arctic_vegetation/20230724_birch24_m3m/BIRC/tile_25150.png,2
arctic_vegetation/20230724_birch24_m3m/BIRC/tile_25151.png,2
arctic_vegetation/20230724_birch24_m3m/BIRC/tile_25152.png,2
arctic_vegetation/20230724_birch24_m3m/BIRC/tile_25153.png,2
arctic_vegetation/20230724_birch24_m3m/BIRC/tile_25154.png,2
arctic_vegetation/20230724_birch24_m3m/BIRC/tile_25155.png,2
arctic_vegetation/20230724_birch24_m3m/BIRC/tile_25165.png,2
arctic_vegetation/20230724_birch24_m3m/BIRC/tile_25166.png,2
arctic_vegetation/20230724_birch24_m3m/BIRC/tile_25167.png,2
arctic_vegetation/20230724_birch24_m3m/BIRC/tile_25168.png,2
arctic_vegetation/20230724_birch24_m3m/BIRC/tile_25169.png,2
arctic_vegetation/20230724_birch24_m3m/BIRC/tile_25170.png,2
arctic_vegetation/20230724_birch24_m3m/BIRC/tile_25171.png,2
arctic_vegetation/20230724_birch24_m3m/BIRC/tile_25172.png,2
arctic_vegetation/20230724_birch24_m3m/BIRC/tile_25173.png,2
arctic_vegetation/20230724_birch24_m3m/BIRC/tile_25174.png,2
arctic_vegetation/20230724_birch24_m3m/BIRC/tile_25175.png,2
arctic_vegetation/20230724_birch24_m3m/BIRC/tile_25176.png,2
arctic_vegetation/20230724_birch24_m3m/BIRC/tile_25177.png,2
arctic_vegetation/20230724_birch24_m3m/BIRC/tile_25178.png,2
arctic_vegetation/20230724_birch24_m3m/BIRC/tile_25179.png,2
arctic_vegetation/20230724_birch24_m3m/BIRC/tile_25180.png,2
arctic_vegetation/20230724_birch24_m3m/BIRC/tile_25181.png,2
arctic_vegetation/20230724_birch24_m3m/LICH/tile_25182.png,4
arctic_vegetation/20230724_birch24_m3m/LICH/tile_25183.png,4
arctic_vegetation/20230724_birch24_m3m/LICH/tile_25184.png,4
arctic_vegetation/20230724_birch24_m3m/LICH/tile_25185.png,4
arctic_vegetation/20230724_birch24_m3m/LICH/tile_25186.png,4
arctic_vegetation/20230724_birch24_m3m/LICH/tile_25187.png,4
arctic_vegetation/20230724_birch24_m3m/BIRC/tile_25188.png,2
arctic_vegetation/20230724_birch24_m3m/BIRC/tile_25189.png,2
arctic_vegetation/20230724_birch24_m3m/BIRC/tile_25190.png,2
arctic_vegetation/20230724_birch24_m3m/BIRC/tile_25191.png,2
arctic_vegetation/20230724_birch24_m3m/LICH/tile_25192.png,4
arctic_vegetation/20230724_birch24_m3m/BIRC/tile_25193.png,2
arctic_vegetation/20230724_birch24_m3m/BIRC/tile_25194.png,2
arctic_vegetation/20230724_birch24_m3m/BIRC/tile_25195.png,2
arctic_vegetation/20230724_birch24_m3m/BIRC/tile_25196.png,2
arctic_vegetation/20230724_birch24_m3m/BIRC/tile_25197.png,2
arctic_vegetation/20230724_birch24_m3m/BIRC/tile_25198.png,2
arctic_vegetation/20230724_birch24_m3m/BIRC/tile_25199.png,2
arctic_vegetation/20230724_birch24_m3m/BIRC/tile_25200.png,2
arctic_vegetation/20230724_birch24_m3m/BIRC/tile_25201.png,2
arctic_vegetation/20230724_birch24_m3m/BIRC/tile_25202.png,2
arctic_vegetation/20230724_birch24_m3m/BIRC/tile_25203.png,2
arctic_vegetation/20230724_birch24_m3m/BIRC/tile_25204.png,2
arctic_vegetation/20230724_birch24_m3m/BIRC/tile_25205.png,2
arctic_vegetation/20230724_birch24_m3m/BIRC/tile_25206.png,2
arctic_vegetation/20230724_birch24_m3m/BIRC/tile_25207.png,2
arctic_vegetation/20230724_birch24_m3m/BIRC/tile_25208.png,2
arctic_vegetation/20230724_birch24_m3m/BIRC/tile_25209.png,2
arctic_vegetation/20230724_birch24_m3m/BIRC/tile_25210.png,2
arctic_vegetation/20230724_birch24_m3m/BIRC/tile_25211.png,2
arctic_vegetation/20230724_birch24_m3m/BIRC/tile_25212.png,2
arctic_vegetation/20230724_birch24_m3m/BIRC/tile_25213.png,2
arctic_vegetation/20230724_birch24_m3m/BIRC/tile_25214.png,2
arctic_vegetation/20230724_birch24_m3m/BIRC/tile_25215.png,2
arctic_vegetation/20230724_birch24_m3m/BIRC/tile_25216.png,2
arctic_vegetation/20230724_birch24_m3m/BIRC/tile_25217.png,2
arctic_vegetation/20230724_birch24_m3m/BIRC/tile_25218.png,2
arctic_vegetation/20230724_birch24_m3m/BIRC/tile_25219.png,2
arctic_vegetation/20230724_birch24_m3m/BIRC/tile_25220.png,2
arctic_vegetation/20230724_birch24_m3m/BIRC/tile_25221.png,2
arctic_vegetation/20230724_birch24_m3m/BIRC/tile_25222.png,2
arctic_vegetation/20230724_birch24_m3m/BIRC/tile_25223.png,2
arctic_vegetation/20230724_birch24_m3m/BIRC/tile_25224.png,2
arctic_vegetation/20230724_birch24_m3m/BIRC/tile_25225.png,2
arctic_vegetation/20230724_birch24_m3m/BIRC/tile_25226.png,2
arctic_vegetation/20230724_birch24_m3m/BIRC/tile_25227.png,2
arctic_vegetation/20230724_birch24_m3m/BIRC/tile_25228.png,2
arctic_vegetation/20230724_birch24_m3m/BIRC/tile_25229.png,2
arctic_vegetation/20230724_birch24_m3m/BIRC/tile_25230.png,2
arctic_vegetation/20230724_birch24_m3m/BIRC/tile_25231.png,2
arctic_vegetation/20230724_birch24_m3m/BIRC/tile_25232.png,2
arctic_vegetation/20230724_birch24_m3m/BIRC/tile_25233.png,2
arctic_vegetation/20230724_birch24_m3m/BIRC/tile_25234.png,2
arctic_vegetation/20230724_birch24_m3m/BIRC/tile_25235.png,2
arctic_vegetation/20230724_birch24_m3m/BIRC/tile_25236.png,2
arctic_vegetation/20230724_birch24_m3m/BIRC/tile_25237.png,2
arctic_vegetation/20230724_birch24_m3m/BIRC/tile_25238.png,2
arctic_vegetation/20230724_birch24_m3m/BIRC/tile_25239.png,2
arctic_vegetation/20230724_birch24_m3m/BIRC/tile_25240.png,2
arctic_vegetation/20230724_birch24_m3m/BIRC/tile_25241.png,2
arctic_vegetation/20230724_birch24_m3m/BIRC/tile_25242.png,2
arctic_vegetation/20230724_birch24_m3m/BIRC/tile_25243.png,2
arctic_vegetation/20230724_birch24_m3m/BIRC/tile_25244.png,2
arctic_vegetation/20230724_birch24_m3m/BIRC/tile_25245.png,2
arctic_vegetation/20230724_birch24_m3m/BIRC/tile_25246.png,2
arctic_vegetation/20230724_birch24_m3m/BIRC/tile_25247.png,2
arctic_vegetation/20230724_birch24_m3m/BIRC/tile_25248.png,2
arctic_vegetation/20230724_birch24_m3m/BIRC/tile_25249.png,2
arctic_vegetation/20230724_birch24_m3m/BIRC/tile_25250.png,2
arctic_vegetation/20230724_birch24_m3m/BIRC/tile_25251.png,2
arctic_vegetation/20230724_birch24_m3m/PETF/tile_25252.png,6
arctic_vegetation/20230724_birch24_m3m/BIRC/tile_25253.png,2
arctic_vegetation/20230724_birch24_m3m/BIRC/tile_25254.png,2
arctic_vegetation/20230724_birch24_m3m/BIRC/tile_25255.png,2
arctic_vegetation/20230724_birch24_m3m/BIRC/tile_25256.png,2
arctic_vegetation/20230724_birch24_m3m/BIRC/tile_25257.png,2
arctic_vegetation/20230724_birch24_m3m/BIRC/tile_25258.png,2
arctic_vegetation/20230724_birch24_m3m/BIRC/tile_25259.png,2
arctic_vegetation/20230724_birch24_m3m/BIRC/tile_25260.png,2
arctic_vegetation/20230724_birch24_m3m/BIRC/tile_25261.png,2
arctic_vegetation/20230724_birch24_m3m/BIRC/tile_25262.png,2
arctic_vegetation/20230724_birch24_m3m/BIRC/tile_25361.png,2
arctic_vegetation/20230724_birch24_m3m/BIRC/tile_25362.png,2
arctic_vegetation/20230724_birch24_m3m/BIRC/tile_25363.png,2
arctic_vegetation/20230724_birch24_m3m/BIRC/tile_25364.png,2
arctic_vegetation/20230724_birch24_m3m/BIRC/tile_25365.png,2
arctic_vegetation/20230724_birch24_m3m/BIRC/tile_25366.png,2
arctic_vegetation/20230724_birch24_m3m/BIRC/tile_25367.png,2
arctic_vegetation/20230724_birch24_m3m/BIRC/tile_25368.png,2
arctic_vegetation/20230724_birch24_m3m/BIRC/tile_25369.png,2
arctic_vegetation/20230724_birch24_m3m/SEDG/tile_25381.png,9
arctic_vegetation/20230724_birch24_m3m/BIRC/tile_25382.png,2
arctic_vegetation/20230724_birch24_m3m/BIRC/tile_25383.png,2
arctic_vegetation/20230724_birch24_m3m/BIRC/tile_25384.png,2
arctic_vegetation/20230724_birch24_m3m/BIRC/tile_25385.png,2
arctic_vegetation/20230724_birch24_m3m/BIRC/tile_25386.png,2
arctic_vegetation/20230724_birch24_m3m/BIRC/tile_25387.png,2
arctic_vegetation/20230724_birch24_m3m/BIRC/tile_25388.png,2
arctic_vegetation/20230724_birch24_m3m/PETF/tile_25390.png,6
arctic_vegetation/20230724_birch24_m3m/BIRC/tile_25391.png,2
arctic_vegetation/20230724_birch24_m3m/BIRC/tile_25392.png,2
arctic_vegetation/20230724_birch24_m3m/BIRC/tile_25393.png,2
arctic_vegetation/20230724_birch24_m3m/BIRC/tile_25394.png,2
arctic_vegetation/20230724_birch24_m3m/BIRC/tile_25395.png,2
arctic_vegetation/20230724_birch24_m3m/BIRC/tile_25396.png,2
arctic_vegetation/20230724_birch24_m3m/BIRC/tile_25397.png,2
arctic_vegetation/20230724_birch24_m3m/BIRC/tile_25398.png,2
arctic_vegetation/20230724_birch24_m3m/LICH/tile_25399.png,4
arctic_vegetation/20230724_birch24_m3m/LICH/tile_25400.png,4
arctic_vegetation/20230724_birch24_m3m/LICH/tile_25401.png,4
arctic_vegetation/20230724_birch24_m3m/BIRC/tile_25402.png,2
arctic_vegetation/20230724_birch24_m3m/BIRC/tile_25403.png,2
arctic_vegetation/20230724_birch24_m3m/BIRC/tile_25404.png,2
arctic_vegetation/20230724_birch24_m3m/BIRC/tile_25405.png,2
arctic_vegetation/20230724_birch24_m3m/BIRC/tile_25406.png,2
arctic_vegetation/20230724_birch24_m3m/BIRC/tile_25407.png,2
arctic_vegetation/20230724_birch24_m3m/BIRC/tile_25408.png,2
arctic_vegetation/20230724_birch24_m3m/BIRC/tile_25409.png,2
arctic_vegetation/20230724_birch24_m3m/BIRC/tile_25410.png,2
arctic_vegetation/20230724_birch24_m3m/BIRC/tile_25411.png,2
arctic_vegetation/20230724_birch24_m3m/BIRC/tile_25412.png,2
arctic_vegetation/20230724_birch24_m3m/BIRC/tile_25413.png,2
arctic_vegetation/20230724_birch24_m3m/BIRC/tile_25414.png,2
arctic_vegetation/20230724_birch24_m3m/BIRC/tile_25415.png,2
arctic_vegetation/20230724_birch24_m3m/BIRC/tile_25416.png,2
arctic_vegetation/20230724_birch24_m3m/BIRC/tile_25417.png,2
arctic_vegetation/20230724_birch24_m3m/BIRC/tile_25418.png,2
arctic_vegetation/20230724_birch24_m3m/BIRC/tile_25419.png,2
arctic_vegetation/20230724_birch24_m3m/BIRC/tile_25420.png,2
arctic_vegetation/20230724_birch24_m3m/BIRC/tile_25421.png,2
arctic_vegetation/20230724_birch24_m3m/BIRC/tile_25422.png,2
arctic_vegetation/20230724_birch24_m3m/BIRC/tile_25423.png,2
arctic_vegetation/20230724_birch24_m3m/BIRC/tile_25424.png,2
arctic_vegetation/20230724_birch24_m3m/BIRC/tile_25425.png,2
arctic_vegetation/20230724_birch24_m3m/BIRC/tile_25426.png,2
arctic_vegetation/20230724_birch24_m3m/BIRC/tile_25427.png,2
arctic_vegetation/20230724_birch24_m3m/BIRC/tile_25428.png,2
arctic_vegetation/20230724_birch24_m3m/BIRC/tile_25429.png,2
arctic_vegetation/20230724_birch24_m3m/BIRC/tile_25430.png,2
arctic_vegetation/20230724_birch24_m3m/BIRC/tile_25431.png,2
arctic_vegetation/20230724_birch24_m3m/BIRC/tile_25432.png,2
arctic_vegetation/20230724_birch24_m3m/BIRC/tile_25433.png,2
arctic_vegetation/20230724_birch24_m3m/BIRC/tile_25434.png,2
arctic_vegetation/20230724_birch24_m3m/BIRC/tile_25435.png,2
arctic_vegetation/20230724_birch24_m3m/BIRC/tile_25436.png,2
arctic_vegetation/20230724_birch24_m3m/BIRC/tile_25437.png,2
arctic_vegetation/20230724_birch24_m3m/BIRC/tile_25438.png,2
arctic_vegetation/20230724_birch24_m3m/BIRC/tile_25439.png,2
arctic_vegetation/20230724_birch24_m3m/BIRC/tile_25440.png,2
arctic_vegetation/20230724_birch24_m3m/BIRC/tile_25441.png,2
arctic_vegetation/20230724_birch24_m3m/BIRC/tile_25442.png,2
arctic_vegetation/20230724_birch24_m3m/BIRC/tile_25443.png,2
arctic_vegetation/20230724_birch24_m3m/BIRC/tile_25444.png,2
arctic_vegetation/20230724_birch24_m3m/BIRC/tile_25445.png,2
arctic_vegetation/20230724_birch24_m3m/BIRC/tile_25446.png,2
arctic_vegetation/20230724_birch24_m3m/BIRC/tile_25447.png,2
arctic_vegetation/20230724_birch24_m3m/BIRC/tile_25448.png,2
arctic_vegetation/20230724_birch24_m3m/BIRC/tile_25449.png,2
arctic_vegetation/20230724_birch24_m3m/BIRC/tile_25450.png,2
arctic_vegetation/20230724_birch24_m3m/BIRC/tile_25451.png,2
arctic_vegetation/20230724_birch24_m3m/BIRC/tile_25452.png,2
arctic_vegetation/20230724_birch24_m3m/BIRC/tile_25453.png,2
arctic_vegetation/20230724_birch24_m3m/BIRC/tile_25454.png,2
arctic_vegetation/20230724_birch24_m3m/BIRC/tile_25455.png,2
arctic_vegetation/20230724_birch24_m3m/BIRC/tile_25456.png,2
arctic_vegetation/20230724_birch24_m3m/BIRC/tile_25457.png,2
arctic_vegetation/20230724_birch24_m3m/BIRC/tile_25458.png,2
arctic_vegetation/20230724_birch24_m3m/BIRC/tile_25459.png,2
arctic_vegetation/20230724_birch24_m3m/BIRC/tile_25460.png,2
arctic_vegetation/20230724_birch24_m3m/BIRC/tile_25461.png,2
arctic_vegetation/20230724_birch24_m3m/BIRC/tile_25462.png,2
arctic_vegetation/20230724_birch24_m3m/BIRC/tile_25463.png,2
arctic_vegetation/20230724_birch24_m3m/BIRC/tile_25464.png,2
arctic_vegetation/20230724_birch24_m3m/PETF/tile_25465.png,6
arctic_vegetation/20230724_birch24_m3m/PETF/tile_25466.png,6
arctic_vegetation/20230724_birch24_m3m/PETF/tile_25467.png,6
arctic_vegetation/20230724_birch24_m3m/BIRC/tile_25468.png,2
arctic_vegetation/20230724_birch24_m3m/BIRC/tile_25469.png,2
arctic_vegetation/20230724_birch24_m3m/BIRC/tile_25470.png,2
arctic_vegetation/20230724_birch24_m3m/BIRC/tile_25471.png,2
arctic_vegetation/20230724_birch24_m3m/BIRC/tile_25472.png,2
arctic_vegetation/20230724_birch24_m3m/BIRC/tile_25473.png,2
arctic_vegetation/20230724_birch24_m3m/BIRC/tile_25474.png,2
arctic_vegetation/20230724_birch24_m3m/BIRC/tile_25475.png,2
arctic_vegetation/20230724_birch24_m3m/BIRC/tile_25476.png,2
arctic_vegetation/20230724_birch24_m3m/BIRC/tile_25575.png,2
arctic_vegetation/20230724_birch24_m3m/BIRC/tile_25576.png,2
arctic_vegetation/20230724_birch24_m3m/BIRC/tile_25577.png,2
arctic_vegetation/20230724_birch24_m3m/BIRC/tile_25578.png,2
arctic_vegetation/20230724_birch24_m3m/BIRC/tile_25579.png,2
arctic_vegetation/20230724_birch24_m3m/BIRC/tile_25580.png,2
arctic_vegetation/20230724_birch24_m3m/BIRC/tile_25581.png,2
arctic_vegetation/20230724_birch24_m3m/BIRC/tile_25582.png,2
arctic_vegetation/20230724_birch24_m3m/BIRC/tile_25583.png,2
arctic_vegetation/20230724_birch24_m3m/BIRC/tile_25584.png,2
arctic_vegetation/20230724_birch24_m3m/BIRC/tile_25585.png,2
arctic_vegetation/20230724_birch24_m3m/SEDG/tile_25595.png,9
arctic_vegetation/20230724_birch24_m3m/BIRC/tile_25596.png,2
arctic_vegetation/20230724_birch24_m3m/BIRC/tile_25597.png,2
arctic_vegetation/20230724_birch24_m3m/BIRC/tile_25598.png,2
arctic_vegetation/20230724_birch24_m3m/BIRC/tile_25599.png,2
arctic_vegetation/20230724_birch24_m3m/BIRC/tile_25600.png,2
arctic_vegetation/20230724_birch24_m3m/BIRC/tile_25601.png,2
arctic_vegetation/20230724_birch24_m3m/BIRC/tile_25602.png,2
arctic_vegetation/20230724_birch24_m3m/LICH/tile_25603.png,4
arctic_vegetation/20230724_birch24_m3m/LICH/tile_25604.png,4
arctic_vegetation/20230724_birch24_m3m/BIRC/tile_25605.png,2
arctic_vegetation/20230724_birch24_m3m/BIRC/tile_25606.png,2
arctic_vegetation/20230724_birch24_m3m/BIRC/tile_25607.png,2
arctic_vegetation/20230724_birch24_m3m/BIRC/tile_25608.png,2
arctic_vegetation/20230724_birch24_m3m/BIRC/tile_25609.png,2
arctic_vegetation/20230724_birch24_m3m/BIRC/tile_25610.png,2
arctic_vegetation/20230724_birch24_m3m/BIRC/tile_25611.png,2
arctic_vegetation/20230724_birch24_m3m/BIRC/tile_25612.png,2
arctic_vegetation/20230724_birch24_m3m/BIRC/tile_25613.png,2
arctic_vegetation/20230724_birch24_m3m/BIRC/tile_25614.png,2
arctic_vegetation/20230724_birch24_m3m/BIRC/tile_25615.png,2
arctic_vegetation/20230724_birch24_m3m/BIRC/tile_25616.png,2
arctic_vegetation/20230724_birch24_m3m/BIRC/tile_25617.png,2
arctic_vegetation/20230724_birch24_m3m/BIRC/tile_25618.png,2
arctic_vegetation/20230724_birch24_m3m/BIRC/tile_25619.png,2
arctic_vegetation/20230724_birch24_m3m/BIRC/tile_25620.png,2
arctic_vegetation/20230724_birch24_m3m/BIRC/tile_25621.png,2
arctic_vegetation/20230724_birch24_m3m/BIRC/tile_25622.png,2
arctic_vegetation/20230724_birch24_m3m/BIRC/tile_25623.png,2
arctic_vegetation/20230724_birch24_m3m/BIRC/tile_25624.png,2
arctic_vegetation/20230724_birch24_m3m/BIRC/tile_25625.png,2
arctic_vegetation/20230724_birch24_m3m/BIRC/tile_25626.png,2
arctic_vegetation/20230724_birch24_m3m/BIRC/tile_25627.png,2
arctic_vegetation/20230724_birch24_m3m/BIRC/tile_25628.png,2
arctic_vegetation/20230724_birch24_m3m/BIRC/tile_25629.png,2
arctic_vegetation/20230724_birch24_m3m/BIRC/tile_25630.png,2
arctic_vegetation/20230724_birch24_m3m/BIRC/tile_25631.png,2
arctic_vegetation/20230724_birch24_m3m/BIRC/tile_25632.png,2
arctic_vegetation/20230724_birch24_m3m/BIRC/tile_25633.png,2
arctic_vegetation/20230724_birch24_m3m/BIRC/tile_25634.png,2
arctic_vegetation/20230724_birch24_m3m/BIRC/tile_25635.png,2
arctic_vegetation/20230724_birch24_m3m/BIRC/tile_25636.png,2
arctic_vegetation/20230724_birch24_m3m/BIRC/tile_25637.png,2
arctic_vegetation/20230724_birch24_m3m/BIRC/tile_25638.png,2
arctic_vegetation/20230724_birch24_m3m/BIRC/tile_25639.png,2
arctic_vegetation/20230724_birch24_m3m/BIRC/tile_25640.png,2
arctic_vegetation/20230724_birch24_m3m/BIRC/tile_25641.png,2
arctic_vegetation/20230724_birch24_m3m/BIRC/tile_25642.png,2
arctic_vegetation/20230724_birch24_m3m/BIRC/tile_25643.png,2
arctic_vegetation/20230724_birch24_m3m/BIRC/tile_25644.png,2
arctic_vegetation/20230724_birch24_m3m/BIRC/tile_25645.png,2
arctic_vegetation/20230724_birch24_m3m/BIRC/tile_25646.png,2
arctic_vegetation/20230724_birch24_m3m/BIRC/tile_25647.png,2
arctic_vegetation/20230724_birch24_m3m/BIRC/tile_25648.png,2
arctic_vegetation/20230724_birch24_m3m/BIRC/tile_25649.png,2
arctic_vegetation/20230724_birch24_m3m/BIRC/tile_25650.png,2
arctic_vegetation/20230724_birch24_m3m/BIRC/tile_25651.png,2
arctic_vegetation/20230724_birch24_m3m/BIRC/tile_25652.png,2
arctic_vegetation/20230724_birch24_m3m/BIRC/tile_25653.png,2
arctic_vegetation/20230724_birch24_m3m/BIRC/tile_25654.png,2
arctic_vegetation/20230724_birch24_m3m/BIRC/tile_25655.png,2
arctic_vegetation/20230724_birch24_m3m/BIRC/tile_25656.png,2
arctic_vegetation/20230724_birch24_m3m/BIRC/tile_25657.png,2
arctic_vegetation/20230724_birch24_m3m/BIRC/tile_25658.png,2
arctic_vegetation/20230724_birch24_m3m/BIRC/tile_25659.png,2
arctic_vegetation/20230724_birch24_m3m/BIRC/tile_25660.png,2
arctic_vegetation/20230724_birch24_m3m/BIRC/tile_25661.png,2
arctic_vegetation/20230724_birch24_m3m/BIRC/tile_25662.png,2
arctic_vegetation/20230724_birch24_m3m/BIRC/tile_25663.png,2
arctic_vegetation/20230724_birch24_m3m/BIRC/tile_25664.png,2
arctic_vegetation/20230724_birch24_m3m/BIRC/tile_25665.png,2
arctic_vegetation/20230724_birch24_m3m/BIRC/tile_25666.png,2
arctic_vegetation/20230724_birch24_m3m/BIRC/tile_25667.png,2
arctic_vegetation/20230724_birch24_m3m/BIRC/tile_25668.png,2
arctic_vegetation/20230724_birch24_m3m/BIRC/tile_25669.png,2
arctic_vegetation/20230724_birch24_m3m/BIRC/tile_25670.png,2
arctic_vegetation/20230724_birch24_m3m/BIRC/tile_25671.png,2
arctic_vegetation/20230724_birch24_m3m/BIRC/tile_25672.png,2
arctic_vegetation/20230724_birch24_m3m/BIRC/tile_25673.png,2
arctic_vegetation/20230724_birch24_m3m/BIRC/tile_25674.png,2
arctic_vegetation/20230724_birch24_m3m/BIRC/tile_25675.png,2
arctic_vegetation/20230724_birch24_m3m/BIRC/tile_25676.png,2
arctic_vegetation/20230724_birch24_m3m/BIRC/tile_25677.png,2
arctic_vegetation/20230724_birch24_m3m/BIRC/tile_25678.png,2
arctic_vegetation/20230724_birch24_m3m/BIRC/tile_25679.png,2
arctic_vegetation/20230724_birch24_m3m/BIRC/tile_25680.png,2
arctic_vegetation/20230724_birch24_m3m/BIRC/tile_25681.png,2
arctic_vegetation/20230724_birch24_m3m/BIRC/tile_25682.png,2
arctic_vegetation/20230724_birch24_m3m/BIRC/tile_25683.png,2
arctic_vegetation/20230724_birch24_m3m/BIRC/tile_25684.png,2
arctic_vegetation/20230724_birch24_m3m/BIRC/tile_25685.png,2
arctic_vegetation/20230724_birch24_m3m/BIRC/tile_25686.png,2
arctic_vegetation/20230724_birch24_m3m/BIRC/tile_25687.png,2
arctic_vegetation/20230724_birch24_m3m/BIRC/tile_25688.png,2
arctic_vegetation/20230724_birch24_m3m/BIRC/tile_25689.png,2
arctic_vegetation/20230724_birch24_m3m/BIRC/tile_25690.png,2
arctic_vegetation/20230724_birch24_m3m/BIRC/tile_25789.png,2
arctic_vegetation/20230724_birch24_m3m/BIRC/tile_25790.png,2
arctic_vegetation/20230724_birch24_m3m/BIRC/tile_25791.png,2
arctic_vegetation/20230724_birch24_m3m/BIRC/tile_25792.png,2
arctic_vegetation/20230724_birch24_m3m/BIRC/tile_25793.png,2
arctic_vegetation/20230724_birch24_m3m/BIRC/tile_25794.png,2
arctic_vegetation/20230724_birch24_m3m/BIRC/tile_25795.png,2
arctic_vegetation/20230724_birch24_m3m/BIRC/tile_25796.png,2
arctic_vegetation/20230724_birch24_m3m/BIRC/tile_25797.png,2
arctic_vegetation/20230724_birch24_m3m/BIRC/tile_25798.png,2
arctic_vegetation/20230724_birch24_m3m/BIRC/tile_25799.png,2
arctic_vegetation/20230724_birch24_m3m/BIRC/tile_25801.png,2
arctic_vegetation/20230724_birch24_m3m/BIRC/tile_25802.png,2
arctic_vegetation/20230724_birch24_m3m/BIRC/tile_25810.png,2
arctic_vegetation/20230724_birch24_m3m/BIRC/tile_25811.png,2
arctic_vegetation/20230724_birch24_m3m/BIRC/tile_25812.png,2
arctic_vegetation/20230724_birch24_m3m/BIRC/tile_25813.png,2
arctic_vegetation/20230724_birch24_m3m/BIRC/tile_25814.png,2
arctic_vegetation/20230724_birch24_m3m/BIRC/tile_25815.png,2
arctic_vegetation/20230724_birch24_m3m/BIRC/tile_25816.png,2
arctic_vegetation/20230724_birch24_m3m/LICH/tile_25817.png,4
arctic_vegetation/20230724_birch24_m3m/LICH/tile_25818.png,4
arctic_vegetation/20230724_birch24_m3m/BIRC/tile_25819.png,2
arctic_vegetation/20230724_birch24_m3m/BIRC/tile_25820.png,2
arctic_vegetation/20230724_birch24_m3m/BIRC/tile_25821.png,2
arctic_vegetation/20230724_birch24_m3m/BIRC/tile_25823.png,2
arctic_vegetation/20230724_birch24_m3m/BIRC/tile_25824.png,2
arctic_vegetation/20230724_birch24_m3m/BIRC/tile_25825.png,2
arctic_vegetation/20230724_birch24_m3m/LICH/tile_25826.png,4
arctic_vegetation/20230724_birch24_m3m/LICH/tile_25827.png,4
arctic_vegetation/20230724_birch24_m3m/BIRC/tile_25828.png,2
arctic_vegetation/20230724_birch24_m3m/BIRC/tile_25829.png,2
arctic_vegetation/20230724_birch24_m3m/BIRC/tile_25830.png,2
arctic_vegetation/20230724_birch24_m3m/BIRC/tile_25831.png,2
arctic_vegetation/20230724_birch24_m3m/BIRC/tile_25832.png,2
arctic_vegetation/20230724_birch24_m3m/BIRC/tile_25833.png,2
arctic_vegetation/20230724_birch24_m3m/BIRC/tile_25834.png,2
arctic_vegetation/20230724_birch24_m3m/BIRC/tile_25835.png,2
arctic_vegetation/20230724_birch24_m3m/BIRC/tile_25836.png,2
arctic_vegetation/20230724_birch24_m3m/BIRC/tile_25837.png,2
arctic_vegetation/20230724_birch24_m3m/BIRC/tile_25838.png,2
arctic_vegetation/20230724_birch24_m3m/BIRC/tile_25839.png,2
arctic_vegetation/20230724_birch24_m3m/BIRC/tile_25840.png,2
arctic_vegetation/20230724_birch24_m3m/BIRC/tile_25841.png,2
arctic_vegetation/20230724_birch24_m3m/BIRC/tile_25842.png,2
arctic_vegetation/20230724_birch24_m3m/BIRC/tile_25843.png,2
arctic_vegetation/20230724_birch24_m3m/BIRC/tile_25844.png,2
arctic_vegetation/20230724_birch24_m3m/BIRC/tile_25845.png,2
arctic_vegetation/20230724_birch24_m3m/BIRC/tile_25846.png,2
arctic_vegetation/20230724_birch24_m3m/BIRC/tile_25847.png,2
arctic_vegetation/20230724_birch24_m3m/BIRC/tile_25848.png,2
arctic_vegetation/20230724_birch24_m3m/BIRC/tile_25849.png,2
arctic_vegetation/20230724_birch24_m3m/BIRC/tile_25850.png,2
arctic_vegetation/20230724_birch24_m3m/BIRC/tile_25851.png,2
arctic_vegetation/20230724_birch24_m3m/BIRC/tile_25852.png,2
arctic_vegetation/20230724_birch24_m3m/BIRC/tile_25853.png,2
arctic_vegetation/20230724_birch24_m3m/BIRC/tile_25854.png,2
arctic_vegetation/20230724_birch24_m3m/BIRC/tile_25855.png,2
arctic_vegetation/20230724_birch24_m3m/BIRC/tile_25856.png,2
arctic_vegetation/20230724_birch24_m3m/BIRC/tile_25857.png,2
arctic_vegetation/20230724_birch24_m3m/BIRC/tile_25858.png,2
arctic_vegetation/20230724_birch24_m3m/BIRC/tile_25859.png,2
arctic_vegetation/20230724_birch24_m3m/BIRC/tile_25860.png,2
arctic_vegetation/20230724_birch24_m3m/BIRC/tile_25861.png,2
arctic_vegetation/20230724_birch24_m3m/BIRC/tile_25862.png,2
arctic_vegetation/20230724_birch24_m3m/BIRC/tile_25863.png,2
arctic_vegetation/20230724_birch24_m3m/BIRC/tile_25864.png,2
arctic_vegetation/20230724_birch24_m3m/BIRC/tile_25865.png,2
arctic_vegetation/20230724_birch24_m3m/BIRC/tile_25866.png,2
arctic_vegetation/20230724_birch24_m3m/BIRC/tile_25867.png,2
arctic_vegetation/20230724_birch24_m3m/BIRC/tile_25868.png,2
arctic_vegetation/20230724_birch24_m3m/BIRC/tile_25869.png,2
arctic_vegetation/20230724_birch24_m3m/BIRC/tile_25870.png,2
arctic_vegetation/20230724_birch24_m3m/BIRC/tile_25871.png,2
arctic_vegetation/20230724_birch24_m3m/BIRC/tile_25872.png,2
arctic_vegetation/20230724_birch24_m3m/BIRC/tile_25873.png,2
arctic_vegetation/20230724_birch24_m3m/BIRC/tile_25874.png,2
arctic_vegetation/20230724_birch24_m3m/BIRC/tile_25875.png,2
arctic_vegetation/20230724_birch24_m3m/BIRC/tile_25876.png,2
arctic_vegetation/20230724_birch24_m3m/BIRC/tile_25877.png,2
arctic_vegetation/20230724_birch24_m3m/BIRC/tile_25878.png,2
arctic_vegetation/20230724_birch24_m3m/BIRC/tile_25879.png,2
arctic_vegetation/20230724_birch24_m3m/BIRC/tile_25880.png,2
arctic_vegetation/20230724_birch24_m3m/BIRC/tile_25881.png,2
arctic_vegetation/20230724_birch24_m3m/BIRC/tile_25882.png,2
arctic_vegetation/20230724_birch24_m3m/BIRC/tile_25883.png,2
arctic_vegetation/20230724_birch24_m3m/BIRC/tile_25884.png,2
arctic_vegetation/20230724_birch24_m3m/BIRC/tile_25885.png,2
arctic_vegetation/20230724_birch24_m3m/BIRC/tile_25886.png,2
arctic_vegetation/20230724_birch24_m3m/BIRC/tile_25887.png,2
arctic_vegetation/20230724_birch24_m3m/BIRC/tile_25888.png,2
arctic_vegetation/20230724_birch24_m3m/BIRC/tile_25889.png,2
arctic_vegetation/20230724_birch24_m3m/BIRC/tile_25890.png,2
arctic_vegetation/20230724_birch24_m3m/BIRC/tile_25891.png,2
arctic_vegetation/20230724_birch24_m3m/BIRC/tile_25892.png,2
arctic_vegetation/20230724_birch24_m3m/BIRC/tile_25893.png,2
arctic_vegetation/20230724_birch24_m3m/BIRC/tile_25894.png,2
arctic_vegetation/20230724_birch24_m3m/BIRC/tile_25895.png,2
arctic_vegetation/20230724_birch24_m3m/BIRC/tile_25896.png,2
arctic_vegetation/20230724_birch24_m3m/BIRC/tile_25897.png,2
arctic_vegetation/20230724_birch24_m3m/BIRC/tile_25898.png,2
arctic_vegetation/20230724_birch24_m3m/BIRC/tile_25899.png,2
arctic_vegetation/20230724_birch24_m3m/BIRC/tile_25900.png,2
arctic_vegetation/20230724_birch24_m3m/BIRC/tile_25901.png,2
arctic_vegetation/20230724_birch24_m3m/BIRC/tile_25902.png,2
arctic_vegetation/20230724_birch24_m3m/BIRC/tile_25903.png,2
arctic_vegetation/20230724_birch24_m3m/BIRC/tile_25904.png,2
arctic_vegetation/20230724_birch24_m3m/BIRC/tile_26004.png,2
arctic_vegetation/20230724_birch24_m3m/BIRC/tile_26005.png,2
arctic_vegetation/20230724_birch24_m3m/BIRC/tile_26006.png,2
arctic_vegetation/20230724_birch24_m3m/BIRC/tile_26007.png,2
arctic_vegetation/20230724_birch24_m3m/BIRC/tile_26008.png,2
arctic_vegetation/20230724_birch24_m3m/BIRC/tile_26009.png,2
arctic_vegetation/20230724_birch24_m3m/BIRC/tile_26010.png,2
arctic_vegetation/20230724_birch24_m3m/BIRC/tile_26011.png,2
arctic_vegetation/20230724_birch24_m3m/BIRC/tile_26012.png,2
arctic_vegetation/20230724_birch24_m3m/BIRC/tile_26013.png,2
arctic_vegetation/20230724_birch24_m3m/BIRC/tile_26014.png,2
arctic_vegetation/20230724_birch24_m3m/BIRC/tile_26015.png,2
arctic_vegetation/20230724_birch24_m3m/BIRC/tile_26016.png,2
arctic_vegetation/20230724_birch24_m3m/BIRC/tile_26017.png,2
arctic_vegetation/20230724_birch24_m3m/BIRC/tile_26018.png,2
arctic_vegetation/20230724_birch24_m3m/BIRC/tile_26021.png,2
arctic_vegetation/20230724_birch24_m3m/BIRC/tile_26022.png,2
arctic_vegetation/20230724_birch24_m3m/BIRC/tile_26023.png,2
arctic_vegetation/20230724_birch24_m3m/BIRC/tile_26024.png,2
arctic_vegetation/20230724_birch24_m3m/BIRC/tile_26025.png,2
arctic_vegetation/20230724_birch24_m3m/BIRC/tile_26026.png,2
arctic_vegetation/20230724_birch24_m3m/BIRC/tile_26027.png,2
arctic_vegetation/20230724_birch24_m3m/BIRC/tile_26028.png,2
arctic_vegetation/20230724_birch24_m3m/BIRC/tile_26029.png,2
arctic_vegetation/20230724_birch24_m3m/BIRC/tile_26030.png,2
arctic_vegetation/20230724_birch24_m3m/BIRC/tile_26031.png,2
arctic_vegetation/20230724_birch24_m3m/BIRC/tile_26032.png,2
arctic_vegetation/20230724_birch24_m3m/BIRC/tile_26033.png,2
arctic_vegetation/20230724_birch24_m3m/LICH/tile_26034.png,4
arctic_vegetation/20230724_birch24_m3m/LICH/tile_26035.png,4
arctic_vegetation/20230724_birch24_m3m/BIRC/tile_26036.png,2
arctic_vegetation/20230724_birch24_m3m/BIRC/tile_26037.png,2
arctic_vegetation/20230724_birch24_m3m/LICH/tile_26038.png,4
arctic_vegetation/20230724_birch24_m3m/LICH/tile_26039.png,4
arctic_vegetation/20230724_birch24_m3m/LICH/tile_26040.png,4
arctic_vegetation/20230724_birch24_m3m/LICH/tile_26041.png,4
arctic_vegetation/20230724_birch24_m3m/BIRC/tile_26042.png,2
arctic_vegetation/20230724_birch24_m3m/BIRC/tile_26043.png,2
arctic_vegetation/20230724_birch24_m3m/BIRC/tile_26044.png,2
arctic_vegetation/20230724_birch24_m3m/BIRC/tile_26045.png,2
arctic_vegetation/20230724_birch24_m3m/BIRC/tile_26046.png,2
arctic_vegetation/20230724_birch24_m3m/BIRC/tile_26047.png,2
arctic_vegetation/20230724_birch24_m3m/BIRC/tile_26048.png,2
arctic_vegetation/20230724_birch24_m3m/BIRC/tile_26049.png,2
arctic_vegetation/20230724_birch24_m3m/BIRC/tile_26050.png,2
arctic_vegetation/20230724_birch24_m3m/BIRC/tile_26051.png,2
arctic_vegetation/20230724_birch24_m3m/BIRC/tile_26052.png,2
arctic_vegetation/20230724_birch24_m3m/BIRC/tile_26053.png,2
arctic_vegetation/20230724_birch24_m3m/BIRC/tile_26054.png,2
arctic_vegetation/20230724_birch24_m3m/BIRC/tile_26055.png,2
arctic_vegetation/20230724_birch24_m3m/BIRC/tile_26056.png,2
arctic_vegetation/20230724_birch24_m3m/BIRC/tile_26057.png,2
arctic_vegetation/20230724_birch24_m3m/BIRC/tile_26058.png,2
arctic_vegetation/20230724_birch24_m3m/BIRC/tile_26059.png,2
arctic_vegetation/20230724_birch24_m3m/BIRC/tile_26060.png,2
arctic_vegetation/20230724_birch24_m3m/PETF/tile_26061.png,6
arctic_vegetation/20230724_birch24_m3m/BIRC/tile_26062.png,2
arctic_vegetation/20230724_birch24_m3m/BIRC/tile_26063.png,2
arctic_vegetation/20230724_birch24_m3m/BIRC/tile_26064.png,2
arctic_vegetation/20230724_birch24_m3m/BIRC/tile_26065.png,2
arctic_vegetation/20230724_birch24_m3m/BIRC/tile_26066.png,2
arctic_vegetation/20230724_birch24_m3m/BIRC/tile_26067.png,2
arctic_vegetation/20230724_birch24_m3m/BIRC/tile_26068.png,2
arctic_vegetation/20230724_birch24_m3m/BIRC/tile_26069.png,2
arctic_vegetation/20230724_birch24_m3m/BIRC/tile_26070.png,2
arctic_vegetation/20230724_birch24_m3m/BIRC/tile_26071.png,2
arctic_vegetation/20230724_birch24_m3m/BIRC/tile_26072.png,2
arctic_vegetation/20230724_birch24_m3m/BIRC/tile_26073.png,2
arctic_vegetation/20230724_birch24_m3m/BIRC/tile_26074.png,2
arctic_vegetation/20230724_birch24_m3m/BIRC/tile_26075.png,2
arctic_vegetation/20230724_birch24_m3m/BIRC/tile_26076.png,2
arctic_vegetation/20230724_birch24_m3m/BIRC/tile_26081.png,2
arctic_vegetation/20230724_birch24_m3m/BIRC/tile_26082.png,2
arctic_vegetation/20230724_birch24_m3m/BIRC/tile_26083.png,2
arctic_vegetation/20230724_birch24_m3m/BIRC/tile_26084.png,2
arctic_vegetation/20230724_birch24_m3m/BIRC/tile_26085.png,2
arctic_vegetation/20230724_birch24_m3m/BIRC/tile_26086.png,2
arctic_vegetation/20230724_birch24_m3m/BIRC/tile_26087.png,2
arctic_vegetation/20230724_birch24_m3m/BIRC/tile_26088.png,2
arctic_vegetation/20230724_birch24_m3m/BIRC/tile_26089.png,2
arctic_vegetation/20230724_birch24_m3m/BIRC/tile_26090.png,2
arctic_vegetation/20230724_birch24_m3m/BIRC/tile_26091.png,2
arctic_vegetation/20230724_birch24_m3m/BIRC/tile_26092.png,2
arctic_vegetation/20230724_birch24_m3m/BIRC/tile_26093.png,2
arctic_vegetation/20230724_birch24_m3m/BIRC/tile_26094.png,2
arctic_vegetation/20230724_birch24_m3m/BIRC/tile_26095.png,2
arctic_vegetation/20230724_birch24_m3m/BIRC/tile_26096.png,2
arctic_vegetation/20230724_birch24_m3m/BIRC/tile_26097.png,2
arctic_vegetation/20230724_birch24_m3m/BIRC/tile_26098.png,2
arctic_vegetation/20230724_birch24_m3m/BIRC/tile_26099.png,2
arctic_vegetation/20230724_birch24_m3m/BIRC/tile_26100.png,2
arctic_vegetation/20230724_birch24_m3m/BIRC/tile_26101.png,2
arctic_vegetation/20230724_birch24_m3m/BIRC/tile_26102.png,2
arctic_vegetation/20230724_birch24_m3m/BIRC/tile_26103.png,2
arctic_vegetation/20230724_birch24_m3m/BIRC/tile_26104.png,2
arctic_vegetation/20230724_birch24_m3m/BIRC/tile_26105.png,2
arctic_vegetation/20230724_birch24_m3m/BIRC/tile_26106.png,2
arctic_vegetation/20230724_birch24_m3m/BIRC/tile_26107.png,2
arctic_vegetation/20230724_birch24_m3m/BIRC/tile_26108.png,2
arctic_vegetation/20230724_birch24_m3m/BIRC/tile_26109.png,2
arctic_vegetation/20230724_birch24_m3m/PETF/tile_26110.png,6
arctic_vegetation/20230724_birch24_m3m/BIRC/tile_26111.png,2
arctic_vegetation/20230724_birch24_m3m/BIRC/tile_26112.png,2
arctic_vegetation/20230724_birch24_m3m/BIRC/tile_26113.png,2
arctic_vegetation/20230724_birch24_m3m/BIRC/tile_26114.png,2
arctic_vegetation/20230724_birch24_m3m/BIRC/tile_26115.png,2
arctic_vegetation/20230724_birch24_m3m/BIRC/tile_26116.png,2
arctic_vegetation/20230724_birch24_m3m/BIRC/tile_26117.png,2
arctic_vegetation/20230724_birch24_m3m/BIRC/tile_26215.png,2
arctic_vegetation/20230724_birch24_m3m/BIRC/tile_26216.png,2
arctic_vegetation/20230724_birch24_m3m/BIRC/tile_26217.png,2
arctic_vegetation/20230724_birch24_m3m/BIRC/tile_26218.png,2
arctic_vegetation/20230724_birch24_m3m/BIRC/tile_26219.png,2
arctic_vegetation/20230724_birch24_m3m/BIRC/tile_26220.png,2
arctic_vegetation/20230724_birch24_m3m/BIRC/tile_26221.png,2
arctic_vegetation/20230724_birch24_m3m/BIRC/tile_26222.png,2
arctic_vegetation/20230724_birch24_m3m/BIRC/tile_26223.png,2
arctic_vegetation/20230724_birch24_m3m/BIRC/tile_26224.png,2
arctic_vegetation/20230724_birch24_m3m/BIRC/tile_26225.png,2
arctic_vegetation/20230724_birch24_m3m/BIRC/tile_26226.png,2
arctic_vegetation/20230724_birch24_m3m/BIRC/tile_26227.png,2
arctic_vegetation/20230724_birch24_m3m/BIRC/tile_26228.png,2
arctic_vegetation/20230724_birch24_m3m/BIRC/tile_26229.png,2
arctic_vegetation/20230724_birch24_m3m/BIRC/tile_26230.png,2
arctic_vegetation/20230724_birch24_m3m/BIRC/tile_26231.png,2
arctic_vegetation/20230724_birch24_m3m/BIRC/tile_26232.png,2
arctic_vegetation/20230724_birch24_m3m/BIRC/tile_26235.png,2
arctic_vegetation/20230724_birch24_m3m/BIRC/tile_26236.png,2
arctic_vegetation/20230724_birch24_m3m/BIRC/tile_26237.png,2
arctic_vegetation/20230724_birch24_m3m/BIRC/tile_26238.png,2
arctic_vegetation/20230724_birch24_m3m/BIRC/tile_26239.png,2
arctic_vegetation/20230724_birch24_m3m/BIRC/tile_26240.png,2
arctic_vegetation/20230724_birch24_m3m/BIRC/tile_26241.png,2
arctic_vegetation/20230724_birch24_m3m/BIRC/tile_26242.png,2
arctic_vegetation/20230724_birch24_m3m/BIRC/tile_26243.png,2
arctic_vegetation/20230724_birch24_m3m/BIRC/tile_26244.png,2
arctic_vegetation/20230724_birch24_m3m/BIRC/tile_26245.png,2
arctic_vegetation/20230724_birch24_m3m/BIRC/tile_26246.png,2
arctic_vegetation/20230724_birch24_m3m/BIRC/tile_26247.png,2
arctic_vegetation/20230724_birch24_m3m/LICH/tile_26248.png,4
arctic_vegetation/20230724_birch24_m3m/LICH/tile_26249.png,4
arctic_vegetation/20230724_birch24_m3m/LICH/tile_26250.png,4
arctic_vegetation/20230724_birch24_m3m/LICH/tile_26251.png,4
arctic_vegetation/20230724_birch24_m3m/LICH/tile_26252.png,4
arctic_vegetation/20230724_birch24_m3m/LICH/tile_26253.png,4
arctic_vegetation/20230724_birch24_m3m/LICH/tile_26254.png,4
arctic_vegetation/20230724_birch24_m3m/LICH/tile_26255.png,4
arctic_vegetation/20230724_birch24_m3m/LICH/tile_26256.png,4
arctic_vegetation/20230724_birch24_m3m/LICH/tile_26257.png,4
arctic_vegetation/20230724_birch24_m3m/LICH/tile_26258.png,4
arctic_vegetation/20230724_birch24_m3m/LICH/tile_26259.png,4
arctic_vegetation/20230724_birch24_m3m/BIRC/tile_26260.png,2
arctic_vegetation/20230724_birch24_m3m/BIRC/tile_26261.png,2
arctic_vegetation/20230724_birch24_m3m/BIRC/tile_26262.png,2
arctic_vegetation/20230724_birch24_m3m/BIRC/tile_26263.png,2
arctic_vegetation/20230724_birch24_m3m/BIRC/tile_26264.png,2
arctic_vegetation/20230724_birch24_m3m/BIRC/tile_26265.png,2
arctic_vegetation/20230724_birch24_m3m/BIRC/tile_26266.png,2
arctic_vegetation/20230724_birch24_m3m/BIRC/tile_26267.png,2
arctic_vegetation/20230724_birch24_m3m/BIRC/tile_26268.png,2
arctic_vegetation/20230724_birch24_m3m/BIRC/tile_26269.png,2
arctic_vegetation/20230724_birch24_m3m/BIRC/tile_26270.png,2
arctic_vegetation/20230724_birch24_m3m/BIRC/tile_26271.png,2
arctic_vegetation/20230724_birch24_m3m/BIRC/tile_26272.png,2
arctic_vegetation/20230724_birch24_m3m/BIRC/tile_26273.png,2
arctic_vegetation/20230724_birch24_m3m/BIRC/tile_26274.png,2
arctic_vegetation/20230724_birch24_m3m/BIRC/tile_26276.png,2
arctic_vegetation/20230724_birch24_m3m/BIRC/tile_26277.png,2
arctic_vegetation/20230724_birch24_m3m/BIRC/tile_26278.png,2
arctic_vegetation/20230724_birch24_m3m/BIRC/tile_26279.png,2
arctic_vegetation/20230724_birch24_m3m/BIRC/tile_26280.png,2
arctic_vegetation/20230724_birch24_m3m/BIRC/tile_26281.png,2
arctic_vegetation/20230724_birch24_m3m/BIRC/tile_26282.png,2
arctic_vegetation/20230724_birch24_m3m/BIRC/tile_26283.png,2
arctic_vegetation/20230724_birch24_m3m/BIRC/tile_26284.png,2
arctic_vegetation/20230724_birch24_m3m/BIRC/tile_26285.png,2
arctic_vegetation/20230724_birch24_m3m/BIRC/tile_26286.png,2
arctic_vegetation/20230724_birch24_m3m/BIRC/tile_26287.png,2
arctic_vegetation/20230724_birch24_m3m/BIRC/tile_26288.png,2
arctic_vegetation/20230724_birch24_m3m/BIRC/tile_26289.png,2
arctic_vegetation/20230724_birch24_m3m/BIRC/tile_26290.png,2
arctic_vegetation/20230724_birch24_m3m/BIRC/tile_26295.png,2
arctic_vegetation/20230724_birch24_m3m/BIRC/tile_26296.png,2
arctic_vegetation/20230724_birch24_m3m/BIRC/tile_26297.png,2
arctic_vegetation/20230724_birch24_m3m/BIRC/tile_26298.png,2
arctic_vegetation/20230724_birch24_m3m/BIRC/tile_26299.png,2
arctic_vegetation/20230724_birch24_m3m/BIRC/tile_26300.png,2
arctic_vegetation/20230724_birch24_m3m/BIRC/tile_26301.png,2
arctic_vegetation/20230724_birch24_m3m/BIRC/tile_26302.png,2
arctic_vegetation/20230724_birch24_m3m/BIRC/tile_26303.png,2
arctic_vegetation/20230724_birch24_m3m/BIRC/tile_26304.png,2
arctic_vegetation/20230724_birch24_m3m/BIRC/tile_26305.png,2
arctic_vegetation/20230724_birch24_m3m/BIRC/tile_26306.png,2
arctic_vegetation/20230724_birch24_m3m/BIRC/tile_26307.png,2
arctic_vegetation/20230724_birch24_m3m/BIRC/tile_26308.png,2
arctic_vegetation/20230724_birch24_m3m/BIRC/tile_26309.png,2
arctic_vegetation/20230724_birch24_m3m/BIRC/tile_26310.png,2
arctic_vegetation/20230724_birch24_m3m/BIRC/tile_26311.png,2
arctic_vegetation/20230724_birch24_m3m/BIRC/tile_26312.png,2
arctic_vegetation/20230724_birch24_m3m/BIRC/tile_26313.png,2
arctic_vegetation/20230724_birch24_m3m/BIRC/tile_26314.png,2
arctic_vegetation/20230724_birch24_m3m/BIRC/tile_26315.png,2
arctic_vegetation/20230724_birch24_m3m/BIRC/tile_26316.png,2
arctic_vegetation/20230724_birch24_m3m/BIRC/tile_26317.png,2
arctic_vegetation/20230724_birch24_m3m/BIRC/tile_26318.png,2
arctic_vegetation/20230724_birch24_m3m/BIRC/tile_26319.png,2
arctic_vegetation/20230724_birch24_m3m/BIRC/tile_26320.png,2
arctic_vegetation/20230724_birch24_m3m/BIRC/tile_26321.png,2
arctic_vegetation/20230724_birch24_m3m/BIRC/tile_26322.png,2
arctic_vegetation/20230724_birch24_m3m/BIRC/tile_26323.png,2
arctic_vegetation/20230724_birch24_m3m/BIRC/tile_26324.png,2
arctic_vegetation/20230724_birch24_m3m/BIRC/tile_26325.png,2
arctic_vegetation/20230724_birch24_m3m/BIRC/tile_26326.png,2
arctic_vegetation/20230724_birch24_m3m/BIRC/tile_26327.png,2
arctic_vegetation/20230724_birch24_m3m/BIRC/tile_26328.png,2
arctic_vegetation/20230724_birch24_m3m/BIRC/tile_26329.png,2
arctic_vegetation/20230724_birch24_m3m/BIRC/tile_26330.png,2
arctic_vegetation/20230724_birch24_m3m/BIRC/tile_26331.png,2
arctic_vegetation/20230724_birch24_m3m/BIRC/tile_26429.png,2
arctic_vegetation/20230724_birch24_m3m/BIRC/tile_26430.png,2
arctic_vegetation/20230724_birch24_m3m/BIRC/tile_26431.png,2
arctic_vegetation/20230724_birch24_m3m/BIRC/tile_26432.png,2
arctic_vegetation/20230724_birch24_m3m/BIRC/tile_26433.png,2
arctic_vegetation/20230724_birch24_m3m/BIRC/tile_26434.png,2
arctic_vegetation/20230724_birch24_m3m/BIRC/tile_26435.png,2
arctic_vegetation/20230724_birch24_m3m/BIRC/tile_26436.png,2
arctic_vegetation/20230724_birch24_m3m/BIRC/tile_26437.png,2
arctic_vegetation/20230724_birch24_m3m/BIRC/tile_26438.png,2
arctic_vegetation/20230724_birch24_m3m/BIRC/tile_26439.png,2
arctic_vegetation/20230724_birch24_m3m/BIRC/tile_26440.png,2
arctic_vegetation/20230724_birch24_m3m/BIRC/tile_26441.png,2
arctic_vegetation/20230724_birch24_m3m/BIRC/tile_26442.png,2
arctic_vegetation/20230724_birch24_m3m/BIRC/tile_26443.png,2
arctic_vegetation/20230724_birch24_m3m/BIRC/tile_26444.png,2
arctic_vegetation/20230724_birch24_m3m/BIRC/tile_26445.png,2
arctic_vegetation/20230724_birch24_m3m/BIRC/tile_26447.png,2
arctic_vegetation/20230724_birch24_m3m/BIRC/tile_26448.png,2
arctic_vegetation/20230724_birch24_m3m/BIRC/tile_26449.png,2
arctic_vegetation/20230724_birch24_m3m/BIRC/tile_26450.png,2
arctic_vegetation/20230724_birch24_m3m/BIRC/tile_26452.png,2
arctic_vegetation/20230724_birch24_m3m/BIRC/tile_26453.png,2
arctic_vegetation/20230724_birch24_m3m/BIRC/tile_26454.png,2
arctic_vegetation/20230724_birch24_m3m/BIRC/tile_26455.png,2
arctic_vegetation/20230724_birch24_m3m/BIRC/tile_26456.png,2
arctic_vegetation/20230724_birch24_m3m/BIRC/tile_26457.png,2
arctic_vegetation/20230724_birch24_m3m/BIRC/tile_26458.png,2
arctic_vegetation/20230724_birch24_m3m/BIRC/tile_26459.png,2
arctic_vegetation/20230724_birch24_m3m/LICH/tile_26460.png,4
arctic_vegetation/20230724_birch24_m3m/LICH/tile_26461.png,4
arctic_vegetation/20230724_birch24_m3m/LICH/tile_26462.png,4
arctic_vegetation/20230724_birch24_m3m/LICH/tile_26463.png,4
arctic_vegetation/20230724_birch24_m3m/LICH/tile_26464.png,4
arctic_vegetation/20230724_birch24_m3m/LICH/tile_26465.png,4
arctic_vegetation/20230724_birch24_m3m/LICH/tile_26466.png,4
arctic_vegetation/20230724_birch24_m3m/LICH/tile_26467.png,4
arctic_vegetation/20230724_birch24_m3m/LICH/tile_26468.png,4
arctic_vegetation/20230724_birch24_m3m/LICH/tile_26469.png,4
arctic_vegetation/20230724_birch24_m3m/LICH/tile_26470.png,4
arctic_vegetation/20230724_birch24_m3m/LICH/tile_26471.png,4
arctic_vegetation/20230724_birch24_m3m/LICH/tile_26472.png,4
arctic_vegetation/20230724_birch24_m3m/LICH/tile_26473.png,4
arctic_vegetation/20230724_birch24_m3m/BIRC/tile_26474.png,2
arctic_vegetation/20230724_birch24_m3m/BIRC/tile_26475.png,2
arctic_vegetation/20230724_birch24_m3m/BIRC/tile_26476.png,2
arctic_vegetation/20230724_birch24_m3m/BIRC/tile_26477.png,2
arctic_vegetation/20230724_birch24_m3m/BIRC/tile_26478.png,2
arctic_vegetation/20230724_birch24_m3m/BIRC/tile_26479.png,2
arctic_vegetation/20230724_birch24_m3m/BIRC/tile_26480.png,2
arctic_vegetation/20230724_birch24_m3m/BIRC/tile_26481.png,2
arctic_vegetation/20230724_birch24_m3m/BIRC/tile_26482.png,2
arctic_vegetation/20230724_birch24_m3m/BIRC/tile_26483.png,2
arctic_vegetation/20230724_birch24_m3m/BIRC/tile_26484.png,2
arctic_vegetation/20230724_birch24_m3m/BIRC/tile_26485.png,2
arctic_vegetation/20230724_birch24_m3m/BIRC/tile_26486.png,2
arctic_vegetation/20230724_birch24_m3m/BIRC/tile_26487.png,2
arctic_vegetation/20230724_birch24_m3m/BIRC/tile_26488.png,2
arctic_vegetation/20230724_birch24_m3m/BIRC/tile_26490.png,2
arctic_vegetation/20230724_birch24_m3m/BIRC/tile_26491.png,2
arctic_vegetation/20230724_birch24_m3m/BIRC/tile_26492.png,2
arctic_vegetation/20230724_birch24_m3m/BIRC/tile_26493.png,2
arctic_vegetation/20230724_birch24_m3m/BIRC/tile_26494.png,2
arctic_vegetation/20230724_birch24_m3m/BIRC/tile_26495.png,2
arctic_vegetation/20230724_birch24_m3m/BIRC/tile_26496.png,2
arctic_vegetation/20230724_birch24_m3m/BIRC/tile_26497.png,2
arctic_vegetation/20230724_birch24_m3m/BIRC/tile_26498.png,2
arctic_vegetation/20230724_birch24_m3m/BIRC/tile_26499.png,2
arctic_vegetation/20230724_birch24_m3m/BIRC/tile_26500.png,2
arctic_vegetation/20230724_birch24_m3m/BIRC/tile_26501.png,2
arctic_vegetation/20230724_birch24_m3m/BIRC/tile_26502.png,2
arctic_vegetation/20230724_birch24_m3m/BIRC/tile_26503.png,2
arctic_vegetation/20230724_birch24_m3m/BIRC/tile_26504.png,2
arctic_vegetation/20230724_birch24_m3m/BIRC/tile_26505.png,2
arctic_vegetation/20230724_birch24_m3m/BIRC/tile_26506.png,2
arctic_vegetation/20230724_birch24_m3m/BIRC/tile_26507.png,2
arctic_vegetation/20230724_birch24_m3m/BIRC/tile_26508.png,2
arctic_vegetation/20230724_birch24_m3m/BIRC/tile_26509.png,2
arctic_vegetation/20230724_birch24_m3m/BIRC/tile_26510.png,2
arctic_vegetation/20230724_birch24_m3m/BIRC/tile_26511.png,2
arctic_vegetation/20230724_birch24_m3m/BIRC/tile_26512.png,2
arctic_vegetation/20230724_birch24_m3m/BIRC/tile_26513.png,2
arctic_vegetation/20230724_birch24_m3m/BIRC/tile_26514.png,2
arctic_vegetation/20230724_birch24_m3m/BIRC/tile_26515.png,2
arctic_vegetation/20230724_birch24_m3m/BIRC/tile_26516.png,2
arctic_vegetation/20230724_birch24_m3m/BIRC/tile_26517.png,2
arctic_vegetation/20230724_birch24_m3m/BIRC/tile_26518.png,2
arctic_vegetation/20230724_birch24_m3m/BIRC/tile_26519.png,2
arctic_vegetation/20230724_birch24_m3m/BIRC/tile_26520.png,2
arctic_vegetation/20230724_birch24_m3m/BIRC/tile_26521.png,2
arctic_vegetation/20230724_birch24_m3m/BIRC/tile_26522.png,2
arctic_vegetation/20230724_birch24_m3m/BIRC/tile_26523.png,2
arctic_vegetation/20230724_birch24_m3m/BIRC/tile_26524.png,2
arctic_vegetation/20230724_birch24_m3m/BIRC/tile_26525.png,2
arctic_vegetation/20230724_birch24_m3m/BIRC/tile_26526.png,2
arctic_vegetation/20230724_birch24_m3m/BIRC/tile_26527.png,2
arctic_vegetation/20230724_birch24_m3m/BIRC/tile_26528.png,2
arctic_vegetation/20230724_birch24_m3m/BIRC/tile_26529.png,2
arctic_vegetation/20230724_birch24_m3m/BIRC/tile_26530.png,2
arctic_vegetation/20230724_birch24_m3m/BIRC/tile_26531.png,2
arctic_vegetation/20230724_birch24_m3m/BIRC/tile_26532.png,2
arctic_vegetation/20230724_birch24_m3m/BIRC/tile_26533.png,2
arctic_vegetation/20230724_birch24_m3m/BIRC/tile_26534.png,2
arctic_vegetation/20230724_birch24_m3m/BIRC/tile_26535.png,2
arctic_vegetation/20230724_birch24_m3m/BIRC/tile_26536.png,2
arctic_vegetation/20230724_birch24_m3m/BIRC/tile_26537.png,2
arctic_vegetation/20230724_birch24_m3m/BIRC/tile_26538.png,2
arctic_vegetation/20230724_birch24_m3m/BIRC/tile_26539.png,2
arctic_vegetation/20230724_birch24_m3m/BIRC/tile_26540.png,2
arctic_vegetation/20230724_birch24_m3m/BIRC/tile_26541.png,2
arctic_vegetation/20230724_birch24_m3m/BIRC/tile_26542.png,2
arctic_vegetation/20230724_birch24_m3m/BIRC/tile_26543.png,2
arctic_vegetation/20230724_birch24_m3m/BIRC/tile_26544.png,2
arctic_vegetation/20230724_birch24_m3m/BIRC/tile_26545.png,2
arctic_vegetation/20230724_birch24_m3m/BIRC/tile_26643.png,2
arctic_vegetation/20230724_birch24_m3m/BIRC/tile_26644.png,2
arctic_vegetation/20230724_birch24_m3m/BIRC/tile_26645.png,2
arctic_vegetation/20230724_birch24_m3m/BIRC/tile_26646.png,2
arctic_vegetation/20230724_birch24_m3m/BIRC/tile_26647.png,2
arctic_vegetation/20230724_birch24_m3m/BIRC/tile_26648.png,2
arctic_vegetation/20230724_birch24_m3m/BIRC/tile_26649.png,2
arctic_vegetation/20230724_birch24_m3m/BIRC/tile_26650.png,2
arctic_vegetation/20230724_birch24_m3m/BIRC/tile_26651.png,2
arctic_vegetation/20230724_birch24_m3m/WILL/tile_26652.png,11
arctic_vegetation/20230724_birch24_m3m/WILL/tile_26653.png,11
arctic_vegetation/20230724_birch24_m3m/BIRC/tile_26654.png,2
arctic_vegetation/20230724_birch24_m3m/BIRC/tile_26655.png,2
arctic_vegetation/20230724_birch24_m3m/BIRC/tile_26656.png,2
arctic_vegetation/20230724_birch24_m3m/BIRC/tile_26657.png,2
arctic_vegetation/20230724_birch24_m3m/BIRC/tile_26658.png,2
arctic_vegetation/20230724_birch24_m3m/BIRC/tile_26659.png,2
arctic_vegetation/20230724_birch24_m3m/BIRC/tile_26660.png,2
arctic_vegetation/20230724_birch24_m3m/BIRC/tile_26661.png,2
arctic_vegetation/20230724_birch24_m3m/BIRC/tile_26662.png,2
arctic_vegetation/20230724_birch24_m3m/BIRC/tile_26663.png,2
arctic_vegetation/20230724_birch24_m3m/BIRC/tile_26664.png,2
arctic_vegetation/20230724_birch24_m3m/PETF/tile_26665.png,6
arctic_vegetation/20230724_birch24_m3m/BIRC/tile_26666.png,2
arctic_vegetation/20230724_birch24_m3m/BIRC/tile_26667.png,2
arctic_vegetation/20230724_birch24_m3m/BIRC/tile_26668.png,2
arctic_vegetation/20230724_birch24_m3m/BIRC/tile_26669.png,2
arctic_vegetation/20230724_birch24_m3m/BIRC/tile_26670.png,2
arctic_vegetation/20230724_birch24_m3m/BIRC/tile_26671.png,2
arctic_vegetation/20230724_birch24_m3m/BIRC/tile_26672.png,2
arctic_vegetation/20230724_birch24_m3m/BIRC/tile_26673.png,2
arctic_vegetation/20230724_birch24_m3m/LICH/tile_26674.png,4
arctic_vegetation/20230724_birch24_m3m/LICH/tile_26675.png,4
arctic_vegetation/20230724_birch24_m3m/LICH/tile_26676.png,4
arctic_vegetation/20230724_birch24_m3m/LICH/tile_26677.png,4
arctic_vegetation/20230724_birch24_m3m/LICH/tile_26678.png,4
arctic_vegetation/20230724_birch24_m3m/LICH/tile_26679.png,4
arctic_vegetation/20230724_birch24_m3m/BIRC/tile_26680.png,2
arctic_vegetation/20230724_birch24_m3m/BIRC/tile_26681.png,2
arctic_vegetation/20230724_birch24_m3m/BIRC/tile_26682.png,2
arctic_vegetation/20230724_birch24_m3m/BIRC/tile_26683.png,2
arctic_vegetation/20230724_birch24_m3m/BIRC/tile_26684.png,2
arctic_vegetation/20230724_birch24_m3m/BIRC/tile_26685.png,2
arctic_vegetation/20230724_birch24_m3m/BIRC/tile_26686.png,2
arctic_vegetation/20230724_birch24_m3m/BIRC/tile_26687.png,2
arctic_vegetation/20230724_birch24_m3m/BIRC/tile_26688.png,2
arctic_vegetation/20230724_birch24_m3m/BIRC/tile_26689.png,2
arctic_vegetation/20230724_birch24_m3m/BIRC/tile_26690.png,2
arctic_vegetation/20230724_birch24_m3m/BIRC/tile_26691.png,2
arctic_vegetation/20230724_birch24_m3m/BIRC/tile_26692.png,2
arctic_vegetation/20230724_birch24_m3m/BIRC/tile_26693.png,2
arctic_vegetation/20230724_birch24_m3m/BIRC/tile_26694.png,2
arctic_vegetation/20230724_birch24_m3m/BIRC/tile_26695.png,2
arctic_vegetation/20230724_birch24_m3m/BIRC/tile_26696.png,2
arctic_vegetation/20230724_birch24_m3m/BIRC/tile_26697.png,2
arctic_vegetation/20230724_birch24_m3m/BIRC/tile_26698.png,2
arctic_vegetation/20230724_birch24_m3m/BIRC/tile_26699.png,2
arctic_vegetation/20230724_birch24_m3m/BIRC/tile_26700.png,2
arctic_vegetation/20230724_birch24_m3m/BIRC/tile_26701.png,2
arctic_vegetation/20230724_birch24_m3m/BIRC/tile_26702.png,2
arctic_vegetation/20230724_birch24_m3m/BIRC/tile_26703.png,2
arctic_vegetation/20230724_birch24_m3m/BIRC/tile_26704.png,2
arctic_vegetation/20230724_birch24_m3m/BIRC/tile_26705.png,2
arctic_vegetation/20230724_birch24_m3m/BIRC/tile_26706.png,2
arctic_vegetation/20230724_birch24_m3m/BIRC/tile_26707.png,2
arctic_vegetation/20230724_birch24_m3m/BIRC/tile_26708.png,2
arctic_vegetation/20230724_birch24_m3m/BIRC/tile_26709.png,2
arctic_vegetation/20230724_birch24_m3m/BIRC/tile_26710.png,2
arctic_vegetation/20230724_birch24_m3m/BIRC/tile_26711.png,2
arctic_vegetation/20230724_birch24_m3m/BIRC/tile_26712.png,2
arctic_vegetation/20230724_birch24_m3m/BIRC/tile_26713.png,2
arctic_vegetation/20230724_birch24_m3m/BIRC/tile_26714.png,2
arctic_vegetation/20230724_birch24_m3m/BIRC/tile_26715.png,2
arctic_vegetation/20230724_birch24_m3m/BIRC/tile_26716.png,2
arctic_vegetation/20230724_birch24_m3m/BIRC/tile_26717.png,2
arctic_vegetation/20230724_birch24_m3m/BIRC/tile_26718.png,2
arctic_vegetation/20230724_birch24_m3m/BIRC/tile_26719.png,2
arctic_vegetation/20230724_birch24_m3m/BIRC/tile_26720.png,2
arctic_vegetation/20230724_birch24_m3m/BIRC/tile_26721.png,2
arctic_vegetation/20230724_birch24_m3m/BIRC/tile_26722.png,2
arctic_vegetation/20230724_birch24_m3m/BIRC/tile_26723.png,2
arctic_vegetation/20230724_birch24_m3m/BIRC/tile_26724.png,2
arctic_vegetation/20230724_birch24_m3m/BIRC/tile_26725.png,2
arctic_vegetation/20230724_birch24_m3m/BIRC/tile_26726.png,2
arctic_vegetation/20230724_birch24_m3m/BIRC/tile_26727.png,2
arctic_vegetation/20230724_birch24_m3m/BIRC/tile_26728.png,2
arctic_vegetation/20230724_birch24_m3m/BIRC/tile_26729.png,2
arctic_vegetation/20230724_birch24_m3m/BIRC/tile_26730.png,2
arctic_vegetation/20230724_birch24_m3m/BIRC/tile_26731.png,2
arctic_vegetation/20230724_birch24_m3m/BIRC/tile_26732.png,2
arctic_vegetation/20230724_birch24_m3m/BIRC/tile_26733.png,2
arctic_vegetation/20230724_birch24_m3m/BIRC/tile_26734.png,2
arctic_vegetation/20230724_birch24_m3m/BIRC/tile_26735.png,2
arctic_vegetation/20230724_birch24_m3m/BIRC/tile_26736.png,2
arctic_vegetation/20230724_birch24_m3m/BIRC/tile_26737.png,2
arctic_vegetation/20230724_birch24_m3m/BIRC/tile_26738.png,2
arctic_vegetation/20230724_birch24_m3m/BIRC/tile_26739.png,2
arctic_vegetation/20230724_birch24_m3m/BIRC/tile_26740.png,2
arctic_vegetation/20230724_birch24_m3m/BIRC/tile_26741.png,2
arctic_vegetation/20230724_birch24_m3m/BIRC/tile_26742.png,2
arctic_vegetation/20230724_birch24_m3m/BIRC/tile_26743.png,2
arctic_vegetation/20230724_birch24_m3m/BIRC/tile_26744.png,2
arctic_vegetation/20230724_birch24_m3m/BIRC/tile_26745.png,2
arctic_vegetation/20230724_birch24_m3m/BIRC/tile_26746.png,2
arctic_vegetation/20230724_birch24_m3m/BIRC/tile_26747.png,2
arctic_vegetation/20230724_birch24_m3m/BIRC/tile_26748.png,2
arctic_vegetation/20230724_birch24_m3m/BIRC/tile_26749.png,2
arctic_vegetation/20230724_birch24_m3m/BIRC/tile_26750.png,2
arctic_vegetation/20230724_birch24_m3m/BIRC/tile_26751.png,2
arctic_vegetation/20230724_birch24_m3m/BIRC/tile_26752.png,2
arctic_vegetation/20230724_birch24_m3m/BIRC/tile_26753.png,2
arctic_vegetation/20230724_birch24_m3m/BIRC/tile_26754.png,2
arctic_vegetation/20230724_birch24_m3m/BIRC/tile_26755.png,2
arctic_vegetation/20230724_birch24_m3m/BIRC/tile_26756.png,2
arctic_vegetation/20230724_birch24_m3m/BIRC/tile_26757.png,2
arctic_vegetation/20230724_birch24_m3m/BIRC/tile_26758.png,2
arctic_vegetation/20230724_birch24_m3m/BIRC/tile_26759.png,2
arctic_vegetation/20230724_birch24_m3m/BIRC/tile_26857.png,2
arctic_vegetation/20230724_birch24_m3m/BIRC/tile_26858.png,2
arctic_vegetation/20230724_birch24_m3m/BIRC/tile_26859.png,2
arctic_vegetation/20230724_birch24_m3m/BIRC/tile_26860.png,2
arctic_vegetation/20230724_birch24_m3m/BIRC/tile_26861.png,2
arctic_vegetation/20230724_birch24_m3m/BIRC/tile_26862.png,2
arctic_vegetation/20230724_birch24_m3m/BIRC/tile_26863.png,2
arctic_vegetation/20230724_birch24_m3m/BIRC/tile_26864.png,2
arctic_vegetation/20230724_birch24_m3m/BIRC/tile_26865.png,2
arctic_vegetation/20230724_birch24_m3m/WILL/tile_26866.png,11
arctic_vegetation/20230724_birch24_m3m/WILL/tile_26867.png,11
arctic_vegetation/20230724_birch24_m3m/BIRC/tile_26868.png,2
arctic_vegetation/20230724_birch24_m3m/BIRC/tile_26869.png,2
arctic_vegetation/20230724_birch24_m3m/BIRC/tile_26870.png,2
arctic_vegetation/20230724_birch24_m3m/BIRC/tile_26871.png,2
arctic_vegetation/20230724_birch24_m3m/BIRC/tile_26872.png,2
arctic_vegetation/20230724_birch24_m3m/BIRC/tile_26873.png,2
arctic_vegetation/20230724_birch24_m3m/BIRC/tile_26874.png,2
arctic_vegetation/20230724_birch24_m3m/BIRC/tile_26875.png,2
arctic_vegetation/20230724_birch24_m3m/BIRC/tile_26876.png,2
arctic_vegetation/20230724_birch24_m3m/BIRC/tile_26877.png,2
arctic_vegetation/20230724_birch24_m3m/BIRC/tile_26878.png,2
arctic_vegetation/20230724_birch24_m3m/PETF/tile_26879.png,6
arctic_vegetation/20230724_birch24_m3m/BIRC/tile_26880.png,2
arctic_vegetation/20230724_birch24_m3m/BIRC/tile_26881.png,2
arctic_vegetation/20230724_birch24_m3m/BIRC/tile_26882.png,2
arctic_vegetation/20230724_birch24_m3m/BIRC/tile_26883.png,2
arctic_vegetation/20230724_birch24_m3m/BIRC/tile_26884.png,2
arctic_vegetation/20230724_birch24_m3m/BIRC/tile_26885.png,2
arctic_vegetation/20230724_birch24_m3m/BIRC/tile_26886.png,2
arctic_vegetation/20230724_birch24_m3m/BIRC/tile_26887.png,2
arctic_vegetation/20230724_birch24_m3m/LICH/tile_26888.png,4
arctic_vegetation/20230724_birch24_m3m/LICH/tile_26889.png,4
arctic_vegetation/20230724_birch24_m3m/BIRC/tile_26890.png,2
arctic_vegetation/20230724_birch24_m3m/BIRC/tile_26891.png,2
arctic_vegetation/20230724_birch24_m3m/BIRC/tile_26892.png,2
arctic_vegetation/20230724_birch24_m3m/BIRC/tile_26893.png,2
arctic_vegetation/20230724_birch24_m3m/BIRC/tile_26894.png,2
arctic_vegetation/20230724_birch24_m3m/BIRC/tile_26895.png,2
arctic_vegetation/20230724_birch24_m3m/BIRC/tile_26896.png,2
arctic_vegetation/20230724_birch24_m3m/BIRC/tile_26897.png,2
arctic_vegetation/20230724_birch24_m3m/BIRC/tile_26898.png,2
arctic_vegetation/20230724_birch24_m3m/BIRC/tile_26899.png,2
arctic_vegetation/20230724_birch24_m3m/BIRC/tile_26900.png,2
arctic_vegetation/20230724_birch24_m3m/BIRC/tile_26901.png,2
arctic_vegetation/20230724_birch24_m3m/BIRC/tile_26902.png,2
arctic_vegetation/20230724_birch24_m3m/BIRC/tile_26903.png,2
arctic_vegetation/20230724_birch24_m3m/BIRC/tile_26904.png,2
arctic_vegetation/20230724_birch24_m3m/BIRC/tile_26905.png,2
arctic_vegetation/20230724_birch24_m3m/BIRC/tile_26906.png,2
arctic_vegetation/20230724_birch24_m3m/BIRC/tile_26907.png,2
arctic_vegetation/20230724_birch24_m3m/BIRC/tile_26908.png,2
arctic_vegetation/20230724_birch24_m3m/BIRC/tile_26909.png,2
arctic_vegetation/20230724_birch24_m3m/BIRC/tile_26910.png,2
arctic_vegetation/20230724_birch24_m3m/BIRC/tile_26911.png,2
arctic_vegetation/20230724_birch24_m3m/BIRC/tile_26912.png,2
arctic_vegetation/20230724_birch24_m3m/BIRC/tile_26913.png,2
arctic_vegetation/20230724_birch24_m3m/BIRC/tile_26914.png,2
arctic_vegetation/20230724_birch24_m3m/BIRC/tile_26915.png,2
arctic_vegetation/20230724_birch24_m3m/BIRC/tile_26916.png,2
arctic_vegetation/20230724_birch24_m3m/BIRC/tile_26917.png,2
arctic_vegetation/20230724_birch24_m3m/BIRC/tile_26918.png,2
arctic_vegetation/20230724_birch24_m3m/BIRC/tile_26919.png,2
arctic_vegetation/20230724_birch24_m3m/BIRC/tile_26920.png,2
arctic_vegetation/20230724_birch24_m3m/BIRC/tile_26921.png,2
arctic_vegetation/20230724_birch24_m3m/BIRC/tile_26922.png,2
arctic_vegetation/20230724_birch24_m3m/BIRC/tile_26923.png,2
arctic_vegetation/20230724_birch24_m3m/BIRC/tile_26924.png,2
arctic_vegetation/20230724_birch24_m3m/BIRC/tile_26925.png,2
arctic_vegetation/20230724_birch24_m3m/BIRC/tile_26926.png,2
arctic_vegetation/20230724_birch24_m3m/BIRC/tile_26927.png,2
arctic_vegetation/20230724_birch24_m3m/BIRC/tile_26928.png,2
arctic_vegetation/20230724_birch24_m3m/BIRC/tile_26929.png,2
arctic_vegetation/20230724_birch24_m3m/BIRC/tile_26930.png,2
arctic_vegetation/20230724_birch24_m3m/BIRC/tile_26931.png,2
arctic_vegetation/20230724_birch24_m3m/BIRC/tile_26932.png,2
arctic_vegetation/20230724_birch24_m3m/BIRC/tile_26933.png,2
arctic_vegetation/20230724_birch24_m3m/BIRC/tile_26934.png,2
arctic_vegetation/20230724_birch24_m3m/BIRC/tile_26935.png,2
arctic_vegetation/20230724_birch24_m3m/BIRC/tile_26936.png,2
arctic_vegetation/20230724_birch24_m3m/BIRC/tile_26937.png,2
arctic_vegetation/20230724_birch24_m3m/BIRC/tile_26938.png,2
arctic_vegetation/20230724_birch24_m3m/BIRC/tile_26939.png,2
arctic_vegetation/20230724_birch24_m3m/BIRC/tile_26940.png,2
arctic_vegetation/20230724_birch24_m3m/BIRC/tile_26941.png,2
arctic_vegetation/20230724_birch24_m3m/BIRC/tile_26942.png,2
arctic_vegetation/20230724_birch24_m3m/BIRC/tile_26943.png,2
arctic_vegetation/20230724_birch24_m3m/BIRC/tile_26944.png,2
arctic_vegetation/20230724_birch24_m3m/BIRC/tile_26945.png,2
arctic_vegetation/20230724_birch24_m3m/BIRC/tile_26946.png,2
arctic_vegetation/20230724_birch24_m3m/BIRC/tile_26947.png,2
arctic_vegetation/20230724_birch24_m3m/PETF/tile_26948.png,6
arctic_vegetation/20230724_birch24_m3m/BIRC/tile_26949.png,2
arctic_vegetation/20230724_birch24_m3m/BIRC/tile_26950.png,2
arctic_vegetation/20230724_birch24_m3m/BIRC/tile_26951.png,2
arctic_vegetation/20230724_birch24_m3m/BIRC/tile_26952.png,2
arctic_vegetation/20230724_birch24_m3m/BIRC/tile_26953.png,2
arctic_vegetation/20230724_birch24_m3m/BIRC/tile_26954.png,2
arctic_vegetation/20230724_birch24_m3m/BIRC/tile_26955.png,2
arctic_vegetation/20230724_birch24_m3m/BIRC/tile_26956.png,2
arctic_vegetation/20230724_birch24_m3m/BIRC/tile_26957.png,2
arctic_vegetation/20230724_birch24_m3m/BIRC/tile_26958.png,2
arctic_vegetation/20230724_birch24_m3m/BIRC/tile_26959.png,2
arctic_vegetation/20230724_birch24_m3m/BIRC/tile_26960.png,2
arctic_vegetation/20230724_birch24_m3m/BIRC/tile_26961.png,2
arctic_vegetation/20230724_birch24_m3m/BIRC/tile_26962.png,2
arctic_vegetation/20230724_birch24_m3m/BIRC/tile_26963.png,2
arctic_vegetation/20230724_birch24_m3m/BIRC/tile_26964.png,2
arctic_vegetation/20230724_birch24_m3m/BIRC/tile_26965.png,2
arctic_vegetation/20230724_birch24_m3m/BIRC/tile_26966.png,2
arctic_vegetation/20230724_birch24_m3m/BIRC/tile_26967.png,2
arctic_vegetation/20230724_birch24_m3m/BIRC/tile_26968.png,2
arctic_vegetation/20230724_birch24_m3m/BIRC/tile_26969.png,2
arctic_vegetation/20230724_birch24_m3m/BIRC/tile_26970.png,2
arctic_vegetation/20230724_birch24_m3m/BIRC/tile_26971.png,2
arctic_vegetation/20230724_birch24_m3m/BIRC/tile_26972.png,2
arctic_vegetation/20230724_birch24_m3m/BIRC/tile_26973.png,2
arctic_vegetation/20230724_birch24_m3m/BIRC/tile_27071.png,2
arctic_vegetation/20230724_birch24_m3m/BIRC/tile_27072.png,2
arctic_vegetation/20230724_birch24_m3m/BIRC/tile_27073.png,2
arctic_vegetation/20230724_birch24_m3m/BIRC/tile_27074.png,2
arctic_vegetation/20230724_birch24_m3m/BIRC/tile_27075.png,2
arctic_vegetation/20230724_birch24_m3m/BIRC/tile_27076.png,2
arctic_vegetation/20230724_birch24_m3m/BIRC/tile_27077.png,2
arctic_vegetation/20230724_birch24_m3m/BIRC/tile_27078.png,2
arctic_vegetation/20230724_birch24_m3m/BIRC/tile_27079.png,2
arctic_vegetation/20230724_birch24_m3m/BIRC/tile_27082.png,2
arctic_vegetation/20230724_birch24_m3m/BIRC/tile_27083.png,2
arctic_vegetation/20230724_birch24_m3m/BIRC/tile_27084.png,2
arctic_vegetation/20230724_birch24_m3m/BIRC/tile_27085.png,2
arctic_vegetation/20230724_birch24_m3m/BIRC/tile_27086.png,2
arctic_vegetation/20230724_birch24_m3m/BIRC/tile_27087.png,2
arctic_vegetation/20230724_birch24_m3m/BIRC/tile_27088.png,2
arctic_vegetation/20230724_birch24_m3m/BIRC/tile_27089.png,2
arctic_vegetation/20230724_birch24_m3m/BIRC/tile_27090.png,2
arctic_vegetation/20230724_birch24_m3m/BIRC/tile_27091.png,2
arctic_vegetation/20230724_birch24_m3m/BIRC/tile_27092.png,2
arctic_vegetation/20230724_birch24_m3m/BIRC/tile_27094.png,2
arctic_vegetation/20230724_birch24_m3m/BIRC/tile_27095.png,2
arctic_vegetation/20230724_birch24_m3m/BIRC/tile_27096.png,2
arctic_vegetation/20230724_birch24_m3m/BIRC/tile_27097.png,2
arctic_vegetation/20230724_birch24_m3m/BIRC/tile_27098.png,2
arctic_vegetation/20230724_birch24_m3m/BIRC/tile_27099.png,2
arctic_vegetation/20230724_birch24_m3m/BIRC/tile_27100.png,2
arctic_vegetation/20230724_birch24_m3m/BIRC/tile_27101.png,2
arctic_vegetation/20230724_birch24_m3m/BIRC/tile_27102.png,2
arctic_vegetation/20230724_birch24_m3m/BIRC/tile_27103.png,2
arctic_vegetation/20230724_birch24_m3m/BIRC/tile_27104.png,2
arctic_vegetation/20230724_birch24_m3m/BIRC/tile_27105.png,2
arctic_vegetation/20230724_birch24_m3m/BIRC/tile_27106.png,2
arctic_vegetation/20230724_birch24_m3m/BIRC/tile_27107.png,2
arctic_vegetation/20230724_birch24_m3m/BIRC/tile_27108.png,2
arctic_vegetation/20230724_birch24_m3m/BIRC/tile_27109.png,2
arctic_vegetation/20230724_birch24_m3m/BIRC/tile_27110.png,2
arctic_vegetation/20230724_birch24_m3m/BIRC/tile_27111.png,2
arctic_vegetation/20230724_birch24_m3m/BIRC/tile_27112.png,2
arctic_vegetation/20230724_birch24_m3m/BIRC/tile_27113.png,2
arctic_vegetation/20230724_birch24_m3m/BIRC/tile_27114.png,2
arctic_vegetation/20230724_birch24_m3m/BIRC/tile_27115.png,2
arctic_vegetation/20230724_birch24_m3m/BIRC/tile_27116.png,2
arctic_vegetation/20230724_birch24_m3m/BIRC/tile_27117.png,2
arctic_vegetation/20230724_birch24_m3m/BIRC/tile_27118.png,2
arctic_vegetation/20230724_birch24_m3m/BIRC/tile_27119.png,2
arctic_vegetation/20230724_birch24_m3m/LICH/tile_27120.png,4
arctic_vegetation/20230724_birch24_m3m/PETF/tile_27123.png,6
arctic_vegetation/20230724_birch24_m3m/BIRC/tile_27124.png,2
arctic_vegetation/20230724_birch24_m3m/BIRC/tile_27125.png,2
arctic_vegetation/20230724_birch24_m3m/BIRC/tile_27126.png,2
arctic_vegetation/20230724_birch24_m3m/BIRC/tile_27127.png,2
arctic_vegetation/20230724_birch24_m3m/BIRC/tile_27128.png,2
arctic_vegetation/20230724_birch24_m3m/BIRC/tile_27129.png,2
arctic_vegetation/20230724_birch24_m3m/BIRC/tile_27130.png,2
arctic_vegetation/20230724_birch24_m3m/BIRC/tile_27131.png,2
arctic_vegetation/20230724_birch24_m3m/BIRC/tile_27132.png,2
arctic_vegetation/20230724_birch24_m3m/BIRC/tile_27133.png,2
arctic_vegetation/20230724_birch24_m3m/BIRC/tile_27134.png,2
arctic_vegetation/20230724_birch24_m3m/BIRC/tile_27135.png,2
arctic_vegetation/20230724_birch24_m3m/BIRC/tile_27136.png,2
arctic_vegetation/20230724_birch24_m3m/BIRC/tile_27137.png,2
arctic_vegetation/20230724_birch24_m3m/BIRC/tile_27138.png,2
arctic_vegetation/20230724_birch24_m3m/BIRC/tile_27139.png,2
arctic_vegetation/20230724_birch24_m3m/BIRC/tile_27140.png,2
arctic_vegetation/20230724_birch24_m3m/BIRC/tile_27141.png,2
arctic_vegetation/20230724_birch24_m3m/BIRC/tile_27142.png,2
arctic_vegetation/20230724_birch24_m3m/BIRC/tile_27143.png,2
arctic_vegetation/20230724_birch24_m3m/BIRC/tile_27144.png,2
arctic_vegetation/20230724_birch24_m3m/BIRC/tile_27145.png,2
arctic_vegetation/20230724_birch24_m3m/BIRC/tile_27146.png,2
arctic_vegetation/20230724_birch24_m3m/BIRC/tile_27147.png,2
arctic_vegetation/20230724_birch24_m3m/BIRC/tile_27148.png,2
arctic_vegetation/20230724_birch24_m3m/BIRC/tile_27149.png,2
arctic_vegetation/20230724_birch24_m3m/BIRC/tile_27150.png,2
arctic_vegetation/20230724_birch24_m3m/BIRC/tile_27151.png,2
arctic_vegetation/20230724_birch24_m3m/BIRC/tile_27152.png,2
arctic_vegetation/20230724_birch24_m3m/BIRC/tile_27153.png,2
arctic_vegetation/20230724_birch24_m3m/BIRC/tile_27154.png,2
arctic_vegetation/20230724_birch24_m3m/BIRC/tile_27155.png,2
arctic_vegetation/20230724_birch24_m3m/BIRC/tile_27156.png,2
arctic_vegetation/20230724_birch24_m3m/BIRC/tile_27157.png,2
arctic_vegetation/20230724_birch24_m3m/BIRC/tile_27158.png,2
arctic_vegetation/20230724_birch24_m3m/BIRC/tile_27159.png,2
arctic_vegetation/20230724_birch24_m3m/BIRC/tile_27160.png,2
arctic_vegetation/20230724_birch24_m3m/BIRC/tile_27161.png,2
arctic_vegetation/20230724_birch24_m3m/BIRC/tile_27162.png,2
arctic_vegetation/20230724_birch24_m3m/BIRC/tile_27163.png,2
arctic_vegetation/20230724_birch24_m3m/BIRC/tile_27164.png,2
arctic_vegetation/20230724_birch24_m3m/BIRC/tile_27165.png,2
arctic_vegetation/20230724_birch24_m3m/BIRC/tile_27166.png,2
arctic_vegetation/20230724_birch24_m3m/BIRC/tile_27167.png,2
arctic_vegetation/20230724_birch24_m3m/BIRC/tile_27168.png,2
arctic_vegetation/20230724_birch24_m3m/BIRC/tile_27169.png,2
arctic_vegetation/20230724_birch24_m3m/BIRC/tile_27170.png,2
arctic_vegetation/20230724_birch24_m3m/BIRC/tile_27171.png,2
arctic_vegetation/20230724_birch24_m3m/BIRC/tile_27172.png,2
arctic_vegetation/20230724_birch24_m3m/BIRC/tile_27173.png,2
arctic_vegetation/20230724_birch24_m3m/BIRC/tile_27174.png,2
arctic_vegetation/20230724_birch24_m3m/BIRC/tile_27175.png,2
arctic_vegetation/20230724_birch24_m3m/BIRC/tile_27176.png,2
arctic_vegetation/20230724_birch24_m3m/BIRC/tile_27177.png,2
arctic_vegetation/20230724_birch24_m3m/BIRC/tile_27178.png,2
arctic_vegetation/20230724_birch24_m3m/BIRC/tile_27179.png,2
arctic_vegetation/20230724_birch24_m3m/BIRC/tile_27180.png,2
arctic_vegetation/20230724_birch24_m3m/BIRC/tile_27181.png,2
arctic_vegetation/20230724_birch24_m3m/BIRC/tile_27182.png,2
arctic_vegetation/20230724_birch24_m3m/BIRC/tile_27183.png,2
arctic_vegetation/20230724_birch24_m3m/BIRC/tile_27184.png,2
arctic_vegetation/20230724_birch24_m3m/BIRC/tile_27185.png,2
arctic_vegetation/20230724_birch24_m3m/BIRC/tile_27186.png,2
arctic_vegetation/20230724_birch24_m3m/BIRC/tile_27187.png,2
arctic_vegetation/20230724_birch24_m3m/BIRC/tile_27285.png,2
arctic_vegetation/20230724_birch24_m3m/BIRC/tile_27286.png,2
arctic_vegetation/20230724_birch24_m3m/BIRC/tile_27287.png,2
arctic_vegetation/20230724_birch24_m3m/BIRC/tile_27288.png,2
arctic_vegetation/20230724_birch24_m3m/BIRC/tile_27289.png,2
arctic_vegetation/20230724_birch24_m3m/BIRC/tile_27290.png,2
arctic_vegetation/20230724_birch24_m3m/BIRC/tile_27291.png,2
arctic_vegetation/20230724_birch24_m3m/BIRC/tile_27292.png,2
arctic_vegetation/20230724_birch24_m3m/BIRC/tile_27296.png,2
arctic_vegetation/20230724_birch24_m3m/BIRC/tile_27297.png,2
arctic_vegetation/20230724_birch24_m3m/BIRC/tile_27298.png,2
arctic_vegetation/20230724_birch24_m3m/BIRC/tile_27299.png,2
arctic_vegetation/20230724_birch24_m3m/BIRC/tile_27300.png,2
arctic_vegetation/20230724_birch24_m3m/BIRC/tile_27301.png,2
arctic_vegetation/20230724_birch24_m3m/BIRC/tile_27302.png,2
arctic_vegetation/20230724_birch24_m3m/BIRC/tile_27303.png,2
arctic_vegetation/20230724_birch24_m3m/BIRC/tile_27304.png,2
arctic_vegetation/20230724_birch24_m3m/BIRC/tile_27305.png,2
arctic_vegetation/20230724_birch24_m3m/BIRC/tile_27306.png,2
arctic_vegetation/20230724_birch24_m3m/BIRC/tile_27307.png,2
arctic_vegetation/20230724_birch24_m3m/BIRC/tile_27308.png,2
arctic_vegetation/20230724_birch24_m3m/BIRC/tile_27309.png,2
arctic_vegetation/20230724_birch24_m3m/BIRC/tile_27310.png,2
arctic_vegetation/20230724_birch24_m3m/BIRC/tile_27311.png,2
arctic_vegetation/20230724_birch24_m3m/BIRC/tile_27312.png,2
arctic_vegetation/20230724_birch24_m3m/BIRC/tile_27313.png,2
arctic_vegetation/20230724_birch24_m3m/BIRC/tile_27314.png,2
arctic_vegetation/20230724_birch24_m3m/BIRC/tile_27315.png,2
arctic_vegetation/20230724_birch24_m3m/BIRC/tile_27316.png,2
arctic_vegetation/20230724_birch24_m3m/BIRC/tile_27317.png,2
arctic_vegetation/20230724_birch24_m3m/BIRC/tile_27318.png,2
arctic_vegetation/20230724_birch24_m3m/BIRC/tile_27319.png,2
arctic_vegetation/20230724_birch24_m3m/BIRC/tile_27320.png,2
arctic_vegetation/20230724_birch24_m3m/BIRC/tile_27321.png,2
arctic_vegetation/20230724_birch24_m3m/LICH/tile_27322.png,4
arctic_vegetation/20230724_birch24_m3m/LICH/tile_27323.png,4
arctic_vegetation/20230724_birch24_m3m/BIRC/tile_27324.png,2
arctic_vegetation/20230724_birch24_m3m/BIRC/tile_27325.png,2
arctic_vegetation/20230724_birch24_m3m/BIRC/tile_27326.png,2
arctic_vegetation/20230724_birch24_m3m/BIRC/tile_27327.png,2
arctic_vegetation/20230724_birch24_m3m/BIRC/tile_27328.png,2
arctic_vegetation/20230724_birch24_m3m/BIRC/tile_27329.png,2
arctic_vegetation/20230724_birch24_m3m/BIRC/tile_27330.png,2
arctic_vegetation/20230724_birch24_m3m/BIRC/tile_27331.png,2
arctic_vegetation/20230724_birch24_m3m/BIRC/tile_27332.png,2
arctic_vegetation/20230724_birch24_m3m/BIRC/tile_27333.png,2
arctic_vegetation/20230724_birch24_m3m/LICH/tile_27334.png,4
arctic_vegetation/20230724_birch24_m3m/LICH/tile_27335.png,4
arctic_vegetation/20230724_birch24_m3m/LICH/tile_27336.png,4
arctic_vegetation/20230724_birch24_m3m/PETF/tile_27337.png,6
arctic_vegetation/20230724_birch24_m3m/BIRC/tile_27338.png,2
arctic_vegetation/20230724_birch24_m3m/BIRC/tile_27339.png,2
arctic_vegetation/20230724_birch24_m3m/BIRC/tile_27340.png,2
arctic_vegetation/20230724_birch24_m3m/BIRC/tile_27341.png,2
arctic_vegetation/20230724_birch24_m3m/BIRC/tile_27342.png,2
arctic_vegetation/20230724_birch24_m3m/BIRC/tile_27343.png,2
arctic_vegetation/20230724_birch24_m3m/BIRC/tile_27344.png,2
arctic_vegetation/20230724_birch24_m3m/BIRC/tile_27345.png,2
arctic_vegetation/20230724_birch24_m3m/BIRC/tile_27346.png,2
arctic_vegetation/20230724_birch24_m3m/BIRC/tile_27347.png,2
arctic_vegetation/20230724_birch24_m3m/BIRC/tile_27348.png,2
arctic_vegetation/20230724_birch24_m3m/BIRC/tile_27349.png,2
arctic_vegetation/20230724_birch24_m3m/BIRC/tile_27350.png,2
arctic_vegetation/20230724_birch24_m3m/BIRC/tile_27351.png,2
arctic_vegetation/20230724_birch24_m3m/BIRC/tile_27352.png,2
arctic_vegetation/20230724_birch24_m3m/BIRC/tile_27353.png,2
arctic_vegetation/20230724_birch24_m3m/BIRC/tile_27354.png,2
arctic_vegetation/20230724_birch24_m3m/BIRC/tile_27355.png,2
arctic_vegetation/20230724_birch24_m3m/BIRC/tile_27356.png,2
arctic_vegetation/20230724_birch24_m3m/BIRC/tile_27357.png,2
arctic_vegetation/20230724_birch24_m3m/BIRC/tile_27358.png,2
arctic_vegetation/20230724_birch24_m3m/BIRC/tile_27359.png,2
arctic_vegetation/20230724_birch24_m3m/BIRC/tile_27360.png,2
arctic_vegetation/20230724_birch24_m3m/BIRC/tile_27361.png,2
arctic_vegetation/20230724_birch24_m3m/BIRC/tile_27362.png,2
arctic_vegetation/20230724_birch24_m3m/BIRC/tile_27363.png,2
arctic_vegetation/20230724_birch24_m3m/BIRC/tile_27364.png,2
arctic_vegetation/20230724_birch24_m3m/BIRC/tile_27365.png,2
arctic_vegetation/20230724_birch24_m3m/BIRC/tile_27366.png,2
arctic_vegetation/20230724_birch24_m3m/BIRC/tile_27367.png,2
arctic_vegetation/20230724_birch24_m3m/BIRC/tile_27368.png,2
arctic_vegetation/20230724_birch24_m3m/BIRC/tile_27369.png,2
arctic_vegetation/20230724_birch24_m3m/BIRC/tile_27370.png,2
arctic_vegetation/20230724_birch24_m3m/BIRC/tile_27371.png,2
arctic_vegetation/20230724_birch24_m3m/BIRC/tile_27372.png,2
arctic_vegetation/20230724_birch24_m3m/BIRC/tile_27373.png,2
arctic_vegetation/20230724_birch24_m3m/BIRC/tile_27374.png,2
arctic_vegetation/20230724_birch24_m3m/BIRC/tile_27375.png,2
arctic_vegetation/20230724_birch24_m3m/BIRC/tile_27376.png,2
arctic_vegetation/20230724_birch24_m3m/BIRC/tile_27377.png,2
arctic_vegetation/20230724_birch24_m3m/BIRC/tile_27378.png,2
arctic_vegetation/20230724_birch24_m3m/BIRC/tile_27379.png,2
arctic_vegetation/20230724_birch24_m3m/BIRC/tile_27380.png,2
arctic_vegetation/20230724_birch24_m3m/BIRC/tile_27381.png,2
arctic_vegetation/20230724_birch24_m3m/BIRC/tile_27382.png,2
arctic_vegetation/20230724_birch24_m3m/BIRC/tile_27383.png,2
arctic_vegetation/20230724_birch24_m3m/BIRC/tile_27384.png,2
arctic_vegetation/20230724_birch24_m3m/BIRC/tile_27385.png,2
arctic_vegetation/20230724_birch24_m3m/BIRC/tile_27386.png,2
arctic_vegetation/20230724_birch24_m3m/BIRC/tile_27387.png,2
arctic_vegetation/20230724_birch24_m3m/BIRC/tile_27388.png,2
arctic_vegetation/20230724_birch24_m3m/BIRC/tile_27389.png,2
arctic_vegetation/20230724_birch24_m3m/BIRC/tile_27390.png,2
arctic_vegetation/20230724_birch24_m3m/BIRC/tile_27391.png,2
arctic_vegetation/20230724_birch24_m3m/BIRC/tile_27392.png,2
arctic_vegetation/20230724_birch24_m3m/BIRC/tile_27393.png,2
arctic_vegetation/20230724_birch24_m3m/BIRC/tile_27394.png,2
arctic_vegetation/20230724_birch24_m3m/BIRC/tile_27395.png,2
arctic_vegetation/20230724_birch24_m3m/BIRC/tile_27396.png,2
arctic_vegetation/20230724_birch24_m3m/BIRC/tile_27397.png,2
arctic_vegetation/20230724_birch24_m3m/BIRC/tile_27398.png,2
arctic_vegetation/20230724_birch24_m3m/BIRC/tile_27399.png,2
arctic_vegetation/20230724_birch24_m3m/BIRC/tile_27400.png,2
arctic_vegetation/20230724_birch24_m3m/BIRC/tile_27401.png,2
arctic_vegetation/20230724_birch24_m3m/BIRC/tile_27499.png,2
arctic_vegetation/20230724_birch24_m3m/BIRC/tile_27500.png,2
arctic_vegetation/20230724_birch24_m3m/BIRC/tile_27501.png,2
arctic_vegetation/20230724_birch24_m3m/BIRC/tile_27502.png,2
arctic_vegetation/20230724_birch24_m3m/BIRC/tile_27503.png,2
arctic_vegetation/20230724_birch24_m3m/BIRC/tile_27505.png,2
arctic_vegetation/20230724_birch24_m3m/BIRC/tile_27506.png,2
arctic_vegetation/20230724_birch24_m3m/BIRC/tile_27507.png,2
arctic_vegetation/20230724_birch24_m3m/BIRC/tile_27508.png,2
arctic_vegetation/20230724_birch24_m3m/BIRC/tile_27509.png,2
arctic_vegetation/20230724_birch24_m3m/BIRC/tile_27510.png,2
arctic_vegetation/20230724_birch24_m3m/BIRC/tile_27511.png,2
arctic_vegetation/20230724_birch24_m3m/BIRC/tile_27512.png,2
arctic_vegetation/20230724_birch24_m3m/BIRC/tile_27513.png,2
arctic_vegetation/20230724_birch24_m3m/BIRC/tile_27514.png,2
arctic_vegetation/20230724_birch24_m3m/BIRC/tile_27515.png,2
arctic_vegetation/20230724_birch24_m3m/BIRC/tile_27516.png,2
arctic_vegetation/20230724_birch24_m3m/BIRC/tile_27517.png,2
arctic_vegetation/20230724_birch24_m3m/BIRC/tile_27518.png,2
arctic_vegetation/20230724_birch24_m3m/BIRC/tile_27519.png,2
arctic_vegetation/20230724_birch24_m3m/BIRC/tile_27520.png,2
arctic_vegetation/20230724_birch24_m3m/DRYI/tile_27521.png,3
arctic_vegetation/20230724_birch24_m3m/BIRC/tile_27522.png,2
arctic_vegetation/20230724_birch24_m3m/BIRC/tile_27523.png,2
arctic_vegetation/20230724_birch24_m3m/BIRC/tile_27524.png,2
arctic_vegetation/20230724_birch24_m3m/BIRC/tile_27525.png,2
arctic_vegetation/20230724_birch24_m3m/BIRC/tile_27526.png,2
arctic_vegetation/20230724_birch24_m3m/BIRC/tile_27527.png,2
arctic_vegetation/20230724_birch24_m3m/BIRC/tile_27528.png,2
arctic_vegetation/20230724_birch24_m3m/BIRC/tile_27529.png,2
arctic_vegetation/20230724_birch24_m3m/BIRC/tile_27530.png,2
arctic_vegetation/20230724_birch24_m3m/BIRC/tile_27531.png,2
arctic_vegetation/20230724_birch24_m3m/BIRC/tile_27532.png,2
arctic_vegetation/20230724_birch24_m3m/BIRC/tile_27533.png,2
arctic_vegetation/20230724_birch24_m3m/BIRC/tile_27534.png,2
arctic_vegetation/20230724_birch24_m3m/BIRC/tile_27535.png,2
arctic_vegetation/20230724_birch24_m3m/BIRC/tile_27536.png,2
arctic_vegetation/20230724_birch24_m3m/BIRC/tile_27537.png,2
arctic_vegetation/20230724_birch24_m3m/BIRC/tile_27538.png,2
arctic_vegetation/20230724_birch24_m3m/BIRC/tile_27539.png,2
arctic_vegetation/20230724_birch24_m3m/BIRC/tile_27540.png,2
arctic_vegetation/20230724_birch24_m3m/BIRC/tile_27541.png,2
arctic_vegetation/20230724_birch24_m3m/BIRC/tile_27542.png,2
arctic_vegetation/20230724_birch24_m3m/BIRC/tile_27543.png,2
arctic_vegetation/20230724_birch24_m3m/BIRC/tile_27544.png,2
arctic_vegetation/20230724_birch24_m3m/BIRC/tile_27545.png,2
arctic_vegetation/20230724_birch24_m3m/BIRC/tile_27546.png,2
arctic_vegetation/20230724_birch24_m3m/BIRC/tile_27547.png,2
arctic_vegetation/20230724_birch24_m3m/BIRC/tile_27548.png,2
arctic_vegetation/20230724_birch24_m3m/LICH/tile_27549.png,4
arctic_vegetation/20230724_birch24_m3m/BIRC/tile_27550.png,2
arctic_vegetation/20230724_birch24_m3m/BIRC/tile_27551.png,2
arctic_vegetation/20230724_birch24_m3m/BIRC/tile_27552.png,2
arctic_vegetation/20230724_birch24_m3m/BIRC/tile_27553.png,2
arctic_vegetation/20230724_birch24_m3m/BIRC/tile_27554.png,2
arctic_vegetation/20230724_birch24_m3m/BIRC/tile_27555.png,2
arctic_vegetation/20230724_birch24_m3m/BIRC/tile_27556.png,2
arctic_vegetation/20230724_birch24_m3m/BIRC/tile_27557.png,2
arctic_vegetation/20230724_birch24_m3m/BIRC/tile_27558.png,2
arctic_vegetation/20230724_birch24_m3m/BIRC/tile_27559.png,2
arctic_vegetation/20230724_birch24_m3m/BIRC/tile_27560.png,2
arctic_vegetation/20230724_birch24_m3m/BIRC/tile_27561.png,2
arctic_vegetation/20230724_birch24_m3m/BIRC/tile_27562.png,2
arctic_vegetation/20230724_birch24_m3m/BIRC/tile_27563.png,2
arctic_vegetation/20230724_birch24_m3m/BIRC/tile_27564.png,2
arctic_vegetation/20230724_birch24_m3m/BIRC/tile_27565.png,2
arctic_vegetation/20230724_birch24_m3m/BIRC/tile_27566.png,2
arctic_vegetation/20230724_birch24_m3m/BIRC/tile_27567.png,2
arctic_vegetation/20230724_birch24_m3m/BIRC/tile_27568.png,2
arctic_vegetation/20230724_birch24_m3m/BIRC/tile_27569.png,2
arctic_vegetation/20230724_birch24_m3m/BIRC/tile_27570.png,2
arctic_vegetation/20230724_birch24_m3m/BIRC/tile_27571.png,2
arctic_vegetation/20230724_birch24_m3m/BIRC/tile_27572.png,2
arctic_vegetation/20230724_birch24_m3m/BIRC/tile_27573.png,2
arctic_vegetation/20230724_birch24_m3m/BIRC/tile_27574.png,2
arctic_vegetation/20230724_birch24_m3m/BIRC/tile_27575.png,2
arctic_vegetation/20230724_birch24_m3m/BIRC/tile_27576.png,2
arctic_vegetation/20230724_birch24_m3m/BIRC/tile_27577.png,2
arctic_vegetation/20230724_birch24_m3m/BIRC/tile_27578.png,2
arctic_vegetation/20230724_birch24_m3m/BIRC/tile_27579.png,2
arctic_vegetation/20230724_birch24_m3m/BIRC/tile_27580.png,2
arctic_vegetation/20230724_birch24_m3m/BIRC/tile_27581.png,2
arctic_vegetation/20230724_birch24_m3m/BIRC/tile_27582.png,2
arctic_vegetation/20230724_birch24_m3m/BIRC/tile_27583.png,2
arctic_vegetation/20230724_birch24_m3m/BIRC/tile_27584.png,2
arctic_vegetation/20230724_birch24_m3m/BIRC/tile_27585.png,2
arctic_vegetation/20230724_birch24_m3m/BIRC/tile_27586.png,2
arctic_vegetation/20230724_birch24_m3m/BIRC/tile_27587.png,2
arctic_vegetation/20230724_birch24_m3m/BIRC/tile_27588.png,2
arctic_vegetation/20230724_birch24_m3m/BIRC/tile_27589.png,2
arctic_vegetation/20230724_birch24_m3m/BIRC/tile_27590.png,2
arctic_vegetation/20230724_birch24_m3m/BIRC/tile_27591.png,2
arctic_vegetation/20230724_birch24_m3m/BIRC/tile_27592.png,2
arctic_vegetation/20230724_birch24_m3m/BIRC/tile_27593.png,2
arctic_vegetation/20230724_birch24_m3m/BIRC/tile_27594.png,2
arctic_vegetation/20230724_birch24_m3m/BIRC/tile_27595.png,2
arctic_vegetation/20230724_birch24_m3m/BIRC/tile_27596.png,2
arctic_vegetation/20230724_birch24_m3m/BIRC/tile_27597.png,2
arctic_vegetation/20230724_birch24_m3m/BIRC/tile_27598.png,2
arctic_vegetation/20230724_birch24_m3m/BIRC/tile_27599.png,2
arctic_vegetation/20230724_birch24_m3m/BIRC/tile_27600.png,2
arctic_vegetation/20230724_birch24_m3m/BIRC/tile_27601.png,2
arctic_vegetation/20230724_birch24_m3m/BIRC/tile_27602.png,2
arctic_vegetation/20230724_birch24_m3m/BIRC/tile_27603.png,2
arctic_vegetation/20230724_birch24_m3m/BIRC/tile_27604.png,2
arctic_vegetation/20230724_birch24_m3m/BIRC/tile_27605.png,2
arctic_vegetation/20230724_birch24_m3m/BIRC/tile_27606.png,2
arctic_vegetation/20230724_birch24_m3m/BIRC/tile_27607.png,2
arctic_vegetation/20230724_birch24_m3m/BIRC/tile_27608.png,2
arctic_vegetation/20230724_birch24_m3m/BIRC/tile_27609.png,2
arctic_vegetation/20230724_birch24_m3m/BIRC/tile_27610.png,2
arctic_vegetation/20230724_birch24_m3m/BIRC/tile_27611.png,2
arctic_vegetation/20230724_birch24_m3m/BIRC/tile_27612.png,2
arctic_vegetation/20230724_birch24_m3m/BIRC/tile_27613.png,2
arctic_vegetation/20230724_birch24_m3m/BIRC/tile_27614.png,2
arctic_vegetation/20230724_birch24_m3m/BIRC/tile_27615.png,2
arctic_vegetation/20230724_birch24_m3m/BIRC/tile_27713.png,2
arctic_vegetation/20230724_birch24_m3m/BIRC/tile_27714.png,2
arctic_vegetation/20230724_birch24_m3m/BIRC/tile_27715.png,2
arctic_vegetation/20230724_birch24_m3m/BIRC/tile_27716.png,2
arctic_vegetation/20230724_birch24_m3m/BIRC/tile_27717.png,2
arctic_vegetation/20230724_birch24_m3m/BIRC/tile_27719.png,2
arctic_vegetation/20230724_birch24_m3m/BIRC/tile_27720.png,2
arctic_vegetation/20230724_birch24_m3m/BIRC/tile_27721.png,2
arctic_vegetation/20230724_birch24_m3m/BIRC/tile_27722.png,2
arctic_vegetation/20230724_birch24_m3m/BIRC/tile_27723.png,2
arctic_vegetation/20230724_birch24_m3m/BIRC/tile_27724.png,2
arctic_vegetation/20230724_birch24_m3m/BIRC/tile_27725.png,2
arctic_vegetation/20230724_birch24_m3m/BIRC/tile_27726.png,2
arctic_vegetation/20230724_birch24_m3m/BIRC/tile_27727.png,2
arctic_vegetation/20230724_birch24_m3m/WILL/tile_27728.png,11
arctic_vegetation/20230724_birch24_m3m/WILL/tile_27729.png,11
arctic_vegetation/20230724_birch24_m3m/WILL/tile_27730.png,11
arctic_vegetation/20230724_birch24_m3m/BIRC/tile_27732.png,2
arctic_vegetation/20230724_birch24_m3m/BIRC/tile_27733.png,2
arctic_vegetation/20230724_birch24_m3m/BIRC/tile_27734.png,2
arctic_vegetation/20230724_birch24_m3m/DRYI/tile_27735.png,3
arctic_vegetation/20230724_birch24_m3m/BIRC/tile_27736.png,2
arctic_vegetation/20230724_birch24_m3m/BIRC/tile_27737.png,2
arctic_vegetation/20230724_birch24_m3m/BIRC/tile_27738.png,2
arctic_vegetation/20230724_birch24_m3m/BIRC/tile_27739.png,2
arctic_vegetation/20230724_birch24_m3m/BIRC/tile_27740.png,2
arctic_vegetation/20230724_birch24_m3m/BIRC/tile_27741.png,2
arctic_vegetation/20230724_birch24_m3m/BIRC/tile_27742.png,2
arctic_vegetation/20230724_birch24_m3m/BIRC/tile_27743.png,2
arctic_vegetation/20230724_birch24_m3m/BIRC/tile_27744.png,2
arctic_vegetation/20230724_birch24_m3m/BIRC/tile_27745.png,2
arctic_vegetation/20230724_birch24_m3m/BIRC/tile_27746.png,2
arctic_vegetation/20230724_birch24_m3m/BIRC/tile_27747.png,2
arctic_vegetation/20230724_birch24_m3m/BIRC/tile_27748.png,2
arctic_vegetation/20230724_birch24_m3m/BIRC/tile_27749.png,2
arctic_vegetation/20230724_birch24_m3m/BIRC/tile_27750.png,2
arctic_vegetation/20230724_birch24_m3m/BIRC/tile_27751.png,2
arctic_vegetation/20230724_birch24_m3m/BIRC/tile_27752.png,2
arctic_vegetation/20230724_birch24_m3m/BIRC/tile_27753.png,2
arctic_vegetation/20230724_birch24_m3m/BIRC/tile_27754.png,2
arctic_vegetation/20230724_birch24_m3m/BIRC/tile_27755.png,2
arctic_vegetation/20230724_birch24_m3m/BIRC/tile_27756.png,2
arctic_vegetation/20230724_birch24_m3m/BIRC/tile_27757.png,2
arctic_vegetation/20230724_birch24_m3m/BIRC/tile_27758.png,2
arctic_vegetation/20230724_birch24_m3m/BIRC/tile_27759.png,2
arctic_vegetation/20230724_birch24_m3m/BIRC/tile_27760.png,2
arctic_vegetation/20230724_birch24_m3m/BIRC/tile_27761.png,2
arctic_vegetation/20230724_birch24_m3m/BIRC/tile_27762.png,2
arctic_vegetation/20230724_birch24_m3m/BIRC/tile_27763.png,2
arctic_vegetation/20230724_birch24_m3m/BIRC/tile_27764.png,2
arctic_vegetation/20230724_birch24_m3m/BIRC/tile_27765.png,2
arctic_vegetation/20230724_birch24_m3m/BIRC/tile_27766.png,2
arctic_vegetation/20230724_birch24_m3m/BIRC/tile_27767.png,2
arctic_vegetation/20230724_birch24_m3m/BIRC/tile_27768.png,2
arctic_vegetation/20230724_birch24_m3m/BIRC/tile_27769.png,2
arctic_vegetation/20230724_birch24_m3m/BIRC/tile_27770.png,2
arctic_vegetation/20230724_birch24_m3m/BIRC/tile_27771.png,2
arctic_vegetation/20230724_birch24_m3m/BIRC/tile_27772.png,2
arctic_vegetation/20230724_birch24_m3m/BIRC/tile_27773.png,2
arctic_vegetation/20230724_birch24_m3m/BIRC/tile_27774.png,2
arctic_vegetation/20230724_birch24_m3m/BIRC/tile_27775.png,2
arctic_vegetation/20230724_birch24_m3m/BIRC/tile_27776.png,2
arctic_vegetation/20230724_birch24_m3m/BIRC/tile_27777.png,2
arctic_vegetation/20230724_birch24_m3m/BIRC/tile_27778.png,2
arctic_vegetation/20230724_birch24_m3m/BIRC/tile_27779.png,2
arctic_vegetation/20230724_birch24_m3m/BIRC/tile_27780.png,2
arctic_vegetation/20230724_birch24_m3m/BIRC/tile_27781.png,2
arctic_vegetation/20230724_birch24_m3m/BIRC/tile_27782.png,2
arctic_vegetation/20230724_birch24_m3m/BIRC/tile_27783.png,2
arctic_vegetation/20230724_birch24_m3m/BIRC/tile_27784.png,2
arctic_vegetation/20230724_birch24_m3m/BIRC/tile_27785.png,2
arctic_vegetation/20230724_birch24_m3m/BIRC/tile_27786.png,2
arctic_vegetation/20230724_birch24_m3m/BIRC/tile_27787.png,2
arctic_vegetation/20230724_birch24_m3m/BIRC/tile_27788.png,2
arctic_vegetation/20230724_birch24_m3m/BIRC/tile_27789.png,2
arctic_vegetation/20230724_birch24_m3m/BIRC/tile_27790.png,2
arctic_vegetation/20230724_birch24_m3m/BIRC/tile_27791.png,2
arctic_vegetation/20230724_birch24_m3m/BIRC/tile_27792.png,2
arctic_vegetation/20230724_birch24_m3m/BIRC/tile_27793.png,2
arctic_vegetation/20230724_birch24_m3m/BIRC/tile_27794.png,2
arctic_vegetation/20230724_birch24_m3m/BIRC/tile_27795.png,2
arctic_vegetation/20230724_birch24_m3m/BIRC/tile_27796.png,2
arctic_vegetation/20230724_birch24_m3m/BIRC/tile_27797.png,2
arctic_vegetation/20230724_birch24_m3m/BIRC/tile_27798.png,2
arctic_vegetation/20230724_birch24_m3m/BIRC/tile_27799.png,2
arctic_vegetation/20230724_birch24_m3m/BIRC/tile_27800.png,2
arctic_vegetation/20230724_birch24_m3m/BIRC/tile_27801.png,2
arctic_vegetation/20230724_birch24_m3m/BIRC/tile_27802.png,2
arctic_vegetation/20230724_birch24_m3m/WILL/tile_27803.png,11
arctic_vegetation/20230724_birch24_m3m/WILL/tile_27804.png,11
arctic_vegetation/20230724_birch24_m3m/WILL/tile_27805.png,11
arctic_vegetation/20230724_birch24_m3m/BIRC/tile_27806.png,2
arctic_vegetation/20230724_birch24_m3m/BIRC/tile_27807.png,2
arctic_vegetation/20230724_birch24_m3m/BIRC/tile_27808.png,2
arctic_vegetation/20230724_birch24_m3m/BIRC/tile_27809.png,2
arctic_vegetation/20230724_birch24_m3m/BIRC/tile_27810.png,2
arctic_vegetation/20230724_birch24_m3m/BIRC/tile_27811.png,2
arctic_vegetation/20230724_birch24_m3m/BIRC/tile_27812.png,2
arctic_vegetation/20230724_birch24_m3m/BIRC/tile_27813.png,2
arctic_vegetation/20230724_birch24_m3m/BIRC/tile_27814.png,2
arctic_vegetation/20230724_birch24_m3m/BIRC/tile_27815.png,2
arctic_vegetation/20230724_birch24_m3m/BIRC/tile_27816.png,2
arctic_vegetation/20230724_birch24_m3m/BIRC/tile_27817.png,2
arctic_vegetation/20230724_birch24_m3m/BIRC/tile_27818.png,2
arctic_vegetation/20230724_birch24_m3m/BIRC/tile_27819.png,2
arctic_vegetation/20230724_birch24_m3m/BIRC/tile_27820.png,2
arctic_vegetation/20230724_birch24_m3m/BIRC/tile_27821.png,2
arctic_vegetation/20230724_birch24_m3m/BIRC/tile_27822.png,2
arctic_vegetation/20230724_birch24_m3m/BIRC/tile_27823.png,2
arctic_vegetation/20230724_birch24_m3m/BIRC/tile_27824.png,2
arctic_vegetation/20230724_birch24_m3m/BIRC/tile_27825.png,2
arctic_vegetation/20230724_birch24_m3m/BIRC/tile_27826.png,2
arctic_vegetation/20230724_birch24_m3m/BIRC/tile_27827.png,2
arctic_vegetation/20230724_birch24_m3m/BIRC/tile_27828.png,2
arctic_vegetation/20230724_birch24_m3m/BIRC/tile_27829.png,2
arctic_vegetation/20230724_birch24_m3m/BIRC/tile_27927.png,2
arctic_vegetation/20230724_birch24_m3m/BIRC/tile_27928.png,2
arctic_vegetation/20230724_birch24_m3m/BIRC/tile_27929.png,2
arctic_vegetation/20230724_birch24_m3m/BIRC/tile_27930.png,2
arctic_vegetation/20230724_birch24_m3m/BIRC/tile_27931.png,2
arctic_vegetation/20230724_birch24_m3m/BIRC/tile_27932.png,2
arctic_vegetation/20230724_birch24_m3m/BIRC/tile_27933.png,2
arctic_vegetation/20230724_birch24_m3m/BIRC/tile_27934.png,2
arctic_vegetation/20230724_birch24_m3m/BIRC/tile_27935.png,2
arctic_vegetation/20230724_birch24_m3m/BIRC/tile_27936.png,2
arctic_vegetation/20230724_birch24_m3m/BIRC/tile_27937.png,2
arctic_vegetation/20230724_birch24_m3m/BIRC/tile_27938.png,2
arctic_vegetation/20230724_birch24_m3m/BIRC/tile_27939.png,2
arctic_vegetation/20230724_birch24_m3m/BIRC/tile_27940.png,2
arctic_vegetation/20230724_birch24_m3m/BIRC/tile_27941.png,2
arctic_vegetation/20230724_birch24_m3m/BIRC/tile_27942.png,2
arctic_vegetation/20230724_birch24_m3m/BIRC/tile_27943.png,2
arctic_vegetation/20230724_birch24_m3m/BIRC/tile_27944.png,2
arctic_vegetation/20230724_birch24_m3m/BIRC/tile_27945.png,2
arctic_vegetation/20230724_birch24_m3m/BIRC/tile_27946.png,2
arctic_vegetation/20230724_birch24_m3m/BIRC/tile_27947.png,2
arctic_vegetation/20230724_birch24_m3m/BIRC/tile_27948.png,2
arctic_vegetation/20230724_birch24_m3m/DRYI/tile_27949.png,3
arctic_vegetation/20230724_birch24_m3m/BIRC/tile_27950.png,2
arctic_vegetation/20230724_birch24_m3m/BIRC/tile_27951.png,2
arctic_vegetation/20230724_birch24_m3m/BIRC/tile_27952.png,2
arctic_vegetation/20230724_birch24_m3m/BIRC/tile_27953.png,2
arctic_vegetation/20230724_birch24_m3m/BIRC/tile_27954.png,2
arctic_vegetation/20230724_birch24_m3m/BIRC/tile_27955.png,2
arctic_vegetation/20230724_birch24_m3m/BIRC/tile_27956.png,2
arctic_vegetation/20230724_birch24_m3m/BIRC/tile_27957.png,2
arctic_vegetation/20230724_birch24_m3m/BIRC/tile_27958.png,2
arctic_vegetation/20230724_birch24_m3m/BIRC/tile_27959.png,2
arctic_vegetation/20230724_birch24_m3m/BIRC/tile_27960.png,2
arctic_vegetation/20230724_birch24_m3m/BIRC/tile_27961.png,2
arctic_vegetation/20230724_birch24_m3m/BIRC/tile_27962.png,2
arctic_vegetation/20230724_birch24_m3m/BIRC/tile_27963.png,2
arctic_vegetation/20230724_birch24_m3m/LICH/tile_27964.png,4
arctic_vegetation/20230724_birch24_m3m/BIRC/tile_27965.png,2
arctic_vegetation/20230724_birch24_m3m/BIRC/tile_27966.png,2
arctic_vegetation/20230724_birch24_m3m/BIRC/tile_27967.png,2
arctic_vegetation/20230724_birch24_m3m/BIRC/tile_27968.png,2
arctic_vegetation/20230724_birch24_m3m/BIRC/tile_27969.png,2
arctic_vegetation/20230724_birch24_m3m/BIRC/tile_27970.png,2
arctic_vegetation/20230724_birch24_m3m/BIRC/tile_27971.png,2
arctic_vegetation/20230724_birch24_m3m/BIRC/tile_27972.png,2
arctic_vegetation/20230724_birch24_m3m/BIRC/tile_27973.png,2
arctic_vegetation/20230724_birch24_m3m/BIRC/tile_27974.png,2
arctic_vegetation/20230724_birch24_m3m/BIRC/tile_27975.png,2
arctic_vegetation/20230724_birch24_m3m/BIRC/tile_27976.png,2
arctic_vegetation/20230724_birch24_m3m/BIRC/tile_27977.png,2
arctic_vegetation/20230724_birch24_m3m/BIRC/tile_27978.png,2
arctic_vegetation/20230724_birch24_m3m/BIRC/tile_27979.png,2
arctic_vegetation/20230724_birch24_m3m/BIRC/tile_27980.png,2
arctic_vegetation/20230724_birch24_m3m/BIRC/tile_27981.png,2
arctic_vegetation/20230724_birch24_m3m/BIRC/tile_27982.png,2
arctic_vegetation/20230724_birch24_m3m/BIRC/tile_27983.png,2
arctic_vegetation/20230724_birch24_m3m/BIRC/tile_27984.png,2
arctic_vegetation/20230724_birch24_m3m/BIRC/tile_27985.png,2
arctic_vegetation/20230724_birch24_m3m/BIRC/tile_27986.png,2
arctic_vegetation/20230724_birch24_m3m/BIRC/tile_27987.png,2
arctic_vegetation/20230724_birch24_m3m/BIRC/tile_27988.png,2
arctic_vegetation/20230724_birch24_m3m/BIRC/tile_27989.png,2
arctic_vegetation/20230724_birch24_m3m/BIRC/tile_27990.png,2
arctic_vegetation/20230724_birch24_m3m/BIRC/tile_27991.png,2
arctic_vegetation/20230724_birch24_m3m/BIRC/tile_27992.png,2
arctic_vegetation/20230724_birch24_m3m/BIRC/tile_27993.png,2
arctic_vegetation/20230724_birch24_m3m/BIRC/tile_27994.png,2
arctic_vegetation/20230724_birch24_m3m/BIRC/tile_27995.png,2
arctic_vegetation/20230724_birch24_m3m/BIRC/tile_27996.png,2
arctic_vegetation/20230724_birch24_m3m/BIRC/tile_27997.png,2
arctic_vegetation/20230724_birch24_m3m/BIRC/tile_27998.png,2
arctic_vegetation/20230724_birch24_m3m/BIRC/tile_27999.png,2
arctic_vegetation/20230724_birch24_m3m/BIRC/tile_28000.png,2
arctic_vegetation/20230724_birch24_m3m/BIRC/tile_28001.png,2
arctic_vegetation/20230724_birch24_m3m/BIRC/tile_28002.png,2
arctic_vegetation/20230724_birch24_m3m/BIRC/tile_28003.png,2
arctic_vegetation/20230724_birch24_m3m/BIRC/tile_28004.png,2
arctic_vegetation/20230724_birch24_m3m/BIRC/tile_28005.png,2
arctic_vegetation/20230724_birch24_m3m/BIRC/tile_28006.png,2
arctic_vegetation/20230724_birch24_m3m/BIRC/tile_28007.png,2
arctic_vegetation/20230724_birch24_m3m/BIRC/tile_28008.png,2
arctic_vegetation/20230724_birch24_m3m/BIRC/tile_28009.png,2
arctic_vegetation/20230724_birch24_m3m/BIRC/tile_28010.png,2
arctic_vegetation/20230724_birch24_m3m/BIRC/tile_28011.png,2
arctic_vegetation/20230724_birch24_m3m/BIRC/tile_28012.png,2
arctic_vegetation/20230724_birch24_m3m/BIRC/tile_28013.png,2
arctic_vegetation/20230724_birch24_m3m/BIRC/tile_28014.png,2
arctic_vegetation/20230724_birch24_m3m/BIRC/tile_28015.png,2
arctic_vegetation/20230724_birch24_m3m/BIRC/tile_28016.png,2
arctic_vegetation/20230724_birch24_m3m/WILL/tile_28017.png,11
arctic_vegetation/20230724_birch24_m3m/WILL/tile_28018.png,11
arctic_vegetation/20230724_birch24_m3m/WILL/tile_28019.png,11
arctic_vegetation/20230724_birch24_m3m/PETF/tile_28020.png,6
arctic_vegetation/20230724_birch24_m3m/BIRC/tile_28021.png,2
arctic_vegetation/20230724_birch24_m3m/BIRC/tile_28022.png,2
arctic_vegetation/20230724_birch24_m3m/BIRC/tile_28023.png,2
arctic_vegetation/20230724_birch24_m3m/BIRC/tile_28024.png,2
arctic_vegetation/20230724_birch24_m3m/BIRC/tile_28025.png,2
arctic_vegetation/20230724_birch24_m3m/BIRC/tile_28026.png,2
arctic_vegetation/20230724_birch24_m3m/BIRC/tile_28027.png,2
arctic_vegetation/20230724_birch24_m3m/BIRC/tile_28028.png,2
arctic_vegetation/20230724_birch24_m3m/BIRC/tile_28029.png,2
arctic_vegetation/20230724_birch24_m3m/BIRC/tile_28030.png,2
arctic_vegetation/20230724_birch24_m3m/BIRC/tile_28031.png,2
arctic_vegetation/20230724_birch24_m3m/BIRC/tile_28032.png,2
arctic_vegetation/20230724_birch24_m3m/BIRC/tile_28033.png,2
arctic_vegetation/20230724_birch24_m3m/BIRC/tile_28034.png,2
arctic_vegetation/20230724_birch24_m3m/BIRC/tile_28035.png,2
arctic_vegetation/20230724_birch24_m3m/BIRC/tile_28036.png,2
arctic_vegetation/20230724_birch24_m3m/BIRC/tile_28037.png,2
arctic_vegetation/20230724_birch24_m3m/BIRC/tile_28038.png,2
arctic_vegetation/20230724_birch24_m3m/BIRC/tile_28039.png,2
arctic_vegetation/20230724_birch24_m3m/BIRC/tile_28040.png,2
arctic_vegetation/20230724_birch24_m3m/BIRC/tile_28041.png,2
arctic_vegetation/20230724_birch24_m3m/BIRC/tile_28042.png,2
arctic_vegetation/20230724_birch24_m3m/BIRC/tile_28043.png,2
arctic_vegetation/20230724_birch24_m3m/BIRC/tile_28141.png,2
arctic_vegetation/20230724_birch24_m3m/BIRC/tile_28142.png,2
arctic_vegetation/20230724_birch24_m3m/BIRC/tile_28143.png,2
arctic_vegetation/20230724_birch24_m3m/BIRC/tile_28144.png,2
arctic_vegetation/20230724_birch24_m3m/BIRC/tile_28145.png,2
arctic_vegetation/20230724_birch24_m3m/BIRC/tile_28146.png,2
arctic_vegetation/20230724_birch24_m3m/BIRC/tile_28147.png,2
arctic_vegetation/20230724_birch24_m3m/BIRC/tile_28148.png,2
arctic_vegetation/20230724_birch24_m3m/BIRC/tile_28149.png,2
arctic_vegetation/20230724_birch24_m3m/BIRC/tile_28150.png,2
arctic_vegetation/20230724_birch24_m3m/BIRC/tile_28151.png,2
arctic_vegetation/20230724_birch24_m3m/BIRC/tile_28152.png,2
arctic_vegetation/20230724_birch24_m3m/BIRC/tile_28153.png,2
arctic_vegetation/20230724_birch24_m3m/BIRC/tile_28154.png,2
arctic_vegetation/20230724_birch24_m3m/BIRC/tile_28155.png,2
arctic_vegetation/20230724_birch24_m3m/BIRC/tile_28156.png,2
arctic_vegetation/20230724_birch24_m3m/BIRC/tile_28157.png,2
arctic_vegetation/20230724_birch24_m3m/BIRC/tile_28158.png,2
arctic_vegetation/20230724_birch24_m3m/BIRC/tile_28159.png,2
arctic_vegetation/20230724_birch24_m3m/BIRC/tile_28160.png,2
arctic_vegetation/20230724_birch24_m3m/BIRC/tile_28161.png,2
arctic_vegetation/20230724_birch24_m3m/BIRC/tile_28162.png,2
arctic_vegetation/20230724_birch24_m3m/BIRC/tile_28163.png,2
arctic_vegetation/20230724_birch24_m3m/BIRC/tile_28164.png,2
arctic_vegetation/20230724_birch24_m3m/BIRC/tile_28165.png,2
arctic_vegetation/20230724_birch24_m3m/BIRC/tile_28166.png,2
arctic_vegetation/20230724_birch24_m3m/BIRC/tile_28167.png,2
arctic_vegetation/20230724_birch24_m3m/BIRC/tile_28168.png,2
arctic_vegetation/20230724_birch24_m3m/BIRC/tile_28169.png,2
arctic_vegetation/20230724_birch24_m3m/BIRC/tile_28170.png,2
arctic_vegetation/20230724_birch24_m3m/BIRC/tile_28171.png,2
arctic_vegetation/20230724_birch24_m3m/BIRC/tile_28172.png,2
arctic_vegetation/20230724_birch24_m3m/BIRC/tile_28173.png,2
arctic_vegetation/20230724_birch24_m3m/BIRC/tile_28174.png,2
arctic_vegetation/20230724_birch24_m3m/BIRC/tile_28175.png,2
arctic_vegetation/20230724_birch24_m3m/BIRC/tile_28176.png,2
arctic_vegetation/20230724_birch24_m3m/LICH/tile_28177.png,4
arctic_vegetation/20230724_birch24_m3m/BIRC/tile_28178.png,2
arctic_vegetation/20230724_birch24_m3m/BIRC/tile_28179.png,2
arctic_vegetation/20230724_birch24_m3m/BIRC/tile_28180.png,2
arctic_vegetation/20230724_birch24_m3m/BIRC/tile_28181.png,2
arctic_vegetation/20230724_birch24_m3m/BIRC/tile_28182.png,2
arctic_vegetation/20230724_birch24_m3m/BIRC/tile_28183.png,2
arctic_vegetation/20230724_birch24_m3m/BIRC/tile_28184.png,2
arctic_vegetation/20230724_birch24_m3m/BIRC/tile_28185.png,2
arctic_vegetation/20230724_birch24_m3m/BIRC/tile_28186.png,2
arctic_vegetation/20230724_birch24_m3m/BIRC/tile_28187.png,2
arctic_vegetation/20230724_birch24_m3m/BIRC/tile_28188.png,2
arctic_vegetation/20230724_birch24_m3m/BIRC/tile_28189.png,2
arctic_vegetation/20230724_birch24_m3m/BIRC/tile_28190.png,2
arctic_vegetation/20230724_birch24_m3m/BIRC/tile_28191.png,2
arctic_vegetation/20230724_birch24_m3m/BIRC/tile_28192.png,2
arctic_vegetation/20230724_birch24_m3m/BIRC/tile_28193.png,2
arctic_vegetation/20230724_birch24_m3m/BIRC/tile_28194.png,2
arctic_vegetation/20230724_birch24_m3m/BIRC/tile_28195.png,2
arctic_vegetation/20230724_birch24_m3m/BIRC/tile_28196.png,2
arctic_vegetation/20230724_birch24_m3m/BIRC/tile_28197.png,2
arctic_vegetation/20230724_birch24_m3m/BIRC/tile_28198.png,2
arctic_vegetation/20230724_birch24_m3m/BIRC/tile_28199.png,2
arctic_vegetation/20230724_birch24_m3m/BIRC/tile_28200.png,2
arctic_vegetation/20230724_birch24_m3m/BIRC/tile_28201.png,2
arctic_vegetation/20230724_birch24_m3m/BIRC/tile_28202.png,2
arctic_vegetation/20230724_birch24_m3m/BIRC/tile_28203.png,2
arctic_vegetation/20230724_birch24_m3m/BIRC/tile_28204.png,2
arctic_vegetation/20230724_birch24_m3m/BIRC/tile_28205.png,2
arctic_vegetation/20230724_birch24_m3m/BIRC/tile_28206.png,2
arctic_vegetation/20230724_birch24_m3m/BIRC/tile_28207.png,2
arctic_vegetation/20230724_birch24_m3m/BIRC/tile_28208.png,2
arctic_vegetation/20230724_birch24_m3m/BIRC/tile_28209.png,2
arctic_vegetation/20230724_birch24_m3m/BIRC/tile_28210.png,2
arctic_vegetation/20230724_birch24_m3m/BIRC/tile_28211.png,2
arctic_vegetation/20230724_birch24_m3m/BIRC/tile_28212.png,2
arctic_vegetation/20230724_birch24_m3m/BIRC/tile_28213.png,2
arctic_vegetation/20230724_birch24_m3m/BIRC/tile_28214.png,2
arctic_vegetation/20230724_birch24_m3m/BIRC/tile_28215.png,2
arctic_vegetation/20230724_birch24_m3m/BIRC/tile_28216.png,2
arctic_vegetation/20230724_birch24_m3m/BIRC/tile_28217.png,2
arctic_vegetation/20230724_birch24_m3m/BIRC/tile_28218.png,2
arctic_vegetation/20230724_birch24_m3m/BIRC/tile_28219.png,2
arctic_vegetation/20230724_birch24_m3m/BIRC/tile_28221.png,2
arctic_vegetation/20230724_birch24_m3m/BIRC/tile_28222.png,2
arctic_vegetation/20230724_birch24_m3m/BIRC/tile_28223.png,2
arctic_vegetation/20230724_birch24_m3m/BIRC/tile_28224.png,2
arctic_vegetation/20230724_birch24_m3m/PETF/tile_28225.png,6
arctic_vegetation/20230724_birch24_m3m/BIRC/tile_28226.png,2
arctic_vegetation/20230724_birch24_m3m/BIRC/tile_28227.png,2
arctic_vegetation/20230724_birch24_m3m/BIRC/tile_28228.png,2
arctic_vegetation/20230724_birch24_m3m/BIRC/tile_28229.png,2
arctic_vegetation/20230724_birch24_m3m/BIRC/tile_28230.png,2
arctic_vegetation/20230724_birch24_m3m/BIRC/tile_28231.png,2
arctic_vegetation/20230724_birch24_m3m/BIRC/tile_28232.png,2
arctic_vegetation/20230724_birch24_m3m/PETF/tile_28233.png,6
arctic_vegetation/20230724_birch24_m3m/PETF/tile_28234.png,6
arctic_vegetation/20230724_birch24_m3m/PETF/tile_28235.png,6
arctic_vegetation/20230724_birch24_m3m/BIRC/tile_28236.png,2
arctic_vegetation/20230724_birch24_m3m/BIRC/tile_28237.png,2
arctic_vegetation/20230724_birch24_m3m/BIRC/tile_28238.png,2
arctic_vegetation/20230724_birch24_m3m/BIRC/tile_28239.png,2
arctic_vegetation/20230724_birch24_m3m/BIRC/tile_28240.png,2
arctic_vegetation/20230724_birch24_m3m/BIRC/tile_28241.png,2
arctic_vegetation/20230724_birch24_m3m/BIRC/tile_28242.png,2
arctic_vegetation/20230724_birch24_m3m/BIRC/tile_28243.png,2
arctic_vegetation/20230724_birch24_m3m/BIRC/tile_28244.png,2
arctic_vegetation/20230724_birch24_m3m/BIRC/tile_28245.png,2
arctic_vegetation/20230724_birch24_m3m/BIRC/tile_28246.png,2
arctic_vegetation/20230724_birch24_m3m/BIRC/tile_28247.png,2
arctic_vegetation/20230724_birch24_m3m/BIRC/tile_28248.png,2
arctic_vegetation/20230724_birch24_m3m/BIRC/tile_28249.png,2
arctic_vegetation/20230724_birch24_m3m/BIRC/tile_28250.png,2
arctic_vegetation/20230724_birch24_m3m/BIRC/tile_28251.png,2
arctic_vegetation/20230724_birch24_m3m/BIRC/tile_28252.png,2
arctic_vegetation/20230724_birch24_m3m/BIRC/tile_28253.png,2
arctic_vegetation/20230724_birch24_m3m/BIRC/tile_28254.png,2
arctic_vegetation/20230724_birch24_m3m/BIRC/tile_28255.png,2
arctic_vegetation/20230724_birch24_m3m/BIRC/tile_28256.png,2
arctic_vegetation/20230724_birch24_m3m/BIRC/tile_28257.png,2
arctic_vegetation/20230724_birch24_m3m/PETF/tile_28258.png,6
arctic_vegetation/20230724_birch24_m3m/BIRC/tile_28355.png,2
arctic_vegetation/20230724_birch24_m3m/BIRC/tile_28356.png,2
arctic_vegetation/20230724_birch24_m3m/BIRC/tile_28357.png,2
arctic_vegetation/20230724_birch24_m3m/BIRC/tile_28358.png,2
arctic_vegetation/20230724_birch24_m3m/BIRC/tile_28359.png,2
arctic_vegetation/20230724_birch24_m3m/BIRC/tile_28360.png,2
arctic_vegetation/20230724_birch24_m3m/BIRC/tile_28361.png,2
arctic_vegetation/20230724_birch24_m3m/BIRC/tile_28362.png,2
arctic_vegetation/20230724_birch24_m3m/BIRC/tile_28363.png,2
arctic_vegetation/20230724_birch24_m3m/BIRC/tile_28364.png,2
arctic_vegetation/20230724_birch24_m3m/BIRC/tile_28365.png,2
arctic_vegetation/20230724_birch24_m3m/BIRC/tile_28366.png,2
arctic_vegetation/20230724_birch24_m3m/BIRC/tile_28367.png,2
arctic_vegetation/20230724_birch24_m3m/BIRC/tile_28368.png,2
arctic_vegetation/20230724_birch24_m3m/BIRC/tile_28369.png,2
arctic_vegetation/20230724_birch24_m3m/BIRC/tile_28370.png,2
arctic_vegetation/20230724_birch24_m3m/BIRC/tile_28371.png,2
arctic_vegetation/20230724_birch24_m3m/BIRC/tile_28372.png,2
arctic_vegetation/20230724_birch24_m3m/BIRC/tile_28373.png,2
arctic_vegetation/20230724_birch24_m3m/BIRC/tile_28374.png,2
arctic_vegetation/20230724_birch24_m3m/BIRC/tile_28375.png,2
arctic_vegetation/20230724_birch24_m3m/BIRC/tile_28376.png,2
arctic_vegetation/20230724_birch24_m3m/BIRC/tile_28377.png,2
arctic_vegetation/20230724_birch24_m3m/BIRC/tile_28378.png,2
arctic_vegetation/20230724_birch24_m3m/BIRC/tile_28379.png,2
arctic_vegetation/20230724_birch24_m3m/BIRC/tile_28380.png,2
arctic_vegetation/20230724_birch24_m3m/BIRC/tile_28381.png,2
arctic_vegetation/20230724_birch24_m3m/DRYI/tile_28382.png,3
arctic_vegetation/20230724_birch24_m3m/BIRC/tile_28383.png,2
arctic_vegetation/20230724_birch24_m3m/BIRC/tile_28384.png,2
arctic_vegetation/20230724_birch24_m3m/BIRC/tile_28385.png,2
arctic_vegetation/20230724_birch24_m3m/BIRC/tile_28386.png,2
arctic_vegetation/20230724_birch24_m3m/BIRC/tile_28387.png,2
arctic_vegetation/20230724_birch24_m3m/BIRC/tile_28388.png,2
arctic_vegetation/20230724_birch24_m3m/BIRC/tile_28389.png,2
arctic_vegetation/20230724_birch24_m3m/BIRC/tile_28390.png,2
arctic_vegetation/20230724_birch24_m3m/LICH/tile_28391.png,4
arctic_vegetation/20230724_birch24_m3m/BIRC/tile_28392.png,2
arctic_vegetation/20230724_birch24_m3m/BIRC/tile_28393.png,2
arctic_vegetation/20230724_birch24_m3m/BIRC/tile_28394.png,2
arctic_vegetation/20230724_birch24_m3m/BIRC/tile_28395.png,2
arctic_vegetation/20230724_birch24_m3m/BIRC/tile_28396.png,2
arctic_vegetation/20230724_birch24_m3m/BIRC/tile_28397.png,2
arctic_vegetation/20230724_birch24_m3m/BIRC/tile_28398.png,2
arctic_vegetation/20230724_birch24_m3m/BIRC/tile_28399.png,2
arctic_vegetation/20230724_birch24_m3m/BIRC/tile_28400.png,2
arctic_vegetation/20230724_birch24_m3m/BIRC/tile_28401.png,2
arctic_vegetation/20230724_birch24_m3m/DRYI/tile_28402.png,3
arctic_vegetation/20230724_birch24_m3m/BIRC/tile_28404.png,2
arctic_vegetation/20230724_birch24_m3m/BIRC/tile_28405.png,2
arctic_vegetation/20230724_birch24_m3m/BIRC/tile_28407.png,2
arctic_vegetation/20230724_birch24_m3m/BIRC/tile_28408.png,2
arctic_vegetation/20230724_birch24_m3m/BIRC/tile_28409.png,2
arctic_vegetation/20230724_birch24_m3m/BIRC/tile_28410.png,2
arctic_vegetation/20230724_birch24_m3m/BIRC/tile_28411.png,2
arctic_vegetation/20230724_birch24_m3m/BIRC/tile_28412.png,2
arctic_vegetation/20230724_birch24_m3m/BIRC/tile_28413.png,2
arctic_vegetation/20230724_birch24_m3m/BIRC/tile_28414.png,2
arctic_vegetation/20230724_birch24_m3m/BIRC/tile_28415.png,2
arctic_vegetation/20230724_birch24_m3m/BIRC/tile_28416.png,2
arctic_vegetation/20230724_birch24_m3m/BIRC/tile_28417.png,2
arctic_vegetation/20230724_birch24_m3m/BIRC/tile_28418.png,2
arctic_vegetation/20230724_birch24_m3m/BIRC/tile_28419.png,2
arctic_vegetation/20230724_birch24_m3m/BIRC/tile_28420.png,2
arctic_vegetation/20230724_birch24_m3m/BIRC/tile_28421.png,2
arctic_vegetation/20230724_birch24_m3m/BIRC/tile_28422.png,2
arctic_vegetation/20230724_birch24_m3m/BIRC/tile_28423.png,2
arctic_vegetation/20230724_birch24_m3m/BIRC/tile_28424.png,2
arctic_vegetation/20230724_birch24_m3m/BIRC/tile_28425.png,2
arctic_vegetation/20230724_birch24_m3m/BIRC/tile_28426.png,2
arctic_vegetation/20230724_birch24_m3m/BIRC/tile_28427.png,2
arctic_vegetation/20230724_birch24_m3m/BIRC/tile_28428.png,2
arctic_vegetation/20230724_birch24_m3m/BIRC/tile_28429.png,2
arctic_vegetation/20230724_birch24_m3m/BIRC/tile_28430.png,2
arctic_vegetation/20230724_birch24_m3m/BIRC/tile_28431.png,2
arctic_vegetation/20230724_birch24_m3m/BIRC/tile_28432.png,2
arctic_vegetation/20230724_birch24_m3m/BIRC/tile_28433.png,2
arctic_vegetation/20230724_birch24_m3m/BIRC/tile_28435.png,2
arctic_vegetation/20230724_birch24_m3m/BIRC/tile_28436.png,2
arctic_vegetation/20230724_birch24_m3m/BIRC/tile_28437.png,2
arctic_vegetation/20230724_birch24_m3m/BIRC/tile_28438.png,2
arctic_vegetation/20230724_birch24_m3m/BIRC/tile_28439.png,2
arctic_vegetation/20230724_birch24_m3m/BIRC/tile_28440.png,2
arctic_vegetation/20230724_birch24_m3m/BIRC/tile_28441.png,2
arctic_vegetation/20230724_birch24_m3m/BIRC/tile_28442.png,2
arctic_vegetation/20230724_birch24_m3m/BIRC/tile_28443.png,2
arctic_vegetation/20230724_birch24_m3m/BIRC/tile_28444.png,2
arctic_vegetation/20230724_birch24_m3m/BIRC/tile_28445.png,2
arctic_vegetation/20230724_birch24_m3m/BIRC/tile_28446.png,2
arctic_vegetation/20230724_birch24_m3m/BIRC/tile_28447.png,2
arctic_vegetation/20230724_birch24_m3m/BIRC/tile_28448.png,2
arctic_vegetation/20230724_birch24_m3m/BIRC/tile_28449.png,2
arctic_vegetation/20230724_birch24_m3m/BIRC/tile_28450.png,2
arctic_vegetation/20230724_birch24_m3m/BIRC/tile_28451.png,2
arctic_vegetation/20230724_birch24_m3m/BIRC/tile_28452.png,2
arctic_vegetation/20230724_birch24_m3m/PETF/tile_28453.png,6
arctic_vegetation/20230724_birch24_m3m/PETF/tile_28454.png,6
arctic_vegetation/20230724_birch24_m3m/BIRC/tile_28455.png,2
arctic_vegetation/20230724_birch24_m3m/BIRC/tile_28456.png,2
arctic_vegetation/20230724_birch24_m3m/BIRC/tile_28457.png,2
arctic_vegetation/20230724_birch24_m3m/BIRC/tile_28458.png,2
arctic_vegetation/20230724_birch24_m3m/BIRC/tile_28459.png,2
arctic_vegetation/20230724_birch24_m3m/BIRC/tile_28460.png,2
arctic_vegetation/20230724_birch24_m3m/BIRC/tile_28461.png,2
arctic_vegetation/20230724_birch24_m3m/BIRC/tile_28462.png,2
arctic_vegetation/20230724_birch24_m3m/BIRC/tile_28463.png,2
arctic_vegetation/20230724_birch24_m3m/BIRC/tile_28464.png,2
arctic_vegetation/20230724_birch24_m3m/BIRC/tile_28465.png,2
arctic_vegetation/20230724_birch24_m3m/BIRC/tile_28466.png,2
arctic_vegetation/20230724_birch24_m3m/BIRC/tile_28467.png,2
arctic_vegetation/20230724_birch24_m3m/BIRC/tile_28468.png,2
arctic_vegetation/20230724_birch24_m3m/BIRC/tile_28469.png,2
arctic_vegetation/20230724_birch24_m3m/BIRC/tile_28470.png,2
arctic_vegetation/20230724_birch24_m3m/BIRC/tile_28471.png,2
arctic_vegetation/20230724_birch24_m3m/PETF/tile_28472.png,6
arctic_vegetation/20230724_birch24_m3m/BIRC/tile_28569.png,2
arctic_vegetation/20230724_birch24_m3m/BIRC/tile_28570.png,2
arctic_vegetation/20230724_birch24_m3m/BIRC/tile_28571.png,2
arctic_vegetation/20230724_birch24_m3m/BIRC/tile_28572.png,2
arctic_vegetation/20230724_birch24_m3m/BIRC/tile_28578.png,2
arctic_vegetation/20230724_birch24_m3m/BIRC/tile_28579.png,2
arctic_vegetation/20230724_birch24_m3m/BIRC/tile_28580.png,2
arctic_vegetation/20230724_birch24_m3m/BIRC/tile_28581.png,2
arctic_vegetation/20230724_birch24_m3m/BIRC/tile_28582.png,2
arctic_vegetation/20230724_birch24_m3m/BIRC/tile_28583.png,2
arctic_vegetation/20230724_birch24_m3m/BIRC/tile_28584.png,2
arctic_vegetation/20230724_birch24_m3m/BIRC/tile_28585.png,2
arctic_vegetation/20230724_birch24_m3m/BIRC/tile_28586.png,2
arctic_vegetation/20230724_birch24_m3m/BIRC/tile_28587.png,2
arctic_vegetation/20230724_birch24_m3m/BIRC/tile_28588.png,2
arctic_vegetation/20230724_birch24_m3m/BIRC/tile_28589.png,2
arctic_vegetation/20230724_birch24_m3m/BIRC/tile_28590.png,2
arctic_vegetation/20230724_birch24_m3m/BIRC/tile_28591.png,2
arctic_vegetation/20230724_birch24_m3m/BIRC/tile_28592.png,2
arctic_vegetation/20230724_birch24_m3m/BIRC/tile_28593.png,2
arctic_vegetation/20230724_birch24_m3m/BIRC/tile_28594.png,2
arctic_vegetation/20230724_birch24_m3m/DRYI/tile_28595.png,3
arctic_vegetation/20230724_birch24_m3m/DRYI/tile_28596.png,3
arctic_vegetation/20230724_birch24_m3m/BIRC/tile_28597.png,2
arctic_vegetation/20230724_birch24_m3m/BIRC/tile_28598.png,2
arctic_vegetation/20230724_birch24_m3m/BIRC/tile_28599.png,2
arctic_vegetation/20230724_birch24_m3m/BIRC/tile_28600.png,2
arctic_vegetation/20230724_birch24_m3m/BIRC/tile_28601.png,2
arctic_vegetation/20230724_birch24_m3m/BIRC/tile_28602.png,2
arctic_vegetation/20230724_birch24_m3m/BIRC/tile_28603.png,2
arctic_vegetation/20230724_birch24_m3m/BIRC/tile_28604.png,2
arctic_vegetation/20230724_birch24_m3m/BIRC/tile_28605.png,2
arctic_vegetation/20230724_birch24_m3m/BIRC/tile_28606.png,2
arctic_vegetation/20230724_birch24_m3m/BIRC/tile_28607.png,2
arctic_vegetation/20230724_birch24_m3m/BIRC/tile_28608.png,2
arctic_vegetation/20230724_birch24_m3m/BIRC/tile_28609.png,2
arctic_vegetation/20230724_birch24_m3m/BIRC/tile_28610.png,2
arctic_vegetation/20230724_birch24_m3m/BIRC/tile_28611.png,2
arctic_vegetation/20230724_birch24_m3m/BIRC/tile_28612.png,2
arctic_vegetation/20230724_birch24_m3m/BIRC/tile_28613.png,2
arctic_vegetation/20230724_birch24_m3m/BIRC/tile_28614.png,2
arctic_vegetation/20230724_birch24_m3m/BIRC/tile_28615.png,2
arctic_vegetation/20230724_birch24_m3m/DRYI/tile_28616.png,3
arctic_vegetation/20230724_birch24_m3m/DRYI/tile_28617.png,3
arctic_vegetation/20230724_birch24_m3m/BIRC/tile_28618.png,2
arctic_vegetation/20230724_birch24_m3m/BIRC/tile_28619.png,2
arctic_vegetation/20230724_birch24_m3m/BIRC/tile_28621.png,2
arctic_vegetation/20230724_birch24_m3m/BIRC/tile_28622.png,2
arctic_vegetation/20230724_birch24_m3m/BIRC/tile_28623.png,2
arctic_vegetation/20230724_birch24_m3m/BIRC/tile_28624.png,2
arctic_vegetation/20230724_birch24_m3m/BIRC/tile_28625.png,2
arctic_vegetation/20230724_birch24_m3m/BIRC/tile_28626.png,2
arctic_vegetation/20230724_birch24_m3m/BIRC/tile_28627.png,2
arctic_vegetation/20230724_birch24_m3m/BIRC/tile_28628.png,2
arctic_vegetation/20230724_birch24_m3m/BIRC/tile_28629.png,2
arctic_vegetation/20230724_birch24_m3m/BIRC/tile_28630.png,2
arctic_vegetation/20230724_birch24_m3m/BIRC/tile_28631.png,2
arctic_vegetation/20230724_birch24_m3m/BIRC/tile_28632.png,2
arctic_vegetation/20230724_birch24_m3m/BIRC/tile_28633.png,2
arctic_vegetation/20230724_birch24_m3m/BIRC/tile_28634.png,2
arctic_vegetation/20230724_birch24_m3m/BIRC/tile_28635.png,2
arctic_vegetation/20230724_birch24_m3m/BIRC/tile_28636.png,2
arctic_vegetation/20230724_birch24_m3m/BIRC/tile_28637.png,2
arctic_vegetation/20230724_birch24_m3m/BIRC/tile_28638.png,2
arctic_vegetation/20230724_birch24_m3m/BIRC/tile_28639.png,2
arctic_vegetation/20230724_birch24_m3m/BIRC/tile_28640.png,2
arctic_vegetation/20230724_birch24_m3m/BIRC/tile_28641.png,2
arctic_vegetation/20230724_birch24_m3m/BIRC/tile_28642.png,2
arctic_vegetation/20230724_birch24_m3m/BIRC/tile_28643.png,2
arctic_vegetation/20230724_birch24_m3m/BIRC/tile_28644.png,2
arctic_vegetation/20230724_birch24_m3m/BIRC/tile_28645.png,2
arctic_vegetation/20230724_birch24_m3m/BIRC/tile_28646.png,2
arctic_vegetation/20230724_birch24_m3m/BIRC/tile_28647.png,2
arctic_vegetation/20230724_birch24_m3m/BIRC/tile_28648.png,2
arctic_vegetation/20230724_birch24_m3m/BIRC/tile_28649.png,2
arctic_vegetation/20230724_birch24_m3m/BIRC/tile_28650.png,2
arctic_vegetation/20230724_birch24_m3m/BIRC/tile_28651.png,2
arctic_vegetation/20230724_birch24_m3m/BIRC/tile_28652.png,2
arctic_vegetation/20230724_birch24_m3m/BIRC/tile_28653.png,2
arctic_vegetation/20230724_birch24_m3m/BIRC/tile_28654.png,2
arctic_vegetation/20230724_birch24_m3m/BIRC/tile_28655.png,2
arctic_vegetation/20230724_birch24_m3m/BIRC/tile_28656.png,2
arctic_vegetation/20230724_birch24_m3m/BIRC/tile_28657.png,2
arctic_vegetation/20230724_birch24_m3m/BIRC/tile_28658.png,2
arctic_vegetation/20230724_birch24_m3m/BIRC/tile_28659.png,2
arctic_vegetation/20230724_birch24_m3m/BIRC/tile_28660.png,2
arctic_vegetation/20230724_birch24_m3m/BIRC/tile_28661.png,2
arctic_vegetation/20230724_birch24_m3m/BIRC/tile_28662.png,2
arctic_vegetation/20230724_birch24_m3m/BIRC/tile_28663.png,2
arctic_vegetation/20230724_birch24_m3m/BIRC/tile_28664.png,2
arctic_vegetation/20230724_birch24_m3m/BIRC/tile_28665.png,2
arctic_vegetation/20230724_birch24_m3m/BIRC/tile_28666.png,2
arctic_vegetation/20230724_birch24_m3m/BIRC/tile_28667.png,2
arctic_vegetation/20230724_birch24_m3m/BIRC/tile_28668.png,2
arctic_vegetation/20230724_birch24_m3m/BIRC/tile_28669.png,2
arctic_vegetation/20230724_birch24_m3m/BIRC/tile_28670.png,2
arctic_vegetation/20230724_birch24_m3m/BIRC/tile_28671.png,2
arctic_vegetation/20230724_birch24_m3m/BIRC/tile_28672.png,2
arctic_vegetation/20230724_birch24_m3m/BIRC/tile_28673.png,2
arctic_vegetation/20230724_birch24_m3m/BIRC/tile_28674.png,2
arctic_vegetation/20230724_birch24_m3m/BIRC/tile_28675.png,2
arctic_vegetation/20230724_birch24_m3m/BIRC/tile_28676.png,2
arctic_vegetation/20230724_birch24_m3m/BIRC/tile_28677.png,2
arctic_vegetation/20230724_birch24_m3m/BIRC/tile_28678.png,2
arctic_vegetation/20230724_birch24_m3m/BIRC/tile_28679.png,2
arctic_vegetation/20230724_birch24_m3m/BIRC/tile_28680.png,2
arctic_vegetation/20230724_birch24_m3m/BIRC/tile_28681.png,2
arctic_vegetation/20230724_birch24_m3m/BIRC/tile_28682.png,2
arctic_vegetation/20230724_birch24_m3m/BIRC/tile_28683.png,2
arctic_vegetation/20230724_birch24_m3m/BIRC/tile_28684.png,2
arctic_vegetation/20230724_birch24_m3m/BIRC/tile_28685.png,2
arctic_vegetation/20230724_birch24_m3m/BIRC/tile_28686.png,2
arctic_vegetation/20230724_birch24_m3m/BIRC/tile_28687.png,2
arctic_vegetation/20230724_birch24_m3m/BIRC/tile_28688.png,2
arctic_vegetation/20230724_birch24_m3m/BIRC/tile_28689.png,2
arctic_vegetation/20230724_birch24_m3m/BIRC/tile_28690.png,2
arctic_vegetation/20230724_birch24_m3m/DRYI/tile_28691.png,3
arctic_vegetation/20230724_birch24_m3m/DRYI/tile_28692.png,3
arctic_vegetation/20230724_birch24_m3m/BIRC/tile_28693.png,2
arctic_vegetation/20230724_birch24_m3m/BIRC/tile_28694.png,2
arctic_vegetation/20230724_birch24_m3m/BIRC/tile_28792.png,2
arctic_vegetation/20230724_birch24_m3m/BIRC/tile_28793.png,2
arctic_vegetation/20230724_birch24_m3m/BIRC/tile_28794.png,2
arctic_vegetation/20230724_birch24_m3m/BIRC/tile_28795.png,2
arctic_vegetation/20230724_birch24_m3m/BIRC/tile_28796.png,2
arctic_vegetation/20230724_birch24_m3m/BIRC/tile_28797.png,2
arctic_vegetation/20230724_birch24_m3m/BIRC/tile_28798.png,2
arctic_vegetation/20230724_birch24_m3m/BIRC/tile_28799.png,2
arctic_vegetation/20230724_birch24_m3m/WILL/tile_28800.png,11
arctic_vegetation/20230724_birch24_m3m/BIRC/tile_28801.png,2
arctic_vegetation/20230724_birch24_m3m/BIRC/tile_28802.png,2
arctic_vegetation/20230724_birch24_m3m/BIRC/tile_28803.png,2
arctic_vegetation/20230724_birch24_m3m/BIRC/tile_28804.png,2
arctic_vegetation/20230724_birch24_m3m/BIRC/tile_28805.png,2
arctic_vegetation/20230724_birch24_m3m/BIRC/tile_28806.png,2
arctic_vegetation/20230724_birch24_m3m/BIRC/tile_28807.png,2
arctic_vegetation/20230724_birch24_m3m/BIRC/tile_28808.png,2
arctic_vegetation/20230724_birch24_m3m/BIRC/tile_28809.png,2
arctic_vegetation/20230724_birch24_m3m/BIRC/tile_28810.png,2
arctic_vegetation/20230724_birch24_m3m/BIRC/tile_28811.png,2
arctic_vegetation/20230724_birch24_m3m/BIRC/tile_28812.png,2
arctic_vegetation/20230724_birch24_m3m/BIRC/tile_28813.png,2
arctic_vegetation/20230724_birch24_m3m/BIRC/tile_28814.png,2
arctic_vegetation/20230724_birch24_m3m/BIRC/tile_28815.png,2
arctic_vegetation/20230724_birch24_m3m/BIRC/tile_28816.png,2
arctic_vegetation/20230724_birch24_m3m/BIRC/tile_28817.png,2
arctic_vegetation/20230724_birch24_m3m/BIRC/tile_28818.png,2
arctic_vegetation/20230724_birch24_m3m/BIRC/tile_28819.png,2
arctic_vegetation/20230724_birch24_m3m/BIRC/tile_28820.png,2
arctic_vegetation/20230724_birch24_m3m/BIRC/tile_28821.png,2
arctic_vegetation/20230724_birch24_m3m/BIRC/tile_28822.png,2
arctic_vegetation/20230724_birch24_m3m/BIRC/tile_28823.png,2
arctic_vegetation/20230724_birch24_m3m/BIRC/tile_28824.png,2
arctic_vegetation/20230724_birch24_m3m/BIRC/tile_28825.png,2
arctic_vegetation/20230724_birch24_m3m/BIRC/tile_28826.png,2
arctic_vegetation/20230724_birch24_m3m/BIRC/tile_28827.png,2
arctic_vegetation/20230724_birch24_m3m/BIRC/tile_28828.png,2
arctic_vegetation/20230724_birch24_m3m/BIRC/tile_28829.png,2
arctic_vegetation/20230724_birch24_m3m/DRYI/tile_28830.png,3
arctic_vegetation/20230724_birch24_m3m/DRYI/tile_28831.png,3
arctic_vegetation/20230724_birch24_m3m/BIRC/tile_28832.png,2
arctic_vegetation/20230724_birch24_m3m/BIRC/tile_28833.png,2
arctic_vegetation/20230724_birch24_m3m/BIRC/tile_28834.png,2
arctic_vegetation/20230724_birch24_m3m/BIRC/tile_28835.png,2
arctic_vegetation/20230724_birch24_m3m/BIRC/tile_28836.png,2
arctic_vegetation/20230724_birch24_m3m/BIRC/tile_28837.png,2
arctic_vegetation/20230724_birch24_m3m/BIRC/tile_28838.png,2
arctic_vegetation/20230724_birch24_m3m/BIRC/tile_28839.png,2
arctic_vegetation/20230724_birch24_m3m/BIRC/tile_28840.png,2
arctic_vegetation/20230724_birch24_m3m/BIRC/tile_28841.png,2
arctic_vegetation/20230724_birch24_m3m/BIRC/tile_28842.png,2
arctic_vegetation/20230724_birch24_m3m/BIRC/tile_28843.png,2
arctic_vegetation/20230724_birch24_m3m/BIRC/tile_28844.png,2
arctic_vegetation/20230724_birch24_m3m/BIRC/tile_28845.png,2
arctic_vegetation/20230724_birch24_m3m/BIRC/tile_28846.png,2
arctic_vegetation/20230724_birch24_m3m/BIRC/tile_28847.png,2
arctic_vegetation/20230724_birch24_m3m/BIRC/tile_28848.png,2
arctic_vegetation/20230724_birch24_m3m/BIRC/tile_28849.png,2
arctic_vegetation/20230724_birch24_m3m/BIRC/tile_28850.png,2
arctic_vegetation/20230724_birch24_m3m/BIRC/tile_28851.png,2
arctic_vegetation/20230724_birch24_m3m/BIRC/tile_28852.png,2
arctic_vegetation/20230724_birch24_m3m/BIRC/tile_28853.png,2
arctic_vegetation/20230724_birch24_m3m/BIRC/tile_28854.png,2
arctic_vegetation/20230724_birch24_m3m/BIRC/tile_28855.png,2
arctic_vegetation/20230724_birch24_m3m/BIRC/tile_28856.png,2
arctic_vegetation/20230724_birch24_m3m/BIRC/tile_28857.png,2
arctic_vegetation/20230724_birch24_m3m/BIRC/tile_28858.png,2
arctic_vegetation/20230724_birch24_m3m/BIRC/tile_28859.png,2
arctic_vegetation/20230724_birch24_m3m/BIRC/tile_28860.png,2
arctic_vegetation/20230724_birch24_m3m/BIRC/tile_28861.png,2
arctic_vegetation/20230724_birch24_m3m/BIRC/tile_28862.png,2
arctic_vegetation/20230724_birch24_m3m/BIRC/tile_28863.png,2
arctic_vegetation/20230724_birch24_m3m/BIRC/tile_28864.png,2
arctic_vegetation/20230724_birch24_m3m/BIRC/tile_28865.png,2
arctic_vegetation/20230724_birch24_m3m/BIRC/tile_28866.png,2
arctic_vegetation/20230724_birch24_m3m/BIRC/tile_28867.png,2
arctic_vegetation/20230724_birch24_m3m/BIRC/tile_28868.png,2
arctic_vegetation/20230724_birch24_m3m/BIRC/tile_28869.png,2
arctic_vegetation/20230724_birch24_m3m/BIRC/tile_28870.png,2
arctic_vegetation/20230724_birch24_m3m/BIRC/tile_28871.png,2
arctic_vegetation/20230724_birch24_m3m/BIRC/tile_28872.png,2
arctic_vegetation/20230724_birch24_m3m/BIRC/tile_28873.png,2
arctic_vegetation/20230724_birch24_m3m/BIRC/tile_28874.png,2
arctic_vegetation/20230724_birch24_m3m/BIRC/tile_28875.png,2
arctic_vegetation/20230724_birch24_m3m/BIRC/tile_28876.png,2
arctic_vegetation/20230724_birch24_m3m/BIRC/tile_28877.png,2
arctic_vegetation/20230724_birch24_m3m/BIRC/tile_28878.png,2
arctic_vegetation/20230724_birch24_m3m/BIRC/tile_28879.png,2
arctic_vegetation/20230724_birch24_m3m/BIRC/tile_28880.png,2
arctic_vegetation/20230724_birch24_m3m/BIRC/tile_28881.png,2
arctic_vegetation/20230724_birch24_m3m/BIRC/tile_28882.png,2
arctic_vegetation/20230724_birch24_m3m/BIRC/tile_28883.png,2
arctic_vegetation/20230724_birch24_m3m/BIRC/tile_28884.png,2
arctic_vegetation/20230724_birch24_m3m/BIRC/tile_28885.png,2
arctic_vegetation/20230724_birch24_m3m/BIRC/tile_28886.png,2
arctic_vegetation/20230724_birch24_m3m/BIRC/tile_28887.png,2
arctic_vegetation/20230724_birch24_m3m/BIRC/tile_28888.png,2
arctic_vegetation/20230724_birch24_m3m/BIRC/tile_28889.png,2
arctic_vegetation/20230724_birch24_m3m/BIRC/tile_28890.png,2
arctic_vegetation/20230724_birch24_m3m/BIRC/tile_28891.png,2
arctic_vegetation/20230724_birch24_m3m/BIRC/tile_28892.png,2
arctic_vegetation/20230724_birch24_m3m/BIRC/tile_28893.png,2
arctic_vegetation/20230724_birch24_m3m/BIRC/tile_28894.png,2
arctic_vegetation/20230724_birch24_m3m/BIRC/tile_28895.png,2
arctic_vegetation/20230724_birch24_m3m/BIRC/tile_28896.png,2
arctic_vegetation/20230724_birch24_m3m/BIRC/tile_28897.png,2
arctic_vegetation/20230724_birch24_m3m/BIRC/tile_28898.png,2
arctic_vegetation/20230724_birch24_m3m/BIRC/tile_28899.png,2
arctic_vegetation/20230724_birch24_m3m/BIRC/tile_28900.png,2
arctic_vegetation/20230724_birch24_m3m/BIRC/tile_28901.png,2
arctic_vegetation/20230724_birch24_m3m/BIRC/tile_28902.png,2
arctic_vegetation/20230724_birch24_m3m/BIRC/tile_28903.png,2
arctic_vegetation/20230724_birch24_m3m/BIRC/tile_28904.png,2
arctic_vegetation/20230724_birch24_m3m/DRYI/tile_28905.png,3
arctic_vegetation/20230724_birch24_m3m/DRYI/tile_28906.png,3
arctic_vegetation/20230724_birch24_m3m/DRYI/tile_28907.png,3
arctic_vegetation/20230724_birch24_m3m/BIRC/tile_28908.png,2
arctic_vegetation/20230724_birch24_m3m/BIRC/tile_28999.png,2
arctic_vegetation/20230724_birch24_m3m/BIRC/tile_29000.png,2
arctic_vegetation/20230724_birch24_m3m/BIRC/tile_29001.png,2
arctic_vegetation/20230724_birch24_m3m/BIRC/tile_29002.png,2
arctic_vegetation/20230724_birch24_m3m/BIRC/tile_29003.png,2
arctic_vegetation/20230724_birch24_m3m/BIRC/tile_29004.png,2
arctic_vegetation/20230724_birch24_m3m/BIRC/tile_29008.png,2
arctic_vegetation/20230724_birch24_m3m/BIRC/tile_29009.png,2
arctic_vegetation/20230724_birch24_m3m/BIRC/tile_29010.png,2
arctic_vegetation/20230724_birch24_m3m/BIRC/tile_29011.png,2
arctic_vegetation/20230724_birch24_m3m/BIRC/tile_29013.png,2
arctic_vegetation/20230724_birch24_m3m/BIRC/tile_29014.png,2
arctic_vegetation/20230724_birch24_m3m/BIRC/tile_29015.png,2
arctic_vegetation/20230724_birch24_m3m/BIRC/tile_29016.png,2
arctic_vegetation/20230724_birch24_m3m/BIRC/tile_29017.png,2
arctic_vegetation/20230724_birch24_m3m/BIRC/tile_29018.png,2
arctic_vegetation/20230724_birch24_m3m/BIRC/tile_29019.png,2
arctic_vegetation/20230724_birch24_m3m/BIRC/tile_29020.png,2
arctic_vegetation/20230724_birch24_m3m/BIRC/tile_29021.png,2
arctic_vegetation/20230724_birch24_m3m/BIRC/tile_29022.png,2
arctic_vegetation/20230724_birch24_m3m/BIRC/tile_29023.png,2
arctic_vegetation/20230724_birch24_m3m/BIRC/tile_29024.png,2
arctic_vegetation/20230724_birch24_m3m/BIRC/tile_29025.png,2
arctic_vegetation/20230724_birch24_m3m/BIRC/tile_29026.png,2
arctic_vegetation/20230724_birch24_m3m/BIRC/tile_29027.png,2
arctic_vegetation/20230724_birch24_m3m/BIRC/tile_29028.png,2
arctic_vegetation/20230724_birch24_m3m/BIRC/tile_29029.png,2
arctic_vegetation/20230724_birch24_m3m/BIRC/tile_29030.png,2
arctic_vegetation/20230724_birch24_m3m/BIRC/tile_29031.png,2
arctic_vegetation/20230724_birch24_m3m/BIRC/tile_29032.png,2
arctic_vegetation/20230724_birch24_m3m/BIRC/tile_29033.png,2
arctic_vegetation/20230724_birch24_m3m/BIRC/tile_29034.png,2
arctic_vegetation/20230724_birch24_m3m/BIRC/tile_29035.png,2
arctic_vegetation/20230724_birch24_m3m/BIRC/tile_29036.png,2
arctic_vegetation/20230724_birch24_m3m/BIRC/tile_29037.png,2
arctic_vegetation/20230724_birch24_m3m/BIRC/tile_29038.png,2
arctic_vegetation/20230724_birch24_m3m/BIRC/tile_29039.png,2
arctic_vegetation/20230724_birch24_m3m/BIRC/tile_29040.png,2
arctic_vegetation/20230724_birch24_m3m/DRYI/tile_29041.png,3
arctic_vegetation/20230724_birch24_m3m/DRYI/tile_29042.png,3
arctic_vegetation/20230724_birch24_m3m/DRYI/tile_29043.png,3
arctic_vegetation/20230724_birch24_m3m/DRYI/tile_29044.png,3
arctic_vegetation/20230724_birch24_m3m/DRYI/tile_29045.png,3
arctic_vegetation/20230724_birch24_m3m/BIRC/tile_29046.png,2
arctic_vegetation/20230724_birch24_m3m/BIRC/tile_29047.png,2
arctic_vegetation/20230724_birch24_m3m/BIRC/tile_29048.png,2
arctic_vegetation/20230724_birch24_m3m/BIRC/tile_29049.png,2
arctic_vegetation/20230724_birch24_m3m/BIRC/tile_29050.png,2
arctic_vegetation/20230724_birch24_m3m/BIRC/tile_29051.png,2
arctic_vegetation/20230724_birch24_m3m/BIRC/tile_29052.png,2
arctic_vegetation/20230724_birch24_m3m/BIRC/tile_29053.png,2
arctic_vegetation/20230724_birch24_m3m/BIRC/tile_29054.png,2
arctic_vegetation/20230724_birch24_m3m/BIRC/tile_29055.png,2
arctic_vegetation/20230724_birch24_m3m/BIRC/tile_29056.png,2
arctic_vegetation/20230724_birch24_m3m/BIRC/tile_29057.png,2
arctic_vegetation/20230724_birch24_m3m/BIRC/tile_29058.png,2
arctic_vegetation/20230724_birch24_m3m/BIRC/tile_29059.png,2
arctic_vegetation/20230724_birch24_m3m/BIRC/tile_29060.png,2
arctic_vegetation/20230724_birch24_m3m/BIRC/tile_29061.png,2
arctic_vegetation/20230724_birch24_m3m/BIRC/tile_29062.png,2
arctic_vegetation/20230724_birch24_m3m/BIRC/tile_29063.png,2
arctic_vegetation/20230724_birch24_m3m/BIRC/tile_29064.png,2
arctic_vegetation/20230724_birch24_m3m/BIRC/tile_29065.png,2
arctic_vegetation/20230724_birch24_m3m/BIRC/tile_29066.png,2
arctic_vegetation/20230724_birch24_m3m/BIRC/tile_29067.png,2
arctic_vegetation/20230724_birch24_m3m/BIRC/tile_29068.png,2
arctic_vegetation/20230724_birch24_m3m/BIRC/tile_29069.png,2
arctic_vegetation/20230724_birch24_m3m/PETF/tile_29070.png,6
arctic_vegetation/20230724_birch24_m3m/PETF/tile_29071.png,6
arctic_vegetation/20230724_birch24_m3m/BIRC/tile_29072.png,2
arctic_vegetation/20230724_birch24_m3m/BIRC/tile_29073.png,2
arctic_vegetation/20230724_birch24_m3m/BIRC/tile_29074.png,2
arctic_vegetation/20230724_birch24_m3m/BIRC/tile_29075.png,2
arctic_vegetation/20230724_birch24_m3m/BIRC/tile_29076.png,2
arctic_vegetation/20230724_birch24_m3m/BIRC/tile_29077.png,2
arctic_vegetation/20230724_birch24_m3m/BIRC/tile_29078.png,2
arctic_vegetation/20230724_birch24_m3m/BIRC/tile_29079.png,2
arctic_vegetation/20230724_birch24_m3m/BIRC/tile_29080.png,2
arctic_vegetation/20230724_birch24_m3m/BIRC/tile_29081.png,2
arctic_vegetation/20230724_birch24_m3m/BIRC/tile_29082.png,2
arctic_vegetation/20230724_birch24_m3m/BIRC/tile_29083.png,2
arctic_vegetation/20230724_birch24_m3m/BIRC/tile_29084.png,2
arctic_vegetation/20230724_birch24_m3m/BIRC/tile_29085.png,2
arctic_vegetation/20230724_birch24_m3m/BIRC/tile_29086.png,2
arctic_vegetation/20230724_birch24_m3m/BIRC/tile_29087.png,2
arctic_vegetation/20230724_birch24_m3m/BIRC/tile_29088.png,2
arctic_vegetation/20230724_birch24_m3m/BIRC/tile_29089.png,2
arctic_vegetation/20230724_birch24_m3m/BIRC/tile_29090.png,2
arctic_vegetation/20230724_birch24_m3m/BIRC/tile_29091.png,2
arctic_vegetation/20230724_birch24_m3m/BIRC/tile_29092.png,2
arctic_vegetation/20230724_birch24_m3m/BIRC/tile_29093.png,2
arctic_vegetation/20230724_birch24_m3m/BIRC/tile_29094.png,2
arctic_vegetation/20230724_birch24_m3m/BIRC/tile_29095.png,2
arctic_vegetation/20230724_birch24_m3m/BIRC/tile_29096.png,2
arctic_vegetation/20230724_birch24_m3m/BIRC/tile_29097.png,2
arctic_vegetation/20230724_birch24_m3m/BIRC/tile_29098.png,2
arctic_vegetation/20230724_birch24_m3m/BIRC/tile_29099.png,2
arctic_vegetation/20230724_birch24_m3m/BIRC/tile_29100.png,2
arctic_vegetation/20230724_birch24_m3m/BIRC/tile_29101.png,2
arctic_vegetation/20230724_birch24_m3m/BIRC/tile_29102.png,2
arctic_vegetation/20230724_birch24_m3m/BIRC/tile_29103.png,2
arctic_vegetation/20230724_birch24_m3m/BIRC/tile_29104.png,2
arctic_vegetation/20230724_birch24_m3m/BIRC/tile_29105.png,2
arctic_vegetation/20230724_birch24_m3m/BIRC/tile_29106.png,2
arctic_vegetation/20230724_birch24_m3m/BIRC/tile_29107.png,2
arctic_vegetation/20230724_birch24_m3m/BIRC/tile_29108.png,2
arctic_vegetation/20230724_birch24_m3m/BIRC/tile_29109.png,2
arctic_vegetation/20230724_birch24_m3m/BIRC/tile_29110.png,2
arctic_vegetation/20230724_birch24_m3m/BIRC/tile_29111.png,2
arctic_vegetation/20230724_birch24_m3m/BIRC/tile_29112.png,2
arctic_vegetation/20230724_birch24_m3m/BIRC/tile_29113.png,2
arctic_vegetation/20230724_birch24_m3m/BIRC/tile_29114.png,2
arctic_vegetation/20230724_birch24_m3m/BIRC/tile_29115.png,2
arctic_vegetation/20230724_birch24_m3m/BIRC/tile_29116.png,2
arctic_vegetation/20230724_birch24_m3m/BIRC/tile_29117.png,2
arctic_vegetation/20230724_birch24_m3m/BIRC/tile_29118.png,2
arctic_vegetation/20230724_birch24_m3m/BIRC/tile_29119.png,2
arctic_vegetation/20230724_birch24_m3m/BIRC/tile_29120.png,2
arctic_vegetation/20230724_birch24_m3m/DRYI/tile_29121.png,3
arctic_vegetation/20230724_birch24_m3m/LICH/tile_29122.png,4
arctic_vegetation/20230724_birch24_m3m/BIRC/tile_29211.png,2
arctic_vegetation/20230724_birch24_m3m/BIRC/tile_29212.png,2
arctic_vegetation/20230724_birch24_m3m/BIRC/tile_29213.png,2
arctic_vegetation/20230724_birch24_m3m/BIRC/tile_29214.png,2
arctic_vegetation/20230724_birch24_m3m/BIRC/tile_29215.png,2
arctic_vegetation/20230724_birch24_m3m/BIRC/tile_29216.png,2
arctic_vegetation/20230724_birch24_m3m/BIRC/tile_29217.png,2
arctic_vegetation/20230724_birch24_m3m/BIRC/tile_29218.png,2
arctic_vegetation/20230724_birch24_m3m/BIRC/tile_29224.png,2
arctic_vegetation/20230724_birch24_m3m/BIRC/tile_29225.png,2
arctic_vegetation/20230724_birch24_m3m/BIRC/tile_29227.png,2
arctic_vegetation/20230724_birch24_m3m/BIRC/tile_29228.png,2
arctic_vegetation/20230724_birch24_m3m/BIRC/tile_29229.png,2
arctic_vegetation/20230724_birch24_m3m/BIRC/tile_29230.png,2
arctic_vegetation/20230724_birch24_m3m/BIRC/tile_29231.png,2
arctic_vegetation/20230724_birch24_m3m/BIRC/tile_29232.png,2
arctic_vegetation/20230724_birch24_m3m/BIRC/tile_29233.png,2
arctic_vegetation/20230724_birch24_m3m/BIRC/tile_29234.png,2
arctic_vegetation/20230724_birch24_m3m/BIRC/tile_29235.png,2
arctic_vegetation/20230724_birch24_m3m/BIRC/tile_29236.png,2
arctic_vegetation/20230724_birch24_m3m/BIRC/tile_29237.png,2
arctic_vegetation/20230724_birch24_m3m/BIRC/tile_29238.png,2
arctic_vegetation/20230724_birch24_m3m/BIRC/tile_29239.png,2
arctic_vegetation/20230724_birch24_m3m/BIRC/tile_29240.png,2
arctic_vegetation/20230724_birch24_m3m/BIRC/tile_29241.png,2
arctic_vegetation/20230724_birch24_m3m/BIRC/tile_29242.png,2
arctic_vegetation/20230724_birch24_m3m/BIRC/tile_29243.png,2
arctic_vegetation/20230724_birch24_m3m/BIRC/tile_29244.png,2
arctic_vegetation/20230724_birch24_m3m/LICH/tile_29245.png,4
arctic_vegetation/20230724_birch24_m3m/LICH/tile_29246.png,4
arctic_vegetation/20230724_birch24_m3m/LICH/tile_29247.png,4
arctic_vegetation/20230724_birch24_m3m/BIRC/tile_29248.png,2
arctic_vegetation/20230724_birch24_m3m/BIRC/tile_29249.png,2
arctic_vegetation/20230724_birch24_m3m/BIRC/tile_29250.png,2
arctic_vegetation/20230724_birch24_m3m/BIRC/tile_29251.png,2
arctic_vegetation/20230724_birch24_m3m/BIRC/tile_29252.png,2
arctic_vegetation/20230724_birch24_m3m/BIRC/tile_29253.png,2
arctic_vegetation/20230724_birch24_m3m/BIRC/tile_29254.png,2
arctic_vegetation/20230724_birch24_m3m/BIRC/tile_29255.png,2
arctic_vegetation/20230724_birch24_m3m/DRYI/tile_29256.png,3
arctic_vegetation/20230724_birch24_m3m/DRYI/tile_29257.png,3
arctic_vegetation/20230724_birch24_m3m/DRYI/tile_29258.png,3
arctic_vegetation/20230724_birch24_m3m/DRYI/tile_29259.png,3
arctic_vegetation/20230724_birch24_m3m/BIRC/tile_29260.png,2
arctic_vegetation/20230724_birch24_m3m/BIRC/tile_29261.png,2
arctic_vegetation/20230724_birch24_m3m/BIRC/tile_29262.png,2
arctic_vegetation/20230724_birch24_m3m/BIRC/tile_29263.png,2
arctic_vegetation/20230724_birch24_m3m/BIRC/tile_29264.png,2
arctic_vegetation/20230724_birch24_m3m/BIRC/tile_29265.png,2
arctic_vegetation/20230724_birch24_m3m/BIRC/tile_29266.png,2
arctic_vegetation/20230724_birch24_m3m/BIRC/tile_29267.png,2
arctic_vegetation/20230724_birch24_m3m/BIRC/tile_29268.png,2
arctic_vegetation/20230724_birch24_m3m/BIRC/tile_29269.png,2
arctic_vegetation/20230724_birch24_m3m/BIRC/tile_29270.png,2
arctic_vegetation/20230724_birch24_m3m/BIRC/tile_29271.png,2
arctic_vegetation/20230724_birch24_m3m/BIRC/tile_29272.png,2
arctic_vegetation/20230724_birch24_m3m/BIRC/tile_29273.png,2
arctic_vegetation/20230724_birch24_m3m/BIRC/tile_29274.png,2
arctic_vegetation/20230724_birch24_m3m/BIRC/tile_29275.png,2
arctic_vegetation/20230724_birch24_m3m/BIRC/tile_29276.png,2
arctic_vegetation/20230724_birch24_m3m/BIRC/tile_29277.png,2
arctic_vegetation/20230724_birch24_m3m/BIRC/tile_29278.png,2
arctic_vegetation/20230724_birch24_m3m/BIRC/tile_29279.png,2
arctic_vegetation/20230724_birch24_m3m/BIRC/tile_29280.png,2
arctic_vegetation/20230724_birch24_m3m/BIRC/tile_29281.png,2
arctic_vegetation/20230724_birch24_m3m/BIRC/tile_29282.png,2
arctic_vegetation/20230724_birch24_m3m/BIRC/tile_29283.png,2
arctic_vegetation/20230724_birch24_m3m/BIRC/tile_29284.png,2
arctic_vegetation/20230724_birch24_m3m/BIRC/tile_29285.png,2
arctic_vegetation/20230724_birch24_m3m/BIRC/tile_29286.png,2
arctic_vegetation/20230724_birch24_m3m/BIRC/tile_29287.png,2
arctic_vegetation/20230724_birch24_m3m/BIRC/tile_29288.png,2
arctic_vegetation/20230724_birch24_m3m/BIRC/tile_29289.png,2
arctic_vegetation/20230724_birch24_m3m/BIRC/tile_29290.png,2
arctic_vegetation/20230724_birch24_m3m/BIRC/tile_29291.png,2
arctic_vegetation/20230724_birch24_m3m/BIRC/tile_29292.png,2
arctic_vegetation/20230724_birch24_m3m/BIRC/tile_29293.png,2
arctic_vegetation/20230724_birch24_m3m/BIRC/tile_29294.png,2
arctic_vegetation/20230724_birch24_m3m/BIRC/tile_29295.png,2
arctic_vegetation/20230724_birch24_m3m/BIRC/tile_29296.png,2
arctic_vegetation/20230724_birch24_m3m/BIRC/tile_29297.png,2
arctic_vegetation/20230724_birch24_m3m/BIRC/tile_29298.png,2
arctic_vegetation/20230724_birch24_m3m/BIRC/tile_29299.png,2
arctic_vegetation/20230724_birch24_m3m/BIRC/tile_29300.png,2
arctic_vegetation/20230724_birch24_m3m/BIRC/tile_29301.png,2
arctic_vegetation/20230724_birch24_m3m/BIRC/tile_29302.png,2
arctic_vegetation/20230724_birch24_m3m/BIRC/tile_29303.png,2
arctic_vegetation/20230724_birch24_m3m/BIRC/tile_29304.png,2
arctic_vegetation/20230724_birch24_m3m/BIRC/tile_29305.png,2
arctic_vegetation/20230724_birch24_m3m/BIRC/tile_29306.png,2
arctic_vegetation/20230724_birch24_m3m/BIRC/tile_29307.png,2
arctic_vegetation/20230724_birch24_m3m/BIRC/tile_29308.png,2
arctic_vegetation/20230724_birch24_m3m/BIRC/tile_29309.png,2
arctic_vegetation/20230724_birch24_m3m/BIRC/tile_29310.png,2
arctic_vegetation/20230724_birch24_m3m/BIRC/tile_29311.png,2
arctic_vegetation/20230724_birch24_m3m/BIRC/tile_29312.png,2
arctic_vegetation/20230724_birch24_m3m/PETF/tile_29313.png,6
arctic_vegetation/20230724_birch24_m3m/BIRC/tile_29314.png,2
arctic_vegetation/20230724_birch24_m3m/BIRC/tile_29315.png,2
arctic_vegetation/20230724_birch24_m3m/BIRC/tile_29316.png,2
arctic_vegetation/20230724_birch24_m3m/BIRC/tile_29317.png,2
arctic_vegetation/20230724_birch24_m3m/BIRC/tile_29318.png,2
arctic_vegetation/20230724_birch24_m3m/BIRC/tile_29319.png,2
arctic_vegetation/20230724_birch24_m3m/BIRC/tile_29320.png,2
arctic_vegetation/20230724_birch24_m3m/BIRC/tile_29321.png,2
arctic_vegetation/20230724_birch24_m3m/BIRC/tile_29322.png,2
arctic_vegetation/20230724_birch24_m3m/BIRC/tile_29323.png,2
arctic_vegetation/20230724_birch24_m3m/BIRC/tile_29324.png,2
arctic_vegetation/20230724_birch24_m3m/BIRC/tile_29325.png,2
arctic_vegetation/20230724_birch24_m3m/BIRC/tile_29326.png,2
arctic_vegetation/20230724_birch24_m3m/BIRC/tile_29327.png,2
arctic_vegetation/20230724_birch24_m3m/BIRC/tile_29328.png,2
arctic_vegetation/20230724_birch24_m3m/BIRC/tile_29329.png,2
arctic_vegetation/20230724_birch24_m3m/BIRC/tile_29330.png,2
arctic_vegetation/20230724_birch24_m3m/BIRC/tile_29331.png,2
arctic_vegetation/20230724_birch24_m3m/BIRC/tile_29332.png,2
arctic_vegetation/20230724_birch24_m3m/BIRC/tile_29333.png,2
arctic_vegetation/20230724_birch24_m3m/BIRC/tile_29334.png,2
arctic_vegetation/20230724_birch24_m3m/LICH/tile_29335.png,4
arctic_vegetation/20230724_birch24_m3m/LICH/tile_29336.png,4
arctic_vegetation/20230724_birch24_m3m/BIRC/tile_29425.png,2
arctic_vegetation/20230724_birch24_m3m/BIRC/tile_29426.png,2
arctic_vegetation/20230724_birch24_m3m/BIRC/tile_29427.png,2
arctic_vegetation/20230724_birch24_m3m/BIRC/tile_29428.png,2
arctic_vegetation/20230724_birch24_m3m/BIRC/tile_29429.png,2
arctic_vegetation/20230724_birch24_m3m/BIRC/tile_29430.png,2
arctic_vegetation/20230724_birch24_m3m/BIRC/tile_29431.png,2
arctic_vegetation/20230724_birch24_m3m/BIRC/tile_29432.png,2
arctic_vegetation/20230724_birch24_m3m/BIRC/tile_29433.png,2
arctic_vegetation/20230724_birch24_m3m/BIRC/tile_29434.png,2
arctic_vegetation/20230724_birch24_m3m/BIRC/tile_29435.png,2
arctic_vegetation/20230724_birch24_m3m/BIRC/tile_29436.png,2
arctic_vegetation/20230724_birch24_m3m/BIRC/tile_29437.png,2
arctic_vegetation/20230724_birch24_m3m/BIRC/tile_29438.png,2
arctic_vegetation/20230724_birch24_m3m/BIRC/tile_29439.png,2
arctic_vegetation/20230724_birch24_m3m/BIRC/tile_29440.png,2
arctic_vegetation/20230724_birch24_m3m/BIRC/tile_29441.png,2
arctic_vegetation/20230724_birch24_m3m/BIRC/tile_29442.png,2
arctic_vegetation/20230724_birch24_m3m/BIRC/tile_29443.png,2
arctic_vegetation/20230724_birch24_m3m/BIRC/tile_29444.png,2
arctic_vegetation/20230724_birch24_m3m/BIRC/tile_29445.png,2
arctic_vegetation/20230724_birch24_m3m/BIRC/tile_29446.png,2
arctic_vegetation/20230724_birch24_m3m/BIRC/tile_29447.png,2
arctic_vegetation/20230724_birch24_m3m/BIRC/tile_29448.png,2
arctic_vegetation/20230724_birch24_m3m/BIRC/tile_29449.png,2
arctic_vegetation/20230724_birch24_m3m/BIRC/tile_29450.png,2
arctic_vegetation/20230724_birch24_m3m/BIRC/tile_29451.png,2
arctic_vegetation/20230724_birch24_m3m/BIRC/tile_29452.png,2
arctic_vegetation/20230724_birch24_m3m/BIRC/tile_29453.png,2
arctic_vegetation/20230724_birch24_m3m/LICH/tile_29454.png,4
arctic_vegetation/20230724_birch24_m3m/LICH/tile_29455.png,4
arctic_vegetation/20230724_birch24_m3m/BIRC/tile_29456.png,2
arctic_vegetation/20230724_birch24_m3m/BIRC/tile_29457.png,2
arctic_vegetation/20230724_birch24_m3m/BIRC/tile_29458.png,2
arctic_vegetation/20230724_birch24_m3m/BIRC/tile_29459.png,2
arctic_vegetation/20230724_birch24_m3m/BIRC/tile_29460.png,2
arctic_vegetation/20230724_birch24_m3m/BIRC/tile_29461.png,2
arctic_vegetation/20230724_birch24_m3m/BIRC/tile_29462.png,2
arctic_vegetation/20230724_birch24_m3m/BIRC/tile_29463.png,2
arctic_vegetation/20230724_birch24_m3m/BIRC/tile_29464.png,2
arctic_vegetation/20230724_birch24_m3m/BIRC/tile_29465.png,2
arctic_vegetation/20230724_birch24_m3m/BIRC/tile_29466.png,2
arctic_vegetation/20230724_birch24_m3m/BIRC/tile_29467.png,2
arctic_vegetation/20230724_birch24_m3m/BIRC/tile_29468.png,2
arctic_vegetation/20230724_birch24_m3m/BIRC/tile_29469.png,2
arctic_vegetation/20230724_birch24_m3m/DRYI/tile_29470.png,3
arctic_vegetation/20230724_birch24_m3m/DRYI/tile_29471.png,3
arctic_vegetation/20230724_birch24_m3m/BIRC/tile_29473.png,2
arctic_vegetation/20230724_birch24_m3m/BIRC/tile_29474.png,2
arctic_vegetation/20230724_birch24_m3m/BIRC/tile_29475.png,2
arctic_vegetation/20230724_birch24_m3m/BIRC/tile_29476.png,2
arctic_vegetation/20230724_birch24_m3m/BIRC/tile_29477.png,2
arctic_vegetation/20230724_birch24_m3m/BIRC/tile_29478.png,2
arctic_vegetation/20230724_birch24_m3m/BIRC/tile_29479.png,2
arctic_vegetation/20230724_birch24_m3m/BIRC/tile_29480.png,2
arctic_vegetation/20230724_birch24_m3m/BIRC/tile_29481.png,2
arctic_vegetation/20230724_birch24_m3m/BIRC/tile_29482.png,2
arctic_vegetation/20230724_birch24_m3m/BIRC/tile_29483.png,2
arctic_vegetation/20230724_birch24_m3m/BIRC/tile_29484.png,2
arctic_vegetation/20230724_birch24_m3m/BIRC/tile_29485.png,2
arctic_vegetation/20230724_birch24_m3m/BIRC/tile_29486.png,2
arctic_vegetation/20230724_birch24_m3m/BIRC/tile_29487.png,2
arctic_vegetation/20230724_birch24_m3m/BIRC/tile_29488.png,2
arctic_vegetation/20230724_birch24_m3m/BIRC/tile_29489.png,2
arctic_vegetation/20230724_birch24_m3m/BIRC/tile_29490.png,2
arctic_vegetation/20230724_birch24_m3m/BIRC/tile_29491.png,2
arctic_vegetation/20230724_birch24_m3m/BIRC/tile_29492.png,2
arctic_vegetation/20230724_birch24_m3m/BIRC/tile_29493.png,2
arctic_vegetation/20230724_birch24_m3m/BIRC/tile_29494.png,2
arctic_vegetation/20230724_birch24_m3m/BIRC/tile_29495.png,2
arctic_vegetation/20230724_birch24_m3m/BIRC/tile_29496.png,2
arctic_vegetation/20230724_birch24_m3m/BIRC/tile_29497.png,2
arctic_vegetation/20230724_birch24_m3m/BIRC/tile_29498.png,2
arctic_vegetation/20230724_birch24_m3m/BIRC/tile_29499.png,2
arctic_vegetation/20230724_birch24_m3m/BIRC/tile_29500.png,2
arctic_vegetation/20230724_birch24_m3m/BIRC/tile_29501.png,2
arctic_vegetation/20230724_birch24_m3m/BIRC/tile_29502.png,2
arctic_vegetation/20230724_birch24_m3m/BIRC/tile_29503.png,2
arctic_vegetation/20230724_birch24_m3m/BIRC/tile_29504.png,2
arctic_vegetation/20230724_birch24_m3m/BIRC/tile_29505.png,2
arctic_vegetation/20230724_birch24_m3m/BIRC/tile_29506.png,2
arctic_vegetation/20230724_birch24_m3m/BIRC/tile_29507.png,2
arctic_vegetation/20230724_birch24_m3m/BIRC/tile_29508.png,2
arctic_vegetation/20230724_birch24_m3m/BIRC/tile_29509.png,2
arctic_vegetation/20230724_birch24_m3m/BIRC/tile_29510.png,2
arctic_vegetation/20230724_birch24_m3m/BIRC/tile_29511.png,2
arctic_vegetation/20230724_birch24_m3m/BIRC/tile_29512.png,2
arctic_vegetation/20230724_birch24_m3m/BIRC/tile_29513.png,2
arctic_vegetation/20230724_birch24_m3m/BIRC/tile_29514.png,2
arctic_vegetation/20230724_birch24_m3m/BIRC/tile_29515.png,2
arctic_vegetation/20230724_birch24_m3m/BIRC/tile_29516.png,2
arctic_vegetation/20230724_birch24_m3m/BIRC/tile_29517.png,2
arctic_vegetation/20230724_birch24_m3m/BIRC/tile_29518.png,2
arctic_vegetation/20230724_birch24_m3m/BIRC/tile_29519.png,2
arctic_vegetation/20230724_birch24_m3m/BIRC/tile_29520.png,2
arctic_vegetation/20230724_birch24_m3m/BIRC/tile_29521.png,2
arctic_vegetation/20230724_birch24_m3m/BIRC/tile_29522.png,2
arctic_vegetation/20230724_birch24_m3m/BIRC/tile_29523.png,2
arctic_vegetation/20230724_birch24_m3m/BIRC/tile_29524.png,2
arctic_vegetation/20230724_birch24_m3m/BIRC/tile_29525.png,2
arctic_vegetation/20230724_birch24_m3m/BIRC/tile_29526.png,2
arctic_vegetation/20230724_birch24_m3m/BIRC/tile_29527.png,2
arctic_vegetation/20230724_birch24_m3m/PETF/tile_29528.png,6
arctic_vegetation/20230724_birch24_m3m/BIRC/tile_29529.png,2
arctic_vegetation/20230724_birch24_m3m/BIRC/tile_29530.png,2
arctic_vegetation/20230724_birch24_m3m/BIRC/tile_29531.png,2
arctic_vegetation/20230724_birch24_m3m/BIRC/tile_29532.png,2
arctic_vegetation/20230724_birch24_m3m/BIRC/tile_29533.png,2
arctic_vegetation/20230724_birch24_m3m/BIRC/tile_29534.png,2
arctic_vegetation/20230724_birch24_m3m/BIRC/tile_29535.png,2
arctic_vegetation/20230724_birch24_m3m/BIRC/tile_29536.png,2
arctic_vegetation/20230724_birch24_m3m/BIRC/tile_29537.png,2
arctic_vegetation/20230724_birch24_m3m/BIRC/tile_29538.png,2
arctic_vegetation/20230724_birch24_m3m/PETF/tile_29539.png,6
arctic_vegetation/20230724_birch24_m3m/BIRC/tile_29540.png,2
arctic_vegetation/20230724_birch24_m3m/BIRC/tile_29541.png,2
arctic_vegetation/20230724_birch24_m3m/BIRC/tile_29542.png,2
arctic_vegetation/20230724_birch24_m3m/BIRC/tile_29543.png,2
arctic_vegetation/20230724_birch24_m3m/BIRC/tile_29544.png,2
arctic_vegetation/20230724_birch24_m3m/BIRC/tile_29545.png,2
arctic_vegetation/20230724_birch24_m3m/BIRC/tile_29546.png,2
arctic_vegetation/20230724_birch24_m3m/BIRC/tile_29547.png,2
arctic_vegetation/20230724_birch24_m3m/BIRC/tile_29548.png,2
arctic_vegetation/20230724_birch24_m3m/LICH/tile_29549.png,4
arctic_vegetation/20230724_birch24_m3m/LICH/tile_29550.png,4
arctic_vegetation/20230724_birch24_m3m/BIRC/tile_29639.png,2
arctic_vegetation/20230724_birch24_m3m/BIRC/tile_29640.png,2
arctic_vegetation/20230724_birch24_m3m/BIRC/tile_29641.png,2
arctic_vegetation/20230724_birch24_m3m/BIRC/tile_29642.png,2
arctic_vegetation/20230724_birch24_m3m/BIRC/tile_29643.png,2
arctic_vegetation/20230724_birch24_m3m/BIRC/tile_29644.png,2
arctic_vegetation/20230724_birch24_m3m/BIRC/tile_29645.png,2
arctic_vegetation/20230724_birch24_m3m/BIRC/tile_29646.png,2
arctic_vegetation/20230724_birch24_m3m/BIRC/tile_29647.png,2
arctic_vegetation/20230724_birch24_m3m/BIRC/tile_29648.png,2
arctic_vegetation/20230724_birch24_m3m/BIRC/tile_29649.png,2
arctic_vegetation/20230724_birch24_m3m/BIRC/tile_29650.png,2
arctic_vegetation/20230724_birch24_m3m/BIRC/tile_29651.png,2
arctic_vegetation/20230724_birch24_m3m/BIRC/tile_29652.png,2
arctic_vegetation/20230724_birch24_m3m/BIRC/tile_29653.png,2
arctic_vegetation/20230724_birch24_m3m/BIRC/tile_29654.png,2
arctic_vegetation/20230724_birch24_m3m/BIRC/tile_29655.png,2
arctic_vegetation/20230724_birch24_m3m/BIRC/tile_29656.png,2
arctic_vegetation/20230724_birch24_m3m/BIRC/tile_29657.png,2
arctic_vegetation/20230724_birch24_m3m/BIRC/tile_29658.png,2
arctic_vegetation/20230724_birch24_m3m/BIRC/tile_29659.png,2
arctic_vegetation/20230724_birch24_m3m/BIRC/tile_29660.png,2
arctic_vegetation/20230724_birch24_m3m/BIRC/tile_29661.png,2
arctic_vegetation/20230724_birch24_m3m/BIRC/tile_29662.png,2
arctic_vegetation/20230724_birch24_m3m/BIRC/tile_29663.png,2
arctic_vegetation/20230724_birch24_m3m/BIRC/tile_29664.png,2
arctic_vegetation/20230724_birch24_m3m/BIRC/tile_29665.png,2
arctic_vegetation/20230724_birch24_m3m/BIRC/tile_29666.png,2
arctic_vegetation/20230724_birch24_m3m/BIRC/tile_29667.png,2
arctic_vegetation/20230724_birch24_m3m/BIRC/tile_29668.png,2
arctic_vegetation/20230724_birch24_m3m/BIRC/tile_29669.png,2
arctic_vegetation/20230724_birch24_m3m/BIRC/tile_29670.png,2
arctic_vegetation/20230724_birch24_m3m/BIRC/tile_29671.png,2
arctic_vegetation/20230724_birch24_m3m/BIRC/tile_29672.png,2
arctic_vegetation/20230724_birch24_m3m/BIRC/tile_29673.png,2
arctic_vegetation/20230724_birch24_m3m/BIRC/tile_29674.png,2
arctic_vegetation/20230724_birch24_m3m/BIRC/tile_29675.png,2
arctic_vegetation/20230724_birch24_m3m/BIRC/tile_29676.png,2
arctic_vegetation/20230724_birch24_m3m/BIRC/tile_29677.png,2
arctic_vegetation/20230724_birch24_m3m/BIRC/tile_29678.png,2
arctic_vegetation/20230724_birch24_m3m/BIRC/tile_29679.png,2
arctic_vegetation/20230724_birch24_m3m/BIRC/tile_29680.png,2
arctic_vegetation/20230724_birch24_m3m/BIRC/tile_29681.png,2
arctic_vegetation/20230724_birch24_m3m/BIRC/tile_29682.png,2
arctic_vegetation/20230724_birch24_m3m/BIRC/tile_29683.png,2
arctic_vegetation/20230724_birch24_m3m/BIRC/tile_29684.png,2
arctic_vegetation/20230724_birch24_m3m/BIRC/tile_29685.png,2
arctic_vegetation/20230724_birch24_m3m/BIRC/tile_29686.png,2
arctic_vegetation/20230724_birch24_m3m/BIRC/tile_29687.png,2
arctic_vegetation/20230724_birch24_m3m/BIRC/tile_29688.png,2
arctic_vegetation/20230724_birch24_m3m/BIRC/tile_29689.png,2
arctic_vegetation/20230724_birch24_m3m/BIRC/tile_29690.png,2
arctic_vegetation/20230724_birch24_m3m/BIRC/tile_29691.png,2
arctic_vegetation/20230724_birch24_m3m/BIRC/tile_29692.png,2
arctic_vegetation/20230724_birch24_m3m/BIRC/tile_29693.png,2
arctic_vegetation/20230724_birch24_m3m/BIRC/tile_29694.png,2
arctic_vegetation/20230724_birch24_m3m/BIRC/tile_29695.png,2
arctic_vegetation/20230724_birch24_m3m/BIRC/tile_29696.png,2
arctic_vegetation/20230724_birch24_m3m/BIRC/tile_29697.png,2
arctic_vegetation/20230724_birch24_m3m/BIRC/tile_29698.png,2
arctic_vegetation/20230724_birch24_m3m/BIRC/tile_29699.png,2
arctic_vegetation/20230724_birch24_m3m/BIRC/tile_29700.png,2
arctic_vegetation/20230724_birch24_m3m/BIRC/tile_29701.png,2
arctic_vegetation/20230724_birch24_m3m/BIRC/tile_29702.png,2
arctic_vegetation/20230724_birch24_m3m/BIRC/tile_29703.png,2
arctic_vegetation/20230724_birch24_m3m/BIRC/tile_29704.png,2
arctic_vegetation/20230724_birch24_m3m/BIRC/tile_29705.png,2
arctic_vegetation/20230724_birch24_m3m/BIRC/tile_29706.png,2
arctic_vegetation/20230724_birch24_m3m/BIRC/tile_29707.png,2
arctic_vegetation/20230724_birch24_m3m/BIRC/tile_29708.png,2
arctic_vegetation/20230724_birch24_m3m/BIRC/tile_29709.png,2
arctic_vegetation/20230724_birch24_m3m/BIRC/tile_29710.png,2
arctic_vegetation/20230724_birch24_m3m/BIRC/tile_29711.png,2
arctic_vegetation/20230724_birch24_m3m/BIRC/tile_29712.png,2
arctic_vegetation/20230724_birch24_m3m/BIRC/tile_29713.png,2
arctic_vegetation/20230724_birch24_m3m/BIRC/tile_29714.png,2
arctic_vegetation/20230724_birch24_m3m/BIRC/tile_29715.png,2
arctic_vegetation/20230724_birch24_m3m/BIRC/tile_29716.png,2
arctic_vegetation/20230724_birch24_m3m/BIRC/tile_29717.png,2
arctic_vegetation/20230724_birch24_m3m/BIRC/tile_29718.png,2
arctic_vegetation/20230724_birch24_m3m/BIRC/tile_29719.png,2
arctic_vegetation/20230724_birch24_m3m/BIRC/tile_29720.png,2
arctic_vegetation/20230724_birch24_m3m/BIRC/tile_29721.png,2
arctic_vegetation/20230724_birch24_m3m/BIRC/tile_29722.png,2
arctic_vegetation/20230724_birch24_m3m/BIRC/tile_29723.png,2
arctic_vegetation/20230724_birch24_m3m/BIRC/tile_29724.png,2
arctic_vegetation/20230724_birch24_m3m/BIRC/tile_29725.png,2
arctic_vegetation/20230724_birch24_m3m/BIRC/tile_29726.png,2
arctic_vegetation/20230724_birch24_m3m/BIRC/tile_29727.png,2
arctic_vegetation/20230724_birch24_m3m/BIRC/tile_29728.png,2
arctic_vegetation/20230724_birch24_m3m/BIRC/tile_29729.png,2
arctic_vegetation/20230724_birch24_m3m/BIRC/tile_29730.png,2
arctic_vegetation/20230724_birch24_m3m/BIRC/tile_29731.png,2
arctic_vegetation/20230724_birch24_m3m/BIRC/tile_29732.png,2
arctic_vegetation/20230724_birch24_m3m/BIRC/tile_29733.png,2
arctic_vegetation/20230724_birch24_m3m/BIRC/tile_29734.png,2
arctic_vegetation/20230724_birch24_m3m/BIRC/tile_29735.png,2
arctic_vegetation/20230724_birch24_m3m/BIRC/tile_29736.png,2
arctic_vegetation/20230724_birch24_m3m/BIRC/tile_29737.png,2
arctic_vegetation/20230724_birch24_m3m/BIRC/tile_29738.png,2
arctic_vegetation/20230724_birch24_m3m/BIRC/tile_29739.png,2
arctic_vegetation/20230724_birch24_m3m/BIRC/tile_29740.png,2
arctic_vegetation/20230724_birch24_m3m/BIRC/tile_29741.png,2
arctic_vegetation/20230724_birch24_m3m/BIRC/tile_29743.png,2
arctic_vegetation/20230724_birch24_m3m/BIRC/tile_29744.png,2
arctic_vegetation/20230724_birch24_m3m/BIRC/tile_29745.png,2
arctic_vegetation/20230724_birch24_m3m/BIRC/tile_29746.png,2
arctic_vegetation/20230724_birch24_m3m/BIRC/tile_29747.png,2
arctic_vegetation/20230724_birch24_m3m/BIRC/tile_29748.png,2
arctic_vegetation/20230724_birch24_m3m/BIRC/tile_29749.png,2
arctic_vegetation/20230724_birch24_m3m/BIRC/tile_29750.png,2
arctic_vegetation/20230724_birch24_m3m/BIRC/tile_29751.png,2
arctic_vegetation/20230724_birch24_m3m/BIRC/tile_29752.png,2
arctic_vegetation/20230724_birch24_m3m/PETF/tile_29753.png,6
arctic_vegetation/20230724_birch24_m3m/BIRC/tile_29754.png,2
arctic_vegetation/20230724_birch24_m3m/BIRC/tile_29755.png,2
arctic_vegetation/20230724_birch24_m3m/BIRC/tile_29756.png,2
arctic_vegetation/20230724_birch24_m3m/BIRC/tile_29757.png,2
arctic_vegetation/20230724_birch24_m3m/BIRC/tile_29758.png,2
arctic_vegetation/20230724_birch24_m3m/BIRC/tile_29759.png,2
arctic_vegetation/20230724_birch24_m3m/BIRC/tile_29760.png,2
arctic_vegetation/20230724_birch24_m3m/BIRC/tile_29761.png,2
arctic_vegetation/20230724_birch24_m3m/BIRC/tile_29762.png,2
arctic_vegetation/20230724_birch24_m3m/BIRC/tile_29763.png,2
arctic_vegetation/20230724_birch24_m3m/BIRC/tile_29855.png,2
arctic_vegetation/20230724_birch24_m3m/BIRC/tile_29856.png,2
arctic_vegetation/20230724_birch24_m3m/BIRC/tile_29857.png,2
arctic_vegetation/20230724_birch24_m3m/BIRC/tile_29858.png,2
arctic_vegetation/20230724_birch24_m3m/BIRC/tile_29859.png,2
arctic_vegetation/20230724_birch24_m3m/BIRC/tile_29860.png,2
arctic_vegetation/20230724_birch24_m3m/BIRC/tile_29861.png,2
arctic_vegetation/20230724_birch24_m3m/BIRC/tile_29862.png,2
arctic_vegetation/20230724_birch24_m3m/BIRC/tile_29863.png,2
arctic_vegetation/20230724_birch24_m3m/BIRC/tile_29864.png,2
arctic_vegetation/20230724_birch24_m3m/BIRC/tile_29865.png,2
arctic_vegetation/20230724_birch24_m3m/BIRC/tile_29866.png,2
arctic_vegetation/20230724_birch24_m3m/BIRC/tile_29867.png,2
arctic_vegetation/20230724_birch24_m3m/BIRC/tile_29868.png,2
arctic_vegetation/20230724_birch24_m3m/BIRC/tile_29869.png,2
arctic_vegetation/20230724_birch24_m3m/BIRC/tile_29870.png,2
arctic_vegetation/20230724_birch24_m3m/BIRC/tile_29871.png,2
arctic_vegetation/20230724_birch24_m3m/BIRC/tile_29872.png,2
arctic_vegetation/20230724_birch24_m3m/BIRC/tile_29873.png,2
arctic_vegetation/20230724_birch24_m3m/LICH/tile_29874.png,4
arctic_vegetation/20230724_birch24_m3m/LICH/tile_29875.png,4
arctic_vegetation/20230724_birch24_m3m/LICH/tile_29876.png,4
arctic_vegetation/20230724_birch24_m3m/LICH/tile_29877.png,4
arctic_vegetation/20230724_birch24_m3m/LICH/tile_29878.png,4
arctic_vegetation/20230724_birch24_m3m/LICH/tile_29879.png,4
arctic_vegetation/20230724_birch24_m3m/BIRC/tile_29880.png,2
arctic_vegetation/20230724_birch24_m3m/BIRC/tile_29881.png,2
arctic_vegetation/20230724_birch24_m3m/BIRC/tile_29882.png,2
arctic_vegetation/20230724_birch24_m3m/BIRC/tile_29883.png,2
arctic_vegetation/20230724_birch24_m3m/BIRC/tile_29884.png,2
arctic_vegetation/20230724_birch24_m3m/BIRC/tile_29885.png,2
arctic_vegetation/20230724_birch24_m3m/BIRC/tile_29886.png,2
arctic_vegetation/20230724_birch24_m3m/BIRC/tile_29887.png,2
arctic_vegetation/20230724_birch24_m3m/BIRC/tile_29888.png,2
arctic_vegetation/20230724_birch24_m3m/BIRC/tile_29889.png,2
arctic_vegetation/20230724_birch24_m3m/BIRC/tile_29890.png,2
arctic_vegetation/20230724_birch24_m3m/BIRC/tile_29891.png,2
arctic_vegetation/20230724_birch24_m3m/BIRC/tile_29892.png,2
arctic_vegetation/20230724_birch24_m3m/BIRC/tile_29893.png,2
arctic_vegetation/20230724_birch24_m3m/BIRC/tile_29894.png,2
arctic_vegetation/20230724_birch24_m3m/BIRC/tile_29895.png,2
arctic_vegetation/20230724_birch24_m3m/BIRC/tile_29896.png,2
arctic_vegetation/20230724_birch24_m3m/BIRC/tile_29897.png,2
arctic_vegetation/20230724_birch24_m3m/BIRC/tile_29898.png,2
arctic_vegetation/20230724_birch24_m3m/BIRC/tile_29899.png,2
arctic_vegetation/20230724_birch24_m3m/BIRC/tile_29900.png,2
arctic_vegetation/20230724_birch24_m3m/BIRC/tile_29901.png,2
arctic_vegetation/20230724_birch24_m3m/BIRC/tile_29902.png,2
arctic_vegetation/20230724_birch24_m3m/BIRC/tile_29903.png,2
arctic_vegetation/20230724_birch24_m3m/BIRC/tile_29904.png,2
arctic_vegetation/20230724_birch24_m3m/BIRC/tile_29905.png,2
arctic_vegetation/20230724_birch24_m3m/BIRC/tile_29906.png,2
arctic_vegetation/20230724_birch24_m3m/BIRC/tile_29907.png,2
arctic_vegetation/20230724_birch24_m3m/BIRC/tile_29908.png,2
arctic_vegetation/20230724_birch24_m3m/BIRC/tile_29909.png,2
arctic_vegetation/20230724_birch24_m3m/BIRC/tile_29910.png,2
arctic_vegetation/20230724_birch24_m3m/BIRC/tile_29911.png,2
arctic_vegetation/20230724_birch24_m3m/BIRC/tile_29912.png,2
arctic_vegetation/20230724_birch24_m3m/BIRC/tile_29913.png,2
arctic_vegetation/20230724_birch24_m3m/BIRC/tile_29914.png,2
arctic_vegetation/20230724_birch24_m3m/BIRC/tile_29915.png,2
arctic_vegetation/20230724_birch24_m3m/BIRC/tile_29916.png,2
arctic_vegetation/20230724_birch24_m3m/BIRC/tile_29917.png,2
arctic_vegetation/20230724_birch24_m3m/BIRC/tile_29918.png,2
arctic_vegetation/20230724_birch24_m3m/BIRC/tile_29919.png,2
arctic_vegetation/20230724_birch24_m3m/BIRC/tile_29920.png,2
arctic_vegetation/20230724_birch24_m3m/BIRC/tile_29921.png,2
arctic_vegetation/20230724_birch24_m3m/BIRC/tile_29922.png,2
arctic_vegetation/20230724_birch24_m3m/BIRC/tile_29923.png,2
arctic_vegetation/20230724_birch24_m3m/BIRC/tile_29924.png,2
arctic_vegetation/20230724_birch24_m3m/BIRC/tile_29925.png,2
arctic_vegetation/20230724_birch24_m3m/BIRC/tile_29926.png,2
arctic_vegetation/20230724_birch24_m3m/BIRC/tile_29927.png,2
arctic_vegetation/20230724_birch24_m3m/BIRC/tile_29928.png,2
arctic_vegetation/20230724_birch24_m3m/BIRC/tile_29929.png,2
arctic_vegetation/20230724_birch24_m3m/BIRC/tile_29930.png,2
arctic_vegetation/20230724_birch24_m3m/BIRC/tile_29931.png,2
arctic_vegetation/20230724_birch24_m3m/BIRC/tile_29932.png,2
arctic_vegetation/20230724_birch24_m3m/BIRC/tile_29933.png,2
arctic_vegetation/20230724_birch24_m3m/BIRC/tile_29934.png,2
arctic_vegetation/20230724_birch24_m3m/BIRC/tile_29935.png,2
arctic_vegetation/20230724_birch24_m3m/BIRC/tile_29936.png,2
arctic_vegetation/20230724_birch24_m3m/BIRC/tile_29937.png,2
arctic_vegetation/20230724_birch24_m3m/BIRC/tile_29938.png,2
arctic_vegetation/20230724_birch24_m3m/BIRC/tile_29939.png,2
arctic_vegetation/20230724_birch24_m3m/BIRC/tile_29940.png,2
arctic_vegetation/20230724_birch24_m3m/BIRC/tile_29941.png,2
arctic_vegetation/20230724_birch24_m3m/BIRC/tile_29942.png,2
arctic_vegetation/20230724_birch24_m3m/BIRC/tile_29943.png,2
arctic_vegetation/20230724_birch24_m3m/BIRC/tile_29944.png,2
arctic_vegetation/20230724_birch24_m3m/BIRC/tile_29945.png,2
arctic_vegetation/20230724_birch24_m3m/BIRC/tile_29946.png,2
arctic_vegetation/20230724_birch24_m3m/BIRC/tile_29947.png,2
arctic_vegetation/20230724_birch24_m3m/BIRC/tile_29948.png,2
arctic_vegetation/20230724_birch24_m3m/BIRC/tile_29949.png,2
arctic_vegetation/20230724_birch24_m3m/BIRC/tile_29950.png,2
arctic_vegetation/20230724_birch24_m3m/BIRC/tile_29951.png,2
arctic_vegetation/20230724_birch24_m3m/BIRC/tile_29952.png,2
arctic_vegetation/20230724_birch24_m3m/BIRC/tile_29953.png,2
arctic_vegetation/20230724_birch24_m3m/BIRC/tile_29954.png,2
arctic_vegetation/20230724_birch24_m3m/BIRC/tile_29955.png,2
arctic_vegetation/20230724_birch24_m3m/BIRC/tile_29956.png,2
arctic_vegetation/20230724_birch24_m3m/BIRC/tile_29957.png,2
arctic_vegetation/20230724_birch24_m3m/BIRC/tile_29958.png,2
arctic_vegetation/20230724_birch24_m3m/BIRC/tile_29959.png,2
arctic_vegetation/20230724_birch24_m3m/BIRC/tile_29960.png,2
arctic_vegetation/20230724_birch24_m3m/BIRC/tile_29961.png,2
arctic_vegetation/20230724_birch24_m3m/BIRC/tile_29962.png,2
arctic_vegetation/20230724_birch24_m3m/BIRC/tile_29963.png,2
arctic_vegetation/20230724_birch24_m3m/BIRC/tile_29964.png,2
arctic_vegetation/20230724_birch24_m3m/BIRC/tile_29965.png,2
arctic_vegetation/20230724_birch24_m3m/BIRC/tile_29966.png,2
arctic_vegetation/20230724_birch24_m3m/BIRC/tile_29967.png,2
arctic_vegetation/20230724_birch24_m3m/BIRC/tile_29968.png,2
arctic_vegetation/20230724_birch24_m3m/BIRC/tile_29969.png,2
arctic_vegetation/20230724_birch24_m3m/BIRC/tile_29970.png,2
arctic_vegetation/20230724_birch24_m3m/BIRC/tile_29971.png,2
arctic_vegetation/20230724_birch24_m3m/BIRC/tile_29972.png,2
arctic_vegetation/20230724_birch24_m3m/BIRC/tile_29973.png,2
arctic_vegetation/20230724_birch24_m3m/BIRC/tile_29974.png,2
arctic_vegetation/20230724_birch24_m3m/BIRC/tile_29975.png,2
arctic_vegetation/20230724_birch24_m3m/BIRC/tile_29976.png,2
arctic_vegetation/20230724_birch24_m3m/BIRC/tile_29977.png,2
arctic_vegetation/20230724_birch24_m3m/BIRC/tile_30069.png,2
arctic_vegetation/20230724_birch24_m3m/BIRC/tile_30070.png,2
arctic_vegetation/20230724_birch24_m3m/BIRC/tile_30071.png,2
arctic_vegetation/20230724_birch24_m3m/BIRC/tile_30072.png,2
arctic_vegetation/20230724_birch24_m3m/BIRC/tile_30073.png,2
arctic_vegetation/20230724_birch24_m3m/BIRC/tile_30074.png,2
arctic_vegetation/20230724_birch24_m3m/BIRC/tile_30075.png,2
arctic_vegetation/20230724_birch24_m3m/BIRC/tile_30076.png,2
arctic_vegetation/20230724_birch24_m3m/BIRC/tile_30077.png,2
arctic_vegetation/20230724_birch24_m3m/BIRC/tile_30078.png,2
arctic_vegetation/20230724_birch24_m3m/BIRC/tile_30079.png,2
arctic_vegetation/20230724_birch24_m3m/BIRC/tile_30080.png,2
arctic_vegetation/20230724_birch24_m3m/BIRC/tile_30081.png,2
arctic_vegetation/20230724_birch24_m3m/BIRC/tile_30082.png,2
arctic_vegetation/20230724_birch24_m3m/BIRC/tile_30083.png,2
arctic_vegetation/20230724_birch24_m3m/BIRC/tile_30084.png,2
arctic_vegetation/20230724_birch24_m3m/BIRC/tile_30085.png,2
arctic_vegetation/20230724_birch24_m3m/BIRC/tile_30086.png,2
arctic_vegetation/20230724_birch24_m3m/BIRC/tile_30087.png,2
arctic_vegetation/20230724_birch24_m3m/LICH/tile_30088.png,4
arctic_vegetation/20230724_birch24_m3m/LICH/tile_30089.png,4
arctic_vegetation/20230724_birch24_m3m/LICH/tile_30090.png,4
arctic_vegetation/20230724_birch24_m3m/LICH/tile_30091.png,4
arctic_vegetation/20230724_birch24_m3m/LICH/tile_30092.png,4
arctic_vegetation/20230724_birch24_m3m/BIRC/tile_30093.png,2
arctic_vegetation/20230724_birch24_m3m/BIRC/tile_30094.png,2
arctic_vegetation/20230724_birch24_m3m/BIRC/tile_30095.png,2
arctic_vegetation/20230724_birch24_m3m/BIRC/tile_30096.png,2
arctic_vegetation/20230724_birch24_m3m/BIRC/tile_30097.png,2
arctic_vegetation/20230724_birch24_m3m/BIRC/tile_30098.png,2
arctic_vegetation/20230724_birch24_m3m/BIRC/tile_30099.png,2
arctic_vegetation/20230724_birch24_m3m/BIRC/tile_30100.png,2
arctic_vegetation/20230724_birch24_m3m/BIRC/tile_30101.png,2
arctic_vegetation/20230724_birch24_m3m/BIRC/tile_30102.png,2
arctic_vegetation/20230724_birch24_m3m/LICH/tile_30103.png,4
arctic_vegetation/20230724_birch24_m3m/BIRC/tile_30104.png,2
arctic_vegetation/20230724_birch24_m3m/BIRC/tile_30105.png,2
arctic_vegetation/20230724_birch24_m3m/BIRC/tile_30106.png,2
arctic_vegetation/20230724_birch24_m3m/BIRC/tile_30107.png,2
arctic_vegetation/20230724_birch24_m3m/BIRC/tile_30108.png,2
arctic_vegetation/20230724_birch24_m3m/BIRC/tile_30109.png,2
arctic_vegetation/20230724_birch24_m3m/BIRC/tile_30110.png,2
arctic_vegetation/20230724_birch24_m3m/BIRC/tile_30111.png,2
arctic_vegetation/20230724_birch24_m3m/BIRC/tile_30112.png,2
arctic_vegetation/20230724_birch24_m3m/BIRC/tile_30113.png,2
arctic_vegetation/20230724_birch24_m3m/BIRC/tile_30114.png,2
arctic_vegetation/20230724_birch24_m3m/BIRC/tile_30115.png,2
arctic_vegetation/20230724_birch24_m3m/BIRC/tile_30116.png,2
arctic_vegetation/20230724_birch24_m3m/BIRC/tile_30117.png,2
arctic_vegetation/20230724_birch24_m3m/BIRC/tile_30118.png,2
arctic_vegetation/20230724_birch24_m3m/BIRC/tile_30119.png,2
arctic_vegetation/20230724_birch24_m3m/BIRC/tile_30120.png,2
arctic_vegetation/20230724_birch24_m3m/BIRC/tile_30121.png,2
arctic_vegetation/20230724_birch24_m3m/BIRC/tile_30122.png,2
arctic_vegetation/20230724_birch24_m3m/BIRC/tile_30123.png,2
arctic_vegetation/20230724_birch24_m3m/BIRC/tile_30124.png,2
arctic_vegetation/20230724_birch24_m3m/BIRC/tile_30125.png,2
arctic_vegetation/20230724_birch24_m3m/BIRC/tile_30126.png,2
arctic_vegetation/20230724_birch24_m3m/BIRC/tile_30127.png,2
arctic_vegetation/20230724_birch24_m3m/BIRC/tile_30128.png,2
arctic_vegetation/20230724_birch24_m3m/BIRC/tile_30129.png,2
arctic_vegetation/20230724_birch24_m3m/BIRC/tile_30130.png,2
arctic_vegetation/20230724_birch24_m3m/BIRC/tile_30131.png,2
arctic_vegetation/20230724_birch24_m3m/BIRC/tile_30133.png,2
arctic_vegetation/20230724_birch24_m3m/BIRC/tile_30134.png,2
arctic_vegetation/20230724_birch24_m3m/BIRC/tile_30135.png,2
arctic_vegetation/20230724_birch24_m3m/BIRC/tile_30136.png,2
arctic_vegetation/20230724_birch24_m3m/BIRC/tile_30137.png,2
arctic_vegetation/20230724_birch24_m3m/BIRC/tile_30138.png,2
arctic_vegetation/20230724_birch24_m3m/BIRC/tile_30139.png,2
arctic_vegetation/20230724_birch24_m3m/PETF/tile_30140.png,6
arctic_vegetation/20230724_birch24_m3m/BIRC/tile_30141.png,2
arctic_vegetation/20230724_birch24_m3m/BIRC/tile_30142.png,2
arctic_vegetation/20230724_birch24_m3m/BIRC/tile_30143.png,2
arctic_vegetation/20230724_birch24_m3m/BIRC/tile_30144.png,2
arctic_vegetation/20230724_birch24_m3m/BIRC/tile_30145.png,2
arctic_vegetation/20230724_birch24_m3m/BIRC/tile_30146.png,2
arctic_vegetation/20230724_birch24_m3m/BIRC/tile_30147.png,2
arctic_vegetation/20230724_birch24_m3m/BIRC/tile_30148.png,2
arctic_vegetation/20230724_birch24_m3m/BIRC/tile_30149.png,2
arctic_vegetation/20230724_birch24_m3m/BIRC/tile_30150.png,2
arctic_vegetation/20230724_birch24_m3m/BIRC/tile_30151.png,2
arctic_vegetation/20230724_birch24_m3m/BIRC/tile_30152.png,2
arctic_vegetation/20230724_birch24_m3m/BIRC/tile_30153.png,2
arctic_vegetation/20230724_birch24_m3m/BIRC/tile_30154.png,2
arctic_vegetation/20230724_birch24_m3m/BIRC/tile_30155.png,2
arctic_vegetation/20230724_birch24_m3m/BIRC/tile_30156.png,2
arctic_vegetation/20230724_birch24_m3m/BIRC/tile_30157.png,2
arctic_vegetation/20230724_birch24_m3m/BIRC/tile_30158.png,2
arctic_vegetation/20230724_birch24_m3m/BIRC/tile_30159.png,2
arctic_vegetation/20230724_birch24_m3m/BIRC/tile_30160.png,2
arctic_vegetation/20230724_birch24_m3m/BIRC/tile_30161.png,2
arctic_vegetation/20230724_birch24_m3m/BIRC/tile_30162.png,2
arctic_vegetation/20230724_birch24_m3m/BIRC/tile_30163.png,2
arctic_vegetation/20230724_birch24_m3m/BIRC/tile_30164.png,2
arctic_vegetation/20230724_birch24_m3m/BIRC/tile_30165.png,2
arctic_vegetation/20230724_birch24_m3m/BIRC/tile_30166.png,2
arctic_vegetation/20230724_birch24_m3m/BIRC/tile_30167.png,2
arctic_vegetation/20230724_birch24_m3m/BIRC/tile_30168.png,2
arctic_vegetation/20230724_birch24_m3m/BIRC/tile_30169.png,2
arctic_vegetation/20230724_birch24_m3m/BIRC/tile_30170.png,2
arctic_vegetation/20230724_birch24_m3m/BIRC/tile_30171.png,2
arctic_vegetation/20230724_birch24_m3m/BIRC/tile_30172.png,2
arctic_vegetation/20230724_birch24_m3m/BIRC/tile_30173.png,2
arctic_vegetation/20230724_birch24_m3m/BIRC/tile_30174.png,2
arctic_vegetation/20230724_birch24_m3m/BIRC/tile_30175.png,2
arctic_vegetation/20230724_birch24_m3m/BIRC/tile_30176.png,2
arctic_vegetation/20230724_birch24_m3m/BIRC/tile_30177.png,2
arctic_vegetation/20230724_birch24_m3m/BIRC/tile_30178.png,2
arctic_vegetation/20230724_birch24_m3m/BIRC/tile_30179.png,2
arctic_vegetation/20230724_birch24_m3m/BIRC/tile_30180.png,2
arctic_vegetation/20230724_birch24_m3m/BIRC/tile_30181.png,2
arctic_vegetation/20230724_birch24_m3m/BIRC/tile_30182.png,2
arctic_vegetation/20230724_birch24_m3m/BIRC/tile_30183.png,2
arctic_vegetation/20230724_birch24_m3m/BIRC/tile_30283.png,2
arctic_vegetation/20230724_birch24_m3m/BIRC/tile_30284.png,2
arctic_vegetation/20230724_birch24_m3m/BIRC/tile_30285.png,2
arctic_vegetation/20230724_birch24_m3m/BIRC/tile_30286.png,2
arctic_vegetation/20230724_birch24_m3m/BIRC/tile_30287.png,2
arctic_vegetation/20230724_birch24_m3m/BIRC/tile_30288.png,2
arctic_vegetation/20230724_birch24_m3m/BIRC/tile_30289.png,2
arctic_vegetation/20230724_birch24_m3m/BIRC/tile_30290.png,2
arctic_vegetation/20230724_birch24_m3m/BIRC/tile_30291.png,2
arctic_vegetation/20230724_birch24_m3m/BIRC/tile_30292.png,2
arctic_vegetation/20230724_birch24_m3m/BIRC/tile_30293.png,2
arctic_vegetation/20230724_birch24_m3m/BIRC/tile_30294.png,2
arctic_vegetation/20230724_birch24_m3m/BIRC/tile_30295.png,2
arctic_vegetation/20230724_birch24_m3m/BIRC/tile_30296.png,2
arctic_vegetation/20230724_birch24_m3m/BIRC/tile_30297.png,2
arctic_vegetation/20230724_birch24_m3m/BIRC/tile_30298.png,2
arctic_vegetation/20230724_birch24_m3m/BIRC/tile_30299.png,2
arctic_vegetation/20230724_birch24_m3m/BIRC/tile_30300.png,2
arctic_vegetation/20230724_birch24_m3m/BIRC/tile_30301.png,2
arctic_vegetation/20230724_birch24_m3m/LICH/tile_30303.png,4
arctic_vegetation/20230724_birch24_m3m/LICH/tile_30304.png,4
arctic_vegetation/20230724_birch24_m3m/LICH/tile_30305.png,4
arctic_vegetation/20230724_birch24_m3m/LICH/tile_30306.png,4
arctic_vegetation/20230724_birch24_m3m/BIRC/tile_30307.png,2
arctic_vegetation/20230724_birch24_m3m/BIRC/tile_30308.png,2
arctic_vegetation/20230724_birch24_m3m/BIRC/tile_30309.png,2
arctic_vegetation/20230724_birch24_m3m/LICH/tile_30310.png,4
arctic_vegetation/20230724_birch24_m3m/BIRC/tile_30311.png,2
arctic_vegetation/20230724_birch24_m3m/BIRC/tile_30312.png,2
arctic_vegetation/20230724_birch24_m3m/BIRC/tile_30313.png,2
arctic_vegetation/20230724_birch24_m3m/BIRC/tile_30314.png,2
arctic_vegetation/20230724_birch24_m3m/LICH/tile_30316.png,4
arctic_vegetation/20230724_birch24_m3m/LICH/tile_30317.png,4
arctic_vegetation/20230724_birch24_m3m/BIRC/tile_30318.png,2
arctic_vegetation/20230724_birch24_m3m/BIRC/tile_30319.png,2
arctic_vegetation/20230724_birch24_m3m/BIRC/tile_30320.png,2
arctic_vegetation/20230724_birch24_m3m/BIRC/tile_30321.png,2
arctic_vegetation/20230724_birch24_m3m/BIRC/tile_30322.png,2
arctic_vegetation/20230724_birch24_m3m/BIRC/tile_30323.png,2
arctic_vegetation/20230724_birch24_m3m/BIRC/tile_30324.png,2
arctic_vegetation/20230724_birch24_m3m/BIRC/tile_30325.png,2
arctic_vegetation/20230724_birch24_m3m/BIRC/tile_30326.png,2
arctic_vegetation/20230724_birch24_m3m/BIRC/tile_30327.png,2
arctic_vegetation/20230724_birch24_m3m/BIRC/tile_30328.png,2
arctic_vegetation/20230724_birch24_m3m/BIRC/tile_30329.png,2
arctic_vegetation/20230724_birch24_m3m/BIRC/tile_30330.png,2
arctic_vegetation/20230724_birch24_m3m/BIRC/tile_30331.png,2
arctic_vegetation/20230724_birch24_m3m/BIRC/tile_30332.png,2
arctic_vegetation/20230724_birch24_m3m/BIRC/tile_30333.png,2
arctic_vegetation/20230724_birch24_m3m/BIRC/tile_30334.png,2
arctic_vegetation/20230724_birch24_m3m/BIRC/tile_30335.png,2
arctic_vegetation/20230724_birch24_m3m/BIRC/tile_30336.png,2
arctic_vegetation/20230724_birch24_m3m/BIRC/tile_30337.png,2
arctic_vegetation/20230724_birch24_m3m/BIRC/tile_30338.png,2
arctic_vegetation/20230724_birch24_m3m/BIRC/tile_30339.png,2
arctic_vegetation/20230724_birch24_m3m/BIRC/tile_30340.png,2
arctic_vegetation/20230724_birch24_m3m/BIRC/tile_30341.png,2
arctic_vegetation/20230724_birch24_m3m/BIRC/tile_30342.png,2
arctic_vegetation/20230724_birch24_m3m/BIRC/tile_30343.png,2
arctic_vegetation/20230724_birch24_m3m/BIRC/tile_30344.png,2
arctic_vegetation/20230724_birch24_m3m/BIRC/tile_30346.png,2
arctic_vegetation/20230724_birch24_m3m/BIRC/tile_30347.png,2
arctic_vegetation/20230724_birch24_m3m/BIRC/tile_30348.png,2
arctic_vegetation/20230724_birch24_m3m/BIRC/tile_30349.png,2
arctic_vegetation/20230724_birch24_m3m/BIRC/tile_30350.png,2
arctic_vegetation/20230724_birch24_m3m/BIRC/tile_30351.png,2
arctic_vegetation/20230724_birch24_m3m/BIRC/tile_30352.png,2
arctic_vegetation/20230724_birch24_m3m/BIRC/tile_30353.png,2
arctic_vegetation/20230724_birch24_m3m/BIRC/tile_30354.png,2
arctic_vegetation/20230724_birch24_m3m/BIRC/tile_30355.png,2
arctic_vegetation/20230724_birch24_m3m/BIRC/tile_30356.png,2
arctic_vegetation/20230724_birch24_m3m/BIRC/tile_30357.png,2
arctic_vegetation/20230724_birch24_m3m/BIRC/tile_30358.png,2
arctic_vegetation/20230724_birch24_m3m/BIRC/tile_30359.png,2
arctic_vegetation/20230724_birch24_m3m/BIRC/tile_30360.png,2
arctic_vegetation/20230724_birch24_m3m/BIRC/tile_30361.png,2
arctic_vegetation/20230724_birch24_m3m/BIRC/tile_30362.png,2
arctic_vegetation/20230724_birch24_m3m/BIRC/tile_30363.png,2
arctic_vegetation/20230724_birch24_m3m/BIRC/tile_30364.png,2
arctic_vegetation/20230724_birch24_m3m/BIRC/tile_30365.png,2
arctic_vegetation/20230724_birch24_m3m/BIRC/tile_30366.png,2
arctic_vegetation/20230724_birch24_m3m/BIRC/tile_30367.png,2
arctic_vegetation/20230724_birch24_m3m/BIRC/tile_30368.png,2
arctic_vegetation/20230724_birch24_m3m/BIRC/tile_30369.png,2
arctic_vegetation/20230724_birch24_m3m/BIRC/tile_30370.png,2
arctic_vegetation/20230724_birch24_m3m/BIRC/tile_30371.png,2
arctic_vegetation/20230724_birch24_m3m/BIRC/tile_30372.png,2
arctic_vegetation/20230724_birch24_m3m/BIRC/tile_30373.png,2
arctic_vegetation/20230724_birch24_m3m/BIRC/tile_30374.png,2
arctic_vegetation/20230724_birch24_m3m/BIRC/tile_30375.png,2
arctic_vegetation/20230724_birch24_m3m/BIRC/tile_30376.png,2
arctic_vegetation/20230724_birch24_m3m/BIRC/tile_30377.png,2
arctic_vegetation/20230724_birch24_m3m/BIRC/tile_30378.png,2
arctic_vegetation/20230724_birch24_m3m/BIRC/tile_30379.png,2
arctic_vegetation/20230724_birch24_m3m/BIRC/tile_30380.png,2
arctic_vegetation/20230724_birch24_m3m/BIRC/tile_30381.png,2
arctic_vegetation/20230724_birch24_m3m/BIRC/tile_30382.png,2
arctic_vegetation/20230724_birch24_m3m/BIRC/tile_30383.png,2
arctic_vegetation/20230724_birch24_m3m/BIRC/tile_30384.png,2
arctic_vegetation/20230724_birch24_m3m/BIRC/tile_30385.png,2
arctic_vegetation/20230724_birch24_m3m/BIRC/tile_30386.png,2
arctic_vegetation/20230724_birch24_m3m/BIRC/tile_30387.png,2
arctic_vegetation/20230724_birch24_m3m/BIRC/tile_30388.png,2
arctic_vegetation/20230724_birch24_m3m/BIRC/tile_30389.png,2
arctic_vegetation/20230724_birch24_m3m/BIRC/tile_30390.png,2
arctic_vegetation/20230724_birch24_m3m/BIRC/tile_30391.png,2
arctic_vegetation/20230724_birch24_m3m/BIRC/tile_30392.png,2
arctic_vegetation/20230724_birch24_m3m/BIRC/tile_30393.png,2
arctic_vegetation/20230724_birch24_m3m/BIRC/tile_30394.png,2
arctic_vegetation/20230724_birch24_m3m/BIRC/tile_30395.png,2
arctic_vegetation/20230724_birch24_m3m/BIRC/tile_30396.png,2
arctic_vegetation/20230724_birch24_m3m/BIRC/tile_30397.png,2
arctic_vegetation/20230724_birch24_m3m/BIRC/tile_30496.png,2
arctic_vegetation/20230724_birch24_m3m/BIRC/tile_30497.png,2
arctic_vegetation/20230724_birch24_m3m/BIRC/tile_30498.png,2
arctic_vegetation/20230724_birch24_m3m/BIRC/tile_30499.png,2
arctic_vegetation/20230724_birch24_m3m/BIRC/tile_30500.png,2
arctic_vegetation/20230724_birch24_m3m/BIRC/tile_30501.png,2
arctic_vegetation/20230724_birch24_m3m/BIRC/tile_30502.png,2
arctic_vegetation/20230724_birch24_m3m/BIRC/tile_30503.png,2
arctic_vegetation/20230724_birch24_m3m/BIRC/tile_30504.png,2
arctic_vegetation/20230724_birch24_m3m/BIRC/tile_30505.png,2
arctic_vegetation/20230724_birch24_m3m/BIRC/tile_30506.png,2
arctic_vegetation/20230724_birch24_m3m/BIRC/tile_30507.png,2
arctic_vegetation/20230724_birch24_m3m/BIRC/tile_30508.png,2
arctic_vegetation/20230724_birch24_m3m/BIRC/tile_30509.png,2
arctic_vegetation/20230724_birch24_m3m/BIRC/tile_30510.png,2
arctic_vegetation/20230724_birch24_m3m/BIRC/tile_30511.png,2
arctic_vegetation/20230724_birch24_m3m/BIRC/tile_30512.png,2
arctic_vegetation/20230724_birch24_m3m/BIRC/tile_30513.png,2
arctic_vegetation/20230724_birch24_m3m/BIRC/tile_30514.png,2
arctic_vegetation/20230724_birch24_m3m/BIRC/tile_30515.png,2
arctic_vegetation/20230724_birch24_m3m/BIRC/tile_30516.png,2
arctic_vegetation/20230724_birch24_m3m/LICH/tile_30517.png,4
arctic_vegetation/20230724_birch24_m3m/LICH/tile_30518.png,4
arctic_vegetation/20230724_birch24_m3m/LICH/tile_30519.png,4
arctic_vegetation/20230724_birch24_m3m/LICH/tile_30520.png,4
arctic_vegetation/20230724_birch24_m3m/LICH/tile_30521.png,4
arctic_vegetation/20230724_birch24_m3m/LICH/tile_30522.png,4
arctic_vegetation/20230724_birch24_m3m/LICH/tile_30523.png,4
arctic_vegetation/20230724_birch24_m3m/LICH/tile_30524.png,4
arctic_vegetation/20230724_birch24_m3m/BIRC/tile_30525.png,2
arctic_vegetation/20230724_birch24_m3m/BIRC/tile_30526.png,2
arctic_vegetation/20230724_birch24_m3m/BIRC/tile_30527.png,2
arctic_vegetation/20230724_birch24_m3m/BIRC/tile_30528.png,2
arctic_vegetation/20230724_birch24_m3m/BIRC/tile_30529.png,2
arctic_vegetation/20230724_birch24_m3m/BIRC/tile_30530.png,2
arctic_vegetation/20230724_birch24_m3m/LICH/tile_30531.png,4
arctic_vegetation/20230724_birch24_m3m/BIRC/tile_30532.png,2
arctic_vegetation/20230724_birch24_m3m/BIRC/tile_30533.png,2
arctic_vegetation/20230724_birch24_m3m/BIRC/tile_30534.png,2
arctic_vegetation/20230724_birch24_m3m/BIRC/tile_30535.png,2
arctic_vegetation/20230724_birch24_m3m/BIRC/tile_30536.png,2
arctic_vegetation/20230724_birch24_m3m/BIRC/tile_30537.png,2
arctic_vegetation/20230724_birch24_m3m/BIRC/tile_30538.png,2
arctic_vegetation/20230724_birch24_m3m/BIRC/tile_30539.png,2
arctic_vegetation/20230724_birch24_m3m/BIRC/tile_30540.png,2
arctic_vegetation/20230724_birch24_m3m/BIRC/tile_30541.png,2
arctic_vegetation/20230724_birch24_m3m/BIRC/tile_30542.png,2
arctic_vegetation/20230724_birch24_m3m/BIRC/tile_30543.png,2
arctic_vegetation/20230724_birch24_m3m/BIRC/tile_30544.png,2
arctic_vegetation/20230724_birch24_m3m/BIRC/tile_30545.png,2
arctic_vegetation/20230724_birch24_m3m/BIRC/tile_30546.png,2
arctic_vegetation/20230724_birch24_m3m/BIRC/tile_30547.png,2
arctic_vegetation/20230724_birch24_m3m/BIRC/tile_30548.png,2
arctic_vegetation/20230724_birch24_m3m/BIRC/tile_30549.png,2
arctic_vegetation/20230724_birch24_m3m/BIRC/tile_30550.png,2
arctic_vegetation/20230724_birch24_m3m/BIRC/tile_30551.png,2
arctic_vegetation/20230724_birch24_m3m/BIRC/tile_30552.png,2
arctic_vegetation/20230724_birch24_m3m/BIRC/tile_30553.png,2
arctic_vegetation/20230724_birch24_m3m/BIRC/tile_30554.png,2
arctic_vegetation/20230724_birch24_m3m/BIRC/tile_30555.png,2
arctic_vegetation/20230724_birch24_m3m/BIRC/tile_30556.png,2
arctic_vegetation/20230724_birch24_m3m/PETF/tile_30557.png,6
arctic_vegetation/20230724_birch24_m3m/BIRC/tile_30560.png,2
arctic_vegetation/20230724_birch24_m3m/BIRC/tile_30561.png,2
arctic_vegetation/20230724_birch24_m3m/BIRC/tile_30562.png,2
arctic_vegetation/20230724_birch24_m3m/BIRC/tile_30563.png,2
arctic_vegetation/20230724_birch24_m3m/BIRC/tile_30564.png,2
arctic_vegetation/20230724_birch24_m3m/BIRC/tile_30565.png,2
arctic_vegetation/20230724_birch24_m3m/BIRC/tile_30566.png,2
arctic_vegetation/20230724_birch24_m3m/BIRC/tile_30567.png,2
arctic_vegetation/20230724_birch24_m3m/BIRC/tile_30568.png,2
arctic_vegetation/20230724_birch24_m3m/BIRC/tile_30569.png,2
arctic_vegetation/20230724_birch24_m3m/BIRC/tile_30570.png,2
arctic_vegetation/20230724_birch24_m3m/BIRC/tile_30571.png,2
arctic_vegetation/20230724_birch24_m3m/BIRC/tile_30572.png,2
arctic_vegetation/20230724_birch24_m3m/BIRC/tile_30573.png,2
arctic_vegetation/20230724_birch24_m3m/BIRC/tile_30574.png,2
arctic_vegetation/20230724_birch24_m3m/BIRC/tile_30575.png,2
arctic_vegetation/20230724_birch24_m3m/BIRC/tile_30576.png,2
arctic_vegetation/20230724_birch24_m3m/BIRC/tile_30577.png,2
arctic_vegetation/20230724_birch24_m3m/BIRC/tile_30578.png,2
arctic_vegetation/20230724_birch24_m3m/BIRC/tile_30579.png,2
arctic_vegetation/20230724_birch24_m3m/BIRC/tile_30580.png,2
arctic_vegetation/20230724_birch24_m3m/BIRC/tile_30581.png,2
arctic_vegetation/20230724_birch24_m3m/BIRC/tile_30582.png,2
arctic_vegetation/20230724_birch24_m3m/BIRC/tile_30583.png,2
arctic_vegetation/20230724_birch24_m3m/BIRC/tile_30584.png,2
arctic_vegetation/20230724_birch24_m3m/PETF/tile_30585.png,6
arctic_vegetation/20230724_birch24_m3m/BIRC/tile_30586.png,2
arctic_vegetation/20230724_birch24_m3m/BIRC/tile_30587.png,2
arctic_vegetation/20230724_birch24_m3m/BIRC/tile_30588.png,2
arctic_vegetation/20230724_birch24_m3m/BIRC/tile_30589.png,2
arctic_vegetation/20230724_birch24_m3m/BIRC/tile_30590.png,2
arctic_vegetation/20230724_birch24_m3m/BIRC/tile_30591.png,2
arctic_vegetation/20230724_birch24_m3m/BIRC/tile_30592.png,2
arctic_vegetation/20230724_birch24_m3m/BIRC/tile_30593.png,2
arctic_vegetation/20230724_birch24_m3m/BIRC/tile_30594.png,2
arctic_vegetation/20230724_birch24_m3m/BIRC/tile_30595.png,2
arctic_vegetation/20230724_birch24_m3m/BIRC/tile_30596.png,2
arctic_vegetation/20230724_birch24_m3m/BIRC/tile_30597.png,2
arctic_vegetation/20230724_birch24_m3m/BIRC/tile_30598.png,2
arctic_vegetation/20230724_birch24_m3m/BIRC/tile_30599.png,2
arctic_vegetation/20230724_birch24_m3m/BIRC/tile_30600.png,2
arctic_vegetation/20230724_birch24_m3m/BIRC/tile_30601.png,2
arctic_vegetation/20230724_birch24_m3m/BIRC/tile_30602.png,2
arctic_vegetation/20230724_birch24_m3m/BIRC/tile_30603.png,2
arctic_vegetation/20230724_birch24_m3m/BIRC/tile_30604.png,2
arctic_vegetation/20230724_birch24_m3m/BIRC/tile_30605.png,2
arctic_vegetation/20230724_birch24_m3m/BIRC/tile_30606.png,2
arctic_vegetation/20230724_birch24_m3m/BIRC/tile_30607.png,2
arctic_vegetation/20230724_birch24_m3m/BIRC/tile_30608.png,2
arctic_vegetation/20230724_birch24_m3m/BIRC/tile_30609.png,2
arctic_vegetation/20230724_birch24_m3m/BIRC/tile_30610.png,2
arctic_vegetation/20230724_birch24_m3m/BIRC/tile_30611.png,2
arctic_vegetation/20230724_birch24_m3m/BIRC/tile_30612.png,2
arctic_vegetation/20230724_birch24_m3m/BIRC/tile_30709.png,2
arctic_vegetation/20230724_birch24_m3m/BIRC/tile_30710.png,2
arctic_vegetation/20230724_birch24_m3m/BIRC/tile_30711.png,2
arctic_vegetation/20230724_birch24_m3m/BIRC/tile_30712.png,2
arctic_vegetation/20230724_birch24_m3m/BIRC/tile_30713.png,2
arctic_vegetation/20230724_birch24_m3m/BIRC/tile_30714.png,2
arctic_vegetation/20230724_birch24_m3m/BIRC/tile_30715.png,2
arctic_vegetation/20230724_birch24_m3m/BIRC/tile_30716.png,2
arctic_vegetation/20230724_birch24_m3m/BIRC/tile_30717.png,2
arctic_vegetation/20230724_birch24_m3m/BIRC/tile_30718.png,2
arctic_vegetation/20230724_birch24_m3m/BIRC/tile_30719.png,2
arctic_vegetation/20230724_birch24_m3m/BIRC/tile_30720.png,2
arctic_vegetation/20230724_birch24_m3m/BIRC/tile_30721.png,2
arctic_vegetation/20230724_birch24_m3m/BIRC/tile_30722.png,2
arctic_vegetation/20230724_birch24_m3m/BIRC/tile_30723.png,2
arctic_vegetation/20230724_birch24_m3m/BIRC/tile_30724.png,2
arctic_vegetation/20230724_birch24_m3m/BIRC/tile_30725.png,2
arctic_vegetation/20230724_birch24_m3m/BIRC/tile_30726.png,2
arctic_vegetation/20230724_birch24_m3m/BIRC/tile_30727.png,2
arctic_vegetation/20230724_birch24_m3m/BIRC/tile_30728.png,2
arctic_vegetation/20230724_birch24_m3m/BIRC/tile_30729.png,2
arctic_vegetation/20230724_birch24_m3m/BIRC/tile_30730.png,2
arctic_vegetation/20230724_birch24_m3m/BIRC/tile_30731.png,2
arctic_vegetation/20230724_birch24_m3m/BIRC/tile_30732.png,2
arctic_vegetation/20230724_birch24_m3m/BIRC/tile_30733.png,2
arctic_vegetation/20230724_birch24_m3m/LICH/tile_30734.png,4
arctic_vegetation/20230724_birch24_m3m/LICH/tile_30735.png,4
arctic_vegetation/20230724_birch24_m3m/LICH/tile_30736.png,4
arctic_vegetation/20230724_birch24_m3m/LICH/tile_30737.png,4
arctic_vegetation/20230724_birch24_m3m/BIRC/tile_30738.png,2
arctic_vegetation/20230724_birch24_m3m/BIRC/tile_30739.png,2
arctic_vegetation/20230724_birch24_m3m/BIRC/tile_30740.png,2
arctic_vegetation/20230724_birch24_m3m/BIRC/tile_30741.png,2
arctic_vegetation/20230724_birch24_m3m/BIRC/tile_30742.png,2
arctic_vegetation/20230724_birch24_m3m/BIRC/tile_30743.png,2
arctic_vegetation/20230724_birch24_m3m/LICH/tile_30744.png,4
arctic_vegetation/20230724_birch24_m3m/BIRC/tile_30745.png,2
arctic_vegetation/20230724_birch24_m3m/BIRC/tile_30746.png,2
arctic_vegetation/20230724_birch24_m3m/BIRC/tile_30747.png,2
arctic_vegetation/20230724_birch24_m3m/BIRC/tile_30748.png,2
arctic_vegetation/20230724_birch24_m3m/BIRC/tile_30749.png,2
arctic_vegetation/20230724_birch24_m3m/BIRC/tile_30750.png,2
arctic_vegetation/20230724_birch24_m3m/BIRC/tile_30751.png,2
arctic_vegetation/20230724_birch24_m3m/BIRC/tile_30752.png,2
arctic_vegetation/20230724_birch24_m3m/BIRC/tile_30753.png,2
arctic_vegetation/20230724_birch24_m3m/BIRC/tile_30754.png,2
arctic_vegetation/20230724_birch24_m3m/BIRC/tile_30755.png,2
arctic_vegetation/20230724_birch24_m3m/BIRC/tile_30756.png,2
arctic_vegetation/20230724_birch24_m3m/BIRC/tile_30757.png,2
arctic_vegetation/20230724_birch24_m3m/BIRC/tile_30758.png,2
arctic_vegetation/20230724_birch24_m3m/BIRC/tile_30759.png,2
arctic_vegetation/20230724_birch24_m3m/BIRC/tile_30760.png,2
arctic_vegetation/20230724_birch24_m3m/BIRC/tile_30761.png,2
arctic_vegetation/20230724_birch24_m3m/BIRC/tile_30762.png,2
arctic_vegetation/20230724_birch24_m3m/BIRC/tile_30763.png,2
arctic_vegetation/20230724_birch24_m3m/BIRC/tile_30764.png,2
arctic_vegetation/20230724_birch24_m3m/BIRC/tile_30765.png,2
arctic_vegetation/20230724_birch24_m3m/BIRC/tile_30766.png,2
arctic_vegetation/20230724_birch24_m3m/BIRC/tile_30767.png,2
arctic_vegetation/20230724_birch24_m3m/BIRC/tile_30768.png,2
arctic_vegetation/20230724_birch24_m3m/BIRC/tile_30769.png,2
arctic_vegetation/20230724_birch24_m3m/BIRC/tile_30770.png,2
arctic_vegetation/20230724_birch24_m3m/BIRC/tile_30771.png,2
arctic_vegetation/20230724_birch24_m3m/BIRC/tile_30772.png,2
arctic_vegetation/20230724_birch24_m3m/BIRC/tile_30773.png,2
arctic_vegetation/20230724_birch24_m3m/BIRC/tile_30774.png,2
arctic_vegetation/20230724_birch24_m3m/BIRC/tile_30775.png,2
arctic_vegetation/20230724_birch24_m3m/BIRC/tile_30776.png,2
arctic_vegetation/20230724_birch24_m3m/BIRC/tile_30777.png,2
arctic_vegetation/20230724_birch24_m3m/BIRC/tile_30778.png,2
arctic_vegetation/20230724_birch24_m3m/BIRC/tile_30779.png,2
arctic_vegetation/20230724_birch24_m3m/BIRC/tile_30780.png,2
arctic_vegetation/20230724_birch24_m3m/BIRC/tile_30781.png,2
arctic_vegetation/20230724_birch24_m3m/BIRC/tile_30782.png,2
arctic_vegetation/20230724_birch24_m3m/BIRC/tile_30783.png,2
arctic_vegetation/20230724_birch24_m3m/BIRC/tile_30784.png,2
arctic_vegetation/20230724_birch24_m3m/BIRC/tile_30785.png,2
arctic_vegetation/20230724_birch24_m3m/BIRC/tile_30786.png,2
arctic_vegetation/20230724_birch24_m3m/BIRC/tile_30787.png,2
arctic_vegetation/20230724_birch24_m3m/BIRC/tile_30788.png,2
arctic_vegetation/20230724_birch24_m3m/BIRC/tile_30789.png,2
arctic_vegetation/20230724_birch24_m3m/BIRC/tile_30790.png,2
arctic_vegetation/20230724_birch24_m3m/BIRC/tile_30791.png,2
arctic_vegetation/20230724_birch24_m3m/BIRC/tile_30792.png,2
arctic_vegetation/20230724_birch24_m3m/BIRC/tile_30793.png,2
arctic_vegetation/20230724_birch24_m3m/BIRC/tile_30794.png,2
arctic_vegetation/20230724_birch24_m3m/BIRC/tile_30795.png,2
arctic_vegetation/20230724_birch24_m3m/BIRC/tile_30796.png,2
arctic_vegetation/20230724_birch24_m3m/BIRC/tile_30797.png,2
arctic_vegetation/20230724_birch24_m3m/BIRC/tile_30798.png,2
arctic_vegetation/20230724_birch24_m3m/BIRC/tile_30799.png,2
arctic_vegetation/20230724_birch24_m3m/BIRC/tile_30800.png,2
arctic_vegetation/20230724_birch24_m3m/BIRC/tile_30801.png,2
arctic_vegetation/20230724_birch24_m3m/BIRC/tile_30802.png,2
arctic_vegetation/20230724_birch24_m3m/BIRC/tile_30803.png,2
arctic_vegetation/20230724_birch24_m3m/BIRC/tile_30804.png,2
arctic_vegetation/20230724_birch24_m3m/BIRC/tile_30805.png,2
arctic_vegetation/20230724_birch24_m3m/BIRC/tile_30806.png,2
arctic_vegetation/20230724_birch24_m3m/BIRC/tile_30807.png,2
arctic_vegetation/20230724_birch24_m3m/BIRC/tile_30808.png,2
arctic_vegetation/20230724_birch24_m3m/BIRC/tile_30809.png,2
arctic_vegetation/20230724_birch24_m3m/BIRC/tile_30810.png,2
arctic_vegetation/20230724_birch24_m3m/BIRC/tile_30811.png,2
arctic_vegetation/20230724_birch24_m3m/BIRC/tile_30812.png,2
arctic_vegetation/20230724_birch24_m3m/BIRC/tile_30813.png,2
arctic_vegetation/20230724_birch24_m3m/BIRC/tile_30814.png,2
arctic_vegetation/20230724_birch24_m3m/BIRC/tile_30815.png,2
arctic_vegetation/20230724_birch24_m3m/BIRC/tile_30816.png,2
arctic_vegetation/20230724_birch24_m3m/BIRC/tile_30817.png,2
arctic_vegetation/20230724_birch24_m3m/BIRC/tile_30818.png,2
arctic_vegetation/20230724_birch24_m3m/BIRC/tile_30819.png,2
arctic_vegetation/20230724_birch24_m3m/BIRC/tile_30820.png,2
arctic_vegetation/20230724_birch24_m3m/BIRC/tile_30821.png,2
arctic_vegetation/20230724_birch24_m3m/BIRC/tile_30822.png,2
arctic_vegetation/20230724_birch24_m3m/BIRC/tile_30823.png,2
arctic_vegetation/20230724_birch24_m3m/BIRC/tile_30824.png,2
arctic_vegetation/20230724_birch24_m3m/BIRC/tile_30825.png,2
arctic_vegetation/20230724_birch24_m3m/BIRC/tile_30922.png,2
arctic_vegetation/20230724_birch24_m3m/BIRC/tile_30923.png,2
arctic_vegetation/20230724_birch24_m3m/BIRC/tile_30924.png,2
arctic_vegetation/20230724_birch24_m3m/BIRC/tile_30925.png,2
arctic_vegetation/20230724_birch24_m3m/BIRC/tile_30926.png,2
arctic_vegetation/20230724_birch24_m3m/BIRC/tile_30927.png,2
arctic_vegetation/20230724_birch24_m3m/BIRC/tile_30928.png,2
arctic_vegetation/20230724_birch24_m3m/BIRC/tile_30929.png,2
arctic_vegetation/20230724_birch24_m3m/BIRC/tile_30930.png,2
arctic_vegetation/20230724_birch24_m3m/BIRC/tile_30931.png,2
arctic_vegetation/20230724_birch24_m3m/BIRC/tile_30932.png,2
arctic_vegetation/20230724_birch24_m3m/BIRC/tile_30933.png,2
arctic_vegetation/20230724_birch24_m3m/BIRC/tile_30934.png,2
arctic_vegetation/20230724_birch24_m3m/BIRC/tile_30935.png,2
arctic_vegetation/20230724_birch24_m3m/BIRC/tile_30936.png,2
arctic_vegetation/20230724_birch24_m3m/BIRC/tile_30937.png,2
arctic_vegetation/20230724_birch24_m3m/BIRC/tile_30938.png,2
arctic_vegetation/20230724_birch24_m3m/BIRC/tile_30939.png,2
arctic_vegetation/20230724_birch24_m3m/BIRC/tile_30940.png,2
arctic_vegetation/20230724_birch24_m3m/BIRC/tile_30941.png,2
arctic_vegetation/20230724_birch24_m3m/BIRC/tile_30942.png,2
arctic_vegetation/20230724_birch24_m3m/BIRC/tile_30943.png,2
arctic_vegetation/20230724_birch24_m3m/WILL/tile_30944.png,11
arctic_vegetation/20230724_birch24_m3m/BIRC/tile_30945.png,2
arctic_vegetation/20230724_birch24_m3m/BIRC/tile_30946.png,2
arctic_vegetation/20230724_birch24_m3m/BIRC/tile_30947.png,2
arctic_vegetation/20230724_birch24_m3m/BIRC/tile_30948.png,2
arctic_vegetation/20230724_birch24_m3m/BIRC/tile_30949.png,2
arctic_vegetation/20230724_birch24_m3m/BIRC/tile_30950.png,2
arctic_vegetation/20230724_birch24_m3m/BIRC/tile_30951.png,2
arctic_vegetation/20230724_birch24_m3m/BIRC/tile_30952.png,2
arctic_vegetation/20230724_birch24_m3m/BIRC/tile_30953.png,2
arctic_vegetation/20230724_birch24_m3m/BIRC/tile_30954.png,2
arctic_vegetation/20230724_birch24_m3m/BIRC/tile_30955.png,2
arctic_vegetation/20230724_birch24_m3m/LICH/tile_30956.png,4
arctic_vegetation/20230724_birch24_m3m/BIRC/tile_30957.png,2
arctic_vegetation/20230724_birch24_m3m/BIRC/tile_30958.png,2
arctic_vegetation/20230724_birch24_m3m/BIRC/tile_30959.png,2
arctic_vegetation/20230724_birch24_m3m/BIRC/tile_30960.png,2
arctic_vegetation/20230724_birch24_m3m/BIRC/tile_30961.png,2
arctic_vegetation/20230724_birch24_m3m/BIRC/tile_30962.png,2
arctic_vegetation/20230724_birch24_m3m/BIRC/tile_30963.png,2
arctic_vegetation/20230724_birch24_m3m/BIRC/tile_30964.png,2
arctic_vegetation/20230724_birch24_m3m/BIRC/tile_30965.png,2
arctic_vegetation/20230724_birch24_m3m/BIRC/tile_30966.png,2
arctic_vegetation/20230724_birch24_m3m/BIRC/tile_30967.png,2
arctic_vegetation/20230724_birch24_m3m/BIRC/tile_30968.png,2
arctic_vegetation/20230724_birch24_m3m/BIRC/tile_30969.png,2
arctic_vegetation/20230724_birch24_m3m/BIRC/tile_30970.png,2
arctic_vegetation/20230724_birch24_m3m/BIRC/tile_30971.png,2
arctic_vegetation/20230724_birch24_m3m/BIRC/tile_30972.png,2
arctic_vegetation/20230724_birch24_m3m/BIRC/tile_30973.png,2
arctic_vegetation/20230724_birch24_m3m/BIRC/tile_30974.png,2
arctic_vegetation/20230724_birch24_m3m/BIRC/tile_30975.png,2
arctic_vegetation/20230724_birch24_m3m/BIRC/tile_30976.png,2
arctic_vegetation/20230724_birch24_m3m/BIRC/tile_30977.png,2
arctic_vegetation/20230724_birch24_m3m/BIRC/tile_30978.png,2
arctic_vegetation/20230724_birch24_m3m/BIRC/tile_30979.png,2
arctic_vegetation/20230724_birch24_m3m/BIRC/tile_30980.png,2
arctic_vegetation/20230724_birch24_m3m/BIRC/tile_30981.png,2
arctic_vegetation/20230724_birch24_m3m/BIRC/tile_30982.png,2
arctic_vegetation/20230724_birch24_m3m/BIRC/tile_30983.png,2
arctic_vegetation/20230724_birch24_m3m/BIRC/tile_30984.png,2
arctic_vegetation/20230724_birch24_m3m/BIRC/tile_30985.png,2
arctic_vegetation/20230724_birch24_m3m/BIRC/tile_30986.png,2
arctic_vegetation/20230724_birch24_m3m/BIRC/tile_30987.png,2
arctic_vegetation/20230724_birch24_m3m/BIRC/tile_30988.png,2
arctic_vegetation/20230724_birch24_m3m/BIRC/tile_30989.png,2
arctic_vegetation/20230724_birch24_m3m/BIRC/tile_30990.png,2
arctic_vegetation/20230724_birch24_m3m/BIRC/tile_30991.png,2
arctic_vegetation/20230724_birch24_m3m/BIRC/tile_30992.png,2
arctic_vegetation/20230724_birch24_m3m/BIRC/tile_30993.png,2
arctic_vegetation/20230724_birch24_m3m/BIRC/tile_30994.png,2
arctic_vegetation/20230724_birch24_m3m/BIRC/tile_30995.png,2
arctic_vegetation/20230724_birch24_m3m/BIRC/tile_30996.png,2
arctic_vegetation/20230724_birch24_m3m/BIRC/tile_30997.png,2
arctic_vegetation/20230724_birch24_m3m/BIRC/tile_30998.png,2
arctic_vegetation/20230724_birch24_m3m/BIRC/tile_30999.png,2
arctic_vegetation/20230724_birch24_m3m/BIRC/tile_31000.png,2
arctic_vegetation/20230724_birch24_m3m/BIRC/tile_31001.png,2
arctic_vegetation/20230724_birch24_m3m/BIRC/tile_31002.png,2
arctic_vegetation/20230724_birch24_m3m/BIRC/tile_31003.png,2
arctic_vegetation/20230724_birch24_m3m/BIRC/tile_31004.png,2
arctic_vegetation/20230724_birch24_m3m/BIRC/tile_31005.png,2
arctic_vegetation/20230724_birch24_m3m/BIRC/tile_31006.png,2
arctic_vegetation/20230724_birch24_m3m/BIRC/tile_31007.png,2
arctic_vegetation/20230724_birch24_m3m/BIRC/tile_31008.png,2
arctic_vegetation/20230724_birch24_m3m/BIRC/tile_31009.png,2
arctic_vegetation/20230724_birch24_m3m/BIRC/tile_31010.png,2
arctic_vegetation/20230724_birch24_m3m/BIRC/tile_31011.png,2
arctic_vegetation/20230724_birch24_m3m/BIRC/tile_31012.png,2
arctic_vegetation/20230724_birch24_m3m/BIRC/tile_31013.png,2
arctic_vegetation/20230724_birch24_m3m/BIRC/tile_31014.png,2
arctic_vegetation/20230724_birch24_m3m/BIRC/tile_31015.png,2
arctic_vegetation/20230724_birch24_m3m/BIRC/tile_31016.png,2
arctic_vegetation/20230724_birch24_m3m/BIRC/tile_31017.png,2
arctic_vegetation/20230724_birch24_m3m/BIRC/tile_31018.png,2
arctic_vegetation/20230724_birch24_m3m/BIRC/tile_31019.png,2
arctic_vegetation/20230724_birch24_m3m/BIRC/tile_31020.png,2
arctic_vegetation/20230724_birch24_m3m/BIRC/tile_31021.png,2
arctic_vegetation/20230724_birch24_m3m/BIRC/tile_31022.png,2
arctic_vegetation/20230724_birch24_m3m/BIRC/tile_31023.png,2
arctic_vegetation/20230724_birch24_m3m/BIRC/tile_31024.png,2
arctic_vegetation/20230724_birch24_m3m/BIRC/tile_31025.png,2
arctic_vegetation/20230724_birch24_m3m/BIRC/tile_31026.png,2
arctic_vegetation/20230724_birch24_m3m/BIRC/tile_31027.png,2
arctic_vegetation/20230724_birch24_m3m/BIRC/tile_31028.png,2
arctic_vegetation/20230724_birch24_m3m/BIRC/tile_31029.png,2
arctic_vegetation/20230724_birch24_m3m/BIRC/tile_31030.png,2
arctic_vegetation/20230724_birch24_m3m/BIRC/tile_31031.png,2
arctic_vegetation/20230724_birch24_m3m/BIRC/tile_31032.png,2
arctic_vegetation/20230724_birch24_m3m/BIRC/tile_31033.png,2
arctic_vegetation/20230724_birch24_m3m/BIRC/tile_31034.png,2
arctic_vegetation/20230724_birch24_m3m/BIRC/tile_31035.png,2
arctic_vegetation/20230724_birch24_m3m/BIRC/tile_31036.png,2
arctic_vegetation/20230724_birch24_m3m/BIRC/tile_31037.png,2
arctic_vegetation/20230724_birch24_m3m/BIRC/tile_31039.png,2
arctic_vegetation/20230724_birch24_m3m/BIRC/tile_31040.png,2
arctic_vegetation/20230724_birch24_m3m/BIRC/tile_31041.png,2
arctic_vegetation/20230724_birch24_m3m/BIRC/tile_31042.png,2
arctic_vegetation/20230724_birch24_m3m/BIRC/tile_31043.png,2
arctic_vegetation/20230724_birch24_m3m/BIRC/tile_31044.png,2
arctic_vegetation/20230724_birch24_m3m/BIRC/tile_31045.png,2
arctic_vegetation/20230724_birch24_m3m/BIRC/tile_31133.png,2
arctic_vegetation/20230724_birch24_m3m/BIRC/tile_31134.png,2
arctic_vegetation/20230724_birch24_m3m/BIRC/tile_31135.png,2
arctic_vegetation/20230724_birch24_m3m/BIRC/tile_31136.png,2
arctic_vegetation/20230724_birch24_m3m/BIRC/tile_31137.png,2
arctic_vegetation/20230724_birch24_m3m/BIRC/tile_31138.png,2
arctic_vegetation/20230724_birch24_m3m/BIRC/tile_31139.png,2
arctic_vegetation/20230724_birch24_m3m/BIRC/tile_31140.png,2
arctic_vegetation/20230724_birch24_m3m/BIRC/tile_31141.png,2
arctic_vegetation/20230724_birch24_m3m/BIRC/tile_31142.png,2
arctic_vegetation/20230724_birch24_m3m/WILL/tile_31143.png,11
arctic_vegetation/20230724_birch24_m3m/BIRC/tile_31144.png,2
arctic_vegetation/20230724_birch24_m3m/BIRC/tile_31145.png,2
arctic_vegetation/20230724_birch24_m3m/BIRC/tile_31146.png,2
arctic_vegetation/20230724_birch24_m3m/BIRC/tile_31147.png,2
arctic_vegetation/20230724_birch24_m3m/BIRC/tile_31148.png,2
arctic_vegetation/20230724_birch24_m3m/BIRC/tile_31149.png,2
arctic_vegetation/20230724_birch24_m3m/BIRC/tile_31150.png,2
arctic_vegetation/20230724_birch24_m3m/BIRC/tile_31151.png,2
arctic_vegetation/20230724_birch24_m3m/BIRC/tile_31152.png,2
arctic_vegetation/20230724_birch24_m3m/BIRC/tile_31153.png,2
arctic_vegetation/20230724_birch24_m3m/BIRC/tile_31154.png,2
arctic_vegetation/20230724_birch24_m3m/BIRC/tile_31155.png,2
arctic_vegetation/20230724_birch24_m3m/BIRC/tile_31156.png,2
arctic_vegetation/20230724_birch24_m3m/BIRC/tile_31157.png,2
arctic_vegetation/20230724_birch24_m3m/BIRC/tile_31158.png,2
arctic_vegetation/20230724_birch24_m3m/BIRC/tile_31159.png,2
arctic_vegetation/20230724_birch24_m3m/BIRC/tile_31160.png,2
arctic_vegetation/20230724_birch24_m3m/BIRC/tile_31161.png,2
arctic_vegetation/20230724_birch24_m3m/BIRC/tile_31162.png,2
arctic_vegetation/20230724_birch24_m3m/BIRC/tile_31163.png,2
arctic_vegetation/20230724_birch24_m3m/BIRC/tile_31164.png,2
arctic_vegetation/20230724_birch24_m3m/BIRC/tile_31165.png,2
arctic_vegetation/20230724_birch24_m3m/BIRC/tile_31166.png,2
arctic_vegetation/20230724_birch24_m3m/PETF/tile_31167.png,6
arctic_vegetation/20230724_birch24_m3m/BIRC/tile_31169.png,2
arctic_vegetation/20230724_birch24_m3m/BIRC/tile_31170.png,2
arctic_vegetation/20230724_birch24_m3m/BIRC/tile_31171.png,2
arctic_vegetation/20230724_birch24_m3m/BIRC/tile_31172.png,2
arctic_vegetation/20230724_birch24_m3m/BIRC/tile_31173.png,2
arctic_vegetation/20230724_birch24_m3m/BIRC/tile_31174.png,2
arctic_vegetation/20230724_birch24_m3m/BIRC/tile_31175.png,2
arctic_vegetation/20230724_birch24_m3m/BIRC/tile_31176.png,2
arctic_vegetation/20230724_birch24_m3m/BIRC/tile_31177.png,2
arctic_vegetation/20230724_birch24_m3m/BIRC/tile_31178.png,2
arctic_vegetation/20230724_birch24_m3m/BIRC/tile_31179.png,2
arctic_vegetation/20230724_birch24_m3m/BIRC/tile_31180.png,2
arctic_vegetation/20230724_birch24_m3m/BIRC/tile_31181.png,2
arctic_vegetation/20230724_birch24_m3m/BIRC/tile_31182.png,2
arctic_vegetation/20230724_birch24_m3m/LICH/tile_31183.png,4
arctic_vegetation/20230724_birch24_m3m/BIRC/tile_31184.png,2
arctic_vegetation/20230724_birch24_m3m/BIRC/tile_31185.png,2
arctic_vegetation/20230724_birch24_m3m/BIRC/tile_31186.png,2
arctic_vegetation/20230724_birch24_m3m/BIRC/tile_31187.png,2
arctic_vegetation/20230724_birch24_m3m/BIRC/tile_31188.png,2
arctic_vegetation/20230724_birch24_m3m/LICH/tile_31189.png,4
arctic_vegetation/20230724_birch24_m3m/BIRC/tile_31190.png,2
arctic_vegetation/20230724_birch24_m3m/BIRC/tile_31191.png,2
arctic_vegetation/20230724_birch24_m3m/BIRC/tile_31192.png,2
arctic_vegetation/20230724_birch24_m3m/BIRC/tile_31193.png,2
arctic_vegetation/20230724_birch24_m3m/BIRC/tile_31194.png,2
arctic_vegetation/20230724_birch24_m3m/BIRC/tile_31195.png,2
arctic_vegetation/20230724_birch24_m3m/BIRC/tile_31196.png,2
arctic_vegetation/20230724_birch24_m3m/BIRC/tile_31197.png,2
arctic_vegetation/20230724_birch24_m3m/BIRC/tile_31198.png,2
arctic_vegetation/20230724_birch24_m3m/BIRC/tile_31199.png,2
arctic_vegetation/20230724_birch24_m3m/BIRC/tile_31200.png,2
arctic_vegetation/20230724_birch24_m3m/BIRC/tile_31201.png,2
arctic_vegetation/20230724_birch24_m3m/BIRC/tile_31202.png,2
arctic_vegetation/20230724_birch24_m3m/PETF/tile_31203.png,6
arctic_vegetation/20230724_birch24_m3m/PETF/tile_31204.png,6
arctic_vegetation/20230724_birch24_m3m/BIRC/tile_31205.png,2
arctic_vegetation/20230724_birch24_m3m/BIRC/tile_31206.png,2
arctic_vegetation/20230724_birch24_m3m/BIRC/tile_31207.png,2
arctic_vegetation/20230724_birch24_m3m/BIRC/tile_31208.png,2
arctic_vegetation/20230724_birch24_m3m/BIRC/tile_31209.png,2
arctic_vegetation/20230724_birch24_m3m/BIRC/tile_31210.png,2
arctic_vegetation/20230724_birch24_m3m/BIRC/tile_31211.png,2
arctic_vegetation/20230724_birch24_m3m/BIRC/tile_31212.png,2
arctic_vegetation/20230724_birch24_m3m/BIRC/tile_31213.png,2
arctic_vegetation/20230724_birch24_m3m/BIRC/tile_31214.png,2
arctic_vegetation/20230724_birch24_m3m/BIRC/tile_31215.png,2
arctic_vegetation/20230724_birch24_m3m/PETF/tile_31216.png,6
arctic_vegetation/20230724_birch24_m3m/BIRC/tile_31217.png,2
arctic_vegetation/20230724_birch24_m3m/BIRC/tile_31218.png,2
arctic_vegetation/20230724_birch24_m3m/BIRC/tile_31219.png,2
arctic_vegetation/20230724_birch24_m3m/BIRC/tile_31220.png,2
arctic_vegetation/20230724_birch24_m3m/BIRC/tile_31221.png,2
arctic_vegetation/20230724_birch24_m3m/BIRC/tile_31222.png,2
arctic_vegetation/20230724_birch24_m3m/BIRC/tile_31223.png,2
arctic_vegetation/20230724_birch24_m3m/BIRC/tile_31224.png,2
arctic_vegetation/20230724_birch24_m3m/BIRC/tile_31225.png,2
arctic_vegetation/20230724_birch24_m3m/BIRC/tile_31226.png,2
arctic_vegetation/20230724_birch24_m3m/BIRC/tile_31227.png,2
arctic_vegetation/20230724_birch24_m3m/BIRC/tile_31228.png,2
arctic_vegetation/20230724_birch24_m3m/BIRC/tile_31229.png,2
arctic_vegetation/20230724_birch24_m3m/BIRC/tile_31230.png,2
arctic_vegetation/20230724_birch24_m3m/BIRC/tile_31231.png,2
arctic_vegetation/20230724_birch24_m3m/BIRC/tile_31232.png,2
arctic_vegetation/20230724_birch24_m3m/BIRC/tile_31233.png,2
arctic_vegetation/20230724_birch24_m3m/BIRC/tile_31234.png,2
arctic_vegetation/20230724_birch24_m3m/BIRC/tile_31235.png,2
arctic_vegetation/20230724_birch24_m3m/BIRC/tile_31236.png,2
arctic_vegetation/20230724_birch24_m3m/BIRC/tile_31237.png,2
arctic_vegetation/20230724_birch24_m3m/BIRC/tile_31238.png,2
arctic_vegetation/20230724_birch24_m3m/BIRC/tile_31239.png,2
arctic_vegetation/20230724_birch24_m3m/BIRC/tile_31240.png,2
arctic_vegetation/20230724_birch24_m3m/BIRC/tile_31241.png,2
arctic_vegetation/20230724_birch24_m3m/BIRC/tile_31242.png,2
arctic_vegetation/20230724_birch24_m3m/BIRC/tile_31243.png,2
arctic_vegetation/20230724_birch24_m3m/BIRC/tile_31244.png,2
arctic_vegetation/20230724_birch24_m3m/BIRC/tile_31245.png,2
arctic_vegetation/20230724_birch24_m3m/BIRC/tile_31246.png,2
arctic_vegetation/20230724_birch24_m3m/BIRC/tile_31247.png,2
arctic_vegetation/20230724_birch24_m3m/BIRC/tile_31248.png,2
arctic_vegetation/20230724_birch24_m3m/BIRC/tile_31249.png,2
arctic_vegetation/20230724_birch24_m3m/BIRC/tile_31250.png,2
arctic_vegetation/20230724_birch24_m3m/BIRC/tile_31251.png,2
arctic_vegetation/20230724_birch24_m3m/BIRC/tile_31252.png,2
arctic_vegetation/20230724_birch24_m3m/BIRC/tile_31253.png,2
arctic_vegetation/20230724_birch24_m3m/BIRC/tile_31254.png,2
arctic_vegetation/20230724_birch24_m3m/BIRC/tile_31255.png,2
arctic_vegetation/20230724_birch24_m3m/BIRC/tile_31256.png,2
arctic_vegetation/20230724_birch24_m3m/BIRC/tile_31342.png,2
arctic_vegetation/20230724_birch24_m3m/BIRC/tile_31343.png,2
arctic_vegetation/20230724_birch24_m3m/BIRC/tile_31344.png,2
arctic_vegetation/20230724_birch24_m3m/BIRC/tile_31345.png,2
arctic_vegetation/20230724_birch24_m3m/BIRC/tile_31346.png,2
arctic_vegetation/20230724_birch24_m3m/BIRC/tile_31347.png,2
arctic_vegetation/20230724_birch24_m3m/BIRC/tile_31348.png,2
arctic_vegetation/20230724_birch24_m3m/BIRC/tile_31349.png,2
arctic_vegetation/20230724_birch24_m3m/BIRC/tile_31350.png,2
arctic_vegetation/20230724_birch24_m3m/BIRC/tile_31351.png,2
arctic_vegetation/20230724_birch24_m3m/WILL/tile_31353.png,11
arctic_vegetation/20230724_birch24_m3m/BIRC/tile_31354.png,2
arctic_vegetation/20230724_birch24_m3m/BIRC/tile_31355.png,2
arctic_vegetation/20230724_birch24_m3m/BIRC/tile_31356.png,2
arctic_vegetation/20230724_birch24_m3m/BIRC/tile_31357.png,2
arctic_vegetation/20230724_birch24_m3m/BIRC/tile_31358.png,2
arctic_vegetation/20230724_birch24_m3m/BIRC/tile_31359.png,2
arctic_vegetation/20230724_birch24_m3m/BIRC/tile_31360.png,2
arctic_vegetation/20230724_birch24_m3m/BIRC/tile_31361.png,2
arctic_vegetation/20230724_birch24_m3m/BIRC/tile_31362.png,2
arctic_vegetation/20230724_birch24_m3m/BIRC/tile_31363.png,2
arctic_vegetation/20230724_birch24_m3m/BIRC/tile_31364.png,2
arctic_vegetation/20230724_birch24_m3m/BIRC/tile_31365.png,2
arctic_vegetation/20230724_birch24_m3m/BIRC/tile_31366.png,2
arctic_vegetation/20230724_birch24_m3m/BIRC/tile_31367.png,2
arctic_vegetation/20230724_birch24_m3m/BIRC/tile_31368.png,2
arctic_vegetation/20230724_birch24_m3m/BIRC/tile_31369.png,2
arctic_vegetation/20230724_birch24_m3m/BIRC/tile_31370.png,2
arctic_vegetation/20230724_birch24_m3m/BIRC/tile_31371.png,2
arctic_vegetation/20230724_birch24_m3m/PETF/tile_31372.png,6
arctic_vegetation/20230724_birch24_m3m/BIRC/tile_31373.png,2
arctic_vegetation/20230724_birch24_m3m/BIRC/tile_31374.png,2
arctic_vegetation/20230724_birch24_m3m/PETF/tile_31375.png,6
arctic_vegetation/20230724_birch24_m3m/PETF/tile_31376.png,6
arctic_vegetation/20230724_birch24_m3m/BIRC/tile_31380.png,2
arctic_vegetation/20230724_birch24_m3m/BIRC/tile_31381.png,2
arctic_vegetation/20230724_birch24_m3m/BIRC/tile_31384.png,2
arctic_vegetation/20230724_birch24_m3m/BIRC/tile_31385.png,2
arctic_vegetation/20230724_birch24_m3m/BIRC/tile_31386.png,2
arctic_vegetation/20230724_birch24_m3m/BIRC/tile_31387.png,2
arctic_vegetation/20230724_birch24_m3m/BIRC/tile_31388.png,2
arctic_vegetation/20230724_birch24_m3m/BIRC/tile_31389.png,2
arctic_vegetation/20230724_birch24_m3m/BIRC/tile_31390.png,2
arctic_vegetation/20230724_birch24_m3m/BIRC/tile_31391.png,2
arctic_vegetation/20230724_birch24_m3m/BIRC/tile_31392.png,2
arctic_vegetation/20230724_birch24_m3m/BIRC/tile_31393.png,2
arctic_vegetation/20230724_birch24_m3m/BIRC/tile_31394.png,2
arctic_vegetation/20230724_birch24_m3m/BIRC/tile_31395.png,2
arctic_vegetation/20230724_birch24_m3m/BIRC/tile_31396.png,2
arctic_vegetation/20230724_birch24_m3m/BIRC/tile_31397.png,2
arctic_vegetation/20230724_birch24_m3m/BIRC/tile_31398.png,2
arctic_vegetation/20230724_birch24_m3m/BIRC/tile_31399.png,2
arctic_vegetation/20230724_birch24_m3m/BIRC/tile_31400.png,2
arctic_vegetation/20230724_birch24_m3m/BIRC/tile_31401.png,2
arctic_vegetation/20230724_birch24_m3m/PETF/tile_31402.png,6
arctic_vegetation/20230724_birch24_m3m/BIRC/tile_31403.png,2
arctic_vegetation/20230724_birch24_m3m/BIRC/tile_31404.png,2
arctic_vegetation/20230724_birch24_m3m/BIRC/tile_31405.png,2
arctic_vegetation/20230724_birch24_m3m/BIRC/tile_31406.png,2
arctic_vegetation/20230724_birch24_m3m/BIRC/tile_31407.png,2
arctic_vegetation/20230724_birch24_m3m/BIRC/tile_31408.png,2
arctic_vegetation/20230724_birch24_m3m/BIRC/tile_31409.png,2
arctic_vegetation/20230724_birch24_m3m/BIRC/tile_31410.png,2
arctic_vegetation/20230724_birch24_m3m/BIRC/tile_31411.png,2
arctic_vegetation/20230724_birch24_m3m/BIRC/tile_31412.png,2
arctic_vegetation/20230724_birch24_m3m/BIRC/tile_31413.png,2
arctic_vegetation/20230724_birch24_m3m/BIRC/tile_31414.png,2
arctic_vegetation/20230724_birch24_m3m/BIRC/tile_31415.png,2
arctic_vegetation/20230724_birch24_m3m/BIRC/tile_31416.png,2
arctic_vegetation/20230724_birch24_m3m/BIRC/tile_31417.png,2
arctic_vegetation/20230724_birch24_m3m/BIRC/tile_31418.png,2
arctic_vegetation/20230724_birch24_m3m/BIRC/tile_31419.png,2
arctic_vegetation/20230724_birch24_m3m/BIRC/tile_31420.png,2
arctic_vegetation/20230724_birch24_m3m/BIRC/tile_31421.png,2
arctic_vegetation/20230724_birch24_m3m/BIRC/tile_31422.png,2
arctic_vegetation/20230724_birch24_m3m/BIRC/tile_31423.png,2
arctic_vegetation/20230724_birch24_m3m/BIRC/tile_31424.png,2
arctic_vegetation/20230724_birch24_m3m/BIRC/tile_31425.png,2
arctic_vegetation/20230724_birch24_m3m/BIRC/tile_31426.png,2
arctic_vegetation/20230724_birch24_m3m/BIRC/tile_31427.png,2
arctic_vegetation/20230724_birch24_m3m/BIRC/tile_31428.png,2
arctic_vegetation/20230724_birch24_m3m/BIRC/tile_31429.png,2
arctic_vegetation/20230724_birch24_m3m/BIRC/tile_31430.png,2
arctic_vegetation/20230724_birch24_m3m/BIRC/tile_31431.png,2
arctic_vegetation/20230724_birch24_m3m/BIRC/tile_31432.png,2
arctic_vegetation/20230724_birch24_m3m/BIRC/tile_31433.png,2
arctic_vegetation/20230724_birch24_m3m/BIRC/tile_31434.png,2
arctic_vegetation/20230724_birch24_m3m/BIRC/tile_31435.png,2
arctic_vegetation/20230724_birch24_m3m/BIRC/tile_31436.png,2
arctic_vegetation/20230724_birch24_m3m/BIRC/tile_31437.png,2
arctic_vegetation/20230724_birch24_m3m/BIRC/tile_31438.png,2
arctic_vegetation/20230724_birch24_m3m/BIRC/tile_31439.png,2
arctic_vegetation/20230724_birch24_m3m/BIRC/tile_31440.png,2
arctic_vegetation/20230724_birch24_m3m/BIRC/tile_31441.png,2
arctic_vegetation/20230724_birch24_m3m/BIRC/tile_31442.png,2
arctic_vegetation/20230724_birch24_m3m/BIRC/tile_31443.png,2
arctic_vegetation/20230724_birch24_m3m/BIRC/tile_31444.png,2
arctic_vegetation/20230724_birch24_m3m/BIRC/tile_31445.png,2
arctic_vegetation/20230724_birch24_m3m/BIRC/tile_31446.png,2
arctic_vegetation/20230724_birch24_m3m/BIRC/tile_31447.png,2
arctic_vegetation/20230724_birch24_m3m/BIRC/tile_31448.png,2
arctic_vegetation/20230724_birch24_m3m/BIRC/tile_31449.png,2
arctic_vegetation/20230724_birch24_m3m/BIRC/tile_31450.png,2
arctic_vegetation/20230724_birch24_m3m/BIRC/tile_31451.png,2
arctic_vegetation/20230724_birch24_m3m/BIRC/tile_31452.png,2
arctic_vegetation/20230724_birch24_m3m/BIRC/tile_31453.png,2
arctic_vegetation/20230724_birch24_m3m/BIRC/tile_31454.png,2
arctic_vegetation/20230724_birch24_m3m/BIRC/tile_31455.png,2
arctic_vegetation/20230724_birch24_m3m/BIRC/tile_31456.png,2
arctic_vegetation/20230724_birch24_m3m/BIRC/tile_31457.png,2
arctic_vegetation/20230724_birch24_m3m/BIRC/tile_31458.png,2
arctic_vegetation/20230724_birch24_m3m/BIRC/tile_31459.png,2
arctic_vegetation/20230724_birch24_m3m/BIRC/tile_31460.png,2
arctic_vegetation/20230724_birch24_m3m/BIRC/tile_31461.png,2
arctic_vegetation/20230724_birch24_m3m/BIRC/tile_31462.png,2
arctic_vegetation/20230724_birch24_m3m/BIRC/tile_31463.png,2
arctic_vegetation/20230724_birch24_m3m/BIRC/tile_31464.png,2
arctic_vegetation/20230724_birch24_m3m/BIRC/tile_31465.png,2
arctic_vegetation/20230724_birch24_m3m/BIRC/tile_31553.png,2
arctic_vegetation/20230724_birch24_m3m/BIRC/tile_31554.png,2
arctic_vegetation/20230724_birch24_m3m/BIRC/tile_31555.png,2
arctic_vegetation/20230724_birch24_m3m/BIRC/tile_31556.png,2
arctic_vegetation/20230724_birch24_m3m/BIRC/tile_31557.png,2
arctic_vegetation/20230724_birch24_m3m/BIRC/tile_31558.png,2
arctic_vegetation/20230724_birch24_m3m/BIRC/tile_31559.png,2
arctic_vegetation/20230724_birch24_m3m/WILL/tile_31561.png,11
arctic_vegetation/20230724_birch24_m3m/WILL/tile_31562.png,11
arctic_vegetation/20230724_birch24_m3m/BIRC/tile_31563.png,2
arctic_vegetation/20230724_birch24_m3m/BIRC/tile_31564.png,2
arctic_vegetation/20230724_birch24_m3m/BIRC/tile_31565.png,2
arctic_vegetation/20230724_birch24_m3m/BIRC/tile_31566.png,2
arctic_vegetation/20230724_birch24_m3m/BIRC/tile_31567.png,2
arctic_vegetation/20230724_birch24_m3m/BIRC/tile_31568.png,2
arctic_vegetation/20230724_birch24_m3m/BIRC/tile_31569.png,2
arctic_vegetation/20230724_birch24_m3m/BIRC/tile_31570.png,2
arctic_vegetation/20230724_birch24_m3m/BIRC/tile_31571.png,2
arctic_vegetation/20230724_birch24_m3m/BIRC/tile_31572.png,2
arctic_vegetation/20230724_birch24_m3m/BIRC/tile_31573.png,2
arctic_vegetation/20230724_birch24_m3m/BIRC/tile_31574.png,2
arctic_vegetation/20230724_birch24_m3m/BIRC/tile_31575.png,2
arctic_vegetation/20230724_birch24_m3m/BIRC/tile_31576.png,2
arctic_vegetation/20230724_birch24_m3m/BIRC/tile_31577.png,2
arctic_vegetation/20230724_birch24_m3m/BIRC/tile_31578.png,2
arctic_vegetation/20230724_birch24_m3m/BIRC/tile_31579.png,2
arctic_vegetation/20230724_birch24_m3m/PETF/tile_31580.png,6
arctic_vegetation/20230724_birch24_m3m/PETF/tile_31582.png,6
arctic_vegetation/20230724_birch24_m3m/PETF/tile_31583.png,6
arctic_vegetation/20230724_birch24_m3m/BIRC/tile_31584.png,2
arctic_vegetation/20230724_birch24_m3m/BIRC/tile_31585.png,2
arctic_vegetation/20230724_birch24_m3m/BIRC/tile_31586.png,2
arctic_vegetation/20230724_birch24_m3m/BIRC/tile_31587.png,2
arctic_vegetation/20230724_birch24_m3m/BIRC/tile_31588.png,2
arctic_vegetation/20230724_birch24_m3m/BIRC/tile_31589.png,2
arctic_vegetation/20230724_birch24_m3m/BIRC/tile_31590.png,2
arctic_vegetation/20230724_birch24_m3m/BIRC/tile_31591.png,2
arctic_vegetation/20230724_birch24_m3m/BIRC/tile_31592.png,2
arctic_vegetation/20230724_birch24_m3m/BIRC/tile_31593.png,2
arctic_vegetation/20230724_birch24_m3m/BIRC/tile_31594.png,2
arctic_vegetation/20230724_birch24_m3m/BIRC/tile_31595.png,2
arctic_vegetation/20230724_birch24_m3m/BIRC/tile_31596.png,2
arctic_vegetation/20230724_birch24_m3m/BIRC/tile_31597.png,2
arctic_vegetation/20230724_birch24_m3m/BIRC/tile_31598.png,2
arctic_vegetation/20230724_birch24_m3m/BIRC/tile_31599.png,2
arctic_vegetation/20230724_birch24_m3m/BIRC/tile_31600.png,2
arctic_vegetation/20230724_birch24_m3m/BIRC/tile_31601.png,2
arctic_vegetation/20230724_birch24_m3m/BIRC/tile_31602.png,2
arctic_vegetation/20230724_birch24_m3m/BIRC/tile_31603.png,2
arctic_vegetation/20230724_birch24_m3m/BIRC/tile_31604.png,2
arctic_vegetation/20230724_birch24_m3m/BIRC/tile_31605.png,2
arctic_vegetation/20230724_birch24_m3m/BIRC/tile_31606.png,2
arctic_vegetation/20230724_birch24_m3m/BIRC/tile_31607.png,2
arctic_vegetation/20230724_birch24_m3m/BIRC/tile_31608.png,2
arctic_vegetation/20230724_birch24_m3m/BIRC/tile_31609.png,2
arctic_vegetation/20230724_birch24_m3m/BIRC/tile_31610.png,2
arctic_vegetation/20230724_birch24_m3m/BIRC/tile_31611.png,2
arctic_vegetation/20230724_birch24_m3m/BIRC/tile_31612.png,2
arctic_vegetation/20230724_birch24_m3m/BIRC/tile_31613.png,2
arctic_vegetation/20230724_birch24_m3m/BIRC/tile_31614.png,2
arctic_vegetation/20230724_birch24_m3m/BIRC/tile_31615.png,2
arctic_vegetation/20230724_birch24_m3m/BIRC/tile_31616.png,2
arctic_vegetation/20230724_birch24_m3m/BIRC/tile_31617.png,2
arctic_vegetation/20230724_birch24_m3m/BIRC/tile_31618.png,2
arctic_vegetation/20230724_birch24_m3m/BIRC/tile_31619.png,2
arctic_vegetation/20230724_birch24_m3m/BIRC/tile_31620.png,2
arctic_vegetation/20230724_birch24_m3m/BIRC/tile_31621.png,2
arctic_vegetation/20230724_birch24_m3m/BIRC/tile_31622.png,2
arctic_vegetation/20230724_birch24_m3m/BIRC/tile_31623.png,2
arctic_vegetation/20230724_birch24_m3m/BIRC/tile_31624.png,2
arctic_vegetation/20230724_birch24_m3m/BIRC/tile_31625.png,2
arctic_vegetation/20230724_birch24_m3m/BIRC/tile_31626.png,2
arctic_vegetation/20230724_birch24_m3m/BIRC/tile_31627.png,2
arctic_vegetation/20230724_birch24_m3m/BIRC/tile_31628.png,2
arctic_vegetation/20230724_birch24_m3m/BIRC/tile_31629.png,2
arctic_vegetation/20230724_birch24_m3m/BIRC/tile_31630.png,2
arctic_vegetation/20230724_birch24_m3m/BIRC/tile_31631.png,2
arctic_vegetation/20230724_birch24_m3m/BIRC/tile_31632.png,2
arctic_vegetation/20230724_birch24_m3m/BIRC/tile_31633.png,2
arctic_vegetation/20230724_birch24_m3m/BIRC/tile_31634.png,2
arctic_vegetation/20230724_birch24_m3m/BIRC/tile_31635.png,2
arctic_vegetation/20230724_birch24_m3m/BIRC/tile_31636.png,2
arctic_vegetation/20230724_birch24_m3m/BIRC/tile_31637.png,2
arctic_vegetation/20230724_birch24_m3m/BIRC/tile_31638.png,2
arctic_vegetation/20230724_birch24_m3m/BIRC/tile_31639.png,2
arctic_vegetation/20230724_birch24_m3m/BIRC/tile_31640.png,2
arctic_vegetation/20230724_birch24_m3m/BIRC/tile_31641.png,2
arctic_vegetation/20230724_birch24_m3m/BIRC/tile_31642.png,2
arctic_vegetation/20230724_birch24_m3m/BIRC/tile_31643.png,2
arctic_vegetation/20230724_birch24_m3m/BIRC/tile_31644.png,2
arctic_vegetation/20230724_birch24_m3m/BIRC/tile_31645.png,2
arctic_vegetation/20230724_birch24_m3m/BIRC/tile_31646.png,2
arctic_vegetation/20230724_birch24_m3m/BIRC/tile_31647.png,2
arctic_vegetation/20230724_birch24_m3m/BIRC/tile_31648.png,2
arctic_vegetation/20230724_birch24_m3m/BIRC/tile_31649.png,2
arctic_vegetation/20230724_birch24_m3m/BIRC/tile_31650.png,2
arctic_vegetation/20230724_birch24_m3m/BIRC/tile_31651.png,2
arctic_vegetation/20230724_birch24_m3m/BIRC/tile_31652.png,2
arctic_vegetation/20230724_birch24_m3m/BIRC/tile_31653.png,2
arctic_vegetation/20230724_birch24_m3m/BIRC/tile_31654.png,2
arctic_vegetation/20230724_birch24_m3m/BIRC/tile_31655.png,2
arctic_vegetation/20230724_birch24_m3m/BIRC/tile_31656.png,2
arctic_vegetation/20230724_birch24_m3m/BIRC/tile_31657.png,2
arctic_vegetation/20230724_birch24_m3m/BIRC/tile_31658.png,2
arctic_vegetation/20230724_birch24_m3m/BIRC/tile_31659.png,2
arctic_vegetation/20230724_birch24_m3m/BIRC/tile_31660.png,2
arctic_vegetation/20230724_birch24_m3m/BIRC/tile_31661.png,2
arctic_vegetation/20230724_birch24_m3m/BIRC/tile_31662.png,2
arctic_vegetation/20230724_birch24_m3m/BIRC/tile_31663.png,2
arctic_vegetation/20230724_birch24_m3m/BIRC/tile_31664.png,2
arctic_vegetation/20230724_birch24_m3m/BIRC/tile_31665.png,2
arctic_vegetation/20230724_birch24_m3m/BIRC/tile_31666.png,2
arctic_vegetation/20230724_birch24_m3m/BIRC/tile_31667.png,2
arctic_vegetation/20230724_birch24_m3m/BIRC/tile_31668.png,2
arctic_vegetation/20230724_birch24_m3m/BIRC/tile_31669.png,2
arctic_vegetation/20230724_birch24_m3m/BIRC/tile_31670.png,2
arctic_vegetation/20230724_birch24_m3m/BIRC/tile_31671.png,2
arctic_vegetation/20230724_birch24_m3m/BIRC/tile_31672.png,2
arctic_vegetation/20230724_birch24_m3m/BIRC/tile_31673.png,2
arctic_vegetation/20230724_birch24_m3m/BIRC/tile_31761.png,2
arctic_vegetation/20230724_birch24_m3m/BIRC/tile_31762.png,2
arctic_vegetation/20230724_birch24_m3m/BIRC/tile_31763.png,2
arctic_vegetation/20230724_birch24_m3m/BIRC/tile_31764.png,2
arctic_vegetation/20230724_birch24_m3m/BIRC/tile_31765.png,2
arctic_vegetation/20230724_birch24_m3m/BIRC/tile_31766.png,2
arctic_vegetation/20230724_birch24_m3m/BIRC/tile_31769.png,2
arctic_vegetation/20230724_birch24_m3m/BIRC/tile_31770.png,2
arctic_vegetation/20230724_birch24_m3m/BIRC/tile_31771.png,2
arctic_vegetation/20230724_birch24_m3m/BIRC/tile_31772.png,2
arctic_vegetation/20230724_birch24_m3m/BIRC/tile_31773.png,2
arctic_vegetation/20230724_birch24_m3m/BIRC/tile_31774.png,2
arctic_vegetation/20230724_birch24_m3m/BIRC/tile_31775.png,2
arctic_vegetation/20230724_birch24_m3m/BIRC/tile_31776.png,2
arctic_vegetation/20230724_birch24_m3m/BIRC/tile_31777.png,2
arctic_vegetation/20230724_birch24_m3m/BIRC/tile_31778.png,2
arctic_vegetation/20230724_birch24_m3m/BIRC/tile_31779.png,2
arctic_vegetation/20230724_birch24_m3m/BIRC/tile_31780.png,2
arctic_vegetation/20230724_birch24_m3m/BIRC/tile_31781.png,2
arctic_vegetation/20230724_birch24_m3m/BIRC/tile_31782.png,2
arctic_vegetation/20230724_birch24_m3m/BIRC/tile_31783.png,2
arctic_vegetation/20230724_birch24_m3m/BIRC/tile_31784.png,2
arctic_vegetation/20230724_birch24_m3m/BIRC/tile_31785.png,2
arctic_vegetation/20230724_birch24_m3m/BIRC/tile_31786.png,2
arctic_vegetation/20230724_birch24_m3m/PETF/tile_31787.png,6
arctic_vegetation/20230724_birch24_m3m/PETF/tile_31789.png,6
arctic_vegetation/20230724_birch24_m3m/PETF/tile_31790.png,6
arctic_vegetation/20230724_birch24_m3m/BIRC/tile_31791.png,2
arctic_vegetation/20230724_birch24_m3m/BIRC/tile_31792.png,2
arctic_vegetation/20230724_birch24_m3m/BIRC/tile_31793.png,2
arctic_vegetation/20230724_birch24_m3m/BIRC/tile_31794.png,2
arctic_vegetation/20230724_birch24_m3m/BIRC/tile_31795.png,2
arctic_vegetation/20230724_birch24_m3m/BIRC/tile_31796.png,2
arctic_vegetation/20230724_birch24_m3m/BIRC/tile_31797.png,2
arctic_vegetation/20230724_birch24_m3m/BIRC/tile_31798.png,2
arctic_vegetation/20230724_birch24_m3m/BIRC/tile_31799.png,2
arctic_vegetation/20230724_birch24_m3m/BIRC/tile_31800.png,2
arctic_vegetation/20230724_birch24_m3m/BIRC/tile_31801.png,2
arctic_vegetation/20230724_birch24_m3m/BIRC/tile_31802.png,2
arctic_vegetation/20230724_birch24_m3m/BIRC/tile_31803.png,2
arctic_vegetation/20230724_birch24_m3m/LICH/tile_31804.png,4
arctic_vegetation/20230724_birch24_m3m/BIRC/tile_31805.png,2
arctic_vegetation/20230724_birch24_m3m/BIRC/tile_31806.png,2
arctic_vegetation/20230724_birch24_m3m/BIRC/tile_31807.png,2
arctic_vegetation/20230724_birch24_m3m/BIRC/tile_31808.png,2
arctic_vegetation/20230724_birch24_m3m/BIRC/tile_31809.png,2
arctic_vegetation/20230724_birch24_m3m/BIRC/tile_31810.png,2
arctic_vegetation/20230724_birch24_m3m/BIRC/tile_31811.png,2
arctic_vegetation/20230724_birch24_m3m/BIRC/tile_31812.png,2
arctic_vegetation/20230724_birch24_m3m/BIRC/tile_31813.png,2
arctic_vegetation/20230724_birch24_m3m/BIRC/tile_31814.png,2
arctic_vegetation/20230724_birch24_m3m/BIRC/tile_31815.png,2
arctic_vegetation/20230724_birch24_m3m/BIRC/tile_31816.png,2
arctic_vegetation/20230724_birch24_m3m/BIRC/tile_31817.png,2
arctic_vegetation/20230724_birch24_m3m/BIRC/tile_31818.png,2
arctic_vegetation/20230724_birch24_m3m/BIRC/tile_31819.png,2
arctic_vegetation/20230724_birch24_m3m/BIRC/tile_31820.png,2
arctic_vegetation/20230724_birch24_m3m/BIRC/tile_31821.png,2
arctic_vegetation/20230724_birch24_m3m/BIRC/tile_31822.png,2
arctic_vegetation/20230724_birch24_m3m/BIRC/tile_31823.png,2
arctic_vegetation/20230724_birch24_m3m/BIRC/tile_31824.png,2
arctic_vegetation/20230724_birch24_m3m/BIRC/tile_31825.png,2
arctic_vegetation/20230724_birch24_m3m/BIRC/tile_31826.png,2
arctic_vegetation/20230724_birch24_m3m/BIRC/tile_31827.png,2
arctic_vegetation/20230724_birch24_m3m/BIRC/tile_31828.png,2
arctic_vegetation/20230724_birch24_m3m/BIRC/tile_31829.png,2
arctic_vegetation/20230724_birch24_m3m/BIRC/tile_31830.png,2
arctic_vegetation/20230724_birch24_m3m/BIRC/tile_31831.png,2
arctic_vegetation/20230724_birch24_m3m/BIRC/tile_31832.png,2
arctic_vegetation/20230724_birch24_m3m/BIRC/tile_31833.png,2
arctic_vegetation/20230724_birch24_m3m/BIRC/tile_31834.png,2
arctic_vegetation/20230724_birch24_m3m/BIRC/tile_31835.png,2
arctic_vegetation/20230724_birch24_m3m/BIRC/tile_31836.png,2
arctic_vegetation/20230724_birch24_m3m/BIRC/tile_31837.png,2
arctic_vegetation/20230724_birch24_m3m/BIRC/tile_31838.png,2
arctic_vegetation/20230724_birch24_m3m/BIRC/tile_31839.png,2
arctic_vegetation/20230724_birch24_m3m/BIRC/tile_31840.png,2
arctic_vegetation/20230724_birch24_m3m/BIRC/tile_31841.png,2
arctic_vegetation/20230724_birch24_m3m/BIRC/tile_31842.png,2
arctic_vegetation/20230724_birch24_m3m/BIRC/tile_31843.png,2
arctic_vegetation/20230724_birch24_m3m/BIRC/tile_31844.png,2
arctic_vegetation/20230724_birch24_m3m/BIRC/tile_31845.png,2
arctic_vegetation/20230724_birch24_m3m/BIRC/tile_31846.png,2
arctic_vegetation/20230724_birch24_m3m/BIRC/tile_31847.png,2
arctic_vegetation/20230724_birch24_m3m/BIRC/tile_31848.png,2
arctic_vegetation/20230724_birch24_m3m/BIRC/tile_31849.png,2
arctic_vegetation/20230724_birch24_m3m/BIRC/tile_31850.png,2
arctic_vegetation/20230724_birch24_m3m/BIRC/tile_31851.png,2
arctic_vegetation/20230724_birch24_m3m/BIRC/tile_31852.png,2
arctic_vegetation/20230724_birch24_m3m/BIRC/tile_31853.png,2
arctic_vegetation/20230724_birch24_m3m/BIRC/tile_31854.png,2
arctic_vegetation/20230724_birch24_m3m/BIRC/tile_31855.png,2
arctic_vegetation/20230724_birch24_m3m/BIRC/tile_31856.png,2
arctic_vegetation/20230724_birch24_m3m/BIRC/tile_31857.png,2
arctic_vegetation/20230724_birch24_m3m/BIRC/tile_31858.png,2
arctic_vegetation/20230724_birch24_m3m/BIRC/tile_31859.png,2
arctic_vegetation/20230724_birch24_m3m/BIRC/tile_31860.png,2
arctic_vegetation/20230724_birch24_m3m/BIRC/tile_31861.png,2
arctic_vegetation/20230724_birch24_m3m/BIRC/tile_31862.png,2
arctic_vegetation/20230724_birch24_m3m/BIRC/tile_31863.png,2
arctic_vegetation/20230724_birch24_m3m/BIRC/tile_31864.png,2
arctic_vegetation/20230724_birch24_m3m/BIRC/tile_31865.png,2
arctic_vegetation/20230724_birch24_m3m/BIRC/tile_31866.png,2
arctic_vegetation/20230724_birch24_m3m/BIRC/tile_31867.png,2
arctic_vegetation/20230724_birch24_m3m/BIRC/tile_31868.png,2
arctic_vegetation/20230724_birch24_m3m/BIRC/tile_31869.png,2
arctic_vegetation/20230724_birch24_m3m/BIRC/tile_31870.png,2
arctic_vegetation/20230724_birch24_m3m/BIRC/tile_31871.png,2
arctic_vegetation/20230724_birch24_m3m/BIRC/tile_31872.png,2
arctic_vegetation/20230724_birch24_m3m/BIRC/tile_31873.png,2
arctic_vegetation/20230724_birch24_m3m/BIRC/tile_31874.png,2
arctic_vegetation/20230724_birch24_m3m/BIRC/tile_31875.png,2
arctic_vegetation/20230724_birch24_m3m/BIRC/tile_31876.png,2
arctic_vegetation/20230724_birch24_m3m/BIRC/tile_31877.png,2
arctic_vegetation/20230724_birch24_m3m/BIRC/tile_31878.png,2
arctic_vegetation/20230724_birch24_m3m/BIRC/tile_31879.png,2
arctic_vegetation/20230724_birch24_m3m/BIRC/tile_31880.png,2
arctic_vegetation/20230724_birch24_m3m/BIRC/tile_31979.png,2
arctic_vegetation/20230724_birch24_m3m/BIRC/tile_31980.png,2
arctic_vegetation/20230724_birch24_m3m/BIRC/tile_31981.png,2
arctic_vegetation/20230724_birch24_m3m/BIRC/tile_31982.png,2
arctic_vegetation/20230724_birch24_m3m/BIRC/tile_31983.png,2
arctic_vegetation/20230724_birch24_m3m/BIRC/tile_31984.png,2
arctic_vegetation/20230724_birch24_m3m/WILL/tile_31985.png,11
arctic_vegetation/20230724_birch24_m3m/BIRC/tile_31986.png,2
arctic_vegetation/20230724_birch24_m3m/BIRC/tile_31987.png,2
arctic_vegetation/20230724_birch24_m3m/BIRC/tile_31988.png,2
arctic_vegetation/20230724_birch24_m3m/BIRC/tile_31989.png,2
arctic_vegetation/20230724_birch24_m3m/BIRC/tile_31990.png,2
arctic_vegetation/20230724_birch24_m3m/BIRC/tile_31991.png,2
arctic_vegetation/20230724_birch24_m3m/BIRC/tile_31992.png,2
arctic_vegetation/20230724_birch24_m3m/BIRC/tile_31993.png,2
arctic_vegetation/20230724_birch24_m3m/BIRC/tile_31994.png,2
arctic_vegetation/20230724_birch24_m3m/BIRC/tile_31995.png,2
arctic_vegetation/20230724_birch24_m3m/LICH/tile_31996.png,4
arctic_vegetation/20230724_birch24_m3m/PETF/tile_31998.png,6
arctic_vegetation/20230724_birch24_m3m/BIRC/tile_31999.png,2
arctic_vegetation/20230724_birch24_m3m/BIRC/tile_32000.png,2
arctic_vegetation/20230724_birch24_m3m/BIRC/tile_32001.png,2
arctic_vegetation/20230724_birch24_m3m/BIRC/tile_32002.png,2
arctic_vegetation/20230724_birch24_m3m/BIRC/tile_32003.png,2
arctic_vegetation/20230724_birch24_m3m/BIRC/tile_32004.png,2
arctic_vegetation/20230724_birch24_m3m/BIRC/tile_32005.png,2
arctic_vegetation/20230724_birch24_m3m/BIRC/tile_32006.png,2
arctic_vegetation/20230724_birch24_m3m/BIRC/tile_32007.png,2
arctic_vegetation/20230724_birch24_m3m/BIRC/tile_32008.png,2
arctic_vegetation/20230724_birch24_m3m/BIRC/tile_32009.png,2
arctic_vegetation/20230724_birch24_m3m/BIRC/tile_32010.png,2
arctic_vegetation/20230724_birch24_m3m/BIRC/tile_32011.png,2
arctic_vegetation/20230724_birch24_m3m/BIRC/tile_32012.png,2
arctic_vegetation/20230724_birch24_m3m/BIRC/tile_32013.png,2
arctic_vegetation/20230724_birch24_m3m/BIRC/tile_32016.png,2
arctic_vegetation/20230724_birch24_m3m/BIRC/tile_32017.png,2
arctic_vegetation/20230724_birch24_m3m/BIRC/tile_32018.png,2
arctic_vegetation/20230724_birch24_m3m/BIRC/tile_32019.png,2
arctic_vegetation/20230724_birch24_m3m/BIRC/tile_32020.png,2
arctic_vegetation/20230724_birch24_m3m/BIRC/tile_32021.png,2
arctic_vegetation/20230724_birch24_m3m/BIRC/tile_32022.png,2
arctic_vegetation/20230724_birch24_m3m/BIRC/tile_32023.png,2
arctic_vegetation/20230724_birch24_m3m/BIRC/tile_32024.png,2
arctic_vegetation/20230724_birch24_m3m/BIRC/tile_32025.png,2
arctic_vegetation/20230724_birch24_m3m/BIRC/tile_32026.png,2
arctic_vegetation/20230724_birch24_m3m/BIRC/tile_32027.png,2
arctic_vegetation/20230724_birch24_m3m/BIRC/tile_32028.png,2
arctic_vegetation/20230724_birch24_m3m/BIRC/tile_32029.png,2
arctic_vegetation/20230724_birch24_m3m/BIRC/tile_32030.png,2
arctic_vegetation/20230724_birch24_m3m/BIRC/tile_32031.png,2
arctic_vegetation/20230724_birch24_m3m/BIRC/tile_32032.png,2
arctic_vegetation/20230724_birch24_m3m/BIRC/tile_32033.png,2
arctic_vegetation/20230724_birch24_m3m/BIRC/tile_32034.png,2
arctic_vegetation/20230724_birch24_m3m/BIRC/tile_32035.png,2
arctic_vegetation/20230724_birch24_m3m/BIRC/tile_32036.png,2
arctic_vegetation/20230724_birch24_m3m/BIRC/tile_32037.png,2
arctic_vegetation/20230724_birch24_m3m/BIRC/tile_32038.png,2
arctic_vegetation/20230724_birch24_m3m/BIRC/tile_32039.png,2
arctic_vegetation/20230724_birch24_m3m/BIRC/tile_32040.png,2
arctic_vegetation/20230724_birch24_m3m/BIRC/tile_32041.png,2
arctic_vegetation/20230724_birch24_m3m/BIRC/tile_32042.png,2
arctic_vegetation/20230724_birch24_m3m/BIRC/tile_32043.png,2
arctic_vegetation/20230724_birch24_m3m/BIRC/tile_32044.png,2
arctic_vegetation/20230724_birch24_m3m/BIRC/tile_32045.png,2
arctic_vegetation/20230724_birch24_m3m/BIRC/tile_32046.png,2
arctic_vegetation/20230724_birch24_m3m/BIRC/tile_32047.png,2
arctic_vegetation/20230724_birch24_m3m/BIRC/tile_32048.png,2
arctic_vegetation/20230724_birch24_m3m/BIRC/tile_32049.png,2
arctic_vegetation/20230724_birch24_m3m/BIRC/tile_32050.png,2
arctic_vegetation/20230724_birch24_m3m/BIRC/tile_32051.png,2
arctic_vegetation/20230724_birch24_m3m/BIRC/tile_32052.png,2
arctic_vegetation/20230724_birch24_m3m/BIRC/tile_32053.png,2
arctic_vegetation/20230724_birch24_m3m/BIRC/tile_32054.png,2
arctic_vegetation/20230724_birch24_m3m/BIRC/tile_32055.png,2
arctic_vegetation/20230724_birch24_m3m/BIRC/tile_32056.png,2
arctic_vegetation/20230724_birch24_m3m/BIRC/tile_32057.png,2
arctic_vegetation/20230724_birch24_m3m/BIRC/tile_32058.png,2
arctic_vegetation/20230724_birch24_m3m/BIRC/tile_32059.png,2
arctic_vegetation/20230724_birch24_m3m/BIRC/tile_32060.png,2
arctic_vegetation/20230724_birch24_m3m/BIRC/tile_32061.png,2
arctic_vegetation/20230724_birch24_m3m/BIRC/tile_32062.png,2
arctic_vegetation/20230724_birch24_m3m/BIRC/tile_32063.png,2
arctic_vegetation/20230724_birch24_m3m/BIRC/tile_32064.png,2
arctic_vegetation/20230724_birch24_m3m/BIRC/tile_32065.png,2
arctic_vegetation/20230724_birch24_m3m/BIRC/tile_32066.png,2
arctic_vegetation/20230724_birch24_m3m/BIRC/tile_32067.png,2
arctic_vegetation/20230724_birch24_m3m/BIRC/tile_32068.png,2
arctic_vegetation/20230724_birch24_m3m/BIRC/tile_32069.png,2
arctic_vegetation/20230724_birch24_m3m/BIRC/tile_32070.png,2
arctic_vegetation/20230724_birch24_m3m/BIRC/tile_32071.png,2
arctic_vegetation/20230724_birch24_m3m/BIRC/tile_32072.png,2
arctic_vegetation/20230724_birch24_m3m/BIRC/tile_32073.png,2
arctic_vegetation/20230724_birch24_m3m/BIRC/tile_32074.png,2
arctic_vegetation/20230724_birch24_m3m/BIRC/tile_32075.png,2
arctic_vegetation/20230724_birch24_m3m/BIRC/tile_32076.png,2
arctic_vegetation/20230724_birch24_m3m/BIRC/tile_32077.png,2
arctic_vegetation/20230724_birch24_m3m/BIRC/tile_32078.png,2
arctic_vegetation/20230724_birch24_m3m/BIRC/tile_32079.png,2
arctic_vegetation/20230724_birch24_m3m/BIRC/tile_32080.png,2
arctic_vegetation/20230724_birch24_m3m/BIRC/tile_32081.png,2
arctic_vegetation/20230724_birch24_m3m/BIRC/tile_32082.png,2
arctic_vegetation/20230724_birch24_m3m/BIRC/tile_32083.png,2
arctic_vegetation/20230724_birch24_m3m/BIRC/tile_32084.png,2
arctic_vegetation/20230724_birch24_m3m/BIRC/tile_32085.png,2
arctic_vegetation/20230724_birch24_m3m/BIRC/tile_32086.png,2
arctic_vegetation/20230724_birch24_m3m/BIRC/tile_32087.png,2
arctic_vegetation/20230724_birch24_m3m/BIRC/tile_32088.png,2
arctic_vegetation/20230724_birch24_m3m/BIRC/tile_32089.png,2
arctic_vegetation/20230724_birch24_m3m/BIRC/tile_32090.png,2
arctic_vegetation/20230724_birch24_m3m/BIRC/tile_32191.png,2
arctic_vegetation/20230724_birch24_m3m/BIRC/tile_32192.png,2
arctic_vegetation/20230724_birch24_m3m/BIRC/tile_32193.png,2
arctic_vegetation/20230724_birch24_m3m/BIRC/tile_32194.png,2
arctic_vegetation/20230724_birch24_m3m/BIRC/tile_32195.png,2
arctic_vegetation/20230724_birch24_m3m/BIRC/tile_32196.png,2
arctic_vegetation/20230724_birch24_m3m/SEDG/tile_32197.png,9
arctic_vegetation/20230724_birch24_m3m/BIRC/tile_32198.png,2
arctic_vegetation/20230724_birch24_m3m/BIRC/tile_32199.png,2
arctic_vegetation/20230724_birch24_m3m/BIRC/tile_32200.png,2
arctic_vegetation/20230724_birch24_m3m/BIRC/tile_32201.png,2
arctic_vegetation/20230724_birch24_m3m/BIRC/tile_32202.png,2
arctic_vegetation/20230724_birch24_m3m/BIRC/tile_32203.png,2
arctic_vegetation/20230724_birch24_m3m/BIRC/tile_32204.png,2
arctic_vegetation/20230724_birch24_m3m/BIRC/tile_32205.png,2
arctic_vegetation/20230724_birch24_m3m/BIRC/tile_32206.png,2
arctic_vegetation/20230724_birch24_m3m/BIRC/tile_32207.png,2
arctic_vegetation/20230724_birch24_m3m/LICH/tile_32208.png,4
arctic_vegetation/20230724_birch24_m3m/PETF/tile_32209.png,6
arctic_vegetation/20230724_birch24_m3m/PETF/tile_32210.png,6
arctic_vegetation/20230724_birch24_m3m/BIRC/tile_32211.png,2
arctic_vegetation/20230724_birch24_m3m/BIRC/tile_32212.png,2
arctic_vegetation/20230724_birch24_m3m/BIRC/tile_32213.png,2
arctic_vegetation/20230724_birch24_m3m/BIRC/tile_32214.png,2
arctic_vegetation/20230724_birch24_m3m/BIRC/tile_32215.png,2
arctic_vegetation/20230724_birch24_m3m/BIRC/tile_32216.png,2
arctic_vegetation/20230724_birch24_m3m/BIRC/tile_32217.png,2
arctic_vegetation/20230724_birch24_m3m/BIRC/tile_32218.png,2
arctic_vegetation/20230724_birch24_m3m/BIRC/tile_32219.png,2
arctic_vegetation/20230724_birch24_m3m/BIRC/tile_32220.png,2
arctic_vegetation/20230724_birch24_m3m/BIRC/tile_32221.png,2
arctic_vegetation/20230724_birch24_m3m/BIRC/tile_32222.png,2
arctic_vegetation/20230724_birch24_m3m/BIRC/tile_32223.png,2
arctic_vegetation/20230724_birch24_m3m/BIRC/tile_32224.png,2
arctic_vegetation/20230724_birch24_m3m/BIRC/tile_32225.png,2
arctic_vegetation/20230724_birch24_m3m/BIRC/tile_32226.png,2
arctic_vegetation/20230724_birch24_m3m/BIRC/tile_32227.png,2
arctic_vegetation/20230724_birch24_m3m/BIRC/tile_32228.png,2
arctic_vegetation/20230724_birch24_m3m/BIRC/tile_32229.png,2
arctic_vegetation/20230724_birch24_m3m/BIRC/tile_32230.png,2
arctic_vegetation/20230724_birch24_m3m/BIRC/tile_32231.png,2
arctic_vegetation/20230724_birch24_m3m/BIRC/tile_32232.png,2
arctic_vegetation/20230724_birch24_m3m/PETF/tile_32233.png,6
arctic_vegetation/20230724_birch24_m3m/BIRC/tile_32234.png,2
arctic_vegetation/20230724_birch24_m3m/BIRC/tile_32235.png,2
arctic_vegetation/20230724_birch24_m3m/BIRC/tile_32236.png,2
arctic_vegetation/20230724_birch24_m3m/BIRC/tile_32237.png,2
arctic_vegetation/20230724_birch24_m3m/BIRC/tile_32238.png,2
arctic_vegetation/20230724_birch24_m3m/BIRC/tile_32239.png,2
arctic_vegetation/20230724_birch24_m3m/BIRC/tile_32240.png,2
arctic_vegetation/20230724_birch24_m3m/BIRC/tile_32241.png,2
arctic_vegetation/20230724_birch24_m3m/BIRC/tile_32242.png,2
arctic_vegetation/20230724_birch24_m3m/BIRC/tile_32243.png,2
arctic_vegetation/20230724_birch24_m3m/BIRC/tile_32244.png,2
arctic_vegetation/20230724_birch24_m3m/BIRC/tile_32245.png,2
arctic_vegetation/20230724_birch24_m3m/BIRC/tile_32246.png,2
arctic_vegetation/20230724_birch24_m3m/BIRC/tile_32247.png,2
arctic_vegetation/20230724_birch24_m3m/BIRC/tile_32248.png,2
arctic_vegetation/20230724_birch24_m3m/BIRC/tile_32249.png,2
arctic_vegetation/20230724_birch24_m3m/BIRC/tile_32250.png,2
arctic_vegetation/20230724_birch24_m3m/BIRC/tile_32251.png,2
arctic_vegetation/20230724_birch24_m3m/BIRC/tile_32252.png,2
arctic_vegetation/20230724_birch24_m3m/BIRC/tile_32253.png,2
arctic_vegetation/20230724_birch24_m3m/BIRC/tile_32254.png,2
arctic_vegetation/20230724_birch24_m3m/BIRC/tile_32255.png,2
arctic_vegetation/20230724_birch24_m3m/BIRC/tile_32256.png,2
arctic_vegetation/20230724_birch24_m3m/BIRC/tile_32257.png,2
arctic_vegetation/20230724_birch24_m3m/BIRC/tile_32258.png,2
arctic_vegetation/20230724_birch24_m3m/BIRC/tile_32259.png,2
arctic_vegetation/20230724_birch24_m3m/BIRC/tile_32260.png,2
arctic_vegetation/20230724_birch24_m3m/BIRC/tile_32261.png,2
arctic_vegetation/20230724_birch24_m3m/BIRC/tile_32262.png,2
arctic_vegetation/20230724_birch24_m3m/BIRC/tile_32263.png,2
arctic_vegetation/20230724_birch24_m3m/BIRC/tile_32264.png,2
arctic_vegetation/20230724_birch24_m3m/BIRC/tile_32265.png,2
arctic_vegetation/20230724_birch24_m3m/BIRC/tile_32266.png,2
arctic_vegetation/20230724_birch24_m3m/BIRC/tile_32267.png,2
arctic_vegetation/20230724_birch24_m3m/BIRC/tile_32268.png,2
arctic_vegetation/20230724_birch24_m3m/BIRC/tile_32269.png,2
arctic_vegetation/20230724_birch24_m3m/BIRC/tile_32270.png,2
arctic_vegetation/20230724_birch24_m3m/BIRC/tile_32271.png,2
arctic_vegetation/20230724_birch24_m3m/BIRC/tile_32272.png,2
arctic_vegetation/20230724_birch24_m3m/BIRC/tile_32273.png,2
arctic_vegetation/20230724_birch24_m3m/BIRC/tile_32274.png,2
arctic_vegetation/20230724_birch24_m3m/BIRC/tile_32275.png,2
arctic_vegetation/20230724_birch24_m3m/BIRC/tile_32276.png,2
arctic_vegetation/20230724_birch24_m3m/BIRC/tile_32277.png,2
arctic_vegetation/20230724_birch24_m3m/BIRC/tile_32278.png,2
arctic_vegetation/20230724_birch24_m3m/BIRC/tile_32279.png,2
arctic_vegetation/20230724_birch24_m3m/BIRC/tile_32280.png,2
arctic_vegetation/20230724_birch24_m3m/BIRC/tile_32281.png,2
arctic_vegetation/20230724_birch24_m3m/BIRC/tile_32285.png,2
arctic_vegetation/20230724_birch24_m3m/BIRC/tile_32286.png,2
arctic_vegetation/20230724_birch24_m3m/BIRC/tile_32287.png,2
arctic_vegetation/20230724_birch24_m3m/BIRC/tile_32288.png,2
arctic_vegetation/20230724_birch24_m3m/BIRC/tile_32289.png,2
arctic_vegetation/20230724_birch24_m3m/BIRC/tile_32290.png,2
arctic_vegetation/20230724_birch24_m3m/BIRC/tile_32291.png,2
arctic_vegetation/20230724_birch24_m3m/BIRC/tile_32292.png,2
arctic_vegetation/20230724_birch24_m3m/BIRC/tile_32293.png,2
arctic_vegetation/20230724_birch24_m3m/BIRC/tile_32294.png,2
arctic_vegetation/20230724_birch24_m3m/BIRC/tile_32295.png,2
arctic_vegetation/20230724_birch24_m3m/BIRC/tile_32296.png,2
arctic_vegetation/20230724_birch24_m3m/BIRC/tile_32297.png,2
arctic_vegetation/20230724_birch24_m3m/BIRC/tile_32298.png,2
arctic_vegetation/20230724_birch24_m3m/BIRC/tile_32299.png,2
arctic_vegetation/20230724_birch24_m3m/BIRC/tile_32300.png,2
arctic_vegetation/20230724_birch24_m3m/BIRC/tile_32301.png,2
arctic_vegetation/20230724_birch24_m3m/BIRC/tile_32302.png,2
arctic_vegetation/20230724_birch24_m3m/BIRC/tile_32405.png,2
arctic_vegetation/20230724_birch24_m3m/BIRC/tile_32406.png,2
arctic_vegetation/20230724_birch24_m3m/BIRC/tile_32407.png,2
arctic_vegetation/20230724_birch24_m3m/SEDG/tile_32408.png,9
arctic_vegetation/20230724_birch24_m3m/SEDG/tile_32409.png,9
arctic_vegetation/20230724_birch24_m3m/SEDG/tile_32410.png,9
arctic_vegetation/20230724_birch24_m3m/SEDG/tile_32411.png,9
arctic_vegetation/20230724_birch24_m3m/BIRC/tile_32412.png,2
arctic_vegetation/20230724_birch24_m3m/BIRC/tile_32413.png,2
arctic_vegetation/20230724_birch24_m3m/BIRC/tile_32414.png,2
arctic_vegetation/20230724_birch24_m3m/BIRC/tile_32415.png,2
arctic_vegetation/20230724_birch24_m3m/BIRC/tile_32416.png,2
arctic_vegetation/20230724_birch24_m3m/BIRC/tile_32417.png,2
arctic_vegetation/20230724_birch24_m3m/BIRC/tile_32418.png,2
arctic_vegetation/20230724_birch24_m3m/BIRC/tile_32419.png,2
arctic_vegetation/20230724_birch24_m3m/BIRC/tile_32420.png,2
arctic_vegetation/20230724_birch24_m3m/BIRC/tile_32421.png,2
arctic_vegetation/20230724_birch24_m3m/PETF/tile_32423.png,6
arctic_vegetation/20230724_birch24_m3m/PETF/tile_32424.png,6
arctic_vegetation/20230724_birch24_m3m/BIRC/tile_32425.png,2
arctic_vegetation/20230724_birch24_m3m/BIRC/tile_32426.png,2
arctic_vegetation/20230724_birch24_m3m/BIRC/tile_32427.png,2
arctic_vegetation/20230724_birch24_m3m/BIRC/tile_32428.png,2
arctic_vegetation/20230724_birch24_m3m/BIRC/tile_32429.png,2
arctic_vegetation/20230724_birch24_m3m/BIRC/tile_32430.png,2
arctic_vegetation/20230724_birch24_m3m/BIRC/tile_32431.png,2
arctic_vegetation/20230724_birch24_m3m/BIRC/tile_32432.png,2
arctic_vegetation/20230724_birch24_m3m/BIRC/tile_32433.png,2
arctic_vegetation/20230724_birch24_m3m/BIRC/tile_32434.png,2
arctic_vegetation/20230724_birch24_m3m/BIRC/tile_32435.png,2
arctic_vegetation/20230724_birch24_m3m/BIRC/tile_32436.png,2
arctic_vegetation/20230724_birch24_m3m/BIRC/tile_32437.png,2
arctic_vegetation/20230724_birch24_m3m/BIRC/tile_32438.png,2
arctic_vegetation/20230724_birch24_m3m/BIRC/tile_32439.png,2
arctic_vegetation/20230724_birch24_m3m/BIRC/tile_32440.png,2
arctic_vegetation/20230724_birch24_m3m/BIRC/tile_32441.png,2
arctic_vegetation/20230724_birch24_m3m/BIRC/tile_32442.png,2
arctic_vegetation/20230724_birch24_m3m/BIRC/tile_32443.png,2
arctic_vegetation/20230724_birch24_m3m/BIRC/tile_32444.png,2
arctic_vegetation/20230724_birch24_m3m/BIRC/tile_32445.png,2
arctic_vegetation/20230724_birch24_m3m/BIRC/tile_32446.png,2
arctic_vegetation/20230724_birch24_m3m/PETF/tile_32447.png,6
arctic_vegetation/20230724_birch24_m3m/BIRC/tile_32448.png,2
arctic_vegetation/20230724_birch24_m3m/BIRC/tile_32449.png,2
arctic_vegetation/20230724_birch24_m3m/BIRC/tile_32450.png,2
arctic_vegetation/20230724_birch24_m3m/BIRC/tile_32467.png,2
arctic_vegetation/20230724_birch24_m3m/BIRC/tile_32468.png,2
arctic_vegetation/20230724_birch24_m3m/BIRC/tile_32469.png,2
arctic_vegetation/20230724_birch24_m3m/BIRC/tile_32470.png,2
arctic_vegetation/20230724_birch24_m3m/BIRC/tile_32471.png,2
arctic_vegetation/20230724_birch24_m3m/BIRC/tile_32472.png,2
arctic_vegetation/20230724_birch24_m3m/BIRC/tile_32473.png,2
arctic_vegetation/20230724_birch24_m3m/BIRC/tile_32475.png,2
arctic_vegetation/20230724_birch24_m3m/BIRC/tile_32476.png,2
arctic_vegetation/20230724_birch24_m3m/BIRC/tile_32477.png,2
arctic_vegetation/20230724_birch24_m3m/BIRC/tile_32506.png,2
arctic_vegetation/20230724_birch24_m3m/BIRC/tile_32507.png,2
arctic_vegetation/20230724_birch24_m3m/BIRC/tile_32508.png,2
arctic_vegetation/20230724_birch24_m3m/BIRC/tile_32509.png,2
arctic_vegetation/20230724_birch24_m3m/BIRC/tile_32510.png,2
arctic_vegetation/20230724_birch24_m3m/BIRC/tile_32511.png,2
arctic_vegetation/20230724_birch24_m3m/BIRC/tile_32512.png,2
arctic_vegetation/20230724_birch24_m3m/BIRC/tile_32513.png,2
arctic_vegetation/20230724_birch24_m3m/BIRC/tile_32514.png,2
arctic_vegetation/20230724_birch24_m3m/BIRC/tile_32515.png,2
arctic_vegetation/20230724_birch24_m3m/BIRC/tile_32516.png,2
arctic_vegetation/20230724_birch24_m3m/BIRC/tile_32612.png,2
arctic_vegetation/20230724_birch24_m3m/BIRC/tile_32613.png,2
arctic_vegetation/20230724_birch24_m3m/BIRC/tile_32614.png,2
arctic_vegetation/20230724_birch24_m3m/BIRC/tile_32615.png,2
arctic_vegetation/20230724_birch24_m3m/BIRC/tile_32616.png,2
arctic_vegetation/20230724_birch24_m3m/BIRC/tile_32617.png,2
arctic_vegetation/20230724_birch24_m3m/BIRC/tile_32618.png,2
arctic_vegetation/20230724_birch24_m3m/BIRC/tile_32619.png,2
arctic_vegetation/20230724_birch24_m3m/BIRC/tile_32620.png,2
arctic_vegetation/20230724_birch24_m3m/BIRC/tile_32621.png,2
arctic_vegetation/20230724_birch24_m3m/BIRC/tile_32622.png,2
arctic_vegetation/20230724_birch24_m3m/BIRC/tile_32623.png,2
arctic_vegetation/20230724_birch24_m3m/SEDG/tile_32624.png,9
arctic_vegetation/20230724_birch24_m3m/BIRC/tile_32626.png,2
arctic_vegetation/20230724_birch24_m3m/BIRC/tile_32627.png,2
arctic_vegetation/20230724_birch24_m3m/BIRC/tile_32628.png,2
arctic_vegetation/20230724_birch24_m3m/BIRC/tile_32629.png,2
arctic_vegetation/20230724_birch24_m3m/BIRC/tile_32630.png,2
arctic_vegetation/20230724_birch24_m3m/BIRC/tile_32631.png,2
arctic_vegetation/20230724_birch24_m3m/BIRC/tile_32632.png,2
arctic_vegetation/20230724_birch24_m3m/BIRC/tile_32633.png,2
arctic_vegetation/20230724_birch24_m3m/BIRC/tile_32634.png,2
arctic_vegetation/20230724_birch24_m3m/BIRC/tile_32635.png,2
arctic_vegetation/20230724_birch24_m3m/BIRC/tile_32636.png,2
arctic_vegetation/20230724_birch24_m3m/LICH/tile_32637.png,4
arctic_vegetation/20230724_birch24_m3m/LICH/tile_32638.png,4
arctic_vegetation/20230724_birch24_m3m/BIRC/tile_32639.png,2
arctic_vegetation/20230724_birch24_m3m/BIRC/tile_32640.png,2
arctic_vegetation/20230724_birch24_m3m/BIRC/tile_32641.png,2
arctic_vegetation/20230724_birch24_m3m/BIRC/tile_32642.png,2
arctic_vegetation/20230724_birch24_m3m/BIRC/tile_32643.png,2
arctic_vegetation/20230724_birch24_m3m/BIRC/tile_32644.png,2
arctic_vegetation/20230724_birch24_m3m/BIRC/tile_32645.png,2
arctic_vegetation/20230724_birch24_m3m/BIRC/tile_32646.png,2
arctic_vegetation/20230724_birch24_m3m/BIRC/tile_32647.png,2
arctic_vegetation/20230724_birch24_m3m/BIRC/tile_32648.png,2
arctic_vegetation/20230724_birch24_m3m/BIRC/tile_32649.png,2
arctic_vegetation/20230724_birch24_m3m/BIRC/tile_32650.png,2
arctic_vegetation/20230724_birch24_m3m/BIRC/tile_32651.png,2
arctic_vegetation/20230724_birch24_m3m/BIRC/tile_32652.png,2
arctic_vegetation/20230724_birch24_m3m/BIRC/tile_32653.png,2
arctic_vegetation/20230724_birch24_m3m/BIRC/tile_32654.png,2
arctic_vegetation/20230724_birch24_m3m/BIRC/tile_32655.png,2
arctic_vegetation/20230724_birch24_m3m/BIRC/tile_32656.png,2
arctic_vegetation/20230724_birch24_m3m/BIRC/tile_32657.png,2
arctic_vegetation/20230724_birch24_m3m/BIRC/tile_32658.png,2
arctic_vegetation/20230724_birch24_m3m/BIRC/tile_32659.png,2
arctic_vegetation/20230724_birch24_m3m/BIRC/tile_32660.png,2
arctic_vegetation/20230724_birch24_m3m/BIRC/tile_32661.png,2
arctic_vegetation/20230724_birch24_m3m/BIRC/tile_32662.png,2
arctic_vegetation/20230724_birch24_m3m/BIRC/tile_32663.png,2
arctic_vegetation/20230724_birch24_m3m/PETF/tile_32664.png,6
arctic_vegetation/20230724_birch24_m3m/BIRC/tile_32720.png,2
arctic_vegetation/20230724_birch24_m3m/BIRC/tile_32721.png,2
arctic_vegetation/20230724_birch24_m3m/BIRC/tile_32722.png,2
arctic_vegetation/20230724_birch24_m3m/BIRC/tile_32723.png,2
arctic_vegetation/20230724_birch24_m3m/BIRC/tile_32724.png,2
arctic_vegetation/20230724_birch24_m3m/BIRC/tile_32725.png,2
arctic_vegetation/20230724_birch24_m3m/BIRC/tile_32726.png,2
arctic_vegetation/20230724_birch24_m3m/BIRC/tile_32727.png,2
arctic_vegetation/20230724_birch24_m3m/BIRC/tile_32728.png,2
arctic_vegetation/20230724_birch24_m3m/BIRC/tile_32729.png,2
arctic_vegetation/20230724_birch24_m3m/BIRC/tile_32730.png,2
arctic_vegetation/20230724_birch24_m3m/BIRC/tile_32825.png,2
arctic_vegetation/20230724_birch24_m3m/BIRC/tile_32826.png,2
arctic_vegetation/20230724_birch24_m3m/BIRC/tile_32827.png,2
arctic_vegetation/20230724_birch24_m3m/BIRC/tile_32828.png,2
arctic_vegetation/20230724_birch24_m3m/BIRC/tile_32829.png,2
arctic_vegetation/20230724_birch24_m3m/BIRC/tile_32830.png,2
arctic_vegetation/20230724_birch24_m3m/BIRC/tile_32831.png,2
arctic_vegetation/20230724_birch24_m3m/BIRC/tile_32832.png,2
arctic_vegetation/20230724_birch24_m3m/BIRC/tile_32833.png,2
arctic_vegetation/20230724_birch24_m3m/BIRC/tile_32834.png,2
arctic_vegetation/20230724_birch24_m3m/BIRC/tile_32835.png,2
arctic_vegetation/20230724_birch24_m3m/BIRC/tile_32836.png,2
arctic_vegetation/20230724_birch24_m3m/BIRC/tile_32837.png,2
arctic_vegetation/20230724_birch24_m3m/BIRC/tile_32840.png,2
arctic_vegetation/20230724_birch24_m3m/BIRC/tile_32841.png,2
arctic_vegetation/20230724_birch24_m3m/BIRC/tile_32842.png,2
arctic_vegetation/20230724_birch24_m3m/BIRC/tile_32843.png,2
arctic_vegetation/20230724_birch24_m3m/BIRC/tile_32844.png,2
arctic_vegetation/20230724_birch24_m3m/BIRC/tile_32845.png,2
arctic_vegetation/20230724_birch24_m3m/BIRC/tile_32846.png,2
arctic_vegetation/20230724_birch24_m3m/BIRC/tile_32847.png,2
arctic_vegetation/20230724_birch24_m3m/BIRC/tile_32848.png,2
arctic_vegetation/20230724_birch24_m3m/BIRC/tile_32849.png,2
arctic_vegetation/20230724_birch24_m3m/BIRC/tile_32850.png,2
arctic_vegetation/20230724_birch24_m3m/LICH/tile_32851.png,4
arctic_vegetation/20230724_birch24_m3m/LICH/tile_32852.png,4
arctic_vegetation/20230724_birch24_m3m/LICH/tile_32853.png,4
arctic_vegetation/20230724_birch24_m3m/BIRC/tile_32854.png,2
arctic_vegetation/20230724_birch24_m3m/BIRC/tile_32855.png,2
arctic_vegetation/20230724_birch24_m3m/BIRC/tile_32856.png,2
arctic_vegetation/20230724_birch24_m3m/BIRC/tile_32857.png,2
arctic_vegetation/20230724_birch24_m3m/BIRC/tile_32858.png,2
arctic_vegetation/20230724_birch24_m3m/BIRC/tile_32859.png,2
arctic_vegetation/20230724_birch24_m3m/BIRC/tile_32860.png,2
arctic_vegetation/20230724_birch24_m3m/BIRC/tile_32861.png,2
arctic_vegetation/20230724_birch24_m3m/BIRC/tile_32862.png,2
arctic_vegetation/20230724_birch24_m3m/BIRC/tile_32863.png,2
arctic_vegetation/20230724_birch24_m3m/BIRC/tile_32864.png,2
arctic_vegetation/20230724_birch24_m3m/BIRC/tile_32865.png,2
arctic_vegetation/20230724_birch24_m3m/BIRC/tile_32866.png,2
arctic_vegetation/20230724_birch24_m3m/BIRC/tile_32867.png,2
arctic_vegetation/20230724_birch24_m3m/WILL/tile_32868.png,11
arctic_vegetation/20230724_birch24_m3m/BIRC/tile_32869.png,2
arctic_vegetation/20230724_birch24_m3m/BIRC/tile_32870.png,2
arctic_vegetation/20230724_birch24_m3m/BIRC/tile_32871.png,2
arctic_vegetation/20230724_birch24_m3m/BIRC/tile_32872.png,2
arctic_vegetation/20230724_birch24_m3m/BIRC/tile_32873.png,2
arctic_vegetation/20230724_birch24_m3m/BIRC/tile_32874.png,2
arctic_vegetation/20230724_birch24_m3m/BIRC/tile_32875.png,2
arctic_vegetation/20230724_birch24_m3m/BIRC/tile_32876.png,2
arctic_vegetation/20230724_birch24_m3m/BIRC/tile_32877.png,2
arctic_vegetation/20230724_birch24_m3m/BIRC/tile_32878.png,2
arctic_vegetation/20230724_birch24_m3m/BIRC/tile_32879.png,2
arctic_vegetation/20230724_birch24_m3m/BIRC/tile_32880.png,2
arctic_vegetation/20230724_birch24_m3m/BIRC/tile_32881.png,2
arctic_vegetation/20230724_birch24_m3m/BIRC/tile_32882.png,2
arctic_vegetation/20230724_birch24_m3m/BIRC/tile_32883.png,2
arctic_vegetation/20230724_birch24_m3m/BIRC/tile_32934.png,2
arctic_vegetation/20230724_birch24_m3m/BIRC/tile_32935.png,2
arctic_vegetation/20230724_birch24_m3m/BIRC/tile_32936.png,2
arctic_vegetation/20230724_birch24_m3m/BIRC/tile_32937.png,2
arctic_vegetation/20230724_birch24_m3m/BIRC/tile_32938.png,2
arctic_vegetation/20230724_birch24_m3m/BIRC/tile_32939.png,2
arctic_vegetation/20230724_birch24_m3m/BIRC/tile_32940.png,2
arctic_vegetation/20230724_birch24_m3m/BIRC/tile_32941.png,2
arctic_vegetation/20230724_birch24_m3m/BIRC/tile_32942.png,2
arctic_vegetation/20230724_birch24_m3m/BIRC/tile_32943.png,2
arctic_vegetation/20230724_birch24_m3m/BIRC/tile_32944.png,2
arctic_vegetation/20230724_birch24_m3m/BIRC/tile_33039.png,2
arctic_vegetation/20230724_birch24_m3m/BIRC/tile_33040.png,2
arctic_vegetation/20230724_birch24_m3m/BIRC/tile_33041.png,2
arctic_vegetation/20230724_birch24_m3m/BIRC/tile_33042.png,2
arctic_vegetation/20230724_birch24_m3m/BIRC/tile_33043.png,2
arctic_vegetation/20230724_birch24_m3m/BIRC/tile_33044.png,2
arctic_vegetation/20230724_birch24_m3m/BIRC/tile_33045.png,2
arctic_vegetation/20230724_birch24_m3m/BIRC/tile_33046.png,2
arctic_vegetation/20230724_birch24_m3m/BIRC/tile_33047.png,2
arctic_vegetation/20230724_birch24_m3m/BIRC/tile_33048.png,2
arctic_vegetation/20230724_birch24_m3m/BIRC/tile_33049.png,2
arctic_vegetation/20230724_birch24_m3m/BIRC/tile_33050.png,2
arctic_vegetation/20230724_birch24_m3m/BIRC/tile_33051.png,2
arctic_vegetation/20230724_birch24_m3m/BIRC/tile_33052.png,2
arctic_vegetation/20230724_birch24_m3m/BIRC/tile_33054.png,2
arctic_vegetation/20230724_birch24_m3m/BIRC/tile_33055.png,2
arctic_vegetation/20230724_birch24_m3m/BIRC/tile_33056.png,2
arctic_vegetation/20230724_birch24_m3m/BIRC/tile_33057.png,2
arctic_vegetation/20230724_birch24_m3m/BIRC/tile_33058.png,2
arctic_vegetation/20230724_birch24_m3m/BIRC/tile_33059.png,2
arctic_vegetation/20230724_birch24_m3m/BIRC/tile_33060.png,2
arctic_vegetation/20230724_birch24_m3m/BIRC/tile_33061.png,2
arctic_vegetation/20230724_birch24_m3m/BIRC/tile_33062.png,2
arctic_vegetation/20230724_birch24_m3m/BIRC/tile_33063.png,2
arctic_vegetation/20230724_birch24_m3m/BIRC/tile_33064.png,2
arctic_vegetation/20230724_birch24_m3m/BIRC/tile_33065.png,2
arctic_vegetation/20230724_birch24_m3m/BIRC/tile_33066.png,2
arctic_vegetation/20230724_birch24_m3m/BIRC/tile_33067.png,2
arctic_vegetation/20230724_birch24_m3m/BIRC/tile_33068.png,2
arctic_vegetation/20230724_birch24_m3m/BIRC/tile_33069.png,2
arctic_vegetation/20230724_birch24_m3m/BIRC/tile_33070.png,2
arctic_vegetation/20230724_birch24_m3m/BIRC/tile_33071.png,2
arctic_vegetation/20230724_birch24_m3m/BIRC/tile_33072.png,2
arctic_vegetation/20230724_birch24_m3m/BIRC/tile_33073.png,2
arctic_vegetation/20230724_birch24_m3m/BIRC/tile_33074.png,2
arctic_vegetation/20230724_birch24_m3m/BIRC/tile_33075.png,2
arctic_vegetation/20230724_birch24_m3m/BIRC/tile_33076.png,2
arctic_vegetation/20230724_birch24_m3m/BIRC/tile_33077.png,2
arctic_vegetation/20230724_birch24_m3m/BIRC/tile_33078.png,2
arctic_vegetation/20230724_birch24_m3m/BIRC/tile_33079.png,2
arctic_vegetation/20230724_birch24_m3m/BIRC/tile_33080.png,2
arctic_vegetation/20230724_birch24_m3m/BIRC/tile_33081.png,2
arctic_vegetation/20230724_birch24_m3m/BIRC/tile_33082.png,2
arctic_vegetation/20230724_birch24_m3m/BIRC/tile_33083.png,2
arctic_vegetation/20230724_birch24_m3m/BIRC/tile_33084.png,2
arctic_vegetation/20230724_birch24_m3m/BIRC/tile_33085.png,2
arctic_vegetation/20230724_birch24_m3m/BIRC/tile_33086.png,2
arctic_vegetation/20230724_birch24_m3m/BIRC/tile_33087.png,2
arctic_vegetation/20230724_birch24_m3m/BIRC/tile_33088.png,2
arctic_vegetation/20230724_birch24_m3m/BIRC/tile_33089.png,2
arctic_vegetation/20230724_birch24_m3m/BIRC/tile_33090.png,2
arctic_vegetation/20230724_birch24_m3m/BIRC/tile_33091.png,2
arctic_vegetation/20230724_birch24_m3m/BIRC/tile_33092.png,2
arctic_vegetation/20230724_birch24_m3m/BIRC/tile_33093.png,2
arctic_vegetation/20230724_birch24_m3m/BIRC/tile_33094.png,2
arctic_vegetation/20230724_birch24_m3m/BIRC/tile_33095.png,2
arctic_vegetation/20230724_birch24_m3m/BIRC/tile_33096.png,2
arctic_vegetation/20230724_birch24_m3m/BIRC/tile_33097.png,2
arctic_vegetation/20230724_birch24_m3m/BIRC/tile_33148.png,2
arctic_vegetation/20230724_birch24_m3m/BIRC/tile_33149.png,2
arctic_vegetation/20230724_birch24_m3m/BIRC/tile_33150.png,2
arctic_vegetation/20230724_birch24_m3m/BIRC/tile_33151.png,2
arctic_vegetation/20230724_birch24_m3m/BIRC/tile_33152.png,2
arctic_vegetation/20230724_birch24_m3m/BIRC/tile_33153.png,2
arctic_vegetation/20230724_birch24_m3m/BIRC/tile_33154.png,2
arctic_vegetation/20230724_birch24_m3m/BIRC/tile_33155.png,2
arctic_vegetation/20230724_birch24_m3m/BIRC/tile_33156.png,2
arctic_vegetation/20230724_birch24_m3m/BIRC/tile_33157.png,2
arctic_vegetation/20230724_birch24_m3m/BIRC/tile_33158.png,2
arctic_vegetation/20230724_birch24_m3m/BIRC/tile_33253.png,2
arctic_vegetation/20230724_birch24_m3m/BIRC/tile_33254.png,2
arctic_vegetation/20230724_birch24_m3m/BIRC/tile_33255.png,2
arctic_vegetation/20230724_birch24_m3m/BIRC/tile_33256.png,2
arctic_vegetation/20230724_birch24_m3m/BIRC/tile_33257.png,2
arctic_vegetation/20230724_birch24_m3m/BIRC/tile_33258.png,2
arctic_vegetation/20230724_birch24_m3m/BIRC/tile_33259.png,2
arctic_vegetation/20230724_birch24_m3m/BIRC/tile_33260.png,2
arctic_vegetation/20230724_birch24_m3m/BIRC/tile_33261.png,2
arctic_vegetation/20230724_birch24_m3m/BIRC/tile_33262.png,2
arctic_vegetation/20230724_birch24_m3m/BIRC/tile_33263.png,2
arctic_vegetation/20230724_birch24_m3m/BIRC/tile_33264.png,2
arctic_vegetation/20230724_birch24_m3m/BIRC/tile_33265.png,2
arctic_vegetation/20230724_birch24_m3m/BIRC/tile_33266.png,2
arctic_vegetation/20230724_birch24_m3m/BIRC/tile_33268.png,2
arctic_vegetation/20230724_birch24_m3m/BIRC/tile_33269.png,2
arctic_vegetation/20230724_birch24_m3m/BIRC/tile_33270.png,2
arctic_vegetation/20230724_birch24_m3m/BIRC/tile_33271.png,2
arctic_vegetation/20230724_birch24_m3m/BIRC/tile_33272.png,2
arctic_vegetation/20230724_birch24_m3m/BIRC/tile_33273.png,2
arctic_vegetation/20230724_birch24_m3m/BIRC/tile_33274.png,2
arctic_vegetation/20230724_birch24_m3m/BIRC/tile_33275.png,2
arctic_vegetation/20230724_birch24_m3m/BIRC/tile_33276.png,2
arctic_vegetation/20230724_birch24_m3m/BIRC/tile_33277.png,2
arctic_vegetation/20230724_birch24_m3m/BIRC/tile_33278.png,2
arctic_vegetation/20230724_birch24_m3m/BIRC/tile_33279.png,2
arctic_vegetation/20230724_birch24_m3m/BIRC/tile_33280.png,2
arctic_vegetation/20230724_birch24_m3m/BIRC/tile_33281.png,2
arctic_vegetation/20230724_birch24_m3m/BIRC/tile_33282.png,2
arctic_vegetation/20230724_birch24_m3m/BIRC/tile_33283.png,2
arctic_vegetation/20230724_birch24_m3m/BIRC/tile_33284.png,2
arctic_vegetation/20230724_birch24_m3m/BIRC/tile_33285.png,2
arctic_vegetation/20230724_birch24_m3m/BIRC/tile_33286.png,2
arctic_vegetation/20230724_birch24_m3m/BIRC/tile_33287.png,2
arctic_vegetation/20230724_birch24_m3m/BIRC/tile_33288.png,2
arctic_vegetation/20230724_birch24_m3m/BIRC/tile_33289.png,2
arctic_vegetation/20230724_birch24_m3m/BIRC/tile_33290.png,2
arctic_vegetation/20230724_birch24_m3m/BIRC/tile_33291.png,2
arctic_vegetation/20230724_birch24_m3m/BIRC/tile_33292.png,2
arctic_vegetation/20230724_birch24_m3m/BIRC/tile_33293.png,2
arctic_vegetation/20230724_birch24_m3m/BIRC/tile_33294.png,2
arctic_vegetation/20230724_birch24_m3m/BIRC/tile_33295.png,2
arctic_vegetation/20230724_birch24_m3m/BIRC/tile_33296.png,2
arctic_vegetation/20230724_birch24_m3m/BIRC/tile_33297.png,2
arctic_vegetation/20230724_birch24_m3m/BIRC/tile_33298.png,2
arctic_vegetation/20230724_birch24_m3m/BIRC/tile_33299.png,2
arctic_vegetation/20230724_birch24_m3m/BIRC/tile_33300.png,2
arctic_vegetation/20230724_birch24_m3m/BIRC/tile_33301.png,2
arctic_vegetation/20230724_birch24_m3m/BIRC/tile_33302.png,2
arctic_vegetation/20230724_birch24_m3m/BIRC/tile_33303.png,2
arctic_vegetation/20230724_birch24_m3m/BIRC/tile_33304.png,2
arctic_vegetation/20230724_birch24_m3m/BIRC/tile_33305.png,2
arctic_vegetation/20230724_birch24_m3m/BIRC/tile_33306.png,2
arctic_vegetation/20230724_birch24_m3m/BIRC/tile_33307.png,2
arctic_vegetation/20230724_birch24_m3m/BIRC/tile_33308.png,2
arctic_vegetation/20230724_birch24_m3m/BIRC/tile_33309.png,2
arctic_vegetation/20230724_birch24_m3m/BIRC/tile_33310.png,2
arctic_vegetation/20230724_birch24_m3m/BIRC/tile_33311.png,2
arctic_vegetation/20230724_birch24_m3m/LICH/tile_33312.png,4
arctic_vegetation/20230724_birch24_m3m/BIRC/tile_33333.png,2
arctic_vegetation/20230724_birch24_m3m/BIRC/tile_33334.png,2
arctic_vegetation/20230724_birch24_m3m/BIRC/tile_33335.png,2
arctic_vegetation/20230724_birch24_m3m/BIRC/tile_33345.png,2
arctic_vegetation/20230724_birch24_m3m/BIRC/tile_33346.png,2
arctic_vegetation/20230724_birch24_m3m/BIRC/tile_33347.png,2
arctic_vegetation/20230724_birch24_m3m/BIRC/tile_33348.png,2
arctic_vegetation/20230724_birch24_m3m/BIRC/tile_33349.png,2
arctic_vegetation/20230724_birch24_m3m/BIRC/tile_33350.png,2
arctic_vegetation/20230724_birch24_m3m/BIRC/tile_33362.png,2
arctic_vegetation/20230724_birch24_m3m/BIRC/tile_33363.png,2
arctic_vegetation/20230724_birch24_m3m/BIRC/tile_33364.png,2
arctic_vegetation/20230724_birch24_m3m/BIRC/tile_33365.png,2
arctic_vegetation/20230724_birch24_m3m/BIRC/tile_33366.png,2
arctic_vegetation/20230724_birch24_m3m/BIRC/tile_33367.png,2
arctic_vegetation/20230724_birch24_m3m/BIRC/tile_33368.png,2
arctic_vegetation/20230724_birch24_m3m/BIRC/tile_33369.png,2
arctic_vegetation/20230724_birch24_m3m/BIRC/tile_33370.png,2
arctic_vegetation/20230724_birch24_m3m/BIRC/tile_33371.png,2
arctic_vegetation/20230724_birch24_m3m/BIRC/tile_33372.png,2
arctic_vegetation/20230724_birch24_m3m/BIRC/tile_33466.png,2
arctic_vegetation/20230724_birch24_m3m/BIRC/tile_33467.png,2
arctic_vegetation/20230724_birch24_m3m/BIRC/tile_33468.png,2
arctic_vegetation/20230724_birch24_m3m/BIRC/tile_33469.png,2
arctic_vegetation/20230724_birch24_m3m/BIRC/tile_33470.png,2
arctic_vegetation/20230724_birch24_m3m/BIRC/tile_33471.png,2
arctic_vegetation/20230724_birch24_m3m/BIRC/tile_33472.png,2
arctic_vegetation/20230724_birch24_m3m/BIRC/tile_33473.png,2
arctic_vegetation/20230724_birch24_m3m/BIRC/tile_33474.png,2
arctic_vegetation/20230724_birch24_m3m/BIRC/tile_33475.png,2
arctic_vegetation/20230724_birch24_m3m/BIRC/tile_33476.png,2
arctic_vegetation/20230724_birch24_m3m/BIRC/tile_33477.png,2
arctic_vegetation/20230724_birch24_m3m/BIRC/tile_33478.png,2
arctic_vegetation/20230724_birch24_m3m/BIRC/tile_33479.png,2
arctic_vegetation/20230724_birch24_m3m/BIRC/tile_33480.png,2
arctic_vegetation/20230724_birch24_m3m/BIRC/tile_33481.png,2
arctic_vegetation/20230724_birch24_m3m/BIRC/tile_33482.png,2
arctic_vegetation/20230724_birch24_m3m/BIRC/tile_33483.png,2
arctic_vegetation/20230724_birch24_m3m/BIRC/tile_33484.png,2
arctic_vegetation/20230724_birch24_m3m/LICH/tile_33485.png,4
arctic_vegetation/20230724_birch24_m3m/BIRC/tile_33486.png,2
arctic_vegetation/20230724_birch24_m3m/BIRC/tile_33487.png,2
arctic_vegetation/20230724_birch24_m3m/BIRC/tile_33488.png,2
arctic_vegetation/20230724_birch24_m3m/BIRC/tile_33489.png,2
arctic_vegetation/20230724_birch24_m3m/BIRC/tile_33490.png,2
arctic_vegetation/20230724_birch24_m3m/BIRC/tile_33491.png,2
arctic_vegetation/20230724_birch24_m3m/BIRC/tile_33492.png,2
arctic_vegetation/20230724_birch24_m3m/BIRC/tile_33493.png,2
arctic_vegetation/20230724_birch24_m3m/BIRC/tile_33494.png,2
arctic_vegetation/20230724_birch24_m3m/BIRC/tile_33495.png,2
arctic_vegetation/20230724_birch24_m3m/BIRC/tile_33496.png,2
arctic_vegetation/20230724_birch24_m3m/BIRC/tile_33497.png,2
arctic_vegetation/20230724_birch24_m3m/BIRC/tile_33498.png,2
arctic_vegetation/20230724_birch24_m3m/BIRC/tile_33499.png,2
arctic_vegetation/20230724_birch24_m3m/BIRC/tile_33500.png,2
arctic_vegetation/20230724_birch24_m3m/BIRC/tile_33501.png,2
arctic_vegetation/20230724_birch24_m3m/BIRC/tile_33502.png,2
arctic_vegetation/20230724_birch24_m3m/BIRC/tile_33503.png,2
arctic_vegetation/20230724_birch24_m3m/BIRC/tile_33504.png,2
arctic_vegetation/20230724_birch24_m3m/BIRC/tile_33505.png,2
arctic_vegetation/20230724_birch24_m3m/BIRC/tile_33506.png,2
arctic_vegetation/20230724_birch24_m3m/BIRC/tile_33507.png,2
arctic_vegetation/20230724_birch24_m3m/BIRC/tile_33508.png,2
arctic_vegetation/20230724_birch24_m3m/BIRC/tile_33509.png,2
arctic_vegetation/20230724_birch24_m3m/BIRC/tile_33510.png,2
arctic_vegetation/20230724_birch24_m3m/BIRC/tile_33511.png,2
arctic_vegetation/20230724_birch24_m3m/BIRC/tile_33512.png,2
arctic_vegetation/20230724_birch24_m3m/BIRC/tile_33513.png,2
arctic_vegetation/20230724_birch24_m3m/BIRC/tile_33514.png,2
arctic_vegetation/20230724_birch24_m3m/BIRC/tile_33515.png,2
arctic_vegetation/20230724_birch24_m3m/BIRC/tile_33516.png,2
arctic_vegetation/20230724_birch24_m3m/BIRC/tile_33517.png,2
arctic_vegetation/20230724_birch24_m3m/BIRC/tile_33518.png,2
arctic_vegetation/20230724_birch24_m3m/BIRC/tile_33519.png,2
arctic_vegetation/20230724_birch24_m3m/BIRC/tile_33520.png,2
arctic_vegetation/20230724_birch24_m3m/BIRC/tile_33521.png,2
arctic_vegetation/20230724_birch24_m3m/BIRC/tile_33522.png,2
arctic_vegetation/20230724_birch24_m3m/BIRC/tile_33523.png,2
arctic_vegetation/20230724_birch24_m3m/BIRC/tile_33524.png,2
arctic_vegetation/20230724_birch24_m3m/BIRC/tile_33525.png,2
arctic_vegetation/20230724_birch24_m3m/LICH/tile_33526.png,4
arctic_vegetation/20230724_birch24_m3m/BIRC/tile_33547.png,2
arctic_vegetation/20230724_birch24_m3m/BIRC/tile_33548.png,2
arctic_vegetation/20230724_birch24_m3m/BIRC/tile_33549.png,2
arctic_vegetation/20230724_birch24_m3m/BIRC/tile_33559.png,2
arctic_vegetation/20230724_birch24_m3m/BIRC/tile_33560.png,2
arctic_vegetation/20230724_birch24_m3m/BIRC/tile_33561.png,2
arctic_vegetation/20230724_birch24_m3m/BIRC/tile_33562.png,2
arctic_vegetation/20230724_birch24_m3m/BIRC/tile_33563.png,2
arctic_vegetation/20230724_birch24_m3m/BIRC/tile_33564.png,2
arctic_vegetation/20230724_birch24_m3m/BIRC/tile_33576.png,2
arctic_vegetation/20230724_birch24_m3m/BIRC/tile_33577.png,2
arctic_vegetation/20230724_birch24_m3m/BIRC/tile_33578.png,2
arctic_vegetation/20230724_birch24_m3m/BIRC/tile_33579.png,2
arctic_vegetation/20230724_birch24_m3m/BIRC/tile_33580.png,2
arctic_vegetation/20230724_birch24_m3m/BIRC/tile_33581.png,2
arctic_vegetation/20230724_birch24_m3m/BIRC/tile_33582.png,2
arctic_vegetation/20230724_birch24_m3m/BIRC/tile_33583.png,2
arctic_vegetation/20230724_birch24_m3m/BIRC/tile_33584.png,2
arctic_vegetation/20230724_birch24_m3m/BIRC/tile_33585.png,2
arctic_vegetation/20230724_birch24_m3m/BIRC/tile_33586.png,2
arctic_vegetation/20230724_birch24_m3m/BIRC/tile_33680.png,2
arctic_vegetation/20230724_birch24_m3m/BIRC/tile_33681.png,2
arctic_vegetation/20230724_birch24_m3m/BIRC/tile_33682.png,2
arctic_vegetation/20230724_birch24_m3m/BIRC/tile_33683.png,2
arctic_vegetation/20230724_birch24_m3m/BIRC/tile_33684.png,2
arctic_vegetation/20230724_birch24_m3m/BIRC/tile_33685.png,2
arctic_vegetation/20230724_birch24_m3m/BIRC/tile_33686.png,2
arctic_vegetation/20230724_birch24_m3m/BIRC/tile_33687.png,2
arctic_vegetation/20230724_birch24_m3m/BIRC/tile_33688.png,2
arctic_vegetation/20230724_birch24_m3m/BIRC/tile_33689.png,2
arctic_vegetation/20230724_birch24_m3m/BIRC/tile_33690.png,2
arctic_vegetation/20230724_birch24_m3m/BIRC/tile_33691.png,2
arctic_vegetation/20230724_birch24_m3m/BIRC/tile_33692.png,2
arctic_vegetation/20230724_birch24_m3m/BIRC/tile_33693.png,2
arctic_vegetation/20230724_birch24_m3m/BIRC/tile_33694.png,2
arctic_vegetation/20230724_birch24_m3m/BIRC/tile_33695.png,2
arctic_vegetation/20230724_birch24_m3m/BIRC/tile_33696.png,2
arctic_vegetation/20230724_birch24_m3m/BIRC/tile_33697.png,2
arctic_vegetation/20230724_birch24_m3m/BIRC/tile_33698.png,2
arctic_vegetation/20230724_birch24_m3m/BIRC/tile_33699.png,2
arctic_vegetation/20230724_birch24_m3m/BIRC/tile_33700.png,2
arctic_vegetation/20230724_birch24_m3m/BIRC/tile_33701.png,2
arctic_vegetation/20230724_birch24_m3m/BIRC/tile_33702.png,2
arctic_vegetation/20230724_birch24_m3m/BIRC/tile_33703.png,2
arctic_vegetation/20230724_birch24_m3m/BIRC/tile_33704.png,2
arctic_vegetation/20230724_birch24_m3m/BIRC/tile_33705.png,2
arctic_vegetation/20230724_birch24_m3m/BIRC/tile_33706.png,2
arctic_vegetation/20230724_birch24_m3m/BIRC/tile_33707.png,2
arctic_vegetation/20230724_birch24_m3m/BIRC/tile_33708.png,2
arctic_vegetation/20230724_birch24_m3m/BIRC/tile_33709.png,2
arctic_vegetation/20230724_birch24_m3m/BIRC/tile_33710.png,2
arctic_vegetation/20230724_birch24_m3m/BIRC/tile_33711.png,2
arctic_vegetation/20230724_birch24_m3m/BIRC/tile_33712.png,2
arctic_vegetation/20230724_birch24_m3m/BIRC/tile_33713.png,2
arctic_vegetation/20230724_birch24_m3m/BIRC/tile_33714.png,2
arctic_vegetation/20230724_birch24_m3m/BIRC/tile_33715.png,2
arctic_vegetation/20230724_birch24_m3m/BIRC/tile_33716.png,2
arctic_vegetation/20230724_birch24_m3m/BIRC/tile_33717.png,2
arctic_vegetation/20230724_birch24_m3m/BIRC/tile_33718.png,2
arctic_vegetation/20230724_birch24_m3m/BIRC/tile_33719.png,2
arctic_vegetation/20230724_birch24_m3m/BIRC/tile_33720.png,2
arctic_vegetation/20230724_birch24_m3m/BIRC/tile_33721.png,2
arctic_vegetation/20230724_birch24_m3m/BIRC/tile_33722.png,2
arctic_vegetation/20230724_birch24_m3m/BIRC/tile_33723.png,2
arctic_vegetation/20230724_birch24_m3m/BIRC/tile_33724.png,2
arctic_vegetation/20230724_birch24_m3m/BIRC/tile_33725.png,2
arctic_vegetation/20230724_birch24_m3m/BIRC/tile_33726.png,2
arctic_vegetation/20230724_birch24_m3m/BIRC/tile_33727.png,2
arctic_vegetation/20230724_birch24_m3m/BIRC/tile_33728.png,2
arctic_vegetation/20230724_birch24_m3m/BIRC/tile_33729.png,2
arctic_vegetation/20230724_birch24_m3m/BIRC/tile_33732.png,2
arctic_vegetation/20230724_birch24_m3m/BIRC/tile_33733.png,2
arctic_vegetation/20230724_birch24_m3m/BIRC/tile_33734.png,2
arctic_vegetation/20230724_birch24_m3m/BIRC/tile_33735.png,2
arctic_vegetation/20230724_birch24_m3m/BIRC/tile_33736.png,2
arctic_vegetation/20230724_birch24_m3m/BIRC/tile_33737.png,2
arctic_vegetation/20230724_birch24_m3m/BIRC/tile_33738.png,2
arctic_vegetation/20230724_birch24_m3m/BIRC/tile_33739.png,2
arctic_vegetation/20230724_birch24_m3m/BIRC/tile_33740.png,2
arctic_vegetation/20230724_birch24_m3m/BIRC/tile_33743.png,2
arctic_vegetation/20230724_birch24_m3m/BIRC/tile_33744.png,2
arctic_vegetation/20230724_birch24_m3m/BIRC/tile_33745.png,2
arctic_vegetation/20230724_birch24_m3m/BIRC/tile_33747.png,2
arctic_vegetation/20230724_birch24_m3m/BIRC/tile_33748.png,2
arctic_vegetation/20230724_birch24_m3m/BIRC/tile_33749.png,2
arctic_vegetation/20230724_birch24_m3m/BIRC/tile_33761.png,2
arctic_vegetation/20230724_birch24_m3m/BIRC/tile_33762.png,2
arctic_vegetation/20230724_birch24_m3m/BIRC/tile_33763.png,2
arctic_vegetation/20230724_birch24_m3m/BIRC/tile_33764.png,2
arctic_vegetation/20230724_birch24_m3m/BIRC/tile_33765.png,2
arctic_vegetation/20230724_birch24_m3m/BIRC/tile_33766.png,2
arctic_vegetation/20230724_birch24_m3m/BIRC/tile_33767.png,2
arctic_vegetation/20230724_birch24_m3m/BIRC/tile_33773.png,2
arctic_vegetation/20230724_birch24_m3m/BIRC/tile_33774.png,2
arctic_vegetation/20230724_birch24_m3m/BIRC/tile_33775.png,2
arctic_vegetation/20230724_birch24_m3m/BIRC/tile_33776.png,2
arctic_vegetation/20230724_birch24_m3m/BIRC/tile_33777.png,2
arctic_vegetation/20230724_birch24_m3m/BIRC/tile_33778.png,2
arctic_vegetation/20230724_birch24_m3m/BIRC/tile_33789.png,2
arctic_vegetation/20230724_birch24_m3m/BIRC/tile_33790.png,2
arctic_vegetation/20230724_birch24_m3m/BIRC/tile_33791.png,2
arctic_vegetation/20230724_birch24_m3m/BIRC/tile_33792.png,2
arctic_vegetation/20230724_birch24_m3m/BIRC/tile_33793.png,2
arctic_vegetation/20230724_birch24_m3m/BIRC/tile_33794.png,2
arctic_vegetation/20230724_birch24_m3m/BIRC/tile_33795.png,2
arctic_vegetation/20230724_birch24_m3m/BIRC/tile_33894.png,2
arctic_vegetation/20230724_birch24_m3m/BIRC/tile_33895.png,2
arctic_vegetation/20230724_birch24_m3m/BIRC/tile_33896.png,2
arctic_vegetation/20230724_birch24_m3m/BIRC/tile_33897.png,2
arctic_vegetation/20230724_birch24_m3m/BIRC/tile_33898.png,2
arctic_vegetation/20230724_birch24_m3m/BIRC/tile_33899.png,2
arctic_vegetation/20230724_birch24_m3m/BIRC/tile_33900.png,2
arctic_vegetation/20230724_birch24_m3m/BIRC/tile_33901.png,2
arctic_vegetation/20230724_birch24_m3m/BIRC/tile_33902.png,2
arctic_vegetation/20230724_birch24_m3m/BIRC/tile_33903.png,2
arctic_vegetation/20230724_birch24_m3m/BIRC/tile_33904.png,2
arctic_vegetation/20230724_birch24_m3m/BIRC/tile_33905.png,2
arctic_vegetation/20230724_birch24_m3m/BIRC/tile_33906.png,2
arctic_vegetation/20230724_birch24_m3m/BIRC/tile_33907.png,2
arctic_vegetation/20230724_birch24_m3m/BIRC/tile_33908.png,2
arctic_vegetation/20230724_birch24_m3m/BIRC/tile_33910.png,2
arctic_vegetation/20230724_birch24_m3m/BIRC/tile_33911.png,2
arctic_vegetation/20230724_birch24_m3m/BIRC/tile_33912.png,2
arctic_vegetation/20230724_birch24_m3m/BIRC/tile_33913.png,2
arctic_vegetation/20230724_birch24_m3m/BIRC/tile_33914.png,2
arctic_vegetation/20230724_birch24_m3m/BIRC/tile_33915.png,2
arctic_vegetation/20230724_birch24_m3m/BIRC/tile_33916.png,2
arctic_vegetation/20230724_birch24_m3m/BIRC/tile_33917.png,2
arctic_vegetation/20230724_birch24_m3m/BIRC/tile_33918.png,2
arctic_vegetation/20230724_birch24_m3m/BIRC/tile_33919.png,2
arctic_vegetation/20230724_birch24_m3m/BIRC/tile_33920.png,2
arctic_vegetation/20230724_birch24_m3m/BIRC/tile_33921.png,2
arctic_vegetation/20230724_birch24_m3m/LICH/tile_33922.png,4
arctic_vegetation/20230724_birch24_m3m/BIRC/tile_33923.png,2
arctic_vegetation/20230724_birch24_m3m/BIRC/tile_33924.png,2
arctic_vegetation/20230724_birch24_m3m/BIRC/tile_33925.png,2
arctic_vegetation/20230724_birch24_m3m/BIRC/tile_33926.png,2
arctic_vegetation/20230724_birch24_m3m/BIRC/tile_33927.png,2
arctic_vegetation/20230724_birch24_m3m/BIRC/tile_33928.png,2
arctic_vegetation/20230724_birch24_m3m/BIRC/tile_33929.png,2
arctic_vegetation/20230724_birch24_m3m/BIRC/tile_33930.png,2
arctic_vegetation/20230724_birch24_m3m/BIRC/tile_33931.png,2
arctic_vegetation/20230724_birch24_m3m/BIRC/tile_33932.png,2
arctic_vegetation/20230724_birch24_m3m/BIRC/tile_33933.png,2
arctic_vegetation/20230724_birch24_m3m/BIRC/tile_33934.png,2
arctic_vegetation/20230724_birch24_m3m/BIRC/tile_33935.png,2
arctic_vegetation/20230724_birch24_m3m/BIRC/tile_33936.png,2
arctic_vegetation/20230724_birch24_m3m/BIRC/tile_33938.png,2
arctic_vegetation/20230724_birch24_m3m/BIRC/tile_33939.png,2
arctic_vegetation/20230724_birch24_m3m/BIRC/tile_33940.png,2
arctic_vegetation/20230724_birch24_m3m/BIRC/tile_33941.png,2
arctic_vegetation/20230724_birch24_m3m/BIRC/tile_33942.png,2
arctic_vegetation/20230724_birch24_m3m/PETF/tile_33943.png,6
arctic_vegetation/20230724_birch24_m3m/PETF/tile_33944.png,6
arctic_vegetation/20230724_birch24_m3m/PETF/tile_33945.png,6
arctic_vegetation/20230724_birch24_m3m/BIRC/tile_33946.png,2
arctic_vegetation/20230724_birch24_m3m/BIRC/tile_33947.png,2
arctic_vegetation/20230724_birch24_m3m/BIRC/tile_33948.png,2
arctic_vegetation/20230724_birch24_m3m/BIRC/tile_33949.png,2
arctic_vegetation/20230724_birch24_m3m/BIRC/tile_33950.png,2
arctic_vegetation/20230724_birch24_m3m/BIRC/tile_33951.png,2
arctic_vegetation/20230724_birch24_m3m/BIRC/tile_33952.png,2
arctic_vegetation/20230724_birch24_m3m/BIRC/tile_33953.png,2
arctic_vegetation/20230724_birch24_m3m/BIRC/tile_33954.png,2
arctic_vegetation/20230724_birch24_m3m/BIRC/tile_33957.png,2
arctic_vegetation/20230724_birch24_m3m/BIRC/tile_33958.png,2
arctic_vegetation/20230724_birch24_m3m/BIRC/tile_33959.png,2
arctic_vegetation/20230724_birch24_m3m/BIRC/tile_33961.png,2
arctic_vegetation/20230724_birch24_m3m/BIRC/tile_33962.png,2
arctic_vegetation/20230724_birch24_m3m/BIRC/tile_33963.png,2
arctic_vegetation/20230724_birch24_m3m/BIRC/tile_33964.png,2
arctic_vegetation/20230724_birch24_m3m/BIRC/tile_33975.png,2
arctic_vegetation/20230724_birch24_m3m/BIRC/tile_33976.png,2
arctic_vegetation/20230724_birch24_m3m/BIRC/tile_33977.png,2
arctic_vegetation/20230724_birch24_m3m/BIRC/tile_33978.png,2
arctic_vegetation/20230724_birch24_m3m/BIRC/tile_33979.png,2
arctic_vegetation/20230724_birch24_m3m/BIRC/tile_33980.png,2
arctic_vegetation/20230724_birch24_m3m/BIRC/tile_33981.png,2
arctic_vegetation/20230724_birch24_m3m/BIRC/tile_33987.png,2
arctic_vegetation/20230724_birch24_m3m/BIRC/tile_33988.png,2
arctic_vegetation/20230724_birch24_m3m/BIRC/tile_33989.png,2
arctic_vegetation/20230724_birch24_m3m/BIRC/tile_33990.png,2
arctic_vegetation/20230724_birch24_m3m/BIRC/tile_33991.png,2
arctic_vegetation/20230724_birch24_m3m/BIRC/tile_33992.png,2
arctic_vegetation/20230724_birch24_m3m/BIRC/tile_34003.png,2
arctic_vegetation/20230724_birch24_m3m/BIRC/tile_34004.png,2
arctic_vegetation/20230724_birch24_m3m/BIRC/tile_34005.png,2
arctic_vegetation/20230724_birch24_m3m/BIRC/tile_34006.png,2
arctic_vegetation/20230724_birch24_m3m/BIRC/tile_34007.png,2
arctic_vegetation/20230724_birch24_m3m/BIRC/tile_34008.png,2
arctic_vegetation/20230724_birch24_m3m/BIRC/tile_34009.png,2
arctic_vegetation/20230724_birch24_m3m/BIRC/tile_34108.png,2
arctic_vegetation/20230724_birch24_m3m/BIRC/tile_34109.png,2
arctic_vegetation/20230724_birch24_m3m/BIRC/tile_34110.png,2
arctic_vegetation/20230724_birch24_m3m/BIRC/tile_34111.png,2
arctic_vegetation/20230724_birch24_m3m/BIRC/tile_34112.png,2
arctic_vegetation/20230724_birch24_m3m/BIRC/tile_34113.png,2
arctic_vegetation/20230724_birch24_m3m/BIRC/tile_34114.png,2
arctic_vegetation/20230724_birch24_m3m/BIRC/tile_34115.png,2
arctic_vegetation/20230724_birch24_m3m/BIRC/tile_34116.png,2
arctic_vegetation/20230724_birch24_m3m/BIRC/tile_34117.png,2
arctic_vegetation/20230724_birch24_m3m/BIRC/tile_34118.png,2
arctic_vegetation/20230724_birch24_m3m/BIRC/tile_34119.png,2
arctic_vegetation/20230724_birch24_m3m/BIRC/tile_34120.png,2
arctic_vegetation/20230724_birch24_m3m/BIRC/tile_34121.png,2
arctic_vegetation/20230724_birch24_m3m/BIRC/tile_34122.png,2
arctic_vegetation/20230724_birch24_m3m/BIRC/tile_34123.png,2
arctic_vegetation/20230724_birch24_m3m/BIRC/tile_34124.png,2
arctic_vegetation/20230724_birch24_m3m/BIRC/tile_34125.png,2
arctic_vegetation/20230724_birch24_m3m/BIRC/tile_34126.png,2
arctic_vegetation/20230724_birch24_m3m/BIRC/tile_34127.png,2
arctic_vegetation/20230724_birch24_m3m/BIRC/tile_34128.png,2
arctic_vegetation/20230724_birch24_m3m/BIRC/tile_34129.png,2
arctic_vegetation/20230724_birch24_m3m/BIRC/tile_34130.png,2
arctic_vegetation/20230724_birch24_m3m/BIRC/tile_34131.png,2
arctic_vegetation/20230724_birch24_m3m/BIRC/tile_34132.png,2
arctic_vegetation/20230724_birch24_m3m/BIRC/tile_34133.png,2
arctic_vegetation/20230724_birch24_m3m/BIRC/tile_34134.png,2
arctic_vegetation/20230724_birch24_m3m/BIRC/tile_34135.png,2
arctic_vegetation/20230724_birch24_m3m/BIRC/tile_34136.png,2
arctic_vegetation/20230724_birch24_m3m/LICH/tile_34137.png,4
arctic_vegetation/20230724_birch24_m3m/BIRC/tile_34138.png,2
arctic_vegetation/20230724_birch24_m3m/BIRC/tile_34139.png,2
arctic_vegetation/20230724_birch24_m3m/BIRC/tile_34140.png,2
arctic_vegetation/20230724_birch24_m3m/BIRC/tile_34141.png,2
arctic_vegetation/20230724_birch24_m3m/BIRC/tile_34142.png,2
arctic_vegetation/20230724_birch24_m3m/BIRC/tile_34143.png,2
arctic_vegetation/20230724_birch24_m3m/BIRC/tile_34144.png,2
arctic_vegetation/20230724_birch24_m3m/BIRC/tile_34145.png,2
arctic_vegetation/20230724_birch24_m3m/BIRC/tile_34146.png,2
arctic_vegetation/20230724_birch24_m3m/BIRC/tile_34147.png,2
arctic_vegetation/20230724_birch24_m3m/BIRC/tile_34148.png,2
arctic_vegetation/20230724_birch24_m3m/BIRC/tile_34149.png,2
arctic_vegetation/20230724_birch24_m3m/BIRC/tile_34150.png,2
arctic_vegetation/20230724_birch24_m3m/BIRC/tile_34151.png,2
arctic_vegetation/20230724_birch24_m3m/BIRC/tile_34152.png,2
arctic_vegetation/20230724_birch24_m3m/BIRC/tile_34153.png,2
arctic_vegetation/20230724_birch24_m3m/BIRC/tile_34154.png,2
arctic_vegetation/20230724_birch24_m3m/BIRC/tile_34155.png,2
arctic_vegetation/20230724_birch24_m3m/BIRC/tile_34156.png,2
arctic_vegetation/20230724_birch24_m3m/BIRC/tile_34157.png,2
arctic_vegetation/20230724_birch24_m3m/BIRC/tile_34158.png,2
arctic_vegetation/20230724_birch24_m3m/BIRC/tile_34159.png,2
arctic_vegetation/20230724_birch24_m3m/BIRC/tile_34160.png,2
arctic_vegetation/20230724_birch24_m3m/BIRC/tile_34161.png,2
arctic_vegetation/20230724_birch24_m3m/BIRC/tile_34162.png,2
arctic_vegetation/20230724_birch24_m3m/BIRC/tile_34163.png,2
arctic_vegetation/20230724_birch24_m3m/BIRC/tile_34164.png,2
arctic_vegetation/20230724_birch24_m3m/BIRC/tile_34165.png,2
arctic_vegetation/20230724_birch24_m3m/BIRC/tile_34166.png,2
arctic_vegetation/20230724_birch24_m3m/BIRC/tile_34167.png,2
arctic_vegetation/20230724_birch24_m3m/BIRC/tile_34168.png,2
arctic_vegetation/20230724_birch24_m3m/BIRC/tile_34172.png,2
arctic_vegetation/20230724_birch24_m3m/BIRC/tile_34173.png,2
arctic_vegetation/20230724_birch24_m3m/BIRC/tile_34174.png,2
arctic_vegetation/20230724_birch24_m3m/BIRC/tile_34175.png,2
arctic_vegetation/20230724_birch24_m3m/BIRC/tile_34176.png,2
arctic_vegetation/20230724_birch24_m3m/BIRC/tile_34177.png,2
arctic_vegetation/20230724_birch24_m3m/BIRC/tile_34178.png,2
arctic_vegetation/20230724_birch24_m3m/BIRC/tile_34189.png,2
arctic_vegetation/20230724_birch24_m3m/BIRC/tile_34190.png,2
arctic_vegetation/20230724_birch24_m3m/BIRC/tile_34191.png,2
arctic_vegetation/20230724_birch24_m3m/BIRC/tile_34192.png,2
arctic_vegetation/20230724_birch24_m3m/BIRC/tile_34194.png,2
arctic_vegetation/20230724_birch24_m3m/BIRC/tile_34195.png,2
arctic_vegetation/20230724_birch24_m3m/BIRC/tile_34204.png,2
arctic_vegetation/20230724_birch24_m3m/BIRC/tile_34205.png,2
arctic_vegetation/20230724_birch24_m3m/BIRC/tile_34206.png,2
arctic_vegetation/20230724_birch24_m3m/BIRC/tile_34217.png,2
arctic_vegetation/20230724_birch24_m3m/BIRC/tile_34218.png,2
arctic_vegetation/20230724_birch24_m3m/BIRC/tile_34219.png,2
arctic_vegetation/20230724_birch24_m3m/BIRC/tile_34220.png,2
arctic_vegetation/20230724_birch24_m3m/BIRC/tile_34221.png,2
arctic_vegetation/20230724_birch24_m3m/BIRC/tile_34222.png,2
arctic_vegetation/20230724_birch24_m3m/BIRC/tile_34223.png,2
arctic_vegetation/20230724_birch24_m3m/DRYI/tile_34224.png,3
arctic_vegetation/20230724_birch24_m3m/DRYI/tile_34225.png,3
arctic_vegetation/20230724_birch24_m3m/DRYI/tile_34226.png,3
arctic_vegetation/20230724_birch24_m3m/DRYI/tile_34227.png,3
arctic_vegetation/20230724_birch24_m3m/DRYI/tile_34228.png,3
arctic_vegetation/20230724_birch24_m3m/BIRC/tile_34322.png,2
arctic_vegetation/20230724_birch24_m3m/BIRC/tile_34323.png,2
arctic_vegetation/20230724_birch24_m3m/BIRC/tile_34326.png,2
arctic_vegetation/20230724_birch24_m3m/BIRC/tile_34327.png,2
arctic_vegetation/20230724_birch24_m3m/BIRC/tile_34328.png,2
arctic_vegetation/20230724_birch24_m3m/BIRC/tile_34329.png,2
arctic_vegetation/20230724_birch24_m3m/BIRC/tile_34330.png,2
arctic_vegetation/20230724_birch24_m3m/BIRC/tile_34331.png,2
arctic_vegetation/20230724_birch24_m3m/BIRC/tile_34332.png,2
arctic_vegetation/20230724_birch24_m3m/BIRC/tile_34333.png,2
arctic_vegetation/20230724_birch24_m3m/BIRC/tile_34334.png,2
arctic_vegetation/20230724_birch24_m3m/BIRC/tile_34335.png,2
arctic_vegetation/20230724_birch24_m3m/BIRC/tile_34336.png,2
arctic_vegetation/20230724_birch24_m3m/BIRC/tile_34337.png,2
arctic_vegetation/20230724_birch24_m3m/BIRC/tile_34338.png,2
arctic_vegetation/20230724_birch24_m3m/BIRC/tile_34339.png,2
arctic_vegetation/20230724_birch24_m3m/BIRC/tile_34340.png,2
arctic_vegetation/20230724_birch24_m3m/DRYI/tile_34341.png,3
arctic_vegetation/20230724_birch24_m3m/BIRC/tile_34342.png,2
arctic_vegetation/20230724_birch24_m3m/BIRC/tile_34343.png,2
arctic_vegetation/20230724_birch24_m3m/BIRC/tile_34344.png,2
arctic_vegetation/20230724_birch24_m3m/BIRC/tile_34345.png,2
arctic_vegetation/20230724_birch24_m3m/BIRC/tile_34346.png,2
arctic_vegetation/20230724_birch24_m3m/BIRC/tile_34347.png,2
arctic_vegetation/20230724_birch24_m3m/BIRC/tile_34348.png,2
arctic_vegetation/20230724_birch24_m3m/BIRC/tile_34349.png,2
arctic_vegetation/20230724_birch24_m3m/BIRC/tile_34350.png,2
arctic_vegetation/20230724_birch24_m3m/BIRC/tile_34351.png,2
arctic_vegetation/20230724_birch24_m3m/BIRC/tile_34352.png,2
arctic_vegetation/20230724_birch24_m3m/BIRC/tile_34353.png,2
arctic_vegetation/20230724_birch24_m3m/BIRC/tile_34354.png,2
arctic_vegetation/20230724_birch24_m3m/BIRC/tile_34355.png,2
arctic_vegetation/20230724_birch24_m3m/BIRC/tile_34356.png,2
arctic_vegetation/20230724_birch24_m3m/BIRC/tile_34357.png,2
arctic_vegetation/20230724_birch24_m3m/BIRC/tile_34358.png,2
arctic_vegetation/20230724_birch24_m3m/BIRC/tile_34359.png,2
arctic_vegetation/20230724_birch24_m3m/BIRC/tile_34360.png,2
arctic_vegetation/20230724_birch24_m3m/BIRC/tile_34361.png,2
arctic_vegetation/20230724_birch24_m3m/BIRC/tile_34362.png,2
arctic_vegetation/20230724_birch24_m3m/BIRC/tile_34363.png,2
arctic_vegetation/20230724_birch24_m3m/BIRC/tile_34364.png,2
arctic_vegetation/20230724_birch24_m3m/BIRC/tile_34365.png,2
arctic_vegetation/20230724_birch24_m3m/BIRC/tile_34366.png,2
arctic_vegetation/20230724_birch24_m3m/BIRC/tile_34367.png,2
arctic_vegetation/20230724_birch24_m3m/BIRC/tile_34368.png,2
arctic_vegetation/20230724_birch24_m3m/BIRC/tile_34369.png,2
arctic_vegetation/20230724_birch24_m3m/BIRC/tile_34370.png,2
arctic_vegetation/20230724_birch24_m3m/BIRC/tile_34371.png,2
arctic_vegetation/20230724_birch24_m3m/BIRC/tile_34372.png,2
arctic_vegetation/20230724_birch24_m3m/BIRC/tile_34373.png,2
arctic_vegetation/20230724_birch24_m3m/BIRC/tile_34374.png,2
arctic_vegetation/20230724_birch24_m3m/BIRC/tile_34375.png,2
arctic_vegetation/20230724_birch24_m3m/BIRC/tile_34376.png,2
arctic_vegetation/20230724_birch24_m3m/BIRC/tile_34377.png,2
arctic_vegetation/20230724_birch24_m3m/BIRC/tile_34378.png,2
arctic_vegetation/20230724_birch24_m3m/BIRC/tile_34379.png,2
arctic_vegetation/20230724_birch24_m3m/BIRC/tile_34380.png,2
arctic_vegetation/20230724_birch24_m3m/BIRC/tile_34381.png,2
arctic_vegetation/20230724_birch24_m3m/BIRC/tile_34382.png,2
arctic_vegetation/20230724_birch24_m3m/BIRC/tile_34385.png,2
arctic_vegetation/20230724_birch24_m3m/BIRC/tile_34386.png,2
arctic_vegetation/20230724_birch24_m3m/BIRC/tile_34387.png,2
arctic_vegetation/20230724_birch24_m3m/BIRC/tile_34388.png,2
arctic_vegetation/20230724_birch24_m3m/BIRC/tile_34389.png,2
arctic_vegetation/20230724_birch24_m3m/BIRC/tile_34390.png,2
arctic_vegetation/20230724_birch24_m3m/BIRC/tile_34391.png,2
arctic_vegetation/20230724_birch24_m3m/BIRC/tile_34392.png,2
arctic_vegetation/20230724_birch24_m3m/BIRC/tile_34418.png,2
arctic_vegetation/20230724_birch24_m3m/BIRC/tile_34419.png,2
arctic_vegetation/20230724_birch24_m3m/BIRC/tile_34420.png,2
arctic_vegetation/20230724_birch24_m3m/BIRC/tile_34434.png,2
arctic_vegetation/20230724_birch24_m3m/BIRC/tile_34435.png,2
arctic_vegetation/20230724_birch24_m3m/PETF/tile_34436.png,6
arctic_vegetation/20230724_birch24_m3m/DRYI/tile_34437.png,3
arctic_vegetation/20230724_birch24_m3m/DRYI/tile_34438.png,3
arctic_vegetation/20230724_birch24_m3m/DRYI/tile_34439.png,3
arctic_vegetation/20230724_birch24_m3m/DRYI/tile_34440.png,3
arctic_vegetation/20230724_birch24_m3m/DRYI/tile_34441.png,3
arctic_vegetation/20230724_birch24_m3m/DRYI/tile_34442.png,3
arctic_vegetation/20230724_birch24_m3m/BIRC/tile_34536.png,2
arctic_vegetation/20230724_birch24_m3m/BIRC/tile_34537.png,2
arctic_vegetation/20230724_birch24_m3m/BIRC/tile_34539.png,2
arctic_vegetation/20230724_birch24_m3m/BIRC/tile_34540.png,2
arctic_vegetation/20230724_birch24_m3m/BIRC/tile_34541.png,2
arctic_vegetation/20230724_birch24_m3m/BIRC/tile_34542.png,2
arctic_vegetation/20230724_birch24_m3m/BIRC/tile_34543.png,2
arctic_vegetation/20230724_birch24_m3m/BIRC/tile_34544.png,2
arctic_vegetation/20230724_birch24_m3m/BIRC/tile_34545.png,2
arctic_vegetation/20230724_birch24_m3m/BIRC/tile_34546.png,2
arctic_vegetation/20230724_birch24_m3m/BIRC/tile_34547.png,2
arctic_vegetation/20230724_birch24_m3m/BIRC/tile_34548.png,2
arctic_vegetation/20230724_birch24_m3m/BIRC/tile_34549.png,2
arctic_vegetation/20230724_birch24_m3m/BIRC/tile_34550.png,2
arctic_vegetation/20230724_birch24_m3m/BIRC/tile_34551.png,2
arctic_vegetation/20230724_birch24_m3m/BIRC/tile_34552.png,2
arctic_vegetation/20230724_birch24_m3m/DRYI/tile_34554.png,3
arctic_vegetation/20230724_birch24_m3m/DRYI/tile_34555.png,3
arctic_vegetation/20230724_birch24_m3m/DRYI/tile_34556.png,3
arctic_vegetation/20230724_birch24_m3m/BIRC/tile_34557.png,2
arctic_vegetation/20230724_birch24_m3m/BIRC/tile_34558.png,2
arctic_vegetation/20230724_birch24_m3m/BIRC/tile_34559.png,2
arctic_vegetation/20230724_birch24_m3m/BIRC/tile_34560.png,2
arctic_vegetation/20230724_birch24_m3m/BIRC/tile_34561.png,2
arctic_vegetation/20230724_birch24_m3m/BIRC/tile_34562.png,2
arctic_vegetation/20230724_birch24_m3m/BIRC/tile_34563.png,2
arctic_vegetation/20230724_birch24_m3m/BIRC/tile_34564.png,2
arctic_vegetation/20230724_birch24_m3m/BIRC/tile_34565.png,2
arctic_vegetation/20230724_birch24_m3m/BIRC/tile_34566.png,2
arctic_vegetation/20230724_birch24_m3m/BIRC/tile_34567.png,2
arctic_vegetation/20230724_birch24_m3m/BIRC/tile_34568.png,2
arctic_vegetation/20230724_birch24_m3m/BIRC/tile_34569.png,2
arctic_vegetation/20230724_birch24_m3m/BIRC/tile_34570.png,2
arctic_vegetation/20230724_birch24_m3m/BIRC/tile_34571.png,2
arctic_vegetation/20230724_birch24_m3m/BIRC/tile_34572.png,2
arctic_vegetation/20230724_birch24_m3m/BIRC/tile_34573.png,2
arctic_vegetation/20230724_birch24_m3m/BIRC/tile_34574.png,2
arctic_vegetation/20230724_birch24_m3m/BIRC/tile_34575.png,2
arctic_vegetation/20230724_birch24_m3m/BIRC/tile_34576.png,2
arctic_vegetation/20230724_birch24_m3m/BIRC/tile_34577.png,2
arctic_vegetation/20230724_birch24_m3m/BIRC/tile_34578.png,2
arctic_vegetation/20230724_birch24_m3m/BIRC/tile_34579.png,2
arctic_vegetation/20230724_birch24_m3m/BIRC/tile_34580.png,2
arctic_vegetation/20230724_birch24_m3m/WILL/tile_34581.png,11
arctic_vegetation/20230724_birch24_m3m/BIRC/tile_34582.png,2
arctic_vegetation/20230724_birch24_m3m/BIRC/tile_34583.png,2
arctic_vegetation/20230724_birch24_m3m/BIRC/tile_34584.png,2
arctic_vegetation/20230724_birch24_m3m/BIRC/tile_34585.png,2
arctic_vegetation/20230724_birch24_m3m/BIRC/tile_34586.png,2
arctic_vegetation/20230724_birch24_m3m/BIRC/tile_34587.png,2
arctic_vegetation/20230724_birch24_m3m/BIRC/tile_34588.png,2
arctic_vegetation/20230724_birch24_m3m/BIRC/tile_34589.png,2
arctic_vegetation/20230724_birch24_m3m/BIRC/tile_34590.png,2
arctic_vegetation/20230724_birch24_m3m/BIRC/tile_34591.png,2
arctic_vegetation/20230724_birch24_m3m/BIRC/tile_34592.png,2
arctic_vegetation/20230724_birch24_m3m/BIRC/tile_34593.png,2
arctic_vegetation/20230724_birch24_m3m/BIRC/tile_34594.png,2
arctic_vegetation/20230724_birch24_m3m/BIRC/tile_34595.png,2
arctic_vegetation/20230724_birch24_m3m/PETF/tile_34596.png,6
arctic_vegetation/20230724_birch24_m3m/BIRC/tile_34597.png,2
arctic_vegetation/20230724_birch24_m3m/BIRC/tile_34598.png,2
arctic_vegetation/20230724_birch24_m3m/BIRC/tile_34599.png,2
arctic_vegetation/20230724_birch24_m3m/BIRC/tile_34600.png,2
arctic_vegetation/20230724_birch24_m3m/BIRC/tile_34601.png,2
arctic_vegetation/20230724_birch24_m3m/BIRC/tile_34602.png,2
arctic_vegetation/20230724_birch24_m3m/BIRC/tile_34603.png,2
arctic_vegetation/20230724_birch24_m3m/BIRC/tile_34604.png,2
arctic_vegetation/20230724_birch24_m3m/BIRC/tile_34605.png,2
arctic_vegetation/20230724_birch24_m3m/BIRC/tile_34606.png,2
arctic_vegetation/20230724_birch24_m3m/PETF/tile_34650.png,6
arctic_vegetation/20230724_birch24_m3m/DRYI/tile_34651.png,3
arctic_vegetation/20230724_birch24_m3m/DRYI/tile_34652.png,3
arctic_vegetation/20230724_birch24_m3m/DRYI/tile_34653.png,3
arctic_vegetation/20230724_birch24_m3m/DRYI/tile_34654.png,3
arctic_vegetation/20230724_birch24_m3m/DRYI/tile_34655.png,3
arctic_vegetation/20230724_birch24_m3m/DRYI/tile_34656.png,3
arctic_vegetation/20230724_birch24_m3m/BIRC/tile_34753.png,2
arctic_vegetation/20230724_birch24_m3m/BIRC/tile_34754.png,2
arctic_vegetation/20230724_birch24_m3m/BIRC/tile_34755.png,2
arctic_vegetation/20230724_birch24_m3m/BIRC/tile_34756.png,2
arctic_vegetation/20230724_birch24_m3m/BIRC/tile_34757.png,2
arctic_vegetation/20230724_birch24_m3m/BIRC/tile_34758.png,2
arctic_vegetation/20230724_birch24_m3m/BIRC/tile_34759.png,2
arctic_vegetation/20230724_birch24_m3m/BIRC/tile_34760.png,2
arctic_vegetation/20230724_birch24_m3m/BIRC/tile_34761.png,2
arctic_vegetation/20230724_birch24_m3m/BIRC/tile_34762.png,2
arctic_vegetation/20230724_birch24_m3m/BIRC/tile_34763.png,2
arctic_vegetation/20230724_birch24_m3m/BIRC/tile_34764.png,2
arctic_vegetation/20230724_birch24_m3m/BIRC/tile_34765.png,2
arctic_vegetation/20230724_birch24_m3m/BIRC/tile_34766.png,2
arctic_vegetation/20230724_birch24_m3m/BIRC/tile_34767.png,2
arctic_vegetation/20230724_birch24_m3m/BIRC/tile_34768.png,2
arctic_vegetation/20230724_birch24_m3m/BIRC/tile_34769.png,2
arctic_vegetation/20230724_birch24_m3m/BIRC/tile_34770.png,2
arctic_vegetation/20230724_birch24_m3m/BIRC/tile_34771.png,2
arctic_vegetation/20230724_birch24_m3m/BIRC/tile_34772.png,2
arctic_vegetation/20230724_birch24_m3m/BIRC/tile_34773.png,2
arctic_vegetation/20230724_birch24_m3m/BIRC/tile_34774.png,2
arctic_vegetation/20230724_birch24_m3m/BIRC/tile_34775.png,2
arctic_vegetation/20230724_birch24_m3m/BIRC/tile_34776.png,2
arctic_vegetation/20230724_birch24_m3m/BIRC/tile_34777.png,2
arctic_vegetation/20230724_birch24_m3m/BIRC/tile_34778.png,2
arctic_vegetation/20230724_birch24_m3m/BIRC/tile_34779.png,2
arctic_vegetation/20230724_birch24_m3m/BIRC/tile_34780.png,2
arctic_vegetation/20230724_birch24_m3m/BIRC/tile_34781.png,2
arctic_vegetation/20230724_birch24_m3m/BIRC/tile_34782.png,2
arctic_vegetation/20230724_birch24_m3m/BIRC/tile_34783.png,2
arctic_vegetation/20230724_birch24_m3m/BIRC/tile_34784.png,2
arctic_vegetation/20230724_birch24_m3m/BIRC/tile_34785.png,2
arctic_vegetation/20230724_birch24_m3m/BIRC/tile_34786.png,2
arctic_vegetation/20230724_birch24_m3m/BIRC/tile_34787.png,2
arctic_vegetation/20230724_birch24_m3m/BIRC/tile_34788.png,2
arctic_vegetation/20230724_birch24_m3m/BIRC/tile_34789.png,2
arctic_vegetation/20230724_birch24_m3m/BIRC/tile_34790.png,2
arctic_vegetation/20230724_birch24_m3m/BIRC/tile_34791.png,2
arctic_vegetation/20230724_birch24_m3m/BIRC/tile_34792.png,2
arctic_vegetation/20230724_birch24_m3m/BIRC/tile_34793.png,2
arctic_vegetation/20230724_birch24_m3m/BIRC/tile_34794.png,2
arctic_vegetation/20230724_birch24_m3m/BIRC/tile_34795.png,2
arctic_vegetation/20230724_birch24_m3m/BIRC/tile_34796.png,2
arctic_vegetation/20230724_birch24_m3m/BIRC/tile_34797.png,2
arctic_vegetation/20230724_birch24_m3m/BIRC/tile_34798.png,2
arctic_vegetation/20230724_birch24_m3m/BIRC/tile_34799.png,2
arctic_vegetation/20230724_birch24_m3m/BIRC/tile_34800.png,2
arctic_vegetation/20230724_birch24_m3m/BIRC/tile_34801.png,2
arctic_vegetation/20230724_birch24_m3m/BIRC/tile_34802.png,2
arctic_vegetation/20230724_birch24_m3m/BIRC/tile_34803.png,2
arctic_vegetation/20230724_birch24_m3m/BIRC/tile_34804.png,2
arctic_vegetation/20230724_birch24_m3m/BIRC/tile_34805.png,2
arctic_vegetation/20230724_birch24_m3m/BIRC/tile_34806.png,2
arctic_vegetation/20230724_birch24_m3m/BIRC/tile_34807.png,2
arctic_vegetation/20230724_birch24_m3m/BIRC/tile_34808.png,2
arctic_vegetation/20230724_birch24_m3m/BIRC/tile_34809.png,2
arctic_vegetation/20230724_birch24_m3m/BIRC/tile_34811.png,2
arctic_vegetation/20230724_birch24_m3m/BIRC/tile_34812.png,2
arctic_vegetation/20230724_birch24_m3m/BIRC/tile_34813.png,2
arctic_vegetation/20230724_birch24_m3m/BIRC/tile_34814.png,2
arctic_vegetation/20230724_birch24_m3m/BIRC/tile_34815.png,2
arctic_vegetation/20230724_birch24_m3m/BIRC/tile_34816.png,2
arctic_vegetation/20230724_birch24_m3m/BIRC/tile_34817.png,2
arctic_vegetation/20230724_birch24_m3m/BIRC/tile_34818.png,2
arctic_vegetation/20230724_birch24_m3m/BIRC/tile_34819.png,2
arctic_vegetation/20230724_birch24_m3m/BIRC/tile_34820.png,2
arctic_vegetation/20230724_birch24_m3m/DRYI/tile_34863.png,3
arctic_vegetation/20230724_birch24_m3m/DRYI/tile_34864.png,3
arctic_vegetation/20230724_birch24_m3m/DRYI/tile_34865.png,3
arctic_vegetation/20230724_birch24_m3m/DRYI/tile_34866.png,3
arctic_vegetation/20230724_birch24_m3m/LICH/tile_34867.png,4
arctic_vegetation/20230724_birch24_m3m/DRYI/tile_34868.png,3
arctic_vegetation/20230724_birch24_m3m/DRYI/tile_34869.png,3
arctic_vegetation/20230724_birch24_m3m/DRYI/tile_34870.png,3
arctic_vegetation/20230724_birch24_m3m/BIRC/tile_34967.png,2
arctic_vegetation/20230724_birch24_m3m/BIRC/tile_34968.png,2
arctic_vegetation/20230724_birch24_m3m/BIRC/tile_34969.png,2
arctic_vegetation/20230724_birch24_m3m/BIRC/tile_34970.png,2
arctic_vegetation/20230724_birch24_m3m/BIRC/tile_34971.png,2
arctic_vegetation/20230724_birch24_m3m/BIRC/tile_34972.png,2
arctic_vegetation/20230724_birch24_m3m/BIRC/tile_34973.png,2
arctic_vegetation/20230724_birch24_m3m/BIRC/tile_34974.png,2
arctic_vegetation/20230724_birch24_m3m/BIRC/tile_34975.png,2
arctic_vegetation/20230724_birch24_m3m/BIRC/tile_34976.png,2
arctic_vegetation/20230724_birch24_m3m/BIRC/tile_34977.png,2
arctic_vegetation/20230724_birch24_m3m/BIRC/tile_34978.png,2
arctic_vegetation/20230724_birch24_m3m/BIRC/tile_34979.png,2
arctic_vegetation/20230724_birch24_m3m/BIRC/tile_34980.png,2
arctic_vegetation/20230724_birch24_m3m/BIRC/tile_34981.png,2
arctic_vegetation/20230724_birch24_m3m/BIRC/tile_34982.png,2
arctic_vegetation/20230724_birch24_m3m/BIRC/tile_34983.png,2
arctic_vegetation/20230724_birch24_m3m/BIRC/tile_34984.png,2
arctic_vegetation/20230724_birch24_m3m/BIRC/tile_34985.png,2
arctic_vegetation/20230724_birch24_m3m/BIRC/tile_34986.png,2
arctic_vegetation/20230724_birch24_m3m/BIRC/tile_34987.png,2
arctic_vegetation/20230724_birch24_m3m/BIRC/tile_34988.png,2
arctic_vegetation/20230724_birch24_m3m/BIRC/tile_34989.png,2
arctic_vegetation/20230724_birch24_m3m/BIRC/tile_34990.png,2
arctic_vegetation/20230724_birch24_m3m/BIRC/tile_34991.png,2
arctic_vegetation/20230724_birch24_m3m/BIRC/tile_34992.png,2
arctic_vegetation/20230724_birch24_m3m/BIRC/tile_34993.png,2
arctic_vegetation/20230724_birch24_m3m/BIRC/tile_34994.png,2
arctic_vegetation/20230724_birch24_m3m/BIRC/tile_34995.png,2
arctic_vegetation/20230724_birch24_m3m/BIRC/tile_34996.png,2
arctic_vegetation/20230724_birch24_m3m/BIRC/tile_34997.png,2
arctic_vegetation/20230724_birch24_m3m/BIRC/tile_34998.png,2
arctic_vegetation/20230724_birch24_m3m/BIRC/tile_34999.png,2
arctic_vegetation/20230724_birch24_m3m/BIRC/tile_35000.png,2
arctic_vegetation/20230724_birch24_m3m/BIRC/tile_35001.png,2
arctic_vegetation/20230724_birch24_m3m/BIRC/tile_35002.png,2
arctic_vegetation/20230724_birch24_m3m/BIRC/tile_35003.png,2
arctic_vegetation/20230724_birch24_m3m/BIRC/tile_35004.png,2
arctic_vegetation/20230724_birch24_m3m/BIRC/tile_35005.png,2
arctic_vegetation/20230724_birch24_m3m/BIRC/tile_35006.png,2
arctic_vegetation/20230724_birch24_m3m/BIRC/tile_35007.png,2
arctic_vegetation/20230724_birch24_m3m/BIRC/tile_35008.png,2
arctic_vegetation/20230724_birch24_m3m/BIRC/tile_35009.png,2
arctic_vegetation/20230724_birch24_m3m/BIRC/tile_35010.png,2
arctic_vegetation/20230724_birch24_m3m/BIRC/tile_35011.png,2
arctic_vegetation/20230724_birch24_m3m/BIRC/tile_35012.png,2
arctic_vegetation/20230724_birch24_m3m/BIRC/tile_35013.png,2
arctic_vegetation/20230724_birch24_m3m/BIRC/tile_35014.png,2
arctic_vegetation/20230724_birch24_m3m/BIRC/tile_35015.png,2
arctic_vegetation/20230724_birch24_m3m/BIRC/tile_35016.png,2
arctic_vegetation/20230724_birch24_m3m/BIRC/tile_35017.png,2
arctic_vegetation/20230724_birch24_m3m/BIRC/tile_35018.png,2
arctic_vegetation/20230724_birch24_m3m/BIRC/tile_35019.png,2
arctic_vegetation/20230724_birch24_m3m/BIRC/tile_35020.png,2
arctic_vegetation/20230724_birch24_m3m/BIRC/tile_35021.png,2
arctic_vegetation/20230724_birch24_m3m/BIRC/tile_35022.png,2
arctic_vegetation/20230724_birch24_m3m/BIRC/tile_35023.png,2
arctic_vegetation/20230724_birch24_m3m/BIRC/tile_35026.png,2
arctic_vegetation/20230724_birch24_m3m/BIRC/tile_35027.png,2
arctic_vegetation/20230724_birch24_m3m/BIRC/tile_35028.png,2
arctic_vegetation/20230724_birch24_m3m/BIRC/tile_35029.png,2
arctic_vegetation/20230724_birch24_m3m/BIRC/tile_35030.png,2
arctic_vegetation/20230724_birch24_m3m/BIRC/tile_35031.png,2
arctic_vegetation/20230724_birch24_m3m/BIRC/tile_35032.png,2
arctic_vegetation/20230724_birch24_m3m/BIRC/tile_35033.png,2
arctic_vegetation/20230724_birch24_m3m/BIRC/tile_35034.png,2
arctic_vegetation/20230724_birch24_m3m/DRYI/tile_35077.png,3
arctic_vegetation/20230724_birch24_m3m/DRYI/tile_35078.png,3
arctic_vegetation/20230724_birch24_m3m/DRYI/tile_35079.png,3
arctic_vegetation/20230724_birch24_m3m/DRYI/tile_35080.png,3
arctic_vegetation/20230724_birch24_m3m/DRYI/tile_35081.png,3
arctic_vegetation/20230724_birch24_m3m/DRYI/tile_35082.png,3
arctic_vegetation/20230724_birch24_m3m/DRYI/tile_35083.png,3
arctic_vegetation/20230724_birch24_m3m/BIRC/tile_35182.png,2
arctic_vegetation/20230724_birch24_m3m/BIRC/tile_35183.png,2
arctic_vegetation/20230724_birch24_m3m/BIRC/tile_35184.png,2
arctic_vegetation/20230724_birch24_m3m/BIRC/tile_35185.png,2
arctic_vegetation/20230724_birch24_m3m/BIRC/tile_35186.png,2
arctic_vegetation/20230724_birch24_m3m/BIRC/tile_35187.png,2
arctic_vegetation/20230724_birch24_m3m/BIRC/tile_35188.png,2
arctic_vegetation/20230724_birch24_m3m/BIRC/tile_35189.png,2
arctic_vegetation/20230724_birch24_m3m/BIRC/tile_35190.png,2
arctic_vegetation/20230724_birch24_m3m/BIRC/tile_35191.png,2
arctic_vegetation/20230724_birch24_m3m/BIRC/tile_35192.png,2
arctic_vegetation/20230724_birch24_m3m/BIRC/tile_35193.png,2
arctic_vegetation/20230724_birch24_m3m/BIRC/tile_35194.png,2
arctic_vegetation/20230724_birch24_m3m/BIRC/tile_35195.png,2
arctic_vegetation/20230724_birch24_m3m/BIRC/tile_35196.png,2
arctic_vegetation/20230724_birch24_m3m/BIRC/tile_35197.png,2
arctic_vegetation/20230724_birch24_m3m/BIRC/tile_35198.png,2
arctic_vegetation/20230724_birch24_m3m/BIRC/tile_35199.png,2
arctic_vegetation/20230724_birch24_m3m/BIRC/tile_35200.png,2
arctic_vegetation/20230724_birch24_m3m/BIRC/tile_35201.png,2
arctic_vegetation/20230724_birch24_m3m/BIRC/tile_35202.png,2
arctic_vegetation/20230724_birch24_m3m/BIRC/tile_35203.png,2
arctic_vegetation/20230724_birch24_m3m/BIRC/tile_35204.png,2
arctic_vegetation/20230724_birch24_m3m/BIRC/tile_35205.png,2
arctic_vegetation/20230724_birch24_m3m/BIRC/tile_35206.png,2
arctic_vegetation/20230724_birch24_m3m/BIRC/tile_35207.png,2
arctic_vegetation/20230724_birch24_m3m/BIRC/tile_35208.png,2
arctic_vegetation/20230724_birch24_m3m/BIRC/tile_35209.png,2
arctic_vegetation/20230724_birch24_m3m/BIRC/tile_35210.png,2
arctic_vegetation/20230724_birch24_m3m/BIRC/tile_35211.png,2
arctic_vegetation/20230724_birch24_m3m/BIRC/tile_35212.png,2
arctic_vegetation/20230724_birch24_m3m/BIRC/tile_35213.png,2
arctic_vegetation/20230724_birch24_m3m/BIRC/tile_35214.png,2
arctic_vegetation/20230724_birch24_m3m/BIRC/tile_35215.png,2
arctic_vegetation/20230724_birch24_m3m/BIRC/tile_35216.png,2
arctic_vegetation/20230724_birch24_m3m/BIRC/tile_35217.png,2
arctic_vegetation/20230724_birch24_m3m/BIRC/tile_35218.png,2
arctic_vegetation/20230724_birch24_m3m/BIRC/tile_35219.png,2
arctic_vegetation/20230724_birch24_m3m/BIRC/tile_35220.png,2
arctic_vegetation/20230724_birch24_m3m/BIRC/tile_35221.png,2
arctic_vegetation/20230724_birch24_m3m/BIRC/tile_35222.png,2
arctic_vegetation/20230724_birch24_m3m/BIRC/tile_35223.png,2
arctic_vegetation/20230724_birch24_m3m/BIRC/tile_35224.png,2
arctic_vegetation/20230724_birch24_m3m/BIRC/tile_35225.png,2
arctic_vegetation/20230724_birch24_m3m/BIRC/tile_35226.png,2
arctic_vegetation/20230724_birch24_m3m/BIRC/tile_35227.png,2
arctic_vegetation/20230724_birch24_m3m/BIRC/tile_35228.png,2
arctic_vegetation/20230724_birch24_m3m/BIRC/tile_35229.png,2
arctic_vegetation/20230724_birch24_m3m/BIRC/tile_35230.png,2
arctic_vegetation/20230724_birch24_m3m/BIRC/tile_35231.png,2
arctic_vegetation/20230724_birch24_m3m/BIRC/tile_35232.png,2
arctic_vegetation/20230724_birch24_m3m/BIRC/tile_35233.png,2
arctic_vegetation/20230724_birch24_m3m/BIRC/tile_35234.png,2
arctic_vegetation/20230724_birch24_m3m/BIRC/tile_35235.png,2
arctic_vegetation/20230724_birch24_m3m/BIRC/tile_35236.png,2
arctic_vegetation/20230724_birch24_m3m/BIRC/tile_35237.png,2
arctic_vegetation/20230724_birch24_m3m/BIRC/tile_35240.png,2
arctic_vegetation/20230724_birch24_m3m/BIRC/tile_35241.png,2
arctic_vegetation/20230724_birch24_m3m/BIRC/tile_35242.png,2
arctic_vegetation/20230724_birch24_m3m/BIRC/tile_35243.png,2
arctic_vegetation/20230724_birch24_m3m/BIRC/tile_35244.png,2
arctic_vegetation/20230724_birch24_m3m/BIRC/tile_35245.png,2
arctic_vegetation/20230724_birch24_m3m/BIRC/tile_35246.png,2
arctic_vegetation/20230724_birch24_m3m/BIRC/tile_35247.png,2
arctic_vegetation/20230724_birch24_m3m/BIRC/tile_35248.png,2
arctic_vegetation/20230724_birch24_m3m/BIRC/tile_35291.png,2
arctic_vegetation/20230724_birch24_m3m/BIRC/tile_35292.png,2
arctic_vegetation/20230724_birch24_m3m/DRYI/tile_35293.png,3
arctic_vegetation/20230724_birch24_m3m/DRYI/tile_35294.png,3
arctic_vegetation/20230724_birch24_m3m/DRYI/tile_35295.png,3
arctic_vegetation/20230724_birch24_m3m/DRYI/tile_35296.png,3
arctic_vegetation/20230724_sedge_mosstundra16_m3m/RUBC/tile_07477.png,8
arctic_vegetation/20230724_sedge_mosstundra16_m3m/RUBC/tile_07478.png,8
arctic_vegetation/20230724_sedge_mosstundra16_m3m/PETF/tile_07673.png,6
arctic_vegetation/20230724_sedge_mosstundra16_m3m/PETF/tile_07674.png,6
arctic_vegetation/20230724_sedge_mosstundra16_m3m/RUBC/tile_07680.png,8
arctic_vegetation/20230724_sedge_mosstundra16_m3m/RUBC/tile_07681.png,8
arctic_vegetation/20230724_sedge_mosstundra16_m3m/PETF/tile_07686.png,6
arctic_vegetation/20230724_sedge_mosstundra16_m3m/PETF/tile_07687.png,6
arctic_vegetation/20230724_sedge_mosstundra16_m3m/LICH/tile_07875.png,4
arctic_vegetation/20230724_sedge_mosstundra16_m3m/LICH/tile_07876.png,4
arctic_vegetation/20230724_sedge_mosstundra16_m3m/LICH/tile_07877.png,4
arctic_vegetation/20230724_sedge_mosstundra16_m3m/MOSS/tile_07878.png,5
arctic_vegetation/20230724_sedge_mosstundra16_m3m/PETF/tile_07880.png,6
arctic_vegetation/20230724_sedge_mosstundra16_m3m/PETF/tile_07881.png,6
arctic_vegetation/20230724_sedge_mosstundra16_m3m/PETF/tile_07882.png,6
arctic_vegetation/20230724_sedge_mosstundra16_m3m/RUBC/tile_07883.png,8
arctic_vegetation/20230724_sedge_mosstundra16_m3m/RUBC/tile_07884.png,8
arctic_vegetation/20230724_sedge_mosstundra16_m3m/MOSS/tile_07885.png,5
arctic_vegetation/20230724_sedge_mosstundra16_m3m/MOSS/tile_07886.png,5
arctic_vegetation/20230724_sedge_mosstundra16_m3m/MOSS/tile_07887.png,5
arctic_vegetation/20230724_sedge_mosstundra16_m3m/PETF/tile_07889.png,6
arctic_vegetation/20230724_sedge_mosstundra16_m3m/PETF/tile_07890.png,6
arctic_vegetation/20230724_sedge_mosstundra16_m3m/PETF/tile_07891.png,6
arctic_vegetation/20230724_sedge_mosstundra16_m3m/PETF/tile_07892.png,6
arctic_vegetation/20230724_sedge_mosstundra16_m3m/LICH/tile_08077.png,4
arctic_vegetation/20230724_sedge_mosstundra16_m3m/LICH/tile_08078.png,4
arctic_vegetation/20230724_sedge_mosstundra16_m3m/LICH/tile_08079.png,4
arctic_vegetation/20230724_sedge_mosstundra16_m3m/LICH/tile_08080.png,4
arctic_vegetation/20230724_sedge_mosstundra16_m3m/MOSS/tile_08081.png,5
arctic_vegetation/20230724_sedge_mosstundra16_m3m/MOSS/tile_08082.png,5
arctic_vegetation/20230724_sedge_mosstundra16_m3m/MOSS/tile_08083.png,5
arctic_vegetation/20230724_sedge_mosstundra16_m3m/PETF/tile_08084.png,6
arctic_vegetation/20230724_sedge_mosstundra16_m3m/PETF/tile_08085.png,6
arctic_vegetation/20230724_sedge_mosstundra16_m3m/MOSS/tile_08088.png,5
arctic_vegetation/20230724_sedge_mosstundra16_m3m/MOSS/tile_08089.png,5
arctic_vegetation/20230724_sedge_mosstundra16_m3m/MOSS/tile_08090.png,5
arctic_vegetation/20230724_sedge_mosstundra16_m3m/LICH/tile_08091.png,4
arctic_vegetation/20230724_sedge_mosstundra16_m3m/MOSS/tile_08092.png,5
arctic_vegetation/20230724_sedge_mosstundra16_m3m/MOSS/tile_08093.png,5
arctic_vegetation/20230724_sedge_mosstundra16_m3m/MOSS/tile_08094.png,5
arctic_vegetation/20230724_sedge_mosstundra16_m3m/PETF/tile_08095.png,6
arctic_vegetation/20230724_sedge_mosstundra16_m3m/PETF/tile_08096.png,6
arctic_vegetation/20230724_sedge_mosstundra16_m3m/LICH/tile_08280.png,4
arctic_vegetation/20230724_sedge_mosstundra16_m3m/LICH/tile_08281.png,4
arctic_vegetation/20230724_sedge_mosstundra16_m3m/LICH/tile_08282.png,4
arctic_vegetation/20230724_sedge_mosstundra16_m3m/LICH/tile_08283.png,4
arctic_vegetation/20230724_sedge_mosstundra16_m3m/MOSS/tile_08284.png,5
arctic_vegetation/20230724_sedge_mosstundra16_m3m/MOSS/tile_08285.png,5
arctic_vegetation/20230724_sedge_mosstundra16_m3m/PETF/tile_08286.png,6
arctic_vegetation/20230724_sedge_mosstundra16_m3m/PETF/tile_08287.png,6
arctic_vegetation/20230724_sedge_mosstundra16_m3m/PETF/tile_08288.png,6
arctic_vegetation/20230724_sedge_mosstundra16_m3m/PETF/tile_08290.png,6
arctic_vegetation/20230724_sedge_mosstundra16_m3m/PETF/tile_08291.png,6
arctic_vegetation/20230724_sedge_mosstundra16_m3m/MOSS/tile_08292.png,5
arctic_vegetation/20230724_sedge_mosstundra16_m3m/MOSS/tile_08293.png,5
arctic_vegetation/20230724_sedge_mosstundra16_m3m/PETF/tile_08294.png,6
arctic_vegetation/20230724_sedge_mosstundra16_m3m/MOSS/tile_08295.png,5
arctic_vegetation/20230724_sedge_mosstundra16_m3m/MOSS/tile_08296.png,5
arctic_vegetation/20230724_sedge_mosstundra16_m3m/MOSS/tile_08297.png,5
arctic_vegetation/20230724_sedge_mosstundra16_m3m/PETF/tile_08298.png,6
arctic_vegetation/20230724_sedge_mosstundra16_m3m/PETF/tile_08299.png,6
arctic_vegetation/20230724_sedge_mosstundra16_m3m/SEDG/tile_08305.png,9
arctic_vegetation/20230724_sedge_mosstundra16_m3m/SEDG/tile_08306.png,9
arctic_vegetation/20230724_sedge_mosstundra16_m3m/SEDG/tile_08307.png,9
arctic_vegetation/20230724_sedge_mosstundra16_m3m/SEDG/tile_08308.png,9
arctic_vegetation/20230724_sedge_mosstundra16_m3m/MOSS/tile_08321.png,5
arctic_vegetation/20230724_sedge_mosstundra16_m3m/MOSS/tile_08322.png,5
arctic_vegetation/20230724_sedge_mosstundra16_m3m/MOSS/tile_08326.png,5
arctic_vegetation/20230724_sedge_mosstundra16_m3m/MOSS/tile_08327.png,5
arctic_vegetation/20230724_sedge_mosstundra16_m3m/LICH/tile_08483.png,4
arctic_vegetation/20230724_sedge_mosstundra16_m3m/LICH/tile_08484.png,4
arctic_vegetation/20230724_sedge_mosstundra16_m3m/LICH/tile_08485.png,4
arctic_vegetation/20230724_sedge_mosstundra16_m3m/LICH/tile_08486.png,4
arctic_vegetation/20230724_sedge_mosstundra16_m3m/MOSS/tile_08487.png,5
arctic_vegetation/20230724_sedge_mosstundra16_m3m/MOSS/tile_08488.png,5
arctic_vegetation/20230724_sedge_mosstundra16_m3m/PETF/tile_08489.png,6
arctic_vegetation/20230724_sedge_mosstundra16_m3m/PETF/tile_08490.png,6
arctic_vegetation/20230724_sedge_mosstundra16_m3m/PETF/tile_08491.png,6
arctic_vegetation/20230724_sedge_mosstundra16_m3m/PETF/tile_08493.png,6
arctic_vegetation/20230724_sedge_mosstundra16_m3m/PETF/tile_08494.png,6
arctic_vegetation/20230724_sedge_mosstundra16_m3m/LICH/tile_08495.png,4
arctic_vegetation/20230724_sedge_mosstundra16_m3m/LICH/tile_08496.png,4
arctic_vegetation/20230724_sedge_mosstundra16_m3m/PETF/tile_08497.png,6
arctic_vegetation/20230724_sedge_mosstundra16_m3m/MOSS/tile_08498.png,5
arctic_vegetation/20230724_sedge_mosstundra16_m3m/MOSS/tile_08499.png,5
arctic_vegetation/20230724_sedge_mosstundra16_m3m/MOSS/tile_08500.png,5
arctic_vegetation/20230724_sedge_mosstundra16_m3m/SEDG/tile_08508.png,9
arctic_vegetation/20230724_sedge_mosstundra16_m3m/SEDG/tile_08509.png,9
arctic_vegetation/20230724_sedge_mosstundra16_m3m/SEDG/tile_08510.png,9
arctic_vegetation/20230724_sedge_mosstundra16_m3m/SEDG/tile_08511.png,9
arctic_vegetation/20230724_sedge_mosstundra16_m3m/MOSS/tile_08524.png,5
arctic_vegetation/20230724_sedge_mosstundra16_m3m/MOSS/tile_08525.png,5
arctic_vegetation/20230724_sedge_mosstundra16_m3m/MOSS/tile_08526.png,5
arctic_vegetation/20230724_sedge_mosstundra16_m3m/MOSS/tile_08527.png,5
arctic_vegetation/20230724_sedge_mosstundra16_m3m/MOSS/tile_08529.png,5
arctic_vegetation/20230724_sedge_mosstundra16_m3m/MOSS/tile_08530.png,5
arctic_vegetation/20230724_sedge_mosstundra16_m3m/MOSS/tile_08531.png,5
arctic_vegetation/20230724_sedge_mosstundra16_m3m/ARCA/tile_08686.png,1
arctic_vegetation/20230724_sedge_mosstundra16_m3m/ARCA/tile_08687.png,1
arctic_vegetation/20230724_sedge_mosstundra16_m3m/ARCA/tile_08688.png,1
arctic_vegetation/20230724_sedge_mosstundra16_m3m/ARCA/tile_08689.png,1
arctic_vegetation/20230724_sedge_mosstundra16_m3m/ARCA/tile_08690.png,1
arctic_vegetation/20230724_sedge_mosstundra16_m3m/MOSS/tile_08691.png,5
arctic_vegetation/20230724_sedge_mosstundra16_m3m/PETF/tile_08692.png,6
arctic_vegetation/20230724_sedge_mosstundra16_m3m/PETF/tile_08693.png,6
arctic_vegetation/20230724_sedge_mosstundra16_m3m/PETF/tile_08694.png,6
arctic_vegetation/20230724_sedge_mosstundra16_m3m/PETF/tile_08695.png,6
arctic_vegetation/20230724_sedge_mosstundra16_m3m/PETF/tile_08696.png,6
arctic_vegetation/20230724_sedge_mosstundra16_m3m/PETF/tile_08697.png,6
arctic_vegetation/20230724_sedge_mosstundra16_m3m/PETF/tile_08698.png,6
arctic_vegetation/20230724_sedge_mosstundra16_m3m/PETF/tile_08699.png,6
arctic_vegetation/20230724_sedge_mosstundra16_m3m/PETF/tile_08700.png,6
arctic_vegetation/20230724_sedge_mosstundra16_m3m/MOSS/tile_08701.png,5
arctic_vegetation/20230724_sedge_mosstundra16_m3m/MOSS/tile_08702.png,5
arctic_vegetation/20230724_sedge_mosstundra16_m3m/MOSS/tile_08703.png,5
arctic_vegetation/20230724_sedge_mosstundra16_m3m/SEDG/tile_08711.png,9
arctic_vegetation/20230724_sedge_mosstundra16_m3m/SEDG/tile_08712.png,9
arctic_vegetation/20230724_sedge_mosstundra16_m3m/SEDG/tile_08713.png,9
arctic_vegetation/20230724_sedge_mosstundra16_m3m/SEDG/tile_08714.png,9
arctic_vegetation/20230724_sedge_mosstundra16_m3m/MOSS/tile_08727.png,5
arctic_vegetation/20230724_sedge_mosstundra16_m3m/MOSS/tile_08728.png,5
arctic_vegetation/20230724_sedge_mosstundra16_m3m/MOSS/tile_08729.png,5
arctic_vegetation/20230724_sedge_mosstundra16_m3m/MOSS/tile_08730.png,5
arctic_vegetation/20230724_sedge_mosstundra16_m3m/MOSS/tile_08732.png,5
arctic_vegetation/20230724_sedge_mosstundra16_m3m/MOSS/tile_08733.png,5
arctic_vegetation/20230724_sedge_mosstundra16_m3m/MOSS/tile_08734.png,5
arctic_vegetation/20230724_sedge_mosstundra16_m3m/MOSS/tile_08735.png,5
arctic_vegetation/20230724_sedge_mosstundra16_m3m/MOSS/tile_08736.png,5
arctic_vegetation/20230724_sedge_mosstundra16_m3m/ARCA/tile_08889.png,1
arctic_vegetation/20230724_sedge_mosstundra16_m3m/ARCA/tile_08890.png,1
arctic_vegetation/20230724_sedge_mosstundra16_m3m/ARCA/tile_08891.png,1
arctic_vegetation/20230724_sedge_mosstundra16_m3m/ARCA/tile_08892.png,1
arctic_vegetation/20230724_sedge_mosstundra16_m3m/ARCA/tile_08893.png,1
arctic_vegetation/20230724_sedge_mosstundra16_m3m/MOSS/tile_08894.png,5
arctic_vegetation/20230724_sedge_mosstundra16_m3m/PETF/tile_08895.png,6
arctic_vegetation/20230724_sedge_mosstundra16_m3m/PETF/tile_08896.png,6
arctic_vegetation/20230724_sedge_mosstundra16_m3m/PETF/tile_08897.png,6
arctic_vegetation/20230724_sedge_mosstundra16_m3m/PETF/tile_08898.png,6
arctic_vegetation/20230724_sedge_mosstundra16_m3m/PETF/tile_08899.png,6
arctic_vegetation/20230724_sedge_mosstundra16_m3m/PETF/tile_08900.png,6
arctic_vegetation/20230724_sedge_mosstundra16_m3m/PETF/tile_08901.png,6
arctic_vegetation/20230724_sedge_mosstundra16_m3m/PETF/tile_08902.png,6
arctic_vegetation/20230724_sedge_mosstundra16_m3m/SEDG/tile_08914.png,9
arctic_vegetation/20230724_sedge_mosstundra16_m3m/SEDG/tile_08915.png,9
arctic_vegetation/20230724_sedge_mosstundra16_m3m/SEDG/tile_08916.png,9
arctic_vegetation/20230724_sedge_mosstundra16_m3m/SEDG/tile_08917.png,9
arctic_vegetation/20230724_sedge_mosstundra16_m3m/MOSS/tile_08929.png,5
arctic_vegetation/20230724_sedge_mosstundra16_m3m/MOSS/tile_08930.png,5
arctic_vegetation/20230724_sedge_mosstundra16_m3m/MOSS/tile_08931.png,5
arctic_vegetation/20230724_sedge_mosstundra16_m3m/MOSS/tile_08932.png,5
arctic_vegetation/20230724_sedge_mosstundra16_m3m/MOSS/tile_08933.png,5
arctic_vegetation/20230724_sedge_mosstundra16_m3m/MOSS/tile_08935.png,5
arctic_vegetation/20230724_sedge_mosstundra16_m3m/MOSS/tile_08936.png,5
arctic_vegetation/20230724_sedge_mosstundra16_m3m/MOSS/tile_08938.png,5
arctic_vegetation/20230724_sedge_mosstundra16_m3m/MOSS/tile_08939.png,5
arctic_vegetation/20230724_sedge_mosstundra16_m3m/ARCA/tile_09092.png,1
arctic_vegetation/20230724_sedge_mosstundra16_m3m/ARCA/tile_09093.png,1
arctic_vegetation/20230724_sedge_mosstundra16_m3m/ARCA/tile_09094.png,1
arctic_vegetation/20230724_sedge_mosstundra16_m3m/ARCA/tile_09095.png,1
arctic_vegetation/20230724_sedge_mosstundra16_m3m/ARCA/tile_09096.png,1
arctic_vegetation/20230724_sedge_mosstundra16_m3m/PETF/tile_09099.png,6
arctic_vegetation/20230724_sedge_mosstundra16_m3m/PETF/tile_09100.png,6
arctic_vegetation/20230724_sedge_mosstundra16_m3m/PETF/tile_09101.png,6
arctic_vegetation/20230724_sedge_mosstundra16_m3m/PETF/tile_09102.png,6
arctic_vegetation/20230724_sedge_mosstundra16_m3m/PETF/tile_09103.png,6
arctic_vegetation/20230724_sedge_mosstundra16_m3m/BIRC/tile_09109.png,2
arctic_vegetation/20230724_sedge_mosstundra16_m3m/BIRC/tile_09110.png,2
arctic_vegetation/20230724_sedge_mosstundra16_m3m/BIRC/tile_09111.png,2
arctic_vegetation/20230724_sedge_mosstundra16_m3m/BIRC/tile_09112.png,2
arctic_vegetation/20230724_sedge_mosstundra16_m3m/BIRC/tile_09113.png,2
arctic_vegetation/20230724_sedge_mosstundra16_m3m/SEDG/tile_09117.png,9
arctic_vegetation/20230724_sedge_mosstundra16_m3m/SEDG/tile_09118.png,9
arctic_vegetation/20230724_sedge_mosstundra16_m3m/SEDG/tile_09119.png,9
arctic_vegetation/20230724_sedge_mosstundra16_m3m/SEDG/tile_09120.png,9
arctic_vegetation/20230724_sedge_mosstundra16_m3m/MOSS/tile_09132.png,5
arctic_vegetation/20230724_sedge_mosstundra16_m3m/MOSS/tile_09133.png,5
arctic_vegetation/20230724_sedge_mosstundra16_m3m/MOSS/tile_09134.png,5
arctic_vegetation/20230724_sedge_mosstundra16_m3m/BIRC/tile_09135.png,2
arctic_vegetation/20230724_sedge_mosstundra16_m3m/BIRC/tile_09136.png,2
arctic_vegetation/20230724_sedge_mosstundra16_m3m/BIRC/tile_09137.png,2
arctic_vegetation/20230724_sedge_mosstundra16_m3m/BIRC/tile_09138.png,2
arctic_vegetation/20230724_sedge_mosstundra16_m3m/MOSS/tile_09141.png,5
arctic_vegetation/20230724_sedge_mosstundra16_m3m/MOSS/tile_09142.png,5
arctic_vegetation/20230724_sedge_mosstundra16_m3m/SEDG/tile_09307.png,9
arctic_vegetation/20230724_sedge_mosstundra16_m3m/SEDG/tile_09308.png,9
arctic_vegetation/20230724_sedge_mosstundra16_m3m/SEDG/tile_09309.png,9
arctic_vegetation/20230724_sedge_mosstundra16_m3m/PETF/tile_09310.png,6
arctic_vegetation/20230724_sedge_mosstundra16_m3m/PETF/tile_09311.png,6
arctic_vegetation/20230724_sedge_mosstundra16_m3m/BIRC/tile_09312.png,2
arctic_vegetation/20230724_sedge_mosstundra16_m3m/BIRC/tile_09313.png,2
arctic_vegetation/20230724_sedge_mosstundra16_m3m/BIRC/tile_09314.png,2
arctic_vegetation/20230724_sedge_mosstundra16_m3m/BIRC/tile_09315.png,2
arctic_vegetation/20230724_sedge_mosstundra16_m3m/BIRC/tile_09316.png,2
arctic_vegetation/20230724_sedge_mosstundra16_m3m/SEDG/tile_09320.png,9
arctic_vegetation/20230724_sedge_mosstundra16_m3m/SEDG/tile_09321.png,9
arctic_vegetation/20230724_sedge_mosstundra16_m3m/SEDG/tile_09322.png,9
arctic_vegetation/20230724_sedge_mosstundra16_m3m/SEDG/tile_09323.png,9
arctic_vegetation/20230724_sedge_mosstundra16_m3m/MOSS/tile_09335.png,5
arctic_vegetation/20230724_sedge_mosstundra16_m3m/MOSS/tile_09336.png,5
arctic_vegetation/20230724_sedge_mosstundra16_m3m/MOSS/tile_09337.png,5
arctic_vegetation/20230724_sedge_mosstundra16_m3m/BIRC/tile_09338.png,2
arctic_vegetation/20230724_sedge_mosstundra16_m3m/BIRC/tile_09339.png,2
arctic_vegetation/20230724_sedge_mosstundra16_m3m/BIRC/tile_09340.png,2
arctic_vegetation/20230724_sedge_mosstundra16_m3m/BIRC/tile_09341.png,2
arctic_vegetation/20230724_sedge_mosstundra16_m3m/BIRC/tile_09342.png,2
arctic_vegetation/20230724_sedge_mosstundra16_m3m/SEDG/tile_09510.png,9
arctic_vegetation/20230724_sedge_mosstundra16_m3m/SEDG/tile_09511.png,9
arctic_vegetation/20230724_sedge_mosstundra16_m3m/SEDG/tile_09512.png,9
arctic_vegetation/20230724_sedge_mosstundra16_m3m/SEDG/tile_09513.png,9
arctic_vegetation/20230724_sedge_mosstundra16_m3m/SEDG/tile_09514.png,9
arctic_vegetation/20230724_sedge_mosstundra16_m3m/BIRC/tile_09515.png,2
arctic_vegetation/20230724_sedge_mosstundra16_m3m/BIRC/tile_09516.png,2
arctic_vegetation/20230724_sedge_mosstundra16_m3m/BIRC/tile_09517.png,2
arctic_vegetation/20230724_sedge_mosstundra16_m3m/BIRC/tile_09518.png,2
arctic_vegetation/20230724_sedge_mosstundra16_m3m/BIRC/tile_09519.png,2
arctic_vegetation/20230724_sedge_mosstundra16_m3m/MOSS/tile_09536.png,5
arctic_vegetation/20230724_sedge_mosstundra16_m3m/MOSS/tile_09537.png,5
arctic_vegetation/20230724_sedge_mosstundra16_m3m/MOSS/tile_09538.png,5
arctic_vegetation/20230724_sedge_mosstundra16_m3m/SEDG/tile_09539.png,9
arctic_vegetation/20230724_sedge_mosstundra16_m3m/SEDG/tile_09540.png,9
arctic_vegetation/20230724_sedge_mosstundra16_m3m/SEDG/tile_09541.png,9
arctic_vegetation/20230724_sedge_mosstundra16_m3m/SEDG/tile_09542.png,9
arctic_vegetation/20230724_sedge_mosstundra16_m3m/SEDG/tile_09543.png,9
arctic_vegetation/20230724_sedge_mosstundra16_m3m/SEDG/tile_09544.png,9
arctic_vegetation/20230724_sedge_mosstundra16_m3m/BIRC/tile_09545.png,2
arctic_vegetation/20230724_sedge_mosstundra16_m3m/MOSS/tile_09546.png,5
arctic_vegetation/20230724_sedge_mosstundra16_m3m/MOSS/tile_09547.png,5
arctic_vegetation/20230724_sedge_mosstundra16_m3m/SEDG/tile_09714.png,9
arctic_vegetation/20230724_sedge_mosstundra16_m3m/SEDG/tile_09715.png,9
arctic_vegetation/20230724_sedge_mosstundra16_m3m/BIRC/tile_09716.png,2
arctic_vegetation/20230724_sedge_mosstundra16_m3m/BIRC/tile_09717.png,2
arctic_vegetation/20230724_sedge_mosstundra16_m3m/BIRC/tile_09718.png,2
arctic_vegetation/20230724_sedge_mosstundra16_m3m/BIRC/tile_09719.png,2
arctic_vegetation/20230724_sedge_mosstundra16_m3m/BIRC/tile_09720.png,2
arctic_vegetation/20230724_sedge_mosstundra16_m3m/BIRC/tile_09721.png,2
arctic_vegetation/20230724_sedge_mosstundra16_m3m/BIRC/tile_09722.png,2
arctic_vegetation/20230724_sedge_mosstundra16_m3m/MOSS/tile_09739.png,5
arctic_vegetation/20230724_sedge_mosstundra16_m3m/MOSS/tile_09740.png,5
arctic_vegetation/20230724_sedge_mosstundra16_m3m/MOSS/tile_09741.png,5
arctic_vegetation/20230724_sedge_mosstundra16_m3m/SEDG/tile_09742.png,9
arctic_vegetation/20230724_sedge_mosstundra16_m3m/SEDG/tile_09743.png,9
arctic_vegetation/20230724_sedge_mosstundra16_m3m/SEDG/tile_09744.png,9
arctic_vegetation/20230724_sedge_mosstundra16_m3m/SEDG/tile_09745.png,9
arctic_vegetation/20230724_sedge_mosstundra16_m3m/SEDG/tile_09746.png,9
arctic_vegetation/20230724_sedge_mosstundra16_m3m/SEDG/tile_09747.png,9
arctic_vegetation/20230724_sedge_mosstundra16_m3m/MOSS/tile_09748.png,5
arctic_vegetation/20230724_sedge_mosstundra16_m3m/MOSS/tile_09749.png,5
arctic_vegetation/20230724_sedge_mosstundra16_m3m/MOSS/tile_09750.png,5
arctic_vegetation/20230724_sedge_mosstundra16_m3m/RUBC/tile_09918.png,8
arctic_vegetation/20230724_sedge_mosstundra16_m3m/BIRC/tile_09919.png,2
arctic_vegetation/20230724_sedge_mosstundra16_m3m/BIRC/tile_09920.png,2
arctic_vegetation/20230724_sedge_mosstundra16_m3m/BIRC/tile_09921.png,2
arctic_vegetation/20230724_sedge_mosstundra16_m3m/BIRC/tile_09922.png,2
arctic_vegetation/20230724_sedge_mosstundra16_m3m/BIRC/tile_09923.png,2
arctic_vegetation/20230724_sedge_mosstundra16_m3m/BIRC/tile_09924.png,2
arctic_vegetation/20230724_sedge_mosstundra16_m3m/BIRC/tile_09925.png,2
arctic_vegetation/20230724_sedge_mosstundra16_m3m/SEDG/tile_09947.png,9
arctic_vegetation/20230724_sedge_mosstundra16_m3m/SEDG/tile_09948.png,9
arctic_vegetation/20230724_sedge_mosstundra16_m3m/SEDG/tile_09949.png,9
arctic_vegetation/20230724_sedge_mosstundra16_m3m/MOSS/tile_09950.png,5
arctic_vegetation/20230724_sedge_mosstundra16_m3m/MOSS/tile_09951.png,5
arctic_vegetation/20230724_sedge_mosstundra16_m3m/MOSS/tile_09952.png,5
arctic_vegetation/20230724_sedge_mosstundra16_m3m/BIRC/tile_10122.png,2
arctic_vegetation/20230724_sedge_mosstundra16_m3m/BIRC/tile_10123.png,2
arctic_vegetation/20230724_sedge_mosstundra16_m3m/BIRC/tile_10124.png,2
arctic_vegetation/20230724_sedge_mosstundra16_m3m/BIRC/tile_10125.png,2
arctic_vegetation/20230724_sedge_mosstundra16_m3m/BIRC/tile_10126.png,2
arctic_vegetation/20230724_sedge_mosstundra16_m3m/BIRC/tile_10127.png,2
arctic_vegetation/20230724_sedge_mosstundra16_m3m/BIRC/tile_10128.png,2
arctic_vegetation/20230724_sedge_mosstundra16_m3m/BIRC/tile_10326.png,2
arctic_vegetation/20230724_sedge_mosstundra16_m3m/BIRC/tile_10327.png,2
arctic_vegetation/20230724_sedge_mosstundra16_m3m/BIRC/tile_10328.png,2
arctic_vegetation/20230724_sedge_mosstundra16_m3m/BIRC/tile_10330.png,2
arctic_vegetation/20230724_sedge_mosstundra16_m3m/BIRC/tile_10331.png,2
arctic_vegetation/20230724_sedge_mosstundra16_m3m/WILL/tile_10823.png,11
arctic_vegetation/20230724_sedge_mosstundra16_m3m/WILL/tile_10824.png,11
arctic_vegetation/20230724_sedge_mosstundra16_m3m/WILL/tile_10825.png,11
arctic_vegetation/20230724_sedge_mosstundra16_m3m/SEDG/tile_10918.png,9
arctic_vegetation/20230724_sedge_mosstundra16_m3m/SEDG/tile_10919.png,9
arctic_vegetation/20230724_sedge_mosstundra16_m3m/SEDG/tile_10920.png,9
arctic_vegetation/20230724_sedge_mosstundra16_m3m/MOSS/tile_10995.png,5
arctic_vegetation/20230724_sedge_mosstundra16_m3m/BIRC/tile_10996.png,2
arctic_vegetation/20230724_sedge_mosstundra16_m3m/BIRC/tile_10997.png,2
arctic_vegetation/20230724_sedge_mosstundra16_m3m/BIRC/tile_10998.png,2
arctic_vegetation/20230724_sedge_mosstundra16_m3m/BIRC/tile_10999.png,2
arctic_vegetation/20230724_sedge_mosstundra16_m3m/WILL/tile_11026.png,11
arctic_vegetation/20230724_sedge_mosstundra16_m3m/WILL/tile_11027.png,11
arctic_vegetation/20230724_sedge_mosstundra16_m3m/WILL/tile_11028.png,11
arctic_vegetation/20230724_sedge_mosstundra16_m3m/SEDG/tile_11121.png,9
arctic_vegetation/20230724_sedge_mosstundra16_m3m/SEDG/tile_11122.png,9
arctic_vegetation/20230724_sedge_mosstundra16_m3m/SEDG/tile_11123.png,9
arctic_vegetation/20230724_sedge_mosstundra16_m3m/SEDG/tile_11124.png,9
arctic_vegetation/20230724_sedge_mosstundra16_m3m/SEDG/tile_11125.png,9
arctic_vegetation/20230724_sedge_mosstundra16_m3m/PETF/tile_11144.png,6
arctic_vegetation/20230724_sedge_mosstundra16_m3m/PETF/tile_11145.png,6
arctic_vegetation/20230724_sedge_mosstundra16_m3m/PETF/tile_11146.png,6
arctic_vegetation/20230724_sedge_mosstundra16_m3m/PETF/tile_11147.png,6
arctic_vegetation/20230724_sedge_mosstundra16_m3m/MOSS/tile_11197.png,5
arctic_vegetation/20230724_sedge_mosstundra16_m3m/BIRC/tile_11198.png,2
arctic_vegetation/20230724_sedge_mosstundra16_m3m/BIRC/tile_11199.png,2
arctic_vegetation/20230724_sedge_mosstundra16_m3m/BIRC/tile_11200.png,2
arctic_vegetation/20230724_sedge_mosstundra16_m3m/BIRC/tile_11201.png,2
arctic_vegetation/20230724_sedge_mosstundra16_m3m/BIRC/tile_11202.png,2
arctic_vegetation/20230724_sedge_mosstundra16_m3m/MOSS/tile_11203.png,5
arctic_vegetation/20230724_sedge_mosstundra16_m3m/MOSS/tile_11204.png,5
arctic_vegetation/20230724_sedge_mosstundra16_m3m/MOSS/tile_11205.png,5
arctic_vegetation/20230724_sedge_mosstundra16_m3m/BIRC/tile_11206.png,2
arctic_vegetation/20230724_sedge_mosstundra16_m3m/BIRC/tile_11207.png,2
arctic_vegetation/20230724_sedge_mosstundra16_m3m/BIRC/tile_11208.png,2
arctic_vegetation/20230724_sedge_mosstundra16_m3m/BIRC/tile_11209.png,2
arctic_vegetation/20230724_sedge_mosstundra16_m3m/BIRC/tile_11210.png,2
arctic_vegetation/20230724_sedge_mosstundra16_m3m/WILL/tile_11229.png,11
arctic_vegetation/20230724_sedge_mosstundra16_m3m/WILL/tile_11230.png,11
arctic_vegetation/20230724_sedge_mosstundra16_m3m/WILL/tile_11231.png,11
arctic_vegetation/20230724_sedge_mosstundra16_m3m/SEDG/tile_11324.png,9
arctic_vegetation/20230724_sedge_mosstundra16_m3m/SEDG/tile_11325.png,9
arctic_vegetation/20230724_sedge_mosstundra16_m3m/SEDG/tile_11326.png,9
arctic_vegetation/20230724_sedge_mosstundra16_m3m/SEDG/tile_11327.png,9
arctic_vegetation/20230724_sedge_mosstundra16_m3m/SEDG/tile_11328.png,9
arctic_vegetation/20230724_sedge_mosstundra16_m3m/SEDG/tile_11329.png,9
arctic_vegetation/20230724_sedge_mosstundra16_m3m/MOSS/tile_11330.png,5
arctic_vegetation/20230724_sedge_mosstundra16_m3m/MOSS/tile_11331.png,5
arctic_vegetation/20230724_sedge_mosstundra16_m3m/SEDG/tile_11332.png,9
arctic_vegetation/20230724_sedge_mosstundra16_m3m/SEDG/tile_11333.png,9
arctic_vegetation/20230724_sedge_mosstundra16_m3m/SEDG/tile_11334.png,9
arctic_vegetation/20230724_sedge_mosstundra16_m3m/SEDG/tile_11335.png,9
arctic_vegetation/20230724_sedge_mosstundra16_m3m/SEDG/tile_11336.png,9
arctic_vegetation/20230724_sedge_mosstundra16_m3m/PETF/tile_11347.png,6
arctic_vegetation/20230724_sedge_mosstundra16_m3m/PETF/tile_11348.png,6
arctic_vegetation/20230724_sedge_mosstundra16_m3m/PETF/tile_11349.png,6
arctic_vegetation/20230724_sedge_mosstundra16_m3m/PETF/tile_11350.png,6
arctic_vegetation/20230724_sedge_mosstundra16_m3m/PETF/tile_11351.png,6
arctic_vegetation/20230724_sedge_mosstundra16_m3m/PETF/tile_11352.png,6
arctic_vegetation/20230724_sedge_mosstundra16_m3m/MOSS/tile_11396.png,5
arctic_vegetation/20230724_sedge_mosstundra16_m3m/MOSS/tile_11397.png,5
arctic_vegetation/20230724_sedge_mosstundra16_m3m/BIRC/tile_11400.png,2
arctic_vegetation/20230724_sedge_mosstundra16_m3m/BIRC/tile_11401.png,2
arctic_vegetation/20230724_sedge_mosstundra16_m3m/BIRC/tile_11402.png,2
arctic_vegetation/20230724_sedge_mosstundra16_m3m/BIRC/tile_11403.png,2
arctic_vegetation/20230724_sedge_mosstundra16_m3m/BIRC/tile_11404.png,2
arctic_vegetation/20230724_sedge_mosstundra16_m3m/BIRC/tile_11405.png,2
arctic_vegetation/20230724_sedge_mosstundra16_m3m/MOSS/tile_11406.png,5
arctic_vegetation/20230724_sedge_mosstundra16_m3m/MOSS/tile_11407.png,5
arctic_vegetation/20230724_sedge_mosstundra16_m3m/BIRC/tile_11408.png,2
arctic_vegetation/20230724_sedge_mosstundra16_m3m/BIRC/tile_11409.png,2
arctic_vegetation/20230724_sedge_mosstundra16_m3m/BIRC/tile_11410.png,2
arctic_vegetation/20230724_sedge_mosstundra16_m3m/BIRC/tile_11411.png,2
arctic_vegetation/20230724_sedge_mosstundra16_m3m/BIRC/tile_11412.png,2
arctic_vegetation/20230724_sedge_mosstundra16_m3m/BIRC/tile_11413.png,2
arctic_vegetation/20230724_sedge_mosstundra16_m3m/SEDG/tile_11527.png,9
arctic_vegetation/20230724_sedge_mosstundra16_m3m/MOSS/tile_11528.png,5
arctic_vegetation/20230724_sedge_mosstundra16_m3m/MOSS/tile_11529.png,5
arctic_vegetation/20230724_sedge_mosstundra16_m3m/MOSS/tile_11530.png,5
arctic_vegetation/20230724_sedge_mosstundra16_m3m/MOSS/tile_11531.png,5
arctic_vegetation/20230724_sedge_mosstundra16_m3m/SEDG/tile_11532.png,9
arctic_vegetation/20230724_sedge_mosstundra16_m3m/SEDG/tile_11533.png,9
arctic_vegetation/20230724_sedge_mosstundra16_m3m/SEDG/tile_11534.png,9
arctic_vegetation/20230724_sedge_mosstundra16_m3m/SEDG/tile_11535.png,9
arctic_vegetation/20230724_sedge_mosstundra16_m3m/SEDG/tile_11536.png,9
arctic_vegetation/20230724_sedge_mosstundra16_m3m/SEDG/tile_11537.png,9
arctic_vegetation/20230724_sedge_mosstundra16_m3m/SEDG/tile_11538.png,9
arctic_vegetation/20230724_sedge_mosstundra16_m3m/SEDG/tile_11539.png,9
arctic_vegetation/20230724_sedge_mosstundra16_m3m/PETF/tile_11550.png,6
arctic_vegetation/20230724_sedge_mosstundra16_m3m/PETF/tile_11551.png,6
arctic_vegetation/20230724_sedge_mosstundra16_m3m/PETF/tile_11554.png,6
arctic_vegetation/20230724_sedge_mosstundra16_m3m/PETF/tile_11555.png,6
arctic_vegetation/20230724_sedge_mosstundra16_m3m/MOSS/tile_11599.png,5
arctic_vegetation/20230724_sedge_mosstundra16_m3m/MOSS/tile_11600.png,5
arctic_vegetation/20230724_sedge_mosstundra16_m3m/SEDG/tile_11601.png,9
arctic_vegetation/20230724_sedge_mosstundra16_m3m/SEDG/tile_11602.png,9
arctic_vegetation/20230724_sedge_mosstundra16_m3m/BIRC/tile_11603.png,2
arctic_vegetation/20230724_sedge_mosstundra16_m3m/BIRC/tile_11604.png,2
arctic_vegetation/20230724_sedge_mosstundra16_m3m/BIRC/tile_11605.png,2
arctic_vegetation/20230724_sedge_mosstundra16_m3m/BIRC/tile_11606.png,2
arctic_vegetation/20230724_sedge_mosstundra16_m3m/BIRC/tile_11607.png,2
arctic_vegetation/20230724_sedge_mosstundra16_m3m/BIRC/tile_11608.png,2
arctic_vegetation/20230724_sedge_mosstundra16_m3m/BIRC/tile_11609.png,2
arctic_vegetation/20230724_sedge_mosstundra16_m3m/BIRC/tile_11610.png,2
arctic_vegetation/20230724_sedge_mosstundra16_m3m/BIRC/tile_11611.png,2
arctic_vegetation/20230724_sedge_mosstundra16_m3m/BIRC/tile_11612.png,2
arctic_vegetation/20230724_sedge_mosstundra16_m3m/BIRC/tile_11613.png,2
arctic_vegetation/20230724_sedge_mosstundra16_m3m/BIRC/tile_11614.png,2
arctic_vegetation/20230724_sedge_mosstundra16_m3m/BIRC/tile_11615.png,2
arctic_vegetation/20230724_sedge_mosstundra16_m3m/PETF/tile_11616.png,6
arctic_vegetation/20230724_sedge_mosstundra16_m3m/MOSS/tile_11730.png,5
arctic_vegetation/20230724_sedge_mosstundra16_m3m/MOSS/tile_11731.png,5
arctic_vegetation/20230724_sedge_mosstundra16_m3m/MOSS/tile_11732.png,5
arctic_vegetation/20230724_sedge_mosstundra16_m3m/MOSS/tile_11733.png,5
arctic_vegetation/20230724_sedge_mosstundra16_m3m/MOSS/tile_11734.png,5
arctic_vegetation/20230724_sedge_mosstundra16_m3m/SEDG/tile_11735.png,9
arctic_vegetation/20230724_sedge_mosstundra16_m3m/SEDG/tile_11736.png,9
arctic_vegetation/20230724_sedge_mosstundra16_m3m/SEDG/tile_11737.png,9
arctic_vegetation/20230724_sedge_mosstundra16_m3m/SEDG/tile_11738.png,9
arctic_vegetation/20230724_sedge_mosstundra16_m3m/SEDG/tile_11739.png,9
arctic_vegetation/20230724_sedge_mosstundra16_m3m/SEDG/tile_11740.png,9
arctic_vegetation/20230724_sedge_mosstundra16_m3m/SEDG/tile_11741.png,9
arctic_vegetation/20230724_sedge_mosstundra16_m3m/SEDG/tile_11742.png,9
arctic_vegetation/20230724_sedge_mosstundra16_m3m/PETF/tile_11747.png,6
arctic_vegetation/20230724_sedge_mosstundra16_m3m/PETF/tile_11748.png,6
arctic_vegetation/20230724_sedge_mosstundra16_m3m/SEDG/tile_11757.png,9
arctic_vegetation/20230724_sedge_mosstundra16_m3m/SEDG/tile_11758.png,9
arctic_vegetation/20230724_sedge_mosstundra16_m3m/SEDG/tile_11759.png,9
arctic_vegetation/20230724_sedge_mosstundra16_m3m/MOSS/tile_11764.png,5
arctic_vegetation/20230724_sedge_mosstundra16_m3m/MOSS/tile_11765.png,5
arctic_vegetation/20230724_sedge_mosstundra16_m3m/MOSS/tile_11766.png,5
arctic_vegetation/20230724_sedge_mosstundra16_m3m/MOSS/tile_11767.png,5
arctic_vegetation/20230724_sedge_mosstundra16_m3m/MOSS/tile_11802.png,5
arctic_vegetation/20230724_sedge_mosstundra16_m3m/SEDG/tile_11803.png,9
arctic_vegetation/20230724_sedge_mosstundra16_m3m/SEDG/tile_11804.png,9
arctic_vegetation/20230724_sedge_mosstundra16_m3m/SEDG/tile_11805.png,9
arctic_vegetation/20230724_sedge_mosstundra16_m3m/BIRC/tile_11806.png,2
arctic_vegetation/20230724_sedge_mosstundra16_m3m/BIRC/tile_11807.png,2
arctic_vegetation/20230724_sedge_mosstundra16_m3m/BIRC/tile_11808.png,2
arctic_vegetation/20230724_sedge_mosstundra16_m3m/BIRC/tile_11809.png,2
arctic_vegetation/20230724_sedge_mosstundra16_m3m/BIRC/tile_11810.png,2
arctic_vegetation/20230724_sedge_mosstundra16_m3m/BIRC/tile_11811.png,2
arctic_vegetation/20230724_sedge_mosstundra16_m3m/BIRC/tile_11812.png,2
arctic_vegetation/20230724_sedge_mosstundra16_m3m/BIRC/tile_11813.png,2
arctic_vegetation/20230724_sedge_mosstundra16_m3m/BIRC/tile_11814.png,2
arctic_vegetation/20230724_sedge_mosstundra16_m3m/BIRC/tile_11815.png,2
arctic_vegetation/20230724_sedge_mosstundra16_m3m/BIRC/tile_11816.png,2
arctic_vegetation/20230724_sedge_mosstundra16_m3m/BIRC/tile_11817.png,2
arctic_vegetation/20230724_sedge_mosstundra16_m3m/SEDG/tile_11818.png,9
arctic_vegetation/20230724_sedge_mosstundra16_m3m/SEDG/tile_11819.png,9
arctic_vegetation/20230724_sedge_mosstundra16_m3m/MOSS/tile_11930.png,5
arctic_vegetation/20230724_sedge_mosstundra16_m3m/MOSS/tile_11931.png,5
arctic_vegetation/20230724_sedge_mosstundra16_m3m/MOSS/tile_11932.png,5
arctic_vegetation/20230724_sedge_mosstundra16_m3m/MOSS/tile_11933.png,5
arctic_vegetation/20230724_sedge_mosstundra16_m3m/SEDG/tile_11934.png,9
arctic_vegetation/20230724_sedge_mosstundra16_m3m/SEDG/tile_11935.png,9
arctic_vegetation/20230724_sedge_mosstundra16_m3m/SEDG/tile_11936.png,9
arctic_vegetation/20230724_sedge_mosstundra16_m3m/SEDG/tile_11937.png,9
arctic_vegetation/20230724_sedge_mosstundra16_m3m/SEDG/tile_11938.png,9
arctic_vegetation/20230724_sedge_mosstundra16_m3m/SEDG/tile_11939.png,9
arctic_vegetation/20230724_sedge_mosstundra16_m3m/SEDG/tile_11940.png,9
arctic_vegetation/20230724_sedge_mosstundra16_m3m/SEDG/tile_11941.png,9
arctic_vegetation/20230724_sedge_mosstundra16_m3m/SEDG/tile_11942.png,9
arctic_vegetation/20230724_sedge_mosstundra16_m3m/PETF/tile_11943.png,6
arctic_vegetation/20230724_sedge_mosstundra16_m3m/PETF/tile_11944.png,6
arctic_vegetation/20230724_sedge_mosstundra16_m3m/PETF/tile_11945.png,6
arctic_vegetation/20230724_sedge_mosstundra16_m3m/PETF/tile_11946.png,6
arctic_vegetation/20230724_sedge_mosstundra16_m3m/PETF/tile_11947.png,6
arctic_vegetation/20230724_sedge_mosstundra16_m3m/SEDG/tile_11948.png,9
arctic_vegetation/20230724_sedge_mosstundra16_m3m/SEDG/tile_11949.png,9
arctic_vegetation/20230724_sedge_mosstundra16_m3m/SEDG/tile_11950.png,9
arctic_vegetation/20230724_sedge_mosstundra16_m3m/SEDG/tile_11951.png,9
arctic_vegetation/20230724_sedge_mosstundra16_m3m/SEDG/tile_11952.png,9
arctic_vegetation/20230724_sedge_mosstundra16_m3m/SEDG/tile_11954.png,9
arctic_vegetation/20230724_sedge_mosstundra16_m3m/SEDG/tile_11955.png,9
arctic_vegetation/20230724_sedge_mosstundra16_m3m/SEDG/tile_11956.png,9
arctic_vegetation/20230724_sedge_mosstundra16_m3m/SEDG/tile_11957.png,9
arctic_vegetation/20230724_sedge_mosstundra16_m3m/SEDG/tile_11958.png,9
arctic_vegetation/20230724_sedge_mosstundra16_m3m/SEDG/tile_11959.png,9
arctic_vegetation/20230724_sedge_mosstundra16_m3m/SEDG/tile_11960.png,9
arctic_vegetation/20230724_sedge_mosstundra16_m3m/SEDG/tile_11961.png,9
arctic_vegetation/20230724_sedge_mosstundra16_m3m/MOSS/tile_11964.png,5
arctic_vegetation/20230724_sedge_mosstundra16_m3m/MOSS/tile_11965.png,5
arctic_vegetation/20230724_sedge_mosstundra16_m3m/MOSS/tile_11966.png,5
arctic_vegetation/20230724_sedge_mosstundra16_m3m/MOSS/tile_11967.png,5
arctic_vegetation/20230724_sedge_mosstundra16_m3m/MOSS/tile_12002.png,5
arctic_vegetation/20230724_sedge_mosstundra16_m3m/SEDG/tile_12003.png,9
arctic_vegetation/20230724_sedge_mosstundra16_m3m/SEDG/tile_12004.png,9
arctic_vegetation/20230724_sedge_mosstundra16_m3m/SEDG/tile_12005.png,9
arctic_vegetation/20230724_sedge_mosstundra16_m3m/SEDG/tile_12006.png,9
arctic_vegetation/20230724_sedge_mosstundra16_m3m/SEDG/tile_12007.png,9
arctic_vegetation/20230724_sedge_mosstundra16_m3m/BIRC/tile_12008.png,2
arctic_vegetation/20230724_sedge_mosstundra16_m3m/BIRC/tile_12009.png,2
arctic_vegetation/20230724_sedge_mosstundra16_m3m/BIRC/tile_12010.png,2
arctic_vegetation/20230724_sedge_mosstundra16_m3m/BIRC/tile_12011.png,2
arctic_vegetation/20230724_sedge_mosstundra16_m3m/BIRC/tile_12012.png,2
arctic_vegetation/20230724_sedge_mosstundra16_m3m/BIRC/tile_12013.png,2
arctic_vegetation/20230724_sedge_mosstundra16_m3m/BIRC/tile_12014.png,2
arctic_vegetation/20230724_sedge_mosstundra16_m3m/BIRC/tile_12015.png,2
arctic_vegetation/20230724_sedge_mosstundra16_m3m/BIRC/tile_12016.png,2
arctic_vegetation/20230724_sedge_mosstundra16_m3m/BIRC/tile_12017.png,2
arctic_vegetation/20230724_sedge_mosstundra16_m3m/SEDG/tile_12018.png,9
arctic_vegetation/20230724_sedge_mosstundra16_m3m/SEDG/tile_12019.png,9
arctic_vegetation/20230724_sedge_mosstundra16_m3m/MOSS/tile_12131.png,5
arctic_vegetation/20230724_sedge_mosstundra16_m3m/MOSS/tile_12132.png,5
arctic_vegetation/20230724_sedge_mosstundra16_m3m/MOSS/tile_12133.png,5
arctic_vegetation/20230724_sedge_mosstundra16_m3m/SEDG/tile_12134.png,9
arctic_vegetation/20230724_sedge_mosstundra16_m3m/SEDG/tile_12135.png,9
arctic_vegetation/20230724_sedge_mosstundra16_m3m/SEDG/tile_12136.png,9
arctic_vegetation/20230724_sedge_mosstundra16_m3m/SEDG/tile_12137.png,9
arctic_vegetation/20230724_sedge_mosstundra16_m3m/SEDG/tile_12138.png,9
arctic_vegetation/20230724_sedge_mosstundra16_m3m/SEDG/tile_12139.png,9
arctic_vegetation/20230724_sedge_mosstundra16_m3m/SEDG/tile_12140.png,9
arctic_vegetation/20230724_sedge_mosstundra16_m3m/SEDG/tile_12141.png,9
arctic_vegetation/20230724_sedge_mosstundra16_m3m/PETF/tile_12143.png,6
arctic_vegetation/20230724_sedge_mosstundra16_m3m/PETF/tile_12144.png,6
arctic_vegetation/20230724_sedge_mosstundra16_m3m/PETF/tile_12145.png,6
arctic_vegetation/20230724_sedge_mosstundra16_m3m/PETF/tile_12146.png,6
arctic_vegetation/20230724_sedge_mosstundra16_m3m/PETF/tile_12147.png,6
arctic_vegetation/20230724_sedge_mosstundra16_m3m/SEDG/tile_12148.png,9
arctic_vegetation/20230724_sedge_mosstundra16_m3m/SEDG/tile_12149.png,9
arctic_vegetation/20230724_sedge_mosstundra16_m3m/SEDG/tile_12150.png,9
arctic_vegetation/20230724_sedge_mosstundra16_m3m/SEDG/tile_12151.png,9
arctic_vegetation/20230724_sedge_mosstundra16_m3m/SEDG/tile_12152.png,9
arctic_vegetation/20230724_sedge_mosstundra16_m3m/SEDG/tile_12153.png,9
arctic_vegetation/20230724_sedge_mosstundra16_m3m/SEDG/tile_12154.png,9
arctic_vegetation/20230724_sedge_mosstundra16_m3m/SEDG/tile_12155.png,9
arctic_vegetation/20230724_sedge_mosstundra16_m3m/SEDG/tile_12156.png,9
arctic_vegetation/20230724_sedge_mosstundra16_m3m/SEDG/tile_12157.png,9
arctic_vegetation/20230724_sedge_mosstundra16_m3m/SEDG/tile_12158.png,9
arctic_vegetation/20230724_sedge_mosstundra16_m3m/SEDG/tile_12159.png,9
arctic_vegetation/20230724_sedge_mosstundra16_m3m/SEDG/tile_12160.png,9
arctic_vegetation/20230724_sedge_mosstundra16_m3m/SEDG/tile_12161.png,9
arctic_vegetation/20230724_sedge_mosstundra16_m3m/MOSS/tile_12164.png,5
arctic_vegetation/20230724_sedge_mosstundra16_m3m/MOSS/tile_12165.png,5
arctic_vegetation/20230724_sedge_mosstundra16_m3m/MOSS/tile_12166.png,5
arctic_vegetation/20230724_sedge_mosstundra16_m3m/MOSS/tile_12167.png,5
arctic_vegetation/20230724_sedge_mosstundra16_m3m/MOSS/tile_12202.png,5
arctic_vegetation/20230724_sedge_mosstundra16_m3m/SEDG/tile_12203.png,9
arctic_vegetation/20230724_sedge_mosstundra16_m3m/SEDG/tile_12204.png,9
arctic_vegetation/20230724_sedge_mosstundra16_m3m/SEDG/tile_12205.png,9
arctic_vegetation/20230724_sedge_mosstundra16_m3m/SEDG/tile_12206.png,9
arctic_vegetation/20230724_sedge_mosstundra16_m3m/SEDG/tile_12207.png,9
arctic_vegetation/20230724_sedge_mosstundra16_m3m/BIRC/tile_12208.png,2
arctic_vegetation/20230724_sedge_mosstundra16_m3m/BIRC/tile_12209.png,2
arctic_vegetation/20230724_sedge_mosstundra16_m3m/BIRC/tile_12210.png,2
arctic_vegetation/20230724_sedge_mosstundra16_m3m/MOSS/tile_12211.png,5
arctic_vegetation/20230724_sedge_mosstundra16_m3m/MOSS/tile_12212.png,5
arctic_vegetation/20230724_sedge_mosstundra16_m3m/MOSS/tile_12213.png,5
arctic_vegetation/20230724_sedge_mosstundra16_m3m/SEDG/tile_12215.png,9
arctic_vegetation/20230724_sedge_mosstundra16_m3m/SEDG/tile_12216.png,9
arctic_vegetation/20230724_sedge_mosstundra16_m3m/SEDG/tile_12217.png,9
arctic_vegetation/20230724_sedge_mosstundra16_m3m/SEDG/tile_12218.png,9
arctic_vegetation/20230724_sedge_mosstundra16_m3m/SEDG/tile_12219.png,9
arctic_vegetation/20230724_sedge_mosstundra16_m3m/MOSS/tile_12330.png,5
arctic_vegetation/20230724_sedge_mosstundra16_m3m/MOSS/tile_12331.png,5
arctic_vegetation/20230724_sedge_mosstundra16_m3m/MOSS/tile_12332.png,5
arctic_vegetation/20230724_sedge_mosstundra16_m3m/SEDG/tile_12334.png,9
arctic_vegetation/20230724_sedge_mosstundra16_m3m/SEDG/tile_12335.png,9
arctic_vegetation/20230724_sedge_mosstundra16_m3m/SEDG/tile_12336.png,9
arctic_vegetation/20230724_sedge_mosstundra16_m3m/SEDG/tile_12337.png,9
arctic_vegetation/20230724_sedge_mosstundra16_m3m/SEDG/tile_12338.png,9
arctic_vegetation/20230724_sedge_mosstundra16_m3m/SEDG/tile_12339.png,9
arctic_vegetation/20230724_sedge_mosstundra16_m3m/SEDG/tile_12340.png,9
arctic_vegetation/20230724_sedge_mosstundra16_m3m/SEDG/tile_12341.png,9
arctic_vegetation/20230724_sedge_mosstundra16_m3m/PETF/tile_12347.png,6
arctic_vegetation/20230724_sedge_mosstundra16_m3m/MOSS/tile_12348.png,5
arctic_vegetation/20230724_sedge_mosstundra16_m3m/MOSS/tile_12349.png,5
arctic_vegetation/20230724_sedge_mosstundra16_m3m/MOSS/tile_12350.png,5
arctic_vegetation/20230724_sedge_mosstundra16_m3m/SEDG/tile_12351.png,9
arctic_vegetation/20230724_sedge_mosstundra16_m3m/SEDG/tile_12352.png,9
arctic_vegetation/20230724_sedge_mosstundra16_m3m/SEDG/tile_12353.png,9
arctic_vegetation/20230724_sedge_mosstundra16_m3m/SEDG/tile_12354.png,9
arctic_vegetation/20230724_sedge_mosstundra16_m3m/SEDG/tile_12355.png,9
arctic_vegetation/20230724_sedge_mosstundra16_m3m/SEDG/tile_12356.png,9
arctic_vegetation/20230724_sedge_mosstundra16_m3m/SEDG/tile_12357.png,9
arctic_vegetation/20230724_sedge_mosstundra16_m3m/SEDG/tile_12358.png,9
arctic_vegetation/20230724_sedge_mosstundra16_m3m/SEDG/tile_12359.png,9
arctic_vegetation/20230724_sedge_mosstundra16_m3m/SEDG/tile_12360.png,9
arctic_vegetation/20230724_sedge_mosstundra16_m3m/SEDG/tile_12361.png,9
arctic_vegetation/20230724_sedge_mosstundra16_m3m/SEDG/tile_12362.png,9
arctic_vegetation/20230724_sedge_mosstundra16_m3m/MOSS/tile_12364.png,5
arctic_vegetation/20230724_sedge_mosstundra16_m3m/MOSS/tile_12365.png,5
arctic_vegetation/20230724_sedge_mosstundra16_m3m/MOSS/tile_12366.png,5
arctic_vegetation/20230724_sedge_mosstundra16_m3m/MOSS/tile_12367.png,5
arctic_vegetation/20230724_sedge_mosstundra16_m3m/MOSS/tile_12403.png,5
arctic_vegetation/20230724_sedge_mosstundra16_m3m/BIRC/tile_12404.png,2
arctic_vegetation/20230724_sedge_mosstundra16_m3m/BIRC/tile_12405.png,2
arctic_vegetation/20230724_sedge_mosstundra16_m3m/MOSS/tile_12406.png,5
arctic_vegetation/20230724_sedge_mosstundra16_m3m/SEDG/tile_12407.png,9
arctic_vegetation/20230724_sedge_mosstundra16_m3m/BIRC/tile_12408.png,2
arctic_vegetation/20230724_sedge_mosstundra16_m3m/BIRC/tile_12409.png,2
arctic_vegetation/20230724_sedge_mosstundra16_m3m/BIRC/tile_12410.png,2
arctic_vegetation/20230724_sedge_mosstundra16_m3m/MOSS/tile_12411.png,5
arctic_vegetation/20230724_sedge_mosstundra16_m3m/SEDG/tile_12412.png,9
arctic_vegetation/20230724_sedge_mosstundra16_m3m/SEDG/tile_12413.png,9
arctic_vegetation/20230724_sedge_mosstundra16_m3m/SEDG/tile_12414.png,9
arctic_vegetation/20230724_sedge_mosstundra16_m3m/SEDG/tile_12415.png,9
arctic_vegetation/20230724_sedge_mosstundra16_m3m/SEDG/tile_12416.png,9
arctic_vegetation/20230724_sedge_mosstundra16_m3m/SEDG/tile_12417.png,9
arctic_vegetation/20230724_sedge_mosstundra16_m3m/SEDG/tile_12418.png,9
arctic_vegetation/20230724_sedge_mosstundra16_m3m/SEDG/tile_12419.png,9
arctic_vegetation/20230724_sedge_mosstundra16_m3m/MOSS/tile_12531.png,5
arctic_vegetation/20230724_sedge_mosstundra16_m3m/MOSS/tile_12532.png,5
arctic_vegetation/20230724_sedge_mosstundra16_m3m/MOSS/tile_12533.png,5
arctic_vegetation/20230724_sedge_mosstundra16_m3m/SEDG/tile_12538.png,9
arctic_vegetation/20230724_sedge_mosstundra16_m3m/SEDG/tile_12539.png,9
arctic_vegetation/20230724_sedge_mosstundra16_m3m/SEDG/tile_12540.png,9
arctic_vegetation/20230724_sedge_mosstundra16_m3m/SEDG/tile_12541.png,9
arctic_vegetation/20230724_sedge_mosstundra16_m3m/MOSS/tile_12547.png,5
arctic_vegetation/20230724_sedge_mosstundra16_m3m/MOSS/tile_12548.png,5
arctic_vegetation/20230724_sedge_mosstundra16_m3m/SEDG/tile_12549.png,9
arctic_vegetation/20230724_sedge_mosstundra16_m3m/SEDG/tile_12550.png,9
arctic_vegetation/20230724_sedge_mosstundra16_m3m/SEDG/tile_12551.png,9
arctic_vegetation/20230724_sedge_mosstundra16_m3m/SEDG/tile_12552.png,9
arctic_vegetation/20230724_sedge_mosstundra16_m3m/SEDG/tile_12553.png,9
arctic_vegetation/20230724_sedge_mosstundra16_m3m/SEDG/tile_12554.png,9
arctic_vegetation/20230724_sedge_mosstundra16_m3m/SEDG/tile_12555.png,9
arctic_vegetation/20230724_sedge_mosstundra16_m3m/SEDG/tile_12556.png,9
arctic_vegetation/20230724_sedge_mosstundra16_m3m/TUSS/tile_12557.png,10
arctic_vegetation/20230724_sedge_mosstundra16_m3m/SEDG/tile_12558.png,9
arctic_vegetation/20230724_sedge_mosstundra16_m3m/SEDG/tile_12559.png,9
arctic_vegetation/20230724_sedge_mosstundra16_m3m/SEDG/tile_12560.png,9
arctic_vegetation/20230724_sedge_mosstundra16_m3m/SEDG/tile_12561.png,9
arctic_vegetation/20230724_sedge_mosstundra16_m3m/SEDG/tile_12562.png,9
arctic_vegetation/20230724_sedge_mosstundra16_m3m/SEDG/tile_12563.png,9
arctic_vegetation/20230724_sedge_mosstundra16_m3m/MOSS/tile_12565.png,5
arctic_vegetation/20230724_sedge_mosstundra16_m3m/MOSS/tile_12566.png,5
arctic_vegetation/20230724_sedge_mosstundra16_m3m/SEDG/tile_12567.png,9
arctic_vegetation/20230724_sedge_mosstundra16_m3m/SEDG/tile_12568.png,9
arctic_vegetation/20230724_sedge_mosstundra16_m3m/BIRC/tile_12604.png,2
arctic_vegetation/20230724_sedge_mosstundra16_m3m/BIRC/tile_12605.png,2
arctic_vegetation/20230724_sedge_mosstundra16_m3m/BIRC/tile_12606.png,2
arctic_vegetation/20230724_sedge_mosstundra16_m3m/BIRC/tile_12607.png,2
arctic_vegetation/20230724_sedge_mosstundra16_m3m/BIRC/tile_12608.png,2
arctic_vegetation/20230724_sedge_mosstundra16_m3m/MOSS/tile_12609.png,5
arctic_vegetation/20230724_sedge_mosstundra16_m3m/BIRC/tile_12610.png,2
arctic_vegetation/20230724_sedge_mosstundra16_m3m/BIRC/tile_12611.png,2
arctic_vegetation/20230724_sedge_mosstundra16_m3m/BIRC/tile_12612.png,2
arctic_vegetation/20230724_sedge_mosstundra16_m3m/SEDG/tile_12613.png,9
arctic_vegetation/20230724_sedge_mosstundra16_m3m/SEDG/tile_12614.png,9
arctic_vegetation/20230724_sedge_mosstundra16_m3m/SEDG/tile_12615.png,9
arctic_vegetation/20230724_sedge_mosstundra16_m3m/SEDG/tile_12616.png,9
arctic_vegetation/20230724_sedge_mosstundra16_m3m/SEDG/tile_12617.png,9
arctic_vegetation/20230724_sedge_mosstundra16_m3m/SEDG/tile_12618.png,9
arctic_vegetation/20230724_sedge_mosstundra16_m3m/SEDG/tile_12619.png,9
arctic_vegetation/20230724_sedge_mosstundra16_m3m/MOSS/tile_12620.png,5
arctic_vegetation/20230724_sedge_mosstundra16_m3m/MOSS/tile_12737.png,5
arctic_vegetation/20230724_sedge_mosstundra16_m3m/MOSS/tile_12738.png,5
arctic_vegetation/20230724_sedge_mosstundra16_m3m/MOSS/tile_12739.png,5
arctic_vegetation/20230724_sedge_mosstundra16_m3m/MOSS/tile_12740.png,5
arctic_vegetation/20230724_sedge_mosstundra16_m3m/MOSS/tile_12741.png,5
arctic_vegetation/20230724_sedge_mosstundra16_m3m/MOSS/tile_12742.png,5
arctic_vegetation/20230724_sedge_mosstundra16_m3m/MOSS/tile_12743.png,5
arctic_vegetation/20230724_sedge_mosstundra16_m3m/MOSS/tile_12747.png,5
arctic_vegetation/20230724_sedge_mosstundra16_m3m/MOSS/tile_12748.png,5
arctic_vegetation/20230724_sedge_mosstundra16_m3m/MOSS/tile_12749.png,5
arctic_vegetation/20230724_sedge_mosstundra16_m3m/SEDG/tile_12750.png,9
arctic_vegetation/20230724_sedge_mosstundra16_m3m/SEDG/tile_12751.png,9
arctic_vegetation/20230724_sedge_mosstundra16_m3m/SEDG/tile_12752.png,9
arctic_vegetation/20230724_sedge_mosstundra16_m3m/SEDG/tile_12753.png,9
arctic_vegetation/20230724_sedge_mosstundra16_m3m/SEDG/tile_12754.png,9
arctic_vegetation/20230724_sedge_mosstundra16_m3m/SEDG/tile_12755.png,9
arctic_vegetation/20230724_sedge_mosstundra16_m3m/TUSS/tile_12756.png,10
arctic_vegetation/20230724_sedge_mosstundra16_m3m/TUSS/tile_12757.png,10
arctic_vegetation/20230724_sedge_mosstundra16_m3m/TUSS/tile_12758.png,10
arctic_vegetation/20230724_sedge_mosstundra16_m3m/SEDG/tile_12759.png,9
arctic_vegetation/20230724_sedge_mosstundra16_m3m/SEDG/tile_12760.png,9
arctic_vegetation/20230724_sedge_mosstundra16_m3m/SEDG/tile_12761.png,9
arctic_vegetation/20230724_sedge_mosstundra16_m3m/SEDG/tile_12762.png,9
arctic_vegetation/20230724_sedge_mosstundra16_m3m/SEDG/tile_12763.png,9
arctic_vegetation/20230724_sedge_mosstundra16_m3m/BIRC/tile_12805.png,2
arctic_vegetation/20230724_sedge_mosstundra16_m3m/BIRC/tile_12806.png,2
arctic_vegetation/20230724_sedge_mosstundra16_m3m/BIRC/tile_12807.png,2
arctic_vegetation/20230724_sedge_mosstundra16_m3m/BIRC/tile_12808.png,2
arctic_vegetation/20230724_sedge_mosstundra16_m3m/BIRC/tile_12809.png,2
arctic_vegetation/20230724_sedge_mosstundra16_m3m/PETF/tile_12810.png,6
arctic_vegetation/20230724_sedge_mosstundra16_m3m/BIRC/tile_12811.png,2
arctic_vegetation/20230724_sedge_mosstundra16_m3m/BIRC/tile_12812.png,2
arctic_vegetation/20230724_sedge_mosstundra16_m3m/BIRC/tile_12813.png,2
arctic_vegetation/20230724_sedge_mosstundra16_m3m/MOSS/tile_12814.png,5
arctic_vegetation/20230724_sedge_mosstundra16_m3m/SEDG/tile_12815.png,9
arctic_vegetation/20230724_sedge_mosstundra16_m3m/SEDG/tile_12816.png,9
arctic_vegetation/20230724_sedge_mosstundra16_m3m/SEDG/tile_12817.png,9
arctic_vegetation/20230724_sedge_mosstundra16_m3m/SEDG/tile_12818.png,9
arctic_vegetation/20230724_sedge_mosstundra16_m3m/SEDG/tile_12819.png,9
arctic_vegetation/20230724_sedge_mosstundra16_m3m/SEDG/tile_12820.png,9
arctic_vegetation/20230724_sedge_mosstundra16_m3m/MOSS/tile_12821.png,5
arctic_vegetation/20230724_sedge_mosstundra16_m3m/MOSS/tile_12937.png,5
arctic_vegetation/20230724_sedge_mosstundra16_m3m/MOSS/tile_12938.png,5
arctic_vegetation/20230724_sedge_mosstundra16_m3m/MOSS/tile_12939.png,5
arctic_vegetation/20230724_sedge_mosstundra16_m3m/MOSS/tile_12940.png,5
arctic_vegetation/20230724_sedge_mosstundra16_m3m/MOSS/tile_12941.png,5
arctic_vegetation/20230724_sedge_mosstundra16_m3m/MOSS/tile_12942.png,5
arctic_vegetation/20230724_sedge_mosstundra16_m3m/MOSS/tile_12943.png,5
arctic_vegetation/20230724_sedge_mosstundra16_m3m/MOSS/tile_12947.png,5
arctic_vegetation/20230724_sedge_mosstundra16_m3m/MOSS/tile_12948.png,5
arctic_vegetation/20230724_sedge_mosstundra16_m3m/SEDG/tile_12949.png,9
arctic_vegetation/20230724_sedge_mosstundra16_m3m/SEDG/tile_12950.png,9
arctic_vegetation/20230724_sedge_mosstundra16_m3m/SEDG/tile_12951.png,9
arctic_vegetation/20230724_sedge_mosstundra16_m3m/BIRC/tile_12952.png,2
arctic_vegetation/20230724_sedge_mosstundra16_m3m/BIRC/tile_12953.png,2
arctic_vegetation/20230724_sedge_mosstundra16_m3m/BIRC/tile_12954.png,2
arctic_vegetation/20230724_sedge_mosstundra16_m3m/BIRC/tile_12955.png,2
arctic_vegetation/20230724_sedge_mosstundra16_m3m/BIRC/tile_12956.png,2
arctic_vegetation/20230724_sedge_mosstundra16_m3m/BIRC/tile_12957.png,2
arctic_vegetation/20230724_sedge_mosstundra16_m3m/BIRC/tile_12958.png,2
arctic_vegetation/20230724_sedge_mosstundra16_m3m/SEDG/tile_12960.png,9
arctic_vegetation/20230724_sedge_mosstundra16_m3m/SEDG/tile_12961.png,9
arctic_vegetation/20230724_sedge_mosstundra16_m3m/SEDG/tile_12962.png,9
arctic_vegetation/20230724_sedge_mosstundra16_m3m/SEDG/tile_12963.png,9
arctic_vegetation/20230724_sedge_mosstundra16_m3m/SEDG/tile_12964.png,9
arctic_vegetation/20230724_sedge_mosstundra16_m3m/BIRC/tile_13005.png,2
arctic_vegetation/20230724_sedge_mosstundra16_m3m/BIRC/tile_13006.png,2
arctic_vegetation/20230724_sedge_mosstundra16_m3m/BIRC/tile_13007.png,2
arctic_vegetation/20230724_sedge_mosstundra16_m3m/BIRC/tile_13008.png,2
arctic_vegetation/20230724_sedge_mosstundra16_m3m/BIRC/tile_13009.png,2
arctic_vegetation/20230724_sedge_mosstundra16_m3m/BIRC/tile_13010.png,2
arctic_vegetation/20230724_sedge_mosstundra16_m3m/PETF/tile_13011.png,6
arctic_vegetation/20230724_sedge_mosstundra16_m3m/BIRC/tile_13012.png,2
arctic_vegetation/20230724_sedge_mosstundra16_m3m/BIRC/tile_13013.png,2
arctic_vegetation/20230724_sedge_mosstundra16_m3m/MOSS/tile_13014.png,5
arctic_vegetation/20230724_sedge_mosstundra16_m3m/PETF/tile_13015.png,6
arctic_vegetation/20230724_sedge_mosstundra16_m3m/PETF/tile_13016.png,6
arctic_vegetation/20230724_sedge_mosstundra16_m3m/SEDG/tile_13017.png,9
arctic_vegetation/20230724_sedge_mosstundra16_m3m/SEDG/tile_13018.png,9
arctic_vegetation/20230724_sedge_mosstundra16_m3m/SEDG/tile_13019.png,9
arctic_vegetation/20230724_sedge_mosstundra16_m3m/SEDG/tile_13020.png,9
arctic_vegetation/20230724_sedge_mosstundra16_m3m/SEDG/tile_13021.png,9
arctic_vegetation/20230724_sedge_mosstundra16_m3m/SEDG/tile_13022.png,9
arctic_vegetation/20230724_sedge_mosstundra16_m3m/MOSS/tile_13133.png,5
arctic_vegetation/20230724_sedge_mosstundra16_m3m/MOSS/tile_13134.png,5
arctic_vegetation/20230724_sedge_mosstundra16_m3m/MOSS/tile_13136.png,5
arctic_vegetation/20230724_sedge_mosstundra16_m3m/MOSS/tile_13137.png,5
arctic_vegetation/20230724_sedge_mosstundra16_m3m/MOSS/tile_13138.png,5
arctic_vegetation/20230724_sedge_mosstundra16_m3m/MOSS/tile_13139.png,5
arctic_vegetation/20230724_sedge_mosstundra16_m3m/MOSS/tile_13140.png,5
arctic_vegetation/20230724_sedge_mosstundra16_m3m/MOSS/tile_13141.png,5
arctic_vegetation/20230724_sedge_mosstundra16_m3m/MOSS/tile_13142.png,5
arctic_vegetation/20230724_sedge_mosstundra16_m3m/WILL/tile_13144.png,11
arctic_vegetation/20230724_sedge_mosstundra16_m3m/WILL/tile_13145.png,11
arctic_vegetation/20230724_sedge_mosstundra16_m3m/SEDG/tile_13146.png,9
arctic_vegetation/20230724_sedge_mosstundra16_m3m/SEDG/tile_13147.png,9
arctic_vegetation/20230724_sedge_mosstundra16_m3m/SEDG/tile_13148.png,9
arctic_vegetation/20230724_sedge_mosstundra16_m3m/SEDG/tile_13149.png,9
arctic_vegetation/20230724_sedge_mosstundra16_m3m/BIRC/tile_13150.png,2
arctic_vegetation/20230724_sedge_mosstundra16_m3m/BIRC/tile_13151.png,2
arctic_vegetation/20230724_sedge_mosstundra16_m3m/BIRC/tile_13152.png,2
arctic_vegetation/20230724_sedge_mosstundra16_m3m/BIRC/tile_13153.png,2
arctic_vegetation/20230724_sedge_mosstundra16_m3m/BIRC/tile_13154.png,2
arctic_vegetation/20230724_sedge_mosstundra16_m3m/BIRC/tile_13155.png,2
arctic_vegetation/20230724_sedge_mosstundra16_m3m/BIRC/tile_13156.png,2
arctic_vegetation/20230724_sedge_mosstundra16_m3m/BIRC/tile_13157.png,2
arctic_vegetation/20230724_sedge_mosstundra16_m3m/SEDG/tile_13159.png,9
arctic_vegetation/20230724_sedge_mosstundra16_m3m/SEDG/tile_13160.png,9
arctic_vegetation/20230724_sedge_mosstundra16_m3m/SEDG/tile_13161.png,9
arctic_vegetation/20230724_sedge_mosstundra16_m3m/SEDG/tile_13162.png,9
arctic_vegetation/20230724_sedge_mosstundra16_m3m/SEDG/tile_13163.png,9
arctic_vegetation/20230724_sedge_mosstundra16_m3m/TUSS/tile_13164.png,10
arctic_vegetation/20230724_sedge_mosstundra16_m3m/TUSS/tile_13165.png,10
arctic_vegetation/20230724_sedge_mosstundra16_m3m/TUSS/tile_13166.png,10
arctic_vegetation/20230724_sedge_mosstundra16_m3m/BIRC/tile_13204.png,2
arctic_vegetation/20230724_sedge_mosstundra16_m3m/BIRC/tile_13205.png,2
arctic_vegetation/20230724_sedge_mosstundra16_m3m/BIRC/tile_13206.png,2
arctic_vegetation/20230724_sedge_mosstundra16_m3m/BIRC/tile_13207.png,2
arctic_vegetation/20230724_sedge_mosstundra16_m3m/BIRC/tile_13208.png,2
arctic_vegetation/20230724_sedge_mosstundra16_m3m/BIRC/tile_13209.png,2
arctic_vegetation/20230724_sedge_mosstundra16_m3m/PETF/tile_13210.png,6
arctic_vegetation/20230724_sedge_mosstundra16_m3m/PETF/tile_13211.png,6
arctic_vegetation/20230724_sedge_mosstundra16_m3m/PETF/tile_13214.png,6
arctic_vegetation/20230724_sedge_mosstundra16_m3m/PETF/tile_13215.png,6
arctic_vegetation/20230724_sedge_mosstundra16_m3m/SEDG/tile_13216.png,9
arctic_vegetation/20230724_sedge_mosstundra16_m3m/SEDG/tile_13217.png,9
arctic_vegetation/20230724_sedge_mosstundra16_m3m/SEDG/tile_13218.png,9
arctic_vegetation/20230724_sedge_mosstundra16_m3m/SEDG/tile_13219.png,9
arctic_vegetation/20230724_sedge_mosstundra16_m3m/SEDG/tile_13220.png,9
arctic_vegetation/20230724_sedge_mosstundra16_m3m/SEDG/tile_13221.png,9
arctic_vegetation/20230724_sedge_mosstundra16_m3m/MOSS/tile_13333.png,5
arctic_vegetation/20230724_sedge_mosstundra16_m3m/MOSS/tile_13334.png,5
arctic_vegetation/20230724_sedge_mosstundra16_m3m/MOSS/tile_13335.png,5
arctic_vegetation/20230724_sedge_mosstundra16_m3m/MOSS/tile_13338.png,5
arctic_vegetation/20230724_sedge_mosstundra16_m3m/MOSS/tile_13339.png,5
arctic_vegetation/20230724_sedge_mosstundra16_m3m/MOSS/tile_13340.png,5
arctic_vegetation/20230724_sedge_mosstundra16_m3m/MOSS/tile_13341.png,5
arctic_vegetation/20230724_sedge_mosstundra16_m3m/MOSS/tile_13342.png,5
arctic_vegetation/20230724_sedge_mosstundra16_m3m/WILL/tile_13344.png,11
arctic_vegetation/20230724_sedge_mosstundra16_m3m/WILL/tile_13345.png,11
arctic_vegetation/20230724_sedge_mosstundra16_m3m/SEDG/tile_13346.png,9
arctic_vegetation/20230724_sedge_mosstundra16_m3m/SEDG/tile_13347.png,9
arctic_vegetation/20230724_sedge_mosstundra16_m3m/SEDG/tile_13348.png,9
arctic_vegetation/20230724_sedge_mosstundra16_m3m/SEDG/tile_13349.png,9
arctic_vegetation/20230724_sedge_mosstundra16_m3m/BIRC/tile_13350.png,2
arctic_vegetation/20230724_sedge_mosstundra16_m3m/BIRC/tile_13351.png,2
arctic_vegetation/20230724_sedge_mosstundra16_m3m/BIRC/tile_13352.png,2
arctic_vegetation/20230724_sedge_mosstundra16_m3m/BIRC/tile_13353.png,2
arctic_vegetation/20230724_sedge_mosstundra16_m3m/BIRC/tile_13354.png,2
arctic_vegetation/20230724_sedge_mosstundra16_m3m/BIRC/tile_13355.png,2
arctic_vegetation/20230724_sedge_mosstundra16_m3m/BIRC/tile_13356.png,2
arctic_vegetation/20230724_sedge_mosstundra16_m3m/BIRC/tile_13357.png,2
arctic_vegetation/20230724_sedge_mosstundra16_m3m/BIRC/tile_13358.png,2
arctic_vegetation/20230724_sedge_mosstundra16_m3m/TUSS/tile_13359.png,10
arctic_vegetation/20230724_sedge_mosstundra16_m3m/TUSS/tile_13360.png,10
arctic_vegetation/20230724_sedge_mosstundra16_m3m/MOSS/tile_13361.png,5
arctic_vegetation/20230724_sedge_mosstundra16_m3m/MOSS/tile_13362.png,5
arctic_vegetation/20230724_sedge_mosstundra16_m3m/TUSS/tile_13363.png,10
arctic_vegetation/20230724_sedge_mosstundra16_m3m/TUSS/tile_13364.png,10
arctic_vegetation/20230724_sedge_mosstundra16_m3m/TUSS/tile_13365.png,10
arctic_vegetation/20230724_sedge_mosstundra16_m3m/TUSS/tile_13366.png,10
arctic_vegetation/20230724_sedge_mosstundra16_m3m/BIRC/tile_13405.png,2
arctic_vegetation/20230724_sedge_mosstundra16_m3m/BIRC/tile_13406.png,2
arctic_vegetation/20230724_sedge_mosstundra16_m3m/BIRC/tile_13407.png,2
arctic_vegetation/20230724_sedge_mosstundra16_m3m/SEDG/tile_13417.png,9
arctic_vegetation/20230724_sedge_mosstundra16_m3m/SEDG/tile_13418.png,9
arctic_vegetation/20230724_sedge_mosstundra16_m3m/SEDG/tile_13419.png,9
arctic_vegetation/20230724_sedge_mosstundra16_m3m/SEDG/tile_13420.png,9
arctic_vegetation/20230724_sedge_mosstundra16_m3m/SEDG/tile_13421.png,9
arctic_vegetation/20230724_sedge_mosstundra16_m3m/MOSS/tile_13536.png,5
arctic_vegetation/20230724_sedge_mosstundra16_m3m/MOSS/tile_13537.png,5
arctic_vegetation/20230724_sedge_mosstundra16_m3m/MOSS/tile_13538.png,5
arctic_vegetation/20230724_sedge_mosstundra16_m3m/MOSS/tile_13541.png,5
arctic_vegetation/20230724_sedge_mosstundra16_m3m/MOSS/tile_13542.png,5
arctic_vegetation/20230724_sedge_mosstundra16_m3m/MOSS/tile_13543.png,5
arctic_vegetation/20230724_sedge_mosstundra16_m3m/MOSS/tile_13544.png,5
arctic_vegetation/20230724_sedge_mosstundra16_m3m/MOSS/tile_13545.png,5
arctic_vegetation/20230724_sedge_mosstundra16_m3m/WILL/tile_13548.png,11
arctic_vegetation/20230724_sedge_mosstundra16_m3m/SEDG/tile_13549.png,9
arctic_vegetation/20230724_sedge_mosstundra16_m3m/SEDG/tile_13550.png,9
arctic_vegetation/20230724_sedge_mosstundra16_m3m/SEDG/tile_13551.png,9
arctic_vegetation/20230724_sedge_mosstundra16_m3m/SEDG/tile_13552.png,9
arctic_vegetation/20230724_sedge_mosstundra16_m3m/BIRC/tile_13553.png,2
arctic_vegetation/20230724_sedge_mosstundra16_m3m/BIRC/tile_13554.png,2
arctic_vegetation/20230724_sedge_mosstundra16_m3m/BIRC/tile_13555.png,2
arctic_vegetation/20230724_sedge_mosstundra16_m3m/BIRC/tile_13556.png,2
arctic_vegetation/20230724_sedge_mosstundra16_m3m/BIRC/tile_13557.png,2
arctic_vegetation/20230724_sedge_mosstundra16_m3m/BIRC/tile_13558.png,2
arctic_vegetation/20230724_sedge_mosstundra16_m3m/BIRC/tile_13559.png,2
arctic_vegetation/20230724_sedge_mosstundra16_m3m/BIRC/tile_13560.png,2
arctic_vegetation/20230724_sedge_mosstundra16_m3m/BIRC/tile_13561.png,2
arctic_vegetation/20230724_sedge_mosstundra16_m3m/MOSS/tile_13562.png,5
arctic_vegetation/20230724_sedge_mosstundra16_m3m/MOSS/tile_13563.png,5
arctic_vegetation/20230724_sedge_mosstundra16_m3m/MOSS/tile_13564.png,5
arctic_vegetation/20230724_sedge_mosstundra16_m3m/MOSS/tile_13565.png,5
arctic_vegetation/20230724_sedge_mosstundra16_m3m/MOSS/tile_13566.png,5
arctic_vegetation/20230724_sedge_mosstundra16_m3m/TUSS/tile_13567.png,10
arctic_vegetation/20230724_sedge_mosstundra16_m3m/TUSS/tile_13568.png,10
arctic_vegetation/20230724_sedge_mosstundra16_m3m/TUSS/tile_13569.png,10
arctic_vegetation/20230724_sedge_mosstundra16_m3m/MOSS/tile_13739.png,5
arctic_vegetation/20230724_sedge_mosstundra16_m3m/MOSS/tile_13740.png,5
arctic_vegetation/20230724_sedge_mosstundra16_m3m/MOSS/tile_13741.png,5
arctic_vegetation/20230724_sedge_mosstundra16_m3m/MOSS/tile_13745.png,5
arctic_vegetation/20230724_sedge_mosstundra16_m3m/MOSS/tile_13746.png,5
arctic_vegetation/20230724_sedge_mosstundra16_m3m/MOSS/tile_13747.png,5
arctic_vegetation/20230724_sedge_mosstundra16_m3m/MOSS/tile_13748.png,5
arctic_vegetation/20230724_sedge_mosstundra16_m3m/SEDG/tile_13753.png,9
arctic_vegetation/20230724_sedge_mosstundra16_m3m/SEDG/tile_13754.png,9
arctic_vegetation/20230724_sedge_mosstundra16_m3m/SEDG/tile_13755.png,9
arctic_vegetation/20230724_sedge_mosstundra16_m3m/BIRC/tile_13756.png,2
arctic_vegetation/20230724_sedge_mosstundra16_m3m/BIRC/tile_13757.png,2
arctic_vegetation/20230724_sedge_mosstundra16_m3m/BIRC/tile_13758.png,2
arctic_vegetation/20230724_sedge_mosstundra16_m3m/BIRC/tile_13759.png,2
arctic_vegetation/20230724_sedge_mosstundra16_m3m/BIRC/tile_13760.png,2
arctic_vegetation/20230724_sedge_mosstundra16_m3m/BIRC/tile_13761.png,2
arctic_vegetation/20230724_sedge_mosstundra16_m3m/BIRC/tile_13762.png,2
arctic_vegetation/20230724_sedge_mosstundra16_m3m/BIRC/tile_13763.png,2
arctic_vegetation/20230724_sedge_mosstundra16_m3m/BIRC/tile_13764.png,2
arctic_vegetation/20230724_sedge_mosstundra16_m3m/MOSS/tile_13765.png,5
arctic_vegetation/20230724_sedge_mosstundra16_m3m/MOSS/tile_13766.png,5
arctic_vegetation/20230724_sedge_mosstundra16_m3m/MOSS/tile_13767.png,5
arctic_vegetation/20230724_sedge_mosstundra16_m3m/MOSS/tile_13768.png,5
arctic_vegetation/20230724_sedge_mosstundra16_m3m/MOSS/tile_13769.png,5
arctic_vegetation/20230724_sedge_mosstundra16_m3m/MOSS/tile_13942.png,5
arctic_vegetation/20230724_sedge_mosstundra16_m3m/MOSS/tile_13943.png,5
arctic_vegetation/20230724_sedge_mosstundra16_m3m/MOSS/tile_13944.png,5
arctic_vegetation/20230724_sedge_mosstundra16_m3m/MOSS/tile_13945.png,5
arctic_vegetation/20230724_sedge_mosstundra16_m3m/MOSS/tile_13946.png,5
arctic_vegetation/20230724_sedge_mosstundra16_m3m/MOSS/tile_13947.png,5
arctic_vegetation/20230724_sedge_mosstundra16_m3m/MOSS/tile_13948.png,5
arctic_vegetation/20230724_sedge_mosstundra16_m3m/MOSS/tile_13949.png,5
arctic_vegetation/20230724_sedge_mosstundra16_m3m/MOSS/tile_13950.png,5
arctic_vegetation/20230724_sedge_mosstundra16_m3m/MOSS/tile_13951.png,5
arctic_vegetation/20230724_sedge_mosstundra16_m3m/SEDG/tile_13956.png,9
arctic_vegetation/20230724_sedge_mosstundra16_m3m/SEDG/tile_13957.png,9
arctic_vegetation/20230724_sedge_mosstundra16_m3m/SEDG/tile_13958.png,9
arctic_vegetation/20230724_sedge_mosstundra16_m3m/BIRC/tile_13959.png,2
arctic_vegetation/20230724_sedge_mosstundra16_m3m/BIRC/tile_13960.png,2
arctic_vegetation/20230724_sedge_mosstundra16_m3m/BIRC/tile_13961.png,2
arctic_vegetation/20230724_sedge_mosstundra16_m3m/BIRC/tile_13962.png,2
arctic_vegetation/20230724_sedge_mosstundra16_m3m/MOSS/tile_13963.png,5
arctic_vegetation/20230724_sedge_mosstundra16_m3m/MOSS/tile_13964.png,5
arctic_vegetation/20230724_sedge_mosstundra16_m3m/BIRC/tile_13965.png,2
arctic_vegetation/20230724_sedge_mosstundra16_m3m/BIRC/tile_13966.png,2
arctic_vegetation/20230724_sedge_mosstundra16_m3m/BIRC/tile_13967.png,2
arctic_vegetation/20230724_sedge_mosstundra16_m3m/SEDG/tile_13968.png,9
arctic_vegetation/20230724_sedge_mosstundra16_m3m/SEDG/tile_13969.png,9
arctic_vegetation/20230724_sedge_mosstundra16_m3m/SEDG/tile_13970.png,9
arctic_vegetation/20230724_sedge_mosstundra16_m3m/SEDG/tile_13971.png,9
arctic_vegetation/20230724_sedge_mosstundra16_m3m/MOSS/tile_13972.png,5
arctic_vegetation/20230724_sedge_mosstundra16_m3m/MOSS/tile_13973.png,5
arctic_vegetation/20230724_sedge_mosstundra16_m3m/MOSS/tile_13974.png,5
arctic_vegetation/20230724_sedge_mosstundra16_m3m/MOSS/tile_13975.png,5
arctic_vegetation/20230724_sedge_mosstundra16_m3m/TUSS/tile_13976.png,10
arctic_vegetation/20230724_sedge_mosstundra16_m3m/TUSS/tile_13977.png,10
arctic_vegetation/20230724_sedge_mosstundra16_m3m/PETF/tile_14001.png,6
arctic_vegetation/20230724_sedge_mosstundra16_m3m/PETF/tile_14002.png,6
arctic_vegetation/20230724_sedge_mosstundra16_m3m/PETF/tile_14003.png,6
arctic_vegetation/20230724_sedge_mosstundra16_m3m/PETF/tile_14004.png,6
arctic_vegetation/20230724_sedge_mosstundra16_m3m/MOSS/tile_14145.png,5
arctic_vegetation/20230724_sedge_mosstundra16_m3m/MOSS/tile_14146.png,5
arctic_vegetation/20230724_sedge_mosstundra16_m3m/MOSS/tile_14147.png,5
arctic_vegetation/20230724_sedge_mosstundra16_m3m/MOSS/tile_14148.png,5
arctic_vegetation/20230724_sedge_mosstundra16_m3m/MOSS/tile_14149.png,5
arctic_vegetation/20230724_sedge_mosstundra16_m3m/MOSS/tile_14150.png,5
arctic_vegetation/20230724_sedge_mosstundra16_m3m/MOSS/tile_14151.png,5
arctic_vegetation/20230724_sedge_mosstundra16_m3m/MOSS/tile_14152.png,5
arctic_vegetation/20230724_sedge_mosstundra16_m3m/MOSS/tile_14153.png,5
arctic_vegetation/20230724_sedge_mosstundra16_m3m/TUSS/tile_14154.png,10
arctic_vegetation/20230724_sedge_mosstundra16_m3m/TUSS/tile_14155.png,10
arctic_vegetation/20230724_sedge_mosstundra16_m3m/TUSS/tile_14156.png,10
arctic_vegetation/20230724_sedge_mosstundra16_m3m/SEDG/tile_14158.png,9
arctic_vegetation/20230724_sedge_mosstundra16_m3m/SEDG/tile_14159.png,9
arctic_vegetation/20230724_sedge_mosstundra16_m3m/SEDG/tile_14160.png,9
arctic_vegetation/20230724_sedge_mosstundra16_m3m/SEDG/tile_14161.png,9
arctic_vegetation/20230724_sedge_mosstundra16_m3m/BIRC/tile_14162.png,2
arctic_vegetation/20230724_sedge_mosstundra16_m3m/BIRC/tile_14163.png,2
arctic_vegetation/20230724_sedge_mosstundra16_m3m/BIRC/tile_14164.png,2
arctic_vegetation/20230724_sedge_mosstundra16_m3m/BIRC/tile_14165.png,2
arctic_vegetation/20230724_sedge_mosstundra16_m3m/MOSS/tile_14167.png,5
arctic_vegetation/20230724_sedge_mosstundra16_m3m/MOSS/tile_14168.png,5
arctic_vegetation/20230724_sedge_mosstundra16_m3m/SEDG/tile_14171.png,9
arctic_vegetation/20230724_sedge_mosstundra16_m3m/SEDG/tile_14172.png,9
arctic_vegetation/20230724_sedge_mosstundra16_m3m/SEDG/tile_14173.png,9
arctic_vegetation/20230724_sedge_mosstundra16_m3m/SEDG/tile_14174.png,9
arctic_vegetation/20230724_sedge_mosstundra16_m3m/MOSS/tile_14175.png,5
arctic_vegetation/20230724_sedge_mosstundra16_m3m/MOSS/tile_14176.png,5
arctic_vegetation/20230724_sedge_mosstundra16_m3m/MOSS/tile_14177.png,5
arctic_vegetation/20230724_sedge_mosstundra16_m3m/TUSS/tile_14178.png,10
arctic_vegetation/20230724_sedge_mosstundra16_m3m/TUSS/tile_14179.png,10
arctic_vegetation/20230724_sedge_mosstundra16_m3m/TUSS/tile_14180.png,10
arctic_vegetation/20230724_sedge_mosstundra16_m3m/PETF/tile_14203.png,6
arctic_vegetation/20230724_sedge_mosstundra16_m3m/PETF/tile_14204.png,6
arctic_vegetation/20230724_sedge_mosstundra16_m3m/PETF/tile_14205.png,6
arctic_vegetation/20230724_sedge_mosstundra16_m3m/PETF/tile_14206.png,6
arctic_vegetation/20230724_sedge_mosstundra16_m3m/PETF/tile_14207.png,6
arctic_vegetation/20230724_sedge_mosstundra16_m3m/PETF/tile_14208.png,6
arctic_vegetation/20230724_sedge_mosstundra16_m3m/PETF/tile_14209.png,6
arctic_vegetation/20230724_sedge_mosstundra16_m3m/MOSS/tile_14348.png,5
arctic_vegetation/20230724_sedge_mosstundra16_m3m/MOSS/tile_14349.png,5
arctic_vegetation/20230724_sedge_mosstundra16_m3m/PETF/tile_14350.png,6
arctic_vegetation/20230724_sedge_mosstundra16_m3m/MOSS/tile_14351.png,5
arctic_vegetation/20230724_sedge_mosstundra16_m3m/MOSS/tile_14352.png,5
arctic_vegetation/20230724_sedge_mosstundra16_m3m/MOSS/tile_14353.png,5
arctic_vegetation/20230724_sedge_mosstundra16_m3m/MOSS/tile_14354.png,5
arctic_vegetation/20230724_sedge_mosstundra16_m3m/MOSS/tile_14355.png,5
arctic_vegetation/20230724_sedge_mosstundra16_m3m/MOSS/tile_14356.png,5
arctic_vegetation/20230724_sedge_mosstundra16_m3m/TUSS/tile_14357.png,10
arctic_vegetation/20230724_sedge_mosstundra16_m3m/TUSS/tile_14358.png,10
arctic_vegetation/20230724_sedge_mosstundra16_m3m/TUSS/tile_14359.png,10
arctic_vegetation/20230724_sedge_mosstundra16_m3m/SEDG/tile_14361.png,9
arctic_vegetation/20230724_sedge_mosstundra16_m3m/SEDG/tile_14362.png,9
arctic_vegetation/20230724_sedge_mosstundra16_m3m/SEDG/tile_14363.png,9
arctic_vegetation/20230724_sedge_mosstundra16_m3m/SEDG/tile_14364.png,9
arctic_vegetation/20230724_sedge_mosstundra16_m3m/TUSS/tile_14367.png,10
arctic_vegetation/20230724_sedge_mosstundra16_m3m/TUSS/tile_14368.png,10
arctic_vegetation/20230724_sedge_mosstundra16_m3m/MOSS/tile_14369.png,5
arctic_vegetation/20230724_sedge_mosstundra16_m3m/MOSS/tile_14370.png,5
arctic_vegetation/20230724_sedge_mosstundra16_m3m/MOSS/tile_14371.png,5
arctic_vegetation/20230724_sedge_mosstundra16_m3m/MOSS/tile_14372.png,5
arctic_vegetation/20230724_sedge_mosstundra16_m3m/SEDG/tile_14374.png,9
arctic_vegetation/20230724_sedge_mosstundra16_m3m/SEDG/tile_14375.png,9
arctic_vegetation/20230724_sedge_mosstundra16_m3m/SEDG/tile_14376.png,9
arctic_vegetation/20230724_sedge_mosstundra16_m3m/TUSS/tile_14378.png,10
arctic_vegetation/20230724_sedge_mosstundra16_m3m/MOSS/tile_14379.png,5
arctic_vegetation/20230724_sedge_mosstundra16_m3m/TUSS/tile_14380.png,10
arctic_vegetation/20230724_sedge_mosstundra16_m3m/TUSS/tile_14381.png,10
arctic_vegetation/20230724_sedge_mosstundra16_m3m/TUSS/tile_14382.png,10
arctic_vegetation/20230724_sedge_mosstundra16_m3m/TUSS/tile_14383.png,10
arctic_vegetation/20230724_sedge_mosstundra16_m3m/PETF/tile_14400.png,6
arctic_vegetation/20230724_sedge_mosstundra16_m3m/PETF/tile_14401.png,6
arctic_vegetation/20230724_sedge_mosstundra16_m3m/MOSS/tile_14403.png,5
arctic_vegetation/20230724_sedge_mosstundra16_m3m/MOSS/tile_14404.png,5
arctic_vegetation/20230724_sedge_mosstundra16_m3m/MOSS/tile_14405.png,5
arctic_vegetation/20230724_sedge_mosstundra16_m3m/PETF/tile_14406.png,6
arctic_vegetation/20230724_sedge_mosstundra16_m3m/PETF/tile_14407.png,6
arctic_vegetation/20230724_sedge_mosstundra16_m3m/PETF/tile_14408.png,6
arctic_vegetation/20230724_sedge_mosstundra16_m3m/PETF/tile_14409.png,6
arctic_vegetation/20230724_sedge_mosstundra16_m3m/PETF/tile_14410.png,6
arctic_vegetation/20230724_sedge_mosstundra16_m3m/PETF/tile_14411.png,6
arctic_vegetation/20230724_sedge_mosstundra16_m3m/PETF/tile_14412.png,6
arctic_vegetation/20230724_sedge_mosstundra16_m3m/PETF/tile_14553.png,6
arctic_vegetation/20230724_sedge_mosstundra16_m3m/MOSS/tile_14554.png,5
arctic_vegetation/20230724_sedge_mosstundra16_m3m/MOSS/tile_14555.png,5
arctic_vegetation/20230724_sedge_mosstundra16_m3m/MOSS/tile_14556.png,5
arctic_vegetation/20230724_sedge_mosstundra16_m3m/MOSS/tile_14557.png,5
arctic_vegetation/20230724_sedge_mosstundra16_m3m/MOSS/tile_14558.png,5
arctic_vegetation/20230724_sedge_mosstundra16_m3m/MOSS/tile_14559.png,5
arctic_vegetation/20230724_sedge_mosstundra16_m3m/TUSS/tile_14560.png,10
arctic_vegetation/20230724_sedge_mosstundra16_m3m/TUSS/tile_14561.png,10
arctic_vegetation/20230724_sedge_mosstundra16_m3m/SEDG/tile_14562.png,9
arctic_vegetation/20230724_sedge_mosstundra16_m3m/SEDG/tile_14563.png,9
arctic_vegetation/20230724_sedge_mosstundra16_m3m/SEDG/tile_14564.png,9
arctic_vegetation/20230724_sedge_mosstundra16_m3m/SEDG/tile_14565.png,9
arctic_vegetation/20230724_sedge_mosstundra16_m3m/SEDG/tile_14566.png,9
arctic_vegetation/20230724_sedge_mosstundra16_m3m/MOSS/tile_14567.png,5
arctic_vegetation/20230724_sedge_mosstundra16_m3m/MOSS/tile_14568.png,5
arctic_vegetation/20230724_sedge_mosstundra16_m3m/MOSS/tile_14570.png,5
arctic_vegetation/20230724_sedge_mosstundra16_m3m/MOSS/tile_14571.png,5
arctic_vegetation/20230724_sedge_mosstundra16_m3m/MOSS/tile_14572.png,5
arctic_vegetation/20230724_sedge_mosstundra16_m3m/MOSS/tile_14573.png,5
arctic_vegetation/20230724_sedge_mosstundra16_m3m/MOSS/tile_14574.png,5
arctic_vegetation/20230724_sedge_mosstundra16_m3m/MOSS/tile_14575.png,5
arctic_vegetation/20230724_sedge_mosstundra16_m3m/SEDG/tile_14577.png,9
arctic_vegetation/20230724_sedge_mosstundra16_m3m/SEDG/tile_14578.png,9
arctic_vegetation/20230724_sedge_mosstundra16_m3m/SEDG/tile_14579.png,9
arctic_vegetation/20230724_sedge_mosstundra16_m3m/SEDG/tile_14580.png,9
arctic_vegetation/20230724_sedge_mosstundra16_m3m/SEDG/tile_14581.png,9
arctic_vegetation/20230724_sedge_mosstundra16_m3m/MOSS/tile_14582.png,5
arctic_vegetation/20230724_sedge_mosstundra16_m3m/TUSS/tile_14583.png,10
arctic_vegetation/20230724_sedge_mosstundra16_m3m/TUSS/tile_14584.png,10
arctic_vegetation/20230724_sedge_mosstundra16_m3m/TUSS/tile_14585.png,10
arctic_vegetation/20230724_sedge_mosstundra16_m3m/TUSS/tile_14586.png,10
arctic_vegetation/20230724_sedge_mosstundra16_m3m/LICH/tile_14602.png,4
arctic_vegetation/20230724_sedge_mosstundra16_m3m/PETF/tile_14603.png,6
arctic_vegetation/20230724_sedge_mosstundra16_m3m/PETF/tile_14604.png,6
arctic_vegetation/20230724_sedge_mosstundra16_m3m/PETF/tile_14605.png,6
arctic_vegetation/20230724_sedge_mosstundra16_m3m/MOSS/tile_14606.png,5
arctic_vegetation/20230724_sedge_mosstundra16_m3m/SEDG/tile_14607.png,9
arctic_vegetation/20230724_sedge_mosstundra16_m3m/SEDG/tile_14608.png,9
arctic_vegetation/20230724_sedge_mosstundra16_m3m/PETF/tile_14609.png,6
arctic_vegetation/20230724_sedge_mosstundra16_m3m/PETF/tile_14610.png,6
arctic_vegetation/20230724_sedge_mosstundra16_m3m/LICH/tile_14611.png,4
arctic_vegetation/20230724_sedge_mosstundra16_m3m/LICH/tile_14612.png,4
arctic_vegetation/20230724_sedge_mosstundra16_m3m/PETF/tile_14614.png,6
arctic_vegetation/20230724_sedge_mosstundra16_m3m/PETF/tile_14615.png,6
arctic_vegetation/20230724_sedge_mosstundra16_m3m/MOSS/tile_14757.png,5
arctic_vegetation/20230724_sedge_mosstundra16_m3m/MOSS/tile_14758.png,5
arctic_vegetation/20230724_sedge_mosstundra16_m3m/MOSS/tile_14759.png,5
arctic_vegetation/20230724_sedge_mosstundra16_m3m/TUSS/tile_14760.png,10
arctic_vegetation/20230724_sedge_mosstundra16_m3m/TUSS/tile_14761.png,10
arctic_vegetation/20230724_sedge_mosstundra16_m3m/TUSS/tile_14762.png,10
arctic_vegetation/20230724_sedge_mosstundra16_m3m/SEDG/tile_14765.png,9
arctic_vegetation/20230724_sedge_mosstundra16_m3m/SEDG/tile_14766.png,9
arctic_vegetation/20230724_sedge_mosstundra16_m3m/SEDG/tile_14767.png,9
arctic_vegetation/20230724_sedge_mosstundra16_m3m/MOSS/tile_14770.png,5
arctic_vegetation/20230724_sedge_mosstundra16_m3m/MOSS/tile_14771.png,5
arctic_vegetation/20230724_sedge_mosstundra16_m3m/MOSS/tile_14773.png,5
arctic_vegetation/20230724_sedge_mosstundra16_m3m/MOSS/tile_14774.png,5
arctic_vegetation/20230724_sedge_mosstundra16_m3m/MOSS/tile_14775.png,5
arctic_vegetation/20230724_sedge_mosstundra16_m3m/MOSS/tile_14776.png,5
arctic_vegetation/20230724_sedge_mosstundra16_m3m/MOSS/tile_14777.png,5
arctic_vegetation/20230724_sedge_mosstundra16_m3m/MOSS/tile_14778.png,5
arctic_vegetation/20230724_sedge_mosstundra16_m3m/SEDG/tile_14780.png,9
arctic_vegetation/20230724_sedge_mosstundra16_m3m/SEDG/tile_14781.png,9
arctic_vegetation/20230724_sedge_mosstundra16_m3m/SEDG/tile_14782.png,9
arctic_vegetation/20230724_sedge_mosstundra16_m3m/SEDG/tile_14783.png,9
arctic_vegetation/20230724_sedge_mosstundra16_m3m/SEDG/tile_14784.png,9
arctic_vegetation/20230724_sedge_mosstundra16_m3m/SEDG/tile_14785.png,9
arctic_vegetation/20230724_sedge_mosstundra16_m3m/SEDG/tile_14786.png,9
arctic_vegetation/20230724_sedge_mosstundra16_m3m/BIRC/tile_14787.png,2
arctic_vegetation/20230724_sedge_mosstundra16_m3m/BIRC/tile_14788.png,2
arctic_vegetation/20230724_sedge_mosstundra16_m3m/SEDG/tile_14789.png,9
arctic_vegetation/20230724_sedge_mosstundra16_m3m/LICH/tile_14805.png,4
arctic_vegetation/20230724_sedge_mosstundra16_m3m/PETF/tile_14806.png,6
arctic_vegetation/20230724_sedge_mosstundra16_m3m/PETF/tile_14807.png,6
arctic_vegetation/20230724_sedge_mosstundra16_m3m/PETF/tile_14808.png,6
arctic_vegetation/20230724_sedge_mosstundra16_m3m/MOSS/tile_14809.png,5
arctic_vegetation/20230724_sedge_mosstundra16_m3m/SEDG/tile_14810.png,9
arctic_vegetation/20230724_sedge_mosstundra16_m3m/SEDG/tile_14811.png,9
arctic_vegetation/20230724_sedge_mosstundra16_m3m/SEDG/tile_14812.png,9
arctic_vegetation/20230724_sedge_mosstundra16_m3m/SEDG/tile_14813.png,9
arctic_vegetation/20230724_sedge_mosstundra16_m3m/LICH/tile_14814.png,4
arctic_vegetation/20230724_sedge_mosstundra16_m3m/LICH/tile_14815.png,4
arctic_vegetation/20230724_sedge_mosstundra16_m3m/MOSS/tile_14816.png,5
arctic_vegetation/20230724_sedge_mosstundra16_m3m/TUSS/tile_14961.png,10
arctic_vegetation/20230724_sedge_mosstundra16_m3m/TUSS/tile_14962.png,10
arctic_vegetation/20230724_sedge_mosstundra16_m3m/TUSS/tile_14963.png,10
arctic_vegetation/20230724_sedge_mosstundra16_m3m/TUSS/tile_14964.png,10
arctic_vegetation/20230724_sedge_mosstundra16_m3m/TUSS/tile_14965.png,10
arctic_vegetation/20230724_sedge_mosstundra16_m3m/SEDG/tile_14968.png,9
arctic_vegetation/20230724_sedge_mosstundra16_m3m/SEDG/tile_14969.png,9
arctic_vegetation/20230724_sedge_mosstundra16_m3m/SEDG/tile_14970.png,9
arctic_vegetation/20230724_sedge_mosstundra16_m3m/MOSS/tile_14973.png,5
arctic_vegetation/20230724_sedge_mosstundra16_m3m/MOSS/tile_14974.png,5
arctic_vegetation/20230724_sedge_mosstundra16_m3m/MOSS/tile_14985.png,5
arctic_vegetation/20230724_sedge_mosstundra16_m3m/SEDG/tile_14986.png,9
arctic_vegetation/20230724_sedge_mosstundra16_m3m/SEDG/tile_14987.png,9
arctic_vegetation/20230724_sedge_mosstundra16_m3m/SEDG/tile_14988.png,9
arctic_vegetation/20230724_sedge_mosstundra16_m3m/SEDG/tile_14989.png,9
arctic_vegetation/20230724_sedge_mosstundra16_m3m/BIRC/tile_14990.png,2
arctic_vegetation/20230724_sedge_mosstundra16_m3m/BIRC/tile_14991.png,2
arctic_vegetation/20230724_sedge_mosstundra16_m3m/SEDG/tile_14992.png,9
arctic_vegetation/20230724_sedge_mosstundra16_m3m/LICH/tile_15008.png,4
arctic_vegetation/20230724_sedge_mosstundra16_m3m/LICH/tile_15009.png,4
arctic_vegetation/20230724_sedge_mosstundra16_m3m/LICH/tile_15010.png,4
arctic_vegetation/20230724_sedge_mosstundra16_m3m/SEDG/tile_15011.png,9
arctic_vegetation/20230724_sedge_mosstundra16_m3m/MOSS/tile_15013.png,5
arctic_vegetation/20230724_sedge_mosstundra16_m3m/SEDG/tile_15014.png,9
arctic_vegetation/20230724_sedge_mosstundra16_m3m/SEDG/tile_15015.png,9
arctic_vegetation/20230724_sedge_mosstundra16_m3m/LICH/tile_15016.png,4
arctic_vegetation/20230724_sedge_mosstundra16_m3m/LICH/tile_15017.png,4
arctic_vegetation/20230724_sedge_mosstundra16_m3m/LICH/tile_15018.png,4
arctic_vegetation/20230724_sedge_mosstundra16_m3m/MOSS/tile_15019.png,5
arctic_vegetation/20230724_sedge_mosstundra16_m3m/TUSS/tile_15166.png,10
arctic_vegetation/20230724_sedge_mosstundra16_m3m/TUSS/tile_15167.png,10
arctic_vegetation/20230724_sedge_mosstundra16_m3m/TUSS/tile_15168.png,10
arctic_vegetation/20230724_sedge_mosstundra16_m3m/SEDG/tile_15190.png,9
arctic_vegetation/20230724_sedge_mosstundra16_m3m/SEDG/tile_15191.png,9
arctic_vegetation/20230724_sedge_mosstundra16_m3m/SEDG/tile_15192.png,9
arctic_vegetation/20230724_sedge_mosstundra16_m3m/BIRC/tile_15193.png,2
arctic_vegetation/20230724_sedge_mosstundra16_m3m/BIRC/tile_15194.png,2
arctic_vegetation/20230724_sedge_mosstundra16_m3m/SEDG/tile_15195.png,9
arctic_vegetation/20230724_sedge_mosstundra16_m3m/LICH/tile_15217.png,4
arctic_vegetation/20230724_sedge_mosstundra16_m3m/LICH/tile_15218.png,4
arctic_vegetation/20230724_sedge_mosstundra16_m3m/MOSS/tile_15220.png,5
arctic_vegetation/20230724_sedge_mosstundra16_m3m/MOSS/tile_15221.png,5
arctic_vegetation/20230724_sedge_mosstundra16_m3m/MOSS/tile_15222.png,5
arctic_vegetation/20230724_sedge_mosstundra16_m3m/BIRC/tile_15379.png,2
arctic_vegetation/20230724_sedge_mosstundra16_m3m/BIRC/tile_15380.png,2
arctic_vegetation/20230724_sedge_mosstundra16_m3m/MOSS/tile_15384.png,5
arctic_vegetation/20230724_sedge_mosstundra16_m3m/MOSS/tile_15385.png,5
arctic_vegetation/20230724_sedge_mosstundra16_m3m/BIRC/tile_15393.png,2
arctic_vegetation/20230724_sedge_mosstundra16_m3m/BIRC/tile_15394.png,2
arctic_vegetation/20230724_sedge_mosstundra16_m3m/BIRC/tile_15395.png,2
arctic_vegetation/20230724_sedge_mosstundra16_m3m/BIRC/tile_15396.png,2
arctic_vegetation/20230724_sedge_mosstundra16_m3m/SEDG/tile_15397.png,9
arctic_vegetation/20230724_sedge_mosstundra16_m3m/SEDG/tile_15398.png,9
arctic_vegetation/20230724_sedge_mosstundra16_m3m/LICH/tile_15420.png,4
arctic_vegetation/20230724_sedge_mosstundra16_m3m/LICH/tile_15421.png,4
arctic_vegetation/20230724_sedge_mosstundra16_m3m/MOSS/tile_15581.png,5
arctic_vegetation/20230724_sedge_mosstundra16_m3m/MOSS/tile_15582.png,5
arctic_vegetation/20230724_sedge_mosstundra16_m3m/MOSS/tile_15583.png,5
arctic_vegetation/20230724_sedge_mosstundra16_m3m/BIRC/tile_15584.png,2
arctic_vegetation/20230724_sedge_mosstundra16_m3m/BIRC/tile_15585.png,2
arctic_vegetation/20230724_sedge_mosstundra16_m3m/BIRC/tile_15586.png,2
arctic_vegetation/20230724_sedge_mosstundra16_m3m/MOSS/tile_15587.png,5
arctic_vegetation/20230724_sedge_mosstundra16_m3m/MOSS/tile_15588.png,5
arctic_vegetation/20230724_sedge_mosstundra16_m3m/MOSS/tile_15773.png,5
arctic_vegetation/20230724_sedge_mosstundra16_m3m/MOSS/tile_15774.png,5
arctic_vegetation/20230724_sedge_mosstundra16_m3m/MOSS/tile_15775.png,5
arctic_vegetation/20230724_sedge_mosstundra16_m3m/MOSS/tile_15777.png,5
arctic_vegetation/20230724_sedge_mosstundra16_m3m/MOSS/tile_15778.png,5
arctic_vegetation/20230724_sedge_mosstundra16_m3m/MOSS/tile_15779.png,5
arctic_vegetation/20230724_sedge_mosstundra16_m3m/MOSS/tile_15780.png,5
arctic_vegetation/20230724_sedge_mosstundra16_m3m/MOSS/tile_15784.png,5
arctic_vegetation/20230724_sedge_mosstundra16_m3m/MOSS/tile_15785.png,5
arctic_vegetation/20230724_sedge_mosstundra16_m3m/MOSS/tile_15786.png,5
arctic_vegetation/20230724_sedge_mosstundra16_m3m/BIRC/tile_15787.png,2
arctic_vegetation/20230724_sedge_mosstundra16_m3m/BIRC/tile_15788.png,2
arctic_vegetation/20230724_sedge_mosstundra16_m3m/BIRC/tile_15789.png,2
arctic_vegetation/20230724_sedge_mosstundra16_m3m/MOSS/tile_15790.png,5
arctic_vegetation/20230724_sedge_mosstundra16_m3m/MOSS/tile_15791.png,5
arctic_vegetation/20230724_sedge_mosstundra16_m3m/BIRC/tile_15974.png,2
arctic_vegetation/20230724_sedge_mosstundra16_m3m/MOSS/tile_15975.png,5
arctic_vegetation/20230724_sedge_mosstundra16_m3m/MOSS/tile_15976.png,5
arctic_vegetation/20230724_sedge_mosstundra16_m3m/MOSS/tile_15977.png,5
arctic_vegetation/20230724_sedge_mosstundra16_m3m/MOSS/tile_15978.png,5
arctic_vegetation/20230724_sedge_mosstundra16_m3m/MOSS/tile_15979.png,5
arctic_vegetation/20230724_sedge_mosstundra16_m3m/MOSS/tile_15980.png,5
arctic_vegetation/20230724_sedge_mosstundra16_m3m/MOSS/tile_15981.png,5
arctic_vegetation/20230724_sedge_mosstundra16_m3m/MOSS/tile_15982.png,5
arctic_vegetation/20230724_sedge_mosstundra16_m3m/MOSS/tile_15983.png,5
arctic_vegetation/20230724_sedge_mosstundra16_m3m/MOSS/tile_15988.png,5
arctic_vegetation/20230724_sedge_mosstundra16_m3m/MOSS/tile_15989.png,5
arctic_vegetation/20230724_sedge_mosstundra16_m3m/BIRC/tile_15990.png,2
arctic_vegetation/20230724_sedge_mosstundra16_m3m/BIRC/tile_15991.png,2
arctic_vegetation/20230724_sedge_mosstundra16_m3m/BIRC/tile_15992.png,2
arctic_vegetation/20230724_sedge_mosstundra16_m3m/BIRC/tile_15993.png,2
arctic_vegetation/20230724_sedge_mosstundra16_m3m/BIRC/tile_15994.png,2
arctic_vegetation/20230724_sedge_mosstundra16_m3m/BIRC/tile_16177.png,2
arctic_vegetation/20230724_sedge_mosstundra16_m3m/MOSS/tile_16178.png,5
arctic_vegetation/20230724_sedge_mosstundra16_m3m/MOSS/tile_16179.png,5
arctic_vegetation/20230724_sedge_mosstundra16_m3m/MOSS/tile_16180.png,5
arctic_vegetation/20230724_sedge_mosstundra16_m3m/BIRC/tile_16181.png,2
arctic_vegetation/20230724_sedge_mosstundra16_m3m/MOSS/tile_16182.png,5
arctic_vegetation/20230724_sedge_mosstundra16_m3m/MOSS/tile_16183.png,5
arctic_vegetation/20230724_sedge_mosstundra16_m3m/MOSS/tile_16184.png,5
arctic_vegetation/20230724_sedge_mosstundra16_m3m/MOSS/tile_16185.png,5
arctic_vegetation/20230724_sedge_mosstundra16_m3m/MOSS/tile_16191.png,5
arctic_vegetation/20230724_sedge_mosstundra16_m3m/MOSS/tile_16192.png,5
arctic_vegetation/20230724_sedge_mosstundra16_m3m/BIRC/tile_16193.png,2
arctic_vegetation/20230724_sedge_mosstundra16_m3m/BIRC/tile_16194.png,2
arctic_vegetation/20230724_sedge_mosstundra16_m3m/BIRC/tile_16195.png,2
arctic_vegetation/20230724_sedge_mosstundra16_m3m/BIRC/tile_16196.png,2
arctic_vegetation/20230724_sedge_mosstundra16_m3m/BIRC/tile_16197.png,2
arctic_vegetation/20230724_sedge_mosstundra16_m3m/MOSS/tile_16378.png,5
arctic_vegetation/20230724_sedge_mosstundra16_m3m/MOSS/tile_16379.png,5
arctic_vegetation/20230724_sedge_mosstundra16_m3m/MOSS/tile_16380.png,5
arctic_vegetation/20230724_sedge_mosstundra16_m3m/MOSS/tile_16381.png,5
arctic_vegetation/20230724_sedge_mosstundra16_m3m/MOSS/tile_16382.png,5
arctic_vegetation/20230724_sedge_mosstundra16_m3m/BIRC/tile_16383.png,2
arctic_vegetation/20230724_sedge_mosstundra16_m3m/BIRC/tile_16384.png,2
arctic_vegetation/20230724_sedge_mosstundra16_m3m/MOSS/tile_16385.png,5
arctic_vegetation/20230724_sedge_mosstundra16_m3m/MOSS/tile_16386.png,5
arctic_vegetation/20230724_sedge_mosstundra16_m3m/MOSS/tile_16387.png,5
arctic_vegetation/20230724_sedge_mosstundra16_m3m/MOSS/tile_16388.png,5
arctic_vegetation/20230724_sedge_mosstundra16_m3m/BIRC/tile_16395.png,2
arctic_vegetation/20230724_sedge_mosstundra16_m3m/BIRC/tile_16396.png,2
arctic_vegetation/20230724_sedge_mosstundra16_m3m/BIRC/tile_16397.png,2
arctic_vegetation/20230724_sedge_mosstundra16_m3m/BIRC/tile_16398.png,2
arctic_vegetation/20230724_sedge_mosstundra16_m3m/BIRC/tile_16399.png,2
arctic_vegetation/20230724_sedge_mosstundra16_m3m/BIRC/tile_16400.png,2
arctic_vegetation/20230724_sedge_mosstundra16_m3m/MOSS/tile_16581.png,5
arctic_vegetation/20230724_sedge_mosstundra16_m3m/MOSS/tile_16582.png,5
arctic_vegetation/20230724_sedge_mosstundra16_m3m/MOSS/tile_16583.png,5
arctic_vegetation/20230724_sedge_mosstundra16_m3m/MOSS/tile_16584.png,5
arctic_vegetation/20230724_sedge_mosstundra16_m3m/MOSS/tile_16585.png,5
arctic_vegetation/20230724_sedge_mosstundra16_m3m/BIRC/tile_16586.png,2
arctic_vegetation/20230724_sedge_mosstundra16_m3m/BIRC/tile_16587.png,2
arctic_vegetation/20230724_sedge_mosstundra16_m3m/BIRC/tile_16598.png,2
arctic_vegetation/20230724_sedge_mosstundra16_m3m/BIRC/tile_16599.png,2
arctic_vegetation/20230724_sedge_mosstundra16_m3m/BIRC/tile_16600.png,2
arctic_vegetation/20230724_sedge_mosstundra16_m3m/BIRC/tile_16601.png,2
arctic_vegetation/20230724_sedge_mosstundra16_m3m/BIRC/tile_16602.png,2
arctic_vegetation/20230724_sedge_mosstundra16_m3m/BIRC/tile_16603.png,2
arctic_vegetation/20230724_sedge_mosstundra16_m3m/MOSS/tile_16786.png,5
arctic_vegetation/20230724_sedge_mosstundra16_m3m/MOSS/tile_16787.png,5
arctic_vegetation/20230724_sedge_mosstundra16_m3m/MOSS/tile_16788.png,5
arctic_vegetation/20230724_sedge_mosstundra16_m3m/BIRC/tile_16789.png,2
arctic_vegetation/20230724_sedge_mosstundra16_m3m/BIRC/tile_16790.png,2
arctic_vegetation/20230724_sedge_mosstundra16_m3m/MOSS/tile_16805.png,5
arctic_vegetation/20230724_sedge_mosstundra16_m3m/MOSS/tile_16806.png,5
arctic_vegetation/20230724_sedge_mosstundra16_m3m/WILL/tile_16988.png,11
arctic_vegetation/20230724_sedge_mosstundra16_m3m/MOSS/tile_16989.png,5
arctic_vegetation/20230724_sedge_mosstundra16_m3m/MOSS/tile_16990.png,5
arctic_vegetation/20230724_sedge_mosstundra16_m3m/MOSS/tile_16991.png,5
arctic_vegetation/20230724_sedge_mosstundra16_m3m/BIRC/tile_16992.png,2
arctic_vegetation/20230724_sedge_mosstundra16_m3m/BIRC/tile_16993.png,2
arctic_vegetation/20230724_sedge_mosstundra16_m3m/MOSS/tile_16994.png,5
arctic_vegetation/20230724_sedge_mosstundra16_m3m/TUSS/tile_17070.png,10
arctic_vegetation/20230724_sedge_mosstundra16_m3m/TUSS/tile_17071.png,10
arctic_vegetation/20230724_sedge_mosstundra16_m3m/WILL/tile_17188.png,11
arctic_vegetation/20230724_sedge_mosstundra16_m3m/WILL/tile_17189.png,11
arctic_vegetation/20230724_sedge_mosstundra16_m3m/WILL/tile_17190.png,11
arctic_vegetation/20230724_sedge_mosstundra16_m3m/MOSS/tile_17191.png,5
arctic_vegetation/20230724_sedge_mosstundra16_m3m/MOSS/tile_17192.png,5
arctic_vegetation/20230724_sedge_mosstundra16_m3m/MOSS/tile_17193.png,5
arctic_vegetation/20230724_sedge_mosstundra16_m3m/WILL/tile_17194.png,11
arctic_vegetation/20230724_sedge_mosstundra16_m3m/WILL/tile_17195.png,11
arctic_vegetation/20230724_sedge_mosstundra16_m3m/MOSS/tile_17196.png,5
arctic_vegetation/20230724_sedge_mosstundra16_m3m/MOSS/tile_17197.png,5
arctic_vegetation/20230724_sedge_mosstundra16_m3m/MOSS/tile_17200.png,5
arctic_vegetation/20230724_sedge_mosstundra16_m3m/MOSS/tile_17201.png,5
arctic_vegetation/20230724_sedge_mosstundra16_m3m/MOSS/tile_17202.png,5
arctic_vegetation/20230724_sedge_mosstundra16_m3m/TUSS/tile_17272.png,10
arctic_vegetation/20230724_sedge_mosstundra16_m3m/TUSS/tile_17273.png,10
arctic_vegetation/20230724_sedge_mosstundra16_m3m/TUSS/tile_17274.png,10
arctic_vegetation/20230724_sedge_mosstundra16_m3m/TUSS/tile_17275.png,10
arctic_vegetation/20230724_sedge_mosstundra16_m3m/TUSS/tile_17276.png,10
arctic_vegetation/20230724_sedge_mosstundra16_m3m/TUSS/tile_17277.png,10
arctic_vegetation/20230724_sedge_mosstundra16_m3m/TUSS/tile_17278.png,10
arctic_vegetation/20230724_sedge_mosstundra16_m3m/TUSS/tile_17279.png,10
arctic_vegetation/20230724_sedge_mosstundra16_m3m/WILL/tile_17391.png,11
arctic_vegetation/20230724_sedge_mosstundra16_m3m/WILL/tile_17392.png,11
arctic_vegetation/20230724_sedge_mosstundra16_m3m/MOSS/tile_17393.png,5
arctic_vegetation/20230724_sedge_mosstundra16_m3m/MOSS/tile_17394.png,5
arctic_vegetation/20230724_sedge_mosstundra16_m3m/MOSS/tile_17395.png,5
arctic_vegetation/20230724_sedge_mosstundra16_m3m/MOSS/tile_17396.png,5
arctic_vegetation/20230724_sedge_mosstundra16_m3m/WILL/tile_17397.png,11
arctic_vegetation/20230724_sedge_mosstundra16_m3m/WILL/tile_17398.png,11
arctic_vegetation/20230724_sedge_mosstundra16_m3m/MOSS/tile_17399.png,5
arctic_vegetation/20230724_sedge_mosstundra16_m3m/MOSS/tile_17400.png,5
arctic_vegetation/20230724_sedge_mosstundra16_m3m/MOSS/tile_17403.png,5
arctic_vegetation/20230724_sedge_mosstundra16_m3m/MOSS/tile_17404.png,5
arctic_vegetation/20230724_sedge_mosstundra16_m3m/MOSS/tile_17405.png,5
arctic_vegetation/20230724_sedge_mosstundra16_m3m/TUSS/tile_17475.png,10
arctic_vegetation/20230724_sedge_mosstundra16_m3m/TUSS/tile_17476.png,10
arctic_vegetation/20230724_sedge_mosstundra16_m3m/TUSS/tile_17477.png,10
arctic_vegetation/20230724_sedge_mosstundra16_m3m/TUSS/tile_17478.png,10
arctic_vegetation/20230724_sedge_mosstundra16_m3m/TUSS/tile_17479.png,10
arctic_vegetation/20230724_sedge_mosstundra16_m3m/TUSS/tile_17480.png,10
arctic_vegetation/20230724_sedge_mosstundra16_m3m/TUSS/tile_17481.png,10
arctic_vegetation/20230724_sedge_mosstundra16_m3m/TUSS/tile_17482.png,10
arctic_vegetation/20230724_sedge_mosstundra16_m3m/WILL/tile_17594.png,11
arctic_vegetation/20230724_sedge_mosstundra16_m3m/MOSS/tile_17595.png,5
arctic_vegetation/20230724_sedge_mosstundra16_m3m/MOSS/tile_17596.png,5
arctic_vegetation/20230724_sedge_mosstundra16_m3m/MOSS/tile_17597.png,5
arctic_vegetation/20230724_sedge_mosstundra16_m3m/MOSS/tile_17598.png,5
arctic_vegetation/20230724_sedge_mosstundra16_m3m/MOSS/tile_17599.png,5
arctic_vegetation/20230724_sedge_mosstundra16_m3m/WILL/tile_17600.png,11
arctic_vegetation/20230724_sedge_mosstundra16_m3m/WILL/tile_17601.png,11
arctic_vegetation/20230724_sedge_mosstundra16_m3m/MOSS/tile_17602.png,5
arctic_vegetation/20230724_sedge_mosstundra16_m3m/MOSS/tile_17603.png,5
arctic_vegetation/20230724_sedge_mosstundra16_m3m/MOSS/tile_17606.png,5
arctic_vegetation/20230724_sedge_mosstundra16_m3m/MOSS/tile_17607.png,5
arctic_vegetation/20230724_sedge_mosstundra16_m3m/MOSS/tile_17608.png,5
arctic_vegetation/20230724_sedge_mosstundra16_m3m/TUSS/tile_17678.png,10
arctic_vegetation/20230724_sedge_mosstundra16_m3m/TUSS/tile_17679.png,10
arctic_vegetation/20230724_sedge_mosstundra16_m3m/TUSS/tile_17680.png,10
arctic_vegetation/20230724_sedge_mosstundra16_m3m/TUSS/tile_17682.png,10
arctic_vegetation/20230724_sedge_mosstundra16_m3m/TUSS/tile_17683.png,10
arctic_vegetation/20230724_sedge_mosstundra16_m3m/TUSS/tile_17684.png,10
arctic_vegetation/20230724_sedge_mosstundra16_m3m/TUSS/tile_17685.png,10
arctic_vegetation/20230724_sedge_mosstundra16_m3m/WILL/tile_17797.png,11
arctic_vegetation/20230724_sedge_mosstundra16_m3m/MOSS/tile_17798.png,5
arctic_vegetation/20230724_sedge_mosstundra16_m3m/MOSS/tile_17799.png,5
arctic_vegetation/20230724_sedge_mosstundra16_m3m/MOSS/tile_17800.png,5
arctic_vegetation/20230724_sedge_mosstundra16_m3m/WILL/tile_17801.png,11
arctic_vegetation/20230724_sedge_mosstundra16_m3m/WILL/tile_17802.png,11
arctic_vegetation/20230724_sedge_mosstundra16_m3m/BIRC/tile_17803.png,2
arctic_vegetation/20230724_sedge_mosstundra16_m3m/MOSS/tile_17804.png,5
arctic_vegetation/20230724_sedge_mosstundra16_m3m/MOSS/tile_17805.png,5
arctic_vegetation/20230724_sedge_mosstundra16_m3m/RUBC/tile_17806.png,8
arctic_vegetation/20230724_sedge_mosstundra16_m3m/RUBC/tile_17807.png,8
arctic_vegetation/20230724_sedge_mosstundra16_m3m/MOSS/tile_17814.png,5
arctic_vegetation/20230724_sedge_mosstundra16_m3m/MOSS/tile_17815.png,5
arctic_vegetation/20230724_sedge_mosstundra16_m3m/MOSS/tile_17816.png,5
arctic_vegetation/20230724_sedge_mosstundra16_m3m/MOSS/tile_17817.png,5
arctic_vegetation/20230724_sedge_mosstundra16_m3m/MOSS/tile_17818.png,5
arctic_vegetation/20230724_sedge_mosstundra16_m3m/MOSS/tile_17819.png,5
arctic_vegetation/20230724_sedge_mosstundra16_m3m/TUSS/tile_17885.png,10
arctic_vegetation/20230724_sedge_mosstundra16_m3m/TUSS/tile_17886.png,10
arctic_vegetation/20230724_sedge_mosstundra16_m3m/TUSS/tile_17887.png,10
arctic_vegetation/20230724_sedge_mosstundra16_m3m/TUSS/tile_17892.png,10
arctic_vegetation/20230724_sedge_mosstundra16_m3m/TUSS/tile_17893.png,10
arctic_vegetation/20230724_sedge_mosstundra16_m3m/TUSS/tile_17894.png,10
arctic_vegetation/20230724_sedge_mosstundra16_m3m/WILL/tile_18000.png,11
arctic_vegetation/20230724_sedge_mosstundra16_m3m/WILL/tile_18001.png,11
arctic_vegetation/20230724_sedge_mosstundra16_m3m/WILL/tile_18002.png,11
arctic_vegetation/20230724_sedge_mosstundra16_m3m/WILL/tile_18003.png,11
arctic_vegetation/20230724_sedge_mosstundra16_m3m/WILL/tile_18004.png,11
arctic_vegetation/20230724_sedge_mosstundra16_m3m/WILL/tile_18005.png,11
arctic_vegetation/20230724_sedge_mosstundra16_m3m/MOSS/tile_18006.png,5
arctic_vegetation/20230724_sedge_mosstundra16_m3m/MOSS/tile_18007.png,5
arctic_vegetation/20230724_sedge_mosstundra16_m3m/MOSS/tile_18008.png,5
arctic_vegetation/20230724_sedge_mosstundra16_m3m/MOSS/tile_18009.png,5
arctic_vegetation/20230724_sedge_mosstundra16_m3m/MOSS/tile_18010.png,5
arctic_vegetation/20230724_sedge_mosstundra16_m3m/MOSS/tile_18013.png,5
arctic_vegetation/20230724_sedge_mosstundra16_m3m/MOSS/tile_18014.png,5
arctic_vegetation/20230724_sedge_mosstundra16_m3m/MOSS/tile_18015.png,5
arctic_vegetation/20230724_sedge_mosstundra16_m3m/MOSS/tile_18016.png,5
arctic_vegetation/20230724_sedge_mosstundra16_m3m/MOSS/tile_18017.png,5
arctic_vegetation/20230724_sedge_mosstundra16_m3m/MOSS/tile_18018.png,5
arctic_vegetation/20230724_sedge_mosstundra16_m3m/MOSS/tile_18019.png,5
arctic_vegetation/20230724_sedge_mosstundra16_m3m/MOSS/tile_18020.png,5
arctic_vegetation/20230724_sedge_mosstundra16_m3m/MOSS/tile_18021.png,5
arctic_vegetation/20230724_sedge_mosstundra16_m3m/MOSS/tile_18022.png,5
arctic_vegetation/20230724_sedge_mosstundra16_m3m/TUSS/tile_18088.png,10
arctic_vegetation/20230724_sedge_mosstundra16_m3m/TUSS/tile_18089.png,10
arctic_vegetation/20230724_sedge_mosstundra16_m3m/TUSS/tile_18090.png,10
arctic_vegetation/20230724_sedge_mosstundra16_m3m/TUSS/tile_18095.png,10
arctic_vegetation/20230724_sedge_mosstundra16_m3m/TUSS/tile_18096.png,10
arctic_vegetation/20230724_sedge_mosstundra16_m3m/TUSS/tile_18097.png,10
arctic_vegetation/20230724_sedge_mosstundra16_m3m/TUSS/tile_18098.png,10
arctic_vegetation/20230724_sedge_mosstundra16_m3m/TUSS/tile_18099.png,10
arctic_vegetation/20230724_sedge_mosstundra16_m3m/WILL/tile_18203.png,11
arctic_vegetation/20230724_sedge_mosstundra16_m3m/WILL/tile_18204.png,11
arctic_vegetation/20230724_sedge_mosstundra16_m3m/WILL/tile_18205.png,11
arctic_vegetation/20230724_sedge_mosstundra16_m3m/MOSS/tile_18206.png,5
arctic_vegetation/20230724_sedge_mosstundra16_m3m/MOSS/tile_18207.png,5
arctic_vegetation/20230724_sedge_mosstundra16_m3m/MOSS/tile_18208.png,5
arctic_vegetation/20230724_sedge_mosstundra16_m3m/MOSS/tile_18209.png,5
arctic_vegetation/20230724_sedge_mosstundra16_m3m/MOSS/tile_18210.png,5
arctic_vegetation/20230724_sedge_mosstundra16_m3m/MOSS/tile_18211.png,5
arctic_vegetation/20230724_sedge_mosstundra16_m3m/BIRC/tile_18212.png,2
arctic_vegetation/20230724_sedge_mosstundra16_m3m/MOSS/tile_18213.png,5
arctic_vegetation/20230724_sedge_mosstundra16_m3m/RUBC/tile_18214.png,8
arctic_vegetation/20230724_sedge_mosstundra16_m3m/MOSS/tile_18216.png,5
arctic_vegetation/20230724_sedge_mosstundra16_m3m/MOSS/tile_18217.png,5
arctic_vegetation/20230724_sedge_mosstundra16_m3m/MOSS/tile_18218.png,5
arctic_vegetation/20230724_sedge_mosstundra16_m3m/MOSS/tile_18219.png,5
arctic_vegetation/20230724_sedge_mosstundra16_m3m/MOSS/tile_18220.png,5
arctic_vegetation/20230724_sedge_mosstundra16_m3m/MOSS/tile_18221.png,5
arctic_vegetation/20230724_sedge_mosstundra16_m3m/MOSS/tile_18222.png,5
arctic_vegetation/20230724_sedge_mosstundra16_m3m/BIRC/tile_18223.png,2
arctic_vegetation/20230724_sedge_mosstundra16_m3m/BIRC/tile_18224.png,2
arctic_vegetation/20230724_sedge_mosstundra16_m3m/MOSS/tile_18268.png,5
arctic_vegetation/20230724_sedge_mosstundra16_m3m/MOSS/tile_18269.png,5
arctic_vegetation/20230724_sedge_mosstundra16_m3m/MOSS/tile_18270.png,5
arctic_vegetation/20230724_sedge_mosstundra16_m3m/MOSS/tile_18271.png,5
arctic_vegetation/20230724_sedge_mosstundra16_m3m/MOSS/tile_18272.png,5
arctic_vegetation/20230724_sedge_mosstundra16_m3m/MOSS/tile_18282.png,5
arctic_vegetation/20230724_sedge_mosstundra16_m3m/MOSS/tile_18283.png,5
arctic_vegetation/20230724_sedge_mosstundra16_m3m/MOSS/tile_18284.png,5
arctic_vegetation/20230724_sedge_mosstundra16_m3m/TUSS/tile_18288.png,10
arctic_vegetation/20230724_sedge_mosstundra16_m3m/TUSS/tile_18289.png,10
arctic_vegetation/20230724_sedge_mosstundra16_m3m/TUSS/tile_18290.png,10
arctic_vegetation/20230724_sedge_mosstundra16_m3m/TUSS/tile_18291.png,10
arctic_vegetation/20230724_sedge_mosstundra16_m3m/TUSS/tile_18292.png,10
arctic_vegetation/20230724_sedge_mosstundra16_m3m/TUSS/tile_18297.png,10
arctic_vegetation/20230724_sedge_mosstundra16_m3m/TUSS/tile_18298.png,10
arctic_vegetation/20230724_sedge_mosstundra16_m3m/TUSS/tile_18299.png,10
arctic_vegetation/20230724_sedge_mosstundra16_m3m/TUSS/tile_18300.png,10
arctic_vegetation/20230724_sedge_mosstundra16_m3m/TUSS/tile_18301.png,10
arctic_vegetation/20230724_sedge_mosstundra16_m3m/TUSS/tile_18302.png,10
arctic_vegetation/20230724_sedge_mosstundra16_m3m/MOSS/tile_18407.png,5
arctic_vegetation/20230724_sedge_mosstundra16_m3m/MOSS/tile_18408.png,5
arctic_vegetation/20230724_sedge_mosstundra16_m3m/MOSS/tile_18409.png,5
arctic_vegetation/20230724_sedge_mosstundra16_m3m/BIRC/tile_18410.png,2
arctic_vegetation/20230724_sedge_mosstundra16_m3m/BIRC/tile_18411.png,2
arctic_vegetation/20230724_sedge_mosstundra16_m3m/BIRC/tile_18412.png,2
arctic_vegetation/20230724_sedge_mosstundra16_m3m/BIRC/tile_18414.png,2
arctic_vegetation/20230724_sedge_mosstundra16_m3m/BIRC/tile_18415.png,2
arctic_vegetation/20230724_sedge_mosstundra16_m3m/BIRC/tile_18416.png,2
arctic_vegetation/20230724_sedge_mosstundra16_m3m/RUBC/tile_18417.png,8
arctic_vegetation/20230724_sedge_mosstundra16_m3m/MOSS/tile_18419.png,5
arctic_vegetation/20230724_sedge_mosstundra16_m3m/MOSS/tile_18420.png,5
arctic_vegetation/20230724_sedge_mosstundra16_m3m/MOSS/tile_18421.png,5
arctic_vegetation/20230724_sedge_mosstundra16_m3m/MOSS/tile_18422.png,5
arctic_vegetation/20230724_sedge_mosstundra16_m3m/MOSS/tile_18423.png,5
arctic_vegetation/20230724_sedge_mosstundra16_m3m/MOSS/tile_18424.png,5
arctic_vegetation/20230724_sedge_mosstundra16_m3m/BIRC/tile_18425.png,2
arctic_vegetation/20230724_sedge_mosstundra16_m3m/BIRC/tile_18426.png,2
arctic_vegetation/20230724_sedge_mosstundra16_m3m/BIRC/tile_18427.png,2
arctic_vegetation/20230724_sedge_mosstundra16_m3m/MOSS/tile_18471.png,5
arctic_vegetation/20230724_sedge_mosstundra16_m3m/MOSS/tile_18472.png,5
arctic_vegetation/20230724_sedge_mosstundra16_m3m/MOSS/tile_18473.png,5
arctic_vegetation/20230724_sedge_mosstundra16_m3m/MOSS/tile_18474.png,5
arctic_vegetation/20230724_sedge_mosstundra16_m3m/MOSS/tile_18475.png,5
arctic_vegetation/20230724_sedge_mosstundra16_m3m/MOSS/tile_18485.png,5
arctic_vegetation/20230724_sedge_mosstundra16_m3m/MOSS/tile_18486.png,5
arctic_vegetation/20230724_sedge_mosstundra16_m3m/MOSS/tile_18487.png,5
arctic_vegetation/20230724_sedge_mosstundra16_m3m/TUSS/tile_18488.png,10
arctic_vegetation/20230724_sedge_mosstundra16_m3m/TUSS/tile_18489.png,10
arctic_vegetation/20230724_sedge_mosstundra16_m3m/TUSS/tile_18491.png,10
arctic_vegetation/20230724_sedge_mosstundra16_m3m/TUSS/tile_18492.png,10
arctic_vegetation/20230724_sedge_mosstundra16_m3m/TUSS/tile_18493.png,10
arctic_vegetation/20230724_sedge_mosstundra16_m3m/TUSS/tile_18494.png,10
arctic_vegetation/20230724_sedge_mosstundra16_m3m/TUSS/tile_18495.png,10
arctic_vegetation/20230724_sedge_mosstundra16_m3m/TUSS/tile_18496.png,10
arctic_vegetation/20230724_sedge_mosstundra16_m3m/TUSS/tile_18497.png,10
arctic_vegetation/20230724_sedge_mosstundra16_m3m/TUSS/tile_18498.png,10
arctic_vegetation/20230724_sedge_mosstundra16_m3m/TUSS/tile_18500.png,10
arctic_vegetation/20230724_sedge_mosstundra16_m3m/TUSS/tile_18501.png,10
arctic_vegetation/20230724_sedge_mosstundra16_m3m/TUSS/tile_18502.png,10
arctic_vegetation/20230724_sedge_mosstundra16_m3m/TUSS/tile_18503.png,10
arctic_vegetation/20230724_sedge_mosstundra16_m3m/TUSS/tile_18504.png,10
arctic_vegetation/20230724_sedge_mosstundra16_m3m/TUSS/tile_18505.png,10
arctic_vegetation/20230724_sedge_mosstundra16_m3m/TUSS/tile_18506.png,10
arctic_vegetation/20230724_sedge_mosstundra16_m3m/TUSS/tile_18507.png,10
arctic_vegetation/20230724_sedge_mosstundra16_m3m/MOSS/tile_18610.png,5
arctic_vegetation/20230724_sedge_mosstundra16_m3m/MOSS/tile_18611.png,5
arctic_vegetation/20230724_sedge_mosstundra16_m3m/MOSS/tile_18612.png,5
arctic_vegetation/20230724_sedge_mosstundra16_m3m/MOSS/tile_18613.png,5
arctic_vegetation/20230724_sedge_mosstundra16_m3m/MOSS/tile_18614.png,5
arctic_vegetation/20230724_sedge_mosstundra16_m3m/MOSS/tile_18615.png,5
arctic_vegetation/20230724_sedge_mosstundra16_m3m/MOSS/tile_18616.png,5
arctic_vegetation/20230724_sedge_mosstundra16_m3m/BIRC/tile_18617.png,2
arctic_vegetation/20230724_sedge_mosstundra16_m3m/BIRC/tile_18618.png,2
arctic_vegetation/20230724_sedge_mosstundra16_m3m/BIRC/tile_18619.png,2
arctic_vegetation/20230724_sedge_mosstundra16_m3m/MOSS/tile_18622.png,5
arctic_vegetation/20230724_sedge_mosstundra16_m3m/MOSS/tile_18623.png,5
arctic_vegetation/20230724_sedge_mosstundra16_m3m/MOSS/tile_18624.png,5
arctic_vegetation/20230724_sedge_mosstundra16_m3m/MOSS/tile_18625.png,5
arctic_vegetation/20230724_sedge_mosstundra16_m3m/BIRC/tile_18626.png,2
arctic_vegetation/20230724_sedge_mosstundra16_m3m/BIRC/tile_18627.png,2
arctic_vegetation/20230724_sedge_mosstundra16_m3m/BIRC/tile_18628.png,2
arctic_vegetation/20230724_sedge_mosstundra16_m3m/BIRC/tile_18629.png,2
arctic_vegetation/20230724_sedge_mosstundra16_m3m/BIRC/tile_18630.png,2
arctic_vegetation/20230724_sedge_mosstundra16_m3m/MOSS/tile_18674.png,5
arctic_vegetation/20230724_sedge_mosstundra16_m3m/MOSS/tile_18675.png,5
arctic_vegetation/20230724_sedge_mosstundra16_m3m/MOSS/tile_18676.png,5
arctic_vegetation/20230724_sedge_mosstundra16_m3m/MOSS/tile_18677.png,5
arctic_vegetation/20230724_sedge_mosstundra16_m3m/MOSS/tile_18678.png,5
arctic_vegetation/20230724_sedge_mosstundra16_m3m/TUSS/tile_18679.png,10
arctic_vegetation/20230724_sedge_mosstundra16_m3m/TUSS/tile_18680.png,10
arctic_vegetation/20230724_sedge_mosstundra16_m3m/TUSS/tile_18681.png,10
arctic_vegetation/20230724_sedge_mosstundra16_m3m/TUSS/tile_18682.png,10
arctic_vegetation/20230724_sedge_mosstundra16_m3m/TUSS/tile_18683.png,10
arctic_vegetation/20230724_sedge_mosstundra16_m3m/MOSS/tile_18688.png,5
arctic_vegetation/20230724_sedge_mosstundra16_m3m/MOSS/tile_18689.png,5
arctic_vegetation/20230724_sedge_mosstundra16_m3m/MOSS/tile_18690.png,5
arctic_vegetation/20230724_sedge_mosstundra16_m3m/TUSS/tile_18691.png,10
arctic_vegetation/20230724_sedge_mosstundra16_m3m/TUSS/tile_18692.png,10
arctic_vegetation/20230724_sedge_mosstundra16_m3m/TUSS/tile_18693.png,10
arctic_vegetation/20230724_sedge_mosstundra16_m3m/TUSS/tile_18694.png,10
arctic_vegetation/20230724_sedge_mosstundra16_m3m/TUSS/tile_18695.png,10
arctic_vegetation/20230724_sedge_mosstundra16_m3m/TUSS/tile_18697.png,10
arctic_vegetation/20230724_sedge_mosstundra16_m3m/TUSS/tile_18698.png,10
arctic_vegetation/20230724_sedge_mosstundra16_m3m/TUSS/tile_18699.png,10
arctic_vegetation/20230724_sedge_mosstundra16_m3m/TUSS/tile_18700.png,10
arctic_vegetation/20230724_sedge_mosstundra16_m3m/TUSS/tile_18701.png,10
arctic_vegetation/20230724_sedge_mosstundra16_m3m/TUSS/tile_18703.png,10
arctic_vegetation/20230724_sedge_mosstundra16_m3m/TUSS/tile_18704.png,10
arctic_vegetation/20230724_sedge_mosstundra16_m3m/TUSS/tile_18705.png,10
arctic_vegetation/20230724_sedge_mosstundra16_m3m/TUSS/tile_18706.png,10
arctic_vegetation/20230724_sedge_mosstundra16_m3m/TUSS/tile_18707.png,10
arctic_vegetation/20230724_sedge_mosstundra16_m3m/TUSS/tile_18708.png,10
arctic_vegetation/20230724_sedge_mosstundra16_m3m/TUSS/tile_18709.png,10
arctic_vegetation/20230724_sedge_mosstundra16_m3m/TUSS/tile_18710.png,10
arctic_vegetation/20230724_sedge_mosstundra16_m3m/BIRC/tile_18812.png,2
arctic_vegetation/20230724_sedge_mosstundra16_m3m/BIRC/tile_18813.png,2
arctic_vegetation/20230724_sedge_mosstundra16_m3m/MOSS/tile_18814.png,5
arctic_vegetation/20230724_sedge_mosstundra16_m3m/MOSS/tile_18815.png,5
arctic_vegetation/20230724_sedge_mosstundra16_m3m/MOSS/tile_18816.png,5
arctic_vegetation/20230724_sedge_mosstundra16_m3m/MOSS/tile_18817.png,5
arctic_vegetation/20230724_sedge_mosstundra16_m3m/MOSS/tile_18818.png,5
arctic_vegetation/20230724_sedge_mosstundra16_m3m/MOSS/tile_18819.png,5
arctic_vegetation/20230724_sedge_mosstundra16_m3m/BIRC/tile_18820.png,2
arctic_vegetation/20230724_sedge_mosstundra16_m3m/BIRC/tile_18821.png,2
arctic_vegetation/20230724_sedge_mosstundra16_m3m/BIRC/tile_18822.png,2
arctic_vegetation/20230724_sedge_mosstundra16_m3m/MOSS/tile_18825.png,5
arctic_vegetation/20230724_sedge_mosstundra16_m3m/MOSS/tile_18826.png,5
arctic_vegetation/20230724_sedge_mosstundra16_m3m/BIRC/tile_18829.png,2
arctic_vegetation/20230724_sedge_mosstundra16_m3m/BIRC/tile_18830.png,2
arctic_vegetation/20230724_sedge_mosstundra16_m3m/BIRC/tile_18831.png,2
arctic_vegetation/20230724_sedge_mosstundra16_m3m/BIRC/tile_18832.png,2
arctic_vegetation/20230724_sedge_mosstundra16_m3m/BIRC/tile_18833.png,2
arctic_vegetation/20230724_sedge_mosstundra16_m3m/MOSS/tile_18877.png,5
arctic_vegetation/20230724_sedge_mosstundra16_m3m/MOSS/tile_18878.png,5
arctic_vegetation/20230724_sedge_mosstundra16_m3m/MOSS/tile_18879.png,5
arctic_vegetation/20230724_sedge_mosstundra16_m3m/MOSS/tile_18880.png,5
arctic_vegetation/20230724_sedge_mosstundra16_m3m/MOSS/tile_18881.png,5
arctic_vegetation/20230724_sedge_mosstundra16_m3m/TUSS/tile_18882.png,10
arctic_vegetation/20230724_sedge_mosstundra16_m3m/TUSS/tile_18883.png,10
arctic_vegetation/20230724_sedge_mosstundra16_m3m/TUSS/tile_18884.png,10
arctic_vegetation/20230724_sedge_mosstundra16_m3m/TUSS/tile_18885.png,10
arctic_vegetation/20230724_sedge_mosstundra16_m3m/TUSS/tile_18886.png,10
arctic_vegetation/20230724_sedge_mosstundra16_m3m/MOSS/tile_18891.png,5
arctic_vegetation/20230724_sedge_mosstundra16_m3m/MOSS/tile_18892.png,5
arctic_vegetation/20230724_sedge_mosstundra16_m3m/MOSS/tile_18893.png,5
arctic_vegetation/20230724_sedge_mosstundra16_m3m/TUSS/tile_18894.png,10
arctic_vegetation/20230724_sedge_mosstundra16_m3m/TUSS/tile_18895.png,10
arctic_vegetation/20230724_sedge_mosstundra16_m3m/TUSS/tile_18896.png,10
arctic_vegetation/20230724_sedge_mosstundra16_m3m/TUSS/tile_18897.png,10
arctic_vegetation/20230724_sedge_mosstundra16_m3m/TUSS/tile_18898.png,10
arctic_vegetation/20230724_sedge_mosstundra16_m3m/TUSS/tile_18899.png,10
arctic_vegetation/20230724_sedge_mosstundra16_m3m/TUSS/tile_18901.png,10
arctic_vegetation/20230724_sedge_mosstundra16_m3m/TUSS/tile_18902.png,10
arctic_vegetation/20230724_sedge_mosstundra16_m3m/TUSS/tile_18903.png,10
arctic_vegetation/20230724_sedge_mosstundra16_m3m/TUSS/tile_18904.png,10
arctic_vegetation/20230724_sedge_mosstundra16_m3m/TUSS/tile_18905.png,10
arctic_vegetation/20230724_sedge_mosstundra16_m3m/TUSS/tile_18906.png,10
arctic_vegetation/20230724_sedge_mosstundra16_m3m/TUSS/tile_18907.png,10
arctic_vegetation/20230724_sedge_mosstundra16_m3m/TUSS/tile_18908.png,10
arctic_vegetation/20230724_sedge_mosstundra16_m3m/TUSS/tile_18909.png,10
arctic_vegetation/20230724_sedge_mosstundra16_m3m/TUSS/tile_18911.png,10
arctic_vegetation/20230724_sedge_mosstundra16_m3m/TUSS/tile_18912.png,10
arctic_vegetation/20230724_sedge_mosstundra16_m3m/TUSS/tile_18913.png,10
arctic_vegetation/20230724_sedge_mosstundra16_m3m/BIRC/tile_19015.png,2
arctic_vegetation/20230724_sedge_mosstundra16_m3m/BIRC/tile_19016.png,2
arctic_vegetation/20230724_sedge_mosstundra16_m3m/MOSS/tile_19017.png,5
arctic_vegetation/20230724_sedge_mosstundra16_m3m/MOSS/tile_19018.png,5
arctic_vegetation/20230724_sedge_mosstundra16_m3m/MOSS/tile_19019.png,5
arctic_vegetation/20230724_sedge_mosstundra16_m3m/MOSS/tile_19020.png,5
arctic_vegetation/20230724_sedge_mosstundra16_m3m/MOSS/tile_19021.png,5
arctic_vegetation/20230724_sedge_mosstundra16_m3m/MOSS/tile_19022.png,5
arctic_vegetation/20230724_sedge_mosstundra16_m3m/BIRC/tile_19023.png,2
arctic_vegetation/20230724_sedge_mosstundra16_m3m/BIRC/tile_19024.png,2
arctic_vegetation/20230724_sedge_mosstundra16_m3m/BIRC/tile_19025.png,2
arctic_vegetation/20230724_sedge_mosstundra16_m3m/MOSS/tile_19028.png,5
arctic_vegetation/20230724_sedge_mosstundra16_m3m/MOSS/tile_19029.png,5
arctic_vegetation/20230724_sedge_mosstundra16_m3m/MOSS/tile_19030.png,5
arctic_vegetation/20230724_sedge_mosstundra16_m3m/MOSS/tile_19031.png,5
arctic_vegetation/20230724_sedge_mosstundra16_m3m/BIRC/tile_19032.png,2
arctic_vegetation/20230724_sedge_mosstundra16_m3m/BIRC/tile_19033.png,2
arctic_vegetation/20230724_sedge_mosstundra16_m3m/BIRC/tile_19034.png,2
arctic_vegetation/20230724_sedge_mosstundra16_m3m/BIRC/tile_19035.png,2
arctic_vegetation/20230724_sedge_mosstundra16_m3m/BIRC/tile_19036.png,2
arctic_vegetation/20230724_sedge_mosstundra16_m3m/TUSS/tile_19070.png,10
arctic_vegetation/20230724_sedge_mosstundra16_m3m/TUSS/tile_19071.png,10
arctic_vegetation/20230724_sedge_mosstundra16_m3m/TUSS/tile_19072.png,10
arctic_vegetation/20230724_sedge_mosstundra16_m3m/TUSS/tile_19073.png,10
arctic_vegetation/20230724_sedge_mosstundra16_m3m/TUSS/tile_19074.png,10
arctic_vegetation/20230724_sedge_mosstundra16_m3m/TUSS/tile_19075.png,10
arctic_vegetation/20230724_sedge_mosstundra16_m3m/TUSS/tile_19076.png,10
arctic_vegetation/20230724_sedge_mosstundra16_m3m/MOSS/tile_19078.png,5
arctic_vegetation/20230724_sedge_mosstundra16_m3m/MOSS/tile_19079.png,5
arctic_vegetation/20230724_sedge_mosstundra16_m3m/MOSS/tile_19080.png,5
arctic_vegetation/20230724_sedge_mosstundra16_m3m/MOSS/tile_19081.png,5
arctic_vegetation/20230724_sedge_mosstundra16_m3m/MOSS/tile_19082.png,5
arctic_vegetation/20230724_sedge_mosstundra16_m3m/MOSS/tile_19083.png,5
arctic_vegetation/20230724_sedge_mosstundra16_m3m/MOSS/tile_19084.png,5
arctic_vegetation/20230724_sedge_mosstundra16_m3m/TUSS/tile_19085.png,10
arctic_vegetation/20230724_sedge_mosstundra16_m3m/TUSS/tile_19086.png,10
arctic_vegetation/20230724_sedge_mosstundra16_m3m/TUSS/tile_19087.png,10
arctic_vegetation/20230724_sedge_mosstundra16_m3m/TUSS/tile_19088.png,10
arctic_vegetation/20230724_sedge_mosstundra16_m3m/TUSS/tile_19089.png,10
arctic_vegetation/20230724_sedge_mosstundra16_m3m/MOSS/tile_19094.png,5
arctic_vegetation/20230724_sedge_mosstundra16_m3m/MOSS/tile_19095.png,5
arctic_vegetation/20230724_sedge_mosstundra16_m3m/TUSS/tile_19098.png,10
arctic_vegetation/20230724_sedge_mosstundra16_m3m/TUSS/tile_19099.png,10
arctic_vegetation/20230724_sedge_mosstundra16_m3m/TUSS/tile_19100.png,10
arctic_vegetation/20230724_sedge_mosstundra16_m3m/TUSS/tile_19101.png,10
arctic_vegetation/20230724_sedge_mosstundra16_m3m/TUSS/tile_19102.png,10
arctic_vegetation/20230724_sedge_mosstundra16_m3m/TUSS/tile_19107.png,10
arctic_vegetation/20230724_sedge_mosstundra16_m3m/TUSS/tile_19108.png,10
arctic_vegetation/20230724_sedge_mosstundra16_m3m/TUSS/tile_19109.png,10
arctic_vegetation/20230724_sedge_mosstundra16_m3m/TUSS/tile_19110.png,10
arctic_vegetation/20230724_sedge_mosstundra16_m3m/TUSS/tile_19111.png,10
arctic_vegetation/20230724_sedge_mosstundra16_m3m/TUSS/tile_19112.png,10
arctic_vegetation/20230724_sedge_mosstundra16_m3m/TUSS/tile_19114.png,10
arctic_vegetation/20230724_sedge_mosstundra16_m3m/TUSS/tile_19115.png,10
arctic_vegetation/20230724_sedge_mosstundra16_m3m/TUSS/tile_19116.png,10
arctic_vegetation/20230724_sedge_mosstundra16_m3m/BIRC/tile_19218.png,2
arctic_vegetation/20230724_sedge_mosstundra16_m3m/BIRC/tile_19219.png,2
arctic_vegetation/20230724_sedge_mosstundra16_m3m/BIRC/tile_19220.png,2
arctic_vegetation/20230724_sedge_mosstundra16_m3m/BIRC/tile_19221.png,2
arctic_vegetation/20230724_sedge_mosstundra16_m3m/MOSS/tile_19222.png,5
arctic_vegetation/20230724_sedge_mosstundra16_m3m/MOSS/tile_19223.png,5
arctic_vegetation/20230724_sedge_mosstundra16_m3m/MOSS/tile_19224.png,5
arctic_vegetation/20230724_sedge_mosstundra16_m3m/MOSS/tile_19225.png,5
arctic_vegetation/20230724_sedge_mosstundra16_m3m/MOSS/tile_19226.png,5
arctic_vegetation/20230724_sedge_mosstundra16_m3m/MOSS/tile_19227.png,5
arctic_vegetation/20230724_sedge_mosstundra16_m3m/WILL/tile_19229.png,11
arctic_vegetation/20230724_sedge_mosstundra16_m3m/WILL/tile_19230.png,11
arctic_vegetation/20230724_sedge_mosstundra16_m3m/WILL/tile_19231.png,11
arctic_vegetation/20230724_sedge_mosstundra16_m3m/MOSS/tile_19232.png,5
arctic_vegetation/20230724_sedge_mosstundra16_m3m/MOSS/tile_19233.png,5
arctic_vegetation/20230724_sedge_mosstundra16_m3m/MOSS/tile_19234.png,5
arctic_vegetation/20230724_sedge_mosstundra16_m3m/BIRC/tile_19235.png,2
arctic_vegetation/20230724_sedge_mosstundra16_m3m/BIRC/tile_19236.png,2
arctic_vegetation/20230724_sedge_mosstundra16_m3m/BIRC/tile_19237.png,2
arctic_vegetation/20230724_sedge_mosstundra16_m3m/MOSS/tile_19238.png,5
arctic_vegetation/20230724_sedge_mosstundra16_m3m/MOSS/tile_19253.png,5
arctic_vegetation/20230724_sedge_mosstundra16_m3m/MOSS/tile_19254.png,5
arctic_vegetation/20230724_sedge_mosstundra16_m3m/MOSS/tile_19255.png,5
arctic_vegetation/20230724_sedge_mosstundra16_m3m/MOSS/tile_19256.png,5
arctic_vegetation/20230724_sedge_mosstundra16_m3m/TUSS/tile_19273.png,10
arctic_vegetation/20230724_sedge_mosstundra16_m3m/TUSS/tile_19274.png,10
arctic_vegetation/20230724_sedge_mosstundra16_m3m/BIRC/tile_19275.png,2
arctic_vegetation/20230724_sedge_mosstundra16_m3m/BIRC/tile_19276.png,2
arctic_vegetation/20230724_sedge_mosstundra16_m3m/BIRC/tile_19277.png,2
arctic_vegetation/20230724_sedge_mosstundra16_m3m/BIRC/tile_19278.png,2
arctic_vegetation/20230724_sedge_mosstundra16_m3m/MOSS/tile_19279.png,5
arctic_vegetation/20230724_sedge_mosstundra16_m3m/MOSS/tile_19280.png,5
arctic_vegetation/20230724_sedge_mosstundra16_m3m/MOSS/tile_19281.png,5
arctic_vegetation/20230724_sedge_mosstundra16_m3m/MOSS/tile_19282.png,5
arctic_vegetation/20230724_sedge_mosstundra16_m3m/MOSS/tile_19283.png,5
arctic_vegetation/20230724_sedge_mosstundra16_m3m/MOSS/tile_19284.png,5
arctic_vegetation/20230724_sedge_mosstundra16_m3m/MOSS/tile_19285.png,5
arctic_vegetation/20230724_sedge_mosstundra16_m3m/SEDG/tile_19287.png,9
arctic_vegetation/20230724_sedge_mosstundra16_m3m/SEDG/tile_19288.png,9
arctic_vegetation/20230724_sedge_mosstundra16_m3m/TUSS/tile_19289.png,10
arctic_vegetation/20230724_sedge_mosstundra16_m3m/TUSS/tile_19290.png,10
arctic_vegetation/20230724_sedge_mosstundra16_m3m/TUSS/tile_19291.png,10
arctic_vegetation/20230724_sedge_mosstundra16_m3m/TUSS/tile_19292.png,10
arctic_vegetation/20230724_sedge_mosstundra16_m3m/MOSS/tile_19293.png,5
arctic_vegetation/20230724_sedge_mosstundra16_m3m/MOSS/tile_19294.png,5
arctic_vegetation/20230724_sedge_mosstundra16_m3m/MOSS/tile_19295.png,5
arctic_vegetation/20230724_sedge_mosstundra16_m3m/TUSS/tile_19297.png,10
arctic_vegetation/20230724_sedge_mosstundra16_m3m/TUSS/tile_19298.png,10
arctic_vegetation/20230724_sedge_mosstundra16_m3m/TUSS/tile_19299.png,10
arctic_vegetation/20230724_sedge_mosstundra16_m3m/PETF/tile_19300.png,6
arctic_vegetation/20230724_sedge_mosstundra16_m3m/TUSS/tile_19302.png,10
arctic_vegetation/20230724_sedge_mosstundra16_m3m/TUSS/tile_19303.png,10
arctic_vegetation/20230724_sedge_mosstundra16_m3m/TUSS/tile_19304.png,10
arctic_vegetation/20230724_sedge_mosstundra16_m3m/MOSS/tile_19305.png,5
arctic_vegetation/20230724_sedge_mosstundra16_m3m/MOSS/tile_19306.png,5
arctic_vegetation/20230724_sedge_mosstundra16_m3m/MOSS/tile_19307.png,5
arctic_vegetation/20230724_sedge_mosstundra16_m3m/TUSS/tile_19312.png,10
arctic_vegetation/20230724_sedge_mosstundra16_m3m/TUSS/tile_19313.png,10
arctic_vegetation/20230724_sedge_mosstundra16_m3m/TUSS/tile_19314.png,10
arctic_vegetation/20230724_sedge_mosstundra16_m3m/TUSS/tile_19315.png,10
arctic_vegetation/20230724_sedge_mosstundra16_m3m/BIRC/tile_19423.png,2
arctic_vegetation/20230724_sedge_mosstundra16_m3m/BIRC/tile_19424.png,2
arctic_vegetation/20230724_sedge_mosstundra16_m3m/MOSS/tile_19425.png,5
arctic_vegetation/20230724_sedge_mosstundra16_m3m/MOSS/tile_19426.png,5
arctic_vegetation/20230724_sedge_mosstundra16_m3m/MOSS/tile_19427.png,5
arctic_vegetation/20230724_sedge_mosstundra16_m3m/MOSS/tile_19428.png,5
arctic_vegetation/20230724_sedge_mosstundra16_m3m/WILL/tile_19432.png,11
arctic_vegetation/20230724_sedge_mosstundra16_m3m/WILL/tile_19433.png,11
arctic_vegetation/20230724_sedge_mosstundra16_m3m/WILL/tile_19434.png,11
arctic_vegetation/20230724_sedge_mosstundra16_m3m/WILL/tile_19435.png,11
arctic_vegetation/20230724_sedge_mosstundra16_m3m/MOSS/tile_19436.png,5
arctic_vegetation/20230724_sedge_mosstundra16_m3m/MOSS/tile_19437.png,5
arctic_vegetation/20230724_sedge_mosstundra16_m3m/MOSS/tile_19438.png,5
arctic_vegetation/20230724_sedge_mosstundra16_m3m/MOSS/tile_19439.png,5
arctic_vegetation/20230724_sedge_mosstundra16_m3m/MOSS/tile_19440.png,5
arctic_vegetation/20230724_sedge_mosstundra16_m3m/MOSS/tile_19456.png,5
arctic_vegetation/20230724_sedge_mosstundra16_m3m/MOSS/tile_19457.png,5
arctic_vegetation/20230724_sedge_mosstundra16_m3m/MOSS/tile_19458.png,5
arctic_vegetation/20230724_sedge_mosstundra16_m3m/MOSS/tile_19459.png,5
arctic_vegetation/20230724_sedge_mosstundra16_m3m/MOSS/tile_19463.png,5
arctic_vegetation/20230724_sedge_mosstundra16_m3m/MOSS/tile_19464.png,5
arctic_vegetation/20230724_sedge_mosstundra16_m3m/MOSS/tile_19465.png,5
arctic_vegetation/20230724_sedge_mosstundra16_m3m/MOSS/tile_19466.png,5
arctic_vegetation/20230724_sedge_mosstundra16_m3m/MOSS/tile_19467.png,5
arctic_vegetation/20230724_sedge_mosstundra16_m3m/TUSS/tile_19476.png,10
arctic_vegetation/20230724_sedge_mosstundra16_m3m/BIRC/tile_19477.png,2
arctic_vegetation/20230724_sedge_mosstundra16_m3m/BIRC/tile_19478.png,2
arctic_vegetation/20230724_sedge_mosstundra16_m3m/BIRC/tile_19479.png,2
arctic_vegetation/20230724_sedge_mosstundra16_m3m/BIRC/tile_19480.png,2
arctic_vegetation/20230724_sedge_mosstundra16_m3m/BIRC/tile_19481.png,2
arctic_vegetation/20230724_sedge_mosstundra16_m3m/MOSS/tile_19482.png,5
arctic_vegetation/20230724_sedge_mosstundra16_m3m/MOSS/tile_19483.png,5
arctic_vegetation/20230724_sedge_mosstundra16_m3m/MOSS/tile_19484.png,5
arctic_vegetation/20230724_sedge_mosstundra16_m3m/MOSS/tile_19485.png,5
arctic_vegetation/20230724_sedge_mosstundra16_m3m/MOSS/tile_19486.png,5
arctic_vegetation/20230724_sedge_mosstundra16_m3m/MOSS/tile_19487.png,5
arctic_vegetation/20230724_sedge_mosstundra16_m3m/MOSS/tile_19488.png,5
arctic_vegetation/20230724_sedge_mosstundra16_m3m/MOSS/tile_19489.png,5
arctic_vegetation/20230724_sedge_mosstundra16_m3m/SEDG/tile_19490.png,9
arctic_vegetation/20230724_sedge_mosstundra16_m3m/TUSS/tile_19491.png,10
arctic_vegetation/20230724_sedge_mosstundra16_m3m/MOSS/tile_19492.png,5
arctic_vegetation/20230724_sedge_mosstundra16_m3m/MOSS/tile_19493.png,5
arctic_vegetation/20230724_sedge_mosstundra16_m3m/MOSS/tile_19494.png,5
arctic_vegetation/20230724_sedge_mosstundra16_m3m/MOSS/tile_19495.png,5
arctic_vegetation/20230724_sedge_mosstundra16_m3m/MOSS/tile_19496.png,5
arctic_vegetation/20230724_sedge_mosstundra16_m3m/MOSS/tile_19497.png,5
arctic_vegetation/20230724_sedge_mosstundra16_m3m/MOSS/tile_19498.png,5
arctic_vegetation/20230724_sedge_mosstundra16_m3m/TUSS/tile_19499.png,10
arctic_vegetation/20230724_sedge_mosstundra16_m3m/TUSS/tile_19500.png,10
arctic_vegetation/20230724_sedge_mosstundra16_m3m/TUSS/tile_19501.png,10
arctic_vegetation/20230724_sedge_mosstundra16_m3m/TUSS/tile_19502.png,10
arctic_vegetation/20230724_sedge_mosstundra16_m3m/PETF/tile_19503.png,6
arctic_vegetation/20230724_sedge_mosstundra16_m3m/TUSS/tile_19506.png,10
arctic_vegetation/20230724_sedge_mosstundra16_m3m/TUSS/tile_19507.png,10
arctic_vegetation/20230724_sedge_mosstundra16_m3m/MOSS/tile_19508.png,5
arctic_vegetation/20230724_sedge_mosstundra16_m3m/MOSS/tile_19509.png,5
arctic_vegetation/20230724_sedge_mosstundra16_m3m/MOSS/tile_19510.png,5
arctic_vegetation/20230724_sedge_mosstundra16_m3m/MOSS/tile_19511.png,5
arctic_vegetation/20230724_sedge_mosstundra16_m3m/MOSS/tile_19639.png,5
arctic_vegetation/20230724_sedge_mosstundra16_m3m/MOSS/tile_19640.png,5
arctic_vegetation/20230724_sedge_mosstundra16_m3m/MOSS/tile_19641.png,5
arctic_vegetation/20230724_sedge_mosstundra16_m3m/MOSS/tile_19642.png,5
arctic_vegetation/20230724_sedge_mosstundra16_m3m/MOSS/tile_19643.png,5
arctic_vegetation/20230724_sedge_mosstundra16_m3m/MOSS/tile_19659.png,5
arctic_vegetation/20230724_sedge_mosstundra16_m3m/MOSS/tile_19660.png,5
arctic_vegetation/20230724_sedge_mosstundra16_m3m/MOSS/tile_19661.png,5
arctic_vegetation/20230724_sedge_mosstundra16_m3m/MOSS/tile_19662.png,5
arctic_vegetation/20230724_sedge_mosstundra16_m3m/MOSS/tile_19666.png,5
arctic_vegetation/20230724_sedge_mosstundra16_m3m/MOSS/tile_19667.png,5
arctic_vegetation/20230724_sedge_mosstundra16_m3m/MOSS/tile_19668.png,5
arctic_vegetation/20230724_sedge_mosstundra16_m3m/MOSS/tile_19669.png,5
arctic_vegetation/20230724_sedge_mosstundra16_m3m/MOSS/tile_19670.png,5
arctic_vegetation/20230724_sedge_mosstundra16_m3m/MOSS/tile_19679.png,5
arctic_vegetation/20230724_sedge_mosstundra16_m3m/BIRC/tile_19680.png,2
arctic_vegetation/20230724_sedge_mosstundra16_m3m/BIRC/tile_19681.png,2
arctic_vegetation/20230724_sedge_mosstundra16_m3m/BIRC/tile_19682.png,2
arctic_vegetation/20230724_sedge_mosstundra16_m3m/BIRC/tile_19683.png,2
arctic_vegetation/20230724_sedge_mosstundra16_m3m/BIRC/tile_19684.png,2
arctic_vegetation/20230724_sedge_mosstundra16_m3m/BIRC/tile_19685.png,2
arctic_vegetation/20230724_sedge_mosstundra16_m3m/MOSS/tile_19686.png,5
arctic_vegetation/20230724_sedge_mosstundra16_m3m/MOSS/tile_19687.png,5
arctic_vegetation/20230724_sedge_mosstundra16_m3m/MOSS/tile_19688.png,5
arctic_vegetation/20230724_sedge_mosstundra16_m3m/MOSS/tile_19689.png,5
arctic_vegetation/20230724_sedge_mosstundra16_m3m/MOSS/tile_19690.png,5
arctic_vegetation/20230724_sedge_mosstundra16_m3m/MOSS/tile_19691.png,5
arctic_vegetation/20230724_sedge_mosstundra16_m3m/MOSS/tile_19692.png,5
arctic_vegetation/20230724_sedge_mosstundra16_m3m/TUSS/tile_19693.png,10
arctic_vegetation/20230724_sedge_mosstundra16_m3m/MOSS/tile_19694.png,5
arctic_vegetation/20230724_sedge_mosstundra16_m3m/MOSS/tile_19695.png,5
arctic_vegetation/20230724_sedge_mosstundra16_m3m/MOSS/tile_19696.png,5
arctic_vegetation/20230724_sedge_mosstundra16_m3m/MOSS/tile_19697.png,5
arctic_vegetation/20230724_sedge_mosstundra16_m3m/MOSS/tile_19698.png,5
arctic_vegetation/20230724_sedge_mosstundra16_m3m/MOSS/tile_19699.png,5
arctic_vegetation/20230724_sedge_mosstundra16_m3m/MOSS/tile_19700.png,5
arctic_vegetation/20230724_sedge_mosstundra16_m3m/MOSS/tile_19701.png,5
arctic_vegetation/20230724_sedge_mosstundra16_m3m/MOSS/tile_19702.png,5
arctic_vegetation/20230724_sedge_mosstundra16_m3m/TUSS/tile_19703.png,10
arctic_vegetation/20230724_sedge_mosstundra16_m3m/TUSS/tile_19704.png,10
arctic_vegetation/20230724_sedge_mosstundra16_m3m/TUSS/tile_19705.png,10
arctic_vegetation/20230724_sedge_mosstundra16_m3m/LICH/tile_19706.png,4
arctic_vegetation/20230724_sedge_mosstundra16_m3m/LICH/tile_19707.png,4
arctic_vegetation/20230724_sedge_mosstundra16_m3m/MOSS/tile_19710.png,5
arctic_vegetation/20230724_sedge_mosstundra16_m3m/MOSS/tile_19711.png,5
arctic_vegetation/20230724_sedge_mosstundra16_m3m/MOSS/tile_19712.png,5
arctic_vegetation/20230724_sedge_mosstundra16_m3m/MOSS/tile_19713.png,5
arctic_vegetation/20230724_sedge_mosstundra16_m3m/MOSS/tile_19714.png,5
arctic_vegetation/20230724_sedge_mosstundra16_m3m/MOSS/tile_19715.png,5
arctic_vegetation/20230724_sedge_mosstundra16_m3m/MOSS/tile_19716.png,5
arctic_vegetation/20230724_sedge_mosstundra16_m3m/MOSS/tile_19717.png,5
arctic_vegetation/20230724_sedge_mosstundra16_m3m/MOSS/tile_19862.png,5
arctic_vegetation/20230724_sedge_mosstundra16_m3m/MOSS/tile_19863.png,5
arctic_vegetation/20230724_sedge_mosstundra16_m3m/MOSS/tile_19864.png,5
arctic_vegetation/20230724_sedge_mosstundra16_m3m/MOSS/tile_19867.png,5
arctic_vegetation/20230724_sedge_mosstundra16_m3m/MOSS/tile_19868.png,5
arctic_vegetation/20230724_sedge_mosstundra16_m3m/MOSS/tile_19869.png,5
arctic_vegetation/20230724_sedge_mosstundra16_m3m/MOSS/tile_19870.png,5
arctic_vegetation/20230724_sedge_mosstundra16_m3m/MOSS/tile_19871.png,5
arctic_vegetation/20230724_sedge_mosstundra16_m3m/MOSS/tile_19872.png,5
arctic_vegetation/20230724_sedge_mosstundra16_m3m/MOSS/tile_19873.png,5
arctic_vegetation/20230724_sedge_mosstundra16_m3m/TUSS/tile_19882.png,10
arctic_vegetation/20230724_sedge_mosstundra16_m3m/BIRC/tile_19883.png,2
arctic_vegetation/20230724_sedge_mosstundra16_m3m/BIRC/tile_19884.png,2
arctic_vegetation/20230724_sedge_mosstundra16_m3m/BIRC/tile_19885.png,2
arctic_vegetation/20230724_sedge_mosstundra16_m3m/BIRC/tile_19886.png,2
arctic_vegetation/20230724_sedge_mosstundra16_m3m/BIRC/tile_19887.png,2
arctic_vegetation/20230724_sedge_mosstundra16_m3m/BIRC/tile_19888.png,2
arctic_vegetation/20230724_sedge_mosstundra16_m3m/MOSS/tile_19889.png,5
arctic_vegetation/20230724_sedge_mosstundra16_m3m/MOSS/tile_19890.png,5
arctic_vegetation/20230724_sedge_mosstundra16_m3m/MOSS/tile_19891.png,5
arctic_vegetation/20230724_sedge_mosstundra16_m3m/MOSS/tile_19892.png,5
arctic_vegetation/20230724_sedge_mosstundra16_m3m/MOSS/tile_19893.png,5
arctic_vegetation/20230724_sedge_mosstundra16_m3m/MOSS/tile_19894.png,5
arctic_vegetation/20230724_sedge_mosstundra16_m3m/MOSS/tile_19895.png,5
arctic_vegetation/20230724_sedge_mosstundra16_m3m/MOSS/tile_19896.png,5
arctic_vegetation/20230724_sedge_mosstundra16_m3m/MOSS/tile_19897.png,5
arctic_vegetation/20230724_sedge_mosstundra16_m3m/MOSS/tile_19898.png,5
arctic_vegetation/20230724_sedge_mosstundra16_m3m/MOSS/tile_19899.png,5
arctic_vegetation/20230724_sedge_mosstundra16_m3m/MOSS/tile_19900.png,5
arctic_vegetation/20230724_sedge_mosstundra16_m3m/MOSS/tile_19901.png,5
arctic_vegetation/20230724_sedge_mosstundra16_m3m/MOSS/tile_19902.png,5
arctic_vegetation/20230724_sedge_mosstundra16_m3m/MOSS/tile_19903.png,5
arctic_vegetation/20230724_sedge_mosstundra16_m3m/MOSS/tile_19904.png,5
arctic_vegetation/20230724_sedge_mosstundra16_m3m/MOSS/tile_19905.png,5
arctic_vegetation/20230724_sedge_mosstundra16_m3m/TUSS/tile_19906.png,10
arctic_vegetation/20230724_sedge_mosstundra16_m3m/TUSS/tile_19907.png,10
arctic_vegetation/20230724_sedge_mosstundra16_m3m/TUSS/tile_19908.png,10
arctic_vegetation/20230724_sedge_mosstundra16_m3m/LICH/tile_19909.png,4
arctic_vegetation/20230724_sedge_mosstundra16_m3m/LICH/tile_19910.png,4
arctic_vegetation/20230724_sedge_mosstundra16_m3m/TUSS/tile_19911.png,10
arctic_vegetation/20230724_sedge_mosstundra16_m3m/MOSS/tile_19912.png,5
arctic_vegetation/20230724_sedge_mosstundra16_m3m/MOSS/tile_19913.png,5
arctic_vegetation/20230724_sedge_mosstundra16_m3m/MOSS/tile_19914.png,5
arctic_vegetation/20230724_sedge_mosstundra16_m3m/MOSS/tile_19915.png,5
arctic_vegetation/20230724_sedge_mosstundra16_m3m/MOSS/tile_19916.png,5
arctic_vegetation/20230724_sedge_mosstundra16_m3m/MOSS/tile_19917.png,5
arctic_vegetation/20230724_sedge_mosstundra16_m3m/MOSS/tile_19918.png,5
arctic_vegetation/20230724_sedge_mosstundra16_m3m/MOSS/tile_19919.png,5
arctic_vegetation/20230724_sedge_mosstundra16_m3m/MOSS/tile_19920.png,5
arctic_vegetation/20230724_sedge_mosstundra16_m3m/MOSS/tile_19921.png,5
arctic_vegetation/20230724_sedge_mosstundra16_m3m/MOSS/tile_20065.png,5
arctic_vegetation/20230724_sedge_mosstundra16_m3m/MOSS/tile_20066.png,5
arctic_vegetation/20230724_sedge_mosstundra16_m3m/MOSS/tile_20067.png,5
arctic_vegetation/20230724_sedge_mosstundra16_m3m/MOSS/tile_20068.png,5
arctic_vegetation/20230724_sedge_mosstundra16_m3m/MOSS/tile_20069.png,5
arctic_vegetation/20230724_sedge_mosstundra16_m3m/MOSS/tile_20070.png,5
arctic_vegetation/20230724_sedge_mosstundra16_m3m/MOSS/tile_20071.png,5
arctic_vegetation/20230724_sedge_mosstundra16_m3m/MOSS/tile_20072.png,5
arctic_vegetation/20230724_sedge_mosstundra16_m3m/MOSS/tile_20073.png,5
arctic_vegetation/20230724_sedge_mosstundra16_m3m/MOSS/tile_20074.png,5
arctic_vegetation/20230724_sedge_mosstundra16_m3m/TUSS/tile_20085.png,10
arctic_vegetation/20230724_sedge_mosstundra16_m3m/TUSS/tile_20086.png,10
arctic_vegetation/20230724_sedge_mosstundra16_m3m/TUSS/tile_20087.png,10
arctic_vegetation/20230724_sedge_mosstundra16_m3m/TUSS/tile_20088.png,10
arctic_vegetation/20230724_sedge_mosstundra16_m3m/BIRC/tile_20089.png,2
arctic_vegetation/20230724_sedge_mosstundra16_m3m/BIRC/tile_20090.png,2
arctic_vegetation/20230724_sedge_mosstundra16_m3m/BIRC/tile_20091.png,2
arctic_vegetation/20230724_sedge_mosstundra16_m3m/MOSS/tile_20092.png,5
arctic_vegetation/20230724_sedge_mosstundra16_m3m/MOSS/tile_20093.png,5
arctic_vegetation/20230724_sedge_mosstundra16_m3m/MOSS/tile_20094.png,5
arctic_vegetation/20230724_sedge_mosstundra16_m3m/MOSS/tile_20095.png,5
arctic_vegetation/20230724_sedge_mosstundra16_m3m/MOSS/tile_20096.png,5
arctic_vegetation/20230724_sedge_mosstundra16_m3m/SEDG/tile_20097.png,9
arctic_vegetation/20230724_sedge_mosstundra16_m3m/MOSS/tile_20098.png,5
arctic_vegetation/20230724_sedge_mosstundra16_m3m/MOSS/tile_20099.png,5
arctic_vegetation/20230724_sedge_mosstundra16_m3m/MOSS/tile_20100.png,5
arctic_vegetation/20230724_sedge_mosstundra16_m3m/MOSS/tile_20101.png,5
arctic_vegetation/20230724_sedge_mosstundra16_m3m/MOSS/tile_20102.png,5
arctic_vegetation/20230724_sedge_mosstundra16_m3m/MOSS/tile_20103.png,5
arctic_vegetation/20230724_sedge_mosstundra16_m3m/MOSS/tile_20104.png,5
arctic_vegetation/20230724_sedge_mosstundra16_m3m/MOSS/tile_20105.png,5
arctic_vegetation/20230724_sedge_mosstundra16_m3m/MOSS/tile_20106.png,5
arctic_vegetation/20230724_sedge_mosstundra16_m3m/MOSS/tile_20107.png,5
arctic_vegetation/20230724_sedge_mosstundra16_m3m/MOSS/tile_20108.png,5
arctic_vegetation/20230724_sedge_mosstundra16_m3m/TUSS/tile_20109.png,10
arctic_vegetation/20230724_sedge_mosstundra16_m3m/TUSS/tile_20110.png,10
arctic_vegetation/20230724_sedge_mosstundra16_m3m/TUSS/tile_20111.png,10
arctic_vegetation/20230724_sedge_mosstundra16_m3m/LICH/tile_20112.png,4
arctic_vegetation/20230724_sedge_mosstundra16_m3m/LICH/tile_20113.png,4
arctic_vegetation/20230724_sedge_mosstundra16_m3m/TUSS/tile_20114.png,10
arctic_vegetation/20230724_sedge_mosstundra16_m3m/MOSS/tile_20115.png,5
arctic_vegetation/20230724_sedge_mosstundra16_m3m/MOSS/tile_20116.png,5
arctic_vegetation/20230724_sedge_mosstundra16_m3m/MOSS/tile_20117.png,5
arctic_vegetation/20230724_sedge_mosstundra16_m3m/MOSS/tile_20118.png,5
arctic_vegetation/20230724_sedge_mosstundra16_m3m/MOSS/tile_20119.png,5
arctic_vegetation/20230724_sedge_mosstundra16_m3m/MOSS/tile_20120.png,5
arctic_vegetation/20230724_sedge_mosstundra16_m3m/MOSS/tile_20121.png,5
arctic_vegetation/20230724_sedge_mosstundra16_m3m/MOSS/tile_20122.png,5
arctic_vegetation/20230724_sedge_mosstundra16_m3m/MOSS/tile_20123.png,5
arctic_vegetation/20230724_sedge_mosstundra16_m3m/MOSS/tile_20124.png,5
arctic_vegetation/20230724_sedge_mosstundra16_m3m/MOSS/tile_20269.png,5
arctic_vegetation/20230724_sedge_mosstundra16_m3m/MOSS/tile_20270.png,5
arctic_vegetation/20230724_sedge_mosstundra16_m3m/MOSS/tile_20271.png,5
arctic_vegetation/20230724_sedge_mosstundra16_m3m/MOSS/tile_20272.png,5
arctic_vegetation/20230724_sedge_mosstundra16_m3m/MOSS/tile_20273.png,5
arctic_vegetation/20230724_sedge_mosstundra16_m3m/MOSS/tile_20274.png,5
arctic_vegetation/20230724_sedge_mosstundra16_m3m/TUSS/tile_20289.png,10
arctic_vegetation/20230724_sedge_mosstundra16_m3m/TUSS/tile_20290.png,10
arctic_vegetation/20230724_sedge_mosstundra16_m3m/TUSS/tile_20291.png,10
arctic_vegetation/20230724_sedge_mosstundra16_m3m/MOSS/tile_20294.png,5
arctic_vegetation/20230724_sedge_mosstundra16_m3m/MOSS/tile_20295.png,5
arctic_vegetation/20230724_sedge_mosstundra16_m3m/MOSS/tile_20296.png,5
arctic_vegetation/20230724_sedge_mosstundra16_m3m/MOSS/tile_20297.png,5
arctic_vegetation/20230724_sedge_mosstundra16_m3m/MOSS/tile_20298.png,5
arctic_vegetation/20230724_sedge_mosstundra16_m3m/MOSS/tile_20299.png,5
arctic_vegetation/20230724_sedge_mosstundra16_m3m/SEDG/tile_20300.png,9
arctic_vegetation/20230724_sedge_mosstundra16_m3m/MOSS/tile_20301.png,5
arctic_vegetation/20230724_sedge_mosstundra16_m3m/MOSS/tile_20302.png,5
arctic_vegetation/20230724_sedge_mosstundra16_m3m/MOSS/tile_20303.png,5
arctic_vegetation/20230724_sedge_mosstundra16_m3m/TUSS/tile_20304.png,10
arctic_vegetation/20230724_sedge_mosstundra16_m3m/MOSS/tile_20305.png,5
arctic_vegetation/20230724_sedge_mosstundra16_m3m/MOSS/tile_20306.png,5
arctic_vegetation/20230724_sedge_mosstundra16_m3m/MOSS/tile_20307.png,5
arctic_vegetation/20230724_sedge_mosstundra16_m3m/MOSS/tile_20308.png,5
arctic_vegetation/20230724_sedge_mosstundra16_m3m/MOSS/tile_20309.png,5
arctic_vegetation/20230724_sedge_mosstundra16_m3m/MOSS/tile_20310.png,5
arctic_vegetation/20230724_sedge_mosstundra16_m3m/MOSS/tile_20311.png,5
arctic_vegetation/20230724_sedge_mosstundra16_m3m/LICH/tile_20312.png,4
arctic_vegetation/20230724_sedge_mosstundra16_m3m/LICH/tile_20313.png,4
arctic_vegetation/20230724_sedge_mosstundra16_m3m/LICH/tile_20314.png,4
arctic_vegetation/20230724_sedge_mosstundra16_m3m/LICH/tile_20315.png,4
arctic_vegetation/20230724_sedge_mosstundra16_m3m/TUSS/tile_20316.png,10
arctic_vegetation/20230724_sedge_mosstundra16_m3m/TUSS/tile_20317.png,10
arctic_vegetation/20230724_sedge_mosstundra16_m3m/TUSS/tile_20318.png,10
arctic_vegetation/20230724_sedge_mosstundra16_m3m/MOSS/tile_20319.png,5
arctic_vegetation/20230724_sedge_mosstundra16_m3m/MOSS/tile_20320.png,5
arctic_vegetation/20230724_sedge_mosstundra16_m3m/MOSS/tile_20321.png,5
arctic_vegetation/20230724_sedge_mosstundra16_m3m/MOSS/tile_20322.png,5
arctic_vegetation/20230724_sedge_mosstundra16_m3m/MOSS/tile_20323.png,5
arctic_vegetation/20230724_sedge_mosstundra16_m3m/MOSS/tile_20324.png,5
arctic_vegetation/20230724_sedge_mosstundra16_m3m/TUSS/tile_20471.png,10
arctic_vegetation/20230724_sedge_mosstundra16_m3m/TUSS/tile_20472.png,10
arctic_vegetation/20230724_sedge_mosstundra16_m3m/TUSS/tile_20473.png,10
arctic_vegetation/20230724_sedge_mosstundra16_m3m/MOSS/tile_20474.png,5
arctic_vegetation/20230724_sedge_mosstundra16_m3m/MOSS/tile_20491.png,5
arctic_vegetation/20230724_sedge_mosstundra16_m3m/TUSS/tile_20492.png,10
arctic_vegetation/20230724_sedge_mosstundra16_m3m/TUSS/tile_20493.png,10
arctic_vegetation/20230724_sedge_mosstundra16_m3m/TUSS/tile_20494.png,10
arctic_vegetation/20230724_sedge_mosstundra16_m3m/MOSS/tile_20495.png,5
arctic_vegetation/20230724_sedge_mosstundra16_m3m/MOSS/tile_20496.png,5
arctic_vegetation/20230724_sedge_mosstundra16_m3m/MOSS/tile_20497.png,5
arctic_vegetation/20230724_sedge_mosstundra16_m3m/MOSS/tile_20498.png,5
arctic_vegetation/20230724_sedge_mosstundra16_m3m/MOSS/tile_20499.png,5
arctic_vegetation/20230724_sedge_mosstundra16_m3m/MOSS/tile_20500.png,5
arctic_vegetation/20230724_sedge_mosstundra16_m3m/MOSS/tile_20501.png,5
arctic_vegetation/20230724_sedge_mosstundra16_m3m/MOSS/tile_20502.png,5
arctic_vegetation/20230724_sedge_mosstundra16_m3m/SEDG/tile_20503.png,9
arctic_vegetation/20230724_sedge_mosstundra16_m3m/SEDG/tile_20504.png,9
arctic_vegetation/20230724_sedge_mosstundra16_m3m/MOSS/tile_20505.png,5
arctic_vegetation/20230724_sedge_mosstundra16_m3m/MOSS/tile_20506.png,5
arctic_vegetation/20230724_sedge_mosstundra16_m3m/MOSS/tile_20508.png,5
arctic_vegetation/20230724_sedge_mosstundra16_m3m/MOSS/tile_20509.png,5
arctic_vegetation/20230724_sedge_mosstundra16_m3m/MOSS/tile_20510.png,5
arctic_vegetation/20230724_sedge_mosstundra16_m3m/MOSS/tile_20511.png,5
arctic_vegetation/20230724_sedge_mosstundra16_m3m/MOSS/tile_20512.png,5
arctic_vegetation/20230724_sedge_mosstundra16_m3m/MOSS/tile_20513.png,5
arctic_vegetation/20230724_sedge_mosstundra16_m3m/MOSS/tile_20514.png,5
arctic_vegetation/20230724_sedge_mosstundra16_m3m/MOSS/tile_20515.png,5
arctic_vegetation/20230724_sedge_mosstundra16_m3m/LICH/tile_20516.png,4
arctic_vegetation/20230724_sedge_mosstundra16_m3m/LICH/tile_20517.png,4
arctic_vegetation/20230724_sedge_mosstundra16_m3m/LICH/tile_20518.png,4
arctic_vegetation/20230724_sedge_mosstundra16_m3m/TUSS/tile_20519.png,10
arctic_vegetation/20230724_sedge_mosstundra16_m3m/MOSS/tile_20522.png,5
arctic_vegetation/20230724_sedge_mosstundra16_m3m/MOSS/tile_20523.png,5
arctic_vegetation/20230724_sedge_mosstundra16_m3m/MOSS/tile_20524.png,5
arctic_vegetation/20230724_sedge_mosstundra16_m3m/MOSS/tile_20525.png,5
arctic_vegetation/20230724_sedge_mosstundra16_m3m/MOSS/tile_20526.png,5
arctic_vegetation/20230724_sedge_mosstundra16_m3m/MOSS/tile_20527.png,5
arctic_vegetation/20230724_sedge_mosstundra16_m3m/TUSS/tile_20674.png,10
arctic_vegetation/20230724_sedge_mosstundra16_m3m/TUSS/tile_20675.png,10
arctic_vegetation/20230724_sedge_mosstundra16_m3m/MOSS/tile_20676.png,5
arctic_vegetation/20230724_sedge_mosstundra16_m3m/MOSS/tile_20677.png,5
arctic_vegetation/20230724_sedge_mosstundra16_m3m/MOSS/tile_20694.png,5
arctic_vegetation/20230724_sedge_mosstundra16_m3m/MOSS/tile_20695.png,5
arctic_vegetation/20230724_sedge_mosstundra16_m3m/MOSS/tile_20696.png,5
arctic_vegetation/20230724_sedge_mosstundra16_m3m/MOSS/tile_20698.png,5
arctic_vegetation/20230724_sedge_mosstundra16_m3m/MOSS/tile_20699.png,5
arctic_vegetation/20230724_sedge_mosstundra16_m3m/MOSS/tile_20700.png,5
arctic_vegetation/20230724_sedge_mosstundra16_m3m/MOSS/tile_20701.png,5
arctic_vegetation/20230724_sedge_mosstundra16_m3m/MOSS/tile_20702.png,5
arctic_vegetation/20230724_sedge_mosstundra16_m3m/MOSS/tile_20703.png,5
arctic_vegetation/20230724_sedge_mosstundra16_m3m/MOSS/tile_20704.png,5
arctic_vegetation/20230724_sedge_mosstundra16_m3m/MOSS/tile_20705.png,5
arctic_vegetation/20230724_sedge_mosstundra16_m3m/MOSS/tile_20710.png,5
arctic_vegetation/20230724_sedge_mosstundra16_m3m/MOSS/tile_20711.png,5
arctic_vegetation/20230724_sedge_mosstundra16_m3m/MOSS/tile_20712.png,5
arctic_vegetation/20230724_sedge_mosstundra16_m3m/MOSS/tile_20713.png,5
arctic_vegetation/20230724_sedge_mosstundra16_m3m/MOSS/tile_20714.png,5
arctic_vegetation/20230724_sedge_mosstundra16_m3m/MOSS/tile_20715.png,5
arctic_vegetation/20230724_sedge_mosstundra16_m3m/MOSS/tile_20716.png,5
arctic_vegetation/20230724_sedge_mosstundra16_m3m/MOSS/tile_20717.png,5
arctic_vegetation/20230724_sedge_mosstundra16_m3m/MOSS/tile_20718.png,5
arctic_vegetation/20230724_sedge_mosstundra16_m3m/TUSS/tile_20719.png,10
arctic_vegetation/20230724_sedge_mosstundra16_m3m/TUSS/tile_20720.png,10
arctic_vegetation/20230724_sedge_mosstundra16_m3m/TUSS/tile_20721.png,10
arctic_vegetation/20230724_sedge_mosstundra16_m3m/TUSS/tile_20722.png,10
arctic_vegetation/20230724_sedge_mosstundra16_m3m/MOSS/tile_20726.png,5
arctic_vegetation/20230724_sedge_mosstundra16_m3m/MOSS/tile_20727.png,5
arctic_vegetation/20230724_sedge_mosstundra16_m3m/MOSS/tile_20728.png,5
arctic_vegetation/20230724_sedge_mosstundra16_m3m/MOSS/tile_20854.png,5
arctic_vegetation/20230724_sedge_mosstundra16_m3m/MOSS/tile_20855.png,5
arctic_vegetation/20230724_sedge_mosstundra16_m3m/MOSS/tile_20856.png,5
arctic_vegetation/20230724_sedge_mosstundra16_m3m/TUSS/tile_20877.png,10
arctic_vegetation/20230724_sedge_mosstundra16_m3m/MOSS/tile_20878.png,5
arctic_vegetation/20230724_sedge_mosstundra16_m3m/MOSS/tile_20879.png,5
arctic_vegetation/20230724_sedge_mosstundra16_m3m/MOSS/tile_20880.png,5
arctic_vegetation/20230724_sedge_mosstundra16_m3m/MOSS/tile_20897.png,5
arctic_vegetation/20230724_sedge_mosstundra16_m3m/MOSS/tile_20898.png,5
arctic_vegetation/20230724_sedge_mosstundra16_m3m/MOSS/tile_20902.png,5
arctic_vegetation/20230724_sedge_mosstundra16_m3m/MOSS/tile_20903.png,5
arctic_vegetation/20230724_sedge_mosstundra16_m3m/MOSS/tile_20908.png,5
arctic_vegetation/20230724_sedge_mosstundra16_m3m/MOSS/tile_20909.png,5
arctic_vegetation/20230724_sedge_mosstundra16_m3m/MOSS/tile_20913.png,5
arctic_vegetation/20230724_sedge_mosstundra16_m3m/MOSS/tile_20914.png,5
arctic_vegetation/20230724_sedge_mosstundra16_m3m/MOSS/tile_20915.png,5
arctic_vegetation/20230724_sedge_mosstundra16_m3m/SEDG/tile_20916.png,9
arctic_vegetation/20230724_sedge_mosstundra16_m3m/SEDG/tile_20917.png,9
arctic_vegetation/20230724_sedge_mosstundra16_m3m/MOSS/tile_20918.png,5
arctic_vegetation/20230724_sedge_mosstundra16_m3m/MOSS/tile_20919.png,5
arctic_vegetation/20230724_sedge_mosstundra16_m3m/MOSS/tile_20920.png,5
arctic_vegetation/20230724_sedge_mosstundra16_m3m/MOSS/tile_20921.png,5
arctic_vegetation/20230724_sedge_mosstundra16_m3m/TUSS/tile_20922.png,10
arctic_vegetation/20230724_sedge_mosstundra16_m3m/TUSS/tile_20923.png,10
arctic_vegetation/20230724_sedge_mosstundra16_m3m/TUSS/tile_20924.png,10
arctic_vegetation/20230724_sedge_mosstundra16_m3m/MOSS/tile_20931.png,5
arctic_vegetation/20230724_sedge_mosstundra16_m3m/MOSS/tile_20932.png,5
arctic_vegetation/20230724_sedge_mosstundra16_m3m/MOSS/tile_20933.png,5
arctic_vegetation/20230724_sedge_mosstundra16_m3m/MOSS/tile_21057.png,5
arctic_vegetation/20230724_sedge_mosstundra16_m3m/MOSS/tile_21058.png,5
arctic_vegetation/20230724_sedge_mosstundra16_m3m/MOSS/tile_21059.png,5
arctic_vegetation/20230724_sedge_mosstundra16_m3m/MOSS/tile_21079.png,5
arctic_vegetation/20230724_sedge_mosstundra16_m3m/MOSS/tile_21080.png,5
arctic_vegetation/20230724_sedge_mosstundra16_m3m/MOSS/tile_21081.png,5
arctic_vegetation/20230724_sedge_mosstundra16_m3m/MOSS/tile_21082.png,5
arctic_vegetation/20230724_sedge_mosstundra16_m3m/MOSS/tile_21083.png,5
arctic_vegetation/20230724_sedge_mosstundra16_m3m/MOSS/tile_21110.png,5
arctic_vegetation/20230724_sedge_mosstundra16_m3m/MOSS/tile_21111.png,5
arctic_vegetation/20230724_sedge_mosstundra16_m3m/MOSS/tile_21112.png,5
arctic_vegetation/20230724_sedge_mosstundra16_m3m/SEDG/tile_21113.png,9
arctic_vegetation/20230724_sedge_mosstundra16_m3m/SEDG/tile_21114.png,9
arctic_vegetation/20230724_sedge_mosstundra16_m3m/SEDG/tile_21115.png,9
arctic_vegetation/20230724_sedge_mosstundra16_m3m/MOSS/tile_21116.png,5
arctic_vegetation/20230724_sedge_mosstundra16_m3m/MOSS/tile_21117.png,5
arctic_vegetation/20230724_sedge_mosstundra16_m3m/MOSS/tile_21118.png,5
arctic_vegetation/20230724_sedge_mosstundra16_m3m/SEDG/tile_21119.png,9
arctic_vegetation/20230724_sedge_mosstundra16_m3m/SEDG/tile_21120.png,9
arctic_vegetation/20230724_sedge_mosstundra16_m3m/SEDG/tile_21121.png,9
arctic_vegetation/20230724_sedge_mosstundra16_m3m/SEDG/tile_21122.png,9
arctic_vegetation/20230724_sedge_mosstundra16_m3m/SEDG/tile_21123.png,9
arctic_vegetation/20230724_sedge_mosstundra16_m3m/MOSS/tile_21124.png,5
arctic_vegetation/20230724_sedge_mosstundra16_m3m/TUSS/tile_21125.png,10
arctic_vegetation/20230724_sedge_mosstundra16_m3m/TUSS/tile_21126.png,10
arctic_vegetation/20230724_sedge_mosstundra16_m3m/TUSS/tile_21127.png,10
arctic_vegetation/20230724_sedge_mosstundra16_m3m/MOSS/tile_21134.png,5
arctic_vegetation/20230724_sedge_mosstundra16_m3m/MOSS/tile_21135.png,5
arctic_vegetation/20230724_sedge_mosstundra16_m3m/MOSS/tile_21136.png,5
arctic_vegetation/20230724_sedge_mosstundra16_m3m/MOSS/tile_21249.png,5
arctic_vegetation/20230724_sedge_mosstundra16_m3m/MOSS/tile_21250.png,5
arctic_vegetation/20230724_sedge_mosstundra16_m3m/BIRC/tile_21251.png,2
arctic_vegetation/20230724_sedge_mosstundra16_m3m/BIRC/tile_21252.png,2
arctic_vegetation/20230724_sedge_mosstundra16_m3m/BIRC/tile_21253.png,2
arctic_vegetation/20230724_sedge_mosstundra16_m3m/MOSS/tile_21261.png,5
arctic_vegetation/20230724_sedge_mosstundra16_m3m/MOSS/tile_21262.png,5
arctic_vegetation/20230724_sedge_mosstundra16_m3m/MOSS/tile_21263.png,5
arctic_vegetation/20230724_sedge_mosstundra16_m3m/MOSS/tile_21282.png,5
arctic_vegetation/20230724_sedge_mosstundra16_m3m/MOSS/tile_21283.png,5
arctic_vegetation/20230724_sedge_mosstundra16_m3m/MOSS/tile_21284.png,5
arctic_vegetation/20230724_sedge_mosstundra16_m3m/MOSS/tile_21285.png,5
arctic_vegetation/20230724_sedge_mosstundra16_m3m/SEDG/tile_21310.png,9
arctic_vegetation/20230724_sedge_mosstundra16_m3m/SEDG/tile_21311.png,9
arctic_vegetation/20230724_sedge_mosstundra16_m3m/SEDG/tile_21312.png,9
arctic_vegetation/20230724_sedge_mosstundra16_m3m/SEDG/tile_21313.png,9
arctic_vegetation/20230724_sedge_mosstundra16_m3m/SEDG/tile_21314.png,9
arctic_vegetation/20230724_sedge_mosstundra16_m3m/MOSS/tile_21315.png,5
arctic_vegetation/20230724_sedge_mosstundra16_m3m/SEDG/tile_21316.png,9
arctic_vegetation/20230724_sedge_mosstundra16_m3m/SEDG/tile_21317.png,9
arctic_vegetation/20230724_sedge_mosstundra16_m3m/SEDG/tile_21318.png,9
arctic_vegetation/20230724_sedge_mosstundra16_m3m/MOSS/tile_21319.png,5
arctic_vegetation/20230724_sedge_mosstundra16_m3m/SEDG/tile_21320.png,9
arctic_vegetation/20230724_sedge_mosstundra16_m3m/SEDG/tile_21321.png,9
arctic_vegetation/20230724_sedge_mosstundra16_m3m/SEDG/tile_21322.png,9
arctic_vegetation/20230724_sedge_mosstundra16_m3m/SEDG/tile_21323.png,9
arctic_vegetation/20230724_sedge_mosstundra16_m3m/SEDG/tile_21324.png,9
arctic_vegetation/20230724_sedge_mosstundra16_m3m/SEDG/tile_21325.png,9
arctic_vegetation/20230724_sedge_mosstundra16_m3m/SEDG/tile_21326.png,9
arctic_vegetation/20230724_sedge_mosstundra16_m3m/MOSS/tile_21327.png,5
arctic_vegetation/20230724_sedge_mosstundra16_m3m/MOSS/tile_21328.png,5
arctic_vegetation/20230724_sedge_mosstundra16_m3m/MOSS/tile_21329.png,5
arctic_vegetation/20230724_sedge_mosstundra16_m3m/MOSS/tile_21330.png,5
arctic_vegetation/20230724_sedge_mosstundra16_m3m/MOSS/tile_21331.png,5
arctic_vegetation/20230724_sedge_mosstundra16_m3m/MOSS/tile_21335.png,5
arctic_vegetation/20230724_sedge_mosstundra16_m3m/MOSS/tile_21336.png,5
arctic_vegetation/20230724_sedge_mosstundra16_m3m/MOSS/tile_21337.png,5
arctic_vegetation/20230724_sedge_mosstundra16_m3m/MOSS/tile_21338.png,5
arctic_vegetation/20230724_sedge_mosstundra16_m3m/MOSS/tile_21339.png,5
arctic_vegetation/20230724_sedge_mosstundra16_m3m/MOSS/tile_21452.png,5
arctic_vegetation/20230724_sedge_mosstundra16_m3m/MOSS/tile_21453.png,5
arctic_vegetation/20230724_sedge_mosstundra16_m3m/MOSS/tile_21454.png,5
arctic_vegetation/20230724_sedge_mosstundra16_m3m/BIRC/tile_21455.png,2
arctic_vegetation/20230724_sedge_mosstundra16_m3m/BIRC/tile_21456.png,2
arctic_vegetation/20230724_sedge_mosstundra16_m3m/MOSS/tile_21461.png,5
arctic_vegetation/20230724_sedge_mosstundra16_m3m/MOSS/tile_21462.png,5
arctic_vegetation/20230724_sedge_mosstundra16_m3m/MOSS/tile_21464.png,5
arctic_vegetation/20230724_sedge_mosstundra16_m3m/MOSS/tile_21465.png,5
arctic_vegetation/20230724_sedge_mosstundra16_m3m/MOSS/tile_21466.png,5
arctic_vegetation/20230724_sedge_mosstundra16_m3m/MOSS/tile_21473.png,5
arctic_vegetation/20230724_sedge_mosstundra16_m3m/MOSS/tile_21474.png,5
arctic_vegetation/20230724_sedge_mosstundra16_m3m/MOSS/tile_21475.png,5
arctic_vegetation/20230724_sedge_mosstundra16_m3m/MOSS/tile_21476.png,5
arctic_vegetation/20230724_sedge_mosstundra16_m3m/MOSS/tile_21485.png,5
arctic_vegetation/20230724_sedge_mosstundra16_m3m/MOSS/tile_21486.png,5
arctic_vegetation/20230724_sedge_mosstundra16_m3m/MOSS/tile_21487.png,5
arctic_vegetation/20230724_sedge_mosstundra16_m3m/MOSS/tile_21488.png,5
arctic_vegetation/20230724_sedge_mosstundra16_m3m/SEDG/tile_21513.png,9
arctic_vegetation/20230724_sedge_mosstundra16_m3m/SEDG/tile_21514.png,9
arctic_vegetation/20230724_sedge_mosstundra16_m3m/SEDG/tile_21515.png,9
arctic_vegetation/20230724_sedge_mosstundra16_m3m/SEDG/tile_21516.png,9
arctic_vegetation/20230724_sedge_mosstundra16_m3m/SEDG/tile_21517.png,9
arctic_vegetation/20230724_sedge_mosstundra16_m3m/SEDG/tile_21518.png,9
arctic_vegetation/20230724_sedge_mosstundra16_m3m/SEDG/tile_21519.png,9
arctic_vegetation/20230724_sedge_mosstundra16_m3m/SEDG/tile_21520.png,9
arctic_vegetation/20230724_sedge_mosstundra16_m3m/SEDG/tile_21521.png,9
arctic_vegetation/20230724_sedge_mosstundra16_m3m/MOSS/tile_21522.png,5
arctic_vegetation/20230724_sedge_mosstundra16_m3m/MOSS/tile_21523.png,5
arctic_vegetation/20230724_sedge_mosstundra16_m3m/MOSS/tile_21524.png,5
arctic_vegetation/20230724_sedge_mosstundra16_m3m/SEDG/tile_21525.png,9
arctic_vegetation/20230724_sedge_mosstundra16_m3m/SEDG/tile_21526.png,9
arctic_vegetation/20230724_sedge_mosstundra16_m3m/SEDG/tile_21527.png,9
arctic_vegetation/20230724_sedge_mosstundra16_m3m/SEDG/tile_21528.png,9
arctic_vegetation/20230724_sedge_mosstundra16_m3m/SEDG/tile_21529.png,9
arctic_vegetation/20230724_sedge_mosstundra16_m3m/MOSS/tile_21530.png,5
arctic_vegetation/20230724_sedge_mosstundra16_m3m/MOSS/tile_21531.png,5
arctic_vegetation/20230724_sedge_mosstundra16_m3m/MOSS/tile_21532.png,5
arctic_vegetation/20230724_sedge_mosstundra16_m3m/MOSS/tile_21533.png,5
arctic_vegetation/20230724_sedge_mosstundra16_m3m/MOSS/tile_21534.png,5
arctic_vegetation/20230724_sedge_mosstundra16_m3m/MOSS/tile_21536.png,5
arctic_vegetation/20230724_sedge_mosstundra16_m3m/MOSS/tile_21537.png,5
arctic_vegetation/20230724_sedge_mosstundra16_m3m/MOSS/tile_21538.png,5
arctic_vegetation/20230724_sedge_mosstundra16_m3m/MOSS/tile_21539.png,5
arctic_vegetation/20230724_sedge_mosstundra16_m3m/MOSS/tile_21540.png,5
arctic_vegetation/20230724_sedge_mosstundra16_m3m/MOSS/tile_21541.png,5
arctic_vegetation/20230724_sedge_mosstundra16_m3m/MOSS/tile_21653.png,5
arctic_vegetation/20230724_sedge_mosstundra16_m3m/MOSS/tile_21654.png,5
arctic_vegetation/20230724_sedge_mosstundra16_m3m/MOSS/tile_21655.png,5
arctic_vegetation/20230724_sedge_mosstundra16_m3m/MOSS/tile_21656.png,5
arctic_vegetation/20230724_sedge_mosstundra16_m3m/MOSS/tile_21662.png,5
arctic_vegetation/20230724_sedge_mosstundra16_m3m/MOSS/tile_21663.png,5
arctic_vegetation/20230724_sedge_mosstundra16_m3m/MOSS/tile_21666.png,5
arctic_vegetation/20230724_sedge_mosstundra16_m3m/MOSS/tile_21667.png,5
arctic_vegetation/20230724_sedge_mosstundra16_m3m/MOSS/tile_21669.png,5
arctic_vegetation/20230724_sedge_mosstundra16_m3m/MOSS/tile_21670.png,5
arctic_vegetation/20230724_sedge_mosstundra16_m3m/MOSS/tile_21674.png,5
arctic_vegetation/20230724_sedge_mosstundra16_m3m/MOSS/tile_21675.png,5
arctic_vegetation/20230724_sedge_mosstundra16_m3m/MOSS/tile_21676.png,5
arctic_vegetation/20230724_sedge_mosstundra16_m3m/MOSS/tile_21677.png,5
arctic_vegetation/20230724_sedge_mosstundra16_m3m/MOSS/tile_21686.png,5
arctic_vegetation/20230724_sedge_mosstundra16_m3m/MOSS/tile_21687.png,5
arctic_vegetation/20230724_sedge_mosstundra16_m3m/MOSS/tile_21688.png,5
arctic_vegetation/20230724_sedge_mosstundra16_m3m/MOSS/tile_21689.png,5
arctic_vegetation/20230724_sedge_mosstundra16_m3m/MOSS/tile_21690.png,5
arctic_vegetation/20230724_sedge_mosstundra16_m3m/MOSS/tile_21691.png,5
arctic_vegetation/20230724_sedge_mosstundra16_m3m/MOSS/tile_21692.png,5
arctic_vegetation/20230724_sedge_mosstundra16_m3m/SEDG/tile_21714.png,9
arctic_vegetation/20230724_sedge_mosstundra16_m3m/SEDG/tile_21715.png,9
arctic_vegetation/20230724_sedge_mosstundra16_m3m/SEDG/tile_21716.png,9
arctic_vegetation/20230724_sedge_mosstundra16_m3m/SEDG/tile_21717.png,9
arctic_vegetation/20230724_sedge_mosstundra16_m3m/SEDG/tile_21718.png,9
arctic_vegetation/20230724_sedge_mosstundra16_m3m/SEDG/tile_21719.png,9
arctic_vegetation/20230724_sedge_mosstundra16_m3m/SEDG/tile_21720.png,9
arctic_vegetation/20230724_sedge_mosstundra16_m3m/SEDG/tile_21721.png,9
arctic_vegetation/20230724_sedge_mosstundra16_m3m/SEDG/tile_21722.png,9
arctic_vegetation/20230724_sedge_mosstundra16_m3m/SEDG/tile_21723.png,9
arctic_vegetation/20230724_sedge_mosstundra16_m3m/MOSS/tile_21724.png,5
arctic_vegetation/20230724_sedge_mosstundra16_m3m/MOSS/tile_21725.png,5
arctic_vegetation/20230724_sedge_mosstundra16_m3m/SEDG/tile_21726.png,9
arctic_vegetation/20230724_sedge_mosstundra16_m3m/SEDG/tile_21727.png,9
arctic_vegetation/20230724_sedge_mosstundra16_m3m/SEDG/tile_21728.png,9
arctic_vegetation/20230724_sedge_mosstundra16_m3m/SEDG/tile_21729.png,9
arctic_vegetation/20230724_sedge_mosstundra16_m3m/SEDG/tile_21730.png,9
arctic_vegetation/20230724_sedge_mosstundra16_m3m/MOSS/tile_21731.png,5
arctic_vegetation/20230724_sedge_mosstundra16_m3m/MOSS/tile_21732.png,5
arctic_vegetation/20230724_sedge_mosstundra16_m3m/MOSS/tile_21734.png,5
arctic_vegetation/20230724_sedge_mosstundra16_m3m/MOSS/tile_21735.png,5
arctic_vegetation/20230724_sedge_mosstundra16_m3m/MOSS/tile_21736.png,5
arctic_vegetation/20230724_sedge_mosstundra16_m3m/MOSS/tile_21737.png,5
arctic_vegetation/20230724_sedge_mosstundra16_m3m/MOSS/tile_21738.png,5
arctic_vegetation/20230724_sedge_mosstundra16_m3m/MOSS/tile_21739.png,5
arctic_vegetation/20230724_sedge_mosstundra16_m3m/MOSS/tile_21740.png,5
arctic_vegetation/20230724_sedge_mosstundra16_m3m/BIRC/tile_21854.png,2
arctic_vegetation/20230724_sedge_mosstundra16_m3m/BIRC/tile_21855.png,2
arctic_vegetation/20230724_sedge_mosstundra16_m3m/MOSS/tile_21856.png,5
arctic_vegetation/20230724_sedge_mosstundra16_m3m/MOSS/tile_21857.png,5
arctic_vegetation/20230724_sedge_mosstundra16_m3m/MOSS/tile_21858.png,5
arctic_vegetation/20230724_sedge_mosstundra16_m3m/MOSS/tile_21859.png,5
arctic_vegetation/20230724_sedge_mosstundra16_m3m/MOSS/tile_21860.png,5
arctic_vegetation/20230724_sedge_mosstundra16_m3m/MOSS/tile_21870.png,5
arctic_vegetation/20230724_sedge_mosstundra16_m3m/MOSS/tile_21871.png,5
arctic_vegetation/20230724_sedge_mosstundra16_m3m/MOSS/tile_21876.png,5
arctic_vegetation/20230724_sedge_mosstundra16_m3m/MOSS/tile_21877.png,5
arctic_vegetation/20230724_sedge_mosstundra16_m3m/MOSS/tile_21878.png,5
arctic_vegetation/20230724_sedge_mosstundra16_m3m/MOSS/tile_21879.png,5
arctic_vegetation/20230724_sedge_mosstundra16_m3m/MOSS/tile_21880.png,5
arctic_vegetation/20230724_sedge_mosstundra16_m3m/MOSS/tile_21887.png,5
arctic_vegetation/20230724_sedge_mosstundra16_m3m/MOSS/tile_21888.png,5
arctic_vegetation/20230724_sedge_mosstundra16_m3m/MOSS/tile_21891.png,5
arctic_vegetation/20230724_sedge_mosstundra16_m3m/MOSS/tile_21892.png,5
arctic_vegetation/20230724_sedge_mosstundra16_m3m/MOSS/tile_21893.png,5
arctic_vegetation/20230724_sedge_mosstundra16_m3m/MOSS/tile_21894.png,5
arctic_vegetation/20230724_sedge_mosstundra16_m3m/MOSS/tile_21917.png,5
arctic_vegetation/20230724_sedge_mosstundra16_m3m/SEDG/tile_21918.png,9
arctic_vegetation/20230724_sedge_mosstundra16_m3m/SEDG/tile_21919.png,9
arctic_vegetation/20230724_sedge_mosstundra16_m3m/SEDG/tile_21920.png,9
arctic_vegetation/20230724_sedge_mosstundra16_m3m/SEDG/tile_21921.png,9
arctic_vegetation/20230724_sedge_mosstundra16_m3m/SEDG/tile_21922.png,9
arctic_vegetation/20230724_sedge_mosstundra16_m3m/SEDG/tile_21923.png,9
arctic_vegetation/20230724_sedge_mosstundra16_m3m/SEDG/tile_21924.png,9
arctic_vegetation/20230724_sedge_mosstundra16_m3m/SEDG/tile_21927.png,9
arctic_vegetation/20230724_sedge_mosstundra16_m3m/SEDG/tile_21928.png,9
arctic_vegetation/20230724_sedge_mosstundra16_m3m/SEDG/tile_21929.png,9
arctic_vegetation/20230724_sedge_mosstundra16_m3m/SEDG/tile_21930.png,9
arctic_vegetation/20230724_sedge_mosstundra16_m3m/SEDG/tile_21931.png,9
arctic_vegetation/20230724_sedge_mosstundra16_m3m/MOSS/tile_21937.png,5
arctic_vegetation/20230724_sedge_mosstundra16_m3m/MOSS/tile_21938.png,5
arctic_vegetation/20230724_sedge_mosstundra16_m3m/MOSS/tile_21939.png,5
arctic_vegetation/20230724_sedge_mosstundra16_m3m/BIRC/tile_22056.png,2
arctic_vegetation/20230724_sedge_mosstundra16_m3m/BIRC/tile_22057.png,2
arctic_vegetation/20230724_sedge_mosstundra16_m3m/MOSS/tile_22060.png,5
arctic_vegetation/20230724_sedge_mosstundra16_m3m/MOSS/tile_22061.png,5
arctic_vegetation/20230724_sedge_mosstundra16_m3m/MOSS/tile_22062.png,5
arctic_vegetation/20230724_sedge_mosstundra16_m3m/MOSS/tile_22072.png,5
arctic_vegetation/20230724_sedge_mosstundra16_m3m/MOSS/tile_22073.png,5
arctic_vegetation/20230724_sedge_mosstundra16_m3m/MOSS/tile_22074.png,5
arctic_vegetation/20230724_sedge_mosstundra16_m3m/MOSS/tile_22075.png,5
arctic_vegetation/20230724_sedge_mosstundra16_m3m/MOSS/tile_22079.png,5
arctic_vegetation/20230724_sedge_mosstundra16_m3m/MOSS/tile_22080.png,5
arctic_vegetation/20230724_sedge_mosstundra16_m3m/MOSS/tile_22081.png,5
arctic_vegetation/20230724_sedge_mosstundra16_m3m/MOSS/tile_22082.png,5
arctic_vegetation/20230724_sedge_mosstundra16_m3m/MOSS/tile_22083.png,5
arctic_vegetation/20230724_sedge_mosstundra16_m3m/MOSS/tile_22091.png,5
arctic_vegetation/20230724_sedge_mosstundra16_m3m/MOSS/tile_22092.png,5
arctic_vegetation/20230724_sedge_mosstundra16_m3m/MOSS/tile_22093.png,5
arctic_vegetation/20230724_sedge_mosstundra16_m3m/MOSS/tile_22094.png,5
arctic_vegetation/20230724_sedge_mosstundra16_m3m/MOSS/tile_22095.png,5
arctic_vegetation/20230724_sedge_mosstundra16_m3m/MOSS/tile_22096.png,5
arctic_vegetation/20230724_sedge_mosstundra16_m3m/MOSS/tile_22119.png,5
arctic_vegetation/20230724_sedge_mosstundra16_m3m/MOSS/tile_22120.png,5
arctic_vegetation/20230724_sedge_mosstundra16_m3m/MOSS/tile_22139.png,5
arctic_vegetation/20230724_sedge_mosstundra16_m3m/MOSS/tile_22140.png,5
arctic_vegetation/20230724_sedge_mosstundra16_m3m/MOSS/tile_22258.png,5
arctic_vegetation/20230724_sedge_mosstundra16_m3m/MOSS/tile_22259.png,5
arctic_vegetation/20230724_sedge_mosstundra16_m3m/MOSS/tile_22260.png,5
arctic_vegetation/20230724_sedge_mosstundra16_m3m/MOSS/tile_22261.png,5
arctic_vegetation/20230724_sedge_mosstundra16_m3m/MOSS/tile_22262.png,5
arctic_vegetation/20230724_sedge_mosstundra16_m3m/MOSS/tile_22263.png,5
arctic_vegetation/20230724_sedge_mosstundra16_m3m/MOSS/tile_22264.png,5
arctic_vegetation/20230724_sedge_mosstundra16_m3m/MOSS/tile_22265.png,5
arctic_vegetation/20230724_sedge_mosstundra16_m3m/MOSS/tile_22275.png,5
arctic_vegetation/20230724_sedge_mosstundra16_m3m/MOSS/tile_22276.png,5
arctic_vegetation/20230724_sedge_mosstundra16_m3m/MOSS/tile_22277.png,5
arctic_vegetation/20230724_sedge_mosstundra16_m3m/MOSS/tile_22278.png,5
arctic_vegetation/20230724_sedge_mosstundra16_m3m/MOSS/tile_22282.png,5
arctic_vegetation/20230724_sedge_mosstundra16_m3m/MOSS/tile_22283.png,5
arctic_vegetation/20230724_sedge_mosstundra16_m3m/MOSS/tile_22284.png,5
arctic_vegetation/20230724_sedge_mosstundra16_m3m/MOSS/tile_22285.png,5
arctic_vegetation/20230724_sedge_mosstundra16_m3m/MOSS/tile_22286.png,5
arctic_vegetation/20230724_sedge_mosstundra16_m3m/MOSS/tile_22287.png,5
arctic_vegetation/20230724_sedge_mosstundra16_m3m/MOSS/tile_22288.png,5
arctic_vegetation/20230724_sedge_mosstundra16_m3m/SEDG/tile_22293.png,9
arctic_vegetation/20230724_sedge_mosstundra16_m3m/MOSS/tile_22294.png,5
arctic_vegetation/20230724_sedge_mosstundra16_m3m/MOSS/tile_22295.png,5
arctic_vegetation/20230724_sedge_mosstundra16_m3m/MOSS/tile_22296.png,5
arctic_vegetation/20230724_sedge_mosstundra16_m3m/MOSS/tile_22297.png,5
arctic_vegetation/20230724_sedge_mosstundra16_m3m/MOSS/tile_22298.png,5
arctic_vegetation/20230724_sedge_mosstundra16_m3m/MOSS/tile_22299.png,5
arctic_vegetation/20230724_sedge_mosstundra16_m3m/MOSS/tile_22461.png,5
arctic_vegetation/20230724_sedge_mosstundra16_m3m/MOSS/tile_22462.png,5
arctic_vegetation/20230724_sedge_mosstundra16_m3m/MOSS/tile_22463.png,5
arctic_vegetation/20230724_sedge_mosstundra16_m3m/MOSS/tile_22464.png,5
arctic_vegetation/20230724_sedge_mosstundra16_m3m/MOSS/tile_22465.png,5
arctic_vegetation/20230724_sedge_mosstundra16_m3m/MOSS/tile_22466.png,5
arctic_vegetation/20230724_sedge_mosstundra16_m3m/MOSS/tile_22478.png,5
arctic_vegetation/20230724_sedge_mosstundra16_m3m/MOSS/tile_22479.png,5
arctic_vegetation/20230724_sedge_mosstundra16_m3m/MOSS/tile_22480.png,5
arctic_vegetation/20230724_sedge_mosstundra16_m3m/MOSS/tile_22481.png,5
arctic_vegetation/20230724_sedge_mosstundra16_m3m/MOSS/tile_22485.png,5
arctic_vegetation/20230724_sedge_mosstundra16_m3m/MOSS/tile_22486.png,5
arctic_vegetation/20230724_sedge_mosstundra16_m3m/MOSS/tile_22487.png,5
arctic_vegetation/20230724_sedge_mosstundra16_m3m/MOSS/tile_22488.png,5
arctic_vegetation/20230724_sedge_mosstundra16_m3m/MOSS/tile_22489.png,5
arctic_vegetation/20230724_sedge_mosstundra16_m3m/MOSS/tile_22490.png,5
arctic_vegetation/20230724_sedge_mosstundra16_m3m/MOSS/tile_22491.png,5
arctic_vegetation/20230724_sedge_mosstundra16_m3m/SEDG/tile_22496.png,9
arctic_vegetation/20230724_sedge_mosstundra16_m3m/MOSS/tile_22497.png,5
arctic_vegetation/20230724_sedge_mosstundra16_m3m/MOSS/tile_22498.png,5
arctic_vegetation/20230724_sedge_mosstundra16_m3m/MOSS/tile_22499.png,5
arctic_vegetation/20230724_sedge_mosstundra16_m3m/MOSS/tile_22500.png,5
arctic_vegetation/20230724_sedge_mosstundra16_m3m/MOSS/tile_22501.png,5
arctic_vegetation/20230724_sedge_mosstundra16_m3m/MOSS/tile_22502.png,5
arctic_vegetation/20230724_sedge_mosstundra16_m3m/MOSS/tile_22503.png,5
arctic_vegetation/20230724_sedge_mosstundra16_m3m/MOSS/tile_22504.png,5
arctic_vegetation/20230724_sedge_mosstundra16_m3m/TUSS/tile_22572.png,10
arctic_vegetation/20230724_sedge_mosstundra16_m3m/TUSS/tile_22573.png,10
arctic_vegetation/20230724_sedge_mosstundra16_m3m/TUSS/tile_22574.png,10
arctic_vegetation/20230724_sedge_mosstundra16_m3m/MOSS/tile_22664.png,5
arctic_vegetation/20230724_sedge_mosstundra16_m3m/MOSS/tile_22665.png,5
arctic_vegetation/20230724_sedge_mosstundra16_m3m/MOSS/tile_22667.png,5
arctic_vegetation/20230724_sedge_mosstundra16_m3m/MOSS/tile_22668.png,5
arctic_vegetation/20230724_sedge_mosstundra16_m3m/MOSS/tile_22669.png,5
arctic_vegetation/20230724_sedge_mosstundra16_m3m/MOSS/tile_22688.png,5
arctic_vegetation/20230724_sedge_mosstundra16_m3m/MOSS/tile_22689.png,5
arctic_vegetation/20230724_sedge_mosstundra16_m3m/MOSS/tile_22690.png,5
arctic_vegetation/20230724_sedge_mosstundra16_m3m/MOSS/tile_22691.png,5
arctic_vegetation/20230724_sedge_mosstundra16_m3m/MOSS/tile_22692.png,5
arctic_vegetation/20230724_sedge_mosstundra16_m3m/MOSS/tile_22693.png,5
arctic_vegetation/20230724_sedge_mosstundra16_m3m/MOSS/tile_22694.png,5
arctic_vegetation/20230724_sedge_mosstundra16_m3m/SEDG/tile_22699.png,9
arctic_vegetation/20230724_sedge_mosstundra16_m3m/SEDG/tile_22700.png,9
arctic_vegetation/20230724_sedge_mosstundra16_m3m/SEDG/tile_22701.png,9
arctic_vegetation/20230724_sedge_mosstundra16_m3m/SEDG/tile_22702.png,9
arctic_vegetation/20230724_sedge_mosstundra16_m3m/MOSS/tile_22703.png,5
arctic_vegetation/20230724_sedge_mosstundra16_m3m/MOSS/tile_22704.png,5
arctic_vegetation/20230724_sedge_mosstundra16_m3m/MOSS/tile_22705.png,5
arctic_vegetation/20230724_sedge_mosstundra16_m3m/MOSS/tile_22706.png,5
arctic_vegetation/20230724_sedge_mosstundra16_m3m/MOSS/tile_22707.png,5
arctic_vegetation/20230724_sedge_mosstundra16_m3m/TUSS/tile_22775.png,10
arctic_vegetation/20230724_sedge_mosstundra16_m3m/TUSS/tile_22776.png,10
arctic_vegetation/20230724_sedge_mosstundra16_m3m/TUSS/tile_22777.png,10
arctic_vegetation/20230724_sedge_mosstundra16_m3m/MOSS/tile_22883.png,5
arctic_vegetation/20230724_sedge_mosstundra16_m3m/MOSS/tile_22884.png,5
arctic_vegetation/20230724_sedge_mosstundra16_m3m/MOSS/tile_22885.png,5
arctic_vegetation/20230724_sedge_mosstundra16_m3m/MOSS/tile_22890.png,5
arctic_vegetation/20230724_sedge_mosstundra16_m3m/MOSS/tile_22891.png,5
arctic_vegetation/20230724_sedge_mosstundra16_m3m/MOSS/tile_22892.png,5
arctic_vegetation/20230724_sedge_mosstundra16_m3m/MOSS/tile_22893.png,5
arctic_vegetation/20230724_sedge_mosstundra16_m3m/MOSS/tile_22894.png,5
arctic_vegetation/20230724_sedge_mosstundra16_m3m/MOSS/tile_22895.png,5
arctic_vegetation/20230724_sedge_mosstundra16_m3m/MOSS/tile_22896.png,5
arctic_vegetation/20230724_sedge_mosstundra16_m3m/MOSS/tile_22897.png,5
arctic_vegetation/20230724_sedge_mosstundra16_m3m/MOSS/tile_22900.png,5
arctic_vegetation/20230724_sedge_mosstundra16_m3m/MOSS/tile_22901.png,5
arctic_vegetation/20230724_sedge_mosstundra16_m3m/MOSS/tile_22902.png,5
arctic_vegetation/20230724_sedge_mosstundra16_m3m/MOSS/tile_22907.png,5
arctic_vegetation/20230724_sedge_mosstundra16_m3m/MOSS/tile_22908.png,5
arctic_vegetation/20230724_sedge_mosstundra16_m3m/MOSS/tile_22909.png,5
arctic_vegetation/20230724_sedge_mosstundra16_m3m/MOSS/tile_22910.png,5
arctic_vegetation/20230724_sedge_mosstundra16_m3m/SEDG/tile_22975.png,9
arctic_vegetation/20230724_sedge_mosstundra16_m3m/MOSS/tile_22976.png,5
arctic_vegetation/20230724_sedge_mosstundra16_m3m/MOSS/tile_22977.png,5
arctic_vegetation/20230724_sedge_mosstundra16_m3m/MOSS/tile_22978.png,5
arctic_vegetation/20230724_sedge_mosstundra16_m3m/MOSS/tile_22979.png,5
arctic_vegetation/20230724_sedge_mosstundra16_m3m/MOSS/tile_22980.png,5
arctic_vegetation/20230724_sedge_mosstundra16_m3m/TUSS/tile_22984.png,10
arctic_vegetation/20230724_sedge_mosstundra16_m3m/TUSS/tile_22985.png,10
arctic_vegetation/20230724_sedge_mosstundra16_m3m/TUSS/tile_22986.png,10
arctic_vegetation/20230724_sedge_mosstundra16_m3m/MOSS/tile_23086.png,5
arctic_vegetation/20230724_sedge_mosstundra16_m3m/MOSS/tile_23087.png,5
arctic_vegetation/20230724_sedge_mosstundra16_m3m/MOSS/tile_23088.png,5
arctic_vegetation/20230724_sedge_mosstundra16_m3m/MOSS/tile_23093.png,5
arctic_vegetation/20230724_sedge_mosstundra16_m3m/MOSS/tile_23094.png,5
arctic_vegetation/20230724_sedge_mosstundra16_m3m/MOSS/tile_23095.png,5
arctic_vegetation/20230724_sedge_mosstundra16_m3m/MOSS/tile_23096.png,5
arctic_vegetation/20230724_sedge_mosstundra16_m3m/MOSS/tile_23097.png,5
arctic_vegetation/20230724_sedge_mosstundra16_m3m/MOSS/tile_23098.png,5
arctic_vegetation/20230724_sedge_mosstundra16_m3m/MOSS/tile_23103.png,5
arctic_vegetation/20230724_sedge_mosstundra16_m3m/MOSS/tile_23104.png,5
arctic_vegetation/20230724_sedge_mosstundra16_m3m/MOSS/tile_23105.png,5
arctic_vegetation/20230724_sedge_mosstundra16_m3m/MOSS/tile_23112.png,5
arctic_vegetation/20230724_sedge_mosstundra16_m3m/MOSS/tile_23113.png,5
arctic_vegetation/20230724_sedge_mosstundra16_m3m/SEDG/tile_23178.png,9
arctic_vegetation/20230724_sedge_mosstundra16_m3m/TUSS/tile_23179.png,10
arctic_vegetation/20230724_sedge_mosstundra16_m3m/TUSS/tile_23180.png,10
arctic_vegetation/20230724_sedge_mosstundra16_m3m/TUSS/tile_23181.png,10
arctic_vegetation/20230724_sedge_mosstundra16_m3m/MOSS/tile_23182.png,5
arctic_vegetation/20230724_sedge_mosstundra16_m3m/MOSS/tile_23183.png,5
arctic_vegetation/20230724_sedge_mosstundra16_m3m/TUSS/tile_23187.png,10
arctic_vegetation/20230724_sedge_mosstundra16_m3m/TUSS/tile_23188.png,10
arctic_vegetation/20230724_sedge_mosstundra16_m3m/TUSS/tile_23189.png,10
arctic_vegetation/20230724_sedge_mosstundra16_m3m/MOSS/tile_23289.png,5
arctic_vegetation/20230724_sedge_mosstundra16_m3m/MOSS/tile_23290.png,5
arctic_vegetation/20230724_sedge_mosstundra16_m3m/MOSS/tile_23291.png,5
arctic_vegetation/20230724_sedge_mosstundra16_m3m/MOSS/tile_23296.png,5
arctic_vegetation/20230724_sedge_mosstundra16_m3m/MOSS/tile_23297.png,5
arctic_vegetation/20230724_sedge_mosstundra16_m3m/MOSS/tile_23298.png,5
arctic_vegetation/20230724_sedge_mosstundra16_m3m/MOSS/tile_23299.png,5
arctic_vegetation/20230724_sedge_mosstundra16_m3m/TUSS/tile_23379.png,10
arctic_vegetation/20230724_sedge_mosstundra16_m3m/TUSS/tile_23380.png,10
arctic_vegetation/20230724_sedge_mosstundra16_m3m/TUSS/tile_23381.png,10
arctic_vegetation/20230724_sedge_mosstundra16_m3m/TUSS/tile_23382.png,10
arctic_vegetation/20230724_sedge_mosstundra16_m3m/TUSS/tile_23383.png,10
arctic_vegetation/20230724_sedge_mosstundra16_m3m/TUSS/tile_23384.png,10
arctic_vegetation/20230724_sedge_mosstundra16_m3m/TUSS/tile_23385.png,10
arctic_vegetation/20230724_sedge_mosstundra16_m3m/TUSS/tile_23386.png,10
arctic_vegetation/20230724_sedge_mosstundra16_m3m/TUSS/tile_23389.png,10
arctic_vegetation/20230724_sedge_mosstundra16_m3m/TUSS/tile_23390.png,10
arctic_vegetation/20230724_sedge_mosstundra16_m3m/TUSS/tile_23391.png,10
arctic_vegetation/20230724_sedge_mosstundra16_m3m/TUSS/tile_23392.png,10
arctic_vegetation/20230724_sedge_mosstundra16_m3m/TUSS/tile_23582.png,10
arctic_vegetation/20230724_sedge_mosstundra16_m3m/TUSS/tile_23583.png,10
arctic_vegetation/20230724_sedge_mosstundra16_m3m/TUSS/tile_23584.png,10
arctic_vegetation/20230724_sedge_mosstundra16_m3m/TUSS/tile_23585.png,10
arctic_vegetation/20230724_sedge_mosstundra16_m3m/TUSS/tile_23586.png,10
arctic_vegetation/20230724_sedge_mosstundra16_m3m/TUSS/tile_23587.png,10
arctic_vegetation/20230724_sedge_mosstundra16_m3m/TUSS/tile_23588.png,10
arctic_vegetation/20230724_sedge_mosstundra16_m3m/TUSS/tile_23589.png,10
arctic_vegetation/20230724_sedge_mosstundra16_m3m/TUSS/tile_23592.png,10
arctic_vegetation/20230724_sedge_mosstundra16_m3m/TUSS/tile_23593.png,10
arctic_vegetation/20230724_sedge_mosstundra16_m3m/TUSS/tile_23594.png,10
arctic_vegetation/20230724_sedge_mosstundra16_m3m/TUSS/tile_23785.png,10
arctic_vegetation/20230724_sedge_mosstundra16_m3m/TUSS/tile_23786.png,10
arctic_vegetation/20230724_sedge_mosstundra16_m3m/TUSS/tile_23787.png,10
arctic_vegetation/20230724_sedge_mosstundra16_m3m/TUSS/tile_23788.png,10
arctic_vegetation/20230724_sedge_mosstundra16_m3m/TUSS/tile_23789.png,10
arctic_vegetation/20230724_sedge_mosstundra16_m3m/TUSS/tile_23790.png,10
arctic_vegetation/20230724_sedge_mosstundra16_m3m/TUSS/tile_23791.png,10
arctic_vegetation/20230724_sedge_mosstundra16_m3m/TUSS/tile_23792.png,10
arctic_vegetation/20230724_sedge_mosstundra16_m3m/SEDG/tile_24089.png,9
arctic_vegetation/20230724_sedge_mosstundra16_m3m/SEDG/tile_24090.png,9
arctic_vegetation/20230724_sedge_mosstundra16_m3m/BIRC/tile_24091.png,2
arctic_vegetation/20230724_sedge_mosstundra16_m3m/BIRC/tile_24092.png,2
arctic_vegetation/20230724_sedge_mosstundra16_m3m/MOSS/tile_24288.png,5
arctic_vegetation/20230724_sedge_mosstundra16_m3m/MOSS/tile_24289.png,5
arctic_vegetation/20230724_sedge_mosstundra16_m3m/MOSS/tile_24290.png,5
arctic_vegetation/20230724_sedge_mosstundra16_m3m/SEDG/tile_24291.png,9
arctic_vegetation/20230724_sedge_mosstundra16_m3m/SEDG/tile_24292.png,9
arctic_vegetation/20230724_sedge_mosstundra16_m3m/SEDG/tile_24293.png,9
arctic_vegetation/20230724_sedge_mosstundra16_m3m/BIRC/tile_24294.png,2
arctic_vegetation/20230724_sedge_mosstundra16_m3m/BIRC/tile_24295.png,2
arctic_vegetation/20230724_sedge_mosstundra16_m3m/MOSS/tile_24399.png,5
arctic_vegetation/20230724_sedge_mosstundra16_m3m/MOSS/tile_24400.png,5
arctic_vegetation/20230724_sedge_mosstundra16_m3m/MOSS/tile_24401.png,5
arctic_vegetation/20230724_sedge_mosstundra16_m3m/MOSS/tile_24402.png,5
arctic_vegetation/20230724_sedge_mosstundra16_m3m/MOSS/tile_24405.png,5
arctic_vegetation/20230724_sedge_mosstundra16_m3m/MOSS/tile_24406.png,5
arctic_vegetation/20230724_sedge_mosstundra16_m3m/MOSS/tile_24407.png,5
arctic_vegetation/20230724_sedge_mosstundra16_m3m/BIRC/tile_24491.png,2
arctic_vegetation/20230724_sedge_mosstundra16_m3m/BIRC/tile_24492.png,2
arctic_vegetation/20230724_sedge_mosstundra16_m3m/BIRC/tile_24493.png,2
arctic_vegetation/20230724_sedge_mosstundra16_m3m/BIRC/tile_24494.png,2
arctic_vegetation/20230724_sedge_mosstundra16_m3m/BIRC/tile_24495.png,2
arctic_vegetation/20230724_sedge_mosstundra16_m3m/SEDG/tile_24496.png,9
arctic_vegetation/20230724_sedge_mosstundra16_m3m/BIRC/tile_24497.png,2
arctic_vegetation/20230724_sedge_mosstundra16_m3m/BIRC/tile_24498.png,2
arctic_vegetation/20230724_sedge_mosstundra16_m3m/MOSS/tile_24569.png,5
arctic_vegetation/20230724_sedge_mosstundra16_m3m/MOSS/tile_24570.png,5
arctic_vegetation/20230724_sedge_mosstundra16_m3m/MOSS/tile_24602.png,5
arctic_vegetation/20230724_sedge_mosstundra16_m3m/MOSS/tile_24603.png,5
arctic_vegetation/20230724_sedge_mosstundra16_m3m/MOSS/tile_24604.png,5
arctic_vegetation/20230724_sedge_mosstundra16_m3m/MOSS/tile_24605.png,5
arctic_vegetation/20230724_sedge_mosstundra16_m3m/MOSS/tile_24606.png,5
arctic_vegetation/20230724_sedge_mosstundra16_m3m/MOSS/tile_24607.png,5
arctic_vegetation/20230724_sedge_mosstundra16_m3m/MOSS/tile_24608.png,5
arctic_vegetation/20230724_sedge_mosstundra16_m3m/MOSS/tile_24609.png,5
arctic_vegetation/20230724_sedge_mosstundra16_m3m/MOSS/tile_24610.png,5
arctic_vegetation/20230724_sedge_mosstundra16_m3m/MOSS/tile_24611.png,5
arctic_vegetation/20230724_sedge_mosstundra16_m3m/BIRC/tile_24694.png,2
arctic_vegetation/20230724_sedge_mosstundra16_m3m/BIRC/tile_24695.png,2
arctic_vegetation/20230724_sedge_mosstundra16_m3m/BIRC/tile_24696.png,2
arctic_vegetation/20230724_sedge_mosstundra16_m3m/BIRC/tile_24697.png,2
arctic_vegetation/20230724_sedge_mosstundra16_m3m/BIRC/tile_24698.png,2
arctic_vegetation/20230724_sedge_mosstundra16_m3m/BIRC/tile_24699.png,2
arctic_vegetation/20230724_sedge_mosstundra16_m3m/BIRC/tile_24700.png,2
arctic_vegetation/20230724_sedge_mosstundra16_m3m/BIRC/tile_24701.png,2
arctic_vegetation/20230724_sedge_mosstundra16_m3m/BIRC/tile_24702.png,2
arctic_vegetation/20230724_sedge_mosstundra16_m3m/MOSS/tile_24770.png,5
arctic_vegetation/20230724_sedge_mosstundra16_m3m/MOSS/tile_24771.png,5
arctic_vegetation/20230724_sedge_mosstundra16_m3m/MOSS/tile_24772.png,5
arctic_vegetation/20230724_sedge_mosstundra16_m3m/MOSS/tile_24773.png,5
arctic_vegetation/20230724_sedge_mosstundra16_m3m/MOSS/tile_24803.png,5
arctic_vegetation/20230724_sedge_mosstundra16_m3m/MOSS/tile_24804.png,5
arctic_vegetation/20230724_sedge_mosstundra16_m3m/MOSS/tile_24806.png,5
arctic_vegetation/20230724_sedge_mosstundra16_m3m/MOSS/tile_24807.png,5
arctic_vegetation/20230724_sedge_mosstundra16_m3m/MOSS/tile_24808.png,5
arctic_vegetation/20230724_sedge_mosstundra16_m3m/MOSS/tile_24809.png,5
arctic_vegetation/20230724_sedge_mosstundra16_m3m/MOSS/tile_24810.png,5
arctic_vegetation/20230724_sedge_mosstundra16_m3m/MOSS/tile_24811.png,5
arctic_vegetation/20230724_sedge_mosstundra16_m3m/MOSS/tile_24812.png,5
arctic_vegetation/20230724_sedge_mosstundra16_m3m/MOSS/tile_24813.png,5
arctic_vegetation/20230724_sedge_mosstundra16_m3m/MOSS/tile_24814.png,5
arctic_vegetation/20230724_sedge_mosstundra16_m3m/BIRC/tile_24900.png,2
arctic_vegetation/20230724_sedge_mosstundra16_m3m/BIRC/tile_24901.png,2
arctic_vegetation/20230724_sedge_mosstundra16_m3m/BIRC/tile_24902.png,2
arctic_vegetation/20230724_sedge_mosstundra16_m3m/BIRC/tile_24903.png,2
arctic_vegetation/20230724_sedge_mosstundra16_m3m/BIRC/tile_24904.png,2
arctic_vegetation/20230724_sedge_mosstundra16_m3m/BIRC/tile_24905.png,2
arctic_vegetation/20230724_sedge_mosstundra16_m3m/MOSS/tile_24957.png,5
arctic_vegetation/20230724_sedge_mosstundra16_m3m/MOSS/tile_24958.png,5
arctic_vegetation/20230724_sedge_mosstundra16_m3m/MOSS/tile_24959.png,5
arctic_vegetation/20230724_sedge_mosstundra16_m3m/MOSS/tile_24973.png,5
arctic_vegetation/20230724_sedge_mosstundra16_m3m/MOSS/tile_24974.png,5
arctic_vegetation/20230724_sedge_mosstundra16_m3m/MOSS/tile_24975.png,5
arctic_vegetation/20230724_sedge_mosstundra16_m3m/MOSS/tile_24976.png,5
arctic_vegetation/20230724_sedge_mosstundra16_m3m/MOSS/tile_25004.png,5
arctic_vegetation/20230724_sedge_mosstundra16_m3m/MOSS/tile_25005.png,5
arctic_vegetation/20230724_sedge_mosstundra16_m3m/MOSS/tile_25006.png,5
arctic_vegetation/20230724_sedge_mosstundra16_m3m/MOSS/tile_25007.png,5
arctic_vegetation/20230724_sedge_mosstundra16_m3m/MOSS/tile_25012.png,5
arctic_vegetation/20230724_sedge_mosstundra16_m3m/MOSS/tile_25013.png,5
arctic_vegetation/20230724_sedge_mosstundra16_m3m/MOSS/tile_25014.png,5
arctic_vegetation/20230724_sedge_mosstundra16_m3m/MOSS/tile_25015.png,5
arctic_vegetation/20230724_sedge_mosstundra16_m3m/MOSS/tile_25016.png,5
arctic_vegetation/20230724_sedge_mosstundra16_m3m/MOSS/tile_25017.png,5
arctic_vegetation/20230724_sedge_mosstundra16_m3m/MOSS/tile_25159.png,5
arctic_vegetation/20230724_sedge_mosstundra16_m3m/MOSS/tile_25160.png,5
arctic_vegetation/20230724_sedge_mosstundra16_m3m/MOSS/tile_25161.png,5
arctic_vegetation/20230724_sedge_mosstundra16_m3m/MOSS/tile_25162.png,5
arctic_vegetation/20230724_sedge_mosstundra16_m3m/MOSS/tile_25175.png,5
arctic_vegetation/20230724_sedge_mosstundra16_m3m/MOSS/tile_25176.png,5
arctic_vegetation/20230724_sedge_mosstundra16_m3m/MOSS/tile_25177.png,5
arctic_vegetation/20230724_sedge_mosstundra16_m3m/MOSS/tile_25178.png,5
arctic_vegetation/20230724_sedge_mosstundra16_m3m/MOSS/tile_25207.png,5
arctic_vegetation/20230724_sedge_mosstundra16_m3m/MOSS/tile_25208.png,5
arctic_vegetation/20230724_sedge_mosstundra16_m3m/MOSS/tile_25209.png,5
arctic_vegetation/20230724_sedge_mosstundra16_m3m/MOSS/tile_25210.png,5
arctic_vegetation/20230724_sedge_mosstundra16_m3m/MOSS/tile_25362.png,5
arctic_vegetation/20230724_sedge_mosstundra16_m3m/MOSS/tile_25363.png,5
arctic_vegetation/20230724_sedge_mosstundra16_m3m/MOSS/tile_25364.png,5
arctic_vegetation/20230724_sedge_mosstundra16_m3m/LICH/tile_25367.png,4
arctic_vegetation/20230724_sedge_mosstundra16_m3m/LICH/tile_25368.png,4
arctic_vegetation/20230724_sedge_mosstundra16_m3m/MOSS/tile_25378.png,5
arctic_vegetation/20230724_sedge_mosstundra16_m3m/MOSS/tile_25379.png,5
arctic_vegetation/20230724_sedge_mosstundra16_m3m/MOSS/tile_25380.png,5
arctic_vegetation/20230724_sedge_mosstundra16_m3m/MOSS/tile_25381.png,5
arctic_vegetation/20230724_sedge_mosstundra16_m3m/MOSS/tile_25410.png,5
arctic_vegetation/20230724_sedge_mosstundra16_m3m/MOSS/tile_25411.png,5
arctic_vegetation/20230724_sedge_mosstundra16_m3m/MOSS/tile_25412.png,5
arctic_vegetation/20230724_sedge_mosstundra16_m3m/MOSS/tile_25565.png,5
arctic_vegetation/20230724_sedge_mosstundra16_m3m/MOSS/tile_25566.png,5
arctic_vegetation/20230724_sedge_mosstundra16_m3m/SEDG/tile_25567.png,9
arctic_vegetation/20230724_sedge_mosstundra16_m3m/LICH/tile_25568.png,4
arctic_vegetation/20230724_sedge_mosstundra16_m3m/LICH/tile_25569.png,4
arctic_vegetation/20230724_sedge_mosstundra16_m3m/LICH/tile_25570.png,4
arctic_vegetation/20230724_sedge_mosstundra16_m3m/LICH/tile_25571.png,4
arctic_vegetation/20230724_sedge_mosstundra16_m3m/LICH/tile_25572.png,4
arctic_vegetation/20230724_sedge_mosstundra16_m3m/MOSS/tile_25768.png,5
arctic_vegetation/20230724_sedge_mosstundra16_m3m/MOSS/tile_25769.png,5
arctic_vegetation/20230724_sedge_mosstundra16_m3m/MOSS/tile_25770.png,5
arctic_vegetation/20230724_sedge_mosstundra16_m3m/LICH/tile_25771.png,4
arctic_vegetation/20230724_sedge_mosstundra16_m3m/LICH/tile_25772.png,4
arctic_vegetation/20230724_sedge_mosstundra16_m3m/LICH/tile_25773.png,4
arctic_vegetation/20230724_sedge_mosstundra16_m3m/LICH/tile_25774.png,4
arctic_vegetation/20230724_sedge_mosstundra16_m3m/LICH/tile_25775.png,4
arctic_vegetation/20230724_sedge_mosstundra16_m3m/TUSS/tile_25819.png,10
arctic_vegetation/20230724_sedge_mosstundra16_m3m/TUSS/tile_25820.png,10
arctic_vegetation/20230724_sedge_mosstundra16_m3m/TUSS/tile_25821.png,10
arctic_vegetation/20230724_sedge_mosstundra16_m3m/TUSS/tile_25822.png,10
arctic_vegetation/20230724_sedge_mosstundra16_m3m/MOSS/tile_25971.png,5
arctic_vegetation/20230724_sedge_mosstundra16_m3m/MOSS/tile_25972.png,5
arctic_vegetation/20230724_sedge_mosstundra16_m3m/MOSS/tile_25973.png,5
arctic_vegetation/20230724_sedge_mosstundra16_m3m/LICH/tile_25974.png,4
arctic_vegetation/20230724_sedge_mosstundra16_m3m/LICH/tile_25975.png,4
arctic_vegetation/20230724_sedge_mosstundra16_m3m/LICH/tile_25976.png,4
arctic_vegetation/20230724_sedge_mosstundra16_m3m/LICH/tile_25977.png,4
arctic_vegetation/20230724_sedge_mosstundra16_m3m/TUSS/tile_26017.png,10
arctic_vegetation/20230724_sedge_mosstundra16_m3m/TUSS/tile_26018.png,10
arctic_vegetation/20230724_sedge_mosstundra16_m3m/TUSS/tile_26019.png,10
arctic_vegetation/20230724_sedge_mosstundra16_m3m/TUSS/tile_26020.png,10
arctic_vegetation/20230724_sedge_mosstundra16_m3m/TUSS/tile_26021.png,10
arctic_vegetation/20230724_sedge_mosstundra16_m3m/TUSS/tile_26022.png,10
arctic_vegetation/20230724_sedge_mosstundra16_m3m/TUSS/tile_26023.png,10
arctic_vegetation/20230724_sedge_mosstundra16_m3m/TUSS/tile_26024.png,10
arctic_vegetation/20230724_sedge_mosstundra16_m3m/TUSS/tile_26025.png,10
arctic_vegetation/20230724_sedge_mosstundra16_m3m/MOSS/tile_26026.png,5
arctic_vegetation/20230724_sedge_mosstundra16_m3m/MOSS/tile_26027.png,5
arctic_vegetation/20230724_sedge_mosstundra16_m3m/MOSS/tile_26174.png,5
arctic_vegetation/20230724_sedge_mosstundra16_m3m/MOSS/tile_26175.png,5
arctic_vegetation/20230724_sedge_mosstundra16_m3m/MOSS/tile_26176.png,5
arctic_vegetation/20230724_sedge_mosstundra16_m3m/LICH/tile_26177.png,4
arctic_vegetation/20230724_sedge_mosstundra16_m3m/LICH/tile_26178.png,4
arctic_vegetation/20230724_sedge_mosstundra16_m3m/LICH/tile_26179.png,4
arctic_vegetation/20230724_sedge_mosstundra16_m3m/LICH/tile_26180.png,4
arctic_vegetation/20230724_sedge_mosstundra16_m3m/TUSS/tile_26220.png,10
arctic_vegetation/20230724_sedge_mosstundra16_m3m/TUSS/tile_26221.png,10
arctic_vegetation/20230724_sedge_mosstundra16_m3m/TUSS/tile_26222.png,10
arctic_vegetation/20230724_sedge_mosstundra16_m3m/TUSS/tile_26223.png,10
arctic_vegetation/20230724_sedge_mosstundra16_m3m/TUSS/tile_26224.png,10
arctic_vegetation/20230724_sedge_mosstundra16_m3m/TUSS/tile_26225.png,10
arctic_vegetation/20230724_sedge_mosstundra16_m3m/TUSS/tile_26226.png,10
arctic_vegetation/20230724_sedge_mosstundra16_m3m/TUSS/tile_26227.png,10
arctic_vegetation/20230724_sedge_mosstundra16_m3m/TUSS/tile_26228.png,10
arctic_vegetation/20230724_sedge_mosstundra16_m3m/TUSS/tile_26229.png,10
arctic_vegetation/20230724_sedge_mosstundra16_m3m/TUSS/tile_26230.png,10
arctic_vegetation/20230724_sedge_mosstundra16_m3m/TUSS/tile_26231.png,10
arctic_vegetation/20230724_sedge_mosstundra16_m3m/MOSS/tile_26351.png,5
arctic_vegetation/20230724_sedge_mosstundra16_m3m/MOSS/tile_26352.png,5
arctic_vegetation/20230724_sedge_mosstundra16_m3m/LICH/tile_26382.png,4
arctic_vegetation/20230724_sedge_mosstundra16_m3m/LICH/tile_26383.png,4
arctic_vegetation/20230724_sedge_mosstundra16_m3m/TUSS/tile_26424.png,10
arctic_vegetation/20230724_sedge_mosstundra16_m3m/TUSS/tile_26425.png,10
arctic_vegetation/20230724_sedge_mosstundra16_m3m/TUSS/tile_26426.png,10
arctic_vegetation/20230724_sedge_mosstundra16_m3m/TUSS/tile_26427.png,10
arctic_vegetation/20230724_sedge_mosstundra16_m3m/TUSS/tile_26429.png,10
arctic_vegetation/20230724_sedge_mosstundra16_m3m/TUSS/tile_26430.png,10
arctic_vegetation/20230724_sedge_mosstundra16_m3m/TUSS/tile_26431.png,10
arctic_vegetation/20230724_sedge_mosstundra16_m3m/TUSS/tile_26432.png,10
arctic_vegetation/20230724_sedge_mosstundra16_m3m/TUSS/tile_26433.png,10
arctic_vegetation/20230724_sedge_mosstundra16_m3m/TUSS/tile_26434.png,10
arctic_vegetation/20230724_sedge_mosstundra16_m3m/MOSS/tile_26554.png,5
arctic_vegetation/20230724_sedge_mosstundra16_m3m/MOSS/tile_26555.png,5
arctic_vegetation/20230724_sedge_mosstundra16_m3m/MOSS/tile_26556.png,5
arctic_vegetation/20230724_sedge_mosstundra16_m3m/TUSS/tile_26625.png,10
arctic_vegetation/20230724_sedge_mosstundra16_m3m/TUSS/tile_26626.png,10
arctic_vegetation/20230724_sedge_mosstundra16_m3m/TUSS/tile_26627.png,10
arctic_vegetation/20230724_sedge_mosstundra16_m3m/MOSS/tile_26628.png,5
arctic_vegetation/20230724_sedge_mosstundra16_m3m/MOSS/tile_26629.png,5
arctic_vegetation/20230724_sedge_mosstundra16_m3m/TUSS/tile_26632.png,10
arctic_vegetation/20230724_sedge_mosstundra16_m3m/TUSS/tile_26633.png,10
arctic_vegetation/20230724_sedge_mosstundra16_m3m/TUSS/tile_26634.png,10
arctic_vegetation/20230724_sedge_mosstundra16_m3m/TUSS/tile_26635.png,10
arctic_vegetation/20230724_sedge_mosstundra16_m3m/TUSS/tile_26636.png,10
arctic_vegetation/20230724_sedge_mosstundra16_m3m/TUSS/tile_26637.png,10
arctic_vegetation/20230724_sedge_mosstundra16_m3m/MOSS/tile_26757.png,5
arctic_vegetation/20230724_sedge_mosstundra16_m3m/MOSS/tile_26758.png,5
arctic_vegetation/20230724_sedge_mosstundra16_m3m/MOSS/tile_26759.png,5
arctic_vegetation/20230724_sedge_mosstundra16_m3m/TUSS/tile_26827.png,10
arctic_vegetation/20230724_sedge_mosstundra16_m3m/TUSS/tile_26828.png,10
arctic_vegetation/20230724_sedge_mosstundra16_m3m/TUSS/tile_26829.png,10
arctic_vegetation/20230724_sedge_mosstundra16_m3m/TUSS/tile_26830.png,10
arctic_vegetation/20230724_sedge_mosstundra16_m3m/TUSS/tile_26831.png,10
arctic_vegetation/20230724_sedge_mosstundra16_m3m/MOSS/tile_26832.png,5
arctic_vegetation/20230724_sedge_mosstundra16_m3m/MOSS/tile_26833.png,5
arctic_vegetation/20230724_sedge_mosstundra16_m3m/TUSS/tile_26835.png,10
arctic_vegetation/20230724_sedge_mosstundra16_m3m/TUSS/tile_26836.png,10
arctic_vegetation/20230724_sedge_mosstundra16_m3m/TUSS/tile_26837.png,10
arctic_vegetation/20230724_sedge_mosstundra16_m3m/TUSS/tile_27030.png,10
arctic_vegetation/20230724_sedge_mosstundra16_m3m/TUSS/tile_27031.png,10
arctic_vegetation/20230724_sedge_mosstundra16_m3m/TUSS/tile_27032.png,10
arctic_vegetation/20230724_sedge_mosstundra16_m3m/TUSS/tile_27033.png,10
arctic_vegetation/20230724_sedge_mosstundra16_m3m/TUSS/tile_27034.png,10
arctic_vegetation/20230724_sedge_mosstundra16_m3m/MOSS/tile_27035.png,5
arctic_vegetation/20230724_sedge_mosstundra16_m3m/MOSS/tile_27036.png,5
arctic_vegetation/20230724_sedge_mosstundra16_m3m/TUSS/tile_27038.png,10
arctic_vegetation/20230724_sedge_mosstundra16_m3m/TUSS/tile_27039.png,10
arctic_vegetation/20230724_sedge_mosstundra16_m3m/TUSS/tile_27040.png,10
arctic_vegetation/20230724_sedge_mosstundra16_m3m/TUSS/tile_27041.png,10
arctic_vegetation/20230724_sedge_mosstundra16_m3m/TUSS/tile_27043.png,10
arctic_vegetation/20230724_sedge_mosstundra16_m3m/TUSS/tile_27044.png,10
arctic_vegetation/20230724_sedge_mosstundra16_m3m/TUSS/tile_27045.png,10
arctic_vegetation/20230724_sedge_mosstundra16_m3m/TUSS/tile_27046.png,10
arctic_vegetation/20230724_sedge_mosstundra16_m3m/TUSS/tile_27047.png,10
arctic_vegetation/20230724_sedge_mosstundra16_m3m/TUSS/tile_27233.png,10
arctic_vegetation/20230724_sedge_mosstundra16_m3m/TUSS/tile_27234.png,10
arctic_vegetation/20230724_sedge_mosstundra16_m3m/TUSS/tile_27235.png,10
arctic_vegetation/20230724_sedge_mosstundra16_m3m/MOSS/tile_27238.png,5
arctic_vegetation/20230724_sedge_mosstundra16_m3m/TUSS/tile_27239.png,10
arctic_vegetation/20230724_sedge_mosstundra16_m3m/TUSS/tile_27240.png,10
arctic_vegetation/20230724_sedge_mosstundra16_m3m/TUSS/tile_27241.png,10
arctic_vegetation/20230724_sedge_mosstundra16_m3m/TUSS/tile_27242.png,10
arctic_vegetation/20230724_sedge_mosstundra16_m3m/TUSS/tile_27243.png,10
arctic_vegetation/20230724_sedge_mosstundra16_m3m/TUSS/tile_27244.png,10
arctic_vegetation/20230724_sedge_mosstundra16_m3m/TUSS/tile_27245.png,10
arctic_vegetation/20230724_sedge_mosstundra16_m3m/TUSS/tile_27246.png,10
arctic_vegetation/20230724_sedge_mosstundra16_m3m/TUSS/tile_27247.png,10
arctic_vegetation/20230724_sedge_mosstundra16_m3m/TUSS/tile_27248.png,10
arctic_vegetation/20230724_sedge_mosstundra16_m3m/TUSS/tile_27249.png,10
arctic_vegetation/20230724_sedge_mosstundra16_m3m/TUSS/tile_27250.png,10
arctic_vegetation/20230724_sedge_mosstundra16_m3m/TUSS/tile_27440.png,10
arctic_vegetation/20230724_sedge_mosstundra16_m3m/TUSS/tile_27441.png,10
arctic_vegetation/20230724_sedge_mosstundra16_m3m/TUSS/tile_27442.png,10
arctic_vegetation/20230724_sedge_mosstundra16_m3m/TUSS/tile_27443.png,10
arctic_vegetation/20230724_sedge_mosstundra16_m3m/TUSS/tile_27444.png,10
arctic_vegetation/20230724_sedge_mosstundra16_m3m/TUSS/tile_27445.png,10
arctic_vegetation/20230724_sedge_mosstundra16_m3m/TUSS/tile_27446.png,10
arctic_vegetation/20230724_sedge_mosstundra16_m3m/TUSS/tile_27447.png,10
arctic_vegetation/20230724_sedge_mosstundra16_m3m/TUSS/tile_27448.png,10
arctic_vegetation/20230724_sedge_mosstundra16_m3m/TUSS/tile_27450.png,10
arctic_vegetation/20230724_sedge_mosstundra16_m3m/TUSS/tile_27451.png,10
arctic_vegetation/20230724_sedge_mosstundra16_m3m/TUSS/tile_27452.png,10
arctic_vegetation/20230724_sedge_mosstundra16_m3m/MOSS/tile_27638.png,5
arctic_vegetation/20230724_sedge_mosstundra16_m3m/MOSS/tile_27639.png,5
arctic_vegetation/20230724_sedge_mosstundra16_m3m/MOSS/tile_27640.png,5
arctic_vegetation/20230724_sedge_mosstundra16_m3m/TUSS/tile_27641.png,10
arctic_vegetation/20230724_sedge_mosstundra16_m3m/TUSS/tile_27642.png,10
arctic_vegetation/20230724_sedge_mosstundra16_m3m/TUSS/tile_27643.png,10
arctic_vegetation/20230724_sedge_mosstundra16_m3m/TUSS/tile_27644.png,10
arctic_vegetation/20230724_sedge_mosstundra16_m3m/TUSS/tile_27645.png,10
arctic_vegetation/20230724_sedge_mosstundra16_m3m/TUSS/tile_27646.png,10
arctic_vegetation/20230724_sedge_mosstundra16_m3m/TUSS/tile_27647.png,10
arctic_vegetation/20230724_sedge_mosstundra16_m3m/TUSS/tile_27648.png,10
arctic_vegetation/20230724_sedge_mosstundra16_m3m/TUSS/tile_27649.png,10
arctic_vegetation/20230724_sedge_mosstundra16_m3m/TUSS/tile_27650.png,10
arctic_vegetation/20230724_sedge_mosstundra16_m3m/TUSS/tile_27651.png,10
arctic_vegetation/20230724_sedge_mosstundra16_m3m/TUSS/tile_27653.png,10
arctic_vegetation/20230724_sedge_mosstundra16_m3m/TUSS/tile_27654.png,10
arctic_vegetation/20230724_sedge_mosstundra16_m3m/TUSS/tile_27655.png,10
arctic_vegetation/20230724_sedge_mosstundra16_m3m/MOSS/tile_27839.png,5
arctic_vegetation/20230724_sedge_mosstundra16_m3m/MOSS/tile_27840.png,5
arctic_vegetation/20230724_sedge_mosstundra16_m3m/MOSS/tile_27841.png,5
arctic_vegetation/20230724_sedge_mosstundra16_m3m/MOSS/tile_27842.png,5
arctic_vegetation/20230724_sedge_mosstundra16_m3m/TUSS/tile_27843.png,10
arctic_vegetation/20230724_sedge_mosstundra16_m3m/TUSS/tile_27844.png,10
arctic_vegetation/20230724_sedge_mosstundra16_m3m/TUSS/tile_27845.png,10
arctic_vegetation/20230724_sedge_mosstundra16_m3m/TUSS/tile_27846.png,10
arctic_vegetation/20230724_sedge_mosstundra16_m3m/TUSS/tile_27848.png,10
arctic_vegetation/20230724_sedge_mosstundra16_m3m/TUSS/tile_27849.png,10
arctic_vegetation/20230724_sedge_mosstundra16_m3m/TUSS/tile_27850.png,10
arctic_vegetation/20230724_sedge_mosstundra16_m3m/TUSS/tile_27851.png,10
arctic_vegetation/20230724_sedge_mosstundra16_m3m/TUSS/tile_27852.png,10
arctic_vegetation/20230724_sedge_mosstundra16_m3m/TUSS/tile_27853.png,10
arctic_vegetation/20230724_sedge_mosstundra16_m3m/TUSS/tile_27855.png,10
arctic_vegetation/20230724_sedge_mosstundra16_m3m/TUSS/tile_27856.png,10
arctic_vegetation/20230724_sedge_mosstundra16_m3m/TUSS/tile_27857.png,10
arctic_vegetation/20230724_sedge_mosstundra16_m3m/TUSS/tile_28016.png,10
arctic_vegetation/20230724_sedge_mosstundra16_m3m/TUSS/tile_28017.png,10
arctic_vegetation/20230724_sedge_mosstundra16_m3m/MOSS/tile_28018.png,5
arctic_vegetation/20230724_sedge_mosstundra16_m3m/MOSS/tile_28019.png,5
arctic_vegetation/20230724_sedge_mosstundra16_m3m/MOSS/tile_28020.png,5
arctic_vegetation/20230724_sedge_mosstundra16_m3m/MOSS/tile_28040.png,5
arctic_vegetation/20230724_sedge_mosstundra16_m3m/MOSS/tile_28041.png,5
arctic_vegetation/20230724_sedge_mosstundra16_m3m/MOSS/tile_28042.png,5
arctic_vegetation/20230724_sedge_mosstundra16_m3m/TUSS/tile_28044.png,10
arctic_vegetation/20230724_sedge_mosstundra16_m3m/TUSS/tile_28045.png,10
arctic_vegetation/20230724_sedge_mosstundra16_m3m/TUSS/tile_28046.png,10
arctic_vegetation/20230724_sedge_mosstundra16_m3m/TUSS/tile_28047.png,10
arctic_vegetation/20230724_sedge_mosstundra16_m3m/TUSS/tile_28049.png,10
arctic_vegetation/20230724_sedge_mosstundra16_m3m/TUSS/tile_28050.png,10
arctic_vegetation/20230724_sedge_mosstundra16_m3m/TUSS/tile_28051.png,10
arctic_vegetation/20230724_sedge_mosstundra16_m3m/TUSS/tile_28052.png,10
arctic_vegetation/20230724_sedge_mosstundra16_m3m/TUSS/tile_28053.png,10
arctic_vegetation/20230724_sedge_mosstundra16_m3m/TUSS/tile_28054.png,10
arctic_vegetation/20230724_sedge_mosstundra16_m3m/TUSS/tile_28055.png,10
arctic_vegetation/20230724_sedge_mosstundra16_m3m/TUSS/tile_28056.png,10
arctic_vegetation/20230724_sedge_mosstundra16_m3m/TUSS/tile_28057.png,10
arctic_vegetation/20230724_sedge_mosstundra16_m3m/TUSS/tile_28058.png,10
arctic_vegetation/20230724_sedge_mosstundra16_m3m/TUSS/tile_28216.png,10
arctic_vegetation/20230724_sedge_mosstundra16_m3m/MOSS/tile_28217.png,5
arctic_vegetation/20230724_sedge_mosstundra16_m3m/MOSS/tile_28218.png,5
arctic_vegetation/20230724_sedge_mosstundra16_m3m/MOSS/tile_28219.png,5
arctic_vegetation/20230724_sedge_mosstundra16_m3m/MOSS/tile_28220.png,5
arctic_vegetation/20230724_sedge_mosstundra16_m3m/TUSS/tile_28244.png,10
arctic_vegetation/20230724_sedge_mosstundra16_m3m/TUSS/tile_28245.png,10
arctic_vegetation/20230724_sedge_mosstundra16_m3m/TUSS/tile_28246.png,10
arctic_vegetation/20230724_sedge_mosstundra16_m3m/TUSS/tile_28247.png,10
arctic_vegetation/20230724_sedge_mosstundra16_m3m/TUSS/tile_28251.png,10
arctic_vegetation/20230724_sedge_mosstundra16_m3m/TUSS/tile_28252.png,10
arctic_vegetation/20230724_sedge_mosstundra16_m3m/TUSS/tile_28253.png,10
arctic_vegetation/20230724_sedge_mosstundra16_m3m/TUSS/tile_28254.png,10
arctic_vegetation/20230724_sedge_mosstundra16_m3m/TUSS/tile_28255.png,10
arctic_vegetation/20230724_sedge_mosstundra16_m3m/TUSS/tile_28256.png,10
arctic_vegetation/20230724_sedge_mosstundra16_m3m/TUSS/tile_28257.png,10
arctic_vegetation/20230724_sedge_mosstundra16_m3m/TUSS/tile_28258.png,10
arctic_vegetation/20230724_sedge_mosstundra16_m3m/MOSS/tile_28374.png,5
arctic_vegetation/20230724_sedge_mosstundra16_m3m/MOSS/tile_28375.png,5
arctic_vegetation/20230724_sedge_mosstundra16_m3m/MOSS/tile_28376.png,5
arctic_vegetation/20230724_sedge_mosstundra16_m3m/MOSS/tile_28415.png,5
arctic_vegetation/20230724_sedge_mosstundra16_m3m/MOSS/tile_28416.png,5
arctic_vegetation/20230724_sedge_mosstundra16_m3m/MOSS/tile_28417.png,5
arctic_vegetation/20230724_sedge_mosstundra16_m3m/MOSS/tile_28418.png,5
arctic_vegetation/20230724_sedge_mosstundra16_m3m/MOSS/tile_28419.png,5
arctic_vegetation/20230724_sedge_mosstundra16_m3m/TUSS/tile_28439.png,10
arctic_vegetation/20230724_sedge_mosstundra16_m3m/TUSS/tile_28440.png,10
arctic_vegetation/20230724_sedge_mosstundra16_m3m/TUSS/tile_28441.png,10
arctic_vegetation/20230724_sedge_mosstundra16_m3m/TUSS/tile_28442.png,10
arctic_vegetation/20230724_sedge_mosstundra16_m3m/TUSS/tile_28450.png,10
arctic_vegetation/20230724_sedge_mosstundra16_m3m/TUSS/tile_28451.png,10
arctic_vegetation/20230724_sedge_mosstundra16_m3m/TUSS/tile_28452.png,10
arctic_vegetation/20230724_sedge_mosstundra16_m3m/TUSS/tile_28453.png,10
arctic_vegetation/20230724_sedge_mosstundra16_m3m/TUSS/tile_28454.png,10
arctic_vegetation/20230724_sedge_mosstundra16_m3m/TUSS/tile_28455.png,10
arctic_vegetation/20230724_sedge_mosstundra16_m3m/TUSS/tile_28456.png,10
arctic_vegetation/20230724_sedge_mosstundra16_m3m/TUSS/tile_28457.png,10
arctic_vegetation/20230724_sedge_mosstundra16_m3m/MOSS/tile_28572.png,5
arctic_vegetation/20230724_sedge_mosstundra16_m3m/MOSS/tile_28573.png,5
arctic_vegetation/20230724_sedge_mosstundra16_m3m/MOSS/tile_28574.png,5
arctic_vegetation/20230724_sedge_mosstundra16_m3m/MOSS/tile_28575.png,5
arctic_vegetation/20230724_sedge_mosstundra16_m3m/MOSS/tile_28613.png,5
arctic_vegetation/20230724_sedge_mosstundra16_m3m/MOSS/tile_28614.png,5
arctic_vegetation/20230724_sedge_mosstundra16_m3m/MOSS/tile_28615.png,5
arctic_vegetation/20230724_sedge_mosstundra16_m3m/MOSS/tile_28616.png,5
arctic_vegetation/20230724_sedge_mosstundra16_m3m/MOSS/tile_28617.png,5
arctic_vegetation/20230724_sedge_mosstundra16_m3m/TUSS/tile_28637.png,10
arctic_vegetation/20230724_sedge_mosstundra16_m3m/TUSS/tile_28638.png,10
arctic_vegetation/20230724_sedge_mosstundra16_m3m/TUSS/tile_28639.png,10
arctic_vegetation/20230724_sedge_mosstundra16_m3m/TUSS/tile_28640.png,10
arctic_vegetation/20230724_sedge_mosstundra16_m3m/TUSS/tile_28641.png,10
arctic_vegetation/20230724_sedge_mosstundra16_m3m/TUSS/tile_28644.png,10
arctic_vegetation/20230724_sedge_mosstundra16_m3m/TUSS/tile_28645.png,10
arctic_vegetation/20230724_sedge_mosstundra16_m3m/TUSS/tile_28646.png,10
arctic_vegetation/20230724_sedge_mosstundra16_m3m/TUSS/tile_28647.png,10
arctic_vegetation/20230724_sedge_mosstundra16_m3m/TUSS/tile_28651.png,10
arctic_vegetation/20230724_sedge_mosstundra16_m3m/TUSS/tile_28652.png,10
arctic_vegetation/20230724_sedge_mosstundra16_m3m/TUSS/tile_28653.png,10
arctic_vegetation/20230724_sedge_mosstundra16_m3m/MOSS/tile_28772.png,5
arctic_vegetation/20230724_sedge_mosstundra16_m3m/MOSS/tile_28773.png,5
arctic_vegetation/20230724_sedge_mosstundra16_m3m/MOSS/tile_28774.png,5
arctic_vegetation/20230724_sedge_mosstundra16_m3m/MOSS/tile_28775.png,5
arctic_vegetation/20230724_sedge_mosstundra16_m3m/MOSS/tile_28776.png,5
arctic_vegetation/20230724_sedge_mosstundra16_m3m/MOSS/tile_28777.png,5
arctic_vegetation/20230724_sedge_mosstundra16_m3m/MOSS/tile_28778.png,5
arctic_vegetation/20230724_sedge_mosstundra16_m3m/MOSS/tile_28779.png,5
arctic_vegetation/20230724_sedge_mosstundra16_m3m/TUSS/tile_28813.png,10
arctic_vegetation/20230724_sedge_mosstundra16_m3m/MOSS/tile_28814.png,5
arctic_vegetation/20230724_sedge_mosstundra16_m3m/MOSS/tile_28815.png,5
arctic_vegetation/20230724_sedge_mosstundra16_m3m/MOSS/tile_28816.png,5
arctic_vegetation/20230724_sedge_mosstundra16_m3m/MOSS/tile_28817.png,5
arctic_vegetation/20230724_sedge_mosstundra16_m3m/ALDE/tile_28819.png,0
arctic_vegetation/20230724_sedge_mosstundra16_m3m/ALDE/tile_28820.png,0
arctic_vegetation/20230724_sedge_mosstundra16_m3m/ALDE/tile_28821.png,0
arctic_vegetation/20230724_sedge_mosstundra16_m3m/MOSS/tile_28822.png,5
arctic_vegetation/20230724_sedge_mosstundra16_m3m/MOSS/tile_28823.png,5
arctic_vegetation/20230724_sedge_mosstundra16_m3m/TUSS/tile_28837.png,10
arctic_vegetation/20230724_sedge_mosstundra16_m3m/TUSS/tile_28838.png,10
arctic_vegetation/20230724_sedge_mosstundra16_m3m/TUSS/tile_28839.png,10
arctic_vegetation/20230724_sedge_mosstundra16_m3m/TUSS/tile_28840.png,10
arctic_vegetation/20230724_sedge_mosstundra16_m3m/TUSS/tile_28841.png,10
arctic_vegetation/20230724_sedge_mosstundra16_m3m/TUSS/tile_28844.png,10
arctic_vegetation/20230724_sedge_mosstundra16_m3m/TUSS/tile_28845.png,10
arctic_vegetation/20230724_sedge_mosstundra16_m3m/TUSS/tile_28846.png,10
arctic_vegetation/20230724_sedge_mosstundra16_m3m/TUSS/tile_28847.png,10
arctic_vegetation/20230724_sedge_mosstundra16_m3m/BIRC/tile_28940.png,2
arctic_vegetation/20230724_sedge_mosstundra16_m3m/BIRC/tile_28941.png,2
arctic_vegetation/20230724_sedge_mosstundra16_m3m/MOSS/tile_28974.png,5
arctic_vegetation/20230724_sedge_mosstundra16_m3m/MOSS/tile_28975.png,5
arctic_vegetation/20230724_sedge_mosstundra16_m3m/MOSS/tile_28976.png,5
arctic_vegetation/20230724_sedge_mosstundra16_m3m/MOSS/tile_28977.png,5
arctic_vegetation/20230724_sedge_mosstundra16_m3m/MOSS/tile_28978.png,5
arctic_vegetation/20230724_sedge_mosstundra16_m3m/MOSS/tile_28979.png,5
arctic_vegetation/20230724_sedge_mosstundra16_m3m/MOSS/tile_28980.png,5
arctic_vegetation/20230724_sedge_mosstundra16_m3m/MOSS/tile_28981.png,5
arctic_vegetation/20230724_sedge_mosstundra16_m3m/TUSS/tile_29015.png,10
arctic_vegetation/20230724_sedge_mosstundra16_m3m/MOSS/tile_29016.png,5
arctic_vegetation/20230724_sedge_mosstundra16_m3m/MOSS/tile_29017.png,5
arctic_vegetation/20230724_sedge_mosstundra16_m3m/MOSS/tile_29018.png,5
arctic_vegetation/20230724_sedge_mosstundra16_m3m/ALDE/tile_29021.png,0
arctic_vegetation/20230724_sedge_mosstundra16_m3m/ALDE/tile_29022.png,0
arctic_vegetation/20230724_sedge_mosstundra16_m3m/MOSS/tile_29023.png,5
arctic_vegetation/20230724_sedge_mosstundra16_m3m/MOSS/tile_29024.png,5
arctic_vegetation/20230724_sedge_mosstundra16_m3m/MOSS/tile_29025.png,5
arctic_vegetation/20230724_sedge_mosstundra16_m3m/TUSS/tile_29040.png,10
arctic_vegetation/20230724_sedge_mosstundra16_m3m/TUSS/tile_29041.png,10
arctic_vegetation/20230724_sedge_mosstundra16_m3m/TUSS/tile_29042.png,10
arctic_vegetation/20230724_sedge_mosstundra16_m3m/TUSS/tile_29043.png,10
arctic_vegetation/20230724_sedge_mosstundra16_m3m/TUSS/tile_29044.png,10
arctic_vegetation/20230724_sedge_mosstundra16_m3m/TUSS/tile_29045.png,10
arctic_vegetation/20230724_sedge_mosstundra16_m3m/BIRC/tile_29141.png,2
arctic_vegetation/20230724_sedge_mosstundra16_m3m/BIRC/tile_29142.png,2
arctic_vegetation/20230724_sedge_mosstundra16_m3m/BIRC/tile_29143.png,2
arctic_vegetation/20230724_sedge_mosstundra16_m3m/BIRC/tile_29144.png,2
arctic_vegetation/20230724_sedge_mosstundra16_m3m/BIRC/tile_29145.png,2
arctic_vegetation/20230724_sedge_mosstundra16_m3m/BIRC/tile_29146.png,2
arctic_vegetation/20230724_sedge_mosstundra16_m3m/BIRC/tile_29147.png,2
arctic_vegetation/20230724_sedge_mosstundra16_m3m/BIRC/tile_29148.png,2
arctic_vegetation/20230724_sedge_mosstundra16_m3m/BIRC/tile_29149.png,2
arctic_vegetation/20230724_sedge_mosstundra16_m3m/BIRC/tile_29150.png,2
arctic_vegetation/20230724_sedge_mosstundra16_m3m/BIRC/tile_29151.png,2
arctic_vegetation/20230724_sedge_mosstundra16_m3m/BIRC/tile_29152.png,2
arctic_vegetation/20230724_sedge_mosstundra16_m3m/MOSS/tile_29165.png,5
arctic_vegetation/20230724_sedge_mosstundra16_m3m/MOSS/tile_29166.png,5
arctic_vegetation/20230724_sedge_mosstundra16_m3m/MOSS/tile_29167.png,5
arctic_vegetation/20230724_sedge_mosstundra16_m3m/MOSS/tile_29178.png,5
arctic_vegetation/20230724_sedge_mosstundra16_m3m/MOSS/tile_29179.png,5
arctic_vegetation/20230724_sedge_mosstundra16_m3m/MOSS/tile_29180.png,5
arctic_vegetation/20230724_sedge_mosstundra16_m3m/MOSS/tile_29181.png,5
arctic_vegetation/20230724_sedge_mosstundra16_m3m/MOSS/tile_29182.png,5
arctic_vegetation/20230724_sedge_mosstundra16_m3m/MOSS/tile_29183.png,5
arctic_vegetation/20230724_sedge_mosstundra16_m3m/MOSS/tile_29184.png,5
arctic_vegetation/20230724_sedge_mosstundra16_m3m/MOSS/tile_29185.png,5
arctic_vegetation/20230724_sedge_mosstundra16_m3m/MOSS/tile_29186.png,5
arctic_vegetation/20230724_sedge_mosstundra16_m3m/MOSS/tile_29187.png,5
arctic_vegetation/20230724_sedge_mosstundra16_m3m/MOSS/tile_29188.png,5
arctic_vegetation/20230724_sedge_mosstundra16_m3m/TUSS/tile_29224.png,10
arctic_vegetation/20230724_sedge_mosstundra16_m3m/TUSS/tile_29225.png,10
arctic_vegetation/20230724_sedge_mosstundra16_m3m/MOSS/tile_29226.png,5
arctic_vegetation/20230724_sedge_mosstundra16_m3m/MOSS/tile_29227.png,5
arctic_vegetation/20230724_sedge_mosstundra16_m3m/MOSS/tile_29228.png,5
arctic_vegetation/20230724_sedge_mosstundra16_m3m/TUSS/tile_29243.png,10
arctic_vegetation/20230724_sedge_mosstundra16_m3m/TUSS/tile_29244.png,10
arctic_vegetation/20230724_sedge_mosstundra16_m3m/TUSS/tile_29245.png,10
arctic_vegetation/20230724_sedge_mosstundra16_m3m/TUSS/tile_29246.png,10
arctic_vegetation/20230724_sedge_mosstundra16_m3m/TUSS/tile_29247.png,10
arctic_vegetation/20230724_sedge_mosstundra16_m3m/TUSS/tile_29248.png,10
arctic_vegetation/20230724_sedge_mosstundra16_m3m/TUSS/tile_29249.png,10
arctic_vegetation/20230724_sedge_mosstundra16_m3m/TUSS/tile_29254.png,10
arctic_vegetation/20230724_sedge_mosstundra16_m3m/TUSS/tile_29255.png,10
arctic_vegetation/20230724_sedge_mosstundra16_m3m/BIRC/tile_29344.png,2
arctic_vegetation/20230724_sedge_mosstundra16_m3m/BIRC/tile_29345.png,2
arctic_vegetation/20230724_sedge_mosstundra16_m3m/BIRC/tile_29346.png,2
arctic_vegetation/20230724_sedge_mosstundra16_m3m/BIRC/tile_29347.png,2
arctic_vegetation/20230724_sedge_mosstundra16_m3m/BIRC/tile_29348.png,2
arctic_vegetation/20230724_sedge_mosstundra16_m3m/BIRC/tile_29349.png,2
arctic_vegetation/20230724_sedge_mosstundra16_m3m/BIRC/tile_29350.png,2
arctic_vegetation/20230724_sedge_mosstundra16_m3m/BIRC/tile_29351.png,2
arctic_vegetation/20230724_sedge_mosstundra16_m3m/BIRC/tile_29352.png,2
arctic_vegetation/20230724_sedge_mosstundra16_m3m/BIRC/tile_29353.png,2
arctic_vegetation/20230724_sedge_mosstundra16_m3m/BIRC/tile_29354.png,2
arctic_vegetation/20230724_sedge_mosstundra16_m3m/BIRC/tile_29355.png,2
arctic_vegetation/20230724_sedge_mosstundra16_m3m/MOSS/tile_29368.png,5
arctic_vegetation/20230724_sedge_mosstundra16_m3m/MOSS/tile_29369.png,5
arctic_vegetation/20230724_sedge_mosstundra16_m3m/MOSS/tile_29370.png,5
arctic_vegetation/20230724_sedge_mosstundra16_m3m/MOSS/tile_29371.png,5
arctic_vegetation/20230724_sedge_mosstundra16_m3m/MOSS/tile_29372.png,5
arctic_vegetation/20230724_sedge_mosstundra16_m3m/MOSS/tile_29381.png,5
arctic_vegetation/20230724_sedge_mosstundra16_m3m/MOSS/tile_29382.png,5
arctic_vegetation/20230724_sedge_mosstundra16_m3m/MOSS/tile_29383.png,5
arctic_vegetation/20230724_sedge_mosstundra16_m3m/MOSS/tile_29384.png,5
arctic_vegetation/20230724_sedge_mosstundra16_m3m/MOSS/tile_29385.png,5
arctic_vegetation/20230724_sedge_mosstundra16_m3m/MOSS/tile_29386.png,5
arctic_vegetation/20230724_sedge_mosstundra16_m3m/MOSS/tile_29387.png,5
arctic_vegetation/20230724_sedge_mosstundra16_m3m/MOSS/tile_29388.png,5
arctic_vegetation/20230724_sedge_mosstundra16_m3m/MOSS/tile_29389.png,5
arctic_vegetation/20230724_sedge_mosstundra16_m3m/MOSS/tile_29390.png,5
arctic_vegetation/20230724_sedge_mosstundra16_m3m/MOSS/tile_29391.png,5
arctic_vegetation/20230724_sedge_mosstundra16_m3m/MOSS/tile_29392.png,5
arctic_vegetation/20230724_sedge_mosstundra16_m3m/TUSS/tile_29427.png,10
arctic_vegetation/20230724_sedge_mosstundra16_m3m/MOSS/tile_29428.png,5
arctic_vegetation/20230724_sedge_mosstundra16_m3m/MOSS/tile_29429.png,5
arctic_vegetation/20230724_sedge_mosstundra16_m3m/MOSS/tile_29430.png,5
arctic_vegetation/20230724_sedge_mosstundra16_m3m/MOSS/tile_29431.png,5
arctic_vegetation/20230724_sedge_mosstundra16_m3m/TUSS/tile_29438.png,10
arctic_vegetation/20230724_sedge_mosstundra16_m3m/TUSS/tile_29439.png,10
arctic_vegetation/20230724_sedge_mosstundra16_m3m/TUSS/tile_29440.png,10
arctic_vegetation/20230724_sedge_mosstundra16_m3m/TUSS/tile_29449.png,10
arctic_vegetation/20230724_sedge_mosstundra16_m3m/TUSS/tile_29450.png,10
arctic_vegetation/20230724_sedge_mosstundra16_m3m/TUSS/tile_29451.png,10
arctic_vegetation/20230724_sedge_mosstundra16_m3m/TUSS/tile_29452.png,10
arctic_vegetation/20230724_sedge_mosstundra16_m3m/TUSS/tile_29457.png,10
arctic_vegetation/20230724_sedge_mosstundra16_m3m/TUSS/tile_29458.png,10
arctic_vegetation/20230724_sedge_mosstundra16_m3m/BIRC/tile_29547.png,2
arctic_vegetation/20230724_sedge_mosstundra16_m3m/BIRC/tile_29548.png,2
arctic_vegetation/20230724_sedge_mosstundra16_m3m/BIRC/tile_29549.png,2
arctic_vegetation/20230724_sedge_mosstundra16_m3m/BIRC/tile_29550.png,2
arctic_vegetation/20230724_sedge_mosstundra16_m3m/BIRC/tile_29551.png,2
arctic_vegetation/20230724_sedge_mosstundra16_m3m/BIRC/tile_29552.png,2
arctic_vegetation/20230724_sedge_mosstundra16_m3m/BIRC/tile_29553.png,2
arctic_vegetation/20230724_sedge_mosstundra16_m3m/BIRC/tile_29554.png,2
arctic_vegetation/20230724_sedge_mosstundra16_m3m/BIRC/tile_29555.png,2
arctic_vegetation/20230724_sedge_mosstundra16_m3m/BIRC/tile_29556.png,2
arctic_vegetation/20230724_sedge_mosstundra16_m3m/BIRC/tile_29557.png,2
arctic_vegetation/20230724_sedge_mosstundra16_m3m/BIRC/tile_29558.png,2
arctic_vegetation/20230724_sedge_mosstundra16_m3m/MOSS/tile_29570.png,5
arctic_vegetation/20230724_sedge_mosstundra16_m3m/MOSS/tile_29571.png,5
arctic_vegetation/20230724_sedge_mosstundra16_m3m/MOSS/tile_29572.png,5
arctic_vegetation/20230724_sedge_mosstundra16_m3m/MOSS/tile_29573.png,5
arctic_vegetation/20230724_sedge_mosstundra16_m3m/MOSS/tile_29574.png,5
arctic_vegetation/20230724_sedge_mosstundra16_m3m/MOSS/tile_29575.png,5
arctic_vegetation/20230724_sedge_mosstundra16_m3m/MOSS/tile_29581.png,5
arctic_vegetation/20230724_sedge_mosstundra16_m3m/MOSS/tile_29582.png,5
arctic_vegetation/20230724_sedge_mosstundra16_m3m/MOSS/tile_29583.png,5
arctic_vegetation/20230724_sedge_mosstundra16_m3m/MOSS/tile_29584.png,5
arctic_vegetation/20230724_sedge_mosstundra16_m3m/MOSS/tile_29585.png,5
arctic_vegetation/20230724_sedge_mosstundra16_m3m/MOSS/tile_29586.png,5
arctic_vegetation/20230724_sedge_mosstundra16_m3m/MOSS/tile_29587.png,5
arctic_vegetation/20230724_sedge_mosstundra16_m3m/MOSS/tile_29588.png,5
arctic_vegetation/20230724_sedge_mosstundra16_m3m/MOSS/tile_29589.png,5
arctic_vegetation/20230724_sedge_mosstundra16_m3m/MOSS/tile_29590.png,5
arctic_vegetation/20230724_sedge_mosstundra16_m3m/MOSS/tile_29591.png,5
arctic_vegetation/20230724_sedge_mosstundra16_m3m/MOSS/tile_29592.png,5
arctic_vegetation/20230724_sedge_mosstundra16_m3m/MOSS/tile_29593.png,5
arctic_vegetation/20230724_sedge_mosstundra16_m3m/MOSS/tile_29594.png,5
arctic_vegetation/20230724_sedge_mosstundra16_m3m/MOSS/tile_29595.png,5
arctic_vegetation/20230724_sedge_mosstundra16_m3m/TUSS/tile_29630.png,10
arctic_vegetation/20230724_sedge_mosstundra16_m3m/MOSS/tile_29631.png,5
arctic_vegetation/20230724_sedge_mosstundra16_m3m/MOSS/tile_29632.png,5
arctic_vegetation/20230724_sedge_mosstundra16_m3m/MOSS/tile_29633.png,5
arctic_vegetation/20230724_sedge_mosstundra16_m3m/MOSS/tile_29634.png,5
arctic_vegetation/20230724_sedge_mosstundra16_m3m/TUSS/tile_29641.png,10
arctic_vegetation/20230724_sedge_mosstundra16_m3m/TUSS/tile_29642.png,10
arctic_vegetation/20230724_sedge_mosstundra16_m3m/TUSS/tile_29643.png,10
arctic_vegetation/20230724_sedge_mosstundra16_m3m/TUSS/tile_29652.png,10
arctic_vegetation/20230724_sedge_mosstundra16_m3m/TUSS/tile_29653.png,10
arctic_vegetation/20230724_sedge_mosstundra16_m3m/TUSS/tile_29654.png,10
arctic_vegetation/20230724_sedge_mosstundra16_m3m/BIRC/tile_29750.png,2
arctic_vegetation/20230724_sedge_mosstundra16_m3m/BIRC/tile_29751.png,2
arctic_vegetation/20230724_sedge_mosstundra16_m3m/BIRC/tile_29752.png,2
arctic_vegetation/20230724_sedge_mosstundra16_m3m/BIRC/tile_29753.png,2
arctic_vegetation/20230724_sedge_mosstundra16_m3m/BIRC/tile_29754.png,2
arctic_vegetation/20230724_sedge_mosstundra16_m3m/BIRC/tile_29755.png,2
arctic_vegetation/20230724_sedge_mosstundra16_m3m/BIRC/tile_29756.png,2
arctic_vegetation/20230724_sedge_mosstundra16_m3m/BIRC/tile_29757.png,2
arctic_vegetation/20230724_sedge_mosstundra16_m3m/BIRC/tile_29758.png,2
arctic_vegetation/20230724_sedge_mosstundra16_m3m/BIRC/tile_29759.png,2
arctic_vegetation/20230724_sedge_mosstundra16_m3m/BIRC/tile_29760.png,2
arctic_vegetation/20230724_sedge_mosstundra16_m3m/BIRC/tile_29761.png,2
arctic_vegetation/20230724_sedge_mosstundra16_m3m/MOSS/tile_29772.png,5
arctic_vegetation/20230724_sedge_mosstundra16_m3m/MOSS/tile_29773.png,5
arctic_vegetation/20230724_sedge_mosstundra16_m3m/MOSS/tile_29774.png,5
arctic_vegetation/20230724_sedge_mosstundra16_m3m/MOSS/tile_29775.png,5
arctic_vegetation/20230724_sedge_mosstundra16_m3m/MOSS/tile_29776.png,5
arctic_vegetation/20230724_sedge_mosstundra16_m3m/MOSS/tile_29777.png,5
arctic_vegetation/20230724_sedge_mosstundra16_m3m/MOSS/tile_29778.png,5
arctic_vegetation/20230724_sedge_mosstundra16_m3m/MOSS/tile_29783.png,5
arctic_vegetation/20230724_sedge_mosstundra16_m3m/MOSS/tile_29784.png,5
arctic_vegetation/20230724_sedge_mosstundra16_m3m/MOSS/tile_29785.png,5
arctic_vegetation/20230724_sedge_mosstundra16_m3m/MOSS/tile_29786.png,5
arctic_vegetation/20230724_sedge_mosstundra16_m3m/MOSS/tile_29787.png,5
arctic_vegetation/20230724_sedge_mosstundra16_m3m/MOSS/tile_29788.png,5
arctic_vegetation/20230724_sedge_mosstundra16_m3m/MOSS/tile_29789.png,5
arctic_vegetation/20230724_sedge_mosstundra16_m3m/MOSS/tile_29790.png,5
arctic_vegetation/20230724_sedge_mosstundra16_m3m/MOSS/tile_29791.png,5
arctic_vegetation/20230724_sedge_mosstundra16_m3m/MOSS/tile_29794.png,5
arctic_vegetation/20230724_sedge_mosstundra16_m3m/MOSS/tile_29795.png,5
arctic_vegetation/20230724_sedge_mosstundra16_m3m/MOSS/tile_29796.png,5
arctic_vegetation/20230724_sedge_mosstundra16_m3m/MOSS/tile_29797.png,5
arctic_vegetation/20230724_sedge_mosstundra16_m3m/MOSS/tile_29798.png,5
arctic_vegetation/20230724_sedge_mosstundra16_m3m/MOSS/tile_29799.png,5
arctic_vegetation/20230724_sedge_mosstundra16_m3m/MOSS/tile_29800.png,5
arctic_vegetation/20230724_sedge_mosstundra16_m3m/MOSS/tile_29801.png,5
arctic_vegetation/20230724_sedge_mosstundra16_m3m/TUSS/tile_29833.png,10
arctic_vegetation/20230724_sedge_mosstundra16_m3m/MOSS/tile_29834.png,5
arctic_vegetation/20230724_sedge_mosstundra16_m3m/MOSS/tile_29835.png,5
arctic_vegetation/20230724_sedge_mosstundra16_m3m/MOSS/tile_29836.png,5
arctic_vegetation/20230724_sedge_mosstundra16_m3m/TUSS/tile_29844.png,10
arctic_vegetation/20230724_sedge_mosstundra16_m3m/TUSS/tile_29845.png,10
arctic_vegetation/20230724_sedge_mosstundra16_m3m/TUSS/tile_29846.png,10
arctic_vegetation/20230724_sedge_mosstundra16_m3m/BIRC/tile_29953.png,2
arctic_vegetation/20230724_sedge_mosstundra16_m3m/BIRC/tile_29954.png,2
arctic_vegetation/20230724_sedge_mosstundra16_m3m/BIRC/tile_29955.png,2
arctic_vegetation/20230724_sedge_mosstundra16_m3m/BIRC/tile_29956.png,2
arctic_vegetation/20230724_sedge_mosstundra16_m3m/BIRC/tile_29957.png,2
arctic_vegetation/20230724_sedge_mosstundra16_m3m/BIRC/tile_29958.png,2
arctic_vegetation/20230724_sedge_mosstundra16_m3m/BIRC/tile_29959.png,2
arctic_vegetation/20230724_sedge_mosstundra16_m3m/BIRC/tile_29960.png,2
arctic_vegetation/20230724_sedge_mosstundra16_m3m/BIRC/tile_29961.png,2
arctic_vegetation/20230724_sedge_mosstundra16_m3m/BIRC/tile_29962.png,2
arctic_vegetation/20230724_sedge_mosstundra16_m3m/BIRC/tile_29963.png,2
arctic_vegetation/20230724_sedge_mosstundra16_m3m/MOSS/tile_29975.png,5
arctic_vegetation/20230724_sedge_mosstundra16_m3m/MOSS/tile_29976.png,5
arctic_vegetation/20230724_sedge_mosstundra16_m3m/MOSS/tile_29977.png,5
arctic_vegetation/20230724_sedge_mosstundra16_m3m/MOSS/tile_29978.png,5
arctic_vegetation/20230724_sedge_mosstundra16_m3m/MOSS/tile_29979.png,5
arctic_vegetation/20230724_sedge_mosstundra16_m3m/MOSS/tile_29980.png,5
arctic_vegetation/20230724_sedge_mosstundra16_m3m/MOSS/tile_29981.png,5
arctic_vegetation/20230724_sedge_mosstundra16_m3m/MOSS/tile_29986.png,5
arctic_vegetation/20230724_sedge_mosstundra16_m3m/MOSS/tile_29987.png,5
arctic_vegetation/20230724_sedge_mosstundra16_m3m/MOSS/tile_29988.png,5
arctic_vegetation/20230724_sedge_mosstundra16_m3m/MOSS/tile_29989.png,5
arctic_vegetation/20230724_sedge_mosstundra16_m3m/MOSS/tile_29990.png,5
arctic_vegetation/20230724_sedge_mosstundra16_m3m/MOSS/tile_29991.png,5
arctic_vegetation/20230724_sedge_mosstundra16_m3m/MOSS/tile_29992.png,5
arctic_vegetation/20230724_sedge_mosstundra16_m3m/MOSS/tile_29993.png,5
arctic_vegetation/20230724_sedge_mosstundra16_m3m/MOSS/tile_29994.png,5
arctic_vegetation/20230724_sedge_mosstundra16_m3m/MOSS/tile_29997.png,5
arctic_vegetation/20230724_sedge_mosstundra16_m3m/MOSS/tile_29998.png,5
arctic_vegetation/20230724_sedge_mosstundra16_m3m/MOSS/tile_29999.png,5
arctic_vegetation/20230724_sedge_mosstundra16_m3m/MOSS/tile_30000.png,5
arctic_vegetation/20230724_sedge_mosstundra16_m3m/MOSS/tile_30001.png,5
arctic_vegetation/20230724_sedge_mosstundra16_m3m/MOSS/tile_30002.png,5
arctic_vegetation/20230724_sedge_mosstundra16_m3m/MOSS/tile_30003.png,5
arctic_vegetation/20230724_sedge_mosstundra16_m3m/MOSS/tile_30004.png,5
arctic_vegetation/20230724_sedge_mosstundra16_m3m/TUSS/tile_30047.png,10
arctic_vegetation/20230724_sedge_mosstundra16_m3m/TUSS/tile_30048.png,10
arctic_vegetation/20230724_sedge_mosstundra16_m3m/TUSS/tile_30049.png,10
arctic_vegetation/20230724_sedge_mosstundra16_m3m/BIRC/tile_30156.png,2
arctic_vegetation/20230724_sedge_mosstundra16_m3m/BIRC/tile_30157.png,2
arctic_vegetation/20230724_sedge_mosstundra16_m3m/BIRC/tile_30158.png,2
arctic_vegetation/20230724_sedge_mosstundra16_m3m/BIRC/tile_30159.png,2
arctic_vegetation/20230724_sedge_mosstundra16_m3m/BIRC/tile_30160.png,2
arctic_vegetation/20230724_sedge_mosstundra16_m3m/BIRC/tile_30161.png,2
arctic_vegetation/20230724_sedge_mosstundra16_m3m/BIRC/tile_30162.png,2
arctic_vegetation/20230724_sedge_mosstundra16_m3m/BIRC/tile_30163.png,2
arctic_vegetation/20230724_sedge_mosstundra16_m3m/BIRC/tile_30164.png,2
arctic_vegetation/20230724_sedge_mosstundra16_m3m/BIRC/tile_30165.png,2
arctic_vegetation/20230724_sedge_mosstundra16_m3m/BIRC/tile_30166.png,2
arctic_vegetation/20230724_sedge_mosstundra16_m3m/MOSS/tile_30178.png,5
arctic_vegetation/20230724_sedge_mosstundra16_m3m/MOSS/tile_30179.png,5
arctic_vegetation/20230724_sedge_mosstundra16_m3m/MOSS/tile_30180.png,5
arctic_vegetation/20230724_sedge_mosstundra16_m3m/MOSS/tile_30181.png,5
arctic_vegetation/20230724_sedge_mosstundra16_m3m/MOSS/tile_30182.png,5
arctic_vegetation/20230724_sedge_mosstundra16_m3m/MOSS/tile_30183.png,5
arctic_vegetation/20230724_sedge_mosstundra16_m3m/MOSS/tile_30190.png,5
arctic_vegetation/20230724_sedge_mosstundra16_m3m/MOSS/tile_30191.png,5
arctic_vegetation/20230724_sedge_mosstundra16_m3m/MOSS/tile_30192.png,5
arctic_vegetation/20230724_sedge_mosstundra16_m3m/MOSS/tile_30193.png,5
arctic_vegetation/20230724_sedge_mosstundra16_m3m/MOSS/tile_30194.png,5
arctic_vegetation/20230724_sedge_mosstundra16_m3m/MOSS/tile_30199.png,5
arctic_vegetation/20230724_sedge_mosstundra16_m3m/MOSS/tile_30200.png,5
arctic_vegetation/20230724_sedge_mosstundra16_m3m/MOSS/tile_30201.png,5
arctic_vegetation/20230724_sedge_mosstundra16_m3m/MOSS/tile_30202.png,5
arctic_vegetation/20230724_sedge_mosstundra16_m3m/MOSS/tile_30203.png,5
arctic_vegetation/20230724_sedge_mosstundra16_m3m/MOSS/tile_30204.png,5
arctic_vegetation/20230724_sedge_mosstundra16_m3m/MOSS/tile_30205.png,5
arctic_vegetation/20230724_sedge_mosstundra16_m3m/MOSS/tile_30206.png,5
arctic_vegetation/20230724_sedge_mosstundra16_m3m/MOSS/tile_30213.png,5
arctic_vegetation/20230724_sedge_mosstundra16_m3m/MOSS/tile_30214.png,5
arctic_vegetation/20230724_sedge_mosstundra16_m3m/MOSS/tile_30215.png,5
arctic_vegetation/20230724_sedge_mosstundra16_m3m/MOSS/tile_30216.png,5
arctic_vegetation/20230724_sedge_mosstundra16_m3m/MOSS/tile_30217.png,5
arctic_vegetation/20230724_sedge_mosstundra16_m3m/BIRC/tile_30359.png,2
arctic_vegetation/20230724_sedge_mosstundra16_m3m/BIRC/tile_30360.png,2
arctic_vegetation/20230724_sedge_mosstundra16_m3m/BIRC/tile_30361.png,2
arctic_vegetation/20230724_sedge_mosstundra16_m3m/BIRC/tile_30362.png,2
arctic_vegetation/20230724_sedge_mosstundra16_m3m/BIRC/tile_30363.png,2
arctic_vegetation/20230724_sedge_mosstundra16_m3m/MOSS/tile_30364.png,5
arctic_vegetation/20230724_sedge_mosstundra16_m3m/MOSS/tile_30365.png,5
arctic_vegetation/20230724_sedge_mosstundra16_m3m/BIRC/tile_30366.png,2
arctic_vegetation/20230724_sedge_mosstundra16_m3m/BIRC/tile_30367.png,2
arctic_vegetation/20230724_sedge_mosstundra16_m3m/BIRC/tile_30368.png,2
arctic_vegetation/20230724_sedge_mosstundra16_m3m/BIRC/tile_30369.png,2
arctic_vegetation/20230724_sedge_mosstundra16_m3m/MOSS/tile_30381.png,5
arctic_vegetation/20230724_sedge_mosstundra16_m3m/MOSS/tile_30382.png,5
arctic_vegetation/20230724_sedge_mosstundra16_m3m/MOSS/tile_30383.png,5
arctic_vegetation/20230724_sedge_mosstundra16_m3m/MOSS/tile_30384.png,5
arctic_vegetation/20230724_sedge_mosstundra16_m3m/MOSS/tile_30385.png,5
arctic_vegetation/20230724_sedge_mosstundra16_m3m/MOSS/tile_30393.png,5
arctic_vegetation/20230724_sedge_mosstundra16_m3m/MOSS/tile_30394.png,5
arctic_vegetation/20230724_sedge_mosstundra16_m3m/MOSS/tile_30395.png,5
arctic_vegetation/20230724_sedge_mosstundra16_m3m/MOSS/tile_30396.png,5
arctic_vegetation/20230724_sedge_mosstundra16_m3m/MOSS/tile_30402.png,5
arctic_vegetation/20230724_sedge_mosstundra16_m3m/MOSS/tile_30403.png,5
arctic_vegetation/20230724_sedge_mosstundra16_m3m/MOSS/tile_30404.png,5
arctic_vegetation/20230724_sedge_mosstundra16_m3m/MOSS/tile_30405.png,5
arctic_vegetation/20230724_sedge_mosstundra16_m3m/MOSS/tile_30406.png,5
arctic_vegetation/20230724_sedge_mosstundra16_m3m/MOSS/tile_30407.png,5
arctic_vegetation/20230724_sedge_mosstundra16_m3m/MOSS/tile_30408.png,5
arctic_vegetation/20230724_sedge_mosstundra16_m3m/MOSS/tile_30409.png,5
arctic_vegetation/20230724_sedge_mosstundra16_m3m/MOSS/tile_30415.png,5
arctic_vegetation/20230724_sedge_mosstundra16_m3m/MOSS/tile_30416.png,5
arctic_vegetation/20230724_sedge_mosstundra16_m3m/MOSS/tile_30417.png,5
arctic_vegetation/20230724_sedge_mosstundra16_m3m/MOSS/tile_30418.png,5
arctic_vegetation/20230724_sedge_mosstundra16_m3m/MOSS/tile_30419.png,5
arctic_vegetation/20230724_sedge_mosstundra16_m3m/MOSS/tile_30420.png,5
arctic_vegetation/20230724_sedge_mosstundra16_m3m/MOSS/tile_30584.png,5
arctic_vegetation/20230724_sedge_mosstundra16_m3m/MOSS/tile_30585.png,5
arctic_vegetation/20230724_sedge_mosstundra16_m3m/MOSS/tile_30603.png,5
arctic_vegetation/20230724_sedge_mosstundra16_m3m/MOSS/tile_30604.png,5
arctic_vegetation/20230724_sedge_mosstundra16_m3m/MOSS/tile_30605.png,5
arctic_vegetation/20230724_sedge_mosstundra16_m3m/MOSS/tile_30606.png,5
arctic_vegetation/20230724_sedge_mosstundra16_m3m/MOSS/tile_30607.png,5
arctic_vegetation/20230724_sedge_mosstundra16_m3m/MOSS/tile_30608.png,5
arctic_vegetation/20230724_sedge_mosstundra16_m3m/MOSS/tile_30609.png,5
arctic_vegetation/20230724_sedge_mosstundra16_m3m/MOSS/tile_30610.png,5
arctic_vegetation/20230724_sedge_mosstundra16_m3m/MOSS/tile_30611.png,5
arctic_vegetation/20230724_sedge_mosstundra16_m3m/MOSS/tile_30612.png,5
arctic_vegetation/20230724_sedge_mosstundra16_m3m/MOSS/tile_30614.png,5
arctic_vegetation/20230724_sedge_mosstundra16_m3m/MOSS/tile_30615.png,5
arctic_vegetation/20230724_sedge_mosstundra16_m3m/MOSS/tile_30616.png,5
arctic_vegetation/20230724_sedge_mosstundra16_m3m/MOSS/tile_30617.png,5
arctic_vegetation/20230724_sedge_mosstundra16_m3m/MOSS/tile_30618.png,5
arctic_vegetation/20230724_sedge_mosstundra16_m3m/MOSS/tile_30619.png,5
arctic_vegetation/20230724_sedge_mosstundra16_m3m/MOSS/tile_30620.png,5
arctic_vegetation/20230724_sedge_mosstundra16_m3m/MOSS/tile_30621.png,5
arctic_vegetation/20230724_sedge_mosstundra16_m3m/MOSS/tile_30622.png,5
arctic_vegetation/20230724_sedge_mosstundra16_m3m/MOSS/tile_30623.png,5
arctic_vegetation/20230724_sedge_mosstundra16_m3m/RUBC/tile_30634.png,8
arctic_vegetation/20230724_sedge_mosstundra16_m3m/RUBC/tile_30635.png,8
arctic_vegetation/20230724_sedge_mosstundra16_m3m/RUBC/tile_30636.png,8
arctic_vegetation/20230724_sedge_mosstundra16_m3m/MOSS/tile_30806.png,5
arctic_vegetation/20230724_sedge_mosstundra16_m3m/MOSS/tile_30807.png,5
arctic_vegetation/20230724_sedge_mosstundra16_m3m/MOSS/tile_30808.png,5
arctic_vegetation/20230724_sedge_mosstundra16_m3m/MOSS/tile_30809.png,5
arctic_vegetation/20230724_sedge_mosstundra16_m3m/MOSS/tile_30810.png,5
arctic_vegetation/20230724_sedge_mosstundra16_m3m/MOSS/tile_30811.png,5
arctic_vegetation/20230724_sedge_mosstundra16_m3m/MOSS/tile_30812.png,5
arctic_vegetation/20230724_sedge_mosstundra16_m3m/MOSS/tile_30813.png,5
arctic_vegetation/20230724_sedge_mosstundra16_m3m/MOSS/tile_30814.png,5
arctic_vegetation/20230724_sedge_mosstundra16_m3m/MOSS/tile_30815.png,5
arctic_vegetation/20230724_sedge_mosstundra16_m3m/MOSS/tile_30817.png,5
arctic_vegetation/20230724_sedge_mosstundra16_m3m/MOSS/tile_30818.png,5
arctic_vegetation/20230724_sedge_mosstundra16_m3m/MOSS/tile_30819.png,5
arctic_vegetation/20230724_sedge_mosstundra16_m3m/MOSS/tile_30820.png,5
arctic_vegetation/20230724_sedge_mosstundra16_m3m/MOSS/tile_30821.png,5
arctic_vegetation/20230724_sedge_mosstundra16_m3m/MOSS/tile_30822.png,5
arctic_vegetation/20230724_sedge_mosstundra16_m3m/MOSS/tile_30823.png,5
arctic_vegetation/20230724_sedge_mosstundra16_m3m/MOSS/tile_30824.png,5
arctic_vegetation/20230724_sedge_mosstundra16_m3m/RUBC/tile_30837.png,8
arctic_vegetation/20230724_sedge_mosstundra16_m3m/RUBC/tile_30838.png,8
arctic_vegetation/20230724_sedge_mosstundra16_m3m/RUBC/tile_30839.png,8
arctic_vegetation/20230724_sedge_mosstundra16_m3m/MOSS/tile_30840.png,5
arctic_vegetation/20230724_sedge_mosstundra16_m3m/MOSS/tile_30841.png,5
arctic_vegetation/20230724_sedge_mosstundra16_m3m/MOSS/tile_30842.png,5
arctic_vegetation/20230724_sedge_mosstundra16_m3m/BIRC/tile_30973.png,2
arctic_vegetation/20230724_sedge_mosstundra16_m3m/BIRC/tile_30974.png,2
arctic_vegetation/20230724_sedge_mosstundra16_m3m/BIRC/tile_30975.png,2
arctic_vegetation/20230724_sedge_mosstundra16_m3m/BIRC/tile_30976.png,2
arctic_vegetation/20230724_sedge_mosstundra16_m3m/BIRC/tile_30977.png,2
arctic_vegetation/20230724_sedge_mosstundra16_m3m/MOSS/tile_31009.png,5
arctic_vegetation/20230724_sedge_mosstundra16_m3m/MOSS/tile_31010.png,5
arctic_vegetation/20230724_sedge_mosstundra16_m3m/MOSS/tile_31011.png,5
arctic_vegetation/20230724_sedge_mosstundra16_m3m/MOSS/tile_31012.png,5
arctic_vegetation/20230724_sedge_mosstundra16_m3m/MOSS/tile_31013.png,5
arctic_vegetation/20230724_sedge_mosstundra16_m3m/MOSS/tile_31014.png,5
arctic_vegetation/20230724_sedge_mosstundra16_m3m/MOSS/tile_31015.png,5
arctic_vegetation/20230724_sedge_mosstundra16_m3m/MOSS/tile_31016.png,5
arctic_vegetation/20230724_sedge_mosstundra16_m3m/MOSS/tile_31020.png,5
arctic_vegetation/20230724_sedge_mosstundra16_m3m/MOSS/tile_31021.png,5
arctic_vegetation/20230724_sedge_mosstundra16_m3m/MOSS/tile_31022.png,5
arctic_vegetation/20230724_sedge_mosstundra16_m3m/MOSS/tile_31023.png,5
arctic_vegetation/20230724_sedge_mosstundra16_m3m/MOSS/tile_31024.png,5
arctic_vegetation/20230724_sedge_mosstundra16_m3m/MOSS/tile_31025.png,5
arctic_vegetation/20230724_sedge_mosstundra16_m3m/MOSS/tile_31026.png,5
arctic_vegetation/20230724_sedge_mosstundra16_m3m/MOSS/tile_31027.png,5
arctic_vegetation/20230724_sedge_mosstundra16_m3m/MOSS/tile_31043.png,5
arctic_vegetation/20230724_sedge_mosstundra16_m3m/MOSS/tile_31044.png,5
arctic_vegetation/20230724_sedge_mosstundra16_m3m/MOSS/tile_31045.png,5
arctic_vegetation/20230724_sedge_mosstundra16_m3m/MOSS/tile_31046.png,5
arctic_vegetation/20230724_sedge_mosstundra16_m3m/BIRC/tile_31176.png,2
arctic_vegetation/20230724_sedge_mosstundra16_m3m/BIRC/tile_31177.png,2
arctic_vegetation/20230724_sedge_mosstundra16_m3m/BIRC/tile_31178.png,2
arctic_vegetation/20230724_sedge_mosstundra16_m3m/BIRC/tile_31179.png,2
arctic_vegetation/20230724_sedge_mosstundra16_m3m/BIRC/tile_31180.png,2
arctic_vegetation/20230724_sedge_mosstundra16_m3m/MOSS/tile_31212.png,5
arctic_vegetation/20230724_sedge_mosstundra16_m3m/MOSS/tile_31213.png,5
arctic_vegetation/20230724_sedge_mosstundra16_m3m/MOSS/tile_31214.png,5
arctic_vegetation/20230724_sedge_mosstundra16_m3m/MOSS/tile_31215.png,5
arctic_vegetation/20230724_sedge_mosstundra16_m3m/MOSS/tile_31216.png,5
arctic_vegetation/20230724_sedge_mosstundra16_m3m/MOSS/tile_31217.png,5
arctic_vegetation/20230724_sedge_mosstundra16_m3m/MOSS/tile_31218.png,5
arctic_vegetation/20230724_sedge_mosstundra16_m3m/MOSS/tile_31219.png,5
arctic_vegetation/20230724_sedge_mosstundra16_m3m/MOSS/tile_31220.png,5
arctic_vegetation/20230724_sedge_mosstundra16_m3m/MOSS/tile_31222.png,5
arctic_vegetation/20230724_sedge_mosstundra16_m3m/MOSS/tile_31223.png,5
arctic_vegetation/20230724_sedge_mosstundra16_m3m/MOSS/tile_31224.png,5
arctic_vegetation/20230724_sedge_mosstundra16_m3m/MOSS/tile_31225.png,5
arctic_vegetation/20230724_sedge_mosstundra16_m3m/MOSS/tile_31226.png,5
arctic_vegetation/20230724_sedge_mosstundra16_m3m/MOSS/tile_31227.png,5
arctic_vegetation/20230724_sedge_mosstundra16_m3m/MOSS/tile_31228.png,5
arctic_vegetation/20230724_sedge_mosstundra16_m3m/MOSS/tile_31229.png,5
arctic_vegetation/20230724_sedge_mosstundra16_m3m/MOSS/tile_31230.png,5
arctic_vegetation/20230724_sedge_mosstundra16_m3m/MOSS/tile_31246.png,5
arctic_vegetation/20230724_sedge_mosstundra16_m3m/MOSS/tile_31247.png,5
arctic_vegetation/20230724_sedge_mosstundra16_m3m/MOSS/tile_31248.png,5
arctic_vegetation/20230724_sedge_mosstundra16_m3m/MOSS/tile_31249.png,5
arctic_vegetation/20230724_sedge_mosstundra16_m3m/BIRC/tile_31380.png,2
arctic_vegetation/20230724_sedge_mosstundra16_m3m/BIRC/tile_31381.png,2
arctic_vegetation/20230724_sedge_mosstundra16_m3m/BIRC/tile_31382.png,2
arctic_vegetation/20230724_sedge_mosstundra16_m3m/BIRC/tile_31383.png,2
arctic_vegetation/20230724_sedge_mosstundra16_m3m/BIRC/tile_31384.png,2
arctic_vegetation/20230724_sedge_mosstundra16_m3m/MOSS/tile_31415.png,5
arctic_vegetation/20230724_sedge_mosstundra16_m3m/MOSS/tile_31416.png,5
arctic_vegetation/20230724_sedge_mosstundra16_m3m/MOSS/tile_31417.png,5
arctic_vegetation/20230724_sedge_mosstundra16_m3m/MOSS/tile_31418.png,5
arctic_vegetation/20230724_sedge_mosstundra16_m3m/MOSS/tile_31419.png,5
arctic_vegetation/20230724_sedge_mosstundra16_m3m/MOSS/tile_31420.png,5
arctic_vegetation/20230724_sedge_mosstundra16_m3m/MOSS/tile_31421.png,5
arctic_vegetation/20230724_sedge_mosstundra16_m3m/MOSS/tile_31422.png,5
arctic_vegetation/20230724_sedge_mosstundra16_m3m/MOSS/tile_31423.png,5
arctic_vegetation/20230724_sedge_mosstundra16_m3m/MOSS/tile_31424.png,5
arctic_vegetation/20230724_sedge_mosstundra16_m3m/MOSS/tile_31425.png,5
arctic_vegetation/20230724_sedge_mosstundra16_m3m/MOSS/tile_31426.png,5
arctic_vegetation/20230724_sedge_mosstundra16_m3m/MOSS/tile_31427.png,5
arctic_vegetation/20230724_sedge_mosstundra16_m3m/MOSS/tile_31428.png,5
arctic_vegetation/20230724_sedge_mosstundra16_m3m/MOSS/tile_31429.png,5
arctic_vegetation/20230724_sedge_mosstundra16_m3m/MOSS/tile_31432.png,5
arctic_vegetation/20230724_sedge_mosstundra16_m3m/MOSS/tile_31433.png,5
arctic_vegetation/20230724_sedge_mosstundra16_m3m/RUBC/tile_31446.png,8
arctic_vegetation/20230724_sedge_mosstundra16_m3m/RUBC/tile_31447.png,8
arctic_vegetation/20230724_sedge_mosstundra16_m3m/RUBC/tile_31448.png,8
arctic_vegetation/20230724_sedge_mosstundra16_m3m/RUBC/tile_31449.png,8
arctic_vegetation/20230724_sedge_mosstundra16_m3m/MOSS/tile_31450.png,5
arctic_vegetation/20230724_sedge_mosstundra16_m3m/MOSS/tile_31451.png,5
arctic_vegetation/20230724_sedge_mosstundra16_m3m/MOSS/tile_31452.png,5
arctic_vegetation/20230724_sedge_mosstundra16_m3m/BIRC/tile_31583.png,2
arctic_vegetation/20230724_sedge_mosstundra16_m3m/BIRC/tile_31584.png,2
arctic_vegetation/20230724_sedge_mosstundra16_m3m/BIRC/tile_31585.png,2
arctic_vegetation/20230724_sedge_mosstundra16_m3m/BIRC/tile_31586.png,2
arctic_vegetation/20230724_sedge_mosstundra16_m3m/BIRC/tile_31587.png,2
arctic_vegetation/20230724_sedge_mosstundra16_m3m/MOSS/tile_31619.png,5
arctic_vegetation/20230724_sedge_mosstundra16_m3m/MOSS/tile_31620.png,5
arctic_vegetation/20230724_sedge_mosstundra16_m3m/MOSS/tile_31621.png,5
arctic_vegetation/20230724_sedge_mosstundra16_m3m/MOSS/tile_31622.png,5
arctic_vegetation/20230724_sedge_mosstundra16_m3m/MOSS/tile_31623.png,5
arctic_vegetation/20230724_sedge_mosstundra16_m3m/MOSS/tile_31624.png,5
arctic_vegetation/20230724_sedge_mosstundra16_m3m/MOSS/tile_31625.png,5
arctic_vegetation/20230724_sedge_mosstundra16_m3m/MOSS/tile_31626.png,5
arctic_vegetation/20230724_sedge_mosstundra16_m3m/MOSS/tile_31627.png,5
arctic_vegetation/20230724_sedge_mosstundra16_m3m/MOSS/tile_31628.png,5
arctic_vegetation/20230724_sedge_mosstundra16_m3m/MOSS/tile_31629.png,5
arctic_vegetation/20230724_sedge_mosstundra16_m3m/MOSS/tile_31631.png,5
arctic_vegetation/20230724_sedge_mosstundra16_m3m/MOSS/tile_31632.png,5
arctic_vegetation/20230724_sedge_mosstundra16_m3m/RUBC/tile_31649.png,8
arctic_vegetation/20230724_sedge_mosstundra16_m3m/RUBC/tile_31650.png,8
arctic_vegetation/20230724_sedge_mosstundra16_m3m/RUBC/tile_31651.png,8
arctic_vegetation/20230724_sedge_mosstundra16_m3m/RUBC/tile_31652.png,8
arctic_vegetation/20230724_sedge_mosstundra16_m3m/MOSS/tile_31653.png,5
arctic_vegetation/20230724_sedge_mosstundra16_m3m/MOSS/tile_31654.png,5
arctic_vegetation/20230724_sedge_mosstundra16_m3m/MOSS/tile_31655.png,5
arctic_vegetation/20230724_sedge_mosstundra16_m3m/BIRC/tile_31786.png,2
arctic_vegetation/20230724_sedge_mosstundra16_m3m/BIRC/tile_31787.png,2
arctic_vegetation/20230724_sedge_mosstundra16_m3m/BIRC/tile_31788.png,2
arctic_vegetation/20230724_sedge_mosstundra16_m3m/BIRC/tile_31789.png,2
arctic_vegetation/20230724_sedge_mosstundra16_m3m/BIRC/tile_31790.png,2
arctic_vegetation/20230724_sedge_mosstundra16_m3m/MOSS/tile_31822.png,5
arctic_vegetation/20230724_sedge_mosstundra16_m3m/MOSS/tile_31823.png,5
arctic_vegetation/20230724_sedge_mosstundra16_m3m/MOSS/tile_31824.png,5
arctic_vegetation/20230724_sedge_mosstundra16_m3m/MOSS/tile_31825.png,5
arctic_vegetation/20230724_sedge_mosstundra16_m3m/MOSS/tile_31826.png,5
arctic_vegetation/20230724_sedge_mosstundra16_m3m/MOSS/tile_31827.png,5
arctic_vegetation/20230724_sedge_mosstundra16_m3m/MOSS/tile_31828.png,5
arctic_vegetation/20230724_sedge_mosstundra16_m3m/MOSS/tile_31829.png,5
arctic_vegetation/20230724_sedge_mosstundra16_m3m/RUBC/tile_31853.png,8
arctic_vegetation/20230724_sedge_mosstundra16_m3m/RUBC/tile_31854.png,8
arctic_vegetation/20230724_sedge_mosstundra16_m3m/PETF/tile_31855.png,6
arctic_vegetation/20230724_sedge_mosstundra16_m3m/MOSS/tile_31856.png,5
arctic_vegetation/20230724_sedge_mosstundra16_m3m/MOSS/tile_31857.png,5
arctic_vegetation/20230724_sedge_mosstundra16_m3m/MOSS/tile_31858.png,5
arctic_vegetation/20230724_sedge_mosstundra16_m3m/WILL/tile_36398.png,11
arctic_vegetation/20230724_sedge_mosstundra16_m3m/WILL/tile_36399.png,11
arctic_vegetation/20230724_sedge_mosstundra16_m3m/BIRC/tile_36589.png,2
arctic_vegetation/20230724_sedge_mosstundra16_m3m/BIRC/tile_36590.png,2
arctic_vegetation/20230724_sedge_mosstundra16_m3m/BIRC/tile_36591.png,2
arctic_vegetation/20230724_sedge_mosstundra16_m3m/WILL/tile_36592.png,11
arctic_vegetation/20230724_sedge_mosstundra16_m3m/WILL/tile_36593.png,11
arctic_vegetation/20230724_sedge_mosstundra16_m3m/WILL/tile_36594.png,11
arctic_vegetation/20230724_sedge_mosstundra16_m3m/WILL/tile_36595.png,11
arctic_vegetation/20230724_sedge_mosstundra16_m3m/WILL/tile_36596.png,11
arctic_vegetation/20230724_sedge_mosstundra16_m3m/BIRC/tile_36597.png,2
arctic_vegetation/20230724_sedge_mosstundra16_m3m/BIRC/tile_36598.png,2
arctic_vegetation/20230724_sedge_mosstundra16_m3m/BIRC/tile_36599.png,2
arctic_vegetation/20230724_sedge_mosstundra16_m3m/BIRC/tile_36785.png,2
arctic_vegetation/20230724_sedge_mosstundra16_m3m/BIRC/tile_36786.png,2
arctic_vegetation/20230724_sedge_mosstundra16_m3m/BIRC/tile_36787.png,2
arctic_vegetation/20230724_sedge_mosstundra16_m3m/BIRC/tile_36788.png,2
arctic_vegetation/20230724_sedge_mosstundra16_m3m/BIRC/tile_36789.png,2
arctic_vegetation/20230724_sedge_mosstundra16_m3m/BIRC/tile_36790.png,2
arctic_vegetation/20230724_sedge_mosstundra16_m3m/BIRC/tile_36791.png,2
arctic_vegetation/20230724_sedge_mosstundra16_m3m/BIRC/tile_36792.png,2
arctic_vegetation/20230724_sedge_mosstundra16_m3m/BIRC/tile_36793.png,2
arctic_vegetation/20230724_sedge_mosstundra16_m3m/BIRC/tile_36794.png,2
arctic_vegetation/20230724_sedge_mosstundra16_m3m/BIRC/tile_36795.png,2
arctic_vegetation/20230724_sedge_mosstundra16_m3m/BIRC/tile_36796.png,2
arctic_vegetation/20230724_sedge_mosstundra16_m3m/ALDE/tile_36966.png,0
arctic_vegetation/20230724_sedge_mosstundra16_m3m/ALDE/tile_36967.png,0
arctic_vegetation/20230724_sedge_mosstundra16_m3m/BIRC/tile_36981.png,2
arctic_vegetation/20230724_sedge_mosstundra16_m3m/BIRC/tile_36982.png,2
arctic_vegetation/20230724_sedge_mosstundra16_m3m/BIRC/tile_36983.png,2
arctic_vegetation/20230724_sedge_mosstundra16_m3m/BIRC/tile_36984.png,2
arctic_vegetation/20230724_sedge_mosstundra16_m3m/BIRC/tile_36985.png,2
arctic_vegetation/20230724_sedge_mosstundra16_m3m/BIRC/tile_36986.png,2
arctic_vegetation/20230724_sedge_mosstundra16_m3m/BIRC/tile_36987.png,2
arctic_vegetation/20230724_sedge_mosstundra16_m3m/BIRC/tile_36988.png,2
arctic_vegetation/20230724_sedge_mosstundra16_m3m/BIRC/tile_36989.png,2
arctic_vegetation/20230724_sedge_mosstundra16_m3m/BIRC/tile_36990.png,2
arctic_vegetation/20230724_sedge_mosstundra16_m3m/BIRC/tile_36991.png,2
arctic_vegetation/20230724_sedge_mosstundra16_m3m/BIRC/tile_36992.png,2
arctic_vegetation/20230724_sedge_mosstundra16_m3m/ALDE/tile_37161.png,0
arctic_vegetation/20230724_sedge_mosstundra16_m3m/ALDE/tile_37162.png,0
arctic_vegetation/20230724_sedge_mosstundra16_m3m/BIRC/tile_37176.png,2
arctic_vegetation/20230724_sedge_mosstundra16_m3m/BIRC/tile_37177.png,2
arctic_vegetation/20230724_sedge_mosstundra16_m3m/BIRC/tile_37178.png,2
arctic_vegetation/20230724_sedge_mosstundra16_m3m/BIRC/tile_37179.png,2
arctic_vegetation/20230724_sedge_mosstundra16_m3m/BIRC/tile_37180.png,2
arctic_vegetation/20230724_sedge_mosstundra16_m3m/BIRC/tile_37181.png,2
arctic_vegetation/20230724_sedge_mosstundra16_m3m/BIRC/tile_37182.png,2
arctic_vegetation/20230724_sedge_mosstundra16_m3m/BIRC/tile_37183.png,2
arctic_vegetation/20230724_sedge_mosstundra16_m3m/BIRC/tile_37184.png,2
arctic_vegetation/20230724_sedge_mosstundra16_m3m/BIRC/tile_37185.png,2
arctic_vegetation/20230724_sedge_mosstundra16_m3m/BIRC/tile_37186.png,2
arctic_vegetation/20230724_sedge_mosstundra16_m3m/BIRC/tile_37187.png,2
arctic_vegetation/20230724_sedge_mosstundra16_m3m/ALDE/tile_37355.png,0
arctic_vegetation/20230724_sedge_mosstundra16_m3m/SEDG/tile_37369.png,9
arctic_vegetation/20230724_sedge_mosstundra16_m3m/SEDG/tile_37370.png,9
arctic_vegetation/20230724_sedge_mosstundra16_m3m/SEDG/tile_37371.png,9
arctic_vegetation/20230724_sedge_mosstundra16_m3m/SEDG/tile_37372.png,9
arctic_vegetation/20230724_sedge_mosstundra16_m3m/SEDG/tile_37373.png,9
arctic_vegetation/20230724_sedge_mosstundra16_m3m/SEDG/tile_37375.png,9
arctic_vegetation/20230724_sedge_mosstundra16_m3m/SEDG/tile_37376.png,9
arctic_vegetation/20230724_sedge_mosstundra16_m3m/SEDG/tile_37377.png,9
arctic_vegetation/20230724_sedge_mosstundra16_m3m/SEDG/tile_37378.png,9
arctic_vegetation/20230724_sedge_mosstundra16_m3m/SEDG/tile_37379.png,9
arctic_vegetation/20230724_sedge_mosstundra16_m3m/SEDG/tile_37380.png,9
arctic_vegetation/20230724_sedge_mosstundra16_m3m/ALDE/tile_37549.png,0
arctic_vegetation/20230724_sedge_mosstundra16_m3m/ALDE/tile_37550.png,0
arctic_vegetation/20230724_sedge_mosstundra16_m3m/PETF/tile_37555.png,6
arctic_vegetation/20230724_sedge_mosstundra16_m3m/PETF/tile_37556.png,6
arctic_vegetation/20230724_sedge_mosstundra16_m3m/SEDG/tile_37560.png,9
arctic_vegetation/20230724_sedge_mosstundra16_m3m/SEDG/tile_37561.png,9
arctic_vegetation/20230724_sedge_mosstundra16_m3m/SEDG/tile_37562.png,9
arctic_vegetation/20230724_sedge_mosstundra16_m3m/SEDG/tile_37563.png,9
arctic_vegetation/20230724_sedge_mosstundra16_m3m/SEDG/tile_37565.png,9
arctic_vegetation/20230724_sedge_mosstundra16_m3m/SEDG/tile_37566.png,9
arctic_vegetation/20230724_sedge_mosstundra16_m3m/SEDG/tile_37567.png,9
arctic_vegetation/20230724_sedge_mosstundra16_m3m/SEDG/tile_37568.png,9
arctic_vegetation/20230724_sedge_mosstundra16_m3m/SEDG/tile_37569.png,9
arctic_vegetation/20230724_sedge_mosstundra16_m3m/SEDG/tile_37570.png,9
arctic_vegetation/20230724_sedge_mosstundra16_m3m/BIRC/tile_37736.png,2
arctic_vegetation/20230724_sedge_mosstundra16_m3m/BIRC/tile_37737.png,2
arctic_vegetation/20230724_sedge_mosstundra16_m3m/BIRC/tile_37738.png,2
arctic_vegetation/20230724_sedge_mosstundra16_m3m/BIRC/tile_37739.png,2
arctic_vegetation/20230724_sedge_mosstundra16_m3m/BIRC/tile_37740.png,2
arctic_vegetation/20230724_sedge_mosstundra16_m3m/ALDE/tile_37741.png,0
arctic_vegetation/20230724_sedge_mosstundra16_m3m/PETF/tile_37743.png,6
arctic_vegetation/20230724_sedge_mosstundra16_m3m/PETF/tile_37744.png,6
arctic_vegetation/20230724_sedge_mosstundra16_m3m/PETF/tile_37745.png,6
arctic_vegetation/20230724_sedge_mosstundra16_m3m/PETF/tile_37746.png,6
arctic_vegetation/20230724_sedge_mosstundra16_m3m/PETF/tile_37747.png,6
arctic_vegetation/20230724_sedge_mosstundra16_m3m/SEDG/tile_37748.png,9
arctic_vegetation/20230724_sedge_mosstundra16_m3m/SEDG/tile_37749.png,9
arctic_vegetation/20230724_sedge_mosstundra16_m3m/SEDG/tile_37750.png,9
arctic_vegetation/20230724_sedge_mosstundra16_m3m/SEDG/tile_37751.png,9
arctic_vegetation/20230724_sedge_mosstundra16_m3m/BIRC/tile_37923.png,2
arctic_vegetation/20230724_sedge_mosstundra16_m3m/BIRC/tile_37924.png,2
arctic_vegetation/20230724_sedge_mosstundra16_m3m/BIRC/tile_37925.png,2
arctic_vegetation/20230724_sedge_mosstundra16_m3m/PETF/tile_37926.png,6
arctic_vegetation/20230724_sedge_mosstundra16_m3m/PETF/tile_37928.png,6
arctic_vegetation/20230724_sedge_mosstundra16_m3m/PETF/tile_37929.png,6
arctic_vegetation/20230724_sedge_mosstundra16_m3m/PETF/tile_37930.png,6
arctic_vegetation/20230724_sedge_mosstundra16_m3m/PETF/tile_37931.png,6
arctic_vegetation/20230724_sedge_mosstundra16_m3m/PETF/tile_37932.png,6
arctic_vegetation/20230724_sedge_mosstundra16_m3m/PETF/tile_39205.png,6
arctic_vegetation/20230724_sedge_mosstundra16_m3m/PETF/tile_39206.png,6
arctic_vegetation/20230724_sedge_mosstundra16_m3m/PETF/tile_39207.png,6
arctic_vegetation/20230724_sedge_mosstundra16_m3m/PETF/tile_39208.png,6
arctic_vegetation/20230724_sedge_mosstundra16_m3m/PETF/tile_39352.png,6
arctic_vegetation/20230724_sedge_mosstundra16_m3m/PETF/tile_39353.png,6
arctic_vegetation/20230724_sedge_mosstundra16_m3m/PETF/tile_39354.png,6
