filepath,label
arctic_vegetation/20230724_riparianshrub32_m3m/MOSS/tile_06390.png,5
arctic_vegetation/20230724_riparianshrub32_m3m/MOSS/tile_06391.png,5
arctic_vegetation/20230724_riparianshrub32_m3m/MOSS/tile_06392.png,5
arctic_vegetation/20230724_riparianshrub32_m3m/MOSS/tile_06393.png,5
arctic_vegetation/20230724_riparianshrub32_m3m/WILL/tile_06520.png,11
arctic_vegetation/20230724_riparianshrub32_m3m/WILL/tile_06521.png,11
arctic_vegetation/20230724_riparianshrub32_m3m/WILL/tile_06522.png,11
arctic_vegetation/20230724_riparianshrub32_m3m/WILL/tile_06523.png,11
arctic_vegetation/20230724_riparianshrub32_m3m/WILL/tile_06524.png,11
arctic_vegetation/20230724_riparianshrub32_m3m/WILL/tile_06525.png,11
arctic_vegetation/20230724_riparianshrub32_m3m/WILL/tile_06526.png,11
arctic_vegetation/20230724_riparianshrub32_m3m/WILL/tile_06527.png,11
arctic_vegetation/20230724_riparianshrub32_m3m/WILL/tile_06528.png,11
arctic_vegetation/20230724_riparianshrub32_m3m/WILL/tile_06529.png,11
arctic_vegetation/20230724_riparianshrub32_m3m/WILL/tile_06530.png,11
arctic_vegetation/20230724_riparianshrub32_m3m/WILL/tile_06531.png,11
arctic_vegetation/20230724_riparianshrub32_m3m/WILL/tile_06532.png,11
arctic_vegetation/20230724_riparianshrub32_m3m/WILL/tile_06533.png,11
arctic_vegetation/20230724_riparianshrub32_m3m/MOSS/tile_06570.png,5
arctic_vegetation/20230724_riparianshrub32_m3m/MOSS/tile_06571.png,5
arctic_vegetation/20230724_riparianshrub32_m3m/MOSS/tile_06572.png,5
arctic_vegetation/20230724_riparianshrub32_m3m/MOSS/tile_06573.png,5
arctic_vegetation/20230724_riparianshrub32_m3m/WILL/tile_06700.png,11
arctic_vegetation/20230724_riparianshrub32_m3m/WILL/tile_06701.png,11
arctic_vegetation/20230724_riparianshrub32_m3m/WILL/tile_06702.png,11
arctic_vegetation/20230724_riparianshrub32_m3m/WILL/tile_06703.png,11
arctic_vegetation/20230724_riparianshrub32_m3m/WILL/tile_06704.png,11
arctic_vegetation/20230724_riparianshrub32_m3m/WILL/tile_06705.png,11
arctic_vegetation/20230724_riparianshrub32_m3m/WILL/tile_06706.png,11
arctic_vegetation/20230724_riparianshrub32_m3m/WILL/tile_06707.png,11
arctic_vegetation/20230724_riparianshrub32_m3m/WILL/tile_06708.png,11
arctic_vegetation/20230724_riparianshrub32_m3m/WILL/tile_06709.png,11
arctic_vegetation/20230724_riparianshrub32_m3m/WILL/tile_06710.png,11
arctic_vegetation/20230724_riparianshrub32_m3m/WILL/tile_06711.png,11
arctic_vegetation/20230724_riparianshrub32_m3m/WILL/tile_06712.png,11
arctic_vegetation/20230724_riparianshrub32_m3m/WILL/tile_06713.png,11
arctic_vegetation/20230724_riparianshrub32_m3m/MOSS/tile_06750.png,5
arctic_vegetation/20230724_riparianshrub32_m3m/MOSS/tile_06751.png,5
arctic_vegetation/20230724_riparianshrub32_m3m/MOSS/tile_06752.png,5
arctic_vegetation/20230724_riparianshrub32_m3m/MOSS/tile_06753.png,5
arctic_vegetation/20230724_riparianshrub32_m3m/WILL/tile_06875.png,11
arctic_vegetation/20230724_riparianshrub32_m3m/WILL/tile_06876.png,11
arctic_vegetation/20230724_riparianshrub32_m3m/WILL/tile_06877.png,11
arctic_vegetation/20230724_riparianshrub32_m3m/WILL/tile_06878.png,11
arctic_vegetation/20230724_riparianshrub32_m3m/WILL/tile_06880.png,11
arctic_vegetation/20230724_riparianshrub32_m3m/WILL/tile_06881.png,11
arctic_vegetation/20230724_riparianshrub32_m3m/WILL/tile_06882.png,11
arctic_vegetation/20230724_riparianshrub32_m3m/WILL/tile_06883.png,11
arctic_vegetation/20230724_riparianshrub32_m3m/WILL/tile_06884.png,11
arctic_vegetation/20230724_riparianshrub32_m3m/WILL/tile_06885.png,11
arctic_vegetation/20230724_riparianshrub32_m3m/WILL/tile_06886.png,11
arctic_vegetation/20230724_riparianshrub32_m3m/WILL/tile_06887.png,11
arctic_vegetation/20230724_riparianshrub32_m3m/WILL/tile_06888.png,11
arctic_vegetation/20230724_riparianshrub32_m3m/WILL/tile_06889.png,11
arctic_vegetation/20230724_riparianshrub32_m3m/WILL/tile_06890.png,11
arctic_vegetation/20230724_riparianshrub32_m3m/WILL/tile_06891.png,11
arctic_vegetation/20230724_riparianshrub32_m3m/WILL/tile_06892.png,11
arctic_vegetation/20230724_riparianshrub32_m3m/WILL/tile_06893.png,11
arctic_vegetation/20230724_riparianshrub32_m3m/MOSS/tile_06930.png,5
arctic_vegetation/20230724_riparianshrub32_m3m/MOSS/tile_06931.png,5
arctic_vegetation/20230724_riparianshrub32_m3m/MOSS/tile_06932.png,5
arctic_vegetation/20230724_riparianshrub32_m3m/MOSS/tile_06933.png,5
arctic_vegetation/20230724_riparianshrub32_m3m/WILL/tile_07055.png,11
arctic_vegetation/20230724_riparianshrub32_m3m/WILL/tile_07056.png,11
arctic_vegetation/20230724_riparianshrub32_m3m/WILL/tile_07057.png,11
arctic_vegetation/20230724_riparianshrub32_m3m/WILL/tile_07058.png,11
arctic_vegetation/20230724_riparianshrub32_m3m/WILL/tile_07060.png,11
arctic_vegetation/20230724_riparianshrub32_m3m/WILL/tile_07061.png,11
arctic_vegetation/20230724_riparianshrub32_m3m/WILL/tile_07062.png,11
arctic_vegetation/20230724_riparianshrub32_m3m/WILL/tile_07063.png,11
arctic_vegetation/20230724_riparianshrub32_m3m/WILL/tile_07064.png,11
arctic_vegetation/20230724_riparianshrub32_m3m/WILL/tile_07065.png,11
arctic_vegetation/20230724_riparianshrub32_m3m/WILL/tile_07066.png,11
arctic_vegetation/20230724_riparianshrub32_m3m/WILL/tile_07067.png,11
arctic_vegetation/20230724_riparianshrub32_m3m/WILL/tile_07068.png,11
arctic_vegetation/20230724_riparianshrub32_m3m/WILL/tile_07069.png,11
arctic_vegetation/20230724_riparianshrub32_m3m/WILL/tile_07070.png,11
arctic_vegetation/20230724_riparianshrub32_m3m/WILL/tile_07071.png,11
arctic_vegetation/20230724_riparianshrub32_m3m/WILL/tile_07072.png,11
arctic_vegetation/20230724_riparianshrub32_m3m/WILL/tile_07073.png,11
arctic_vegetation/20230724_riparianshrub32_m3m/MOSS/tile_07110.png,5
arctic_vegetation/20230724_riparianshrub32_m3m/MOSS/tile_07111.png,5
arctic_vegetation/20230724_riparianshrub32_m3m/MOSS/tile_07112.png,5
arctic_vegetation/20230724_riparianshrub32_m3m/MOSS/tile_07113.png,5
arctic_vegetation/20230724_riparianshrub32_m3m/WILL/tile_07235.png,11
arctic_vegetation/20230724_riparianshrub32_m3m/WILL/tile_07236.png,11
arctic_vegetation/20230724_riparianshrub32_m3m/WILL/tile_07237.png,11
arctic_vegetation/20230724_riparianshrub32_m3m/WILL/tile_07238.png,11
arctic_vegetation/20230724_riparianshrub32_m3m/WILL/tile_07240.png,11
arctic_vegetation/20230724_riparianshrub32_m3m/WILL/tile_07241.png,11
arctic_vegetation/20230724_riparianshrub32_m3m/WILL/tile_07242.png,11
arctic_vegetation/20230724_riparianshrub32_m3m/WILL/tile_07243.png,11
arctic_vegetation/20230724_riparianshrub32_m3m/WILL/tile_07244.png,11
arctic_vegetation/20230724_riparianshrub32_m3m/WILL/tile_07245.png,11
arctic_vegetation/20230724_riparianshrub32_m3m/WILL/tile_07246.png,11
arctic_vegetation/20230724_riparianshrub32_m3m/WILL/tile_07247.png,11
arctic_vegetation/20230724_riparianshrub32_m3m/WILL/tile_07248.png,11
arctic_vegetation/20230724_riparianshrub32_m3m/WILL/tile_07249.png,11
arctic_vegetation/20230724_riparianshrub32_m3m/WILL/tile_07250.png,11
arctic_vegetation/20230724_riparianshrub32_m3m/WILL/tile_07251.png,11
arctic_vegetation/20230724_riparianshrub32_m3m/WILL/tile_07252.png,11
arctic_vegetation/20230724_riparianshrub32_m3m/WILL/tile_07253.png,11
arctic_vegetation/20230724_riparianshrub32_m3m/LICH/tile_07290.png,4
arctic_vegetation/20230724_riparianshrub32_m3m/LICH/tile_07291.png,4
arctic_vegetation/20230724_riparianshrub32_m3m/LICH/tile_07292.png,4
arctic_vegetation/20230724_riparianshrub32_m3m/LICH/tile_07293.png,4
arctic_vegetation/20230724_riparianshrub32_m3m/WILL/tile_07415.png,11
arctic_vegetation/20230724_riparianshrub32_m3m/WILL/tile_07416.png,11
arctic_vegetation/20230724_riparianshrub32_m3m/WILL/tile_07417.png,11
arctic_vegetation/20230724_riparianshrub32_m3m/WILL/tile_07418.png,11
arctic_vegetation/20230724_riparianshrub32_m3m/WILL/tile_07420.png,11
arctic_vegetation/20230724_riparianshrub32_m3m/WILL/tile_07421.png,11
arctic_vegetation/20230724_riparianshrub32_m3m/WILL/tile_07422.png,11
arctic_vegetation/20230724_riparianshrub32_m3m/WILL/tile_07423.png,11
arctic_vegetation/20230724_riparianshrub32_m3m/WILL/tile_07424.png,11
arctic_vegetation/20230724_riparianshrub32_m3m/WILL/tile_07425.png,11
arctic_vegetation/20230724_riparianshrub32_m3m/WILL/tile_07426.png,11
arctic_vegetation/20230724_riparianshrub32_m3m/WILL/tile_07427.png,11
arctic_vegetation/20230724_riparianshrub32_m3m/WILL/tile_07428.png,11
arctic_vegetation/20230724_riparianshrub32_m3m/WILL/tile_07429.png,11
arctic_vegetation/20230724_riparianshrub32_m3m/WILL/tile_07430.png,11
arctic_vegetation/20230724_riparianshrub32_m3m/WILL/tile_07431.png,11
arctic_vegetation/20230724_riparianshrub32_m3m/WILL/tile_07432.png,11
arctic_vegetation/20230724_riparianshrub32_m3m/WILL/tile_07433.png,11
arctic_vegetation/20230724_riparianshrub32_m3m/WILL/tile_07434.png,11
arctic_vegetation/20230724_riparianshrub32_m3m/WILL/tile_07435.png,11
arctic_vegetation/20230724_riparianshrub32_m3m/BIRC/tile_07455.png,2
arctic_vegetation/20230724_riparianshrub32_m3m/BIRC/tile_07456.png,2
arctic_vegetation/20230724_riparianshrub32_m3m/BIRC/tile_07457.png,2
arctic_vegetation/20230724_riparianshrub32_m3m/LICH/tile_07470.png,4
arctic_vegetation/20230724_riparianshrub32_m3m/LICH/tile_07471.png,4
arctic_vegetation/20230724_riparianshrub32_m3m/LICH/tile_07472.png,4
arctic_vegetation/20230724_riparianshrub32_m3m/LICH/tile_07473.png,4
arctic_vegetation/20230724_riparianshrub32_m3m/WILL/tile_07595.png,11
arctic_vegetation/20230724_riparianshrub32_m3m/WILL/tile_07596.png,11
arctic_vegetation/20230724_riparianshrub32_m3m/WILL/tile_07597.png,11
arctic_vegetation/20230724_riparianshrub32_m3m/WILL/tile_07598.png,11
arctic_vegetation/20230724_riparianshrub32_m3m/WILL/tile_07600.png,11
arctic_vegetation/20230724_riparianshrub32_m3m/WILL/tile_07601.png,11
arctic_vegetation/20230724_riparianshrub32_m3m/WILL/tile_07602.png,11
arctic_vegetation/20230724_riparianshrub32_m3m/WILL/tile_07603.png,11
arctic_vegetation/20230724_riparianshrub32_m3m/WILL/tile_07604.png,11
arctic_vegetation/20230724_riparianshrub32_m3m/WILL/tile_07605.png,11
arctic_vegetation/20230724_riparianshrub32_m3m/WILL/tile_07606.png,11
arctic_vegetation/20230724_riparianshrub32_m3m/WILL/tile_07607.png,11
arctic_vegetation/20230724_riparianshrub32_m3m/WILL/tile_07608.png,11
arctic_vegetation/20230724_riparianshrub32_m3m/WILL/tile_07609.png,11
arctic_vegetation/20230724_riparianshrub32_m3m/WILL/tile_07610.png,11
arctic_vegetation/20230724_riparianshrub32_m3m/WILL/tile_07611.png,11
arctic_vegetation/20230724_riparianshrub32_m3m/WILL/tile_07612.png,11
arctic_vegetation/20230724_riparianshrub32_m3m/WILL/tile_07613.png,11
arctic_vegetation/20230724_riparianshrub32_m3m/WILL/tile_07614.png,11
arctic_vegetation/20230724_riparianshrub32_m3m/WILL/tile_07615.png,11
arctic_vegetation/20230724_riparianshrub32_m3m/BIRC/tile_07635.png,2
arctic_vegetation/20230724_riparianshrub32_m3m/BIRC/tile_07636.png,2
arctic_vegetation/20230724_riparianshrub32_m3m/BIRC/tile_07637.png,2
arctic_vegetation/20230724_riparianshrub32_m3m/LICH/tile_07650.png,4
arctic_vegetation/20230724_riparianshrub32_m3m/LICH/tile_07651.png,4
arctic_vegetation/20230724_riparianshrub32_m3m/LICH/tile_07652.png,4
arctic_vegetation/20230724_riparianshrub32_m3m/LICH/tile_07653.png,4
arctic_vegetation/20230724_riparianshrub32_m3m/WILL/tile_07775.png,11
arctic_vegetation/20230724_riparianshrub32_m3m/WILL/tile_07776.png,11
arctic_vegetation/20230724_riparianshrub32_m3m/WILL/tile_07777.png,11
arctic_vegetation/20230724_riparianshrub32_m3m/WILL/tile_07778.png,11
arctic_vegetation/20230724_riparianshrub32_m3m/WILL/tile_07779.png,11
arctic_vegetation/20230724_riparianshrub32_m3m/WILL/tile_07780.png,11
arctic_vegetation/20230724_riparianshrub32_m3m/WILL/tile_07781.png,11
arctic_vegetation/20230724_riparianshrub32_m3m/WILL/tile_07782.png,11
arctic_vegetation/20230724_riparianshrub32_m3m/WILL/tile_07783.png,11
arctic_vegetation/20230724_riparianshrub32_m3m/WILL/tile_07784.png,11
arctic_vegetation/20230724_riparianshrub32_m3m/WILL/tile_07785.png,11
arctic_vegetation/20230724_riparianshrub32_m3m/WILL/tile_07786.png,11
arctic_vegetation/20230724_riparianshrub32_m3m/WILL/tile_07787.png,11
arctic_vegetation/20230724_riparianshrub32_m3m/WILL/tile_07788.png,11
arctic_vegetation/20230724_riparianshrub32_m3m/WILL/tile_07789.png,11
arctic_vegetation/20230724_riparianshrub32_m3m/WILL/tile_07790.png,11
arctic_vegetation/20230724_riparianshrub32_m3m/WILL/tile_07791.png,11
arctic_vegetation/20230724_riparianshrub32_m3m/WILL/tile_07792.png,11
arctic_vegetation/20230724_riparianshrub32_m3m/WILL/tile_07793.png,11
arctic_vegetation/20230724_riparianshrub32_m3m/WILL/tile_07794.png,11
arctic_vegetation/20230724_riparianshrub32_m3m/WILL/tile_07795.png,11
arctic_vegetation/20230724_riparianshrub32_m3m/WILL/tile_07799.png,11
arctic_vegetation/20230724_riparianshrub32_m3m/WILL/tile_07800.png,11
arctic_vegetation/20230724_riparianshrub32_m3m/WILL/tile_07801.png,11
arctic_vegetation/20230724_riparianshrub32_m3m/WILL/tile_07802.png,11
arctic_vegetation/20230724_riparianshrub32_m3m/WILL/tile_07803.png,11
arctic_vegetation/20230724_riparianshrub32_m3m/WILL/tile_07804.png,11
arctic_vegetation/20230724_riparianshrub32_m3m/WILL/tile_07805.png,11
arctic_vegetation/20230724_riparianshrub32_m3m/WILL/tile_07806.png,11
arctic_vegetation/20230724_riparianshrub32_m3m/WILL/tile_07807.png,11
arctic_vegetation/20230724_riparianshrub32_m3m/BIRC/tile_07815.png,2
arctic_vegetation/20230724_riparianshrub32_m3m/BIRC/tile_07816.png,2
arctic_vegetation/20230724_riparianshrub32_m3m/BIRC/tile_07817.png,2
arctic_vegetation/20230724_riparianshrub32_m3m/WILL/tile_07955.png,11
arctic_vegetation/20230724_riparianshrub32_m3m/WILL/tile_07956.png,11
arctic_vegetation/20230724_riparianshrub32_m3m/WILL/tile_07957.png,11
arctic_vegetation/20230724_riparianshrub32_m3m/WILL/tile_07958.png,11
arctic_vegetation/20230724_riparianshrub32_m3m/WILL/tile_07959.png,11
arctic_vegetation/20230724_riparianshrub32_m3m/WILL/tile_07960.png,11
arctic_vegetation/20230724_riparianshrub32_m3m/WILL/tile_07961.png,11
arctic_vegetation/20230724_riparianshrub32_m3m/WILL/tile_07962.png,11
arctic_vegetation/20230724_riparianshrub32_m3m/WILL/tile_07963.png,11
arctic_vegetation/20230724_riparianshrub32_m3m/WILL/tile_07964.png,11
arctic_vegetation/20230724_riparianshrub32_m3m/WILL/tile_07965.png,11
arctic_vegetation/20230724_riparianshrub32_m3m/WILL/tile_07966.png,11
arctic_vegetation/20230724_riparianshrub32_m3m/WILL/tile_07967.png,11
arctic_vegetation/20230724_riparianshrub32_m3m/WILL/tile_07968.png,11
arctic_vegetation/20230724_riparianshrub32_m3m/WILL/tile_07969.png,11
arctic_vegetation/20230724_riparianshrub32_m3m/WILL/tile_07970.png,11
arctic_vegetation/20230724_riparianshrub32_m3m/WILL/tile_07971.png,11
arctic_vegetation/20230724_riparianshrub32_m3m/WILL/tile_07972.png,11
arctic_vegetation/20230724_riparianshrub32_m3m/WILL/tile_07973.png,11
arctic_vegetation/20230724_riparianshrub32_m3m/WILL/tile_07974.png,11
arctic_vegetation/20230724_riparianshrub32_m3m/WILL/tile_07975.png,11
arctic_vegetation/20230724_riparianshrub32_m3m/WILL/tile_07979.png,11
arctic_vegetation/20230724_riparianshrub32_m3m/WILL/tile_07980.png,11
arctic_vegetation/20230724_riparianshrub32_m3m/WILL/tile_07981.png,11
arctic_vegetation/20230724_riparianshrub32_m3m/WILL/tile_07982.png,11
arctic_vegetation/20230724_riparianshrub32_m3m/WILL/tile_07983.png,11
arctic_vegetation/20230724_riparianshrub32_m3m/WILL/tile_07984.png,11
arctic_vegetation/20230724_riparianshrub32_m3m/WILL/tile_07985.png,11
arctic_vegetation/20230724_riparianshrub32_m3m/WILL/tile_07986.png,11
arctic_vegetation/20230724_riparianshrub32_m3m/WILL/tile_07987.png,11
arctic_vegetation/20230724_riparianshrub32_m3m/BIRC/tile_07995.png,2
arctic_vegetation/20230724_riparianshrub32_m3m/BIRC/tile_07996.png,2
arctic_vegetation/20230724_riparianshrub32_m3m/BIRC/tile_07997.png,2
arctic_vegetation/20230724_riparianshrub32_m3m/WILL/tile_08135.png,11
arctic_vegetation/20230724_riparianshrub32_m3m/WILL/tile_08136.png,11
arctic_vegetation/20230724_riparianshrub32_m3m/WILL/tile_08137.png,11
arctic_vegetation/20230724_riparianshrub32_m3m/WILL/tile_08138.png,11
arctic_vegetation/20230724_riparianshrub32_m3m/WILL/tile_08139.png,11
arctic_vegetation/20230724_riparianshrub32_m3m/WILL/tile_08140.png,11
arctic_vegetation/20230724_riparianshrub32_m3m/WILL/tile_08141.png,11
arctic_vegetation/20230724_riparianshrub32_m3m/WILL/tile_08142.png,11
arctic_vegetation/20230724_riparianshrub32_m3m/WILL/tile_08143.png,11
arctic_vegetation/20230724_riparianshrub32_m3m/WILL/tile_08144.png,11
arctic_vegetation/20230724_riparianshrub32_m3m/WILL/tile_08145.png,11
arctic_vegetation/20230724_riparianshrub32_m3m/WILL/tile_08146.png,11
arctic_vegetation/20230724_riparianshrub32_m3m/WILL/tile_08147.png,11
arctic_vegetation/20230724_riparianshrub32_m3m/WILL/tile_08148.png,11
arctic_vegetation/20230724_riparianshrub32_m3m/WILL/tile_08149.png,11
arctic_vegetation/20230724_riparianshrub32_m3m/WILL/tile_08150.png,11
arctic_vegetation/20230724_riparianshrub32_m3m/WILL/tile_08151.png,11
arctic_vegetation/20230724_riparianshrub32_m3m/WILL/tile_08152.png,11
arctic_vegetation/20230724_riparianshrub32_m3m/WILL/tile_08153.png,11
arctic_vegetation/20230724_riparianshrub32_m3m/WILL/tile_08154.png,11
arctic_vegetation/20230724_riparianshrub32_m3m/WILL/tile_08155.png,11
arctic_vegetation/20230724_riparianshrub32_m3m/WILL/tile_08158.png,11
arctic_vegetation/20230724_riparianshrub32_m3m/WILL/tile_08159.png,11
arctic_vegetation/20230724_riparianshrub32_m3m/WILL/tile_08160.png,11
arctic_vegetation/20230724_riparianshrub32_m3m/WILL/tile_08161.png,11
arctic_vegetation/20230724_riparianshrub32_m3m/WILL/tile_08162.png,11
arctic_vegetation/20230724_riparianshrub32_m3m/WILL/tile_08163.png,11
arctic_vegetation/20230724_riparianshrub32_m3m/WILL/tile_08164.png,11
arctic_vegetation/20230724_riparianshrub32_m3m/WILL/tile_08165.png,11
arctic_vegetation/20230724_riparianshrub32_m3m/WILL/tile_08166.png,11
arctic_vegetation/20230724_riparianshrub32_m3m/WILL/tile_08167.png,11
arctic_vegetation/20230724_riparianshrub32_m3m/WILL/tile_08315.png,11
arctic_vegetation/20230724_riparianshrub32_m3m/WILL/tile_08316.png,11
arctic_vegetation/20230724_riparianshrub32_m3m/WILL/tile_08317.png,11
arctic_vegetation/20230724_riparianshrub32_m3m/WILL/tile_08318.png,11
arctic_vegetation/20230724_riparianshrub32_m3m/WILL/tile_08319.png,11
arctic_vegetation/20230724_riparianshrub32_m3m/WILL/tile_08320.png,11
arctic_vegetation/20230724_riparianshrub32_m3m/WILL/tile_08321.png,11
arctic_vegetation/20230724_riparianshrub32_m3m/WILL/tile_08322.png,11
arctic_vegetation/20230724_riparianshrub32_m3m/WILL/tile_08323.png,11
arctic_vegetation/20230724_riparianshrub32_m3m/WILL/tile_08324.png,11
arctic_vegetation/20230724_riparianshrub32_m3m/WILL/tile_08325.png,11
arctic_vegetation/20230724_riparianshrub32_m3m/WILL/tile_08326.png,11
arctic_vegetation/20230724_riparianshrub32_m3m/WILL/tile_08327.png,11
arctic_vegetation/20230724_riparianshrub32_m3m/WILL/tile_08328.png,11
arctic_vegetation/20230724_riparianshrub32_m3m/WILL/tile_08329.png,11
arctic_vegetation/20230724_riparianshrub32_m3m/WILL/tile_08330.png,11
arctic_vegetation/20230724_riparianshrub32_m3m/WILL/tile_08331.png,11
arctic_vegetation/20230724_riparianshrub32_m3m/WILL/tile_08332.png,11
arctic_vegetation/20230724_riparianshrub32_m3m/WILL/tile_08333.png,11
arctic_vegetation/20230724_riparianshrub32_m3m/WILL/tile_08334.png,11
arctic_vegetation/20230724_riparianshrub32_m3m/WILL/tile_08335.png,11
arctic_vegetation/20230724_riparianshrub32_m3m/WILL/tile_08336.png,11
arctic_vegetation/20230724_riparianshrub32_m3m/WILL/tile_08337.png,11
arctic_vegetation/20230724_riparianshrub32_m3m/WILL/tile_08338.png,11
arctic_vegetation/20230724_riparianshrub32_m3m/WILL/tile_08339.png,11
arctic_vegetation/20230724_riparianshrub32_m3m/WILL/tile_08340.png,11
arctic_vegetation/20230724_riparianshrub32_m3m/WILL/tile_08341.png,11
arctic_vegetation/20230724_riparianshrub32_m3m/WILL/tile_08342.png,11
arctic_vegetation/20230724_riparianshrub32_m3m/WILL/tile_08343.png,11
arctic_vegetation/20230724_riparianshrub32_m3m/WILL/tile_08344.png,11
arctic_vegetation/20230724_riparianshrub32_m3m/WILL/tile_08345.png,11
arctic_vegetation/20230724_riparianshrub32_m3m/WILL/tile_08346.png,11
arctic_vegetation/20230724_riparianshrub32_m3m/WILL/tile_08347.png,11
arctic_vegetation/20230724_riparianshrub32_m3m/WILL/tile_08495.png,11
arctic_vegetation/20230724_riparianshrub32_m3m/WILL/tile_08496.png,11
arctic_vegetation/20230724_riparianshrub32_m3m/WILL/tile_08497.png,11
arctic_vegetation/20230724_riparianshrub32_m3m/WILL/tile_08498.png,11
arctic_vegetation/20230724_riparianshrub32_m3m/WILL/tile_08499.png,11
arctic_vegetation/20230724_riparianshrub32_m3m/WILL/tile_08500.png,11
arctic_vegetation/20230724_riparianshrub32_m3m/WILL/tile_08501.png,11
arctic_vegetation/20230724_riparianshrub32_m3m/WILL/tile_08502.png,11
arctic_vegetation/20230724_riparianshrub32_m3m/WILL/tile_08503.png,11
arctic_vegetation/20230724_riparianshrub32_m3m/WILL/tile_08504.png,11
arctic_vegetation/20230724_riparianshrub32_m3m/WILL/tile_08505.png,11
arctic_vegetation/20230724_riparianshrub32_m3m/WILL/tile_08506.png,11
arctic_vegetation/20230724_riparianshrub32_m3m/WILL/tile_08507.png,11
arctic_vegetation/20230724_riparianshrub32_m3m/WILL/tile_08508.png,11
arctic_vegetation/20230724_riparianshrub32_m3m/WILL/tile_08509.png,11
arctic_vegetation/20230724_riparianshrub32_m3m/WILL/tile_08510.png,11
arctic_vegetation/20230724_riparianshrub32_m3m/WILL/tile_08511.png,11
arctic_vegetation/20230724_riparianshrub32_m3m/WILL/tile_08512.png,11
arctic_vegetation/20230724_riparianshrub32_m3m/WILL/tile_08513.png,11
arctic_vegetation/20230724_riparianshrub32_m3m/WILL/tile_08514.png,11
arctic_vegetation/20230724_riparianshrub32_m3m/WILL/tile_08515.png,11
arctic_vegetation/20230724_riparianshrub32_m3m/WILL/tile_08516.png,11
arctic_vegetation/20230724_riparianshrub32_m3m/WILL/tile_08517.png,11
arctic_vegetation/20230724_riparianshrub32_m3m/WILL/tile_08518.png,11
arctic_vegetation/20230724_riparianshrub32_m3m/WILL/tile_08519.png,11
arctic_vegetation/20230724_riparianshrub32_m3m/WILL/tile_08520.png,11
arctic_vegetation/20230724_riparianshrub32_m3m/WILL/tile_08521.png,11
arctic_vegetation/20230724_riparianshrub32_m3m/WILL/tile_08522.png,11
arctic_vegetation/20230724_riparianshrub32_m3m/WILL/tile_08523.png,11
arctic_vegetation/20230724_riparianshrub32_m3m/WILL/tile_08524.png,11
arctic_vegetation/20230724_riparianshrub32_m3m/WILL/tile_08525.png,11
arctic_vegetation/20230724_riparianshrub32_m3m/WILL/tile_08526.png,11
arctic_vegetation/20230724_riparianshrub32_m3m/WILL/tile_08527.png,11
arctic_vegetation/20230724_riparianshrub32_m3m/WILL/tile_08528.png,11
arctic_vegetation/20230724_riparianshrub32_m3m/WILL/tile_08529.png,11
arctic_vegetation/20230724_riparianshrub32_m3m/WILL/tile_08530.png,11
arctic_vegetation/20230724_riparianshrub32_m3m/WILL/tile_08531.png,11
arctic_vegetation/20230724_riparianshrub32_m3m/WILL/tile_08532.png,11
arctic_vegetation/20230724_riparianshrub32_m3m/WILL/tile_08533.png,11
arctic_vegetation/20230724_riparianshrub32_m3m/WILL/tile_08676.png,11
arctic_vegetation/20230724_riparianshrub32_m3m/WILL/tile_08677.png,11
arctic_vegetation/20230724_riparianshrub32_m3m/WILL/tile_08678.png,11
arctic_vegetation/20230724_riparianshrub32_m3m/WILL/tile_08679.png,11
arctic_vegetation/20230724_riparianshrub32_m3m/WILL/tile_08680.png,11
arctic_vegetation/20230724_riparianshrub32_m3m/WILL/tile_08681.png,11
arctic_vegetation/20230724_riparianshrub32_m3m/WILL/tile_08682.png,11
arctic_vegetation/20230724_riparianshrub32_m3m/WILL/tile_08683.png,11
arctic_vegetation/20230724_riparianshrub32_m3m/WILL/tile_08684.png,11
arctic_vegetation/20230724_riparianshrub32_m3m/WILL/tile_08685.png,11
arctic_vegetation/20230724_riparianshrub32_m3m/WILL/tile_08686.png,11
arctic_vegetation/20230724_riparianshrub32_m3m/WILL/tile_08687.png,11
arctic_vegetation/20230724_riparianshrub32_m3m/WILL/tile_08688.png,11
arctic_vegetation/20230724_riparianshrub32_m3m/WILL/tile_08689.png,11
arctic_vegetation/20230724_riparianshrub32_m3m/WILL/tile_08690.png,11
arctic_vegetation/20230724_riparianshrub32_m3m/WILL/tile_08691.png,11
arctic_vegetation/20230724_riparianshrub32_m3m/WILL/tile_08692.png,11
arctic_vegetation/20230724_riparianshrub32_m3m/WILL/tile_08693.png,11
arctic_vegetation/20230724_riparianshrub32_m3m/WILL/tile_08694.png,11
arctic_vegetation/20230724_riparianshrub32_m3m/WILL/tile_08695.png,11
arctic_vegetation/20230724_riparianshrub32_m3m/WILL/tile_08696.png,11
arctic_vegetation/20230724_riparianshrub32_m3m/WILL/tile_08697.png,11
arctic_vegetation/20230724_riparianshrub32_m3m/WILL/tile_08698.png,11
arctic_vegetation/20230724_riparianshrub32_m3m/WILL/tile_08699.png,11
arctic_vegetation/20230724_riparianshrub32_m3m/WILL/tile_08700.png,11
arctic_vegetation/20230724_riparianshrub32_m3m/WILL/tile_08701.png,11
arctic_vegetation/20230724_riparianshrub32_m3m/WILL/tile_08702.png,11
arctic_vegetation/20230724_riparianshrub32_m3m/WILL/tile_08703.png,11
arctic_vegetation/20230724_riparianshrub32_m3m/WILL/tile_08704.png,11
arctic_vegetation/20230724_riparianshrub32_m3m/WILL/tile_08705.png,11
arctic_vegetation/20230724_riparianshrub32_m3m/WILL/tile_08706.png,11
arctic_vegetation/20230724_riparianshrub32_m3m/WILL/tile_08707.png,11
arctic_vegetation/20230724_riparianshrub32_m3m/WILL/tile_08708.png,11
arctic_vegetation/20230724_riparianshrub32_m3m/WILL/tile_08709.png,11
arctic_vegetation/20230724_riparianshrub32_m3m/WILL/tile_08710.png,11
arctic_vegetation/20230724_riparianshrub32_m3m/WILL/tile_08711.png,11
arctic_vegetation/20230724_riparianshrub32_m3m/WILL/tile_08712.png,11
arctic_vegetation/20230724_riparianshrub32_m3m/WILL/tile_08713.png,11
arctic_vegetation/20230724_riparianshrub32_m3m/WILL/tile_08857.png,11
arctic_vegetation/20230724_riparianshrub32_m3m/WILL/tile_08858.png,11
arctic_vegetation/20230724_riparianshrub32_m3m/WILL/tile_08859.png,11
arctic_vegetation/20230724_riparianshrub32_m3m/WILL/tile_08860.png,11
arctic_vegetation/20230724_riparianshrub32_m3m/WILL/tile_08861.png,11
arctic_vegetation/20230724_riparianshrub32_m3m/WILL/tile_08862.png,11
arctic_vegetation/20230724_riparianshrub32_m3m/WILL/tile_08863.png,11
arctic_vegetation/20230724_riparianshrub32_m3m/WILL/tile_08864.png,11
arctic_vegetation/20230724_riparianshrub32_m3m/WILL/tile_08865.png,11
arctic_vegetation/20230724_riparianshrub32_m3m/WILL/tile_08866.png,11
arctic_vegetation/20230724_riparianshrub32_m3m/WILL/tile_08867.png,11
arctic_vegetation/20230724_riparianshrub32_m3m/WILL/tile_08868.png,11
arctic_vegetation/20230724_riparianshrub32_m3m/WILL/tile_08869.png,11
arctic_vegetation/20230724_riparianshrub32_m3m/WILL/tile_08870.png,11
arctic_vegetation/20230724_riparianshrub32_m3m/WILL/tile_08871.png,11
arctic_vegetation/20230724_riparianshrub32_m3m/WILL/tile_08872.png,11
arctic_vegetation/20230724_riparianshrub32_m3m/WILL/tile_08873.png,11
arctic_vegetation/20230724_riparianshrub32_m3m/WILL/tile_08874.png,11
arctic_vegetation/20230724_riparianshrub32_m3m/WILL/tile_08875.png,11
arctic_vegetation/20230724_riparianshrub32_m3m/WILL/tile_08876.png,11
arctic_vegetation/20230724_riparianshrub32_m3m/WILL/tile_08877.png,11
arctic_vegetation/20230724_riparianshrub32_m3m/WILL/tile_08878.png,11
arctic_vegetation/20230724_riparianshrub32_m3m/WILL/tile_08879.png,11
arctic_vegetation/20230724_riparianshrub32_m3m/WILL/tile_08880.png,11
arctic_vegetation/20230724_riparianshrub32_m3m/WILL/tile_08881.png,11
arctic_vegetation/20230724_riparianshrub32_m3m/WILL/tile_08882.png,11
arctic_vegetation/20230724_riparianshrub32_m3m/WILL/tile_08883.png,11
arctic_vegetation/20230724_riparianshrub32_m3m/WILL/tile_08884.png,11
arctic_vegetation/20230724_riparianshrub32_m3m/WILL/tile_08885.png,11
arctic_vegetation/20230724_riparianshrub32_m3m/WILL/tile_08886.png,11
arctic_vegetation/20230724_riparianshrub32_m3m/WILL/tile_08887.png,11
arctic_vegetation/20230724_riparianshrub32_m3m/WILL/tile_08888.png,11
arctic_vegetation/20230724_riparianshrub32_m3m/WILL/tile_08889.png,11
arctic_vegetation/20230724_riparianshrub32_m3m/WILL/tile_08890.png,11
arctic_vegetation/20230724_riparianshrub32_m3m/WILL/tile_08891.png,11
arctic_vegetation/20230724_riparianshrub32_m3m/WILL/tile_08892.png,11
arctic_vegetation/20230724_riparianshrub32_m3m/WILL/tile_08893.png,11
arctic_vegetation/20230724_riparianshrub32_m3m/WILL/tile_09037.png,11
arctic_vegetation/20230724_riparianshrub32_m3m/WILL/tile_09038.png,11
arctic_vegetation/20230724_riparianshrub32_m3m/WILL/tile_09039.png,11
arctic_vegetation/20230724_riparianshrub32_m3m/WILL/tile_09040.png,11
arctic_vegetation/20230724_riparianshrub32_m3m/WILL/tile_09041.png,11
arctic_vegetation/20230724_riparianshrub32_m3m/WILL/tile_09042.png,11
arctic_vegetation/20230724_riparianshrub32_m3m/WILL/tile_09043.png,11
arctic_vegetation/20230724_riparianshrub32_m3m/WILL/tile_09044.png,11
arctic_vegetation/20230724_riparianshrub32_m3m/WILL/tile_09045.png,11
arctic_vegetation/20230724_riparianshrub32_m3m/WILL/tile_09046.png,11
arctic_vegetation/20230724_riparianshrub32_m3m/WILL/tile_09047.png,11
arctic_vegetation/20230724_riparianshrub32_m3m/WILL/tile_09048.png,11
arctic_vegetation/20230724_riparianshrub32_m3m/WILL/tile_09049.png,11
arctic_vegetation/20230724_riparianshrub32_m3m/WILL/tile_09050.png,11
arctic_vegetation/20230724_riparianshrub32_m3m/WILL/tile_09051.png,11
arctic_vegetation/20230724_riparianshrub32_m3m/WILL/tile_09052.png,11
arctic_vegetation/20230724_riparianshrub32_m3m/WILL/tile_09053.png,11
arctic_vegetation/20230724_riparianshrub32_m3m/WILL/tile_09054.png,11
arctic_vegetation/20230724_riparianshrub32_m3m/WILL/tile_09055.png,11
arctic_vegetation/20230724_riparianshrub32_m3m/WILL/tile_09056.png,11
arctic_vegetation/20230724_riparianshrub32_m3m/WILL/tile_09057.png,11
arctic_vegetation/20230724_riparianshrub32_m3m/WILL/tile_09058.png,11
arctic_vegetation/20230724_riparianshrub32_m3m/WILL/tile_09059.png,11
arctic_vegetation/20230724_riparianshrub32_m3m/WILL/tile_09060.png,11
arctic_vegetation/20230724_riparianshrub32_m3m/WILL/tile_09061.png,11
arctic_vegetation/20230724_riparianshrub32_m3m/WILL/tile_09062.png,11
arctic_vegetation/20230724_riparianshrub32_m3m/WILL/tile_09063.png,11
arctic_vegetation/20230724_riparianshrub32_m3m/WILL/tile_09064.png,11
arctic_vegetation/20230724_riparianshrub32_m3m/WILL/tile_09065.png,11
arctic_vegetation/20230724_riparianshrub32_m3m/WILL/tile_09066.png,11
arctic_vegetation/20230724_riparianshrub32_m3m/WILL/tile_09067.png,11
arctic_vegetation/20230724_riparianshrub32_m3m/WILL/tile_09068.png,11
arctic_vegetation/20230724_riparianshrub32_m3m/WILL/tile_09069.png,11
arctic_vegetation/20230724_riparianshrub32_m3m/WILL/tile_09070.png,11
arctic_vegetation/20230724_riparianshrub32_m3m/WILL/tile_09071.png,11
arctic_vegetation/20230724_riparianshrub32_m3m/WILL/tile_09072.png,11
arctic_vegetation/20230724_riparianshrub32_m3m/WILL/tile_09073.png,11
arctic_vegetation/20230724_riparianshrub32_m3m/WILL/tile_09074.png,11
arctic_vegetation/20230724_riparianshrub32_m3m/WILL/tile_09075.png,11
arctic_vegetation/20230724_riparianshrub32_m3m/WILL/tile_09076.png,11
arctic_vegetation/20230724_riparianshrub32_m3m/WILL/tile_09077.png,11
arctic_vegetation/20230724_riparianshrub32_m3m/WILL/tile_09078.png,11
arctic_vegetation/20230724_riparianshrub32_m3m/WILL/tile_09079.png,11
arctic_vegetation/20230724_riparianshrub32_m3m/WILL/tile_09218.png,11
arctic_vegetation/20230724_riparianshrub32_m3m/WILL/tile_09219.png,11
arctic_vegetation/20230724_riparianshrub32_m3m/WILL/tile_09220.png,11
arctic_vegetation/20230724_riparianshrub32_m3m/WILL/tile_09221.png,11
arctic_vegetation/20230724_riparianshrub32_m3m/WILL/tile_09222.png,11
arctic_vegetation/20230724_riparianshrub32_m3m/WILL/tile_09223.png,11
arctic_vegetation/20230724_riparianshrub32_m3m/WILL/tile_09224.png,11
arctic_vegetation/20230724_riparianshrub32_m3m/WILL/tile_09225.png,11
arctic_vegetation/20230724_riparianshrub32_m3m/WILL/tile_09226.png,11
arctic_vegetation/20230724_riparianshrub32_m3m/WILL/tile_09227.png,11
arctic_vegetation/20230724_riparianshrub32_m3m/WILL/tile_09228.png,11
arctic_vegetation/20230724_riparianshrub32_m3m/WILL/tile_09229.png,11
arctic_vegetation/20230724_riparianshrub32_m3m/WILL/tile_09230.png,11
arctic_vegetation/20230724_riparianshrub32_m3m/WILL/tile_09231.png,11
arctic_vegetation/20230724_riparianshrub32_m3m/WILL/tile_09232.png,11
arctic_vegetation/20230724_riparianshrub32_m3m/WILL/tile_09233.png,11
arctic_vegetation/20230724_riparianshrub32_m3m/WILL/tile_09234.png,11
arctic_vegetation/20230724_riparianshrub32_m3m/WILL/tile_09235.png,11
arctic_vegetation/20230724_riparianshrub32_m3m/WILL/tile_09236.png,11
arctic_vegetation/20230724_riparianshrub32_m3m/WILL/tile_09237.png,11
arctic_vegetation/20230724_riparianshrub32_m3m/WILL/tile_09238.png,11
arctic_vegetation/20230724_riparianshrub32_m3m/WILL/tile_09239.png,11
arctic_vegetation/20230724_riparianshrub32_m3m/WILL/tile_09240.png,11
arctic_vegetation/20230724_riparianshrub32_m3m/WILL/tile_09241.png,11
arctic_vegetation/20230724_riparianshrub32_m3m/WILL/tile_09242.png,11
arctic_vegetation/20230724_riparianshrub32_m3m/WILL/tile_09243.png,11
arctic_vegetation/20230724_riparianshrub32_m3m/WILL/tile_09244.png,11
arctic_vegetation/20230724_riparianshrub32_m3m/WILL/tile_09245.png,11
arctic_vegetation/20230724_riparianshrub32_m3m/WILL/tile_09246.png,11
arctic_vegetation/20230724_riparianshrub32_m3m/WILL/tile_09247.png,11
arctic_vegetation/20230724_riparianshrub32_m3m/WILL/tile_09248.png,11
arctic_vegetation/20230724_riparianshrub32_m3m/WILL/tile_09249.png,11
arctic_vegetation/20230724_riparianshrub32_m3m/WILL/tile_09250.png,11
arctic_vegetation/20230724_riparianshrub32_m3m/WILL/tile_09251.png,11
arctic_vegetation/20230724_riparianshrub32_m3m/WILL/tile_09252.png,11
arctic_vegetation/20230724_riparianshrub32_m3m/WILL/tile_09253.png,11
arctic_vegetation/20230724_riparianshrub32_m3m/WILL/tile_09254.png,11
arctic_vegetation/20230724_riparianshrub32_m3m/WILL/tile_09255.png,11
arctic_vegetation/20230724_riparianshrub32_m3m/WILL/tile_09256.png,11
arctic_vegetation/20230724_riparianshrub32_m3m/WILL/tile_09257.png,11
arctic_vegetation/20230724_riparianshrub32_m3m/WILL/tile_09258.png,11
arctic_vegetation/20230724_riparianshrub32_m3m/WILL/tile_09259.png,11
arctic_vegetation/20230724_riparianshrub32_m3m/WILL/tile_09398.png,11
arctic_vegetation/20230724_riparianshrub32_m3m/WILL/tile_09399.png,11
arctic_vegetation/20230724_riparianshrub32_m3m/WILL/tile_09400.png,11
arctic_vegetation/20230724_riparianshrub32_m3m/WILL/tile_09401.png,11
arctic_vegetation/20230724_riparianshrub32_m3m/WILL/tile_09402.png,11
arctic_vegetation/20230724_riparianshrub32_m3m/WILL/tile_09403.png,11
arctic_vegetation/20230724_riparianshrub32_m3m/WILL/tile_09404.png,11
arctic_vegetation/20230724_riparianshrub32_m3m/WILL/tile_09405.png,11
arctic_vegetation/20230724_riparianshrub32_m3m/WILL/tile_09406.png,11
arctic_vegetation/20230724_riparianshrub32_m3m/WILL/tile_09407.png,11
arctic_vegetation/20230724_riparianshrub32_m3m/WILL/tile_09408.png,11
arctic_vegetation/20230724_riparianshrub32_m3m/WILL/tile_09409.png,11
arctic_vegetation/20230724_riparianshrub32_m3m/WILL/tile_09410.png,11
arctic_vegetation/20230724_riparianshrub32_m3m/WILL/tile_09411.png,11
arctic_vegetation/20230724_riparianshrub32_m3m/WILL/tile_09412.png,11
arctic_vegetation/20230724_riparianshrub32_m3m/WILL/tile_09413.png,11
arctic_vegetation/20230724_riparianshrub32_m3m/WILL/tile_09414.png,11
arctic_vegetation/20230724_riparianshrub32_m3m/WILL/tile_09415.png,11
arctic_vegetation/20230724_riparianshrub32_m3m/WILL/tile_09416.png,11
arctic_vegetation/20230724_riparianshrub32_m3m/WILL/tile_09417.png,11
arctic_vegetation/20230724_riparianshrub32_m3m/WILL/tile_09418.png,11
arctic_vegetation/20230724_riparianshrub32_m3m/WILL/tile_09419.png,11
arctic_vegetation/20230724_riparianshrub32_m3m/WILL/tile_09420.png,11
arctic_vegetation/20230724_riparianshrub32_m3m/WILL/tile_09421.png,11
arctic_vegetation/20230724_riparianshrub32_m3m/WILL/tile_09422.png,11
arctic_vegetation/20230724_riparianshrub32_m3m/WILL/tile_09423.png,11
arctic_vegetation/20230724_riparianshrub32_m3m/WILL/tile_09424.png,11
arctic_vegetation/20230724_riparianshrub32_m3m/WILL/tile_09425.png,11
arctic_vegetation/20230724_riparianshrub32_m3m/WILL/tile_09426.png,11
arctic_vegetation/20230724_riparianshrub32_m3m/WILL/tile_09427.png,11
arctic_vegetation/20230724_riparianshrub32_m3m/WILL/tile_09428.png,11
arctic_vegetation/20230724_riparianshrub32_m3m/WILL/tile_09429.png,11
arctic_vegetation/20230724_riparianshrub32_m3m/WILL/tile_09430.png,11
arctic_vegetation/20230724_riparianshrub32_m3m/WILL/tile_09431.png,11
arctic_vegetation/20230724_riparianshrub32_m3m/WILL/tile_09432.png,11
arctic_vegetation/20230724_riparianshrub32_m3m/WILL/tile_09433.png,11
arctic_vegetation/20230724_riparianshrub32_m3m/WILL/tile_09434.png,11
arctic_vegetation/20230724_riparianshrub32_m3m/WILL/tile_09435.png,11
arctic_vegetation/20230724_riparianshrub32_m3m/WILL/tile_09436.png,11
arctic_vegetation/20230724_riparianshrub32_m3m/WILL/tile_09437.png,11
arctic_vegetation/20230724_riparianshrub32_m3m/WILL/tile_09438.png,11
arctic_vegetation/20230724_riparianshrub32_m3m/WILL/tile_09439.png,11
arctic_vegetation/20230724_riparianshrub32_m3m/WILL/tile_09578.png,11
arctic_vegetation/20230724_riparianshrub32_m3m/WILL/tile_09579.png,11
arctic_vegetation/20230724_riparianshrub32_m3m/WILL/tile_09580.png,11
arctic_vegetation/20230724_riparianshrub32_m3m/WILL/tile_09581.png,11
arctic_vegetation/20230724_riparianshrub32_m3m/WILL/tile_09582.png,11
arctic_vegetation/20230724_riparianshrub32_m3m/WILL/tile_09583.png,11
arctic_vegetation/20230724_riparianshrub32_m3m/WILL/tile_09584.png,11
arctic_vegetation/20230724_riparianshrub32_m3m/WILL/tile_09585.png,11
arctic_vegetation/20230724_riparianshrub32_m3m/WILL/tile_09586.png,11
arctic_vegetation/20230724_riparianshrub32_m3m/WILL/tile_09587.png,11
arctic_vegetation/20230724_riparianshrub32_m3m/WILL/tile_09588.png,11
arctic_vegetation/20230724_riparianshrub32_m3m/WILL/tile_09589.png,11
arctic_vegetation/20230724_riparianshrub32_m3m/WILL/tile_09590.png,11
arctic_vegetation/20230724_riparianshrub32_m3m/WILL/tile_09591.png,11
arctic_vegetation/20230724_riparianshrub32_m3m/WILL/tile_09592.png,11
arctic_vegetation/20230724_riparianshrub32_m3m/WILL/tile_09593.png,11
arctic_vegetation/20230724_riparianshrub32_m3m/WILL/tile_09594.png,11
arctic_vegetation/20230724_riparianshrub32_m3m/WILL/tile_09595.png,11
arctic_vegetation/20230724_riparianshrub32_m3m/WILL/tile_09596.png,11
arctic_vegetation/20230724_riparianshrub32_m3m/WILL/tile_09597.png,11
arctic_vegetation/20230724_riparianshrub32_m3m/WILL/tile_09598.png,11
arctic_vegetation/20230724_riparianshrub32_m3m/WILL/tile_09599.png,11
arctic_vegetation/20230724_riparianshrub32_m3m/WILL/tile_09600.png,11
arctic_vegetation/20230724_riparianshrub32_m3m/WILL/tile_09601.png,11
arctic_vegetation/20230724_riparianshrub32_m3m/WILL/tile_09602.png,11
arctic_vegetation/20230724_riparianshrub32_m3m/WILL/tile_09603.png,11
arctic_vegetation/20230724_riparianshrub32_m3m/WILL/tile_09604.png,11
arctic_vegetation/20230724_riparianshrub32_m3m/WILL/tile_09605.png,11
arctic_vegetation/20230724_riparianshrub32_m3m/WILL/tile_09606.png,11
arctic_vegetation/20230724_riparianshrub32_m3m/WILL/tile_09607.png,11
arctic_vegetation/20230724_riparianshrub32_m3m/WILL/tile_09608.png,11
arctic_vegetation/20230724_riparianshrub32_m3m/ALDE/tile_09609.png,0
arctic_vegetation/20230724_riparianshrub32_m3m/ALDE/tile_09610.png,0
arctic_vegetation/20230724_riparianshrub32_m3m/ALDE/tile_09611.png,0
arctic_vegetation/20230724_riparianshrub32_m3m/ALDE/tile_09612.png,0
arctic_vegetation/20230724_riparianshrub32_m3m/ALDE/tile_09613.png,0
arctic_vegetation/20230724_riparianshrub32_m3m/WILL/tile_09614.png,11
arctic_vegetation/20230724_riparianshrub32_m3m/WILL/tile_09615.png,11
arctic_vegetation/20230724_riparianshrub32_m3m/WILL/tile_09616.png,11
arctic_vegetation/20230724_riparianshrub32_m3m/WILL/tile_09617.png,11
arctic_vegetation/20230724_riparianshrub32_m3m/WILL/tile_09618.png,11
arctic_vegetation/20230724_riparianshrub32_m3m/WILL/tile_09619.png,11
arctic_vegetation/20230724_riparianshrub32_m3m/MOSS/tile_09641.png,5
arctic_vegetation/20230724_riparianshrub32_m3m/MOSS/tile_09642.png,5
arctic_vegetation/20230724_riparianshrub32_m3m/WILL/tile_09759.png,11
arctic_vegetation/20230724_riparianshrub32_m3m/WILL/tile_09760.png,11
arctic_vegetation/20230724_riparianshrub32_m3m/WILL/tile_09761.png,11
arctic_vegetation/20230724_riparianshrub32_m3m/WILL/tile_09762.png,11
arctic_vegetation/20230724_riparianshrub32_m3m/WILL/tile_09763.png,11
arctic_vegetation/20230724_riparianshrub32_m3m/WILL/tile_09764.png,11
arctic_vegetation/20230724_riparianshrub32_m3m/WILL/tile_09765.png,11
arctic_vegetation/20230724_riparianshrub32_m3m/WILL/tile_09766.png,11
arctic_vegetation/20230724_riparianshrub32_m3m/WILL/tile_09767.png,11
arctic_vegetation/20230724_riparianshrub32_m3m/WILL/tile_09768.png,11
arctic_vegetation/20230724_riparianshrub32_m3m/WILL/tile_09769.png,11
arctic_vegetation/20230724_riparianshrub32_m3m/WILL/tile_09770.png,11
arctic_vegetation/20230724_riparianshrub32_m3m/WILL/tile_09771.png,11
arctic_vegetation/20230724_riparianshrub32_m3m/WILL/tile_09772.png,11
arctic_vegetation/20230724_riparianshrub32_m3m/WILL/tile_09773.png,11
arctic_vegetation/20230724_riparianshrub32_m3m/WILL/tile_09774.png,11
arctic_vegetation/20230724_riparianshrub32_m3m/WILL/tile_09775.png,11
arctic_vegetation/20230724_riparianshrub32_m3m/WILL/tile_09776.png,11
arctic_vegetation/20230724_riparianshrub32_m3m/WILL/tile_09777.png,11
arctic_vegetation/20230724_riparianshrub32_m3m/WILL/tile_09778.png,11
arctic_vegetation/20230724_riparianshrub32_m3m/WILL/tile_09779.png,11
arctic_vegetation/20230724_riparianshrub32_m3m/WILL/tile_09780.png,11
arctic_vegetation/20230724_riparianshrub32_m3m/WILL/tile_09781.png,11
arctic_vegetation/20230724_riparianshrub32_m3m/WILL/tile_09782.png,11
arctic_vegetation/20230724_riparianshrub32_m3m/WILL/tile_09783.png,11
arctic_vegetation/20230724_riparianshrub32_m3m/WILL/tile_09784.png,11
arctic_vegetation/20230724_riparianshrub32_m3m/WILL/tile_09785.png,11
arctic_vegetation/20230724_riparianshrub32_m3m/WILL/tile_09786.png,11
arctic_vegetation/20230724_riparianshrub32_m3m/WILL/tile_09787.png,11
arctic_vegetation/20230724_riparianshrub32_m3m/ALDE/tile_09788.png,0
arctic_vegetation/20230724_riparianshrub32_m3m/ALDE/tile_09789.png,0
arctic_vegetation/20230724_riparianshrub32_m3m/ALDE/tile_09790.png,0
arctic_vegetation/20230724_riparianshrub32_m3m/ALDE/tile_09791.png,0
arctic_vegetation/20230724_riparianshrub32_m3m/ALDE/tile_09792.png,0
arctic_vegetation/20230724_riparianshrub32_m3m/WILL/tile_09793.png,11
arctic_vegetation/20230724_riparianshrub32_m3m/ALDE/tile_09794.png,0
arctic_vegetation/20230724_riparianshrub32_m3m/ALDE/tile_09795.png,0
arctic_vegetation/20230724_riparianshrub32_m3m/ALDE/tile_09796.png,0
arctic_vegetation/20230724_riparianshrub32_m3m/ALDE/tile_09797.png,0
arctic_vegetation/20230724_riparianshrub32_m3m/ALDE/tile_09798.png,0
arctic_vegetation/20230724_riparianshrub32_m3m/ALDE/tile_09799.png,0
arctic_vegetation/20230724_riparianshrub32_m3m/ALDE/tile_09800.png,0
arctic_vegetation/20230724_riparianshrub32_m3m/MOSS/tile_09820.png,5
arctic_vegetation/20230724_riparianshrub32_m3m/MOSS/tile_09821.png,5
arctic_vegetation/20230724_riparianshrub32_m3m/MOSS/tile_09822.png,5
arctic_vegetation/20230724_riparianshrub32_m3m/WILL/tile_09938.png,11
arctic_vegetation/20230724_riparianshrub32_m3m/WILL/tile_09939.png,11
arctic_vegetation/20230724_riparianshrub32_m3m/WILL/tile_09940.png,11
arctic_vegetation/20230724_riparianshrub32_m3m/WILL/tile_09941.png,11
arctic_vegetation/20230724_riparianshrub32_m3m/WILL/tile_09942.png,11
arctic_vegetation/20230724_riparianshrub32_m3m/WILL/tile_09943.png,11
arctic_vegetation/20230724_riparianshrub32_m3m/WILL/tile_09944.png,11
arctic_vegetation/20230724_riparianshrub32_m3m/WILL/tile_09945.png,11
arctic_vegetation/20230724_riparianshrub32_m3m/WILL/tile_09946.png,11
arctic_vegetation/20230724_riparianshrub32_m3m/WILL/tile_09947.png,11
arctic_vegetation/20230724_riparianshrub32_m3m/WILL/tile_09948.png,11
arctic_vegetation/20230724_riparianshrub32_m3m/WILL/tile_09949.png,11
arctic_vegetation/20230724_riparianshrub32_m3m/WILL/tile_09950.png,11
arctic_vegetation/20230724_riparianshrub32_m3m/WILL/tile_09951.png,11
arctic_vegetation/20230724_riparianshrub32_m3m/WILL/tile_09952.png,11
arctic_vegetation/20230724_riparianshrub32_m3m/WILL/tile_09953.png,11
arctic_vegetation/20230724_riparianshrub32_m3m/WILL/tile_09954.png,11
arctic_vegetation/20230724_riparianshrub32_m3m/WILL/tile_09955.png,11
arctic_vegetation/20230724_riparianshrub32_m3m/WILL/tile_09956.png,11
arctic_vegetation/20230724_riparianshrub32_m3m/WILL/tile_09957.png,11
arctic_vegetation/20230724_riparianshrub32_m3m/WILL/tile_09958.png,11
arctic_vegetation/20230724_riparianshrub32_m3m/WILL/tile_09959.png,11
arctic_vegetation/20230724_riparianshrub32_m3m/WILL/tile_09960.png,11
arctic_vegetation/20230724_riparianshrub32_m3m/WILL/tile_09961.png,11
arctic_vegetation/20230724_riparianshrub32_m3m/WILL/tile_09962.png,11
arctic_vegetation/20230724_riparianshrub32_m3m/WILL/tile_09963.png,11
arctic_vegetation/20230724_riparianshrub32_m3m/WILL/tile_09964.png,11
arctic_vegetation/20230724_riparianshrub32_m3m/WILL/tile_09965.png,11
arctic_vegetation/20230724_riparianshrub32_m3m/WILL/tile_09966.png,11
arctic_vegetation/20230724_riparianshrub32_m3m/ALDE/tile_09967.png,0
arctic_vegetation/20230724_riparianshrub32_m3m/ALDE/tile_09968.png,0
arctic_vegetation/20230724_riparianshrub32_m3m/WILL/tile_09969.png,11
arctic_vegetation/20230724_riparianshrub32_m3m/WILL/tile_09970.png,11
arctic_vegetation/20230724_riparianshrub32_m3m/ALDE/tile_09971.png,0
arctic_vegetation/20230724_riparianshrub32_m3m/WILL/tile_09972.png,11
arctic_vegetation/20230724_riparianshrub32_m3m/ALDE/tile_09973.png,0
arctic_vegetation/20230724_riparianshrub32_m3m/ALDE/tile_09974.png,0
arctic_vegetation/20230724_riparianshrub32_m3m/ALDE/tile_09975.png,0
arctic_vegetation/20230724_riparianshrub32_m3m/ALDE/tile_09976.png,0
arctic_vegetation/20230724_riparianshrub32_m3m/ALDE/tile_09977.png,0
arctic_vegetation/20230724_riparianshrub32_m3m/ALDE/tile_09978.png,0
arctic_vegetation/20230724_riparianshrub32_m3m/ALDE/tile_09979.png,0
arctic_vegetation/20230724_riparianshrub32_m3m/MOSS/tile_09999.png,5
arctic_vegetation/20230724_riparianshrub32_m3m/MOSS/tile_10000.png,5
arctic_vegetation/20230724_riparianshrub32_m3m/MOSS/tile_10001.png,5
arctic_vegetation/20230724_riparianshrub32_m3m/WILL/tile_10117.png,11
arctic_vegetation/20230724_riparianshrub32_m3m/WILL/tile_10118.png,11
arctic_vegetation/20230724_riparianshrub32_m3m/WILL/tile_10119.png,11
arctic_vegetation/20230724_riparianshrub32_m3m/WILL/tile_10120.png,11
arctic_vegetation/20230724_riparianshrub32_m3m/WILL/tile_10121.png,11
arctic_vegetation/20230724_riparianshrub32_m3m/WILL/tile_10122.png,11
arctic_vegetation/20230724_riparianshrub32_m3m/WILL/tile_10123.png,11
arctic_vegetation/20230724_riparianshrub32_m3m/WILL/tile_10124.png,11
arctic_vegetation/20230724_riparianshrub32_m3m/WILL/tile_10125.png,11
arctic_vegetation/20230724_riparianshrub32_m3m/WILL/tile_10126.png,11
arctic_vegetation/20230724_riparianshrub32_m3m/WILL/tile_10127.png,11
arctic_vegetation/20230724_riparianshrub32_m3m/WILL/tile_10128.png,11
arctic_vegetation/20230724_riparianshrub32_m3m/WILL/tile_10129.png,11
arctic_vegetation/20230724_riparianshrub32_m3m/WILL/tile_10130.png,11
arctic_vegetation/20230724_riparianshrub32_m3m/WILL/tile_10131.png,11
arctic_vegetation/20230724_riparianshrub32_m3m/WILL/tile_10132.png,11
arctic_vegetation/20230724_riparianshrub32_m3m/WILL/tile_10133.png,11
arctic_vegetation/20230724_riparianshrub32_m3m/WILL/tile_10134.png,11
arctic_vegetation/20230724_riparianshrub32_m3m/WILL/tile_10135.png,11
arctic_vegetation/20230724_riparianshrub32_m3m/WILL/tile_10136.png,11
arctic_vegetation/20230724_riparianshrub32_m3m/WILL/tile_10137.png,11
arctic_vegetation/20230724_riparianshrub32_m3m/WILL/tile_10138.png,11
arctic_vegetation/20230724_riparianshrub32_m3m/WILL/tile_10139.png,11
arctic_vegetation/20230724_riparianshrub32_m3m/WILL/tile_10140.png,11
arctic_vegetation/20230724_riparianshrub32_m3m/WILL/tile_10141.png,11
arctic_vegetation/20230724_riparianshrub32_m3m/WILL/tile_10142.png,11
arctic_vegetation/20230724_riparianshrub32_m3m/WILL/tile_10143.png,11
arctic_vegetation/20230724_riparianshrub32_m3m/WILL/tile_10144.png,11
arctic_vegetation/20230724_riparianshrub32_m3m/WILL/tile_10145.png,11
arctic_vegetation/20230724_riparianshrub32_m3m/WILL/tile_10146.png,11
arctic_vegetation/20230724_riparianshrub32_m3m/ALDE/tile_10147.png,0
arctic_vegetation/20230724_riparianshrub32_m3m/WILL/tile_10148.png,11
arctic_vegetation/20230724_riparianshrub32_m3m/WILL/tile_10149.png,11
arctic_vegetation/20230724_riparianshrub32_m3m/ALDE/tile_10150.png,0
arctic_vegetation/20230724_riparianshrub32_m3m/WILL/tile_10151.png,11
arctic_vegetation/20230724_riparianshrub32_m3m/ALDE/tile_10152.png,0
arctic_vegetation/20230724_riparianshrub32_m3m/ALDE/tile_10153.png,0
arctic_vegetation/20230724_riparianshrub32_m3m/ALDE/tile_10154.png,0
arctic_vegetation/20230724_riparianshrub32_m3m/ALDE/tile_10155.png,0
arctic_vegetation/20230724_riparianshrub32_m3m/ALDE/tile_10156.png,0
arctic_vegetation/20230724_riparianshrub32_m3m/ALDE/tile_10157.png,0
arctic_vegetation/20230724_riparianshrub32_m3m/ALDE/tile_10158.png,0
arctic_vegetation/20230724_riparianshrub32_m3m/MOSS/tile_10183.png,5
arctic_vegetation/20230724_riparianshrub32_m3m/MOSS/tile_10184.png,5
arctic_vegetation/20230724_riparianshrub32_m3m/WILL/tile_10296.png,11
arctic_vegetation/20230724_riparianshrub32_m3m/WILL/tile_10297.png,11
arctic_vegetation/20230724_riparianshrub32_m3m/WILL/tile_10298.png,11
arctic_vegetation/20230724_riparianshrub32_m3m/WILL/tile_10299.png,11
arctic_vegetation/20230724_riparianshrub32_m3m/WILL/tile_10300.png,11
arctic_vegetation/20230724_riparianshrub32_m3m/WILL/tile_10301.png,11
arctic_vegetation/20230724_riparianshrub32_m3m/WILL/tile_10302.png,11
arctic_vegetation/20230724_riparianshrub32_m3m/WILL/tile_10303.png,11
arctic_vegetation/20230724_riparianshrub32_m3m/WILL/tile_10304.png,11
arctic_vegetation/20230724_riparianshrub32_m3m/WILL/tile_10305.png,11
arctic_vegetation/20230724_riparianshrub32_m3m/WILL/tile_10306.png,11
arctic_vegetation/20230724_riparianshrub32_m3m/WILL/tile_10307.png,11
arctic_vegetation/20230724_riparianshrub32_m3m/WILL/tile_10308.png,11
arctic_vegetation/20230724_riparianshrub32_m3m/WILL/tile_10309.png,11
arctic_vegetation/20230724_riparianshrub32_m3m/WILL/tile_10310.png,11
arctic_vegetation/20230724_riparianshrub32_m3m/WILL/tile_10311.png,11
arctic_vegetation/20230724_riparianshrub32_m3m/WILL/tile_10312.png,11
arctic_vegetation/20230724_riparianshrub32_m3m/WILL/tile_10313.png,11
arctic_vegetation/20230724_riparianshrub32_m3m/WILL/tile_10314.png,11
arctic_vegetation/20230724_riparianshrub32_m3m/WILL/tile_10315.png,11
arctic_vegetation/20230724_riparianshrub32_m3m/WILL/tile_10316.png,11
arctic_vegetation/20230724_riparianshrub32_m3m/WILL/tile_10317.png,11
arctic_vegetation/20230724_riparianshrub32_m3m/WILL/tile_10318.png,11
arctic_vegetation/20230724_riparianshrub32_m3m/WILL/tile_10319.png,11
arctic_vegetation/20230724_riparianshrub32_m3m/WILL/tile_10320.png,11
arctic_vegetation/20230724_riparianshrub32_m3m/WILL/tile_10321.png,11
arctic_vegetation/20230724_riparianshrub32_m3m/WILL/tile_10322.png,11
arctic_vegetation/20230724_riparianshrub32_m3m/WILL/tile_10323.png,11
arctic_vegetation/20230724_riparianshrub32_m3m/WILL/tile_10324.png,11
arctic_vegetation/20230724_riparianshrub32_m3m/WILL/tile_10325.png,11
arctic_vegetation/20230724_riparianshrub32_m3m/ALDE/tile_10326.png,0
arctic_vegetation/20230724_riparianshrub32_m3m/WILL/tile_10327.png,11
arctic_vegetation/20230724_riparianshrub32_m3m/WILL/tile_10328.png,11
arctic_vegetation/20230724_riparianshrub32_m3m/WILL/tile_10329.png,11
arctic_vegetation/20230724_riparianshrub32_m3m/WILL/tile_10330.png,11
arctic_vegetation/20230724_riparianshrub32_m3m/WILL/tile_10331.png,11
arctic_vegetation/20230724_riparianshrub32_m3m/ALDE/tile_10333.png,0
arctic_vegetation/20230724_riparianshrub32_m3m/ALDE/tile_10334.png,0
arctic_vegetation/20230724_riparianshrub32_m3m/ALDE/tile_10335.png,0
arctic_vegetation/20230724_riparianshrub32_m3m/ALDE/tile_10336.png,0
arctic_vegetation/20230724_riparianshrub32_m3m/MOSS/tile_10353.png,5
arctic_vegetation/20230724_riparianshrub32_m3m/MOSS/tile_10354.png,5
arctic_vegetation/20230724_riparianshrub32_m3m/MOSS/tile_10355.png,5
arctic_vegetation/20230724_riparianshrub32_m3m/MOSS/tile_10359.png,5
arctic_vegetation/20230724_riparianshrub32_m3m/MOSS/tile_10360.png,5
arctic_vegetation/20230724_riparianshrub32_m3m/MOSS/tile_10361.png,5
arctic_vegetation/20230724_riparianshrub32_m3m/MOSS/tile_10362.png,5
arctic_vegetation/20230724_riparianshrub32_m3m/MOSS/tile_10363.png,5
arctic_vegetation/20230724_riparianshrub32_m3m/WILL/tile_10479.png,11
arctic_vegetation/20230724_riparianshrub32_m3m/WILL/tile_10480.png,11
arctic_vegetation/20230724_riparianshrub32_m3m/WILL/tile_10481.png,11
arctic_vegetation/20230724_riparianshrub32_m3m/WILL/tile_10482.png,11
arctic_vegetation/20230724_riparianshrub32_m3m/WILL/tile_10483.png,11
arctic_vegetation/20230724_riparianshrub32_m3m/WILL/tile_10484.png,11
arctic_vegetation/20230724_riparianshrub32_m3m/WILL/tile_10485.png,11
arctic_vegetation/20230724_riparianshrub32_m3m/WILL/tile_10486.png,11
arctic_vegetation/20230724_riparianshrub32_m3m/ALDE/tile_10489.png,0
arctic_vegetation/20230724_riparianshrub32_m3m/ALDE/tile_10490.png,0
arctic_vegetation/20230724_riparianshrub32_m3m/ALDE/tile_10491.png,0
arctic_vegetation/20230724_riparianshrub32_m3m/WILL/tile_10492.png,11
arctic_vegetation/20230724_riparianshrub32_m3m/WILL/tile_10493.png,11
arctic_vegetation/20230724_riparianshrub32_m3m/WILL/tile_10494.png,11
arctic_vegetation/20230724_riparianshrub32_m3m/WILL/tile_10495.png,11
arctic_vegetation/20230724_riparianshrub32_m3m/WILL/tile_10496.png,11
arctic_vegetation/20230724_riparianshrub32_m3m/WILL/tile_10497.png,11
arctic_vegetation/20230724_riparianshrub32_m3m/WILL/tile_10498.png,11
arctic_vegetation/20230724_riparianshrub32_m3m/WILL/tile_10499.png,11
arctic_vegetation/20230724_riparianshrub32_m3m/WILL/tile_10500.png,11
arctic_vegetation/20230724_riparianshrub32_m3m/WILL/tile_10501.png,11
arctic_vegetation/20230724_riparianshrub32_m3m/WILL/tile_10502.png,11
arctic_vegetation/20230724_riparianshrub32_m3m/WILL/tile_10503.png,11
arctic_vegetation/20230724_riparianshrub32_m3m/WILL/tile_10504.png,11
arctic_vegetation/20230724_riparianshrub32_m3m/WILL/tile_10505.png,11
arctic_vegetation/20230724_riparianshrub32_m3m/WILL/tile_10506.png,11
arctic_vegetation/20230724_riparianshrub32_m3m/WILL/tile_10507.png,11
arctic_vegetation/20230724_riparianshrub32_m3m/WILL/tile_10508.png,11
arctic_vegetation/20230724_riparianshrub32_m3m/WILL/tile_10509.png,11
arctic_vegetation/20230724_riparianshrub32_m3m/WILL/tile_10510.png,11
arctic_vegetation/20230724_riparianshrub32_m3m/WILL/tile_10511.png,11
arctic_vegetation/20230724_riparianshrub32_m3m/WILL/tile_10512.png,11
arctic_vegetation/20230724_riparianshrub32_m3m/WILL/tile_10513.png,11
arctic_vegetation/20230724_riparianshrub32_m3m/WILL/tile_10514.png,11
arctic_vegetation/20230724_riparianshrub32_m3m/WILL/tile_10515.png,11
arctic_vegetation/20230724_riparianshrub32_m3m/WILL/tile_10516.png,11
arctic_vegetation/20230724_riparianshrub32_m3m/WILL/tile_10517.png,11
arctic_vegetation/20230724_riparianshrub32_m3m/WILL/tile_10518.png,11
arctic_vegetation/20230724_riparianshrub32_m3m/WILL/tile_10519.png,11
arctic_vegetation/20230724_riparianshrub32_m3m/WILL/tile_10520.png,11
arctic_vegetation/20230724_riparianshrub32_m3m/WILL/tile_10521.png,11
arctic_vegetation/20230724_riparianshrub32_m3m/WILL/tile_10522.png,11
arctic_vegetation/20230724_riparianshrub32_m3m/WILL/tile_10523.png,11
arctic_vegetation/20230724_riparianshrub32_m3m/MOSS/tile_10532.png,5
arctic_vegetation/20230724_riparianshrub32_m3m/MOSS/tile_10533.png,5
arctic_vegetation/20230724_riparianshrub32_m3m/MOSS/tile_10534.png,5
arctic_vegetation/20230724_riparianshrub32_m3m/MOSS/tile_10535.png,5
arctic_vegetation/20230724_riparianshrub32_m3m/MOSS/tile_10539.png,5
arctic_vegetation/20230724_riparianshrub32_m3m/MOSS/tile_10540.png,5
arctic_vegetation/20230724_riparianshrub32_m3m/MOSS/tile_10541.png,5
arctic_vegetation/20230724_riparianshrub32_m3m/MOSS/tile_10542.png,5
arctic_vegetation/20230724_riparianshrub32_m3m/MOSS/tile_10543.png,5
arctic_vegetation/20230724_riparianshrub32_m3m/WILL/tile_10659.png,11
arctic_vegetation/20230724_riparianshrub32_m3m/WILL/tile_10660.png,11
arctic_vegetation/20230724_riparianshrub32_m3m/WILL/tile_10661.png,11
arctic_vegetation/20230724_riparianshrub32_m3m/WILL/tile_10662.png,11
arctic_vegetation/20230724_riparianshrub32_m3m/WILL/tile_10663.png,11
arctic_vegetation/20230724_riparianshrub32_m3m/WILL/tile_10664.png,11
arctic_vegetation/20230724_riparianshrub32_m3m/WILL/tile_10665.png,11
arctic_vegetation/20230724_riparianshrub32_m3m/WILL/tile_10666.png,11
arctic_vegetation/20230724_riparianshrub32_m3m/ALDE/tile_10669.png,0
arctic_vegetation/20230724_riparianshrub32_m3m/ALDE/tile_10670.png,0
arctic_vegetation/20230724_riparianshrub32_m3m/ALDE/tile_10671.png,0
arctic_vegetation/20230724_riparianshrub32_m3m/WILL/tile_10672.png,11
arctic_vegetation/20230724_riparianshrub32_m3m/WILL/tile_10673.png,11
arctic_vegetation/20230724_riparianshrub32_m3m/WILL/tile_10674.png,11
arctic_vegetation/20230724_riparianshrub32_m3m/WILL/tile_10675.png,11
arctic_vegetation/20230724_riparianshrub32_m3m/WILL/tile_10676.png,11
arctic_vegetation/20230724_riparianshrub32_m3m/WILL/tile_10677.png,11
arctic_vegetation/20230724_riparianshrub32_m3m/WILL/tile_10678.png,11
arctic_vegetation/20230724_riparianshrub32_m3m/WILL/tile_10679.png,11
arctic_vegetation/20230724_riparianshrub32_m3m/WILL/tile_10680.png,11
arctic_vegetation/20230724_riparianshrub32_m3m/WILL/tile_10681.png,11
arctic_vegetation/20230724_riparianshrub32_m3m/WILL/tile_10682.png,11
arctic_vegetation/20230724_riparianshrub32_m3m/WILL/tile_10683.png,11
arctic_vegetation/20230724_riparianshrub32_m3m/WILL/tile_10684.png,11
arctic_vegetation/20230724_riparianshrub32_m3m/WILL/tile_10685.png,11
arctic_vegetation/20230724_riparianshrub32_m3m/WILL/tile_10686.png,11
arctic_vegetation/20230724_riparianshrub32_m3m/WILL/tile_10687.png,11
arctic_vegetation/20230724_riparianshrub32_m3m/WILL/tile_10688.png,11
arctic_vegetation/20230724_riparianshrub32_m3m/WILL/tile_10689.png,11
arctic_vegetation/20230724_riparianshrub32_m3m/WILL/tile_10690.png,11
arctic_vegetation/20230724_riparianshrub32_m3m/WILL/tile_10691.png,11
arctic_vegetation/20230724_riparianshrub32_m3m/WILL/tile_10692.png,11
arctic_vegetation/20230724_riparianshrub32_m3m/WILL/tile_10693.png,11
arctic_vegetation/20230724_riparianshrub32_m3m/WILL/tile_10694.png,11
arctic_vegetation/20230724_riparianshrub32_m3m/WILL/tile_10695.png,11
arctic_vegetation/20230724_riparianshrub32_m3m/WILL/tile_10696.png,11
arctic_vegetation/20230724_riparianshrub32_m3m/WILL/tile_10697.png,11
arctic_vegetation/20230724_riparianshrub32_m3m/WILL/tile_10698.png,11
arctic_vegetation/20230724_riparianshrub32_m3m/WILL/tile_10699.png,11
arctic_vegetation/20230724_riparianshrub32_m3m/WILL/tile_10700.png,11
arctic_vegetation/20230724_riparianshrub32_m3m/WILL/tile_10701.png,11
arctic_vegetation/20230724_riparianshrub32_m3m/WILL/tile_10702.png,11
arctic_vegetation/20230724_riparianshrub32_m3m/WILL/tile_10703.png,11
arctic_vegetation/20230724_riparianshrub32_m3m/WILL/tile_10705.png,11
arctic_vegetation/20230724_riparianshrub32_m3m/WILL/tile_10706.png,11
arctic_vegetation/20230724_riparianshrub32_m3m/WILL/tile_10707.png,11
arctic_vegetation/20230724_riparianshrub32_m3m/WILL/tile_10708.png,11
arctic_vegetation/20230724_riparianshrub32_m3m/MOSS/tile_10711.png,5
arctic_vegetation/20230724_riparianshrub32_m3m/MOSS/tile_10712.png,5
arctic_vegetation/20230724_riparianshrub32_m3m/MOSS/tile_10713.png,5
arctic_vegetation/20230724_riparianshrub32_m3m/MOSS/tile_10714.png,5
arctic_vegetation/20230724_riparianshrub32_m3m/MOSS/tile_10715.png,5
arctic_vegetation/20230724_riparianshrub32_m3m/MOSS/tile_10722.png,5
arctic_vegetation/20230724_riparianshrub32_m3m/MOSS/tile_10723.png,5
arctic_vegetation/20230724_riparianshrub32_m3m/WILL/tile_10839.png,11
arctic_vegetation/20230724_riparianshrub32_m3m/WILL/tile_10840.png,11
arctic_vegetation/20230724_riparianshrub32_m3m/WILL/tile_10841.png,11
arctic_vegetation/20230724_riparianshrub32_m3m/WILL/tile_10842.png,11
arctic_vegetation/20230724_riparianshrub32_m3m/WILL/tile_10843.png,11
arctic_vegetation/20230724_riparianshrub32_m3m/WILL/tile_10844.png,11
arctic_vegetation/20230724_riparianshrub32_m3m/WILL/tile_10845.png,11
arctic_vegetation/20230724_riparianshrub32_m3m/WILL/tile_10846.png,11
arctic_vegetation/20230724_riparianshrub32_m3m/ALDE/tile_10849.png,0
arctic_vegetation/20230724_riparianshrub32_m3m/ALDE/tile_10850.png,0
arctic_vegetation/20230724_riparianshrub32_m3m/ALDE/tile_10851.png,0
arctic_vegetation/20230724_riparianshrub32_m3m/WILL/tile_10852.png,11
arctic_vegetation/20230724_riparianshrub32_m3m/WILL/tile_10853.png,11
arctic_vegetation/20230724_riparianshrub32_m3m/WILL/tile_10854.png,11
arctic_vegetation/20230724_riparianshrub32_m3m/WILL/tile_10855.png,11
arctic_vegetation/20230724_riparianshrub32_m3m/WILL/tile_10856.png,11
arctic_vegetation/20230724_riparianshrub32_m3m/WILL/tile_10857.png,11
arctic_vegetation/20230724_riparianshrub32_m3m/WILL/tile_10858.png,11
arctic_vegetation/20230724_riparianshrub32_m3m/WILL/tile_10859.png,11
arctic_vegetation/20230724_riparianshrub32_m3m/WILL/tile_10860.png,11
arctic_vegetation/20230724_riparianshrub32_m3m/WILL/tile_10861.png,11
arctic_vegetation/20230724_riparianshrub32_m3m/WILL/tile_10862.png,11
arctic_vegetation/20230724_riparianshrub32_m3m/WILL/tile_10863.png,11
arctic_vegetation/20230724_riparianshrub32_m3m/WILL/tile_10864.png,11
arctic_vegetation/20230724_riparianshrub32_m3m/WILL/tile_10865.png,11
arctic_vegetation/20230724_riparianshrub32_m3m/WILL/tile_10866.png,11
arctic_vegetation/20230724_riparianshrub32_m3m/WILL/tile_10867.png,11
arctic_vegetation/20230724_riparianshrub32_m3m/WILL/tile_10868.png,11
arctic_vegetation/20230724_riparianshrub32_m3m/WILL/tile_10869.png,11
arctic_vegetation/20230724_riparianshrub32_m3m/WILL/tile_10870.png,11
arctic_vegetation/20230724_riparianshrub32_m3m/WILL/tile_10871.png,11
arctic_vegetation/20230724_riparianshrub32_m3m/WILL/tile_10872.png,11
arctic_vegetation/20230724_riparianshrub32_m3m/WILL/tile_10873.png,11
arctic_vegetation/20230724_riparianshrub32_m3m/WILL/tile_10874.png,11
arctic_vegetation/20230724_riparianshrub32_m3m/WILL/tile_10875.png,11
arctic_vegetation/20230724_riparianshrub32_m3m/WILL/tile_10876.png,11
arctic_vegetation/20230724_riparianshrub32_m3m/WILL/tile_10877.png,11
arctic_vegetation/20230724_riparianshrub32_m3m/WILL/tile_10878.png,11
arctic_vegetation/20230724_riparianshrub32_m3m/WILL/tile_10879.png,11
arctic_vegetation/20230724_riparianshrub32_m3m/WILL/tile_10880.png,11
arctic_vegetation/20230724_riparianshrub32_m3m/WILL/tile_10881.png,11
arctic_vegetation/20230724_riparianshrub32_m3m/WILL/tile_10882.png,11
arctic_vegetation/20230724_riparianshrub32_m3m/WILL/tile_10883.png,11
arctic_vegetation/20230724_riparianshrub32_m3m/WILL/tile_10884.png,11
arctic_vegetation/20230724_riparianshrub32_m3m/WILL/tile_10885.png,11
arctic_vegetation/20230724_riparianshrub32_m3m/WILL/tile_10886.png,11
arctic_vegetation/20230724_riparianshrub32_m3m/WILL/tile_10887.png,11
arctic_vegetation/20230724_riparianshrub32_m3m/WILL/tile_10888.png,11
arctic_vegetation/20230724_riparianshrub32_m3m/MOSS/tile_10891.png,5
arctic_vegetation/20230724_riparianshrub32_m3m/MOSS/tile_10892.png,5
arctic_vegetation/20230724_riparianshrub32_m3m/MOSS/tile_10893.png,5
arctic_vegetation/20230724_riparianshrub32_m3m/MOSS/tile_10894.png,5
arctic_vegetation/20230724_riparianshrub32_m3m/MOSS/tile_10902.png,5
arctic_vegetation/20230724_riparianshrub32_m3m/MOSS/tile_10903.png,5
arctic_vegetation/20230724_riparianshrub32_m3m/WILL/tile_11019.png,11
arctic_vegetation/20230724_riparianshrub32_m3m/WILL/tile_11020.png,11
arctic_vegetation/20230724_riparianshrub32_m3m/WILL/tile_11021.png,11
arctic_vegetation/20230724_riparianshrub32_m3m/WILL/tile_11022.png,11
arctic_vegetation/20230724_riparianshrub32_m3m/WILL/tile_11023.png,11
arctic_vegetation/20230724_riparianshrub32_m3m/WILL/tile_11024.png,11
arctic_vegetation/20230724_riparianshrub32_m3m/WILL/tile_11025.png,11
arctic_vegetation/20230724_riparianshrub32_m3m/WILL/tile_11026.png,11
arctic_vegetation/20230724_riparianshrub32_m3m/ALDE/tile_11027.png,0
arctic_vegetation/20230724_riparianshrub32_m3m/ALDE/tile_11028.png,0
arctic_vegetation/20230724_riparianshrub32_m3m/ALDE/tile_11029.png,0
arctic_vegetation/20230724_riparianshrub32_m3m/ALDE/tile_11030.png,0
arctic_vegetation/20230724_riparianshrub32_m3m/ALDE/tile_11031.png,0
arctic_vegetation/20230724_riparianshrub32_m3m/ALDE/tile_11032.png,0
arctic_vegetation/20230724_riparianshrub32_m3m/WILL/tile_11033.png,11
arctic_vegetation/20230724_riparianshrub32_m3m/WILL/tile_11034.png,11
arctic_vegetation/20230724_riparianshrub32_m3m/WILL/tile_11035.png,11
arctic_vegetation/20230724_riparianshrub32_m3m/WILL/tile_11036.png,11
arctic_vegetation/20230724_riparianshrub32_m3m/WILL/tile_11037.png,11
arctic_vegetation/20230724_riparianshrub32_m3m/WILL/tile_11038.png,11
arctic_vegetation/20230724_riparianshrub32_m3m/WILL/tile_11039.png,11
arctic_vegetation/20230724_riparianshrub32_m3m/WILL/tile_11040.png,11
arctic_vegetation/20230724_riparianshrub32_m3m/WILL/tile_11041.png,11
arctic_vegetation/20230724_riparianshrub32_m3m/WILL/tile_11042.png,11
arctic_vegetation/20230724_riparianshrub32_m3m/WILL/tile_11043.png,11
arctic_vegetation/20230724_riparianshrub32_m3m/WILL/tile_11044.png,11
arctic_vegetation/20230724_riparianshrub32_m3m/WILL/tile_11045.png,11
arctic_vegetation/20230724_riparianshrub32_m3m/WILL/tile_11046.png,11
arctic_vegetation/20230724_riparianshrub32_m3m/WILL/tile_11047.png,11
arctic_vegetation/20230724_riparianshrub32_m3m/WILL/tile_11048.png,11
arctic_vegetation/20230724_riparianshrub32_m3m/WILL/tile_11049.png,11
arctic_vegetation/20230724_riparianshrub32_m3m/WILL/tile_11050.png,11
arctic_vegetation/20230724_riparianshrub32_m3m/WILL/tile_11051.png,11
arctic_vegetation/20230724_riparianshrub32_m3m/WILL/tile_11052.png,11
arctic_vegetation/20230724_riparianshrub32_m3m/WILL/tile_11053.png,11
arctic_vegetation/20230724_riparianshrub32_m3m/WILL/tile_11054.png,11
arctic_vegetation/20230724_riparianshrub32_m3m/WILL/tile_11055.png,11
arctic_vegetation/20230724_riparianshrub32_m3m/WILL/tile_11056.png,11
arctic_vegetation/20230724_riparianshrub32_m3m/WILL/tile_11057.png,11
arctic_vegetation/20230724_riparianshrub32_m3m/WILL/tile_11058.png,11
arctic_vegetation/20230724_riparianshrub32_m3m/WILL/tile_11059.png,11
arctic_vegetation/20230724_riparianshrub32_m3m/WILL/tile_11060.png,11
arctic_vegetation/20230724_riparianshrub32_m3m/WILL/tile_11061.png,11
arctic_vegetation/20230724_riparianshrub32_m3m/WILL/tile_11062.png,11
arctic_vegetation/20230724_riparianshrub32_m3m/WILL/tile_11063.png,11
arctic_vegetation/20230724_riparianshrub32_m3m/WILL/tile_11064.png,11
arctic_vegetation/20230724_riparianshrub32_m3m/WILL/tile_11065.png,11
arctic_vegetation/20230724_riparianshrub32_m3m/WILL/tile_11066.png,11
arctic_vegetation/20230724_riparianshrub32_m3m/WILL/tile_11067.png,11
arctic_vegetation/20230724_riparianshrub32_m3m/WILL/tile_11068.png,11
arctic_vegetation/20230724_riparianshrub32_m3m/MOSS/tile_11073.png,5
arctic_vegetation/20230724_riparianshrub32_m3m/MOSS/tile_11074.png,5
arctic_vegetation/20230724_riparianshrub32_m3m/SEDG/tile_11194.png,9
arctic_vegetation/20230724_riparianshrub32_m3m/SEDG/tile_11195.png,9
arctic_vegetation/20230724_riparianshrub32_m3m/SEDG/tile_11196.png,9
arctic_vegetation/20230724_riparianshrub32_m3m/SEDG/tile_11197.png,9
arctic_vegetation/20230724_riparianshrub32_m3m/SEDG/tile_11198.png,9
arctic_vegetation/20230724_riparianshrub32_m3m/WILL/tile_11199.png,11
arctic_vegetation/20230724_riparianshrub32_m3m/WILL/tile_11200.png,11
arctic_vegetation/20230724_riparianshrub32_m3m/WILL/tile_11201.png,11
arctic_vegetation/20230724_riparianshrub32_m3m/WILL/tile_11202.png,11
arctic_vegetation/20230724_riparianshrub32_m3m/WILL/tile_11203.png,11
arctic_vegetation/20230724_riparianshrub32_m3m/WILL/tile_11204.png,11
arctic_vegetation/20230724_riparianshrub32_m3m/WILL/tile_11205.png,11
arctic_vegetation/20230724_riparianshrub32_m3m/WILL/tile_11206.png,11
arctic_vegetation/20230724_riparianshrub32_m3m/WILL/tile_11207.png,11
arctic_vegetation/20230724_riparianshrub32_m3m/WILL/tile_11208.png,11
arctic_vegetation/20230724_riparianshrub32_m3m/ALDE/tile_11209.png,0
arctic_vegetation/20230724_riparianshrub32_m3m/ALDE/tile_11210.png,0
arctic_vegetation/20230724_riparianshrub32_m3m/ALDE/tile_11211.png,0
arctic_vegetation/20230724_riparianshrub32_m3m/ALDE/tile_11212.png,0
arctic_vegetation/20230724_riparianshrub32_m3m/ALDE/tile_11213.png,0
arctic_vegetation/20230724_riparianshrub32_m3m/WILL/tile_11214.png,11
arctic_vegetation/20230724_riparianshrub32_m3m/WILL/tile_11215.png,11
arctic_vegetation/20230724_riparianshrub32_m3m/ALDE/tile_11216.png,0
arctic_vegetation/20230724_riparianshrub32_m3m/ALDE/tile_11217.png,0
arctic_vegetation/20230724_riparianshrub32_m3m/WILL/tile_11218.png,11
arctic_vegetation/20230724_riparianshrub32_m3m/WILL/tile_11219.png,11
arctic_vegetation/20230724_riparianshrub32_m3m/WILL/tile_11220.png,11
arctic_vegetation/20230724_riparianshrub32_m3m/WILL/tile_11221.png,11
arctic_vegetation/20230724_riparianshrub32_m3m/WILL/tile_11222.png,11
arctic_vegetation/20230724_riparianshrub32_m3m/WILL/tile_11223.png,11
arctic_vegetation/20230724_riparianshrub32_m3m/WILL/tile_11224.png,11
arctic_vegetation/20230724_riparianshrub32_m3m/WILL/tile_11225.png,11
arctic_vegetation/20230724_riparianshrub32_m3m/WILL/tile_11226.png,11
arctic_vegetation/20230724_riparianshrub32_m3m/WILL/tile_11227.png,11
arctic_vegetation/20230724_riparianshrub32_m3m/WILL/tile_11228.png,11
arctic_vegetation/20230724_riparianshrub32_m3m/WILL/tile_11229.png,11
arctic_vegetation/20230724_riparianshrub32_m3m/WILL/tile_11230.png,11
arctic_vegetation/20230724_riparianshrub32_m3m/WILL/tile_11231.png,11
arctic_vegetation/20230724_riparianshrub32_m3m/WILL/tile_11232.png,11
arctic_vegetation/20230724_riparianshrub32_m3m/WILL/tile_11233.png,11
arctic_vegetation/20230724_riparianshrub32_m3m/WILL/tile_11234.png,11
arctic_vegetation/20230724_riparianshrub32_m3m/WILL/tile_11235.png,11
arctic_vegetation/20230724_riparianshrub32_m3m/WILL/tile_11236.png,11
arctic_vegetation/20230724_riparianshrub32_m3m/WILL/tile_11237.png,11
arctic_vegetation/20230724_riparianshrub32_m3m/WILL/tile_11238.png,11
arctic_vegetation/20230724_riparianshrub32_m3m/WILL/tile_11239.png,11
arctic_vegetation/20230724_riparianshrub32_m3m/WILL/tile_11240.png,11
arctic_vegetation/20230724_riparianshrub32_m3m/WILL/tile_11241.png,11
arctic_vegetation/20230724_riparianshrub32_m3m/WILL/tile_11242.png,11
arctic_vegetation/20230724_riparianshrub32_m3m/WILL/tile_11243.png,11
arctic_vegetation/20230724_riparianshrub32_m3m/WILL/tile_11244.png,11
arctic_vegetation/20230724_riparianshrub32_m3m/WILL/tile_11245.png,11
arctic_vegetation/20230724_riparianshrub32_m3m/WILL/tile_11246.png,11
arctic_vegetation/20230724_riparianshrub32_m3m/WILL/tile_11247.png,11
arctic_vegetation/20230724_riparianshrub32_m3m/WILL/tile_11248.png,11
arctic_vegetation/20230724_riparianshrub32_m3m/SEDG/tile_11374.png,9
arctic_vegetation/20230724_riparianshrub32_m3m/SEDG/tile_11375.png,9
arctic_vegetation/20230724_riparianshrub32_m3m/SEDG/tile_11376.png,9
arctic_vegetation/20230724_riparianshrub32_m3m/SEDG/tile_11377.png,9
arctic_vegetation/20230724_riparianshrub32_m3m/SEDG/tile_11378.png,9
arctic_vegetation/20230724_riparianshrub32_m3m/WILL/tile_11379.png,11
arctic_vegetation/20230724_riparianshrub32_m3m/WILL/tile_11380.png,11
arctic_vegetation/20230724_riparianshrub32_m3m/WILL/tile_11381.png,11
arctic_vegetation/20230724_riparianshrub32_m3m/WILL/tile_11382.png,11
arctic_vegetation/20230724_riparianshrub32_m3m/WILL/tile_11383.png,11
arctic_vegetation/20230724_riparianshrub32_m3m/WILL/tile_11384.png,11
arctic_vegetation/20230724_riparianshrub32_m3m/WILL/tile_11385.png,11
arctic_vegetation/20230724_riparianshrub32_m3m/WILL/tile_11386.png,11
arctic_vegetation/20230724_riparianshrub32_m3m/WILL/tile_11387.png,11
arctic_vegetation/20230724_riparianshrub32_m3m/WILL/tile_11388.png,11
arctic_vegetation/20230724_riparianshrub32_m3m/WILL/tile_11389.png,11
arctic_vegetation/20230724_riparianshrub32_m3m/WILL/tile_11390.png,11
arctic_vegetation/20230724_riparianshrub32_m3m/WILL/tile_11391.png,11
arctic_vegetation/20230724_riparianshrub32_m3m/ALDE/tile_11392.png,0
arctic_vegetation/20230724_riparianshrub32_m3m/ALDE/tile_11393.png,0
arctic_vegetation/20230724_riparianshrub32_m3m/WILL/tile_11394.png,11
arctic_vegetation/20230724_riparianshrub32_m3m/WILL/tile_11395.png,11
arctic_vegetation/20230724_riparianshrub32_m3m/WILL/tile_11396.png,11
arctic_vegetation/20230724_riparianshrub32_m3m/WILL/tile_11397.png,11
arctic_vegetation/20230724_riparianshrub32_m3m/WILL/tile_11398.png,11
arctic_vegetation/20230724_riparianshrub32_m3m/WILL/tile_11399.png,11
arctic_vegetation/20230724_riparianshrub32_m3m/WILL/tile_11400.png,11
arctic_vegetation/20230724_riparianshrub32_m3m/WILL/tile_11401.png,11
arctic_vegetation/20230724_riparianshrub32_m3m/WILL/tile_11402.png,11
arctic_vegetation/20230724_riparianshrub32_m3m/WILL/tile_11403.png,11
arctic_vegetation/20230724_riparianshrub32_m3m/WILL/tile_11404.png,11
arctic_vegetation/20230724_riparianshrub32_m3m/WILL/tile_11405.png,11
arctic_vegetation/20230724_riparianshrub32_m3m/WILL/tile_11406.png,11
arctic_vegetation/20230724_riparianshrub32_m3m/WILL/tile_11407.png,11
arctic_vegetation/20230724_riparianshrub32_m3m/WILL/tile_11408.png,11
arctic_vegetation/20230724_riparianshrub32_m3m/WILL/tile_11409.png,11
arctic_vegetation/20230724_riparianshrub32_m3m/WILL/tile_11410.png,11
arctic_vegetation/20230724_riparianshrub32_m3m/WILL/tile_11411.png,11
arctic_vegetation/20230724_riparianshrub32_m3m/WILL/tile_11412.png,11
arctic_vegetation/20230724_riparianshrub32_m3m/WILL/tile_11413.png,11
arctic_vegetation/20230724_riparianshrub32_m3m/WILL/tile_11414.png,11
arctic_vegetation/20230724_riparianshrub32_m3m/WILL/tile_11415.png,11
arctic_vegetation/20230724_riparianshrub32_m3m/WILL/tile_11416.png,11
arctic_vegetation/20230724_riparianshrub32_m3m/WILL/tile_11417.png,11
arctic_vegetation/20230724_riparianshrub32_m3m/WILL/tile_11418.png,11
arctic_vegetation/20230724_riparianshrub32_m3m/WILL/tile_11419.png,11
arctic_vegetation/20230724_riparianshrub32_m3m/WILL/tile_11420.png,11
arctic_vegetation/20230724_riparianshrub32_m3m/WILL/tile_11421.png,11
arctic_vegetation/20230724_riparianshrub32_m3m/WILL/tile_11422.png,11
arctic_vegetation/20230724_riparianshrub32_m3m/WILL/tile_11423.png,11
arctic_vegetation/20230724_riparianshrub32_m3m/WILL/tile_11424.png,11
arctic_vegetation/20230724_riparianshrub32_m3m/WILL/tile_11425.png,11
arctic_vegetation/20230724_riparianshrub32_m3m/WILL/tile_11426.png,11
arctic_vegetation/20230724_riparianshrub32_m3m/SEDG/tile_11555.png,9
arctic_vegetation/20230724_riparianshrub32_m3m/SEDG/tile_11556.png,9
arctic_vegetation/20230724_riparianshrub32_m3m/SEDG/tile_11557.png,9
arctic_vegetation/20230724_riparianshrub32_m3m/SEDG/tile_11558.png,9
arctic_vegetation/20230724_riparianshrub32_m3m/SEDG/tile_11559.png,9
arctic_vegetation/20230724_riparianshrub32_m3m/SEDG/tile_11560.png,9
arctic_vegetation/20230724_riparianshrub32_m3m/WILL/tile_11561.png,11
arctic_vegetation/20230724_riparianshrub32_m3m/WILL/tile_11562.png,11
arctic_vegetation/20230724_riparianshrub32_m3m/WILL/tile_11563.png,11
arctic_vegetation/20230724_riparianshrub32_m3m/WILL/tile_11564.png,11
arctic_vegetation/20230724_riparianshrub32_m3m/WILL/tile_11565.png,11
arctic_vegetation/20230724_riparianshrub32_m3m/WILL/tile_11566.png,11
arctic_vegetation/20230724_riparianshrub32_m3m/WILL/tile_11567.png,11
arctic_vegetation/20230724_riparianshrub32_m3m/WILL/tile_11568.png,11
arctic_vegetation/20230724_riparianshrub32_m3m/WILL/tile_11569.png,11
arctic_vegetation/20230724_riparianshrub32_m3m/WILL/tile_11570.png,11
arctic_vegetation/20230724_riparianshrub32_m3m/WILL/tile_11571.png,11
arctic_vegetation/20230724_riparianshrub32_m3m/ALDE/tile_11572.png,0
arctic_vegetation/20230724_riparianshrub32_m3m/WILL/tile_11573.png,11
arctic_vegetation/20230724_riparianshrub32_m3m/WILL/tile_11574.png,11
arctic_vegetation/20230724_riparianshrub32_m3m/WILL/tile_11575.png,11
arctic_vegetation/20230724_riparianshrub32_m3m/SEDG/tile_11576.png,9
arctic_vegetation/20230724_riparianshrub32_m3m/WILL/tile_11577.png,11
arctic_vegetation/20230724_riparianshrub32_m3m/WILL/tile_11578.png,11
arctic_vegetation/20230724_riparianshrub32_m3m/WILL/tile_11579.png,11
arctic_vegetation/20230724_riparianshrub32_m3m/WILL/tile_11580.png,11
arctic_vegetation/20230724_riparianshrub32_m3m/WILL/tile_11581.png,11
arctic_vegetation/20230724_riparianshrub32_m3m/WILL/tile_11582.png,11
arctic_vegetation/20230724_riparianshrub32_m3m/WILL/tile_11583.png,11
arctic_vegetation/20230724_riparianshrub32_m3m/WILL/tile_11584.png,11
arctic_vegetation/20230724_riparianshrub32_m3m/WILL/tile_11585.png,11
arctic_vegetation/20230724_riparianshrub32_m3m/WILL/tile_11586.png,11
arctic_vegetation/20230724_riparianshrub32_m3m/WILL/tile_11587.png,11
arctic_vegetation/20230724_riparianshrub32_m3m/WILL/tile_11588.png,11
arctic_vegetation/20230724_riparianshrub32_m3m/WILL/tile_11589.png,11
arctic_vegetation/20230724_riparianshrub32_m3m/WILL/tile_11590.png,11
arctic_vegetation/20230724_riparianshrub32_m3m/WILL/tile_11591.png,11
arctic_vegetation/20230724_riparianshrub32_m3m/WILL/tile_11592.png,11
arctic_vegetation/20230724_riparianshrub32_m3m/WILL/tile_11593.png,11
arctic_vegetation/20230724_riparianshrub32_m3m/WILL/tile_11594.png,11
arctic_vegetation/20230724_riparianshrub32_m3m/WILL/tile_11595.png,11
arctic_vegetation/20230724_riparianshrub32_m3m/WILL/tile_11596.png,11
arctic_vegetation/20230724_riparianshrub32_m3m/WILL/tile_11597.png,11
arctic_vegetation/20230724_riparianshrub32_m3m/WILL/tile_11598.png,11
arctic_vegetation/20230724_riparianshrub32_m3m/WILL/tile_11599.png,11
arctic_vegetation/20230724_riparianshrub32_m3m/WILL/tile_11600.png,11
arctic_vegetation/20230724_riparianshrub32_m3m/WILL/tile_11601.png,11
arctic_vegetation/20230724_riparianshrub32_m3m/WILL/tile_11602.png,11
arctic_vegetation/20230724_riparianshrub32_m3m/WILL/tile_11603.png,11
arctic_vegetation/20230724_riparianshrub32_m3m/WILL/tile_11604.png,11
arctic_vegetation/20230724_riparianshrub32_m3m/WILL/tile_11605.png,11
arctic_vegetation/20230724_riparianshrub32_m3m/WILL/tile_11606.png,11
arctic_vegetation/20230724_riparianshrub32_m3m/WILL/tile_11734.png,11
arctic_vegetation/20230724_riparianshrub32_m3m/SEDG/tile_11735.png,9
arctic_vegetation/20230724_riparianshrub32_m3m/SEDG/tile_11736.png,9
arctic_vegetation/20230724_riparianshrub32_m3m/SEDG/tile_11737.png,9
arctic_vegetation/20230724_riparianshrub32_m3m/SEDG/tile_11738.png,9
arctic_vegetation/20230724_riparianshrub32_m3m/SEDG/tile_11739.png,9
arctic_vegetation/20230724_riparianshrub32_m3m/SEDG/tile_11740.png,9
arctic_vegetation/20230724_riparianshrub32_m3m/WILL/tile_11741.png,11
arctic_vegetation/20230724_riparianshrub32_m3m/WILL/tile_11742.png,11
arctic_vegetation/20230724_riparianshrub32_m3m/SEDG/tile_11743.png,9
arctic_vegetation/20230724_riparianshrub32_m3m/WILL/tile_11744.png,11
arctic_vegetation/20230724_riparianshrub32_m3m/WILL/tile_11745.png,11
arctic_vegetation/20230724_riparianshrub32_m3m/WILL/tile_11746.png,11
arctic_vegetation/20230724_riparianshrub32_m3m/WILL/tile_11747.png,11
arctic_vegetation/20230724_riparianshrub32_m3m/WILL/tile_11748.png,11
arctic_vegetation/20230724_riparianshrub32_m3m/WILL/tile_11749.png,11
arctic_vegetation/20230724_riparianshrub32_m3m/WILL/tile_11750.png,11
arctic_vegetation/20230724_riparianshrub32_m3m/WILL/tile_11751.png,11
arctic_vegetation/20230724_riparianshrub32_m3m/WILL/tile_11752.png,11
arctic_vegetation/20230724_riparianshrub32_m3m/WILL/tile_11753.png,11
arctic_vegetation/20230724_riparianshrub32_m3m/WILL/tile_11754.png,11
arctic_vegetation/20230724_riparianshrub32_m3m/WILL/tile_11755.png,11
arctic_vegetation/20230724_riparianshrub32_m3m/WILL/tile_11756.png,11
arctic_vegetation/20230724_riparianshrub32_m3m/WILL/tile_11757.png,11
arctic_vegetation/20230724_riparianshrub32_m3m/WILL/tile_11758.png,11
arctic_vegetation/20230724_riparianshrub32_m3m/WILL/tile_11759.png,11
arctic_vegetation/20230724_riparianshrub32_m3m/WILL/tile_11760.png,11
arctic_vegetation/20230724_riparianshrub32_m3m/WILL/tile_11761.png,11
arctic_vegetation/20230724_riparianshrub32_m3m/WILL/tile_11762.png,11
arctic_vegetation/20230724_riparianshrub32_m3m/WILL/tile_11763.png,11
arctic_vegetation/20230724_riparianshrub32_m3m/WILL/tile_11764.png,11
arctic_vegetation/20230724_riparianshrub32_m3m/WILL/tile_11765.png,11
arctic_vegetation/20230724_riparianshrub32_m3m/WILL/tile_11766.png,11
arctic_vegetation/20230724_riparianshrub32_m3m/WILL/tile_11767.png,11
arctic_vegetation/20230724_riparianshrub32_m3m/WILL/tile_11768.png,11
arctic_vegetation/20230724_riparianshrub32_m3m/WILL/tile_11769.png,11
arctic_vegetation/20230724_riparianshrub32_m3m/WILL/tile_11770.png,11
arctic_vegetation/20230724_riparianshrub32_m3m/WILL/tile_11771.png,11
arctic_vegetation/20230724_riparianshrub32_m3m/WILL/tile_11772.png,11
arctic_vegetation/20230724_riparianshrub32_m3m/WILL/tile_11773.png,11
arctic_vegetation/20230724_riparianshrub32_m3m/WILL/tile_11774.png,11
arctic_vegetation/20230724_riparianshrub32_m3m/WILL/tile_11775.png,11
arctic_vegetation/20230724_riparianshrub32_m3m/WILL/tile_11776.png,11
arctic_vegetation/20230724_riparianshrub32_m3m/WILL/tile_11777.png,11
arctic_vegetation/20230724_riparianshrub32_m3m/WILL/tile_11778.png,11
arctic_vegetation/20230724_riparianshrub32_m3m/WILL/tile_11779.png,11
arctic_vegetation/20230724_riparianshrub32_m3m/WILL/tile_11780.png,11
arctic_vegetation/20230724_riparianshrub32_m3m/WILL/tile_11781.png,11
arctic_vegetation/20230724_riparianshrub32_m3m/WILL/tile_11782.png,11
arctic_vegetation/20230724_riparianshrub32_m3m/WILL/tile_11783.png,11
arctic_vegetation/20230724_riparianshrub32_m3m/WILL/tile_11784.png,11
arctic_vegetation/20230724_riparianshrub32_m3m/WILL/tile_11785.png,11
arctic_vegetation/20230724_riparianshrub32_m3m/WILL/tile_11786.png,11
arctic_vegetation/20230724_riparianshrub32_m3m/WILL/tile_11789.png,11
arctic_vegetation/20230724_riparianshrub32_m3m/WILL/tile_11790.png,11
arctic_vegetation/20230724_riparianshrub32_m3m/SEDG/tile_11792.png,9
arctic_vegetation/20230724_riparianshrub32_m3m/SEDG/tile_11793.png,9
arctic_vegetation/20230724_riparianshrub32_m3m/WILL/tile_11914.png,11
arctic_vegetation/20230724_riparianshrub32_m3m/WILL/tile_11915.png,11
arctic_vegetation/20230724_riparianshrub32_m3m/WILL/tile_11916.png,11
arctic_vegetation/20230724_riparianshrub32_m3m/WILL/tile_11917.png,11
arctic_vegetation/20230724_riparianshrub32_m3m/WILL/tile_11918.png,11
arctic_vegetation/20230724_riparianshrub32_m3m/WILL/tile_11919.png,11
arctic_vegetation/20230724_riparianshrub32_m3m/SEDG/tile_11920.png,9
arctic_vegetation/20230724_riparianshrub32_m3m/WILL/tile_11921.png,11
arctic_vegetation/20230724_riparianshrub32_m3m/WILL/tile_11922.png,11
arctic_vegetation/20230724_riparianshrub32_m3m/WILL/tile_11923.png,11
arctic_vegetation/20230724_riparianshrub32_m3m/WILL/tile_11924.png,11
arctic_vegetation/20230724_riparianshrub32_m3m/WILL/tile_11925.png,11
arctic_vegetation/20230724_riparianshrub32_m3m/WILL/tile_11926.png,11
arctic_vegetation/20230724_riparianshrub32_m3m/WILL/tile_11927.png,11
arctic_vegetation/20230724_riparianshrub32_m3m/WILL/tile_11928.png,11
arctic_vegetation/20230724_riparianshrub32_m3m/WILL/tile_11929.png,11
arctic_vegetation/20230724_riparianshrub32_m3m/WILL/tile_11930.png,11
arctic_vegetation/20230724_riparianshrub32_m3m/WILL/tile_11931.png,11
arctic_vegetation/20230724_riparianshrub32_m3m/WILL/tile_11932.png,11
arctic_vegetation/20230724_riparianshrub32_m3m/WILL/tile_11933.png,11
arctic_vegetation/20230724_riparianshrub32_m3m/WILL/tile_11934.png,11
arctic_vegetation/20230724_riparianshrub32_m3m/WILL/tile_11935.png,11
arctic_vegetation/20230724_riparianshrub32_m3m/WILL/tile_11936.png,11
arctic_vegetation/20230724_riparianshrub32_m3m/WILL/tile_11937.png,11
arctic_vegetation/20230724_riparianshrub32_m3m/WILL/tile_11938.png,11
arctic_vegetation/20230724_riparianshrub32_m3m/WILL/tile_11939.png,11
arctic_vegetation/20230724_riparianshrub32_m3m/WILL/tile_11940.png,11
arctic_vegetation/20230724_riparianshrub32_m3m/WILL/tile_11941.png,11
arctic_vegetation/20230724_riparianshrub32_m3m/WILL/tile_11942.png,11
arctic_vegetation/20230724_riparianshrub32_m3m/WILL/tile_11943.png,11
arctic_vegetation/20230724_riparianshrub32_m3m/WILL/tile_11944.png,11
arctic_vegetation/20230724_riparianshrub32_m3m/WILL/tile_11945.png,11
arctic_vegetation/20230724_riparianshrub32_m3m/ALDE/tile_11946.png,0
arctic_vegetation/20230724_riparianshrub32_m3m/WILL/tile_11947.png,11
arctic_vegetation/20230724_riparianshrub32_m3m/WILL/tile_11948.png,11
arctic_vegetation/20230724_riparianshrub32_m3m/WILL/tile_11949.png,11
arctic_vegetation/20230724_riparianshrub32_m3m/WILL/tile_11950.png,11
arctic_vegetation/20230724_riparianshrub32_m3m/WILL/tile_11951.png,11
arctic_vegetation/20230724_riparianshrub32_m3m/WILL/tile_11952.png,11
arctic_vegetation/20230724_riparianshrub32_m3m/WILL/tile_11953.png,11
arctic_vegetation/20230724_riparianshrub32_m3m/WILL/tile_11954.png,11
arctic_vegetation/20230724_riparianshrub32_m3m/WILL/tile_11955.png,11
arctic_vegetation/20230724_riparianshrub32_m3m/WILL/tile_11956.png,11
arctic_vegetation/20230724_riparianshrub32_m3m/WILL/tile_11957.png,11
arctic_vegetation/20230724_riparianshrub32_m3m/WILL/tile_11958.png,11
arctic_vegetation/20230724_riparianshrub32_m3m/WILL/tile_11959.png,11
arctic_vegetation/20230724_riparianshrub32_m3m/WILL/tile_11960.png,11
arctic_vegetation/20230724_riparianshrub32_m3m/WILL/tile_11961.png,11
arctic_vegetation/20230724_riparianshrub32_m3m/WILL/tile_11962.png,11
arctic_vegetation/20230724_riparianshrub32_m3m/WILL/tile_11963.png,11
arctic_vegetation/20230724_riparianshrub32_m3m/WILL/tile_11964.png,11
arctic_vegetation/20230724_riparianshrub32_m3m/WILL/tile_11965.png,11
arctic_vegetation/20230724_riparianshrub32_m3m/WILL/tile_11966.png,11
arctic_vegetation/20230724_riparianshrub32_m3m/WILL/tile_11967.png,11
arctic_vegetation/20230724_riparianshrub32_m3m/WILL/tile_11968.png,11
arctic_vegetation/20230724_riparianshrub32_m3m/WILL/tile_11969.png,11
arctic_vegetation/20230724_riparianshrub32_m3m/WILL/tile_11970.png,11
arctic_vegetation/20230724_riparianshrub32_m3m/SEDG/tile_11972.png,9
arctic_vegetation/20230724_riparianshrub32_m3m/SEDG/tile_11973.png,9
arctic_vegetation/20230724_riparianshrub32_m3m/SEDG/tile_11974.png,9
arctic_vegetation/20230724_riparianshrub32_m3m/SEDG/tile_11975.png,9
arctic_vegetation/20230724_riparianshrub32_m3m/SEDG/tile_11976.png,9
arctic_vegetation/20230724_riparianshrub32_m3m/WILL/tile_12095.png,11
arctic_vegetation/20230724_riparianshrub32_m3m/WILL/tile_12096.png,11
arctic_vegetation/20230724_riparianshrub32_m3m/WILL/tile_12097.png,11
arctic_vegetation/20230724_riparianshrub32_m3m/WILL/tile_12098.png,11
arctic_vegetation/20230724_riparianshrub32_m3m/WILL/tile_12099.png,11
arctic_vegetation/20230724_riparianshrub32_m3m/SEDG/tile_12100.png,9
arctic_vegetation/20230724_riparianshrub32_m3m/WILL/tile_12101.png,11
arctic_vegetation/20230724_riparianshrub32_m3m/WILL/tile_12102.png,11
arctic_vegetation/20230724_riparianshrub32_m3m/WILL/tile_12103.png,11
arctic_vegetation/20230724_riparianshrub32_m3m/WILL/tile_12104.png,11
arctic_vegetation/20230724_riparianshrub32_m3m/WILL/tile_12105.png,11
arctic_vegetation/20230724_riparianshrub32_m3m/WILL/tile_12106.png,11
arctic_vegetation/20230724_riparianshrub32_m3m/WILL/tile_12107.png,11
arctic_vegetation/20230724_riparianshrub32_m3m/WILL/tile_12108.png,11
arctic_vegetation/20230724_riparianshrub32_m3m/WILL/tile_12109.png,11
arctic_vegetation/20230724_riparianshrub32_m3m/WILL/tile_12110.png,11
arctic_vegetation/20230724_riparianshrub32_m3m/WILL/tile_12111.png,11
arctic_vegetation/20230724_riparianshrub32_m3m/WILL/tile_12112.png,11
arctic_vegetation/20230724_riparianshrub32_m3m/WILL/tile_12113.png,11
arctic_vegetation/20230724_riparianshrub32_m3m/WILL/tile_12114.png,11
arctic_vegetation/20230724_riparianshrub32_m3m/WILL/tile_12115.png,11
arctic_vegetation/20230724_riparianshrub32_m3m/WILL/tile_12116.png,11
arctic_vegetation/20230724_riparianshrub32_m3m/WILL/tile_12117.png,11
arctic_vegetation/20230724_riparianshrub32_m3m/WILL/tile_12118.png,11
arctic_vegetation/20230724_riparianshrub32_m3m/WILL/tile_12119.png,11
arctic_vegetation/20230724_riparianshrub32_m3m/WILL/tile_12120.png,11
arctic_vegetation/20230724_riparianshrub32_m3m/WILL/tile_12121.png,11
arctic_vegetation/20230724_riparianshrub32_m3m/WILL/tile_12122.png,11
arctic_vegetation/20230724_riparianshrub32_m3m/WILL/tile_12123.png,11
arctic_vegetation/20230724_riparianshrub32_m3m/WILL/tile_12124.png,11
arctic_vegetation/20230724_riparianshrub32_m3m/WILL/tile_12125.png,11
arctic_vegetation/20230724_riparianshrub32_m3m/ALDE/tile_12126.png,0
arctic_vegetation/20230724_riparianshrub32_m3m/WILL/tile_12127.png,11
arctic_vegetation/20230724_riparianshrub32_m3m/WILL/tile_12128.png,11
arctic_vegetation/20230724_riparianshrub32_m3m/WILL/tile_12129.png,11
arctic_vegetation/20230724_riparianshrub32_m3m/WILL/tile_12130.png,11
arctic_vegetation/20230724_riparianshrub32_m3m/WILL/tile_12131.png,11
arctic_vegetation/20230724_riparianshrub32_m3m/WILL/tile_12132.png,11
arctic_vegetation/20230724_riparianshrub32_m3m/ALDE/tile_12133.png,0
arctic_vegetation/20230724_riparianshrub32_m3m/WILL/tile_12134.png,11
arctic_vegetation/20230724_riparianshrub32_m3m/WILL/tile_12135.png,11
arctic_vegetation/20230724_riparianshrub32_m3m/ALDE/tile_12136.png,0
arctic_vegetation/20230724_riparianshrub32_m3m/WILL/tile_12137.png,11
arctic_vegetation/20230724_riparianshrub32_m3m/WILL/tile_12138.png,11
arctic_vegetation/20230724_riparianshrub32_m3m/WILL/tile_12139.png,11
arctic_vegetation/20230724_riparianshrub32_m3m/WILL/tile_12140.png,11
arctic_vegetation/20230724_riparianshrub32_m3m/WILL/tile_12141.png,11
arctic_vegetation/20230724_riparianshrub32_m3m/WILL/tile_12142.png,11
arctic_vegetation/20230724_riparianshrub32_m3m/WILL/tile_12143.png,11
arctic_vegetation/20230724_riparianshrub32_m3m/WILL/tile_12144.png,11
arctic_vegetation/20230724_riparianshrub32_m3m/WILL/tile_12145.png,11
arctic_vegetation/20230724_riparianshrub32_m3m/WILL/tile_12146.png,11
arctic_vegetation/20230724_riparianshrub32_m3m/WILL/tile_12147.png,11
arctic_vegetation/20230724_riparianshrub32_m3m/WILL/tile_12148.png,11
arctic_vegetation/20230724_riparianshrub32_m3m/WILL/tile_12149.png,11
arctic_vegetation/20230724_riparianshrub32_m3m/WILL/tile_12150.png,11
arctic_vegetation/20230724_riparianshrub32_m3m/SEDG/tile_12152.png,9
arctic_vegetation/20230724_riparianshrub32_m3m/SEDG/tile_12153.png,9
arctic_vegetation/20230724_riparianshrub32_m3m/SEDG/tile_12154.png,9
arctic_vegetation/20230724_riparianshrub32_m3m/SEDG/tile_12155.png,9
arctic_vegetation/20230724_riparianshrub32_m3m/SEDG/tile_12156.png,9
arctic_vegetation/20230724_riparianshrub32_m3m/SEDG/tile_12157.png,9
arctic_vegetation/20230724_riparianshrub32_m3m/SEDG/tile_12158.png,9
arctic_vegetation/20230724_riparianshrub32_m3m/WILL/tile_12275.png,11
arctic_vegetation/20230724_riparianshrub32_m3m/WILL/tile_12276.png,11
arctic_vegetation/20230724_riparianshrub32_m3m/WILL/tile_12277.png,11
arctic_vegetation/20230724_riparianshrub32_m3m/WILL/tile_12278.png,11
arctic_vegetation/20230724_riparianshrub32_m3m/WILL/tile_12279.png,11
arctic_vegetation/20230724_riparianshrub32_m3m/WILL/tile_12280.png,11
arctic_vegetation/20230724_riparianshrub32_m3m/WILL/tile_12281.png,11
arctic_vegetation/20230724_riparianshrub32_m3m/WILL/tile_12282.png,11
arctic_vegetation/20230724_riparianshrub32_m3m/WILL/tile_12283.png,11
arctic_vegetation/20230724_riparianshrub32_m3m/WILL/tile_12284.png,11
arctic_vegetation/20230724_riparianshrub32_m3m/WILL/tile_12285.png,11
arctic_vegetation/20230724_riparianshrub32_m3m/WILL/tile_12286.png,11
arctic_vegetation/20230724_riparianshrub32_m3m/SEDG/tile_12287.png,9
arctic_vegetation/20230724_riparianshrub32_m3m/WILL/tile_12288.png,11
arctic_vegetation/20230724_riparianshrub32_m3m/WILL/tile_12289.png,11
arctic_vegetation/20230724_riparianshrub32_m3m/WILL/tile_12290.png,11
arctic_vegetation/20230724_riparianshrub32_m3m/WILL/tile_12291.png,11
arctic_vegetation/20230724_riparianshrub32_m3m/WILL/tile_12292.png,11
arctic_vegetation/20230724_riparianshrub32_m3m/WILL/tile_12293.png,11
arctic_vegetation/20230724_riparianshrub32_m3m/WILL/tile_12294.png,11
arctic_vegetation/20230724_riparianshrub32_m3m/WILL/tile_12295.png,11
arctic_vegetation/20230724_riparianshrub32_m3m/WILL/tile_12296.png,11
arctic_vegetation/20230724_riparianshrub32_m3m/WILL/tile_12297.png,11
arctic_vegetation/20230724_riparianshrub32_m3m/WILL/tile_12298.png,11
arctic_vegetation/20230724_riparianshrub32_m3m/WILL/tile_12299.png,11
arctic_vegetation/20230724_riparianshrub32_m3m/WILL/tile_12300.png,11
arctic_vegetation/20230724_riparianshrub32_m3m/WILL/tile_12301.png,11
arctic_vegetation/20230724_riparianshrub32_m3m/WILL/tile_12302.png,11
arctic_vegetation/20230724_riparianshrub32_m3m/WILL/tile_12303.png,11
arctic_vegetation/20230724_riparianshrub32_m3m/ALDE/tile_12304.png,0
arctic_vegetation/20230724_riparianshrub32_m3m/ALDE/tile_12305.png,0
arctic_vegetation/20230724_riparianshrub32_m3m/ALDE/tile_12306.png,0
arctic_vegetation/20230724_riparianshrub32_m3m/ALDE/tile_12307.png,0
arctic_vegetation/20230724_riparianshrub32_m3m/ALDE/tile_12308.png,0
arctic_vegetation/20230724_riparianshrub32_m3m/ALDE/tile_12309.png,0
arctic_vegetation/20230724_riparianshrub32_m3m/WILL/tile_12310.png,11
arctic_vegetation/20230724_riparianshrub32_m3m/WILL/tile_12311.png,11
arctic_vegetation/20230724_riparianshrub32_m3m/WILL/tile_12312.png,11
arctic_vegetation/20230724_riparianshrub32_m3m/ALDE/tile_12313.png,0
arctic_vegetation/20230724_riparianshrub32_m3m/ALDE/tile_12314.png,0
arctic_vegetation/20230724_riparianshrub32_m3m/ALDE/tile_12315.png,0
arctic_vegetation/20230724_riparianshrub32_m3m/ALDE/tile_12316.png,0
arctic_vegetation/20230724_riparianshrub32_m3m/WILL/tile_12317.png,11
arctic_vegetation/20230724_riparianshrub32_m3m/WILL/tile_12318.png,11
arctic_vegetation/20230724_riparianshrub32_m3m/WILL/tile_12319.png,11
arctic_vegetation/20230724_riparianshrub32_m3m/WILL/tile_12320.png,11
arctic_vegetation/20230724_riparianshrub32_m3m/WILL/tile_12321.png,11
arctic_vegetation/20230724_riparianshrub32_m3m/WILL/tile_12322.png,11
arctic_vegetation/20230724_riparianshrub32_m3m/WILL/tile_12323.png,11
arctic_vegetation/20230724_riparianshrub32_m3m/WILL/tile_12324.png,11
arctic_vegetation/20230724_riparianshrub32_m3m/WILL/tile_12325.png,11
arctic_vegetation/20230724_riparianshrub32_m3m/WILL/tile_12326.png,11
arctic_vegetation/20230724_riparianshrub32_m3m/WILL/tile_12327.png,11
arctic_vegetation/20230724_riparianshrub32_m3m/WILL/tile_12328.png,11
arctic_vegetation/20230724_riparianshrub32_m3m/WILL/tile_12329.png,11
arctic_vegetation/20230724_riparianshrub32_m3m/WILL/tile_12330.png,11
arctic_vegetation/20230724_riparianshrub32_m3m/SEDG/tile_12332.png,9
arctic_vegetation/20230724_riparianshrub32_m3m/SEDG/tile_12333.png,9
arctic_vegetation/20230724_riparianshrub32_m3m/SEDG/tile_12334.png,9
arctic_vegetation/20230724_riparianshrub32_m3m/SEDG/tile_12335.png,9
arctic_vegetation/20230724_riparianshrub32_m3m/SEDG/tile_12336.png,9
arctic_vegetation/20230724_riparianshrub32_m3m/SEDG/tile_12337.png,9
arctic_vegetation/20230724_riparianshrub32_m3m/SEDG/tile_12338.png,9
arctic_vegetation/20230724_riparianshrub32_m3m/SEDG/tile_12341.png,9
arctic_vegetation/20230724_riparianshrub32_m3m/SEDG/tile_12342.png,9
arctic_vegetation/20230724_riparianshrub32_m3m/PETF/tile_12455.png,6
arctic_vegetation/20230724_riparianshrub32_m3m/WILL/tile_12456.png,11
arctic_vegetation/20230724_riparianshrub32_m3m/WILL/tile_12457.png,11
arctic_vegetation/20230724_riparianshrub32_m3m/WILL/tile_12458.png,11
arctic_vegetation/20230724_riparianshrub32_m3m/WILL/tile_12459.png,11
arctic_vegetation/20230724_riparianshrub32_m3m/WILL/tile_12460.png,11
arctic_vegetation/20230724_riparianshrub32_m3m/WILL/tile_12461.png,11
arctic_vegetation/20230724_riparianshrub32_m3m/WILL/tile_12462.png,11
arctic_vegetation/20230724_riparianshrub32_m3m/WILL/tile_12463.png,11
arctic_vegetation/20230724_riparianshrub32_m3m/WILL/tile_12464.png,11
arctic_vegetation/20230724_riparianshrub32_m3m/WILL/tile_12465.png,11
arctic_vegetation/20230724_riparianshrub32_m3m/WILL/tile_12466.png,11
arctic_vegetation/20230724_riparianshrub32_m3m/SEDG/tile_12467.png,9
arctic_vegetation/20230724_riparianshrub32_m3m/PETF/tile_12468.png,6
arctic_vegetation/20230724_riparianshrub32_m3m/PETF/tile_12469.png,6
arctic_vegetation/20230724_riparianshrub32_m3m/PETF/tile_12470.png,6
arctic_vegetation/20230724_riparianshrub32_m3m/PETF/tile_12471.png,6
arctic_vegetation/20230724_riparianshrub32_m3m/WILL/tile_12472.png,11
arctic_vegetation/20230724_riparianshrub32_m3m/WILL/tile_12473.png,11
arctic_vegetation/20230724_riparianshrub32_m3m/WILL/tile_12474.png,11
arctic_vegetation/20230724_riparianshrub32_m3m/WILL/tile_12475.png,11
arctic_vegetation/20230724_riparianshrub32_m3m/WILL/tile_12476.png,11
arctic_vegetation/20230724_riparianshrub32_m3m/WILL/tile_12477.png,11
arctic_vegetation/20230724_riparianshrub32_m3m/WILL/tile_12478.png,11
arctic_vegetation/20230724_riparianshrub32_m3m/WILL/tile_12479.png,11
arctic_vegetation/20230724_riparianshrub32_m3m/WILL/tile_12480.png,11
arctic_vegetation/20230724_riparianshrub32_m3m/WILL/tile_12481.png,11
arctic_vegetation/20230724_riparianshrub32_m3m/WILL/tile_12482.png,11
arctic_vegetation/20230724_riparianshrub32_m3m/WILL/tile_12483.png,11
arctic_vegetation/20230724_riparianshrub32_m3m/ALDE/tile_12484.png,0
arctic_vegetation/20230724_riparianshrub32_m3m/ALDE/tile_12485.png,0
arctic_vegetation/20230724_riparianshrub32_m3m/ALDE/tile_12486.png,0
arctic_vegetation/20230724_riparianshrub32_m3m/ALDE/tile_12487.png,0
arctic_vegetation/20230724_riparianshrub32_m3m/ALDE/tile_12488.png,0
arctic_vegetation/20230724_riparianshrub32_m3m/ALDE/tile_12489.png,0
arctic_vegetation/20230724_riparianshrub32_m3m/WILL/tile_12490.png,11
arctic_vegetation/20230724_riparianshrub32_m3m/WILL/tile_12491.png,11
arctic_vegetation/20230724_riparianshrub32_m3m/ALDE/tile_12492.png,0
arctic_vegetation/20230724_riparianshrub32_m3m/ALDE/tile_12493.png,0
arctic_vegetation/20230724_riparianshrub32_m3m/WILL/tile_12494.png,11
arctic_vegetation/20230724_riparianshrub32_m3m/WILL/tile_12495.png,11
arctic_vegetation/20230724_riparianshrub32_m3m/WILL/tile_12496.png,11
arctic_vegetation/20230724_riparianshrub32_m3m/WILL/tile_12497.png,11
arctic_vegetation/20230724_riparianshrub32_m3m/WILL/tile_12498.png,11
arctic_vegetation/20230724_riparianshrub32_m3m/WILL/tile_12499.png,11
arctic_vegetation/20230724_riparianshrub32_m3m/WILL/tile_12500.png,11
arctic_vegetation/20230724_riparianshrub32_m3m/WILL/tile_12501.png,11
arctic_vegetation/20230724_riparianshrub32_m3m/WILL/tile_12502.png,11
arctic_vegetation/20230724_riparianshrub32_m3m/WILL/tile_12503.png,11
arctic_vegetation/20230724_riparianshrub32_m3m/WILL/tile_12504.png,11
arctic_vegetation/20230724_riparianshrub32_m3m/WILL/tile_12505.png,11
arctic_vegetation/20230724_riparianshrub32_m3m/WILL/tile_12506.png,11
arctic_vegetation/20230724_riparianshrub32_m3m/WILL/tile_12507.png,11
arctic_vegetation/20230724_riparianshrub32_m3m/WILL/tile_12508.png,11
arctic_vegetation/20230724_riparianshrub32_m3m/WILL/tile_12509.png,11
arctic_vegetation/20230724_riparianshrub32_m3m/WILL/tile_12510.png,11
arctic_vegetation/20230724_riparianshrub32_m3m/SEDG/tile_12512.png,9
arctic_vegetation/20230724_riparianshrub32_m3m/SEDG/tile_12513.png,9
arctic_vegetation/20230724_riparianshrub32_m3m/SEDG/tile_12514.png,9
arctic_vegetation/20230724_riparianshrub32_m3m/SEDG/tile_12515.png,9
arctic_vegetation/20230724_riparianshrub32_m3m/SEDG/tile_12516.png,9
arctic_vegetation/20230724_riparianshrub32_m3m/SEDG/tile_12517.png,9
arctic_vegetation/20230724_riparianshrub32_m3m/SEDG/tile_12518.png,9
arctic_vegetation/20230724_riparianshrub32_m3m/SEDG/tile_12521.png,9
arctic_vegetation/20230724_riparianshrub32_m3m/SEDG/tile_12522.png,9
arctic_vegetation/20230724_riparianshrub32_m3m/ALDE/tile_12635.png,0
arctic_vegetation/20230724_riparianshrub32_m3m/ALDE/tile_12636.png,0
arctic_vegetation/20230724_riparianshrub32_m3m/ALDE/tile_12637.png,0
arctic_vegetation/20230724_riparianshrub32_m3m/WILL/tile_12638.png,11
arctic_vegetation/20230724_riparianshrub32_m3m/WILL/tile_12639.png,11
arctic_vegetation/20230724_riparianshrub32_m3m/WILL/tile_12640.png,11
arctic_vegetation/20230724_riparianshrub32_m3m/WILL/tile_12641.png,11
arctic_vegetation/20230724_riparianshrub32_m3m/WILL/tile_12642.png,11
arctic_vegetation/20230724_riparianshrub32_m3m/WILL/tile_12643.png,11
arctic_vegetation/20230724_riparianshrub32_m3m/WILL/tile_12644.png,11
arctic_vegetation/20230724_riparianshrub32_m3m/WILL/tile_12645.png,11
arctic_vegetation/20230724_riparianshrub32_m3m/PETF/tile_12646.png,6
arctic_vegetation/20230724_riparianshrub32_m3m/PETF/tile_12647.png,6
arctic_vegetation/20230724_riparianshrub32_m3m/PETF/tile_12648.png,6
arctic_vegetation/20230724_riparianshrub32_m3m/PETF/tile_12649.png,6
arctic_vegetation/20230724_riparianshrub32_m3m/PETF/tile_12650.png,6
arctic_vegetation/20230724_riparianshrub32_m3m/PETF/tile_12651.png,6
arctic_vegetation/20230724_riparianshrub32_m3m/WILL/tile_12652.png,11
arctic_vegetation/20230724_riparianshrub32_m3m/WILL/tile_12653.png,11
arctic_vegetation/20230724_riparianshrub32_m3m/WILL/tile_12654.png,11
arctic_vegetation/20230724_riparianshrub32_m3m/WILL/tile_12655.png,11
arctic_vegetation/20230724_riparianshrub32_m3m/WILL/tile_12656.png,11
arctic_vegetation/20230724_riparianshrub32_m3m/WILL/tile_12657.png,11
arctic_vegetation/20230724_riparianshrub32_m3m/WILL/tile_12658.png,11
arctic_vegetation/20230724_riparianshrub32_m3m/WILL/tile_12659.png,11
arctic_vegetation/20230724_riparianshrub32_m3m/WILL/tile_12660.png,11
arctic_vegetation/20230724_riparianshrub32_m3m/ALDE/tile_12661.png,0
arctic_vegetation/20230724_riparianshrub32_m3m/ALDE/tile_12662.png,0
arctic_vegetation/20230724_riparianshrub32_m3m/ALDE/tile_12663.png,0
arctic_vegetation/20230724_riparianshrub32_m3m/ALDE/tile_12664.png,0
arctic_vegetation/20230724_riparianshrub32_m3m/ALDE/tile_12665.png,0
arctic_vegetation/20230724_riparianshrub32_m3m/ALDE/tile_12666.png,0
arctic_vegetation/20230724_riparianshrub32_m3m/ALDE/tile_12667.png,0
arctic_vegetation/20230724_riparianshrub32_m3m/ALDE/tile_12668.png,0
arctic_vegetation/20230724_riparianshrub32_m3m/ALDE/tile_12669.png,0
arctic_vegetation/20230724_riparianshrub32_m3m/ALDE/tile_12670.png,0
arctic_vegetation/20230724_riparianshrub32_m3m/ALDE/tile_12671.png,0
arctic_vegetation/20230724_riparianshrub32_m3m/ALDE/tile_12672.png,0
arctic_vegetation/20230724_riparianshrub32_m3m/ALDE/tile_12673.png,0
arctic_vegetation/20230724_riparianshrub32_m3m/WILL/tile_12674.png,11
arctic_vegetation/20230724_riparianshrub32_m3m/WILL/tile_12675.png,11
arctic_vegetation/20230724_riparianshrub32_m3m/WILL/tile_12676.png,11
arctic_vegetation/20230724_riparianshrub32_m3m/WILL/tile_12677.png,11
arctic_vegetation/20230724_riparianshrub32_m3m/WILL/tile_12678.png,11
arctic_vegetation/20230724_riparianshrub32_m3m/WILL/tile_12679.png,11
arctic_vegetation/20230724_riparianshrub32_m3m/WILL/tile_12680.png,11
arctic_vegetation/20230724_riparianshrub32_m3m/WILL/tile_12681.png,11
arctic_vegetation/20230724_riparianshrub32_m3m/WILL/tile_12682.png,11
arctic_vegetation/20230724_riparianshrub32_m3m/WILL/tile_12683.png,11
arctic_vegetation/20230724_riparianshrub32_m3m/SEDG/tile_12684.png,9
arctic_vegetation/20230724_riparianshrub32_m3m/WILL/tile_12685.png,11
arctic_vegetation/20230724_riparianshrub32_m3m/WILL/tile_12686.png,11
arctic_vegetation/20230724_riparianshrub32_m3m/WILL/tile_12687.png,11
arctic_vegetation/20230724_riparianshrub32_m3m/WILL/tile_12688.png,11
arctic_vegetation/20230724_riparianshrub32_m3m/WILL/tile_12689.png,11
arctic_vegetation/20230724_riparianshrub32_m3m/WILL/tile_12690.png,11
arctic_vegetation/20230724_riparianshrub32_m3m/SEDG/tile_12692.png,9
arctic_vegetation/20230724_riparianshrub32_m3m/SEDG/tile_12693.png,9
arctic_vegetation/20230724_riparianshrub32_m3m/SEDG/tile_12694.png,9
arctic_vegetation/20230724_riparianshrub32_m3m/SEDG/tile_12695.png,9
arctic_vegetation/20230724_riparianshrub32_m3m/SEDG/tile_12696.png,9
arctic_vegetation/20230724_riparianshrub32_m3m/SEDG/tile_12697.png,9
arctic_vegetation/20230724_riparianshrub32_m3m/SEDG/tile_12698.png,9
arctic_vegetation/20230724_riparianshrub32_m3m/SEDG/tile_12699.png,9
arctic_vegetation/20230724_riparianshrub32_m3m/SEDG/tile_12700.png,9
arctic_vegetation/20230724_riparianshrub32_m3m/SEDG/tile_12701.png,9
arctic_vegetation/20230724_riparianshrub32_m3m/SEDG/tile_12702.png,9
arctic_vegetation/20230724_riparianshrub32_m3m/ALDE/tile_12815.png,0
arctic_vegetation/20230724_riparianshrub32_m3m/ALDE/tile_12816.png,0
arctic_vegetation/20230724_riparianshrub32_m3m/ALDE/tile_12817.png,0
arctic_vegetation/20230724_riparianshrub32_m3m/SEDG/tile_12818.png,9
arctic_vegetation/20230724_riparianshrub32_m3m/WILL/tile_12819.png,11
arctic_vegetation/20230724_riparianshrub32_m3m/WILL/tile_12820.png,11
arctic_vegetation/20230724_riparianshrub32_m3m/WILL/tile_12821.png,11
arctic_vegetation/20230724_riparianshrub32_m3m/WILL/tile_12822.png,11
arctic_vegetation/20230724_riparianshrub32_m3m/WILL/tile_12823.png,11
arctic_vegetation/20230724_riparianshrub32_m3m/SEDG/tile_12824.png,9
arctic_vegetation/20230724_riparianshrub32_m3m/PETF/tile_12825.png,6
arctic_vegetation/20230724_riparianshrub32_m3m/PETF/tile_12826.png,6
arctic_vegetation/20230724_riparianshrub32_m3m/PETF/tile_12827.png,6
arctic_vegetation/20230724_riparianshrub32_m3m/PETF/tile_12828.png,6
arctic_vegetation/20230724_riparianshrub32_m3m/PETF/tile_12829.png,6
arctic_vegetation/20230724_riparianshrub32_m3m/PETF/tile_12830.png,6
arctic_vegetation/20230724_riparianshrub32_m3m/PETF/tile_12831.png,6
arctic_vegetation/20230724_riparianshrub32_m3m/WILL/tile_12832.png,11
arctic_vegetation/20230724_riparianshrub32_m3m/WILL/tile_12833.png,11
arctic_vegetation/20230724_riparianshrub32_m3m/WILL/tile_12834.png,11
arctic_vegetation/20230724_riparianshrub32_m3m/WILL/tile_12835.png,11
arctic_vegetation/20230724_riparianshrub32_m3m/WILL/tile_12836.png,11
arctic_vegetation/20230724_riparianshrub32_m3m/WILL/tile_12837.png,11
arctic_vegetation/20230724_riparianshrub32_m3m/WILL/tile_12838.png,11
arctic_vegetation/20230724_riparianshrub32_m3m/WILL/tile_12839.png,11
arctic_vegetation/20230724_riparianshrub32_m3m/ALDE/tile_12840.png,0
arctic_vegetation/20230724_riparianshrub32_m3m/ALDE/tile_12841.png,0
arctic_vegetation/20230724_riparianshrub32_m3m/ALDE/tile_12842.png,0
arctic_vegetation/20230724_riparianshrub32_m3m/ALDE/tile_12843.png,0
arctic_vegetation/20230724_riparianshrub32_m3m/ALDE/tile_12844.png,0
arctic_vegetation/20230724_riparianshrub32_m3m/ALDE/tile_12845.png,0
arctic_vegetation/20230724_riparianshrub32_m3m/ALDE/tile_12846.png,0
arctic_vegetation/20230724_riparianshrub32_m3m/ALDE/tile_12847.png,0
arctic_vegetation/20230724_riparianshrub32_m3m/WILL/tile_12848.png,11
arctic_vegetation/20230724_riparianshrub32_m3m/WILL/tile_12849.png,11
arctic_vegetation/20230724_riparianshrub32_m3m/WILL/tile_12850.png,11
arctic_vegetation/20230724_riparianshrub32_m3m/ALDE/tile_12851.png,0
arctic_vegetation/20230724_riparianshrub32_m3m/ALDE/tile_12852.png,0
arctic_vegetation/20230724_riparianshrub32_m3m/ALDE/tile_12853.png,0
arctic_vegetation/20230724_riparianshrub32_m3m/WILL/tile_12854.png,11
arctic_vegetation/20230724_riparianshrub32_m3m/WILL/tile_12855.png,11
arctic_vegetation/20230724_riparianshrub32_m3m/WILL/tile_12856.png,11
arctic_vegetation/20230724_riparianshrub32_m3m/WILL/tile_12857.png,11
arctic_vegetation/20230724_riparianshrub32_m3m/WILL/tile_12858.png,11
arctic_vegetation/20230724_riparianshrub32_m3m/WILL/tile_12859.png,11
arctic_vegetation/20230724_riparianshrub32_m3m/WILL/tile_12860.png,11
arctic_vegetation/20230724_riparianshrub32_m3m/WILL/tile_12861.png,11
arctic_vegetation/20230724_riparianshrub32_m3m/WILL/tile_12862.png,11
arctic_vegetation/20230724_riparianshrub32_m3m/WILL/tile_12863.png,11
arctic_vegetation/20230724_riparianshrub32_m3m/SEDG/tile_12864.png,9
arctic_vegetation/20230724_riparianshrub32_m3m/WILL/tile_12865.png,11
arctic_vegetation/20230724_riparianshrub32_m3m/WILL/tile_12866.png,11
arctic_vegetation/20230724_riparianshrub32_m3m/WILL/tile_12867.png,11
arctic_vegetation/20230724_riparianshrub32_m3m/WILL/tile_12868.png,11
arctic_vegetation/20230724_riparianshrub32_m3m/SEDG/tile_12869.png,9
arctic_vegetation/20230724_riparianshrub32_m3m/WILL/tile_12870.png,11
arctic_vegetation/20230724_riparianshrub32_m3m/SEDG/tile_12872.png,9
arctic_vegetation/20230724_riparianshrub32_m3m/SEDG/tile_12873.png,9
arctic_vegetation/20230724_riparianshrub32_m3m/SEDG/tile_12874.png,9
arctic_vegetation/20230724_riparianshrub32_m3m/SEDG/tile_12875.png,9
arctic_vegetation/20230724_riparianshrub32_m3m/SEDG/tile_12876.png,9
arctic_vegetation/20230724_riparianshrub32_m3m/SEDG/tile_12877.png,9
arctic_vegetation/20230724_riparianshrub32_m3m/SEDG/tile_12878.png,9
arctic_vegetation/20230724_riparianshrub32_m3m/SEDG/tile_12879.png,9
arctic_vegetation/20230724_riparianshrub32_m3m/SEDG/tile_12880.png,9
arctic_vegetation/20230724_riparianshrub32_m3m/SEDG/tile_12881.png,9
arctic_vegetation/20230724_riparianshrub32_m3m/SEDG/tile_12882.png,9
arctic_vegetation/20230724_riparianshrub32_m3m/PETF/tile_12999.png,6
arctic_vegetation/20230724_riparianshrub32_m3m/PETF/tile_13000.png,6
arctic_vegetation/20230724_riparianshrub32_m3m/PETF/tile_13001.png,6
arctic_vegetation/20230724_riparianshrub32_m3m/PETF/tile_13002.png,6
arctic_vegetation/20230724_riparianshrub32_m3m/PETF/tile_13003.png,6
arctic_vegetation/20230724_riparianshrub32_m3m/PETF/tile_13004.png,6
arctic_vegetation/20230724_riparianshrub32_m3m/PETF/tile_13005.png,6
arctic_vegetation/20230724_riparianshrub32_m3m/PETF/tile_13006.png,6
arctic_vegetation/20230724_riparianshrub32_m3m/PETF/tile_13007.png,6
arctic_vegetation/20230724_riparianshrub32_m3m/PETF/tile_13008.png,6
arctic_vegetation/20230724_riparianshrub32_m3m/PETF/tile_13009.png,6
arctic_vegetation/20230724_riparianshrub32_m3m/PETF/tile_13010.png,6
arctic_vegetation/20230724_riparianshrub32_m3m/PETF/tile_13011.png,6
arctic_vegetation/20230724_riparianshrub32_m3m/PETF/tile_13012.png,6
arctic_vegetation/20230724_riparianshrub32_m3m/PETF/tile_13013.png,6
arctic_vegetation/20230724_riparianshrub32_m3m/WILL/tile_13014.png,11
arctic_vegetation/20230724_riparianshrub32_m3m/WILL/tile_13015.png,11
arctic_vegetation/20230724_riparianshrub32_m3m/WILL/tile_13016.png,11
arctic_vegetation/20230724_riparianshrub32_m3m/WILL/tile_13017.png,11
arctic_vegetation/20230724_riparianshrub32_m3m/WILL/tile_13018.png,11
arctic_vegetation/20230724_riparianshrub32_m3m/WILL/tile_13019.png,11
arctic_vegetation/20230724_riparianshrub32_m3m/WILL/tile_13020.png,11
arctic_vegetation/20230724_riparianshrub32_m3m/WILL/tile_13021.png,11
arctic_vegetation/20230724_riparianshrub32_m3m/WILL/tile_13022.png,11
arctic_vegetation/20230724_riparianshrub32_m3m/ALDE/tile_13024.png,0
arctic_vegetation/20230724_riparianshrub32_m3m/ALDE/tile_13025.png,0
arctic_vegetation/20230724_riparianshrub32_m3m/WILL/tile_13026.png,11
arctic_vegetation/20230724_riparianshrub32_m3m/WILL/tile_13027.png,11
arctic_vegetation/20230724_riparianshrub32_m3m/WILL/tile_13028.png,11
arctic_vegetation/20230724_riparianshrub32_m3m/WILL/tile_13029.png,11
arctic_vegetation/20230724_riparianshrub32_m3m/WILL/tile_13030.png,11
arctic_vegetation/20230724_riparianshrub32_m3m/ALDE/tile_13031.png,0
arctic_vegetation/20230724_riparianshrub32_m3m/ALDE/tile_13032.png,0
arctic_vegetation/20230724_riparianshrub32_m3m/ALDE/tile_13033.png,0
arctic_vegetation/20230724_riparianshrub32_m3m/ALDE/tile_13034.png,0
arctic_vegetation/20230724_riparianshrub32_m3m/WILL/tile_13035.png,11
arctic_vegetation/20230724_riparianshrub32_m3m/WILL/tile_13036.png,11
arctic_vegetation/20230724_riparianshrub32_m3m/WILL/tile_13037.png,11
arctic_vegetation/20230724_riparianshrub32_m3m/WILL/tile_13038.png,11
arctic_vegetation/20230724_riparianshrub32_m3m/WILL/tile_13039.png,11
arctic_vegetation/20230724_riparianshrub32_m3m/WILL/tile_13040.png,11
arctic_vegetation/20230724_riparianshrub32_m3m/WILL/tile_13041.png,11
arctic_vegetation/20230724_riparianshrub32_m3m/WILL/tile_13042.png,11
arctic_vegetation/20230724_riparianshrub32_m3m/WILL/tile_13043.png,11
arctic_vegetation/20230724_riparianshrub32_m3m/SEDG/tile_13044.png,9
arctic_vegetation/20230724_riparianshrub32_m3m/WILL/tile_13045.png,11
arctic_vegetation/20230724_riparianshrub32_m3m/WILL/tile_13046.png,11
arctic_vegetation/20230724_riparianshrub32_m3m/SEDG/tile_13047.png,9
arctic_vegetation/20230724_riparianshrub32_m3m/SEDG/tile_13048.png,9
arctic_vegetation/20230724_riparianshrub32_m3m/SEDG/tile_13049.png,9
arctic_vegetation/20230724_riparianshrub32_m3m/SEDG/tile_13051.png,9
arctic_vegetation/20230724_riparianshrub32_m3m/SEDG/tile_13052.png,9
arctic_vegetation/20230724_riparianshrub32_m3m/SEDG/tile_13053.png,9
arctic_vegetation/20230724_riparianshrub32_m3m/SEDG/tile_13054.png,9
arctic_vegetation/20230724_riparianshrub32_m3m/SEDG/tile_13055.png,9
arctic_vegetation/20230724_riparianshrub32_m3m/SEDG/tile_13056.png,9
arctic_vegetation/20230724_riparianshrub32_m3m/SEDG/tile_13057.png,9
arctic_vegetation/20230724_riparianshrub32_m3m/SEDG/tile_13058.png,9
arctic_vegetation/20230724_riparianshrub32_m3m/SEDG/tile_13059.png,9
arctic_vegetation/20230724_riparianshrub32_m3m/SEDG/tile_13060.png,9
arctic_vegetation/20230724_riparianshrub32_m3m/PETF/tile_13179.png,6
arctic_vegetation/20230724_riparianshrub32_m3m/PETF/tile_13180.png,6
arctic_vegetation/20230724_riparianshrub32_m3m/SEDG/tile_13181.png,9
arctic_vegetation/20230724_riparianshrub32_m3m/SEDG/tile_13182.png,9
arctic_vegetation/20230724_riparianshrub32_m3m/SEDG/tile_13183.png,9
arctic_vegetation/20230724_riparianshrub32_m3m/PETF/tile_13184.png,6
arctic_vegetation/20230724_riparianshrub32_m3m/PETF/tile_13185.png,6
arctic_vegetation/20230724_riparianshrub32_m3m/PETF/tile_13186.png,6
arctic_vegetation/20230724_riparianshrub32_m3m/PETF/tile_13187.png,6
arctic_vegetation/20230724_riparianshrub32_m3m/PETF/tile_13188.png,6
arctic_vegetation/20230724_riparianshrub32_m3m/PETF/tile_13189.png,6
arctic_vegetation/20230724_riparianshrub32_m3m/PETF/tile_13190.png,6
arctic_vegetation/20230724_riparianshrub32_m3m/PETF/tile_13191.png,6
arctic_vegetation/20230724_riparianshrub32_m3m/PETF/tile_13192.png,6
arctic_vegetation/20230724_riparianshrub32_m3m/PETF/tile_13193.png,6
arctic_vegetation/20230724_riparianshrub32_m3m/PETF/tile_13194.png,6
arctic_vegetation/20230724_riparianshrub32_m3m/PETF/tile_13195.png,6
arctic_vegetation/20230724_riparianshrub32_m3m/WILL/tile_13196.png,11
arctic_vegetation/20230724_riparianshrub32_m3m/WILL/tile_13197.png,11
arctic_vegetation/20230724_riparianshrub32_m3m/WILL/tile_13198.png,11
arctic_vegetation/20230724_riparianshrub32_m3m/WILL/tile_13199.png,11
arctic_vegetation/20230724_riparianshrub32_m3m/WILL/tile_13200.png,11
arctic_vegetation/20230724_riparianshrub32_m3m/WILL/tile_13201.png,11
arctic_vegetation/20230724_riparianshrub32_m3m/WILL/tile_13202.png,11
arctic_vegetation/20230724_riparianshrub32_m3m/PETF/tile_13203.png,6
arctic_vegetation/20230724_riparianshrub32_m3m/WILL/tile_13204.png,11
arctic_vegetation/20230724_riparianshrub32_m3m/WILL/tile_13205.png,11
arctic_vegetation/20230724_riparianshrub32_m3m/WILL/tile_13206.png,11
arctic_vegetation/20230724_riparianshrub32_m3m/WILL/tile_13207.png,11
arctic_vegetation/20230724_riparianshrub32_m3m/ALDE/tile_13209.png,0
arctic_vegetation/20230724_riparianshrub32_m3m/ALDE/tile_13210.png,0
arctic_vegetation/20230724_riparianshrub32_m3m/ALDE/tile_13211.png,0
arctic_vegetation/20230724_riparianshrub32_m3m/ALDE/tile_13212.png,0
arctic_vegetation/20230724_riparianshrub32_m3m/ALDE/tile_13213.png,0
arctic_vegetation/20230724_riparianshrub32_m3m/ALDE/tile_13214.png,0
arctic_vegetation/20230724_riparianshrub32_m3m/SEDG/tile_13215.png,9
arctic_vegetation/20230724_riparianshrub32_m3m/WILL/tile_13216.png,11
arctic_vegetation/20230724_riparianshrub32_m3m/WILL/tile_13217.png,11
arctic_vegetation/20230724_riparianshrub32_m3m/WILL/tile_13218.png,11
arctic_vegetation/20230724_riparianshrub32_m3m/WILL/tile_13219.png,11
arctic_vegetation/20230724_riparianshrub32_m3m/WILL/tile_13220.png,11
arctic_vegetation/20230724_riparianshrub32_m3m/WILL/tile_13221.png,11
arctic_vegetation/20230724_riparianshrub32_m3m/WILL/tile_13222.png,11
arctic_vegetation/20230724_riparianshrub32_m3m/WILL/tile_13223.png,11
arctic_vegetation/20230724_riparianshrub32_m3m/WILL/tile_13224.png,11
arctic_vegetation/20230724_riparianshrub32_m3m/WILL/tile_13225.png,11
arctic_vegetation/20230724_riparianshrub32_m3m/WILL/tile_13226.png,11
arctic_vegetation/20230724_riparianshrub32_m3m/SEDG/tile_13227.png,9
arctic_vegetation/20230724_riparianshrub32_m3m/SEDG/tile_13228.png,9
arctic_vegetation/20230724_riparianshrub32_m3m/SEDG/tile_13229.png,9
arctic_vegetation/20230724_riparianshrub32_m3m/SEDG/tile_13231.png,9
arctic_vegetation/20230724_riparianshrub32_m3m/SEDG/tile_13232.png,9
arctic_vegetation/20230724_riparianshrub32_m3m/SEDG/tile_13233.png,9
arctic_vegetation/20230724_riparianshrub32_m3m/SEDG/tile_13236.png,9
arctic_vegetation/20230724_riparianshrub32_m3m/SEDG/tile_13237.png,9
arctic_vegetation/20230724_riparianshrub32_m3m/SEDG/tile_13238.png,9
arctic_vegetation/20230724_riparianshrub32_m3m/SEDG/tile_13239.png,9
arctic_vegetation/20230724_riparianshrub32_m3m/ALDE/tile_13242.png,0
arctic_vegetation/20230724_riparianshrub32_m3m/ALDE/tile_13243.png,0
arctic_vegetation/20230724_riparianshrub32_m3m/ALDE/tile_13244.png,0
arctic_vegetation/20230724_riparianshrub32_m3m/WILL/tile_13245.png,11
arctic_vegetation/20230724_riparianshrub32_m3m/WILL/tile_13246.png,11
arctic_vegetation/20230724_riparianshrub32_m3m/WILL/tile_13247.png,11
arctic_vegetation/20230724_riparianshrub32_m3m/WILL/tile_13248.png,11
arctic_vegetation/20230724_riparianshrub32_m3m/WILL/tile_13249.png,11
arctic_vegetation/20230724_riparianshrub32_m3m/WILL/tile_13250.png,11
arctic_vegetation/20230724_riparianshrub32_m3m/WILL/tile_13251.png,11
arctic_vegetation/20230724_riparianshrub32_m3m/WILL/tile_13252.png,11
arctic_vegetation/20230724_riparianshrub32_m3m/WILL/tile_13253.png,11
arctic_vegetation/20230724_riparianshrub32_m3m/SEDG/tile_13360.png,9
arctic_vegetation/20230724_riparianshrub32_m3m/SEDG/tile_13361.png,9
arctic_vegetation/20230724_riparianshrub32_m3m/SEDG/tile_13362.png,9
arctic_vegetation/20230724_riparianshrub32_m3m/SEDG/tile_13363.png,9
arctic_vegetation/20230724_riparianshrub32_m3m/SEDG/tile_13364.png,9
arctic_vegetation/20230724_riparianshrub32_m3m/PETF/tile_13365.png,6
arctic_vegetation/20230724_riparianshrub32_m3m/PETF/tile_13366.png,6
arctic_vegetation/20230724_riparianshrub32_m3m/PETF/tile_13367.png,6
arctic_vegetation/20230724_riparianshrub32_m3m/PETF/tile_13368.png,6
arctic_vegetation/20230724_riparianshrub32_m3m/PETF/tile_13369.png,6
arctic_vegetation/20230724_riparianshrub32_m3m/PETF/tile_13370.png,6
arctic_vegetation/20230724_riparianshrub32_m3m/PETF/tile_13371.png,6
arctic_vegetation/20230724_riparianshrub32_m3m/PETF/tile_13372.png,6
arctic_vegetation/20230724_riparianshrub32_m3m/PETF/tile_13373.png,6
arctic_vegetation/20230724_riparianshrub32_m3m/PETF/tile_13374.png,6
arctic_vegetation/20230724_riparianshrub32_m3m/PETF/tile_13375.png,6
arctic_vegetation/20230724_riparianshrub32_m3m/SEDG/tile_13376.png,9
arctic_vegetation/20230724_riparianshrub32_m3m/WILL/tile_13377.png,11
arctic_vegetation/20230724_riparianshrub32_m3m/WILL/tile_13378.png,11
arctic_vegetation/20230724_riparianshrub32_m3m/WILL/tile_13379.png,11
arctic_vegetation/20230724_riparianshrub32_m3m/WILL/tile_13380.png,11
arctic_vegetation/20230724_riparianshrub32_m3m/WILL/tile_13381.png,11
arctic_vegetation/20230724_riparianshrub32_m3m/WILL/tile_13382.png,11
arctic_vegetation/20230724_riparianshrub32_m3m/PETF/tile_13383.png,6
arctic_vegetation/20230724_riparianshrub32_m3m/ALDE/tile_13389.png,0
arctic_vegetation/20230724_riparianshrub32_m3m/ALDE/tile_13390.png,0
arctic_vegetation/20230724_riparianshrub32_m3m/ALDE/tile_13391.png,0
arctic_vegetation/20230724_riparianshrub32_m3m/ALDE/tile_13392.png,0
arctic_vegetation/20230724_riparianshrub32_m3m/ALDE/tile_13393.png,0
arctic_vegetation/20230724_riparianshrub32_m3m/ALDE/tile_13394.png,0
arctic_vegetation/20230724_riparianshrub32_m3m/SEDG/tile_13395.png,9
arctic_vegetation/20230724_riparianshrub32_m3m/WILL/tile_13396.png,11
arctic_vegetation/20230724_riparianshrub32_m3m/WILL/tile_13397.png,11
arctic_vegetation/20230724_riparianshrub32_m3m/WILL/tile_13398.png,11
arctic_vegetation/20230724_riparianshrub32_m3m/WILL/tile_13399.png,11
arctic_vegetation/20230724_riparianshrub32_m3m/WILL/tile_13400.png,11
arctic_vegetation/20230724_riparianshrub32_m3m/WILL/tile_13401.png,11
arctic_vegetation/20230724_riparianshrub32_m3m/WILL/tile_13402.png,11
arctic_vegetation/20230724_riparianshrub32_m3m/WILL/tile_13403.png,11
arctic_vegetation/20230724_riparianshrub32_m3m/WILL/tile_13404.png,11
arctic_vegetation/20230724_riparianshrub32_m3m/WILL/tile_13405.png,11
arctic_vegetation/20230724_riparianshrub32_m3m/WILL/tile_13406.png,11
arctic_vegetation/20230724_riparianshrub32_m3m/SEDG/tile_13407.png,9
arctic_vegetation/20230724_riparianshrub32_m3m/SEDG/tile_13408.png,9
arctic_vegetation/20230724_riparianshrub32_m3m/SEDG/tile_13409.png,9
arctic_vegetation/20230724_riparianshrub32_m3m/SEDG/tile_13410.png,9
arctic_vegetation/20230724_riparianshrub32_m3m/SEDG/tile_13411.png,9
arctic_vegetation/20230724_riparianshrub32_m3m/SEDG/tile_13412.png,9
arctic_vegetation/20230724_riparianshrub32_m3m/SEDG/tile_13413.png,9
arctic_vegetation/20230724_riparianshrub32_m3m/SEDG/tile_13416.png,9
arctic_vegetation/20230724_riparianshrub32_m3m/SEDG/tile_13417.png,9
arctic_vegetation/20230724_riparianshrub32_m3m/SEDG/tile_13418.png,9
arctic_vegetation/20230724_riparianshrub32_m3m/ALDE/tile_13419.png,0
arctic_vegetation/20230724_riparianshrub32_m3m/ALDE/tile_13420.png,0
arctic_vegetation/20230724_riparianshrub32_m3m/ALDE/tile_13421.png,0
arctic_vegetation/20230724_riparianshrub32_m3m/ALDE/tile_13422.png,0
arctic_vegetation/20230724_riparianshrub32_m3m/ALDE/tile_13423.png,0
arctic_vegetation/20230724_riparianshrub32_m3m/ALDE/tile_13424.png,0
arctic_vegetation/20230724_riparianshrub32_m3m/ALDE/tile_13425.png,0
arctic_vegetation/20230724_riparianshrub32_m3m/ALDE/tile_13426.png,0
arctic_vegetation/20230724_riparianshrub32_m3m/WILL/tile_13427.png,11
arctic_vegetation/20230724_riparianshrub32_m3m/WILL/tile_13428.png,11
arctic_vegetation/20230724_riparianshrub32_m3m/WILL/tile_13429.png,11
arctic_vegetation/20230724_riparianshrub32_m3m/WILL/tile_13430.png,11
arctic_vegetation/20230724_riparianshrub32_m3m/WILL/tile_13431.png,11
arctic_vegetation/20230724_riparianshrub32_m3m/WILL/tile_13432.png,11
arctic_vegetation/20230724_riparianshrub32_m3m/WILL/tile_13433.png,11
arctic_vegetation/20230724_riparianshrub32_m3m/LICH/tile_13538.png,4
arctic_vegetation/20230724_riparianshrub32_m3m/LICH/tile_13539.png,4
arctic_vegetation/20230724_riparianshrub32_m3m/SEDG/tile_13540.png,9
arctic_vegetation/20230724_riparianshrub32_m3m/SEDG/tile_13541.png,9
arctic_vegetation/20230724_riparianshrub32_m3m/SEDG/tile_13542.png,9
arctic_vegetation/20230724_riparianshrub32_m3m/SEDG/tile_13543.png,9
arctic_vegetation/20230724_riparianshrub32_m3m/SEDG/tile_13544.png,9
arctic_vegetation/20230724_riparianshrub32_m3m/SEDG/tile_13545.png,9
arctic_vegetation/20230724_riparianshrub32_m3m/PETF/tile_13546.png,6
arctic_vegetation/20230724_riparianshrub32_m3m/PETF/tile_13547.png,6
arctic_vegetation/20230724_riparianshrub32_m3m/PETF/tile_13548.png,6
arctic_vegetation/20230724_riparianshrub32_m3m/PETF/tile_13549.png,6
arctic_vegetation/20230724_riparianshrub32_m3m/PETF/tile_13550.png,6
arctic_vegetation/20230724_riparianshrub32_m3m/PETF/tile_13551.png,6
arctic_vegetation/20230724_riparianshrub32_m3m/PETF/tile_13552.png,6
arctic_vegetation/20230724_riparianshrub32_m3m/PETF/tile_13553.png,6
arctic_vegetation/20230724_riparianshrub32_m3m/PETF/tile_13554.png,6
arctic_vegetation/20230724_riparianshrub32_m3m/PETF/tile_13555.png,6
arctic_vegetation/20230724_riparianshrub32_m3m/ALDE/tile_13558.png,0
arctic_vegetation/20230724_riparianshrub32_m3m/ALDE/tile_13559.png,0
arctic_vegetation/20230724_riparianshrub32_m3m/PETF/tile_13560.png,6
arctic_vegetation/20230724_riparianshrub32_m3m/PETF/tile_13561.png,6
arctic_vegetation/20230724_riparianshrub32_m3m/PETF/tile_13562.png,6
arctic_vegetation/20230724_riparianshrub32_m3m/PETF/tile_13563.png,6
arctic_vegetation/20230724_riparianshrub32_m3m/ALDE/tile_13568.png,0
arctic_vegetation/20230724_riparianshrub32_m3m/ALDE/tile_13569.png,0
arctic_vegetation/20230724_riparianshrub32_m3m/ALDE/tile_13570.png,0
arctic_vegetation/20230724_riparianshrub32_m3m/ALDE/tile_13571.png,0
arctic_vegetation/20230724_riparianshrub32_m3m/ALDE/tile_13572.png,0
arctic_vegetation/20230724_riparianshrub32_m3m/ALDE/tile_13573.png,0
arctic_vegetation/20230724_riparianshrub32_m3m/SEDG/tile_13574.png,9
arctic_vegetation/20230724_riparianshrub32_m3m/SEDG/tile_13575.png,9
arctic_vegetation/20230724_riparianshrub32_m3m/WILL/tile_13576.png,11
arctic_vegetation/20230724_riparianshrub32_m3m/WILL/tile_13577.png,11
arctic_vegetation/20230724_riparianshrub32_m3m/WILL/tile_13578.png,11
arctic_vegetation/20230724_riparianshrub32_m3m/WILL/tile_13579.png,11
arctic_vegetation/20230724_riparianshrub32_m3m/WILL/tile_13580.png,11
arctic_vegetation/20230724_riparianshrub32_m3m/WILL/tile_13581.png,11
arctic_vegetation/20230724_riparianshrub32_m3m/WILL/tile_13582.png,11
arctic_vegetation/20230724_riparianshrub32_m3m/WILL/tile_13583.png,11
arctic_vegetation/20230724_riparianshrub32_m3m/WILL/tile_13584.png,11
arctic_vegetation/20230724_riparianshrub32_m3m/WILL/tile_13585.png,11
arctic_vegetation/20230724_riparianshrub32_m3m/WILL/tile_13586.png,11
arctic_vegetation/20230724_riparianshrub32_m3m/WILL/tile_13587.png,11
arctic_vegetation/20230724_riparianshrub32_m3m/SEDG/tile_13588.png,9
arctic_vegetation/20230724_riparianshrub32_m3m/SEDG/tile_13589.png,9
arctic_vegetation/20230724_riparianshrub32_m3m/SEDG/tile_13590.png,9
arctic_vegetation/20230724_riparianshrub32_m3m/SEDG/tile_13591.png,9
arctic_vegetation/20230724_riparianshrub32_m3m/SEDG/tile_13592.png,9
arctic_vegetation/20230724_riparianshrub32_m3m/SEDG/tile_13593.png,9
arctic_vegetation/20230724_riparianshrub32_m3m/SEDG/tile_13597.png,9
arctic_vegetation/20230724_riparianshrub32_m3m/SEDG/tile_13598.png,9
arctic_vegetation/20230724_riparianshrub32_m3m/ALDE/tile_13599.png,0
arctic_vegetation/20230724_riparianshrub32_m3m/ALDE/tile_13600.png,0
arctic_vegetation/20230724_riparianshrub32_m3m/ALDE/tile_13601.png,0
arctic_vegetation/20230724_riparianshrub32_m3m/ALDE/tile_13602.png,0
arctic_vegetation/20230724_riparianshrub32_m3m/ALDE/tile_13603.png,0
arctic_vegetation/20230724_riparianshrub32_m3m/ALDE/tile_13604.png,0
arctic_vegetation/20230724_riparianshrub32_m3m/ALDE/tile_13605.png,0
arctic_vegetation/20230724_riparianshrub32_m3m/ALDE/tile_13606.png,0
arctic_vegetation/20230724_riparianshrub32_m3m/WILL/tile_13607.png,11
arctic_vegetation/20230724_riparianshrub32_m3m/WILL/tile_13608.png,11
arctic_vegetation/20230724_riparianshrub32_m3m/WILL/tile_13609.png,11
arctic_vegetation/20230724_riparianshrub32_m3m/WILL/tile_13610.png,11
arctic_vegetation/20230724_riparianshrub32_m3m/WILL/tile_13611.png,11
arctic_vegetation/20230724_riparianshrub32_m3m/WILL/tile_13612.png,11
arctic_vegetation/20230724_riparianshrub32_m3m/WILL/tile_13613.png,11
arctic_vegetation/20230724_riparianshrub32_m3m/SEDG/tile_13614.png,9
arctic_vegetation/20230724_riparianshrub32_m3m/SEDG/tile_13615.png,9
arctic_vegetation/20230724_riparianshrub32_m3m/SEDG/tile_13616.png,9
arctic_vegetation/20230724_riparianshrub32_m3m/ALDE/tile_13617.png,0
arctic_vegetation/20230724_riparianshrub32_m3m/ALDE/tile_13618.png,0
arctic_vegetation/20230724_riparianshrub32_m3m/ALDE/tile_13619.png,0
arctic_vegetation/20230724_riparianshrub32_m3m/MOSS/tile_13622.png,5
arctic_vegetation/20230724_riparianshrub32_m3m/MOSS/tile_13623.png,5
arctic_vegetation/20230724_riparianshrub32_m3m/MOSS/tile_13624.png,5
arctic_vegetation/20230724_riparianshrub32_m3m/LICH/tile_13718.png,4
arctic_vegetation/20230724_riparianshrub32_m3m/LICH/tile_13719.png,4
arctic_vegetation/20230724_riparianshrub32_m3m/SEDG/tile_13720.png,9
arctic_vegetation/20230724_riparianshrub32_m3m/SEDG/tile_13721.png,9
arctic_vegetation/20230724_riparianshrub32_m3m/SEDG/tile_13722.png,9
arctic_vegetation/20230724_riparianshrub32_m3m/SEDG/tile_13723.png,9
arctic_vegetation/20230724_riparianshrub32_m3m/SEDG/tile_13724.png,9
arctic_vegetation/20230724_riparianshrub32_m3m/SEDG/tile_13725.png,9
arctic_vegetation/20230724_riparianshrub32_m3m/SEDG/tile_13726.png,9
arctic_vegetation/20230724_riparianshrub32_m3m/SEDG/tile_13727.png,9
arctic_vegetation/20230724_riparianshrub32_m3m/SEDG/tile_13728.png,9
arctic_vegetation/20230724_riparianshrub32_m3m/SEDG/tile_13729.png,9
arctic_vegetation/20230724_riparianshrub32_m3m/PETF/tile_13730.png,6
arctic_vegetation/20230724_riparianshrub32_m3m/PETF/tile_13731.png,6
arctic_vegetation/20230724_riparianshrub32_m3m/PETF/tile_13732.png,6
arctic_vegetation/20230724_riparianshrub32_m3m/PETF/tile_13733.png,6
arctic_vegetation/20230724_riparianshrub32_m3m/PETF/tile_13734.png,6
arctic_vegetation/20230724_riparianshrub32_m3m/SEDG/tile_13735.png,9
arctic_vegetation/20230724_riparianshrub32_m3m/SEDG/tile_13738.png,9
arctic_vegetation/20230724_riparianshrub32_m3m/SEDG/tile_13739.png,9
arctic_vegetation/20230724_riparianshrub32_m3m/ALDE/tile_13748.png,0
arctic_vegetation/20230724_riparianshrub32_m3m/ALDE/tile_13749.png,0
arctic_vegetation/20230724_riparianshrub32_m3m/ALDE/tile_13750.png,0
arctic_vegetation/20230724_riparianshrub32_m3m/ALDE/tile_13751.png,0
arctic_vegetation/20230724_riparianshrub32_m3m/ALDE/tile_13752.png,0
arctic_vegetation/20230724_riparianshrub32_m3m/ALDE/tile_13753.png,0
arctic_vegetation/20230724_riparianshrub32_m3m/ALDE/tile_13754.png,0
arctic_vegetation/20230724_riparianshrub32_m3m/SEDG/tile_13755.png,9
arctic_vegetation/20230724_riparianshrub32_m3m/WILL/tile_13756.png,11
arctic_vegetation/20230724_riparianshrub32_m3m/WILL/tile_13757.png,11
arctic_vegetation/20230724_riparianshrub32_m3m/WILL/tile_13758.png,11
arctic_vegetation/20230724_riparianshrub32_m3m/WILL/tile_13759.png,11
arctic_vegetation/20230724_riparianshrub32_m3m/WILL/tile_13760.png,11
arctic_vegetation/20230724_riparianshrub32_m3m/WILL/tile_13761.png,11
arctic_vegetation/20230724_riparianshrub32_m3m/WILL/tile_13762.png,11
arctic_vegetation/20230724_riparianshrub32_m3m/WILL/tile_13763.png,11
arctic_vegetation/20230724_riparianshrub32_m3m/WILL/tile_13764.png,11
arctic_vegetation/20230724_riparianshrub32_m3m/WILL/tile_13765.png,11
arctic_vegetation/20230724_riparianshrub32_m3m/WILL/tile_13766.png,11
arctic_vegetation/20230724_riparianshrub32_m3m/SEDG/tile_13767.png,9
arctic_vegetation/20230724_riparianshrub32_m3m/SEDG/tile_13768.png,9
arctic_vegetation/20230724_riparianshrub32_m3m/SEDG/tile_13769.png,9
arctic_vegetation/20230724_riparianshrub32_m3m/SEDG/tile_13770.png,9
arctic_vegetation/20230724_riparianshrub32_m3m/SEDG/tile_13771.png,9
arctic_vegetation/20230724_riparianshrub32_m3m/SEDG/tile_13772.png,9
arctic_vegetation/20230724_riparianshrub32_m3m/SEDG/tile_13773.png,9
arctic_vegetation/20230724_riparianshrub32_m3m/SEDG/tile_13778.png,9
arctic_vegetation/20230724_riparianshrub32_m3m/ALDE/tile_13779.png,0
arctic_vegetation/20230724_riparianshrub32_m3m/ALDE/tile_13780.png,0
arctic_vegetation/20230724_riparianshrub32_m3m/ALDE/tile_13781.png,0
arctic_vegetation/20230724_riparianshrub32_m3m/ALDE/tile_13782.png,0
arctic_vegetation/20230724_riparianshrub32_m3m/ALDE/tile_13783.png,0
arctic_vegetation/20230724_riparianshrub32_m3m/ALDE/tile_13784.png,0
arctic_vegetation/20230724_riparianshrub32_m3m/ALDE/tile_13785.png,0
arctic_vegetation/20230724_riparianshrub32_m3m/ALDE/tile_13786.png,0
arctic_vegetation/20230724_riparianshrub32_m3m/WILL/tile_13787.png,11
arctic_vegetation/20230724_riparianshrub32_m3m/WILL/tile_13788.png,11
arctic_vegetation/20230724_riparianshrub32_m3m/WILL/tile_13789.png,11
arctic_vegetation/20230724_riparianshrub32_m3m/WILL/tile_13790.png,11
arctic_vegetation/20230724_riparianshrub32_m3m/WILL/tile_13791.png,11
arctic_vegetation/20230724_riparianshrub32_m3m/WILL/tile_13792.png,11
arctic_vegetation/20230724_riparianshrub32_m3m/WILL/tile_13793.png,11
arctic_vegetation/20230724_riparianshrub32_m3m/SEDG/tile_13794.png,9
arctic_vegetation/20230724_riparianshrub32_m3m/SEDG/tile_13795.png,9
arctic_vegetation/20230724_riparianshrub32_m3m/SEDG/tile_13796.png,9
arctic_vegetation/20230724_riparianshrub32_m3m/ALDE/tile_13797.png,0
arctic_vegetation/20230724_riparianshrub32_m3m/ALDE/tile_13798.png,0
arctic_vegetation/20230724_riparianshrub32_m3m/ALDE/tile_13799.png,0
arctic_vegetation/20230724_riparianshrub32_m3m/ALDE/tile_13800.png,0
arctic_vegetation/20230724_riparianshrub32_m3m/ALDE/tile_13801.png,0
arctic_vegetation/20230724_riparianshrub32_m3m/ALDE/tile_13802.png,0
arctic_vegetation/20230724_riparianshrub32_m3m/ALDE/tile_13803.png,0
arctic_vegetation/20230724_riparianshrub32_m3m/ALDE/tile_13804.png,0
arctic_vegetation/20230724_riparianshrub32_m3m/LICH/tile_13898.png,4
arctic_vegetation/20230724_riparianshrub32_m3m/LICH/tile_13899.png,4
arctic_vegetation/20230724_riparianshrub32_m3m/LICH/tile_13900.png,4
arctic_vegetation/20230724_riparianshrub32_m3m/SEDG/tile_13902.png,9
arctic_vegetation/20230724_riparianshrub32_m3m/SEDG/tile_13903.png,9
arctic_vegetation/20230724_riparianshrub32_m3m/SEDG/tile_13904.png,9
arctic_vegetation/20230724_riparianshrub32_m3m/SEDG/tile_13905.png,9
arctic_vegetation/20230724_riparianshrub32_m3m/SEDG/tile_13906.png,9
arctic_vegetation/20230724_riparianshrub32_m3m/SEDG/tile_13907.png,9
arctic_vegetation/20230724_riparianshrub32_m3m/SEDG/tile_13908.png,9
arctic_vegetation/20230724_riparianshrub32_m3m/SEDG/tile_13909.png,9
arctic_vegetation/20230724_riparianshrub32_m3m/PETF/tile_13910.png,6
arctic_vegetation/20230724_riparianshrub32_m3m/PETF/tile_13911.png,6
arctic_vegetation/20230724_riparianshrub32_m3m/SEDG/tile_13912.png,9
arctic_vegetation/20230724_riparianshrub32_m3m/SEDG/tile_13913.png,9
arctic_vegetation/20230724_riparianshrub32_m3m/SEDG/tile_13914.png,9
arctic_vegetation/20230724_riparianshrub32_m3m/SEDG/tile_13915.png,9
arctic_vegetation/20230724_riparianshrub32_m3m/SEDG/tile_13917.png,9
arctic_vegetation/20230724_riparianshrub32_m3m/SEDG/tile_13918.png,9
arctic_vegetation/20230724_riparianshrub32_m3m/SEDG/tile_13919.png,9
arctic_vegetation/20230724_riparianshrub32_m3m/ALDE/tile_13929.png,0
arctic_vegetation/20230724_riparianshrub32_m3m/ALDE/tile_13930.png,0
arctic_vegetation/20230724_riparianshrub32_m3m/ALDE/tile_13931.png,0
arctic_vegetation/20230724_riparianshrub32_m3m/ALDE/tile_13932.png,0
arctic_vegetation/20230724_riparianshrub32_m3m/ALDE/tile_13933.png,0
arctic_vegetation/20230724_riparianshrub32_m3m/ALDE/tile_13934.png,0
arctic_vegetation/20230724_riparianshrub32_m3m/SEDG/tile_13936.png,9
arctic_vegetation/20230724_riparianshrub32_m3m/SEDG/tile_13937.png,9
arctic_vegetation/20230724_riparianshrub32_m3m/WILL/tile_13938.png,11
arctic_vegetation/20230724_riparianshrub32_m3m/WILL/tile_13939.png,11
arctic_vegetation/20230724_riparianshrub32_m3m/WILL/tile_13940.png,11
arctic_vegetation/20230724_riparianshrub32_m3m/WILL/tile_13941.png,11
arctic_vegetation/20230724_riparianshrub32_m3m/WILL/tile_13942.png,11
arctic_vegetation/20230724_riparianshrub32_m3m/WILL/tile_13943.png,11
arctic_vegetation/20230724_riparianshrub32_m3m/WILL/tile_13944.png,11
arctic_vegetation/20230724_riparianshrub32_m3m/WILL/tile_13945.png,11
arctic_vegetation/20230724_riparianshrub32_m3m/WILL/tile_13946.png,11
arctic_vegetation/20230724_riparianshrub32_m3m/SEDG/tile_13947.png,9
arctic_vegetation/20230724_riparianshrub32_m3m/SEDG/tile_13948.png,9
arctic_vegetation/20230724_riparianshrub32_m3m/SEDG/tile_13949.png,9
arctic_vegetation/20230724_riparianshrub32_m3m/SEDG/tile_13950.png,9
arctic_vegetation/20230724_riparianshrub32_m3m/SEDG/tile_13951.png,9
arctic_vegetation/20230724_riparianshrub32_m3m/SEDG/tile_13952.png,9
arctic_vegetation/20230724_riparianshrub32_m3m/SEDG/tile_13953.png,9
arctic_vegetation/20230724_riparianshrub32_m3m/SEDG/tile_13957.png,9
arctic_vegetation/20230724_riparianshrub32_m3m/SEDG/tile_13958.png,9
arctic_vegetation/20230724_riparianshrub32_m3m/ALDE/tile_13959.png,0
arctic_vegetation/20230724_riparianshrub32_m3m/ALDE/tile_13960.png,0
arctic_vegetation/20230724_riparianshrub32_m3m/ALDE/tile_13961.png,0
arctic_vegetation/20230724_riparianshrub32_m3m/ALDE/tile_13962.png,0
arctic_vegetation/20230724_riparianshrub32_m3m/ALDE/tile_13963.png,0
arctic_vegetation/20230724_riparianshrub32_m3m/ALDE/tile_13964.png,0
arctic_vegetation/20230724_riparianshrub32_m3m/ALDE/tile_13965.png,0
arctic_vegetation/20230724_riparianshrub32_m3m/ALDE/tile_13966.png,0
arctic_vegetation/20230724_riparianshrub32_m3m/WILL/tile_13967.png,11
arctic_vegetation/20230724_riparianshrub32_m3m/WILL/tile_13968.png,11
arctic_vegetation/20230724_riparianshrub32_m3m/WILL/tile_13969.png,11
arctic_vegetation/20230724_riparianshrub32_m3m/WILL/tile_13970.png,11
arctic_vegetation/20230724_riparianshrub32_m3m/WILL/tile_13971.png,11
arctic_vegetation/20230724_riparianshrub32_m3m/WILL/tile_13972.png,11
arctic_vegetation/20230724_riparianshrub32_m3m/WILL/tile_13973.png,11
arctic_vegetation/20230724_riparianshrub32_m3m/SEDG/tile_13974.png,9
arctic_vegetation/20230724_riparianshrub32_m3m/SEDG/tile_13975.png,9
arctic_vegetation/20230724_riparianshrub32_m3m/SEDG/tile_13976.png,9
arctic_vegetation/20230724_riparianshrub32_m3m/ALDE/tile_13977.png,0
arctic_vegetation/20230724_riparianshrub32_m3m/ALDE/tile_13978.png,0
arctic_vegetation/20230724_riparianshrub32_m3m/ALDE/tile_13979.png,0
arctic_vegetation/20230724_riparianshrub32_m3m/ALDE/tile_13980.png,0
arctic_vegetation/20230724_riparianshrub32_m3m/ALDE/tile_13981.png,0
arctic_vegetation/20230724_riparianshrub32_m3m/ALDE/tile_13982.png,0
arctic_vegetation/20230724_riparianshrub32_m3m/ALDE/tile_13983.png,0
arctic_vegetation/20230724_riparianshrub32_m3m/ALDE/tile_13984.png,0
arctic_vegetation/20230724_riparianshrub32_m3m/LICH/tile_14078.png,4
arctic_vegetation/20230724_riparianshrub32_m3m/LICH/tile_14079.png,4
arctic_vegetation/20230724_riparianshrub32_m3m/LICH/tile_14080.png,4
arctic_vegetation/20230724_riparianshrub32_m3m/PETF/tile_14081.png,6
arctic_vegetation/20230724_riparianshrub32_m3m/SEDG/tile_14082.png,9
arctic_vegetation/20230724_riparianshrub32_m3m/SEDG/tile_14083.png,9
arctic_vegetation/20230724_riparianshrub32_m3m/SEDG/tile_14084.png,9
arctic_vegetation/20230724_riparianshrub32_m3m/SEDG/tile_14085.png,9
arctic_vegetation/20230724_riparianshrub32_m3m/SEDG/tile_14086.png,9
arctic_vegetation/20230724_riparianshrub32_m3m/SEDG/tile_14087.png,9
arctic_vegetation/20230724_riparianshrub32_m3m/SEDG/tile_14088.png,9
arctic_vegetation/20230724_riparianshrub32_m3m/SEDG/tile_14089.png,9
arctic_vegetation/20230724_riparianshrub32_m3m/SEDG/tile_14090.png,9
arctic_vegetation/20230724_riparianshrub32_m3m/SEDG/tile_14091.png,9
arctic_vegetation/20230724_riparianshrub32_m3m/SEDG/tile_14092.png,9
arctic_vegetation/20230724_riparianshrub32_m3m/SEDG/tile_14093.png,9
arctic_vegetation/20230724_riparianshrub32_m3m/SEDG/tile_14094.png,9
arctic_vegetation/20230724_riparianshrub32_m3m/SEDG/tile_14095.png,9
arctic_vegetation/20230724_riparianshrub32_m3m/SEDG/tile_14097.png,9
arctic_vegetation/20230724_riparianshrub32_m3m/SEDG/tile_14098.png,9
arctic_vegetation/20230724_riparianshrub32_m3m/SEDG/tile_14099.png,9
arctic_vegetation/20230724_riparianshrub32_m3m/PETF/tile_14111.png,6
arctic_vegetation/20230724_riparianshrub32_m3m/PETF/tile_14112.png,6
arctic_vegetation/20230724_riparianshrub32_m3m/ALDE/tile_14113.png,0
arctic_vegetation/20230724_riparianshrub32_m3m/ALDE/tile_14114.png,0
arctic_vegetation/20230724_riparianshrub32_m3m/SEDG/tile_14116.png,9
arctic_vegetation/20230724_riparianshrub32_m3m/SEDG/tile_14117.png,9
arctic_vegetation/20230724_riparianshrub32_m3m/WILL/tile_14118.png,11
arctic_vegetation/20230724_riparianshrub32_m3m/WILL/tile_14119.png,11
arctic_vegetation/20230724_riparianshrub32_m3m/WILL/tile_14120.png,11
arctic_vegetation/20230724_riparianshrub32_m3m/WILL/tile_14121.png,11
arctic_vegetation/20230724_riparianshrub32_m3m/WILL/tile_14122.png,11
arctic_vegetation/20230724_riparianshrub32_m3m/WILL/tile_14123.png,11
arctic_vegetation/20230724_riparianshrub32_m3m/WILL/tile_14124.png,11
arctic_vegetation/20230724_riparianshrub32_m3m/WILL/tile_14125.png,11
arctic_vegetation/20230724_riparianshrub32_m3m/WILL/tile_14126.png,11
arctic_vegetation/20230724_riparianshrub32_m3m/SEDG/tile_14127.png,9
arctic_vegetation/20230724_riparianshrub32_m3m/SEDG/tile_14128.png,9
arctic_vegetation/20230724_riparianshrub32_m3m/SEDG/tile_14129.png,9
arctic_vegetation/20230724_riparianshrub32_m3m/SEDG/tile_14130.png,9
arctic_vegetation/20230724_riparianshrub32_m3m/SEDG/tile_14131.png,9
arctic_vegetation/20230724_riparianshrub32_m3m/SEDG/tile_14132.png,9
arctic_vegetation/20230724_riparianshrub32_m3m/SEDG/tile_14133.png,9
arctic_vegetation/20230724_riparianshrub32_m3m/SEDG/tile_14134.png,9
arctic_vegetation/20230724_riparianshrub32_m3m/SEDG/tile_14135.png,9
arctic_vegetation/20230724_riparianshrub32_m3m/SEDG/tile_14136.png,9
arctic_vegetation/20230724_riparianshrub32_m3m/SEDG/tile_14137.png,9
arctic_vegetation/20230724_riparianshrub32_m3m/SEDG/tile_14138.png,9
arctic_vegetation/20230724_riparianshrub32_m3m/ALDE/tile_14139.png,0
arctic_vegetation/20230724_riparianshrub32_m3m/ALDE/tile_14140.png,0
arctic_vegetation/20230724_riparianshrub32_m3m/ALDE/tile_14141.png,0
arctic_vegetation/20230724_riparianshrub32_m3m/ALDE/tile_14142.png,0
arctic_vegetation/20230724_riparianshrub32_m3m/ALDE/tile_14143.png,0
arctic_vegetation/20230724_riparianshrub32_m3m/ALDE/tile_14144.png,0
arctic_vegetation/20230724_riparianshrub32_m3m/ALDE/tile_14145.png,0
arctic_vegetation/20230724_riparianshrub32_m3m/WILL/tile_14146.png,11
arctic_vegetation/20230724_riparianshrub32_m3m/WILL/tile_14147.png,11
arctic_vegetation/20230724_riparianshrub32_m3m/WILL/tile_14148.png,11
arctic_vegetation/20230724_riparianshrub32_m3m/WILL/tile_14149.png,11
arctic_vegetation/20230724_riparianshrub32_m3m/WILL/tile_14150.png,11
arctic_vegetation/20230724_riparianshrub32_m3m/WILL/tile_14151.png,11
arctic_vegetation/20230724_riparianshrub32_m3m/WILL/tile_14152.png,11
arctic_vegetation/20230724_riparianshrub32_m3m/SEDG/tile_14153.png,9
arctic_vegetation/20230724_riparianshrub32_m3m/SEDG/tile_14154.png,9
arctic_vegetation/20230724_riparianshrub32_m3m/SEDG/tile_14155.png,9
arctic_vegetation/20230724_riparianshrub32_m3m/WILL/tile_14156.png,11
arctic_vegetation/20230724_riparianshrub32_m3m/WILL/tile_14157.png,11
arctic_vegetation/20230724_riparianshrub32_m3m/WILL/tile_14158.png,11
arctic_vegetation/20230724_riparianshrub32_m3m/WILL/tile_14159.png,11
arctic_vegetation/20230724_riparianshrub32_m3m/WILL/tile_14160.png,11
arctic_vegetation/20230724_riparianshrub32_m3m/WILL/tile_14161.png,11
arctic_vegetation/20230724_riparianshrub32_m3m/WILL/tile_14162.png,11
arctic_vegetation/20230724_riparianshrub32_m3m/WILL/tile_14163.png,11
arctic_vegetation/20230724_riparianshrub32_m3m/WILL/tile_14164.png,11
arctic_vegetation/20230724_riparianshrub32_m3m/WILL/tile_14165.png,11
arctic_vegetation/20230724_riparianshrub32_m3m/WILL/tile_14166.png,11
arctic_vegetation/20230724_riparianshrub32_m3m/LICH/tile_14258.png,4
arctic_vegetation/20230724_riparianshrub32_m3m/LICH/tile_14259.png,4
arctic_vegetation/20230724_riparianshrub32_m3m/SEDG/tile_14260.png,9
arctic_vegetation/20230724_riparianshrub32_m3m/SEDG/tile_14261.png,9
arctic_vegetation/20230724_riparianshrub32_m3m/SEDG/tile_14262.png,9
arctic_vegetation/20230724_riparianshrub32_m3m/SEDG/tile_14263.png,9
arctic_vegetation/20230724_riparianshrub32_m3m/SEDG/tile_14264.png,9
arctic_vegetation/20230724_riparianshrub32_m3m/SEDG/tile_14265.png,9
arctic_vegetation/20230724_riparianshrub32_m3m/SEDG/tile_14266.png,9
arctic_vegetation/20230724_riparianshrub32_m3m/SEDG/tile_14267.png,9
arctic_vegetation/20230724_riparianshrub32_m3m/ALDE/tile_14268.png,0
arctic_vegetation/20230724_riparianshrub32_m3m/ALDE/tile_14269.png,0
arctic_vegetation/20230724_riparianshrub32_m3m/ALDE/tile_14270.png,0
arctic_vegetation/20230724_riparianshrub32_m3m/ALDE/tile_14271.png,0
arctic_vegetation/20230724_riparianshrub32_m3m/ALDE/tile_14272.png,0
arctic_vegetation/20230724_riparianshrub32_m3m/ALDE/tile_14273.png,0
arctic_vegetation/20230724_riparianshrub32_m3m/ALDE/tile_14274.png,0
arctic_vegetation/20230724_riparianshrub32_m3m/ALDE/tile_14275.png,0
arctic_vegetation/20230724_riparianshrub32_m3m/ALDE/tile_14276.png,0
arctic_vegetation/20230724_riparianshrub32_m3m/SEDG/tile_14277.png,9
arctic_vegetation/20230724_riparianshrub32_m3m/SEDG/tile_14278.png,9
arctic_vegetation/20230724_riparianshrub32_m3m/SEDG/tile_14279.png,9
arctic_vegetation/20230724_riparianshrub32_m3m/PETF/tile_14291.png,6
arctic_vegetation/20230724_riparianshrub32_m3m/PETF/tile_14292.png,6
arctic_vegetation/20230724_riparianshrub32_m3m/ALDE/tile_14293.png,0
arctic_vegetation/20230724_riparianshrub32_m3m/ALDE/tile_14294.png,0
arctic_vegetation/20230724_riparianshrub32_m3m/ALDE/tile_14295.png,0
arctic_vegetation/20230724_riparianshrub32_m3m/ALDE/tile_14296.png,0
arctic_vegetation/20230724_riparianshrub32_m3m/ALDE/tile_14297.png,0
arctic_vegetation/20230724_riparianshrub32_m3m/WILL/tile_14298.png,11
arctic_vegetation/20230724_riparianshrub32_m3m/WILL/tile_14299.png,11
arctic_vegetation/20230724_riparianshrub32_m3m/WILL/tile_14300.png,11
arctic_vegetation/20230724_riparianshrub32_m3m/WILL/tile_14301.png,11
arctic_vegetation/20230724_riparianshrub32_m3m/WILL/tile_14302.png,11
arctic_vegetation/20230724_riparianshrub32_m3m/WILL/tile_14303.png,11
arctic_vegetation/20230724_riparianshrub32_m3m/WILL/tile_14304.png,11
arctic_vegetation/20230724_riparianshrub32_m3m/WILL/tile_14305.png,11
arctic_vegetation/20230724_riparianshrub32_m3m/WILL/tile_14306.png,11
arctic_vegetation/20230724_riparianshrub32_m3m/SEDG/tile_14307.png,9
arctic_vegetation/20230724_riparianshrub32_m3m/SEDG/tile_14308.png,9
arctic_vegetation/20230724_riparianshrub32_m3m/SEDG/tile_14309.png,9
arctic_vegetation/20230724_riparianshrub32_m3m/SEDG/tile_14310.png,9
arctic_vegetation/20230724_riparianshrub32_m3m/SEDG/tile_14311.png,9
arctic_vegetation/20230724_riparianshrub32_m3m/SEDG/tile_14312.png,9
arctic_vegetation/20230724_riparianshrub32_m3m/SEDG/tile_14313.png,9
arctic_vegetation/20230724_riparianshrub32_m3m/SEDG/tile_14314.png,9
arctic_vegetation/20230724_riparianshrub32_m3m/SEDG/tile_14315.png,9
arctic_vegetation/20230724_riparianshrub32_m3m/SEDG/tile_14316.png,9
arctic_vegetation/20230724_riparianshrub32_m3m/SEDG/tile_14317.png,9
arctic_vegetation/20230724_riparianshrub32_m3m/SEDG/tile_14318.png,9
arctic_vegetation/20230724_riparianshrub32_m3m/ALDE/tile_14319.png,0
arctic_vegetation/20230724_riparianshrub32_m3m/ALDE/tile_14320.png,0
arctic_vegetation/20230724_riparianshrub32_m3m/ALDE/tile_14321.png,0
arctic_vegetation/20230724_riparianshrub32_m3m/ALDE/tile_14322.png,0
arctic_vegetation/20230724_riparianshrub32_m3m/ALDE/tile_14323.png,0
arctic_vegetation/20230724_riparianshrub32_m3m/ALDE/tile_14324.png,0
arctic_vegetation/20230724_riparianshrub32_m3m/ALDE/tile_14325.png,0
arctic_vegetation/20230724_riparianshrub32_m3m/WILL/tile_14326.png,11
arctic_vegetation/20230724_riparianshrub32_m3m/WILL/tile_14327.png,11
arctic_vegetation/20230724_riparianshrub32_m3m/WILL/tile_14328.png,11
arctic_vegetation/20230724_riparianshrub32_m3m/WILL/tile_14329.png,11
arctic_vegetation/20230724_riparianshrub32_m3m/WILL/tile_14330.png,11
arctic_vegetation/20230724_riparianshrub32_m3m/WILL/tile_14331.png,11
arctic_vegetation/20230724_riparianshrub32_m3m/WILL/tile_14332.png,11
arctic_vegetation/20230724_riparianshrub32_m3m/WILL/tile_14333.png,11
arctic_vegetation/20230724_riparianshrub32_m3m/WILL/tile_14334.png,11
arctic_vegetation/20230724_riparianshrub32_m3m/SEDG/tile_14335.png,9
arctic_vegetation/20230724_riparianshrub32_m3m/WILL/tile_14336.png,11
arctic_vegetation/20230724_riparianshrub32_m3m/WILL/tile_14337.png,11
arctic_vegetation/20230724_riparianshrub32_m3m/WILL/tile_14338.png,11
arctic_vegetation/20230724_riparianshrub32_m3m/WILL/tile_14339.png,11
arctic_vegetation/20230724_riparianshrub32_m3m/WILL/tile_14340.png,11
arctic_vegetation/20230724_riparianshrub32_m3m/WILL/tile_14341.png,11
arctic_vegetation/20230724_riparianshrub32_m3m/WILL/tile_14342.png,11
arctic_vegetation/20230724_riparianshrub32_m3m/WILL/tile_14343.png,11
arctic_vegetation/20230724_riparianshrub32_m3m/WILL/tile_14344.png,11
arctic_vegetation/20230724_riparianshrub32_m3m/WILL/tile_14345.png,11
arctic_vegetation/20230724_riparianshrub32_m3m/WILL/tile_14346.png,11
arctic_vegetation/20230724_riparianshrub32_m3m/LICH/tile_14438.png,4
arctic_vegetation/20230724_riparianshrub32_m3m/LICH/tile_14439.png,4
arctic_vegetation/20230724_riparianshrub32_m3m/SEDG/tile_14440.png,9
arctic_vegetation/20230724_riparianshrub32_m3m/SEDG/tile_14441.png,9
arctic_vegetation/20230724_riparianshrub32_m3m/SEDG/tile_14442.png,9
arctic_vegetation/20230724_riparianshrub32_m3m/SEDG/tile_14443.png,9
arctic_vegetation/20230724_riparianshrub32_m3m/SEDG/tile_14444.png,9
arctic_vegetation/20230724_riparianshrub32_m3m/SEDG/tile_14445.png,9
arctic_vegetation/20230724_riparianshrub32_m3m/SEDG/tile_14446.png,9
arctic_vegetation/20230724_riparianshrub32_m3m/ALDE/tile_14447.png,0
arctic_vegetation/20230724_riparianshrub32_m3m/ALDE/tile_14448.png,0
arctic_vegetation/20230724_riparianshrub32_m3m/ALDE/tile_14449.png,0
arctic_vegetation/20230724_riparianshrub32_m3m/ALDE/tile_14450.png,0
arctic_vegetation/20230724_riparianshrub32_m3m/ALDE/tile_14451.png,0
arctic_vegetation/20230724_riparianshrub32_m3m/ALDE/tile_14452.png,0
arctic_vegetation/20230724_riparianshrub32_m3m/ALDE/tile_14453.png,0
arctic_vegetation/20230724_riparianshrub32_m3m/ALDE/tile_14454.png,0
arctic_vegetation/20230724_riparianshrub32_m3m/ALDE/tile_14455.png,0
arctic_vegetation/20230724_riparianshrub32_m3m/ALDE/tile_14456.png,0
arctic_vegetation/20230724_riparianshrub32_m3m/SEDG/tile_14457.png,9
arctic_vegetation/20230724_riparianshrub32_m3m/SEDG/tile_14458.png,9
arctic_vegetation/20230724_riparianshrub32_m3m/SEDG/tile_14459.png,9
arctic_vegetation/20230724_riparianshrub32_m3m/SEDG/tile_14460.png,9
arctic_vegetation/20230724_riparianshrub32_m3m/SEDG/tile_14461.png,9
arctic_vegetation/20230724_riparianshrub32_m3m/SEDG/tile_14462.png,9
arctic_vegetation/20230724_riparianshrub32_m3m/SEDG/tile_14463.png,9
arctic_vegetation/20230724_riparianshrub32_m3m/SEDG/tile_14464.png,9
arctic_vegetation/20230724_riparianshrub32_m3m/SEDG/tile_14465.png,9
arctic_vegetation/20230724_riparianshrub32_m3m/ALDE/tile_14466.png,0
arctic_vegetation/20230724_riparianshrub32_m3m/ALDE/tile_14467.png,0
arctic_vegetation/20230724_riparianshrub32_m3m/ALDE/tile_14468.png,0
arctic_vegetation/20230724_riparianshrub32_m3m/ALDE/tile_14469.png,0
arctic_vegetation/20230724_riparianshrub32_m3m/PETF/tile_14471.png,6
arctic_vegetation/20230724_riparianshrub32_m3m/ALDE/tile_14472.png,0
arctic_vegetation/20230724_riparianshrub32_m3m/ALDE/tile_14473.png,0
arctic_vegetation/20230724_riparianshrub32_m3m/ALDE/tile_14474.png,0
arctic_vegetation/20230724_riparianshrub32_m3m/ALDE/tile_14475.png,0
arctic_vegetation/20230724_riparianshrub32_m3m/ALDE/tile_14476.png,0
arctic_vegetation/20230724_riparianshrub32_m3m/ALDE/tile_14477.png,0
arctic_vegetation/20230724_riparianshrub32_m3m/WILL/tile_14478.png,11
arctic_vegetation/20230724_riparianshrub32_m3m/WILL/tile_14479.png,11
arctic_vegetation/20230724_riparianshrub32_m3m/WILL/tile_14480.png,11
arctic_vegetation/20230724_riparianshrub32_m3m/WILL/tile_14481.png,11
arctic_vegetation/20230724_riparianshrub32_m3m/WILL/tile_14482.png,11
arctic_vegetation/20230724_riparianshrub32_m3m/WILL/tile_14483.png,11
arctic_vegetation/20230724_riparianshrub32_m3m/WILL/tile_14484.png,11
arctic_vegetation/20230724_riparianshrub32_m3m/WILL/tile_14485.png,11
arctic_vegetation/20230724_riparianshrub32_m3m/WILL/tile_14486.png,11
arctic_vegetation/20230724_riparianshrub32_m3m/ALDE/tile_14487.png,0
arctic_vegetation/20230724_riparianshrub32_m3m/ALDE/tile_14488.png,0
arctic_vegetation/20230724_riparianshrub32_m3m/SEDG/tile_14490.png,9
arctic_vegetation/20230724_riparianshrub32_m3m/SEDG/tile_14491.png,9
arctic_vegetation/20230724_riparianshrub32_m3m/SEDG/tile_14492.png,9
arctic_vegetation/20230724_riparianshrub32_m3m/SEDG/tile_14493.png,9
arctic_vegetation/20230724_riparianshrub32_m3m/SEDG/tile_14494.png,9
arctic_vegetation/20230724_riparianshrub32_m3m/SEDG/tile_14495.png,9
arctic_vegetation/20230724_riparianshrub32_m3m/SEDG/tile_14496.png,9
arctic_vegetation/20230724_riparianshrub32_m3m/SEDG/tile_14497.png,9
arctic_vegetation/20230724_riparianshrub32_m3m/SEDG/tile_14498.png,9
arctic_vegetation/20230724_riparianshrub32_m3m/SEDG/tile_14499.png,9
arctic_vegetation/20230724_riparianshrub32_m3m/SEDG/tile_14501.png,9
arctic_vegetation/20230724_riparianshrub32_m3m/SEDG/tile_14502.png,9
arctic_vegetation/20230724_riparianshrub32_m3m/SEDG/tile_14503.png,9
arctic_vegetation/20230724_riparianshrub32_m3m/ALDE/tile_14504.png,0
arctic_vegetation/20230724_riparianshrub32_m3m/ALDE/tile_14505.png,0
arctic_vegetation/20230724_riparianshrub32_m3m/WILL/tile_14506.png,11
arctic_vegetation/20230724_riparianshrub32_m3m/WILL/tile_14507.png,11
arctic_vegetation/20230724_riparianshrub32_m3m/WILL/tile_14508.png,11
arctic_vegetation/20230724_riparianshrub32_m3m/WILL/tile_14509.png,11
arctic_vegetation/20230724_riparianshrub32_m3m/WILL/tile_14510.png,11
arctic_vegetation/20230724_riparianshrub32_m3m/WILL/tile_14511.png,11
arctic_vegetation/20230724_riparianshrub32_m3m/WILL/tile_14512.png,11
arctic_vegetation/20230724_riparianshrub32_m3m/WILL/tile_14513.png,11
arctic_vegetation/20230724_riparianshrub32_m3m/WILL/tile_14514.png,11
arctic_vegetation/20230724_riparianshrub32_m3m/SEDG/tile_14515.png,9
arctic_vegetation/20230724_riparianshrub32_m3m/WILL/tile_14516.png,11
arctic_vegetation/20230724_riparianshrub32_m3m/WILL/tile_14517.png,11
arctic_vegetation/20230724_riparianshrub32_m3m/WILL/tile_14518.png,11
arctic_vegetation/20230724_riparianshrub32_m3m/WILL/tile_14519.png,11
arctic_vegetation/20230724_riparianshrub32_m3m/WILL/tile_14520.png,11
arctic_vegetation/20230724_riparianshrub32_m3m/WILL/tile_14521.png,11
arctic_vegetation/20230724_riparianshrub32_m3m/ALDE/tile_14522.png,0
arctic_vegetation/20230724_riparianshrub32_m3m/ALDE/tile_14523.png,0
arctic_vegetation/20230724_riparianshrub32_m3m/ALDE/tile_14524.png,0
arctic_vegetation/20230724_riparianshrub32_m3m/ALDE/tile_14525.png,0
arctic_vegetation/20230724_riparianshrub32_m3m/WILL/tile_14526.png,11
arctic_vegetation/20230724_riparianshrub32_m3m/PETF/tile_14619.png,6
arctic_vegetation/20230724_riparianshrub32_m3m/PETF/tile_14620.png,6
arctic_vegetation/20230724_riparianshrub32_m3m/LICH/tile_14621.png,4
arctic_vegetation/20230724_riparianshrub32_m3m/LICH/tile_14622.png,4
arctic_vegetation/20230724_riparianshrub32_m3m/SEDG/tile_14623.png,9
arctic_vegetation/20230724_riparianshrub32_m3m/SEDG/tile_14624.png,9
arctic_vegetation/20230724_riparianshrub32_m3m/SEDG/tile_14625.png,9
arctic_vegetation/20230724_riparianshrub32_m3m/PETF/tile_14626.png,6
arctic_vegetation/20230724_riparianshrub32_m3m/ALDE/tile_14628.png,0
arctic_vegetation/20230724_riparianshrub32_m3m/ALDE/tile_14629.png,0
arctic_vegetation/20230724_riparianshrub32_m3m/ALDE/tile_14630.png,0
arctic_vegetation/20230724_riparianshrub32_m3m/ALDE/tile_14631.png,0
arctic_vegetation/20230724_riparianshrub32_m3m/ALDE/tile_14632.png,0
arctic_vegetation/20230724_riparianshrub32_m3m/ALDE/tile_14633.png,0
arctic_vegetation/20230724_riparianshrub32_m3m/ALDE/tile_14634.png,0
arctic_vegetation/20230724_riparianshrub32_m3m/ALDE/tile_14635.png,0
arctic_vegetation/20230724_riparianshrub32_m3m/ALDE/tile_14636.png,0
arctic_vegetation/20230724_riparianshrub32_m3m/SEDG/tile_14637.png,9
arctic_vegetation/20230724_riparianshrub32_m3m/SEDG/tile_14638.png,9
arctic_vegetation/20230724_riparianshrub32_m3m/SEDG/tile_14639.png,9
arctic_vegetation/20230724_riparianshrub32_m3m/SEDG/tile_14640.png,9
arctic_vegetation/20230724_riparianshrub32_m3m/SEDG/tile_14641.png,9
arctic_vegetation/20230724_riparianshrub32_m3m/SEDG/tile_14642.png,9
arctic_vegetation/20230724_riparianshrub32_m3m/ALDE/tile_14643.png,0
arctic_vegetation/20230724_riparianshrub32_m3m/ALDE/tile_14644.png,0
arctic_vegetation/20230724_riparianshrub32_m3m/ALDE/tile_14645.png,0
arctic_vegetation/20230724_riparianshrub32_m3m/ALDE/tile_14646.png,0
arctic_vegetation/20230724_riparianshrub32_m3m/ALDE/tile_14647.png,0
arctic_vegetation/20230724_riparianshrub32_m3m/ALDE/tile_14648.png,0
arctic_vegetation/20230724_riparianshrub32_m3m/ALDE/tile_14649.png,0
arctic_vegetation/20230724_riparianshrub32_m3m/ALDE/tile_14650.png,0
arctic_vegetation/20230724_riparianshrub32_m3m/ALDE/tile_14651.png,0
arctic_vegetation/20230724_riparianshrub32_m3m/ALDE/tile_14652.png,0
arctic_vegetation/20230724_riparianshrub32_m3m/ALDE/tile_14653.png,0
arctic_vegetation/20230724_riparianshrub32_m3m/ALDE/tile_14654.png,0
arctic_vegetation/20230724_riparianshrub32_m3m/ALDE/tile_14655.png,0
arctic_vegetation/20230724_riparianshrub32_m3m/ALDE/tile_14656.png,0
arctic_vegetation/20230724_riparianshrub32_m3m/PETF/tile_14657.png,6
arctic_vegetation/20230724_riparianshrub32_m3m/WILL/tile_14658.png,11
arctic_vegetation/20230724_riparianshrub32_m3m/WILL/tile_14659.png,11
arctic_vegetation/20230724_riparianshrub32_m3m/WILL/tile_14660.png,11
arctic_vegetation/20230724_riparianshrub32_m3m/WILL/tile_14661.png,11
arctic_vegetation/20230724_riparianshrub32_m3m/WILL/tile_14662.png,11
arctic_vegetation/20230724_riparianshrub32_m3m/WILL/tile_14663.png,11
arctic_vegetation/20230724_riparianshrub32_m3m/WILL/tile_14664.png,11
arctic_vegetation/20230724_riparianshrub32_m3m/WILL/tile_14665.png,11
arctic_vegetation/20230724_riparianshrub32_m3m/WILL/tile_14666.png,11
arctic_vegetation/20230724_riparianshrub32_m3m/ALDE/tile_14667.png,0
arctic_vegetation/20230724_riparianshrub32_m3m/ALDE/tile_14668.png,0
arctic_vegetation/20230724_riparianshrub32_m3m/SEDG/tile_14670.png,9
arctic_vegetation/20230724_riparianshrub32_m3m/SEDG/tile_14671.png,9
arctic_vegetation/20230724_riparianshrub32_m3m/SEDG/tile_14672.png,9
arctic_vegetation/20230724_riparianshrub32_m3m/SEDG/tile_14673.png,9
arctic_vegetation/20230724_riparianshrub32_m3m/SEDG/tile_14674.png,9
arctic_vegetation/20230724_riparianshrub32_m3m/SEDG/tile_14675.png,9
arctic_vegetation/20230724_riparianshrub32_m3m/SEDG/tile_14676.png,9
arctic_vegetation/20230724_riparianshrub32_m3m/SEDG/tile_14677.png,9
arctic_vegetation/20230724_riparianshrub32_m3m/SEDG/tile_14678.png,9
arctic_vegetation/20230724_riparianshrub32_m3m/SEDG/tile_14681.png,9
arctic_vegetation/20230724_riparianshrub32_m3m/SEDG/tile_14682.png,9
arctic_vegetation/20230724_riparianshrub32_m3m/SEDG/tile_14683.png,9
arctic_vegetation/20230724_riparianshrub32_m3m/SEDG/tile_14684.png,9
arctic_vegetation/20230724_riparianshrub32_m3m/SEDG/tile_14685.png,9
arctic_vegetation/20230724_riparianshrub32_m3m/SEDG/tile_14686.png,9
arctic_vegetation/20230724_riparianshrub32_m3m/SEDG/tile_14687.png,9
arctic_vegetation/20230724_riparianshrub32_m3m/WILL/tile_14689.png,11
arctic_vegetation/20230724_riparianshrub32_m3m/WILL/tile_14690.png,11
arctic_vegetation/20230724_riparianshrub32_m3m/WILL/tile_14691.png,11
arctic_vegetation/20230724_riparianshrub32_m3m/WILL/tile_14692.png,11
arctic_vegetation/20230724_riparianshrub32_m3m/WILL/tile_14693.png,11
arctic_vegetation/20230724_riparianshrub32_m3m/WILL/tile_14694.png,11
arctic_vegetation/20230724_riparianshrub32_m3m/WILL/tile_14695.png,11
arctic_vegetation/20230724_riparianshrub32_m3m/WILL/tile_14696.png,11
arctic_vegetation/20230724_riparianshrub32_m3m/WILL/tile_14697.png,11
arctic_vegetation/20230724_riparianshrub32_m3m/WILL/tile_14698.png,11
arctic_vegetation/20230724_riparianshrub32_m3m/WILL/tile_14699.png,11
arctic_vegetation/20230724_riparianshrub32_m3m/WILL/tile_14700.png,11
arctic_vegetation/20230724_riparianshrub32_m3m/ALDE/tile_14701.png,0
arctic_vegetation/20230724_riparianshrub32_m3m/ALDE/tile_14702.png,0
arctic_vegetation/20230724_riparianshrub32_m3m/ALDE/tile_14703.png,0
arctic_vegetation/20230724_riparianshrub32_m3m/ALDE/tile_14704.png,0
arctic_vegetation/20230724_riparianshrub32_m3m/ALDE/tile_14705.png,0
arctic_vegetation/20230724_riparianshrub32_m3m/ALDE/tile_14706.png,0
arctic_vegetation/20230724_riparianshrub32_m3m/PETF/tile_14799.png,6
arctic_vegetation/20230724_riparianshrub32_m3m/PETF/tile_14800.png,6
arctic_vegetation/20230724_riparianshrub32_m3m/PETF/tile_14801.png,6
arctic_vegetation/20230724_riparianshrub32_m3m/LICH/tile_14802.png,4
arctic_vegetation/20230724_riparianshrub32_m3m/LICH/tile_14803.png,4
arctic_vegetation/20230724_riparianshrub32_m3m/LICH/tile_14804.png,4
arctic_vegetation/20230724_riparianshrub32_m3m/LICH/tile_14805.png,4
arctic_vegetation/20230724_riparianshrub32_m3m/PETF/tile_14806.png,6
arctic_vegetation/20230724_riparianshrub32_m3m/ALDE/tile_14808.png,0
arctic_vegetation/20230724_riparianshrub32_m3m/ALDE/tile_14809.png,0
arctic_vegetation/20230724_riparianshrub32_m3m/ALDE/tile_14810.png,0
arctic_vegetation/20230724_riparianshrub32_m3m/ALDE/tile_14811.png,0
arctic_vegetation/20230724_riparianshrub32_m3m/ALDE/tile_14812.png,0
arctic_vegetation/20230724_riparianshrub32_m3m/ALDE/tile_14813.png,0
arctic_vegetation/20230724_riparianshrub32_m3m/ALDE/tile_14814.png,0
arctic_vegetation/20230724_riparianshrub32_m3m/ALDE/tile_14815.png,0
arctic_vegetation/20230724_riparianshrub32_m3m/ALDE/tile_14816.png,0
arctic_vegetation/20230724_riparianshrub32_m3m/SEDG/tile_14817.png,9
arctic_vegetation/20230724_riparianshrub32_m3m/SEDG/tile_14818.png,9
arctic_vegetation/20230724_riparianshrub32_m3m/SEDG/tile_14819.png,9
arctic_vegetation/20230724_riparianshrub32_m3m/SEDG/tile_14820.png,9
arctic_vegetation/20230724_riparianshrub32_m3m/SEDG/tile_14821.png,9
arctic_vegetation/20230724_riparianshrub32_m3m/ALDE/tile_14822.png,0
arctic_vegetation/20230724_riparianshrub32_m3m/ALDE/tile_14823.png,0
arctic_vegetation/20230724_riparianshrub32_m3m/ALDE/tile_14824.png,0
arctic_vegetation/20230724_riparianshrub32_m3m/ALDE/tile_14825.png,0
arctic_vegetation/20230724_riparianshrub32_m3m/ALDE/tile_14826.png,0
arctic_vegetation/20230724_riparianshrub32_m3m/ALDE/tile_14827.png,0
arctic_vegetation/20230724_riparianshrub32_m3m/ALDE/tile_14828.png,0
arctic_vegetation/20230724_riparianshrub32_m3m/ALDE/tile_14829.png,0
arctic_vegetation/20230724_riparianshrub32_m3m/ALDE/tile_14830.png,0
arctic_vegetation/20230724_riparianshrub32_m3m/ALDE/tile_14831.png,0
arctic_vegetation/20230724_riparianshrub32_m3m/ALDE/tile_14832.png,0
arctic_vegetation/20230724_riparianshrub32_m3m/ALDE/tile_14833.png,0
arctic_vegetation/20230724_riparianshrub32_m3m/PETF/tile_14834.png,6
arctic_vegetation/20230724_riparianshrub32_m3m/WILL/tile_14835.png,11
arctic_vegetation/20230724_riparianshrub32_m3m/WILL/tile_14836.png,11
arctic_vegetation/20230724_riparianshrub32_m3m/WILL/tile_14837.png,11
arctic_vegetation/20230724_riparianshrub32_m3m/WILL/tile_14838.png,11
arctic_vegetation/20230724_riparianshrub32_m3m/WILL/tile_14839.png,11
arctic_vegetation/20230724_riparianshrub32_m3m/WILL/tile_14840.png,11
arctic_vegetation/20230724_riparianshrub32_m3m/WILL/tile_14841.png,11
arctic_vegetation/20230724_riparianshrub32_m3m/WILL/tile_14842.png,11
arctic_vegetation/20230724_riparianshrub32_m3m/WILL/tile_14843.png,11
arctic_vegetation/20230724_riparianshrub32_m3m/WILL/tile_14844.png,11
arctic_vegetation/20230724_riparianshrub32_m3m/WILL/tile_14845.png,11
arctic_vegetation/20230724_riparianshrub32_m3m/ALDE/tile_14846.png,0
arctic_vegetation/20230724_riparianshrub32_m3m/ALDE/tile_14847.png,0
arctic_vegetation/20230724_riparianshrub32_m3m/ALDE/tile_14848.png,0
arctic_vegetation/20230724_riparianshrub32_m3m/SEDG/tile_14850.png,9
arctic_vegetation/20230724_riparianshrub32_m3m/SEDG/tile_14851.png,9
arctic_vegetation/20230724_riparianshrub32_m3m/SEDG/tile_14852.png,9
arctic_vegetation/20230724_riparianshrub32_m3m/SEDG/tile_14854.png,9
arctic_vegetation/20230724_riparianshrub32_m3m/SEDG/tile_14855.png,9
arctic_vegetation/20230724_riparianshrub32_m3m/SEDG/tile_14856.png,9
arctic_vegetation/20230724_riparianshrub32_m3m/SEDG/tile_14857.png,9
arctic_vegetation/20230724_riparianshrub32_m3m/SEDG/tile_14858.png,9
arctic_vegetation/20230724_riparianshrub32_m3m/SEDG/tile_14859.png,9
arctic_vegetation/20230724_riparianshrub32_m3m/SEDG/tile_14860.png,9
arctic_vegetation/20230724_riparianshrub32_m3m/SEDG/tile_14861.png,9
arctic_vegetation/20230724_riparianshrub32_m3m/SEDG/tile_14862.png,9
arctic_vegetation/20230724_riparianshrub32_m3m/SEDG/tile_14863.png,9
arctic_vegetation/20230724_riparianshrub32_m3m/SEDG/tile_14864.png,9
arctic_vegetation/20230724_riparianshrub32_m3m/SEDG/tile_14865.png,9
arctic_vegetation/20230724_riparianshrub32_m3m/SEDG/tile_14866.png,9
arctic_vegetation/20230724_riparianshrub32_m3m/SEDG/tile_14867.png,9
arctic_vegetation/20230724_riparianshrub32_m3m/WILL/tile_14869.png,11
arctic_vegetation/20230724_riparianshrub32_m3m/WILL/tile_14870.png,11
arctic_vegetation/20230724_riparianshrub32_m3m/WILL/tile_14871.png,11
arctic_vegetation/20230724_riparianshrub32_m3m/WILL/tile_14872.png,11
arctic_vegetation/20230724_riparianshrub32_m3m/WILL/tile_14873.png,11
arctic_vegetation/20230724_riparianshrub32_m3m/ALDE/tile_14874.png,0
arctic_vegetation/20230724_riparianshrub32_m3m/WILL/tile_14875.png,11
arctic_vegetation/20230724_riparianshrub32_m3m/WILL/tile_14876.png,11
arctic_vegetation/20230724_riparianshrub32_m3m/WILL/tile_14877.png,11
arctic_vegetation/20230724_riparianshrub32_m3m/WILL/tile_14878.png,11
arctic_vegetation/20230724_riparianshrub32_m3m/WILL/tile_14879.png,11
arctic_vegetation/20230724_riparianshrub32_m3m/ALDE/tile_14880.png,0
arctic_vegetation/20230724_riparianshrub32_m3m/ALDE/tile_14881.png,0
arctic_vegetation/20230724_riparianshrub32_m3m/ALDE/tile_14882.png,0
arctic_vegetation/20230724_riparianshrub32_m3m/ALDE/tile_14883.png,0
arctic_vegetation/20230724_riparianshrub32_m3m/ALDE/tile_14884.png,0
arctic_vegetation/20230724_riparianshrub32_m3m/ALDE/tile_14885.png,0
arctic_vegetation/20230724_riparianshrub32_m3m/WILL/tile_14886.png,11
arctic_vegetation/20230724_riparianshrub32_m3m/WILL/tile_14887.png,11
arctic_vegetation/20230724_riparianshrub32_m3m/WILL/tile_14888.png,11
arctic_vegetation/20230724_riparianshrub32_m3m/WILL/tile_14889.png,11
arctic_vegetation/20230724_riparianshrub32_m3m/PETF/tile_14979.png,6
arctic_vegetation/20230724_riparianshrub32_m3m/PETF/tile_14980.png,6
arctic_vegetation/20230724_riparianshrub32_m3m/PETF/tile_14981.png,6
arctic_vegetation/20230724_riparianshrub32_m3m/PETF/tile_14982.png,6
arctic_vegetation/20230724_riparianshrub32_m3m/LICH/tile_14983.png,4
arctic_vegetation/20230724_riparianshrub32_m3m/LICH/tile_14984.png,4
arctic_vegetation/20230724_riparianshrub32_m3m/LICH/tile_14985.png,4
arctic_vegetation/20230724_riparianshrub32_m3m/PETF/tile_14986.png,6
arctic_vegetation/20230724_riparianshrub32_m3m/ALDE/tile_14988.png,0
arctic_vegetation/20230724_riparianshrub32_m3m/ALDE/tile_14989.png,0
arctic_vegetation/20230724_riparianshrub32_m3m/ALDE/tile_14990.png,0
arctic_vegetation/20230724_riparianshrub32_m3m/ALDE/tile_14991.png,0
arctic_vegetation/20230724_riparianshrub32_m3m/ALDE/tile_14992.png,0
arctic_vegetation/20230724_riparianshrub32_m3m/ALDE/tile_14993.png,0
arctic_vegetation/20230724_riparianshrub32_m3m/ALDE/tile_14994.png,0
arctic_vegetation/20230724_riparianshrub32_m3m/ALDE/tile_14995.png,0
arctic_vegetation/20230724_riparianshrub32_m3m/ALDE/tile_14996.png,0
arctic_vegetation/20230724_riparianshrub32_m3m/SEDG/tile_14997.png,9
arctic_vegetation/20230724_riparianshrub32_m3m/SEDG/tile_14998.png,9
arctic_vegetation/20230724_riparianshrub32_m3m/SEDG/tile_14999.png,9
arctic_vegetation/20230724_riparianshrub32_m3m/ALDE/tile_15000.png,0
arctic_vegetation/20230724_riparianshrub32_m3m/ALDE/tile_15001.png,0
arctic_vegetation/20230724_riparianshrub32_m3m/ALDE/tile_15002.png,0
arctic_vegetation/20230724_riparianshrub32_m3m/ALDE/tile_15003.png,0
arctic_vegetation/20230724_riparianshrub32_m3m/ALDE/tile_15004.png,0
arctic_vegetation/20230724_riparianshrub32_m3m/ALDE/tile_15005.png,0
arctic_vegetation/20230724_riparianshrub32_m3m/ALDE/tile_15006.png,0
arctic_vegetation/20230724_riparianshrub32_m3m/ALDE/tile_15007.png,0
arctic_vegetation/20230724_riparianshrub32_m3m/ALDE/tile_15008.png,0
arctic_vegetation/20230724_riparianshrub32_m3m/ALDE/tile_15009.png,0
arctic_vegetation/20230724_riparianshrub32_m3m/ALDE/tile_15010.png,0
arctic_vegetation/20230724_riparianshrub32_m3m/WILL/tile_15015.png,11
arctic_vegetation/20230724_riparianshrub32_m3m/WILL/tile_15016.png,11
arctic_vegetation/20230724_riparianshrub32_m3m/WILL/tile_15017.png,11
arctic_vegetation/20230724_riparianshrub32_m3m/WILL/tile_15018.png,11
arctic_vegetation/20230724_riparianshrub32_m3m/WILL/tile_15019.png,11
arctic_vegetation/20230724_riparianshrub32_m3m/WILL/tile_15020.png,11
arctic_vegetation/20230724_riparianshrub32_m3m/WILL/tile_15021.png,11
arctic_vegetation/20230724_riparianshrub32_m3m/WILL/tile_15022.png,11
arctic_vegetation/20230724_riparianshrub32_m3m/WILL/tile_15023.png,11
arctic_vegetation/20230724_riparianshrub32_m3m/WILL/tile_15024.png,11
arctic_vegetation/20230724_riparianshrub32_m3m/WILL/tile_15025.png,11
arctic_vegetation/20230724_riparianshrub32_m3m/WILL/tile_15026.png,11
arctic_vegetation/20230724_riparianshrub32_m3m/ALDE/tile_15027.png,0
arctic_vegetation/20230724_riparianshrub32_m3m/WILL/tile_15028.png,11
arctic_vegetation/20230724_riparianshrub32_m3m/WILL/tile_15029.png,11
arctic_vegetation/20230724_riparianshrub32_m3m/WILL/tile_15030.png,11
arctic_vegetation/20230724_riparianshrub32_m3m/SEDG/tile_15031.png,9
arctic_vegetation/20230724_riparianshrub32_m3m/SEDG/tile_15032.png,9
arctic_vegetation/20230724_riparianshrub32_m3m/SEDG/tile_15033.png,9
arctic_vegetation/20230724_riparianshrub32_m3m/SEDG/tile_15034.png,9
arctic_vegetation/20230724_riparianshrub32_m3m/SEDG/tile_15035.png,9
arctic_vegetation/20230724_riparianshrub32_m3m/SEDG/tile_15036.png,9
arctic_vegetation/20230724_riparianshrub32_m3m/SEDG/tile_15037.png,9
arctic_vegetation/20230724_riparianshrub32_m3m/SEDG/tile_15038.png,9
arctic_vegetation/20230724_riparianshrub32_m3m/SEDG/tile_15039.png,9
arctic_vegetation/20230724_riparianshrub32_m3m/SEDG/tile_15040.png,9
arctic_vegetation/20230724_riparianshrub32_m3m/SEDG/tile_15041.png,9
arctic_vegetation/20230724_riparianshrub32_m3m/SEDG/tile_15042.png,9
arctic_vegetation/20230724_riparianshrub32_m3m/SEDG/tile_15043.png,9
arctic_vegetation/20230724_riparianshrub32_m3m/SEDG/tile_15044.png,9
arctic_vegetation/20230724_riparianshrub32_m3m/SEDG/tile_15045.png,9
arctic_vegetation/20230724_riparianshrub32_m3m/SEDG/tile_15046.png,9
arctic_vegetation/20230724_riparianshrub32_m3m/SEDG/tile_15047.png,9
arctic_vegetation/20230724_riparianshrub32_m3m/WILL/tile_15049.png,11
arctic_vegetation/20230724_riparianshrub32_m3m/WILL/tile_15050.png,11
arctic_vegetation/20230724_riparianshrub32_m3m/WILL/tile_15051.png,11
arctic_vegetation/20230724_riparianshrub32_m3m/WILL/tile_15052.png,11
arctic_vegetation/20230724_riparianshrub32_m3m/WILL/tile_15053.png,11
arctic_vegetation/20230724_riparianshrub32_m3m/WILL/tile_15054.png,11
arctic_vegetation/20230724_riparianshrub32_m3m/WILL/tile_15055.png,11
arctic_vegetation/20230724_riparianshrub32_m3m/WILL/tile_15056.png,11
arctic_vegetation/20230724_riparianshrub32_m3m/WILL/tile_15057.png,11
arctic_vegetation/20230724_riparianshrub32_m3m/WILL/tile_15058.png,11
arctic_vegetation/20230724_riparianshrub32_m3m/ALDE/tile_15059.png,0
arctic_vegetation/20230724_riparianshrub32_m3m/ALDE/tile_15060.png,0
arctic_vegetation/20230724_riparianshrub32_m3m/ALDE/tile_15061.png,0
arctic_vegetation/20230724_riparianshrub32_m3m/ALDE/tile_15062.png,0
arctic_vegetation/20230724_riparianshrub32_m3m/ALDE/tile_15063.png,0
arctic_vegetation/20230724_riparianshrub32_m3m/ALDE/tile_15064.png,0
arctic_vegetation/20230724_riparianshrub32_m3m/ALDE/tile_15065.png,0
arctic_vegetation/20230724_riparianshrub32_m3m/WILL/tile_15066.png,11
arctic_vegetation/20230724_riparianshrub32_m3m/WILL/tile_15067.png,11
arctic_vegetation/20230724_riparianshrub32_m3m/WILL/tile_15068.png,11
arctic_vegetation/20230724_riparianshrub32_m3m/WILL/tile_15069.png,11
arctic_vegetation/20230724_riparianshrub32_m3m/ALDE/tile_15168.png,0
arctic_vegetation/20230724_riparianshrub32_m3m/ALDE/tile_15169.png,0
arctic_vegetation/20230724_riparianshrub32_m3m/ALDE/tile_15170.png,0
arctic_vegetation/20230724_riparianshrub32_m3m/ALDE/tile_15171.png,0
arctic_vegetation/20230724_riparianshrub32_m3m/ALDE/tile_15172.png,0
arctic_vegetation/20230724_riparianshrub32_m3m/ALDE/tile_15173.png,0
arctic_vegetation/20230724_riparianshrub32_m3m/ALDE/tile_15174.png,0
arctic_vegetation/20230724_riparianshrub32_m3m/ALDE/tile_15175.png,0
arctic_vegetation/20230724_riparianshrub32_m3m/ALDE/tile_15176.png,0
arctic_vegetation/20230724_riparianshrub32_m3m/SEDG/tile_15177.png,9
arctic_vegetation/20230724_riparianshrub32_m3m/SEDG/tile_15178.png,9
arctic_vegetation/20230724_riparianshrub32_m3m/SEDG/tile_15179.png,9
arctic_vegetation/20230724_riparianshrub32_m3m/ALDE/tile_15180.png,0
arctic_vegetation/20230724_riparianshrub32_m3m/ALDE/tile_15181.png,0
arctic_vegetation/20230724_riparianshrub32_m3m/ALDE/tile_15182.png,0
arctic_vegetation/20230724_riparianshrub32_m3m/ALDE/tile_15183.png,0
arctic_vegetation/20230724_riparianshrub32_m3m/ALDE/tile_15184.png,0
arctic_vegetation/20230724_riparianshrub32_m3m/ALDE/tile_15185.png,0
arctic_vegetation/20230724_riparianshrub32_m3m/ALDE/tile_15186.png,0
arctic_vegetation/20230724_riparianshrub32_m3m/ALDE/tile_15187.png,0
arctic_vegetation/20230724_riparianshrub32_m3m/ALDE/tile_15188.png,0
arctic_vegetation/20230724_riparianshrub32_m3m/ALDE/tile_15189.png,0
arctic_vegetation/20230724_riparianshrub32_m3m/ALDE/tile_15190.png,0
arctic_vegetation/20230724_riparianshrub32_m3m/WILL/tile_15195.png,11
arctic_vegetation/20230724_riparianshrub32_m3m/WILL/tile_15196.png,11
arctic_vegetation/20230724_riparianshrub32_m3m/WILL/tile_15197.png,11
arctic_vegetation/20230724_riparianshrub32_m3m/WILL/tile_15198.png,11
arctic_vegetation/20230724_riparianshrub32_m3m/WILL/tile_15199.png,11
arctic_vegetation/20230724_riparianshrub32_m3m/WILL/tile_15200.png,11
arctic_vegetation/20230724_riparianshrub32_m3m/WILL/tile_15201.png,11
arctic_vegetation/20230724_riparianshrub32_m3m/WILL/tile_15202.png,11
arctic_vegetation/20230724_riparianshrub32_m3m/WILL/tile_15203.png,11
arctic_vegetation/20230724_riparianshrub32_m3m/WILL/tile_15204.png,11
arctic_vegetation/20230724_riparianshrub32_m3m/WILL/tile_15205.png,11
arctic_vegetation/20230724_riparianshrub32_m3m/WILL/tile_15206.png,11
arctic_vegetation/20230724_riparianshrub32_m3m/SEDG/tile_15207.png,9
arctic_vegetation/20230724_riparianshrub32_m3m/WILL/tile_15208.png,11
arctic_vegetation/20230724_riparianshrub32_m3m/WILL/tile_15209.png,11
arctic_vegetation/20230724_riparianshrub32_m3m/WILL/tile_15210.png,11
arctic_vegetation/20230724_riparianshrub32_m3m/SEDG/tile_15211.png,9
arctic_vegetation/20230724_riparianshrub32_m3m/SEDG/tile_15212.png,9
arctic_vegetation/20230724_riparianshrub32_m3m/SEDG/tile_15213.png,9
arctic_vegetation/20230724_riparianshrub32_m3m/SEDG/tile_15214.png,9
arctic_vegetation/20230724_riparianshrub32_m3m/SEDG/tile_15215.png,9
arctic_vegetation/20230724_riparianshrub32_m3m/SEDG/tile_15216.png,9
arctic_vegetation/20230724_riparianshrub32_m3m/SEDG/tile_15217.png,9
arctic_vegetation/20230724_riparianshrub32_m3m/SEDG/tile_15218.png,9
arctic_vegetation/20230724_riparianshrub32_m3m/SEDG/tile_15219.png,9
arctic_vegetation/20230724_riparianshrub32_m3m/SEDG/tile_15220.png,9
arctic_vegetation/20230724_riparianshrub32_m3m/SEDG/tile_15221.png,9
arctic_vegetation/20230724_riparianshrub32_m3m/SEDG/tile_15222.png,9
arctic_vegetation/20230724_riparianshrub32_m3m/SEDG/tile_15223.png,9
arctic_vegetation/20230724_riparianshrub32_m3m/SEDG/tile_15224.png,9
arctic_vegetation/20230724_riparianshrub32_m3m/WILL/tile_15225.png,11
arctic_vegetation/20230724_riparianshrub32_m3m/WILL/tile_15226.png,11
arctic_vegetation/20230724_riparianshrub32_m3m/WILL/tile_15227.png,11
arctic_vegetation/20230724_riparianshrub32_m3m/WILL/tile_15228.png,11
arctic_vegetation/20230724_riparianshrub32_m3m/WILL/tile_15229.png,11
arctic_vegetation/20230724_riparianshrub32_m3m/WILL/tile_15230.png,11
arctic_vegetation/20230724_riparianshrub32_m3m/WILL/tile_15231.png,11
arctic_vegetation/20230724_riparianshrub32_m3m/WILL/tile_15232.png,11
arctic_vegetation/20230724_riparianshrub32_m3m/WILL/tile_15233.png,11
arctic_vegetation/20230724_riparianshrub32_m3m/WILL/tile_15234.png,11
arctic_vegetation/20230724_riparianshrub32_m3m/WILL/tile_15235.png,11
arctic_vegetation/20230724_riparianshrub32_m3m/WILL/tile_15236.png,11
arctic_vegetation/20230724_riparianshrub32_m3m/WILL/tile_15237.png,11
arctic_vegetation/20230724_riparianshrub32_m3m/WILL/tile_15238.png,11
arctic_vegetation/20230724_riparianshrub32_m3m/ALDE/tile_15239.png,0
arctic_vegetation/20230724_riparianshrub32_m3m/ALDE/tile_15240.png,0
arctic_vegetation/20230724_riparianshrub32_m3m/ALDE/tile_15241.png,0
arctic_vegetation/20230724_riparianshrub32_m3m/ALDE/tile_15242.png,0
arctic_vegetation/20230724_riparianshrub32_m3m/ALDE/tile_15243.png,0
arctic_vegetation/20230724_riparianshrub32_m3m/WILL/tile_15244.png,11
arctic_vegetation/20230724_riparianshrub32_m3m/WILL/tile_15245.png,11
arctic_vegetation/20230724_riparianshrub32_m3m/WILL/tile_15246.png,11
arctic_vegetation/20230724_riparianshrub32_m3m/WILL/tile_15247.png,11
arctic_vegetation/20230724_riparianshrub32_m3m/WILL/tile_15248.png,11
arctic_vegetation/20230724_riparianshrub32_m3m/WILL/tile_15249.png,11
arctic_vegetation/20230724_riparianshrub32_m3m/ALDE/tile_15348.png,0
arctic_vegetation/20230724_riparianshrub32_m3m/ALDE/tile_15349.png,0
arctic_vegetation/20230724_riparianshrub32_m3m/ALDE/tile_15350.png,0
arctic_vegetation/20230724_riparianshrub32_m3m/ALDE/tile_15351.png,0
arctic_vegetation/20230724_riparianshrub32_m3m/ALDE/tile_15352.png,0
arctic_vegetation/20230724_riparianshrub32_m3m/ALDE/tile_15353.png,0
arctic_vegetation/20230724_riparianshrub32_m3m/ALDE/tile_15354.png,0
arctic_vegetation/20230724_riparianshrub32_m3m/ALDE/tile_15355.png,0
arctic_vegetation/20230724_riparianshrub32_m3m/ALDE/tile_15356.png,0
arctic_vegetation/20230724_riparianshrub32_m3m/SEDG/tile_15357.png,9
arctic_vegetation/20230724_riparianshrub32_m3m/SEDG/tile_15358.png,9
arctic_vegetation/20230724_riparianshrub32_m3m/SEDG/tile_15359.png,9
arctic_vegetation/20230724_riparianshrub32_m3m/ALDE/tile_15360.png,0
arctic_vegetation/20230724_riparianshrub32_m3m/ALDE/tile_15361.png,0
arctic_vegetation/20230724_riparianshrub32_m3m/ALDE/tile_15362.png,0
arctic_vegetation/20230724_riparianshrub32_m3m/ALDE/tile_15363.png,0
arctic_vegetation/20230724_riparianshrub32_m3m/ALDE/tile_15364.png,0
arctic_vegetation/20230724_riparianshrub32_m3m/ALDE/tile_15365.png,0
arctic_vegetation/20230724_riparianshrub32_m3m/ALDE/tile_15366.png,0
arctic_vegetation/20230724_riparianshrub32_m3m/ALDE/tile_15367.png,0
arctic_vegetation/20230724_riparianshrub32_m3m/ALDE/tile_15368.png,0
arctic_vegetation/20230724_riparianshrub32_m3m/ALDE/tile_15369.png,0
arctic_vegetation/20230724_riparianshrub32_m3m/ALDE/tile_15370.png,0
arctic_vegetation/20230724_riparianshrub32_m3m/WILL/tile_15376.png,11
arctic_vegetation/20230724_riparianshrub32_m3m/WILL/tile_15377.png,11
arctic_vegetation/20230724_riparianshrub32_m3m/WILL/tile_15378.png,11
arctic_vegetation/20230724_riparianshrub32_m3m/WILL/tile_15379.png,11
arctic_vegetation/20230724_riparianshrub32_m3m/WILL/tile_15380.png,11
arctic_vegetation/20230724_riparianshrub32_m3m/WILL/tile_15381.png,11
arctic_vegetation/20230724_riparianshrub32_m3m/WILL/tile_15382.png,11
arctic_vegetation/20230724_riparianshrub32_m3m/WILL/tile_15383.png,11
arctic_vegetation/20230724_riparianshrub32_m3m/WILL/tile_15384.png,11
arctic_vegetation/20230724_riparianshrub32_m3m/WILL/tile_15385.png,11
arctic_vegetation/20230724_riparianshrub32_m3m/WILL/tile_15386.png,11
arctic_vegetation/20230724_riparianshrub32_m3m/WILL/tile_15387.png,11
arctic_vegetation/20230724_riparianshrub32_m3m/WILL/tile_15388.png,11
arctic_vegetation/20230724_riparianshrub32_m3m/WILL/tile_15389.png,11
arctic_vegetation/20230724_riparianshrub32_m3m/WILL/tile_15390.png,11
arctic_vegetation/20230724_riparianshrub32_m3m/SEDG/tile_15391.png,9
arctic_vegetation/20230724_riparianshrub32_m3m/SEDG/tile_15392.png,9
arctic_vegetation/20230724_riparianshrub32_m3m/SEDG/tile_15393.png,9
arctic_vegetation/20230724_riparianshrub32_m3m/SEDG/tile_15394.png,9
arctic_vegetation/20230724_riparianshrub32_m3m/SEDG/tile_15395.png,9
arctic_vegetation/20230724_riparianshrub32_m3m/SEDG/tile_15396.png,9
arctic_vegetation/20230724_riparianshrub32_m3m/SEDG/tile_15397.png,9
arctic_vegetation/20230724_riparianshrub32_m3m/SEDG/tile_15398.png,9
arctic_vegetation/20230724_riparianshrub32_m3m/WILL/tile_15399.png,11
arctic_vegetation/20230724_riparianshrub32_m3m/WILL/tile_15400.png,11
arctic_vegetation/20230724_riparianshrub32_m3m/WILL/tile_15401.png,11
arctic_vegetation/20230724_riparianshrub32_m3m/WILL/tile_15402.png,11
arctic_vegetation/20230724_riparianshrub32_m3m/WILL/tile_15403.png,11
arctic_vegetation/20230724_riparianshrub32_m3m/WILL/tile_15404.png,11
arctic_vegetation/20230724_riparianshrub32_m3m/WILL/tile_15405.png,11
arctic_vegetation/20230724_riparianshrub32_m3m/WILL/tile_15406.png,11
arctic_vegetation/20230724_riparianshrub32_m3m/WILL/tile_15407.png,11
arctic_vegetation/20230724_riparianshrub32_m3m/WILL/tile_15408.png,11
arctic_vegetation/20230724_riparianshrub32_m3m/WILL/tile_15409.png,11
arctic_vegetation/20230724_riparianshrub32_m3m/WILL/tile_15410.png,11
arctic_vegetation/20230724_riparianshrub32_m3m/WILL/tile_15411.png,11
arctic_vegetation/20230724_riparianshrub32_m3m/WILL/tile_15412.png,11
arctic_vegetation/20230724_riparianshrub32_m3m/WILL/tile_15413.png,11
arctic_vegetation/20230724_riparianshrub32_m3m/WILL/tile_15414.png,11
arctic_vegetation/20230724_riparianshrub32_m3m/WILL/tile_15415.png,11
arctic_vegetation/20230724_riparianshrub32_m3m/WILL/tile_15416.png,11
arctic_vegetation/20230724_riparianshrub32_m3m/WILL/tile_15417.png,11
arctic_vegetation/20230724_riparianshrub32_m3m/WILL/tile_15418.png,11
arctic_vegetation/20230724_riparianshrub32_m3m/WILL/tile_15419.png,11
arctic_vegetation/20230724_riparianshrub32_m3m/WILL/tile_15420.png,11
arctic_vegetation/20230724_riparianshrub32_m3m/WILL/tile_15421.png,11
arctic_vegetation/20230724_riparianshrub32_m3m/WILL/tile_15422.png,11
arctic_vegetation/20230724_riparianshrub32_m3m/WILL/tile_15423.png,11
arctic_vegetation/20230724_riparianshrub32_m3m/WILL/tile_15424.png,11
arctic_vegetation/20230724_riparianshrub32_m3m/WILL/tile_15425.png,11
arctic_vegetation/20230724_riparianshrub32_m3m/WILL/tile_15426.png,11
arctic_vegetation/20230724_riparianshrub32_m3m/WILL/tile_15427.png,11
arctic_vegetation/20230724_riparianshrub32_m3m/WILL/tile_15428.png,11
arctic_vegetation/20230724_riparianshrub32_m3m/WILL/tile_15429.png,11
arctic_vegetation/20230724_riparianshrub32_m3m/ALDE/tile_15528.png,0
arctic_vegetation/20230724_riparianshrub32_m3m/ALDE/tile_15529.png,0
arctic_vegetation/20230724_riparianshrub32_m3m/ALDE/tile_15530.png,0
arctic_vegetation/20230724_riparianshrub32_m3m/ALDE/tile_15531.png,0
arctic_vegetation/20230724_riparianshrub32_m3m/ALDE/tile_15532.png,0
arctic_vegetation/20230724_riparianshrub32_m3m/ALDE/tile_15533.png,0
arctic_vegetation/20230724_riparianshrub32_m3m/ALDE/tile_15534.png,0
arctic_vegetation/20230724_riparianshrub32_m3m/ALDE/tile_15535.png,0
arctic_vegetation/20230724_riparianshrub32_m3m/ALDE/tile_15536.png,0
arctic_vegetation/20230724_riparianshrub32_m3m/SEDG/tile_15537.png,9
arctic_vegetation/20230724_riparianshrub32_m3m/SEDG/tile_15538.png,9
arctic_vegetation/20230724_riparianshrub32_m3m/SEDG/tile_15539.png,9
arctic_vegetation/20230724_riparianshrub32_m3m/ALDE/tile_15540.png,0
arctic_vegetation/20230724_riparianshrub32_m3m/ALDE/tile_15541.png,0
arctic_vegetation/20230724_riparianshrub32_m3m/ALDE/tile_15542.png,0
arctic_vegetation/20230724_riparianshrub32_m3m/ALDE/tile_15543.png,0
arctic_vegetation/20230724_riparianshrub32_m3m/ALDE/tile_15544.png,0
arctic_vegetation/20230724_riparianshrub32_m3m/ALDE/tile_15545.png,0
arctic_vegetation/20230724_riparianshrub32_m3m/ALDE/tile_15546.png,0
arctic_vegetation/20230724_riparianshrub32_m3m/ALDE/tile_15547.png,0
arctic_vegetation/20230724_riparianshrub32_m3m/ALDE/tile_15548.png,0
arctic_vegetation/20230724_riparianshrub32_m3m/ALDE/tile_15549.png,0
arctic_vegetation/20230724_riparianshrub32_m3m/ALDE/tile_15550.png,0
arctic_vegetation/20230724_riparianshrub32_m3m/WILL/tile_15566.png,11
arctic_vegetation/20230724_riparianshrub32_m3m/WILL/tile_15567.png,11
arctic_vegetation/20230724_riparianshrub32_m3m/WILL/tile_15568.png,11
arctic_vegetation/20230724_riparianshrub32_m3m/WILL/tile_15569.png,11
arctic_vegetation/20230724_riparianshrub32_m3m/WILL/tile_15570.png,11
arctic_vegetation/20230724_riparianshrub32_m3m/SEDG/tile_15571.png,9
arctic_vegetation/20230724_riparianshrub32_m3m/SEDG/tile_15572.png,9
arctic_vegetation/20230724_riparianshrub32_m3m/SEDG/tile_15573.png,9
arctic_vegetation/20230724_riparianshrub32_m3m/SEDG/tile_15574.png,9
arctic_vegetation/20230724_riparianshrub32_m3m/SEDG/tile_15575.png,9
arctic_vegetation/20230724_riparianshrub32_m3m/SEDG/tile_15576.png,9
arctic_vegetation/20230724_riparianshrub32_m3m/SEDG/tile_15577.png,9
arctic_vegetation/20230724_riparianshrub32_m3m/SEDG/tile_15578.png,9
arctic_vegetation/20230724_riparianshrub32_m3m/SEDG/tile_15579.png,9
arctic_vegetation/20230724_riparianshrub32_m3m/SEDG/tile_15580.png,9
arctic_vegetation/20230724_riparianshrub32_m3m/WILL/tile_15581.png,11
arctic_vegetation/20230724_riparianshrub32_m3m/WILL/tile_15582.png,11
arctic_vegetation/20230724_riparianshrub32_m3m/WILL/tile_15583.png,11
arctic_vegetation/20230724_riparianshrub32_m3m/WILL/tile_15584.png,11
arctic_vegetation/20230724_riparianshrub32_m3m/WILL/tile_15585.png,11
arctic_vegetation/20230724_riparianshrub32_m3m/WILL/tile_15586.png,11
arctic_vegetation/20230724_riparianshrub32_m3m/WILL/tile_15587.png,11
arctic_vegetation/20230724_riparianshrub32_m3m/WILL/tile_15588.png,11
arctic_vegetation/20230724_riparianshrub32_m3m/WILL/tile_15589.png,11
arctic_vegetation/20230724_riparianshrub32_m3m/WILL/tile_15590.png,11
arctic_vegetation/20230724_riparianshrub32_m3m/WILL/tile_15591.png,11
arctic_vegetation/20230724_riparianshrub32_m3m/WILL/tile_15592.png,11
arctic_vegetation/20230724_riparianshrub32_m3m/WILL/tile_15593.png,11
arctic_vegetation/20230724_riparianshrub32_m3m/WILL/tile_15594.png,11
arctic_vegetation/20230724_riparianshrub32_m3m/WILL/tile_15595.png,11
arctic_vegetation/20230724_riparianshrub32_m3m/WILL/tile_15596.png,11
arctic_vegetation/20230724_riparianshrub32_m3m/WILL/tile_15597.png,11
arctic_vegetation/20230724_riparianshrub32_m3m/WILL/tile_15598.png,11
arctic_vegetation/20230724_riparianshrub32_m3m/WILL/tile_15599.png,11
arctic_vegetation/20230724_riparianshrub32_m3m/WILL/tile_15600.png,11
arctic_vegetation/20230724_riparianshrub32_m3m/WILL/tile_15601.png,11
arctic_vegetation/20230724_riparianshrub32_m3m/WILL/tile_15602.png,11
arctic_vegetation/20230724_riparianshrub32_m3m/WILL/tile_15603.png,11
arctic_vegetation/20230724_riparianshrub32_m3m/WILL/tile_15604.png,11
arctic_vegetation/20230724_riparianshrub32_m3m/WILL/tile_15605.png,11
arctic_vegetation/20230724_riparianshrub32_m3m/WILL/tile_15606.png,11
arctic_vegetation/20230724_riparianshrub32_m3m/WILL/tile_15607.png,11
arctic_vegetation/20230724_riparianshrub32_m3m/ALDE/tile_15709.png,0
arctic_vegetation/20230724_riparianshrub32_m3m/ALDE/tile_15710.png,0
arctic_vegetation/20230724_riparianshrub32_m3m/ALDE/tile_15711.png,0
arctic_vegetation/20230724_riparianshrub32_m3m/ALDE/tile_15712.png,0
arctic_vegetation/20230724_riparianshrub32_m3m/ALDE/tile_15713.png,0
arctic_vegetation/20230724_riparianshrub32_m3m/ALDE/tile_15714.png,0
arctic_vegetation/20230724_riparianshrub32_m3m/ALDE/tile_15715.png,0
arctic_vegetation/20230724_riparianshrub32_m3m/ALDE/tile_15716.png,0
arctic_vegetation/20230724_riparianshrub32_m3m/SEDG/tile_15717.png,9
arctic_vegetation/20230724_riparianshrub32_m3m/SEDG/tile_15718.png,9
arctic_vegetation/20230724_riparianshrub32_m3m/ALDE/tile_15719.png,0
arctic_vegetation/20230724_riparianshrub32_m3m/ALDE/tile_15720.png,0
arctic_vegetation/20230724_riparianshrub32_m3m/ALDE/tile_15721.png,0
arctic_vegetation/20230724_riparianshrub32_m3m/ALDE/tile_15722.png,0
arctic_vegetation/20230724_riparianshrub32_m3m/ALDE/tile_15723.png,0
arctic_vegetation/20230724_riparianshrub32_m3m/ALDE/tile_15724.png,0
arctic_vegetation/20230724_riparianshrub32_m3m/ALDE/tile_15725.png,0
arctic_vegetation/20230724_riparianshrub32_m3m/ALDE/tile_15726.png,0
arctic_vegetation/20230724_riparianshrub32_m3m/ALDE/tile_15727.png,0
arctic_vegetation/20230724_riparianshrub32_m3m/ALDE/tile_15728.png,0
arctic_vegetation/20230724_riparianshrub32_m3m/ALDE/tile_15729.png,0
arctic_vegetation/20230724_riparianshrub32_m3m/ALDE/tile_15730.png,0
arctic_vegetation/20230724_riparianshrub32_m3m/WILL/tile_15746.png,11
arctic_vegetation/20230724_riparianshrub32_m3m/WILL/tile_15747.png,11
arctic_vegetation/20230724_riparianshrub32_m3m/WILL/tile_15748.png,11
arctic_vegetation/20230724_riparianshrub32_m3m/WILL/tile_15749.png,11
arctic_vegetation/20230724_riparianshrub32_m3m/WILL/tile_15750.png,11
arctic_vegetation/20230724_riparianshrub32_m3m/SEDG/tile_15751.png,9
arctic_vegetation/20230724_riparianshrub32_m3m/SEDG/tile_15752.png,9
arctic_vegetation/20230724_riparianshrub32_m3m/SEDG/tile_15753.png,9
arctic_vegetation/20230724_riparianshrub32_m3m/SEDG/tile_15754.png,9
arctic_vegetation/20230724_riparianshrub32_m3m/SEDG/tile_15755.png,9
arctic_vegetation/20230724_riparianshrub32_m3m/SEDG/tile_15756.png,9
arctic_vegetation/20230724_riparianshrub32_m3m/SEDG/tile_15757.png,9
arctic_vegetation/20230724_riparianshrub32_m3m/SEDG/tile_15758.png,9
arctic_vegetation/20230724_riparianshrub32_m3m/SEDG/tile_15759.png,9
arctic_vegetation/20230724_riparianshrub32_m3m/SEDG/tile_15760.png,9
arctic_vegetation/20230724_riparianshrub32_m3m/WILL/tile_15761.png,11
arctic_vegetation/20230724_riparianshrub32_m3m/WILL/tile_15762.png,11
arctic_vegetation/20230724_riparianshrub32_m3m/WILL/tile_15763.png,11
arctic_vegetation/20230724_riparianshrub32_m3m/WILL/tile_15764.png,11
arctic_vegetation/20230724_riparianshrub32_m3m/WILL/tile_15765.png,11
arctic_vegetation/20230724_riparianshrub32_m3m/WILL/tile_15766.png,11
arctic_vegetation/20230724_riparianshrub32_m3m/WILL/tile_15767.png,11
arctic_vegetation/20230724_riparianshrub32_m3m/WILL/tile_15768.png,11
arctic_vegetation/20230724_riparianshrub32_m3m/WILL/tile_15769.png,11
arctic_vegetation/20230724_riparianshrub32_m3m/WILL/tile_15770.png,11
arctic_vegetation/20230724_riparianshrub32_m3m/WILL/tile_15771.png,11
arctic_vegetation/20230724_riparianshrub32_m3m/WILL/tile_15772.png,11
arctic_vegetation/20230724_riparianshrub32_m3m/WILL/tile_15773.png,11
arctic_vegetation/20230724_riparianshrub32_m3m/WILL/tile_15774.png,11
arctic_vegetation/20230724_riparianshrub32_m3m/WILL/tile_15775.png,11
arctic_vegetation/20230724_riparianshrub32_m3m/WILL/tile_15776.png,11
arctic_vegetation/20230724_riparianshrub32_m3m/WILL/tile_15777.png,11
arctic_vegetation/20230724_riparianshrub32_m3m/WILL/tile_15778.png,11
arctic_vegetation/20230724_riparianshrub32_m3m/WILL/tile_15779.png,11
arctic_vegetation/20230724_riparianshrub32_m3m/WILL/tile_15780.png,11
arctic_vegetation/20230724_riparianshrub32_m3m/WILL/tile_15781.png,11
arctic_vegetation/20230724_riparianshrub32_m3m/WILL/tile_15782.png,11
arctic_vegetation/20230724_riparianshrub32_m3m/WILL/tile_15783.png,11
arctic_vegetation/20230724_riparianshrub32_m3m/WILL/tile_15784.png,11
arctic_vegetation/20230724_riparianshrub32_m3m/WILL/tile_15785.png,11
arctic_vegetation/20230724_riparianshrub32_m3m/WILL/tile_15786.png,11
arctic_vegetation/20230724_riparianshrub32_m3m/WILL/tile_15787.png,11
arctic_vegetation/20230724_riparianshrub32_m3m/WILL/tile_15788.png,11
arctic_vegetation/20230724_riparianshrub32_m3m/WILL/tile_15789.png,11
arctic_vegetation/20230724_riparianshrub32_m3m/WILL/tile_15790.png,11
arctic_vegetation/20230724_riparianshrub32_m3m/WILL/tile_15791.png,11
arctic_vegetation/20230724_riparianshrub32_m3m/ALDE/tile_15889.png,0
arctic_vegetation/20230724_riparianshrub32_m3m/ALDE/tile_15890.png,0
arctic_vegetation/20230724_riparianshrub32_m3m/ALDE/tile_15891.png,0
arctic_vegetation/20230724_riparianshrub32_m3m/ALDE/tile_15892.png,0
arctic_vegetation/20230724_riparianshrub32_m3m/ALDE/tile_15893.png,0
arctic_vegetation/20230724_riparianshrub32_m3m/ALDE/tile_15894.png,0
arctic_vegetation/20230724_riparianshrub32_m3m/LICH/tile_15897.png,4
arctic_vegetation/20230724_riparianshrub32_m3m/SEDG/tile_15898.png,9
arctic_vegetation/20230724_riparianshrub32_m3m/ALDE/tile_15899.png,0
arctic_vegetation/20230724_riparianshrub32_m3m/ALDE/tile_15900.png,0
arctic_vegetation/20230724_riparianshrub32_m3m/ALDE/tile_15901.png,0
arctic_vegetation/20230724_riparianshrub32_m3m/ALDE/tile_15902.png,0
arctic_vegetation/20230724_riparianshrub32_m3m/ALDE/tile_15903.png,0
arctic_vegetation/20230724_riparianshrub32_m3m/ALDE/tile_15904.png,0
arctic_vegetation/20230724_riparianshrub32_m3m/ALDE/tile_15905.png,0
arctic_vegetation/20230724_riparianshrub32_m3m/ALDE/tile_15906.png,0
arctic_vegetation/20230724_riparianshrub32_m3m/ALDE/tile_15907.png,0
arctic_vegetation/20230724_riparianshrub32_m3m/ALDE/tile_15908.png,0
arctic_vegetation/20230724_riparianshrub32_m3m/ALDE/tile_15909.png,0
arctic_vegetation/20230724_riparianshrub32_m3m/ALDE/tile_15910.png,0
arctic_vegetation/20230724_riparianshrub32_m3m/ALDE/tile_15922.png,0
arctic_vegetation/20230724_riparianshrub32_m3m/ALDE/tile_15923.png,0
arctic_vegetation/20230724_riparianshrub32_m3m/ALDE/tile_15924.png,0
arctic_vegetation/20230724_riparianshrub32_m3m/ALDE/tile_15925.png,0
arctic_vegetation/20230724_riparianshrub32_m3m/ALDE/tile_15926.png,0
arctic_vegetation/20230724_riparianshrub32_m3m/ALDE/tile_15927.png,0
arctic_vegetation/20230724_riparianshrub32_m3m/ALDE/tile_15928.png,0
arctic_vegetation/20230724_riparianshrub32_m3m/ALDE/tile_15929.png,0
arctic_vegetation/20230724_riparianshrub32_m3m/WILL/tile_15930.png,11
arctic_vegetation/20230724_riparianshrub32_m3m/WILL/tile_15931.png,11
arctic_vegetation/20230724_riparianshrub32_m3m/SEDG/tile_15932.png,9
arctic_vegetation/20230724_riparianshrub32_m3m/SEDG/tile_15933.png,9
arctic_vegetation/20230724_riparianshrub32_m3m/SEDG/tile_15934.png,9
arctic_vegetation/20230724_riparianshrub32_m3m/SEDG/tile_15935.png,9
arctic_vegetation/20230724_riparianshrub32_m3m/SEDG/tile_15936.png,9
arctic_vegetation/20230724_riparianshrub32_m3m/SEDG/tile_15937.png,9
arctic_vegetation/20230724_riparianshrub32_m3m/SEDG/tile_15938.png,9
arctic_vegetation/20230724_riparianshrub32_m3m/SEDG/tile_15939.png,9
arctic_vegetation/20230724_riparianshrub32_m3m/SEDG/tile_15940.png,9
arctic_vegetation/20230724_riparianshrub32_m3m/SEDG/tile_15941.png,9
arctic_vegetation/20230724_riparianshrub32_m3m/WILL/tile_15942.png,11
arctic_vegetation/20230724_riparianshrub32_m3m/WILL/tile_15943.png,11
arctic_vegetation/20230724_riparianshrub32_m3m/WILL/tile_15944.png,11
arctic_vegetation/20230724_riparianshrub32_m3m/WILL/tile_15945.png,11
arctic_vegetation/20230724_riparianshrub32_m3m/WILL/tile_15946.png,11
arctic_vegetation/20230724_riparianshrub32_m3m/WILL/tile_15947.png,11
arctic_vegetation/20230724_riparianshrub32_m3m/WILL/tile_15948.png,11
arctic_vegetation/20230724_riparianshrub32_m3m/WILL/tile_15949.png,11
arctic_vegetation/20230724_riparianshrub32_m3m/WILL/tile_15950.png,11
arctic_vegetation/20230724_riparianshrub32_m3m/ALDE/tile_15951.png,0
arctic_vegetation/20230724_riparianshrub32_m3m/ALDE/tile_15952.png,0
arctic_vegetation/20230724_riparianshrub32_m3m/WILL/tile_15953.png,11
arctic_vegetation/20230724_riparianshrub32_m3m/WILL/tile_15954.png,11
arctic_vegetation/20230724_riparianshrub32_m3m/WILL/tile_15955.png,11
arctic_vegetation/20230724_riparianshrub32_m3m/WILL/tile_15956.png,11
arctic_vegetation/20230724_riparianshrub32_m3m/ALDE/tile_15957.png,0
arctic_vegetation/20230724_riparianshrub32_m3m/ALDE/tile_15958.png,0
arctic_vegetation/20230724_riparianshrub32_m3m/WILL/tile_15959.png,11
arctic_vegetation/20230724_riparianshrub32_m3m/WILL/tile_15960.png,11
arctic_vegetation/20230724_riparianshrub32_m3m/WILL/tile_15961.png,11
arctic_vegetation/20230724_riparianshrub32_m3m/WILL/tile_15962.png,11
arctic_vegetation/20230724_riparianshrub32_m3m/WILL/tile_15963.png,11
arctic_vegetation/20230724_riparianshrub32_m3m/WILL/tile_15964.png,11
arctic_vegetation/20230724_riparianshrub32_m3m/WILL/tile_15965.png,11
arctic_vegetation/20230724_riparianshrub32_m3m/WILL/tile_15966.png,11
arctic_vegetation/20230724_riparianshrub32_m3m/WILL/tile_15967.png,11
arctic_vegetation/20230724_riparianshrub32_m3m/WILL/tile_15968.png,11
arctic_vegetation/20230724_riparianshrub32_m3m/WILL/tile_15969.png,11
arctic_vegetation/20230724_riparianshrub32_m3m/WILL/tile_15970.png,11
arctic_vegetation/20230724_riparianshrub32_m3m/WILL/tile_15971.png,11
arctic_vegetation/20230724_riparianshrub32_m3m/LICH/tile_16077.png,4
arctic_vegetation/20230724_riparianshrub32_m3m/LICH/tile_16078.png,4
arctic_vegetation/20230724_riparianshrub32_m3m/LICH/tile_16079.png,4
arctic_vegetation/20230724_riparianshrub32_m3m/ALDE/tile_16080.png,0
arctic_vegetation/20230724_riparianshrub32_m3m/ALDE/tile_16081.png,0
arctic_vegetation/20230724_riparianshrub32_m3m/ALDE/tile_16082.png,0
arctic_vegetation/20230724_riparianshrub32_m3m/ALDE/tile_16083.png,0
arctic_vegetation/20230724_riparianshrub32_m3m/ALDE/tile_16084.png,0
arctic_vegetation/20230724_riparianshrub32_m3m/ALDE/tile_16085.png,0
arctic_vegetation/20230724_riparianshrub32_m3m/ALDE/tile_16086.png,0
arctic_vegetation/20230724_riparianshrub32_m3m/ALDE/tile_16087.png,0
arctic_vegetation/20230724_riparianshrub32_m3m/ALDE/tile_16088.png,0
arctic_vegetation/20230724_riparianshrub32_m3m/SEDG/tile_16089.png,9
arctic_vegetation/20230724_riparianshrub32_m3m/SEDG/tile_16090.png,9
arctic_vegetation/20230724_riparianshrub32_m3m/ALDE/tile_16102.png,0
arctic_vegetation/20230724_riparianshrub32_m3m/ALDE/tile_16103.png,0
arctic_vegetation/20230724_riparianshrub32_m3m/ALDE/tile_16104.png,0
arctic_vegetation/20230724_riparianshrub32_m3m/ALDE/tile_16105.png,0
arctic_vegetation/20230724_riparianshrub32_m3m/ALDE/tile_16106.png,0
arctic_vegetation/20230724_riparianshrub32_m3m/ALDE/tile_16107.png,0
arctic_vegetation/20230724_riparianshrub32_m3m/ALDE/tile_16108.png,0
arctic_vegetation/20230724_riparianshrub32_m3m/ALDE/tile_16109.png,0
arctic_vegetation/20230724_riparianshrub32_m3m/ALDE/tile_16110.png,0
arctic_vegetation/20230724_riparianshrub32_m3m/WILL/tile_16111.png,11
arctic_vegetation/20230724_riparianshrub32_m3m/SEDG/tile_16112.png,9
arctic_vegetation/20230724_riparianshrub32_m3m/SEDG/tile_16113.png,9
arctic_vegetation/20230724_riparianshrub32_m3m/SEDG/tile_16114.png,9
arctic_vegetation/20230724_riparianshrub32_m3m/SEDG/tile_16115.png,9
arctic_vegetation/20230724_riparianshrub32_m3m/SEDG/tile_16116.png,9
arctic_vegetation/20230724_riparianshrub32_m3m/SEDG/tile_16117.png,9
arctic_vegetation/20230724_riparianshrub32_m3m/SEDG/tile_16118.png,9
arctic_vegetation/20230724_riparianshrub32_m3m/SEDG/tile_16119.png,9
arctic_vegetation/20230724_riparianshrub32_m3m/SEDG/tile_16120.png,9
arctic_vegetation/20230724_riparianshrub32_m3m/SEDG/tile_16121.png,9
arctic_vegetation/20230724_riparianshrub32_m3m/WILL/tile_16122.png,11
arctic_vegetation/20230724_riparianshrub32_m3m/WILL/tile_16123.png,11
arctic_vegetation/20230724_riparianshrub32_m3m/WILL/tile_16124.png,11
arctic_vegetation/20230724_riparianshrub32_m3m/WILL/tile_16125.png,11
arctic_vegetation/20230724_riparianshrub32_m3m/WILL/tile_16126.png,11
arctic_vegetation/20230724_riparianshrub32_m3m/WILL/tile_16127.png,11
arctic_vegetation/20230724_riparianshrub32_m3m/WILL/tile_16128.png,11
arctic_vegetation/20230724_riparianshrub32_m3m/ALDE/tile_16129.png,0
arctic_vegetation/20230724_riparianshrub32_m3m/ALDE/tile_16130.png,0
arctic_vegetation/20230724_riparianshrub32_m3m/ALDE/tile_16131.png,0
arctic_vegetation/20230724_riparianshrub32_m3m/ALDE/tile_16132.png,0
arctic_vegetation/20230724_riparianshrub32_m3m/WILL/tile_16133.png,11
arctic_vegetation/20230724_riparianshrub32_m3m/ALDE/tile_16134.png,0
arctic_vegetation/20230724_riparianshrub32_m3m/ALDE/tile_16135.png,0
arctic_vegetation/20230724_riparianshrub32_m3m/ALDE/tile_16136.png,0
arctic_vegetation/20230724_riparianshrub32_m3m/ALDE/tile_16137.png,0
arctic_vegetation/20230724_riparianshrub32_m3m/ALDE/tile_16138.png,0
arctic_vegetation/20230724_riparianshrub32_m3m/ALDE/tile_16139.png,0
arctic_vegetation/20230724_riparianshrub32_m3m/ALDE/tile_16140.png,0
arctic_vegetation/20230724_riparianshrub32_m3m/ALDE/tile_16141.png,0
arctic_vegetation/20230724_riparianshrub32_m3m/WILL/tile_16142.png,11
arctic_vegetation/20230724_riparianshrub32_m3m/WILL/tile_16143.png,11
arctic_vegetation/20230724_riparianshrub32_m3m/WILL/tile_16144.png,11
arctic_vegetation/20230724_riparianshrub32_m3m/WILL/tile_16145.png,11
arctic_vegetation/20230724_riparianshrub32_m3m/WILL/tile_16146.png,11
arctic_vegetation/20230724_riparianshrub32_m3m/WILL/tile_16147.png,11
arctic_vegetation/20230724_riparianshrub32_m3m/WILL/tile_16148.png,11
arctic_vegetation/20230724_riparianshrub32_m3m/WILL/tile_16149.png,11
arctic_vegetation/20230724_riparianshrub32_m3m/WILL/tile_16150.png,11
arctic_vegetation/20230724_riparianshrub32_m3m/WILL/tile_16151.png,11
arctic_vegetation/20230724_riparianshrub32_m3m/ALDE/tile_16262.png,0
arctic_vegetation/20230724_riparianshrub32_m3m/ALDE/tile_16263.png,0
arctic_vegetation/20230724_riparianshrub32_m3m/ALDE/tile_16264.png,0
arctic_vegetation/20230724_riparianshrub32_m3m/ALDE/tile_16265.png,0
arctic_vegetation/20230724_riparianshrub32_m3m/ALDE/tile_16282.png,0
arctic_vegetation/20230724_riparianshrub32_m3m/ALDE/tile_16283.png,0
arctic_vegetation/20230724_riparianshrub32_m3m/ALDE/tile_16284.png,0
arctic_vegetation/20230724_riparianshrub32_m3m/ALDE/tile_16285.png,0
arctic_vegetation/20230724_riparianshrub32_m3m/ALDE/tile_16286.png,0
arctic_vegetation/20230724_riparianshrub32_m3m/ALDE/tile_16287.png,0
arctic_vegetation/20230724_riparianshrub32_m3m/ALDE/tile_16288.png,0
arctic_vegetation/20230724_riparianshrub32_m3m/ALDE/tile_16289.png,0
arctic_vegetation/20230724_riparianshrub32_m3m/ALDE/tile_16290.png,0
arctic_vegetation/20230724_riparianshrub32_m3m/SEDG/tile_16294.png,9
arctic_vegetation/20230724_riparianshrub32_m3m/SEDG/tile_16295.png,9
arctic_vegetation/20230724_riparianshrub32_m3m/SEDG/tile_16296.png,9
arctic_vegetation/20230724_riparianshrub32_m3m/SEDG/tile_16297.png,9
arctic_vegetation/20230724_riparianshrub32_m3m/SEDG/tile_16298.png,9
arctic_vegetation/20230724_riparianshrub32_m3m/SEDG/tile_16299.png,9
arctic_vegetation/20230724_riparianshrub32_m3m/SEDG/tile_16300.png,9
arctic_vegetation/20230724_riparianshrub32_m3m/SEDG/tile_16301.png,9
arctic_vegetation/20230724_riparianshrub32_m3m/WILL/tile_16302.png,11
arctic_vegetation/20230724_riparianshrub32_m3m/WILL/tile_16303.png,11
arctic_vegetation/20230724_riparianshrub32_m3m/WILL/tile_16304.png,11
arctic_vegetation/20230724_riparianshrub32_m3m/WILL/tile_16305.png,11
arctic_vegetation/20230724_riparianshrub32_m3m/WILL/tile_16306.png,11
arctic_vegetation/20230724_riparianshrub32_m3m/WILL/tile_16307.png,11
arctic_vegetation/20230724_riparianshrub32_m3m/WILL/tile_16308.png,11
arctic_vegetation/20230724_riparianshrub32_m3m/ALDE/tile_16309.png,0
arctic_vegetation/20230724_riparianshrub32_m3m/ALDE/tile_16310.png,0
arctic_vegetation/20230724_riparianshrub32_m3m/ALDE/tile_16311.png,0
arctic_vegetation/20230724_riparianshrub32_m3m/ALDE/tile_16312.png,0
arctic_vegetation/20230724_riparianshrub32_m3m/WILL/tile_16313.png,11
arctic_vegetation/20230724_riparianshrub32_m3m/ALDE/tile_16314.png,0
arctic_vegetation/20230724_riparianshrub32_m3m/ALDE/tile_16315.png,0
arctic_vegetation/20230724_riparianshrub32_m3m/ALDE/tile_16316.png,0
arctic_vegetation/20230724_riparianshrub32_m3m/ALDE/tile_16317.png,0
arctic_vegetation/20230724_riparianshrub32_m3m/ALDE/tile_16318.png,0
arctic_vegetation/20230724_riparianshrub32_m3m/ALDE/tile_16319.png,0
arctic_vegetation/20230724_riparianshrub32_m3m/ALDE/tile_16320.png,0
arctic_vegetation/20230724_riparianshrub32_m3m/ALDE/tile_16321.png,0
arctic_vegetation/20230724_riparianshrub32_m3m/ALDE/tile_16322.png,0
arctic_vegetation/20230724_riparianshrub32_m3m/ALDE/tile_16323.png,0
arctic_vegetation/20230724_riparianshrub32_m3m/ALDE/tile_16324.png,0
arctic_vegetation/20230724_riparianshrub32_m3m/WILL/tile_16325.png,11
arctic_vegetation/20230724_riparianshrub32_m3m/WILL/tile_16326.png,11
arctic_vegetation/20230724_riparianshrub32_m3m/WILL/tile_16327.png,11
arctic_vegetation/20230724_riparianshrub32_m3m/WILL/tile_16328.png,11
arctic_vegetation/20230724_riparianshrub32_m3m/WILL/tile_16329.png,11
arctic_vegetation/20230724_riparianshrub32_m3m/WILL/tile_16330.png,11
arctic_vegetation/20230724_riparianshrub32_m3m/ALDE/tile_16462.png,0
arctic_vegetation/20230724_riparianshrub32_m3m/ALDE/tile_16463.png,0
arctic_vegetation/20230724_riparianshrub32_m3m/ALDE/tile_16464.png,0
arctic_vegetation/20230724_riparianshrub32_m3m/ALDE/tile_16465.png,0
arctic_vegetation/20230724_riparianshrub32_m3m/ALDE/tile_16466.png,0
arctic_vegetation/20230724_riparianshrub32_m3m/ALDE/tile_16467.png,0
arctic_vegetation/20230724_riparianshrub32_m3m/ALDE/tile_16468.png,0
arctic_vegetation/20230724_riparianshrub32_m3m/ALDE/tile_16469.png,0
arctic_vegetation/20230724_riparianshrub32_m3m/ALDE/tile_16470.png,0
arctic_vegetation/20230724_riparianshrub32_m3m/SEDG/tile_16474.png,9
arctic_vegetation/20230724_riparianshrub32_m3m/SEDG/tile_16475.png,9
arctic_vegetation/20230724_riparianshrub32_m3m/SEDG/tile_16476.png,9
arctic_vegetation/20230724_riparianshrub32_m3m/SEDG/tile_16477.png,9
arctic_vegetation/20230724_riparianshrub32_m3m/SEDG/tile_16478.png,9
arctic_vegetation/20230724_riparianshrub32_m3m/SEDG/tile_16479.png,9
arctic_vegetation/20230724_riparianshrub32_m3m/SEDG/tile_16480.png,9
arctic_vegetation/20230724_riparianshrub32_m3m/SEDG/tile_16481.png,9
arctic_vegetation/20230724_riparianshrub32_m3m/SEDG/tile_16482.png,9
arctic_vegetation/20230724_riparianshrub32_m3m/WILL/tile_16483.png,11
arctic_vegetation/20230724_riparianshrub32_m3m/WILL/tile_16484.png,11
arctic_vegetation/20230724_riparianshrub32_m3m/WILL/tile_16485.png,11
arctic_vegetation/20230724_riparianshrub32_m3m/ALDE/tile_16486.png,0
arctic_vegetation/20230724_riparianshrub32_m3m/ALDE/tile_16487.png,0
arctic_vegetation/20230724_riparianshrub32_m3m/ALDE/tile_16488.png,0
arctic_vegetation/20230724_riparianshrub32_m3m/WILL/tile_16489.png,11
arctic_vegetation/20230724_riparianshrub32_m3m/WILL/tile_16490.png,11
arctic_vegetation/20230724_riparianshrub32_m3m/ALDE/tile_16491.png,0
arctic_vegetation/20230724_riparianshrub32_m3m/ALDE/tile_16492.png,0
arctic_vegetation/20230724_riparianshrub32_m3m/ALDE/tile_16493.png,0
arctic_vegetation/20230724_riparianshrub32_m3m/ALDE/tile_16494.png,0
arctic_vegetation/20230724_riparianshrub32_m3m/ALDE/tile_16495.png,0
arctic_vegetation/20230724_riparianshrub32_m3m/ALDE/tile_16496.png,0
arctic_vegetation/20230724_riparianshrub32_m3m/ALDE/tile_16497.png,0
arctic_vegetation/20230724_riparianshrub32_m3m/ALDE/tile_16498.png,0
arctic_vegetation/20230724_riparianshrub32_m3m/ALDE/tile_16499.png,0
arctic_vegetation/20230724_riparianshrub32_m3m/ALDE/tile_16500.png,0
arctic_vegetation/20230724_riparianshrub32_m3m/ALDE/tile_16501.png,0
arctic_vegetation/20230724_riparianshrub32_m3m/ALDE/tile_16502.png,0
arctic_vegetation/20230724_riparianshrub32_m3m/ALDE/tile_16503.png,0
arctic_vegetation/20230724_riparianshrub32_m3m/ALDE/tile_16504.png,0
arctic_vegetation/20230724_riparianshrub32_m3m/WILL/tile_16505.png,11
arctic_vegetation/20230724_riparianshrub32_m3m/WILL/tile_16506.png,11
arctic_vegetation/20230724_riparianshrub32_m3m/WILL/tile_16507.png,11
arctic_vegetation/20230724_riparianshrub32_m3m/WILL/tile_16508.png,11
arctic_vegetation/20230724_riparianshrub32_m3m/WILL/tile_16509.png,11
arctic_vegetation/20230724_riparianshrub32_m3m/WILL/tile_16510.png,11
arctic_vegetation/20230724_riparianshrub32_m3m/ALDE/tile_16642.png,0
arctic_vegetation/20230724_riparianshrub32_m3m/ALDE/tile_16643.png,0
arctic_vegetation/20230724_riparianshrub32_m3m/ALDE/tile_16644.png,0
arctic_vegetation/20230724_riparianshrub32_m3m/ALDE/tile_16645.png,0
arctic_vegetation/20230724_riparianshrub32_m3m/ALDE/tile_16646.png,0
arctic_vegetation/20230724_riparianshrub32_m3m/ALDE/tile_16647.png,0
arctic_vegetation/20230724_riparianshrub32_m3m/ALDE/tile_16648.png,0
arctic_vegetation/20230724_riparianshrub32_m3m/ALDE/tile_16649.png,0
arctic_vegetation/20230724_riparianshrub32_m3m/ALDE/tile_16650.png,0
arctic_vegetation/20230724_riparianshrub32_m3m/SEDG/tile_16654.png,9
arctic_vegetation/20230724_riparianshrub32_m3m/SEDG/tile_16655.png,9
arctic_vegetation/20230724_riparianshrub32_m3m/SEDG/tile_16656.png,9
arctic_vegetation/20230724_riparianshrub32_m3m/SEDG/tile_16657.png,9
arctic_vegetation/20230724_riparianshrub32_m3m/SEDG/tile_16658.png,9
arctic_vegetation/20230724_riparianshrub32_m3m/SEDG/tile_16659.png,9
arctic_vegetation/20230724_riparianshrub32_m3m/SEDG/tile_16660.png,9
arctic_vegetation/20230724_riparianshrub32_m3m/SEDG/tile_16661.png,9
arctic_vegetation/20230724_riparianshrub32_m3m/SEDG/tile_16662.png,9
arctic_vegetation/20230724_riparianshrub32_m3m/SEDG/tile_16663.png,9
arctic_vegetation/20230724_riparianshrub32_m3m/WILL/tile_16664.png,11
arctic_vegetation/20230724_riparianshrub32_m3m/ALDE/tile_16665.png,0
arctic_vegetation/20230724_riparianshrub32_m3m/ALDE/tile_16666.png,0
arctic_vegetation/20230724_riparianshrub32_m3m/ALDE/tile_16667.png,0
arctic_vegetation/20230724_riparianshrub32_m3m/ALDE/tile_16668.png,0
arctic_vegetation/20230724_riparianshrub32_m3m/WILL/tile_16669.png,11
arctic_vegetation/20230724_riparianshrub32_m3m/WILL/tile_16670.png,11
arctic_vegetation/20230724_riparianshrub32_m3m/WILL/tile_16671.png,11
arctic_vegetation/20230724_riparianshrub32_m3m/ALDE/tile_16672.png,0
arctic_vegetation/20230724_riparianshrub32_m3m/ALDE/tile_16673.png,0
arctic_vegetation/20230724_riparianshrub32_m3m/WILL/tile_16674.png,11
arctic_vegetation/20230724_riparianshrub32_m3m/ALDE/tile_16675.png,0
arctic_vegetation/20230724_riparianshrub32_m3m/ALDE/tile_16676.png,0
arctic_vegetation/20230724_riparianshrub32_m3m/ALDE/tile_16677.png,0
arctic_vegetation/20230724_riparianshrub32_m3m/ALDE/tile_16678.png,0
arctic_vegetation/20230724_riparianshrub32_m3m/ALDE/tile_16679.png,0
arctic_vegetation/20230724_riparianshrub32_m3m/ALDE/tile_16680.png,0
arctic_vegetation/20230724_riparianshrub32_m3m/ALDE/tile_16681.png,0
arctic_vegetation/20230724_riparianshrub32_m3m/ALDE/tile_16682.png,0
arctic_vegetation/20230724_riparianshrub32_m3m/ALDE/tile_16683.png,0
arctic_vegetation/20230724_riparianshrub32_m3m/ALDE/tile_16684.png,0
arctic_vegetation/20230724_riparianshrub32_m3m/ALDE/tile_16685.png,0
arctic_vegetation/20230724_riparianshrub32_m3m/WILL/tile_16686.png,11
arctic_vegetation/20230724_riparianshrub32_m3m/WILL/tile_16687.png,11
arctic_vegetation/20230724_riparianshrub32_m3m/WILL/tile_16688.png,11
arctic_vegetation/20230724_riparianshrub32_m3m/WILL/tile_16689.png,11
arctic_vegetation/20230724_riparianshrub32_m3m/WILL/tile_16690.png,11
arctic_vegetation/20230724_riparianshrub32_m3m/ALDE/tile_16821.png,0
arctic_vegetation/20230724_riparianshrub32_m3m/ALDE/tile_16822.png,0
arctic_vegetation/20230724_riparianshrub32_m3m/ALDE/tile_16823.png,0
arctic_vegetation/20230724_riparianshrub32_m3m/ALDE/tile_16824.png,0
arctic_vegetation/20230724_riparianshrub32_m3m/ALDE/tile_16825.png,0
arctic_vegetation/20230724_riparianshrub32_m3m/ALDE/tile_16826.png,0
arctic_vegetation/20230724_riparianshrub32_m3m/ALDE/tile_16827.png,0
arctic_vegetation/20230724_riparianshrub32_m3m/ALDE/tile_16828.png,0
arctic_vegetation/20230724_riparianshrub32_m3m/ALDE/tile_16829.png,0
arctic_vegetation/20230724_riparianshrub32_m3m/SEDG/tile_16833.png,9
arctic_vegetation/20230724_riparianshrub32_m3m/SEDG/tile_16834.png,9
arctic_vegetation/20230724_riparianshrub32_m3m/SEDG/tile_16835.png,9
arctic_vegetation/20230724_riparianshrub32_m3m/SEDG/tile_16836.png,9
arctic_vegetation/20230724_riparianshrub32_m3m/SEDG/tile_16837.png,9
arctic_vegetation/20230724_riparianshrub32_m3m/SEDG/tile_16838.png,9
arctic_vegetation/20230724_riparianshrub32_m3m/SEDG/tile_16839.png,9
arctic_vegetation/20230724_riparianshrub32_m3m/WILL/tile_16840.png,11
arctic_vegetation/20230724_riparianshrub32_m3m/WILL/tile_16841.png,11
arctic_vegetation/20230724_riparianshrub32_m3m/WILL/tile_16842.png,11
arctic_vegetation/20230724_riparianshrub32_m3m/WILL/tile_16843.png,11
arctic_vegetation/20230724_riparianshrub32_m3m/ALDE/tile_16844.png,0
arctic_vegetation/20230724_riparianshrub32_m3m/ALDE/tile_16845.png,0
arctic_vegetation/20230724_riparianshrub32_m3m/ALDE/tile_16846.png,0
arctic_vegetation/20230724_riparianshrub32_m3m/ALDE/tile_16847.png,0
arctic_vegetation/20230724_riparianshrub32_m3m/ALDE/tile_16848.png,0
arctic_vegetation/20230724_riparianshrub32_m3m/WILL/tile_16849.png,11
arctic_vegetation/20230724_riparianshrub32_m3m/WILL/tile_16850.png,11
arctic_vegetation/20230724_riparianshrub32_m3m/WILL/tile_16851.png,11
arctic_vegetation/20230724_riparianshrub32_m3m/WILL/tile_16852.png,11
arctic_vegetation/20230724_riparianshrub32_m3m/WILL/tile_16853.png,11
arctic_vegetation/20230724_riparianshrub32_m3m/WILL/tile_16854.png,11
arctic_vegetation/20230724_riparianshrub32_m3m/WILL/tile_16855.png,11
arctic_vegetation/20230724_riparianshrub32_m3m/WILL/tile_16856.png,11
arctic_vegetation/20230724_riparianshrub32_m3m/WILL/tile_16857.png,11
arctic_vegetation/20230724_riparianshrub32_m3m/ALDE/tile_16858.png,0
arctic_vegetation/20230724_riparianshrub32_m3m/ALDE/tile_16859.png,0
arctic_vegetation/20230724_riparianshrub32_m3m/ALDE/tile_16860.png,0
arctic_vegetation/20230724_riparianshrub32_m3m/ALDE/tile_16861.png,0
arctic_vegetation/20230724_riparianshrub32_m3m/ALDE/tile_16862.png,0
arctic_vegetation/20230724_riparianshrub32_m3m/ALDE/tile_16863.png,0
arctic_vegetation/20230724_riparianshrub32_m3m/WILL/tile_16864.png,11
arctic_vegetation/20230724_riparianshrub32_m3m/WILL/tile_16865.png,11
arctic_vegetation/20230724_riparianshrub32_m3m/WILL/tile_16866.png,11
arctic_vegetation/20230724_riparianshrub32_m3m/WILL/tile_16867.png,11
arctic_vegetation/20230724_riparianshrub32_m3m/WILL/tile_16868.png,11
arctic_vegetation/20230724_riparianshrub32_m3m/WILL/tile_16869.png,11
arctic_vegetation/20230724_riparianshrub32_m3m/WILL/tile_16870.png,11
arctic_vegetation/20230724_riparianshrub32_m3m/ALDE/tile_17000.png,0
arctic_vegetation/20230724_riparianshrub32_m3m/ALDE/tile_17001.png,0
arctic_vegetation/20230724_riparianshrub32_m3m/ALDE/tile_17002.png,0
arctic_vegetation/20230724_riparianshrub32_m3m/ALDE/tile_17003.png,0
arctic_vegetation/20230724_riparianshrub32_m3m/ALDE/tile_17004.png,0
arctic_vegetation/20230724_riparianshrub32_m3m/ALDE/tile_17005.png,0
arctic_vegetation/20230724_riparianshrub32_m3m/ALDE/tile_17006.png,0
arctic_vegetation/20230724_riparianshrub32_m3m/ALDE/tile_17007.png,0
arctic_vegetation/20230724_riparianshrub32_m3m/ALDE/tile_17008.png,0
arctic_vegetation/20230724_riparianshrub32_m3m/SEDG/tile_17012.png,9
arctic_vegetation/20230724_riparianshrub32_m3m/SEDG/tile_17013.png,9
arctic_vegetation/20230724_riparianshrub32_m3m/SEDG/tile_17014.png,9
arctic_vegetation/20230724_riparianshrub32_m3m/SEDG/tile_17015.png,9
arctic_vegetation/20230724_riparianshrub32_m3m/SEDG/tile_17016.png,9
arctic_vegetation/20230724_riparianshrub32_m3m/SEDG/tile_17017.png,9
arctic_vegetation/20230724_riparianshrub32_m3m/WILL/tile_17018.png,11
arctic_vegetation/20230724_riparianshrub32_m3m/WILL/tile_17019.png,11
arctic_vegetation/20230724_riparianshrub32_m3m/WILL/tile_17020.png,11
arctic_vegetation/20230724_riparianshrub32_m3m/WILL/tile_17021.png,11
arctic_vegetation/20230724_riparianshrub32_m3m/WILL/tile_17022.png,11
arctic_vegetation/20230724_riparianshrub32_m3m/WILL/tile_17023.png,11
arctic_vegetation/20230724_riparianshrub32_m3m/WILL/tile_17024.png,11
arctic_vegetation/20230724_riparianshrub32_m3m/WILL/tile_17025.png,11
arctic_vegetation/20230724_riparianshrub32_m3m/WILL/tile_17026.png,11
arctic_vegetation/20230724_riparianshrub32_m3m/WILL/tile_17027.png,11
arctic_vegetation/20230724_riparianshrub32_m3m/WILL/tile_17028.png,11
arctic_vegetation/20230724_riparianshrub32_m3m/WILL/tile_17029.png,11
arctic_vegetation/20230724_riparianshrub32_m3m/WILL/tile_17030.png,11
arctic_vegetation/20230724_riparianshrub32_m3m/WILL/tile_17031.png,11
arctic_vegetation/20230724_riparianshrub32_m3m/WILL/tile_17032.png,11
arctic_vegetation/20230724_riparianshrub32_m3m/WILL/tile_17033.png,11
arctic_vegetation/20230724_riparianshrub32_m3m/WILL/tile_17034.png,11
arctic_vegetation/20230724_riparianshrub32_m3m/WILL/tile_17035.png,11
arctic_vegetation/20230724_riparianshrub32_m3m/WILL/tile_17036.png,11
arctic_vegetation/20230724_riparianshrub32_m3m/WILL/tile_17037.png,11
arctic_vegetation/20230724_riparianshrub32_m3m/WILL/tile_17038.png,11
arctic_vegetation/20230724_riparianshrub32_m3m/WILL/tile_17039.png,11
arctic_vegetation/20230724_riparianshrub32_m3m/ALDE/tile_17040.png,0
arctic_vegetation/20230724_riparianshrub32_m3m/ALDE/tile_17041.png,0
arctic_vegetation/20230724_riparianshrub32_m3m/ALDE/tile_17042.png,0
arctic_vegetation/20230724_riparianshrub32_m3m/WILL/tile_17043.png,11
arctic_vegetation/20230724_riparianshrub32_m3m/WILL/tile_17044.png,11
arctic_vegetation/20230724_riparianshrub32_m3m/WILL/tile_17045.png,11
arctic_vegetation/20230724_riparianshrub32_m3m/WILL/tile_17046.png,11
arctic_vegetation/20230724_riparianshrub32_m3m/WILL/tile_17047.png,11
arctic_vegetation/20230724_riparianshrub32_m3m/WILL/tile_17048.png,11
arctic_vegetation/20230724_riparianshrub32_m3m/WILL/tile_17049.png,11
arctic_vegetation/20230724_riparianshrub32_m3m/ALDE/tile_17185.png,0
arctic_vegetation/20230724_riparianshrub32_m3m/ALDE/tile_17186.png,0
arctic_vegetation/20230724_riparianshrub32_m3m/ALDE/tile_17187.png,0
arctic_vegetation/20230724_riparianshrub32_m3m/WILL/tile_17193.png,11
arctic_vegetation/20230724_riparianshrub32_m3m/SEDG/tile_17194.png,9
arctic_vegetation/20230724_riparianshrub32_m3m/SEDG/tile_17195.png,9
arctic_vegetation/20230724_riparianshrub32_m3m/SEDG/tile_17196.png,9
arctic_vegetation/20230724_riparianshrub32_m3m/WILL/tile_17197.png,11
arctic_vegetation/20230724_riparianshrub32_m3m/WILL/tile_17198.png,11
arctic_vegetation/20230724_riparianshrub32_m3m/WILL/tile_17199.png,11
arctic_vegetation/20230724_riparianshrub32_m3m/WILL/tile_17200.png,11
arctic_vegetation/20230724_riparianshrub32_m3m/WILL/tile_17201.png,11
arctic_vegetation/20230724_riparianshrub32_m3m/WILL/tile_17202.png,11
arctic_vegetation/20230724_riparianshrub32_m3m/WILL/tile_17203.png,11
arctic_vegetation/20230724_riparianshrub32_m3m/WILL/tile_17204.png,11
arctic_vegetation/20230724_riparianshrub32_m3m/WILL/tile_17205.png,11
arctic_vegetation/20230724_riparianshrub32_m3m/WILL/tile_17206.png,11
arctic_vegetation/20230724_riparianshrub32_m3m/WILL/tile_17207.png,11
arctic_vegetation/20230724_riparianshrub32_m3m/WILL/tile_17208.png,11
arctic_vegetation/20230724_riparianshrub32_m3m/WILL/tile_17209.png,11
arctic_vegetation/20230724_riparianshrub32_m3m/WILL/tile_17210.png,11
arctic_vegetation/20230724_riparianshrub32_m3m/WILL/tile_17211.png,11
arctic_vegetation/20230724_riparianshrub32_m3m/WILL/tile_17212.png,11
arctic_vegetation/20230724_riparianshrub32_m3m/WILL/tile_17213.png,11
arctic_vegetation/20230724_riparianshrub32_m3m/WILL/tile_17214.png,11
arctic_vegetation/20230724_riparianshrub32_m3m/WILL/tile_17215.png,11
arctic_vegetation/20230724_riparianshrub32_m3m/WILL/tile_17216.png,11
arctic_vegetation/20230724_riparianshrub32_m3m/WILL/tile_17217.png,11
arctic_vegetation/20230724_riparianshrub32_m3m/WILL/tile_17218.png,11
arctic_vegetation/20230724_riparianshrub32_m3m/WILL/tile_17219.png,11
arctic_vegetation/20230724_riparianshrub32_m3m/ALDE/tile_17220.png,0
arctic_vegetation/20230724_riparianshrub32_m3m/ALDE/tile_17221.png,0
arctic_vegetation/20230724_riparianshrub32_m3m/WILL/tile_17222.png,11
arctic_vegetation/20230724_riparianshrub32_m3m/WILL/tile_17223.png,11
arctic_vegetation/20230724_riparianshrub32_m3m/WILL/tile_17224.png,11
arctic_vegetation/20230724_riparianshrub32_m3m/WILL/tile_17225.png,11
arctic_vegetation/20230724_riparianshrub32_m3m/WILL/tile_17226.png,11
arctic_vegetation/20230724_riparianshrub32_m3m/WILL/tile_17227.png,11
arctic_vegetation/20230724_riparianshrub32_m3m/WILL/tile_17228.png,11
arctic_vegetation/20230724_riparianshrub32_m3m/WILL/tile_17372.png,11
arctic_vegetation/20230724_riparianshrub32_m3m/SEDG/tile_17373.png,9
arctic_vegetation/20230724_riparianshrub32_m3m/SEDG/tile_17374.png,9
arctic_vegetation/20230724_riparianshrub32_m3m/SEDG/tile_17375.png,9
arctic_vegetation/20230724_riparianshrub32_m3m/SEDG/tile_17376.png,9
arctic_vegetation/20230724_riparianshrub32_m3m/SEDG/tile_17377.png,9
arctic_vegetation/20230724_riparianshrub32_m3m/WILL/tile_17378.png,11
arctic_vegetation/20230724_riparianshrub32_m3m/WILL/tile_17379.png,11
arctic_vegetation/20230724_riparianshrub32_m3m/WILL/tile_17380.png,11
arctic_vegetation/20230724_riparianshrub32_m3m/WILL/tile_17381.png,11
arctic_vegetation/20230724_riparianshrub32_m3m/WILL/tile_17382.png,11
arctic_vegetation/20230724_riparianshrub32_m3m/WILL/tile_17383.png,11
arctic_vegetation/20230724_riparianshrub32_m3m/WILL/tile_17384.png,11
arctic_vegetation/20230724_riparianshrub32_m3m/WILL/tile_17385.png,11
arctic_vegetation/20230724_riparianshrub32_m3m/WILL/tile_17386.png,11
arctic_vegetation/20230724_riparianshrub32_m3m/WILL/tile_17387.png,11
arctic_vegetation/20230724_riparianshrub32_m3m/WILL/tile_17388.png,11
arctic_vegetation/20230724_riparianshrub32_m3m/WILL/tile_17389.png,11
arctic_vegetation/20230724_riparianshrub32_m3m/WILL/tile_17390.png,11
arctic_vegetation/20230724_riparianshrub32_m3m/WILL/tile_17391.png,11
arctic_vegetation/20230724_riparianshrub32_m3m/WILL/tile_17392.png,11
arctic_vegetation/20230724_riparianshrub32_m3m/WILL/tile_17393.png,11
arctic_vegetation/20230724_riparianshrub32_m3m/WILL/tile_17394.png,11
arctic_vegetation/20230724_riparianshrub32_m3m/WILL/tile_17395.png,11
arctic_vegetation/20230724_riparianshrub32_m3m/WILL/tile_17396.png,11
arctic_vegetation/20230724_riparianshrub32_m3m/WILL/tile_17397.png,11
arctic_vegetation/20230724_riparianshrub32_m3m/WILL/tile_17398.png,11
arctic_vegetation/20230724_riparianshrub32_m3m/WILL/tile_17399.png,11
arctic_vegetation/20230724_riparianshrub32_m3m/WILL/tile_17400.png,11
arctic_vegetation/20230724_riparianshrub32_m3m/WILL/tile_17402.png,11
arctic_vegetation/20230724_riparianshrub32_m3m/WILL/tile_17403.png,11
arctic_vegetation/20230724_riparianshrub32_m3m/WILL/tile_17404.png,11
arctic_vegetation/20230724_riparianshrub32_m3m/WILL/tile_17405.png,11
arctic_vegetation/20230724_riparianshrub32_m3m/WILL/tile_17406.png,11
arctic_vegetation/20230724_riparianshrub32_m3m/SEDG/tile_17407.png,9
arctic_vegetation/20230724_riparianshrub32_m3m/WILL/tile_17551.png,11
arctic_vegetation/20230724_riparianshrub32_m3m/SEDG/tile_17552.png,9
arctic_vegetation/20230724_riparianshrub32_m3m/SEDG/tile_17553.png,9
arctic_vegetation/20230724_riparianshrub32_m3m/WILL/tile_17554.png,11
arctic_vegetation/20230724_riparianshrub32_m3m/WILL/tile_17555.png,11
arctic_vegetation/20230724_riparianshrub32_m3m/WILL/tile_17556.png,11
arctic_vegetation/20230724_riparianshrub32_m3m/WILL/tile_17557.png,11
arctic_vegetation/20230724_riparianshrub32_m3m/WILL/tile_17558.png,11
arctic_vegetation/20230724_riparianshrub32_m3m/WILL/tile_17559.png,11
arctic_vegetation/20230724_riparianshrub32_m3m/WILL/tile_17560.png,11
arctic_vegetation/20230724_riparianshrub32_m3m/ALDE/tile_17561.png,0
arctic_vegetation/20230724_riparianshrub32_m3m/ALDE/tile_17562.png,0
arctic_vegetation/20230724_riparianshrub32_m3m/ALDE/tile_17563.png,0
arctic_vegetation/20230724_riparianshrub32_m3m/WILL/tile_17564.png,11
arctic_vegetation/20230724_riparianshrub32_m3m/WILL/tile_17565.png,11
arctic_vegetation/20230724_riparianshrub32_m3m/WILL/tile_17566.png,11
arctic_vegetation/20230724_riparianshrub32_m3m/WILL/tile_17567.png,11
arctic_vegetation/20230724_riparianshrub32_m3m/WILL/tile_17568.png,11
arctic_vegetation/20230724_riparianshrub32_m3m/WILL/tile_17569.png,11
arctic_vegetation/20230724_riparianshrub32_m3m/WILL/tile_17570.png,11
arctic_vegetation/20230724_riparianshrub32_m3m/WILL/tile_17571.png,11
arctic_vegetation/20230724_riparianshrub32_m3m/WILL/tile_17572.png,11
arctic_vegetation/20230724_riparianshrub32_m3m/WILL/tile_17573.png,11
arctic_vegetation/20230724_riparianshrub32_m3m/WILL/tile_17574.png,11
arctic_vegetation/20230724_riparianshrub32_m3m/WILL/tile_17575.png,11
arctic_vegetation/20230724_riparianshrub32_m3m/WILL/tile_17576.png,11
arctic_vegetation/20230724_riparianshrub32_m3m/WILL/tile_17577.png,11
arctic_vegetation/20230724_riparianshrub32_m3m/WILL/tile_17578.png,11
arctic_vegetation/20230724_riparianshrub32_m3m/WILL/tile_17579.png,11
arctic_vegetation/20230724_riparianshrub32_m3m/WILL/tile_17580.png,11
arctic_vegetation/20230724_riparianshrub32_m3m/WILL/tile_17581.png,11
arctic_vegetation/20230724_riparianshrub32_m3m/WILL/tile_17582.png,11
arctic_vegetation/20230724_riparianshrub32_m3m/ALDE/tile_17583.png,0
arctic_vegetation/20230724_riparianshrub32_m3m/ALDE/tile_17584.png,0
arctic_vegetation/20230724_riparianshrub32_m3m/ALDE/tile_17585.png,0
arctic_vegetation/20230724_riparianshrub32_m3m/ALDE/tile_17586.png,0
arctic_vegetation/20230724_riparianshrub32_m3m/WILL/tile_17730.png,11
arctic_vegetation/20230724_riparianshrub32_m3m/SEDG/tile_17731.png,9
arctic_vegetation/20230724_riparianshrub32_m3m/WILL/tile_17732.png,11
arctic_vegetation/20230724_riparianshrub32_m3m/WILL/tile_17733.png,11
arctic_vegetation/20230724_riparianshrub32_m3m/WILL/tile_17734.png,11
arctic_vegetation/20230724_riparianshrub32_m3m/WILL/tile_17735.png,11
arctic_vegetation/20230724_riparianshrub32_m3m/WILL/tile_17736.png,11
arctic_vegetation/20230724_riparianshrub32_m3m/WILL/tile_17737.png,11
arctic_vegetation/20230724_riparianshrub32_m3m/WILL/tile_17738.png,11
arctic_vegetation/20230724_riparianshrub32_m3m/WILL/tile_17739.png,11
arctic_vegetation/20230724_riparianshrub32_m3m/ALDE/tile_17740.png,0
arctic_vegetation/20230724_riparianshrub32_m3m/ALDE/tile_17741.png,0
arctic_vegetation/20230724_riparianshrub32_m3m/ALDE/tile_17742.png,0
arctic_vegetation/20230724_riparianshrub32_m3m/WILL/tile_17743.png,11
arctic_vegetation/20230724_riparianshrub32_m3m/WILL/tile_17744.png,11
arctic_vegetation/20230724_riparianshrub32_m3m/WILL/tile_17745.png,11
arctic_vegetation/20230724_riparianshrub32_m3m/WILL/tile_17746.png,11
arctic_vegetation/20230724_riparianshrub32_m3m/WILL/tile_17747.png,11
arctic_vegetation/20230724_riparianshrub32_m3m/WILL/tile_17748.png,11
arctic_vegetation/20230724_riparianshrub32_m3m/ALDE/tile_17749.png,0
arctic_vegetation/20230724_riparianshrub32_m3m/ALDE/tile_17750.png,0
arctic_vegetation/20230724_riparianshrub32_m3m/ALDE/tile_17751.png,0
arctic_vegetation/20230724_riparianshrub32_m3m/ALDE/tile_17752.png,0
arctic_vegetation/20230724_riparianshrub32_m3m/WILL/tile_17753.png,11
arctic_vegetation/20230724_riparianshrub32_m3m/WILL/tile_17754.png,11
arctic_vegetation/20230724_riparianshrub32_m3m/WILL/tile_17755.png,11
arctic_vegetation/20230724_riparianshrub32_m3m/WILL/tile_17756.png,11
arctic_vegetation/20230724_riparianshrub32_m3m/WILL/tile_17757.png,11
arctic_vegetation/20230724_riparianshrub32_m3m/WILL/tile_17758.png,11
arctic_vegetation/20230724_riparianshrub32_m3m/WILL/tile_17759.png,11
arctic_vegetation/20230724_riparianshrub32_m3m/WILL/tile_17760.png,11
arctic_vegetation/20230724_riparianshrub32_m3m/WILL/tile_17761.png,11
arctic_vegetation/20230724_riparianshrub32_m3m/ALDE/tile_17762.png,0
arctic_vegetation/20230724_riparianshrub32_m3m/ALDE/tile_17763.png,0
arctic_vegetation/20230724_riparianshrub32_m3m/ALDE/tile_17764.png,0
arctic_vegetation/20230724_riparianshrub32_m3m/ALDE/tile_17765.png,0
arctic_vegetation/20230724_riparianshrub32_m3m/WILL/tile_17911.png,11
arctic_vegetation/20230724_riparianshrub32_m3m/WILL/tile_17912.png,11
arctic_vegetation/20230724_riparianshrub32_m3m/WILL/tile_17913.png,11
arctic_vegetation/20230724_riparianshrub32_m3m/WILL/tile_17914.png,11
arctic_vegetation/20230724_riparianshrub32_m3m/WILL/tile_17915.png,11
arctic_vegetation/20230724_riparianshrub32_m3m/WILL/tile_17916.png,11
arctic_vegetation/20230724_riparianshrub32_m3m/WILL/tile_17917.png,11
arctic_vegetation/20230724_riparianshrub32_m3m/WILL/tile_17918.png,11
arctic_vegetation/20230724_riparianshrub32_m3m/ALDE/tile_17919.png,0
arctic_vegetation/20230724_riparianshrub32_m3m/ALDE/tile_17920.png,0
arctic_vegetation/20230724_riparianshrub32_m3m/ALDE/tile_17921.png,0
arctic_vegetation/20230724_riparianshrub32_m3m/ALDE/tile_17922.png,0
arctic_vegetation/20230724_riparianshrub32_m3m/ALDE/tile_17923.png,0
arctic_vegetation/20230724_riparianshrub32_m3m/WILL/tile_17924.png,11
arctic_vegetation/20230724_riparianshrub32_m3m/WILL/tile_17925.png,11
arctic_vegetation/20230724_riparianshrub32_m3m/WILL/tile_17926.png,11
arctic_vegetation/20230724_riparianshrub32_m3m/WILL/tile_17927.png,11
arctic_vegetation/20230724_riparianshrub32_m3m/ALDE/tile_17928.png,0
arctic_vegetation/20230724_riparianshrub32_m3m/ALDE/tile_17929.png,0
arctic_vegetation/20230724_riparianshrub32_m3m/ALDE/tile_17930.png,0
arctic_vegetation/20230724_riparianshrub32_m3m/ALDE/tile_17931.png,0
arctic_vegetation/20230724_riparianshrub32_m3m/ALDE/tile_17932.png,0
arctic_vegetation/20230724_riparianshrub32_m3m/WILL/tile_17933.png,11
arctic_vegetation/20230724_riparianshrub32_m3m/WILL/tile_17934.png,11
arctic_vegetation/20230724_riparianshrub32_m3m/WILL/tile_17935.png,11
arctic_vegetation/20230724_riparianshrub32_m3m/WILL/tile_17936.png,11
arctic_vegetation/20230724_riparianshrub32_m3m/WILL/tile_17937.png,11
arctic_vegetation/20230724_riparianshrub32_m3m/WILL/tile_17938.png,11
arctic_vegetation/20230724_riparianshrub32_m3m/WILL/tile_17939.png,11
arctic_vegetation/20230724_riparianshrub32_m3m/WILL/tile_17940.png,11
arctic_vegetation/20230724_riparianshrub32_m3m/WILL/tile_17941.png,11
arctic_vegetation/20230724_riparianshrub32_m3m/ALDE/tile_17942.png,0
arctic_vegetation/20230724_riparianshrub32_m3m/ALDE/tile_17943.png,0
arctic_vegetation/20230724_riparianshrub32_m3m/ALDE/tile_17944.png,0
arctic_vegetation/20230724_riparianshrub32_m3m/ALDE/tile_17945.png,0
arctic_vegetation/20230724_riparianshrub32_m3m/WILL/tile_18092.png,11
arctic_vegetation/20230724_riparianshrub32_m3m/WILL/tile_18093.png,11
arctic_vegetation/20230724_riparianshrub32_m3m/WILL/tile_18094.png,11
arctic_vegetation/20230724_riparianshrub32_m3m/WILL/tile_18095.png,11
arctic_vegetation/20230724_riparianshrub32_m3m/WILL/tile_18096.png,11
arctic_vegetation/20230724_riparianshrub32_m3m/WILL/tile_18097.png,11
arctic_vegetation/20230724_riparianshrub32_m3m/WILL/tile_18098.png,11
arctic_vegetation/20230724_riparianshrub32_m3m/ALDE/tile_18099.png,0
arctic_vegetation/20230724_riparianshrub32_m3m/ALDE/tile_18100.png,0
arctic_vegetation/20230724_riparianshrub32_m3m/ALDE/tile_18101.png,0
arctic_vegetation/20230724_riparianshrub32_m3m/ALDE/tile_18102.png,0
arctic_vegetation/20230724_riparianshrub32_m3m/ALDE/tile_18103.png,0
arctic_vegetation/20230724_riparianshrub32_m3m/ALDE/tile_18104.png,0
arctic_vegetation/20230724_riparianshrub32_m3m/WILL/tile_18105.png,11
arctic_vegetation/20230724_riparianshrub32_m3m/WILL/tile_18106.png,11
arctic_vegetation/20230724_riparianshrub32_m3m/WILL/tile_18107.png,11
arctic_vegetation/20230724_riparianshrub32_m3m/ALDE/tile_18108.png,0
arctic_vegetation/20230724_riparianshrub32_m3m/ALDE/tile_18109.png,0
arctic_vegetation/20230724_riparianshrub32_m3m/ALDE/tile_18110.png,0
arctic_vegetation/20230724_riparianshrub32_m3m/ALDE/tile_18111.png,0
arctic_vegetation/20230724_riparianshrub32_m3m/ALDE/tile_18112.png,0
arctic_vegetation/20230724_riparianshrub32_m3m/WILL/tile_18113.png,11
arctic_vegetation/20230724_riparianshrub32_m3m/WILL/tile_18114.png,11
arctic_vegetation/20230724_riparianshrub32_m3m/WILL/tile_18115.png,11
arctic_vegetation/20230724_riparianshrub32_m3m/WILL/tile_18116.png,11
arctic_vegetation/20230724_riparianshrub32_m3m/WILL/tile_18117.png,11
arctic_vegetation/20230724_riparianshrub32_m3m/WILL/tile_18118.png,11
arctic_vegetation/20230724_riparianshrub32_m3m/WILL/tile_18119.png,11
arctic_vegetation/20230724_riparianshrub32_m3m/WILL/tile_18120.png,11
arctic_vegetation/20230724_riparianshrub32_m3m/WILL/tile_18121.png,11
arctic_vegetation/20230724_riparianshrub32_m3m/ALDE/tile_18122.png,0
arctic_vegetation/20230724_riparianshrub32_m3m/ALDE/tile_18123.png,0
arctic_vegetation/20230724_riparianshrub32_m3m/ALDE/tile_18124.png,0
arctic_vegetation/20230724_riparianshrub32_m3m/ALDE/tile_18125.png,0
arctic_vegetation/20230724_riparianshrub32_m3m/WILL/tile_18270.png,11
arctic_vegetation/20230724_riparianshrub32_m3m/WILL/tile_18271.png,11
arctic_vegetation/20230724_riparianshrub32_m3m/WILL/tile_18272.png,11
arctic_vegetation/20230724_riparianshrub32_m3m/WILL/tile_18273.png,11
arctic_vegetation/20230724_riparianshrub32_m3m/WILL/tile_18274.png,11
arctic_vegetation/20230724_riparianshrub32_m3m/WILL/tile_18275.png,11
arctic_vegetation/20230724_riparianshrub32_m3m/WILL/tile_18276.png,11
arctic_vegetation/20230724_riparianshrub32_m3m/ALDE/tile_18277.png,0
arctic_vegetation/20230724_riparianshrub32_m3m/ALDE/tile_18278.png,0
arctic_vegetation/20230724_riparianshrub32_m3m/ALDE/tile_18279.png,0
arctic_vegetation/20230724_riparianshrub32_m3m/ALDE/tile_18280.png,0
arctic_vegetation/20230724_riparianshrub32_m3m/ALDE/tile_18281.png,0
arctic_vegetation/20230724_riparianshrub32_m3m/ALDE/tile_18282.png,0
arctic_vegetation/20230724_riparianshrub32_m3m/WILL/tile_18283.png,11
arctic_vegetation/20230724_riparianshrub32_m3m/WILL/tile_18284.png,11
arctic_vegetation/20230724_riparianshrub32_m3m/WILL/tile_18285.png,11
arctic_vegetation/20230724_riparianshrub32_m3m/ALDE/tile_18286.png,0
arctic_vegetation/20230724_riparianshrub32_m3m/ALDE/tile_18287.png,0
arctic_vegetation/20230724_riparianshrub32_m3m/ALDE/tile_18288.png,0
arctic_vegetation/20230724_riparianshrub32_m3m/ALDE/tile_18289.png,0
arctic_vegetation/20230724_riparianshrub32_m3m/ALDE/tile_18290.png,0
arctic_vegetation/20230724_riparianshrub32_m3m/ALDE/tile_18291.png,0
arctic_vegetation/20230724_riparianshrub32_m3m/ALDE/tile_18292.png,0
arctic_vegetation/20230724_riparianshrub32_m3m/WILL/tile_18293.png,11
arctic_vegetation/20230724_riparianshrub32_m3m/WILL/tile_18294.png,11
arctic_vegetation/20230724_riparianshrub32_m3m/WILL/tile_18295.png,11
arctic_vegetation/20230724_riparianshrub32_m3m/WILL/tile_18296.png,11
arctic_vegetation/20230724_riparianshrub32_m3m/WILL/tile_18297.png,11
arctic_vegetation/20230724_riparianshrub32_m3m/WILL/tile_18298.png,11
arctic_vegetation/20230724_riparianshrub32_m3m/ALDE/tile_18299.png,0
arctic_vegetation/20230724_riparianshrub32_m3m/ALDE/tile_18300.png,0
arctic_vegetation/20230724_riparianshrub32_m3m/ALDE/tile_18301.png,0
arctic_vegetation/20230724_riparianshrub32_m3m/ALDE/tile_18302.png,0
arctic_vegetation/20230724_riparianshrub32_m3m/ALDE/tile_18303.png,0
arctic_vegetation/20230724_riparianshrub32_m3m/WILL/tile_18448.png,11
arctic_vegetation/20230724_riparianshrub32_m3m/WILL/tile_18449.png,11
arctic_vegetation/20230724_riparianshrub32_m3m/WILL/tile_18450.png,11
arctic_vegetation/20230724_riparianshrub32_m3m/WILL/tile_18451.png,11
arctic_vegetation/20230724_riparianshrub32_m3m/WILL/tile_18452.png,11
arctic_vegetation/20230724_riparianshrub32_m3m/WILL/tile_18453.png,11
arctic_vegetation/20230724_riparianshrub32_m3m/WILL/tile_18454.png,11
arctic_vegetation/20230724_riparianshrub32_m3m/ALDE/tile_18455.png,0
arctic_vegetation/20230724_riparianshrub32_m3m/ALDE/tile_18456.png,0
arctic_vegetation/20230724_riparianshrub32_m3m/ALDE/tile_18457.png,0
arctic_vegetation/20230724_riparianshrub32_m3m/ALDE/tile_18458.png,0
arctic_vegetation/20230724_riparianshrub32_m3m/ALDE/tile_18459.png,0
arctic_vegetation/20230724_riparianshrub32_m3m/ALDE/tile_18460.png,0
arctic_vegetation/20230724_riparianshrub32_m3m/WILL/tile_18461.png,11
arctic_vegetation/20230724_riparianshrub32_m3m/WILL/tile_18462.png,11
arctic_vegetation/20230724_riparianshrub32_m3m/WILL/tile_18463.png,11
arctic_vegetation/20230724_riparianshrub32_m3m/ALDE/tile_18464.png,0
arctic_vegetation/20230724_riparianshrub32_m3m/ALDE/tile_18465.png,0
arctic_vegetation/20230724_riparianshrub32_m3m/ALDE/tile_18466.png,0
arctic_vegetation/20230724_riparianshrub32_m3m/ALDE/tile_18467.png,0
arctic_vegetation/20230724_riparianshrub32_m3m/ALDE/tile_18468.png,0
arctic_vegetation/20230724_riparianshrub32_m3m/ALDE/tile_18469.png,0
arctic_vegetation/20230724_riparianshrub32_m3m/ALDE/tile_18470.png,0
arctic_vegetation/20230724_riparianshrub32_m3m/WILL/tile_18471.png,11
arctic_vegetation/20230724_riparianshrub32_m3m/WILL/tile_18472.png,11
arctic_vegetation/20230724_riparianshrub32_m3m/WILL/tile_18473.png,11
arctic_vegetation/20230724_riparianshrub32_m3m/WILL/tile_18474.png,11
arctic_vegetation/20230724_riparianshrub32_m3m/ALDE/tile_18475.png,0
arctic_vegetation/20230724_riparianshrub32_m3m/ALDE/tile_18476.png,0
arctic_vegetation/20230724_riparianshrub32_m3m/ALDE/tile_18477.png,0
arctic_vegetation/20230724_riparianshrub32_m3m/ALDE/tile_18478.png,0
arctic_vegetation/20230724_riparianshrub32_m3m/ALDE/tile_18479.png,0
arctic_vegetation/20230724_riparianshrub32_m3m/ALDE/tile_18480.png,0
arctic_vegetation/20230724_riparianshrub32_m3m/ALDE/tile_18481.png,0
arctic_vegetation/20230724_riparianshrub32_m3m/WILL/tile_18628.png,11
arctic_vegetation/20230724_riparianshrub32_m3m/WILL/tile_18629.png,11
arctic_vegetation/20230724_riparianshrub32_m3m/WILL/tile_18630.png,11
arctic_vegetation/20230724_riparianshrub32_m3m/WILL/tile_18631.png,11
arctic_vegetation/20230724_riparianshrub32_m3m/WILL/tile_18632.png,11
arctic_vegetation/20230724_riparianshrub32_m3m/WILL/tile_18633.png,11
arctic_vegetation/20230724_riparianshrub32_m3m/ALDE/tile_18634.png,0
arctic_vegetation/20230724_riparianshrub32_m3m/ALDE/tile_18635.png,0
arctic_vegetation/20230724_riparianshrub32_m3m/ALDE/tile_18636.png,0
arctic_vegetation/20230724_riparianshrub32_m3m/ALDE/tile_18637.png,0
arctic_vegetation/20230724_riparianshrub32_m3m/ALDE/tile_18638.png,0
arctic_vegetation/20230724_riparianshrub32_m3m/ALDE/tile_18639.png,0
arctic_vegetation/20230724_riparianshrub32_m3m/WILL/tile_18640.png,11
arctic_vegetation/20230724_riparianshrub32_m3m/WILL/tile_18641.png,11
arctic_vegetation/20230724_riparianshrub32_m3m/WILL/tile_18642.png,11
arctic_vegetation/20230724_riparianshrub32_m3m/ALDE/tile_18643.png,0
arctic_vegetation/20230724_riparianshrub32_m3m/ALDE/tile_18644.png,0
arctic_vegetation/20230724_riparianshrub32_m3m/ALDE/tile_18645.png,0
arctic_vegetation/20230724_riparianshrub32_m3m/ALDE/tile_18646.png,0
arctic_vegetation/20230724_riparianshrub32_m3m/ALDE/tile_18647.png,0
arctic_vegetation/20230724_riparianshrub32_m3m/ALDE/tile_18648.png,0
arctic_vegetation/20230724_riparianshrub32_m3m/WILL/tile_18649.png,11
arctic_vegetation/20230724_riparianshrub32_m3m/WILL/tile_18650.png,11
arctic_vegetation/20230724_riparianshrub32_m3m/WILL/tile_18651.png,11
arctic_vegetation/20230724_riparianshrub32_m3m/ALDE/tile_18652.png,0
arctic_vegetation/20230724_riparianshrub32_m3m/ALDE/tile_18653.png,0
arctic_vegetation/20230724_riparianshrub32_m3m/ALDE/tile_18654.png,0
arctic_vegetation/20230724_riparianshrub32_m3m/ALDE/tile_18655.png,0
arctic_vegetation/20230724_riparianshrub32_m3m/ALDE/tile_18656.png,0
arctic_vegetation/20230724_riparianshrub32_m3m/ALDE/tile_18657.png,0
arctic_vegetation/20230724_riparianshrub32_m3m/ALDE/tile_18658.png,0
arctic_vegetation/20230724_riparianshrub32_m3m/ALDE/tile_18659.png,0
arctic_vegetation/20230724_riparianshrub32_m3m/ALDE/tile_18660.png,0
arctic_vegetation/20230724_riparianshrub32_m3m/ALDE/tile_18813.png,0
arctic_vegetation/20230724_riparianshrub32_m3m/ALDE/tile_18814.png,0
arctic_vegetation/20230724_riparianshrub32_m3m/ALDE/tile_18815.png,0
arctic_vegetation/20230724_riparianshrub32_m3m/ALDE/tile_18816.png,0
arctic_vegetation/20230724_riparianshrub32_m3m/ALDE/tile_18817.png,0
arctic_vegetation/20230724_riparianshrub32_m3m/ALDE/tile_18818.png,0
arctic_vegetation/20230724_riparianshrub32_m3m/WILL/tile_18819.png,11
arctic_vegetation/20230724_riparianshrub32_m3m/WILL/tile_18820.png,11
arctic_vegetation/20230724_riparianshrub32_m3m/WILL/tile_18821.png,11
arctic_vegetation/20230724_riparianshrub32_m3m/ALDE/tile_18822.png,0
arctic_vegetation/20230724_riparianshrub32_m3m/ALDE/tile_18823.png,0
arctic_vegetation/20230724_riparianshrub32_m3m/ALDE/tile_18824.png,0
arctic_vegetation/20230724_riparianshrub32_m3m/ALDE/tile_18825.png,0
arctic_vegetation/20230724_riparianshrub32_m3m/ALDE/tile_18826.png,0
arctic_vegetation/20230724_riparianshrub32_m3m/ALDE/tile_18827.png,0
arctic_vegetation/20230724_riparianshrub32_m3m/WILL/tile_18828.png,11
arctic_vegetation/20230724_riparianshrub32_m3m/WILL/tile_18829.png,11
arctic_vegetation/20230724_riparianshrub32_m3m/WILL/tile_18830.png,11
arctic_vegetation/20230724_riparianshrub32_m3m/ALDE/tile_18831.png,0
arctic_vegetation/20230724_riparianshrub32_m3m/ALDE/tile_18832.png,0
arctic_vegetation/20230724_riparianshrub32_m3m/ALDE/tile_18833.png,0
arctic_vegetation/20230724_riparianshrub32_m3m/ALDE/tile_18834.png,0
arctic_vegetation/20230724_riparianshrub32_m3m/ALDE/tile_18835.png,0
arctic_vegetation/20230724_riparianshrub32_m3m/ALDE/tile_18836.png,0
arctic_vegetation/20230724_riparianshrub32_m3m/ALDE/tile_18837.png,0
arctic_vegetation/20230724_riparianshrub32_m3m/ALDE/tile_18838.png,0
arctic_vegetation/20230724_riparianshrub32_m3m/ALDE/tile_18839.png,0
arctic_vegetation/20230724_riparianshrub32_m3m/ALDE/tile_18969.png,0
arctic_vegetation/20230724_riparianshrub32_m3m/ALDE/tile_18970.png,0
arctic_vegetation/20230724_riparianshrub32_m3m/ALDE/tile_18971.png,0
arctic_vegetation/20230724_riparianshrub32_m3m/ALDE/tile_18972.png,0
arctic_vegetation/20230724_riparianshrub32_m3m/ALDE/tile_18973.png,0
arctic_vegetation/20230724_riparianshrub32_m3m/ALDE/tile_18974.png,0
arctic_vegetation/20230724_riparianshrub32_m3m/ALDE/tile_18975.png,0
arctic_vegetation/20230724_riparianshrub32_m3m/WILL/tile_18984.png,11
arctic_vegetation/20230724_riparianshrub32_m3m/WILL/tile_18985.png,11
arctic_vegetation/20230724_riparianshrub32_m3m/WILL/tile_18986.png,11
arctic_vegetation/20230724_riparianshrub32_m3m/WILL/tile_18987.png,11
arctic_vegetation/20230724_riparianshrub32_m3m/WILL/tile_18988.png,11
arctic_vegetation/20230724_riparianshrub32_m3m/WILL/tile_18989.png,11
arctic_vegetation/20230724_riparianshrub32_m3m/WILL/tile_18990.png,11
arctic_vegetation/20230724_riparianshrub32_m3m/WILL/tile_18991.png,11
arctic_vegetation/20230724_riparianshrub32_m3m/WILL/tile_18992.png,11
arctic_vegetation/20230724_riparianshrub32_m3m/WILL/tile_18998.png,11
arctic_vegetation/20230724_riparianshrub32_m3m/SEDG/tile_18999.png,9
arctic_vegetation/20230724_riparianshrub32_m3m/SEDG/tile_19000.png,9
arctic_vegetation/20230724_riparianshrub32_m3m/SEDG/tile_19001.png,9
arctic_vegetation/20230724_riparianshrub32_m3m/WILL/tile_19002.png,11
arctic_vegetation/20230724_riparianshrub32_m3m/ALDE/tile_19003.png,0
arctic_vegetation/20230724_riparianshrub32_m3m/ALDE/tile_19004.png,0
arctic_vegetation/20230724_riparianshrub32_m3m/ALDE/tile_19005.png,0
arctic_vegetation/20230724_riparianshrub32_m3m/ALDE/tile_19006.png,0
arctic_vegetation/20230724_riparianshrub32_m3m/WILL/tile_19007.png,11
arctic_vegetation/20230724_riparianshrub32_m3m/WILL/tile_19008.png,11
arctic_vegetation/20230724_riparianshrub32_m3m/WILL/tile_19009.png,11
arctic_vegetation/20230724_riparianshrub32_m3m/WILL/tile_19010.png,11
arctic_vegetation/20230724_riparianshrub32_m3m/ALDE/tile_19011.png,0
arctic_vegetation/20230724_riparianshrub32_m3m/ALDE/tile_19012.png,0
arctic_vegetation/20230724_riparianshrub32_m3m/ALDE/tile_19013.png,0
arctic_vegetation/20230724_riparianshrub32_m3m/ALDE/tile_19014.png,0
arctic_vegetation/20230724_riparianshrub32_m3m/ALDE/tile_19015.png,0
arctic_vegetation/20230724_riparianshrub32_m3m/ALDE/tile_19016.png,0
arctic_vegetation/20230724_riparianshrub32_m3m/ALDE/tile_19017.png,0
arctic_vegetation/20230724_riparianshrub32_m3m/ALDE/tile_19018.png,0
arctic_vegetation/20230724_riparianshrub32_m3m/ALDE/tile_19148.png,0
arctic_vegetation/20230724_riparianshrub32_m3m/ALDE/tile_19149.png,0
arctic_vegetation/20230724_riparianshrub32_m3m/ALDE/tile_19150.png,0
arctic_vegetation/20230724_riparianshrub32_m3m/ALDE/tile_19151.png,0
arctic_vegetation/20230724_riparianshrub32_m3m/ALDE/tile_19152.png,0
arctic_vegetation/20230724_riparianshrub32_m3m/ALDE/tile_19153.png,0
arctic_vegetation/20230724_riparianshrub32_m3m/ALDE/tile_19154.png,0
arctic_vegetation/20230724_riparianshrub32_m3m/WILL/tile_19163.png,11
arctic_vegetation/20230724_riparianshrub32_m3m/WILL/tile_19164.png,11
arctic_vegetation/20230724_riparianshrub32_m3m/WILL/tile_19165.png,11
arctic_vegetation/20230724_riparianshrub32_m3m/WILL/tile_19166.png,11
arctic_vegetation/20230724_riparianshrub32_m3m/WILL/tile_19167.png,11
arctic_vegetation/20230724_riparianshrub32_m3m/WILL/tile_19168.png,11
arctic_vegetation/20230724_riparianshrub32_m3m/WILL/tile_19169.png,11
arctic_vegetation/20230724_riparianshrub32_m3m/WILL/tile_19170.png,11
arctic_vegetation/20230724_riparianshrub32_m3m/WILL/tile_19171.png,11
arctic_vegetation/20230724_riparianshrub32_m3m/WILL/tile_19176.png,11
arctic_vegetation/20230724_riparianshrub32_m3m/WILL/tile_19177.png,11
arctic_vegetation/20230724_riparianshrub32_m3m/SEDG/tile_19178.png,9
arctic_vegetation/20230724_riparianshrub32_m3m/WILL/tile_19179.png,11
arctic_vegetation/20230724_riparianshrub32_m3m/WILL/tile_19180.png,11
arctic_vegetation/20230724_riparianshrub32_m3m/WILL/tile_19181.png,11
arctic_vegetation/20230724_riparianshrub32_m3m/WILL/tile_19182.png,11
arctic_vegetation/20230724_riparianshrub32_m3m/WILL/tile_19183.png,11
arctic_vegetation/20230724_riparianshrub32_m3m/WILL/tile_19184.png,11
arctic_vegetation/20230724_riparianshrub32_m3m/WILL/tile_19185.png,11
arctic_vegetation/20230724_riparianshrub32_m3m/WILL/tile_19186.png,11
arctic_vegetation/20230724_riparianshrub32_m3m/ALDE/tile_19187.png,0
arctic_vegetation/20230724_riparianshrub32_m3m/ALDE/tile_19188.png,0
arctic_vegetation/20230724_riparianshrub32_m3m/ALDE/tile_19189.png,0
arctic_vegetation/20230724_riparianshrub32_m3m/WILL/tile_19190.png,11
arctic_vegetation/20230724_riparianshrub32_m3m/WILL/tile_19191.png,11
arctic_vegetation/20230724_riparianshrub32_m3m/WILL/tile_19192.png,11
arctic_vegetation/20230724_riparianshrub32_m3m/WILL/tile_19193.png,11
arctic_vegetation/20230724_riparianshrub32_m3m/WILL/tile_19194.png,11
arctic_vegetation/20230724_riparianshrub32_m3m/ALDE/tile_19195.png,0
arctic_vegetation/20230724_riparianshrub32_m3m/ALDE/tile_19196.png,0
arctic_vegetation/20230724_riparianshrub32_m3m/ALDE/tile_19197.png,0
arctic_vegetation/20230724_riparianshrub32_m3m/ALDE/tile_19327.png,0
arctic_vegetation/20230724_riparianshrub32_m3m/ALDE/tile_19328.png,0
arctic_vegetation/20230724_riparianshrub32_m3m/ALDE/tile_19329.png,0
arctic_vegetation/20230724_riparianshrub32_m3m/ALDE/tile_19330.png,0
arctic_vegetation/20230724_riparianshrub32_m3m/ALDE/tile_19331.png,0
arctic_vegetation/20230724_riparianshrub32_m3m/ALDE/tile_19332.png,0
arctic_vegetation/20230724_riparianshrub32_m3m/ALDE/tile_19333.png,0
arctic_vegetation/20230724_riparianshrub32_m3m/WILL/tile_19342.png,11
arctic_vegetation/20230724_riparianshrub32_m3m/WILL/tile_19343.png,11
arctic_vegetation/20230724_riparianshrub32_m3m/WILL/tile_19344.png,11
arctic_vegetation/20230724_riparianshrub32_m3m/WILL/tile_19345.png,11
arctic_vegetation/20230724_riparianshrub32_m3m/WILL/tile_19346.png,11
arctic_vegetation/20230724_riparianshrub32_m3m/WILL/tile_19347.png,11
arctic_vegetation/20230724_riparianshrub32_m3m/WILL/tile_19348.png,11
arctic_vegetation/20230724_riparianshrub32_m3m/WILL/tile_19349.png,11
arctic_vegetation/20230724_riparianshrub32_m3m/WILL/tile_19350.png,11
arctic_vegetation/20230724_riparianshrub32_m3m/WILL/tile_19355.png,11
arctic_vegetation/20230724_riparianshrub32_m3m/WILL/tile_19356.png,11
arctic_vegetation/20230724_riparianshrub32_m3m/WILL/tile_19357.png,11
arctic_vegetation/20230724_riparianshrub32_m3m/WILL/tile_19358.png,11
arctic_vegetation/20230724_riparianshrub32_m3m/WILL/tile_19359.png,11
arctic_vegetation/20230724_riparianshrub32_m3m/WILL/tile_19360.png,11
arctic_vegetation/20230724_riparianshrub32_m3m/WILL/tile_19361.png,11
arctic_vegetation/20230724_riparianshrub32_m3m/WILL/tile_19362.png,11
arctic_vegetation/20230724_riparianshrub32_m3m/WILL/tile_19363.png,11
arctic_vegetation/20230724_riparianshrub32_m3m/WILL/tile_19364.png,11
arctic_vegetation/20230724_riparianshrub32_m3m/WILL/tile_19365.png,11
arctic_vegetation/20230724_riparianshrub32_m3m/WILL/tile_19366.png,11
arctic_vegetation/20230724_riparianshrub32_m3m/WILL/tile_19367.png,11
arctic_vegetation/20230724_riparianshrub32_m3m/WILL/tile_19368.png,11
arctic_vegetation/20230724_riparianshrub32_m3m/WILL/tile_19369.png,11
arctic_vegetation/20230724_riparianshrub32_m3m/WILL/tile_19370.png,11
arctic_vegetation/20230724_riparianshrub32_m3m/WILL/tile_19371.png,11
arctic_vegetation/20230724_riparianshrub32_m3m/WILL/tile_19372.png,11
arctic_vegetation/20230724_riparianshrub32_m3m/WILL/tile_19373.png,11
arctic_vegetation/20230724_riparianshrub32_m3m/WILL/tile_19374.png,11
arctic_vegetation/20230724_riparianshrub32_m3m/WILL/tile_19375.png,11
arctic_vegetation/20230724_riparianshrub32_m3m/WILL/tile_19376.png,11
arctic_vegetation/20230724_riparianshrub32_m3m/ALDE/tile_19506.png,0
arctic_vegetation/20230724_riparianshrub32_m3m/ALDE/tile_19507.png,0
arctic_vegetation/20230724_riparianshrub32_m3m/ALDE/tile_19508.png,0
arctic_vegetation/20230724_riparianshrub32_m3m/ALDE/tile_19509.png,0
arctic_vegetation/20230724_riparianshrub32_m3m/ALDE/tile_19510.png,0
arctic_vegetation/20230724_riparianshrub32_m3m/ALDE/tile_19511.png,0
arctic_vegetation/20230724_riparianshrub32_m3m/ALDE/tile_19512.png,0
arctic_vegetation/20230724_riparianshrub32_m3m/WILL/tile_19521.png,11
arctic_vegetation/20230724_riparianshrub32_m3m/WILL/tile_19522.png,11
arctic_vegetation/20230724_riparianshrub32_m3m/WILL/tile_19523.png,11
arctic_vegetation/20230724_riparianshrub32_m3m/WILL/tile_19524.png,11
arctic_vegetation/20230724_riparianshrub32_m3m/WILL/tile_19525.png,11
arctic_vegetation/20230724_riparianshrub32_m3m/ALDE/tile_19526.png,0
arctic_vegetation/20230724_riparianshrub32_m3m/ALDE/tile_19527.png,0
arctic_vegetation/20230724_riparianshrub32_m3m/ALDE/tile_19528.png,0
arctic_vegetation/20230724_riparianshrub32_m3m/WILL/tile_19529.png,11
arctic_vegetation/20230724_riparianshrub32_m3m/SEDG/tile_19531.png,9
arctic_vegetation/20230724_riparianshrub32_m3m/SEDG/tile_19532.png,9
arctic_vegetation/20230724_riparianshrub32_m3m/SEDG/tile_19533.png,9
arctic_vegetation/20230724_riparianshrub32_m3m/WILL/tile_19534.png,11
arctic_vegetation/20230724_riparianshrub32_m3m/WILL/tile_19535.png,11
arctic_vegetation/20230724_riparianshrub32_m3m/WILL/tile_19536.png,11
arctic_vegetation/20230724_riparianshrub32_m3m/WILL/tile_19537.png,11
arctic_vegetation/20230724_riparianshrub32_m3m/WILL/tile_19538.png,11
arctic_vegetation/20230724_riparianshrub32_m3m/WILL/tile_19539.png,11
arctic_vegetation/20230724_riparianshrub32_m3m/WILL/tile_19540.png,11
arctic_vegetation/20230724_riparianshrub32_m3m/WILL/tile_19541.png,11
arctic_vegetation/20230724_riparianshrub32_m3m/WILL/tile_19542.png,11
arctic_vegetation/20230724_riparianshrub32_m3m/WILL/tile_19543.png,11
arctic_vegetation/20230724_riparianshrub32_m3m/WILL/tile_19544.png,11
arctic_vegetation/20230724_riparianshrub32_m3m/WILL/tile_19545.png,11
arctic_vegetation/20230724_riparianshrub32_m3m/WILL/tile_19546.png,11
arctic_vegetation/20230724_riparianshrub32_m3m/WILL/tile_19547.png,11
arctic_vegetation/20230724_riparianshrub32_m3m/WILL/tile_19548.png,11
arctic_vegetation/20230724_riparianshrub32_m3m/WILL/tile_19549.png,11
arctic_vegetation/20230724_riparianshrub32_m3m/WILL/tile_19550.png,11
arctic_vegetation/20230724_riparianshrub32_m3m/WILL/tile_19551.png,11
arctic_vegetation/20230724_riparianshrub32_m3m/WILL/tile_19552.png,11
arctic_vegetation/20230724_riparianshrub32_m3m/WILL/tile_19553.png,11
arctic_vegetation/20230724_riparianshrub32_m3m/WILL/tile_19554.png,11
arctic_vegetation/20230724_riparianshrub32_m3m/WILL/tile_19555.png,11
arctic_vegetation/20230724_riparianshrub32_m3m/ALDE/tile_19685.png,0
arctic_vegetation/20230724_riparianshrub32_m3m/ALDE/tile_19686.png,0
arctic_vegetation/20230724_riparianshrub32_m3m/ALDE/tile_19687.png,0
arctic_vegetation/20230724_riparianshrub32_m3m/ALDE/tile_19688.png,0
arctic_vegetation/20230724_riparianshrub32_m3m/ALDE/tile_19689.png,0
arctic_vegetation/20230724_riparianshrub32_m3m/ALDE/tile_19690.png,0
arctic_vegetation/20230724_riparianshrub32_m3m/ALDE/tile_19691.png,0
arctic_vegetation/20230724_riparianshrub32_m3m/WILL/tile_19699.png,11
arctic_vegetation/20230724_riparianshrub32_m3m/WILL/tile_19700.png,11
arctic_vegetation/20230724_riparianshrub32_m3m/WILL/tile_19701.png,11
arctic_vegetation/20230724_riparianshrub32_m3m/WILL/tile_19702.png,11
arctic_vegetation/20230724_riparianshrub32_m3m/ALDE/tile_19703.png,0
arctic_vegetation/20230724_riparianshrub32_m3m/ALDE/tile_19704.png,0
arctic_vegetation/20230724_riparianshrub32_m3m/ALDE/tile_19705.png,0
arctic_vegetation/20230724_riparianshrub32_m3m/ALDE/tile_19706.png,0
arctic_vegetation/20230724_riparianshrub32_m3m/ALDE/tile_19707.png,0
arctic_vegetation/20230724_riparianshrub32_m3m/SEDG/tile_19710.png,9
arctic_vegetation/20230724_riparianshrub32_m3m/SEDG/tile_19711.png,9
arctic_vegetation/20230724_riparianshrub32_m3m/SEDG/tile_19712.png,9
arctic_vegetation/20230724_riparianshrub32_m3m/SEDG/tile_19713.png,9
arctic_vegetation/20230724_riparianshrub32_m3m/WILL/tile_19714.png,11
arctic_vegetation/20230724_riparianshrub32_m3m/WILL/tile_19715.png,11
arctic_vegetation/20230724_riparianshrub32_m3m/WILL/tile_19716.png,11
arctic_vegetation/20230724_riparianshrub32_m3m/WILL/tile_19717.png,11
arctic_vegetation/20230724_riparianshrub32_m3m/WILL/tile_19718.png,11
arctic_vegetation/20230724_riparianshrub32_m3m/WILL/tile_19719.png,11
arctic_vegetation/20230724_riparianshrub32_m3m/WILL/tile_19720.png,11
arctic_vegetation/20230724_riparianshrub32_m3m/WILL/tile_19721.png,11
arctic_vegetation/20230724_riparianshrub32_m3m/WILL/tile_19722.png,11
arctic_vegetation/20230724_riparianshrub32_m3m/WILL/tile_19723.png,11
arctic_vegetation/20230724_riparianshrub32_m3m/WILL/tile_19724.png,11
arctic_vegetation/20230724_riparianshrub32_m3m/WILL/tile_19725.png,11
arctic_vegetation/20230724_riparianshrub32_m3m/WILL/tile_19726.png,11
arctic_vegetation/20230724_riparianshrub32_m3m/WILL/tile_19727.png,11
arctic_vegetation/20230724_riparianshrub32_m3m/WILL/tile_19728.png,11
arctic_vegetation/20230724_riparianshrub32_m3m/WILL/tile_19729.png,11
arctic_vegetation/20230724_riparianshrub32_m3m/WILL/tile_19730.png,11
arctic_vegetation/20230724_riparianshrub32_m3m/WILL/tile_19731.png,11
arctic_vegetation/20230724_riparianshrub32_m3m/WILL/tile_19732.png,11
arctic_vegetation/20230724_riparianshrub32_m3m/WILL/tile_19733.png,11
arctic_vegetation/20230724_riparianshrub32_m3m/WILL/tile_19734.png,11
arctic_vegetation/20230724_riparianshrub32_m3m/ALDE/tile_19864.png,0
arctic_vegetation/20230724_riparianshrub32_m3m/ALDE/tile_19865.png,0
arctic_vegetation/20230724_riparianshrub32_m3m/ALDE/tile_19866.png,0
arctic_vegetation/20230724_riparianshrub32_m3m/ALDE/tile_19867.png,0
arctic_vegetation/20230724_riparianshrub32_m3m/ALDE/tile_19868.png,0
arctic_vegetation/20230724_riparianshrub32_m3m/ALDE/tile_19869.png,0
arctic_vegetation/20230724_riparianshrub32_m3m/WILL/tile_19878.png,11
arctic_vegetation/20230724_riparianshrub32_m3m/WILL/tile_19879.png,11
arctic_vegetation/20230724_riparianshrub32_m3m/ALDE/tile_19880.png,0
arctic_vegetation/20230724_riparianshrub32_m3m/ALDE/tile_19881.png,0
arctic_vegetation/20230724_riparianshrub32_m3m/ALDE/tile_19882.png,0
arctic_vegetation/20230724_riparianshrub32_m3m/ALDE/tile_19883.png,0
arctic_vegetation/20230724_riparianshrub32_m3m/ALDE/tile_19884.png,0
arctic_vegetation/20230724_riparianshrub32_m3m/ALDE/tile_19885.png,0
arctic_vegetation/20230724_riparianshrub32_m3m/ALDE/tile_19886.png,0
arctic_vegetation/20230724_riparianshrub32_m3m/SEDG/tile_19888.png,9
arctic_vegetation/20230724_riparianshrub32_m3m/SEDG/tile_19889.png,9
arctic_vegetation/20230724_riparianshrub32_m3m/SEDG/tile_19890.png,9
arctic_vegetation/20230724_riparianshrub32_m3m/SEDG/tile_19891.png,9
arctic_vegetation/20230724_riparianshrub32_m3m/WILL/tile_19892.png,11
arctic_vegetation/20230724_riparianshrub32_m3m/WILL/tile_19893.png,11
arctic_vegetation/20230724_riparianshrub32_m3m/WILL/tile_19894.png,11
arctic_vegetation/20230724_riparianshrub32_m3m/WILL/tile_19895.png,11
arctic_vegetation/20230724_riparianshrub32_m3m/WILL/tile_19896.png,11
arctic_vegetation/20230724_riparianshrub32_m3m/WILL/tile_19897.png,11
arctic_vegetation/20230724_riparianshrub32_m3m/WILL/tile_19898.png,11
arctic_vegetation/20230724_riparianshrub32_m3m/WILL/tile_19899.png,11
arctic_vegetation/20230724_riparianshrub32_m3m/WILL/tile_19900.png,11
arctic_vegetation/20230724_riparianshrub32_m3m/WILL/tile_19901.png,11
arctic_vegetation/20230724_riparianshrub32_m3m/WILL/tile_19902.png,11
arctic_vegetation/20230724_riparianshrub32_m3m/WILL/tile_19903.png,11
arctic_vegetation/20230724_riparianshrub32_m3m/WILL/tile_19904.png,11
arctic_vegetation/20230724_riparianshrub32_m3m/ALDE/tile_19905.png,0
arctic_vegetation/20230724_riparianshrub32_m3m/ALDE/tile_19906.png,0
arctic_vegetation/20230724_riparianshrub32_m3m/WILL/tile_19907.png,11
arctic_vegetation/20230724_riparianshrub32_m3m/WILL/tile_19908.png,11
arctic_vegetation/20230724_riparianshrub32_m3m/WILL/tile_19909.png,11
arctic_vegetation/20230724_riparianshrub32_m3m/WILL/tile_19910.png,11
arctic_vegetation/20230724_riparianshrub32_m3m/WILL/tile_19911.png,11
arctic_vegetation/20230724_riparianshrub32_m3m/WILL/tile_19912.png,11
arctic_vegetation/20230724_riparianshrub32_m3m/WILL/tile_19913.png,11
arctic_vegetation/20230724_riparianshrub32_m3m/ALDE/tile_20043.png,0
arctic_vegetation/20230724_riparianshrub32_m3m/ALDE/tile_20044.png,0
arctic_vegetation/20230724_riparianshrub32_m3m/ALDE/tile_20045.png,0
arctic_vegetation/20230724_riparianshrub32_m3m/ALDE/tile_20046.png,0
arctic_vegetation/20230724_riparianshrub32_m3m/ALDE/tile_20047.png,0
arctic_vegetation/20230724_riparianshrub32_m3m/WILL/tile_20057.png,11
arctic_vegetation/20230724_riparianshrub32_m3m/WILL/tile_20058.png,11
arctic_vegetation/20230724_riparianshrub32_m3m/ALDE/tile_20059.png,0
arctic_vegetation/20230724_riparianshrub32_m3m/ALDE/tile_20060.png,0
arctic_vegetation/20230724_riparianshrub32_m3m/ALDE/tile_20061.png,0
arctic_vegetation/20230724_riparianshrub32_m3m/ALDE/tile_20062.png,0
arctic_vegetation/20230724_riparianshrub32_m3m/ALDE/tile_20063.png,0
arctic_vegetation/20230724_riparianshrub32_m3m/ALDE/tile_20064.png,0
arctic_vegetation/20230724_riparianshrub32_m3m/ALDE/tile_20065.png,0
arctic_vegetation/20230724_riparianshrub32_m3m/SEDG/tile_20066.png,9
arctic_vegetation/20230724_riparianshrub32_m3m/SEDG/tile_20067.png,9
arctic_vegetation/20230724_riparianshrub32_m3m/SEDG/tile_20068.png,9
arctic_vegetation/20230724_riparianshrub32_m3m/SEDG/tile_20069.png,9
arctic_vegetation/20230724_riparianshrub32_m3m/WILL/tile_20070.png,11
arctic_vegetation/20230724_riparianshrub32_m3m/WILL/tile_20071.png,11
arctic_vegetation/20230724_riparianshrub32_m3m/WILL/tile_20072.png,11
arctic_vegetation/20230724_riparianshrub32_m3m/WILL/tile_20073.png,11
arctic_vegetation/20230724_riparianshrub32_m3m/WILL/tile_20074.png,11
arctic_vegetation/20230724_riparianshrub32_m3m/WILL/tile_20075.png,11
arctic_vegetation/20230724_riparianshrub32_m3m/WILL/tile_20076.png,11
arctic_vegetation/20230724_riparianshrub32_m3m/WILL/tile_20077.png,11
arctic_vegetation/20230724_riparianshrub32_m3m/WILL/tile_20078.png,11
arctic_vegetation/20230724_riparianshrub32_m3m/WILL/tile_20079.png,11
arctic_vegetation/20230724_riparianshrub32_m3m/WILL/tile_20080.png,11
arctic_vegetation/20230724_riparianshrub32_m3m/WILL/tile_20081.png,11
arctic_vegetation/20230724_riparianshrub32_m3m/WILL/tile_20082.png,11
arctic_vegetation/20230724_riparianshrub32_m3m/WILL/tile_20083.png,11
arctic_vegetation/20230724_riparianshrub32_m3m/ALDE/tile_20084.png,0
arctic_vegetation/20230724_riparianshrub32_m3m/ALDE/tile_20085.png,0
arctic_vegetation/20230724_riparianshrub32_m3m/ALDE/tile_20086.png,0
arctic_vegetation/20230724_riparianshrub32_m3m/ALDE/tile_20087.png,0
arctic_vegetation/20230724_riparianshrub32_m3m/WILL/tile_20088.png,11
arctic_vegetation/20230724_riparianshrub32_m3m/ALDE/tile_20089.png,0
arctic_vegetation/20230724_riparianshrub32_m3m/ALDE/tile_20090.png,0
arctic_vegetation/20230724_riparianshrub32_m3m/ALDE/tile_20091.png,0
arctic_vegetation/20230724_riparianshrub32_m3m/ALDE/tile_20092.png,0
arctic_vegetation/20230724_riparianshrub32_m3m/ALDE/tile_20238.png,0
arctic_vegetation/20230724_riparianshrub32_m3m/ALDE/tile_20239.png,0
arctic_vegetation/20230724_riparianshrub32_m3m/ALDE/tile_20240.png,0
arctic_vegetation/20230724_riparianshrub32_m3m/ALDE/tile_20241.png,0
arctic_vegetation/20230724_riparianshrub32_m3m/ALDE/tile_20242.png,0
arctic_vegetation/20230724_riparianshrub32_m3m/ALDE/tile_20243.png,0
arctic_vegetation/20230724_riparianshrub32_m3m/ALDE/tile_20244.png,0
arctic_vegetation/20230724_riparianshrub32_m3m/SEDG/tile_20245.png,9
arctic_vegetation/20230724_riparianshrub32_m3m/WILL/tile_20246.png,11
arctic_vegetation/20230724_riparianshrub32_m3m/WILL/tile_20247.png,11
arctic_vegetation/20230724_riparianshrub32_m3m/WILL/tile_20248.png,11
arctic_vegetation/20230724_riparianshrub32_m3m/WILL/tile_20249.png,11
arctic_vegetation/20230724_riparianshrub32_m3m/WILL/tile_20250.png,11
arctic_vegetation/20230724_riparianshrub32_m3m/WILL/tile_20251.png,11
arctic_vegetation/20230724_riparianshrub32_m3m/WILL/tile_20252.png,11
arctic_vegetation/20230724_riparianshrub32_m3m/WILL/tile_20253.png,11
arctic_vegetation/20230724_riparianshrub32_m3m/WILL/tile_20254.png,11
arctic_vegetation/20230724_riparianshrub32_m3m/WILL/tile_20255.png,11
arctic_vegetation/20230724_riparianshrub32_m3m/WILL/tile_20256.png,11
arctic_vegetation/20230724_riparianshrub32_m3m/WILL/tile_20257.png,11
arctic_vegetation/20230724_riparianshrub32_m3m/WILL/tile_20258.png,11
arctic_vegetation/20230724_riparianshrub32_m3m/WILL/tile_20259.png,11
arctic_vegetation/20230724_riparianshrub32_m3m/WILL/tile_20260.png,11
arctic_vegetation/20230724_riparianshrub32_m3m/WILL/tile_20261.png,11
arctic_vegetation/20230724_riparianshrub32_m3m/WILL/tile_20262.png,11
arctic_vegetation/20230724_riparianshrub32_m3m/ALDE/tile_20263.png,0
arctic_vegetation/20230724_riparianshrub32_m3m/ALDE/tile_20264.png,0
arctic_vegetation/20230724_riparianshrub32_m3m/ALDE/tile_20265.png,0
arctic_vegetation/20230724_riparianshrub32_m3m/ALDE/tile_20266.png,0
arctic_vegetation/20230724_riparianshrub32_m3m/ALDE/tile_20267.png,0
arctic_vegetation/20230724_riparianshrub32_m3m/ALDE/tile_20268.png,0
arctic_vegetation/20230724_riparianshrub32_m3m/ALDE/tile_20269.png,0
arctic_vegetation/20230724_riparianshrub32_m3m/ALDE/tile_20270.png,0
arctic_vegetation/20230724_riparianshrub32_m3m/ALDE/tile_20271.png,0
arctic_vegetation/20230724_riparianshrub32_m3m/ALDE/tile_20417.png,0
arctic_vegetation/20230724_riparianshrub32_m3m/ALDE/tile_20418.png,0
arctic_vegetation/20230724_riparianshrub32_m3m/ALDE/tile_20419.png,0
arctic_vegetation/20230724_riparianshrub32_m3m/ALDE/tile_20420.png,0
arctic_vegetation/20230724_riparianshrub32_m3m/ALDE/tile_20421.png,0
arctic_vegetation/20230724_riparianshrub32_m3m/ALDE/tile_20422.png,0
arctic_vegetation/20230724_riparianshrub32_m3m/ALDE/tile_20423.png,0
arctic_vegetation/20230724_riparianshrub32_m3m/WILL/tile_20424.png,11
arctic_vegetation/20230724_riparianshrub32_m3m/WILL/tile_20425.png,11
arctic_vegetation/20230724_riparianshrub32_m3m/WILL/tile_20426.png,11
arctic_vegetation/20230724_riparianshrub32_m3m/WILL/tile_20427.png,11
arctic_vegetation/20230724_riparianshrub32_m3m/WILL/tile_20428.png,11
arctic_vegetation/20230724_riparianshrub32_m3m/WILL/tile_20429.png,11
arctic_vegetation/20230724_riparianshrub32_m3m/WILL/tile_20430.png,11
arctic_vegetation/20230724_riparianshrub32_m3m/WILL/tile_20431.png,11
arctic_vegetation/20230724_riparianshrub32_m3m/WILL/tile_20432.png,11
arctic_vegetation/20230724_riparianshrub32_m3m/WILL/tile_20433.png,11
arctic_vegetation/20230724_riparianshrub32_m3m/WILL/tile_20434.png,11
arctic_vegetation/20230724_riparianshrub32_m3m/WILL/tile_20435.png,11
arctic_vegetation/20230724_riparianshrub32_m3m/WILL/tile_20436.png,11
arctic_vegetation/20230724_riparianshrub32_m3m/WILL/tile_20437.png,11
arctic_vegetation/20230724_riparianshrub32_m3m/WILL/tile_20438.png,11
arctic_vegetation/20230724_riparianshrub32_m3m/WILL/tile_20439.png,11
arctic_vegetation/20230724_riparianshrub32_m3m/WILL/tile_20440.png,11
arctic_vegetation/20230724_riparianshrub32_m3m/SEDG/tile_20441.png,9
arctic_vegetation/20230724_riparianshrub32_m3m/SEDG/tile_20442.png,9
arctic_vegetation/20230724_riparianshrub32_m3m/ALDE/tile_20443.png,0
arctic_vegetation/20230724_riparianshrub32_m3m/ALDE/tile_20444.png,0
arctic_vegetation/20230724_riparianshrub32_m3m/ALDE/tile_20445.png,0
arctic_vegetation/20230724_riparianshrub32_m3m/ALDE/tile_20446.png,0
arctic_vegetation/20230724_riparianshrub32_m3m/ALDE/tile_20447.png,0
arctic_vegetation/20230724_riparianshrub32_m3m/ALDE/tile_20448.png,0
arctic_vegetation/20230724_riparianshrub32_m3m/ALDE/tile_20449.png,0
arctic_vegetation/20230724_riparianshrub32_m3m/ALDE/tile_20450.png,0
arctic_vegetation/20230724_riparianshrub32_m3m/ALDE/tile_20596.png,0
arctic_vegetation/20230724_riparianshrub32_m3m/ALDE/tile_20597.png,0
arctic_vegetation/20230724_riparianshrub32_m3m/ALDE/tile_20598.png,0
arctic_vegetation/20230724_riparianshrub32_m3m/ALDE/tile_20599.png,0
arctic_vegetation/20230724_riparianshrub32_m3m/ALDE/tile_20600.png,0
arctic_vegetation/20230724_riparianshrub32_m3m/ALDE/tile_20601.png,0
arctic_vegetation/20230724_riparianshrub32_m3m/ALDE/tile_20602.png,0
arctic_vegetation/20230724_riparianshrub32_m3m/WILL/tile_20603.png,11
arctic_vegetation/20230724_riparianshrub32_m3m/WILL/tile_20604.png,11
arctic_vegetation/20230724_riparianshrub32_m3m/WILL/tile_20605.png,11
arctic_vegetation/20230724_riparianshrub32_m3m/WILL/tile_20606.png,11
arctic_vegetation/20230724_riparianshrub32_m3m/WILL/tile_20607.png,11
arctic_vegetation/20230724_riparianshrub32_m3m/WILL/tile_20608.png,11
arctic_vegetation/20230724_riparianshrub32_m3m/WILL/tile_20609.png,11
arctic_vegetation/20230724_riparianshrub32_m3m/WILL/tile_20610.png,11
arctic_vegetation/20230724_riparianshrub32_m3m/WILL/tile_20611.png,11
arctic_vegetation/20230724_riparianshrub32_m3m/WILL/tile_20612.png,11
arctic_vegetation/20230724_riparianshrub32_m3m/WILL/tile_20613.png,11
arctic_vegetation/20230724_riparianshrub32_m3m/WILL/tile_20614.png,11
arctic_vegetation/20230724_riparianshrub32_m3m/WILL/tile_20615.png,11
arctic_vegetation/20230724_riparianshrub32_m3m/SEDG/tile_20616.png,9
arctic_vegetation/20230724_riparianshrub32_m3m/SEDG/tile_20617.png,9
arctic_vegetation/20230724_riparianshrub32_m3m/WILL/tile_20618.png,11
arctic_vegetation/20230724_riparianshrub32_m3m/SEDG/tile_20619.png,9
arctic_vegetation/20230724_riparianshrub32_m3m/SEDG/tile_20620.png,9
arctic_vegetation/20230724_riparianshrub32_m3m/SEDG/tile_20621.png,9
arctic_vegetation/20230724_riparianshrub32_m3m/SEDG/tile_20622.png,9
arctic_vegetation/20230724_riparianshrub32_m3m/SEDG/tile_20623.png,9
arctic_vegetation/20230724_riparianshrub32_m3m/SEDG/tile_20624.png,9
arctic_vegetation/20230724_riparianshrub32_m3m/ALDE/tile_20625.png,0
arctic_vegetation/20230724_riparianshrub32_m3m/ALDE/tile_20626.png,0
arctic_vegetation/20230724_riparianshrub32_m3m/ALDE/tile_20627.png,0
arctic_vegetation/20230724_riparianshrub32_m3m/ALDE/tile_20628.png,0
arctic_vegetation/20230724_riparianshrub32_m3m/WILL/tile_20782.png,11
arctic_vegetation/20230724_riparianshrub32_m3m/WILL/tile_20783.png,11
arctic_vegetation/20230724_riparianshrub32_m3m/WILL/tile_20784.png,11
arctic_vegetation/20230724_riparianshrub32_m3m/WILL/tile_20785.png,11
arctic_vegetation/20230724_riparianshrub32_m3m/WILL/tile_20786.png,11
arctic_vegetation/20230724_riparianshrub32_m3m/WILL/tile_20787.png,11
arctic_vegetation/20230724_riparianshrub32_m3m/WILL/tile_20788.png,11
arctic_vegetation/20230724_riparianshrub32_m3m/WILL/tile_20789.png,11
arctic_vegetation/20230724_riparianshrub32_m3m/WILL/tile_20790.png,11
arctic_vegetation/20230724_riparianshrub32_m3m/WILL/tile_20791.png,11
arctic_vegetation/20230724_riparianshrub32_m3m/WILL/tile_20792.png,11
arctic_vegetation/20230724_riparianshrub32_m3m/WILL/tile_20793.png,11
arctic_vegetation/20230724_riparianshrub32_m3m/WILL/tile_20794.png,11
arctic_vegetation/20230724_riparianshrub32_m3m/SEDG/tile_20795.png,9
arctic_vegetation/20230724_riparianshrub32_m3m/SEDG/tile_20796.png,9
arctic_vegetation/20230724_riparianshrub32_m3m/SEDG/tile_20797.png,9
arctic_vegetation/20230724_riparianshrub32_m3m/SEDG/tile_20798.png,9
arctic_vegetation/20230724_riparianshrub32_m3m/SEDG/tile_20799.png,9
arctic_vegetation/20230724_riparianshrub32_m3m/SEDG/tile_20800.png,9
arctic_vegetation/20230724_riparianshrub32_m3m/SEDG/tile_20801.png,9
arctic_vegetation/20230724_riparianshrub32_m3m/SEDG/tile_20802.png,9
arctic_vegetation/20230724_riparianshrub32_m3m/SEDG/tile_20803.png,9
arctic_vegetation/20230724_riparianshrub32_m3m/SEDG/tile_20804.png,9
arctic_vegetation/20230724_riparianshrub32_m3m/SEDG/tile_20805.png,9
arctic_vegetation/20230724_riparianshrub32_m3m/WILL/tile_20961.png,11
arctic_vegetation/20230724_riparianshrub32_m3m/WILL/tile_20962.png,11
arctic_vegetation/20230724_riparianshrub32_m3m/WILL/tile_20963.png,11
arctic_vegetation/20230724_riparianshrub32_m3m/WILL/tile_20964.png,11
arctic_vegetation/20230724_riparianshrub32_m3m/WILL/tile_20965.png,11
arctic_vegetation/20230724_riparianshrub32_m3m/WILL/tile_20966.png,11
arctic_vegetation/20230724_riparianshrub32_m3m/WILL/tile_20967.png,11
arctic_vegetation/20230724_riparianshrub32_m3m/WILL/tile_20968.png,11
arctic_vegetation/20230724_riparianshrub32_m3m/WILL/tile_20969.png,11
arctic_vegetation/20230724_riparianshrub32_m3m/WILL/tile_20970.png,11
arctic_vegetation/20230724_riparianshrub32_m3m/WILL/tile_20971.png,11
arctic_vegetation/20230724_riparianshrub32_m3m/WILL/tile_20972.png,11
arctic_vegetation/20230724_riparianshrub32_m3m/WILL/tile_20973.png,11
arctic_vegetation/20230724_riparianshrub32_m3m/SEDG/tile_20974.png,9
arctic_vegetation/20230724_riparianshrub32_m3m/SEDG/tile_20975.png,9
arctic_vegetation/20230724_riparianshrub32_m3m/SEDG/tile_20976.png,9
arctic_vegetation/20230724_riparianshrub32_m3m/SEDG/tile_20977.png,9
arctic_vegetation/20230724_riparianshrub32_m3m/SEDG/tile_20978.png,9
arctic_vegetation/20230724_riparianshrub32_m3m/SEDG/tile_20979.png,9
arctic_vegetation/20230724_riparianshrub32_m3m/SEDG/tile_20980.png,9
arctic_vegetation/20230724_riparianshrub32_m3m/SEDG/tile_20981.png,9
arctic_vegetation/20230724_riparianshrub32_m3m/SEDG/tile_20982.png,9
arctic_vegetation/20230724_riparianshrub32_m3m/SEDG/tile_20983.png,9
arctic_vegetation/20230724_riparianshrub32_m3m/SEDG/tile_20984.png,9
arctic_vegetation/20230724_riparianshrub32_m3m/WILL/tile_21140.png,11
arctic_vegetation/20230724_riparianshrub32_m3m/WILL/tile_21141.png,11
arctic_vegetation/20230724_riparianshrub32_m3m/WILL/tile_21142.png,11
arctic_vegetation/20230724_riparianshrub32_m3m/WILL/tile_21143.png,11
arctic_vegetation/20230724_riparianshrub32_m3m/WILL/tile_21144.png,11
arctic_vegetation/20230724_riparianshrub32_m3m/WILL/tile_21145.png,11
arctic_vegetation/20230724_riparianshrub32_m3m/WILL/tile_21146.png,11
arctic_vegetation/20230724_riparianshrub32_m3m/WILL/tile_21147.png,11
arctic_vegetation/20230724_riparianshrub32_m3m/WILL/tile_21148.png,11
arctic_vegetation/20230724_riparianshrub32_m3m/WILL/tile_21149.png,11
arctic_vegetation/20230724_riparianshrub32_m3m/WILL/tile_21150.png,11
arctic_vegetation/20230724_riparianshrub32_m3m/WILL/tile_21151.png,11
arctic_vegetation/20230724_riparianshrub32_m3m/WILL/tile_21152.png,11
arctic_vegetation/20230724_riparianshrub32_m3m/SEDG/tile_21153.png,9
arctic_vegetation/20230724_riparianshrub32_m3m/SEDG/tile_21154.png,9
arctic_vegetation/20230724_riparianshrub32_m3m/SEDG/tile_21155.png,9
arctic_vegetation/20230724_riparianshrub32_m3m/SEDG/tile_21156.png,9
arctic_vegetation/20230724_riparianshrub32_m3m/SEDG/tile_21157.png,9
arctic_vegetation/20230724_riparianshrub32_m3m/SEDG/tile_21158.png,9
arctic_vegetation/20230724_riparianshrub32_m3m/SEDG/tile_21159.png,9
arctic_vegetation/20230724_riparianshrub32_m3m/SEDG/tile_21160.png,9
arctic_vegetation/20230724_riparianshrub32_m3m/SEDG/tile_21161.png,9
arctic_vegetation/20230724_riparianshrub32_m3m/SEDG/tile_21162.png,9
arctic_vegetation/20230724_riparianshrub32_m3m/SEDG/tile_21163.png,9
arctic_vegetation/20230724_riparianshrub32_m3m/WILL/tile_21319.png,11
arctic_vegetation/20230724_riparianshrub32_m3m/WILL/tile_21320.png,11
arctic_vegetation/20230724_riparianshrub32_m3m/WILL/tile_21321.png,11
arctic_vegetation/20230724_riparianshrub32_m3m/WILL/tile_21322.png,11
arctic_vegetation/20230724_riparianshrub32_m3m/WILL/tile_21323.png,11
arctic_vegetation/20230724_riparianshrub32_m3m/WILL/tile_21324.png,11
arctic_vegetation/20230724_riparianshrub32_m3m/WILL/tile_21325.png,11
arctic_vegetation/20230724_riparianshrub32_m3m/WILL/tile_21326.png,11
arctic_vegetation/20230724_riparianshrub32_m3m/WILL/tile_21327.png,11
arctic_vegetation/20230724_riparianshrub32_m3m/WILL/tile_21328.png,11
arctic_vegetation/20230724_riparianshrub32_m3m/SEDG/tile_21329.png,9
arctic_vegetation/20230724_riparianshrub32_m3m/WILL/tile_21330.png,11
arctic_vegetation/20230724_riparianshrub32_m3m/WILL/tile_21331.png,11
arctic_vegetation/20230724_riparianshrub32_m3m/SEDG/tile_21332.png,9
arctic_vegetation/20230724_riparianshrub32_m3m/SEDG/tile_21333.png,9
arctic_vegetation/20230724_riparianshrub32_m3m/SEDG/tile_21334.png,9
arctic_vegetation/20230724_riparianshrub32_m3m/SEDG/tile_21335.png,9
arctic_vegetation/20230724_riparianshrub32_m3m/SEDG/tile_21336.png,9
arctic_vegetation/20230724_riparianshrub32_m3m/SEDG/tile_21337.png,9
arctic_vegetation/20230724_riparianshrub32_m3m/SEDG/tile_21338.png,9
arctic_vegetation/20230724_riparianshrub32_m3m/SEDG/tile_21339.png,9
arctic_vegetation/20230724_riparianshrub32_m3m/SEDG/tile_21340.png,9
arctic_vegetation/20230724_riparianshrub32_m3m/SEDG/tile_21341.png,9
arctic_vegetation/20230724_riparianshrub32_m3m/SEDG/tile_21342.png,9
arctic_vegetation/20230724_riparianshrub32_m3m/SEDG/tile_21343.png,9
arctic_vegetation/20230724_riparianshrub32_m3m/PETF/tile_21497.png,6
arctic_vegetation/20230724_riparianshrub32_m3m/PETF/tile_21498.png,6
arctic_vegetation/20230724_riparianshrub32_m3m/PETF/tile_21499.png,6
arctic_vegetation/20230724_riparianshrub32_m3m/WILL/tile_21500.png,11
arctic_vegetation/20230724_riparianshrub32_m3m/WILL/tile_21501.png,11
arctic_vegetation/20230724_riparianshrub32_m3m/ALDE/tile_21502.png,0
arctic_vegetation/20230724_riparianshrub32_m3m/ALDE/tile_21503.png,0
arctic_vegetation/20230724_riparianshrub32_m3m/ALDE/tile_21504.png,0
arctic_vegetation/20230724_riparianshrub32_m3m/SEDG/tile_21505.png,9
arctic_vegetation/20230724_riparianshrub32_m3m/WILL/tile_21506.png,11
arctic_vegetation/20230724_riparianshrub32_m3m/SEDG/tile_21507.png,9
arctic_vegetation/20230724_riparianshrub32_m3m/SEDG/tile_21508.png,9
arctic_vegetation/20230724_riparianshrub32_m3m/SEDG/tile_21509.png,9
arctic_vegetation/20230724_riparianshrub32_m3m/SEDG/tile_21510.png,9
arctic_vegetation/20230724_riparianshrub32_m3m/SEDG/tile_21511.png,9
arctic_vegetation/20230724_riparianshrub32_m3m/SEDG/tile_21512.png,9
arctic_vegetation/20230724_riparianshrub32_m3m/SEDG/tile_21513.png,9
arctic_vegetation/20230724_riparianshrub32_m3m/SEDG/tile_21514.png,9
arctic_vegetation/20230724_riparianshrub32_m3m/SEDG/tile_21515.png,9
arctic_vegetation/20230724_riparianshrub32_m3m/SEDG/tile_21516.png,9
arctic_vegetation/20230724_riparianshrub32_m3m/SEDG/tile_21517.png,9
arctic_vegetation/20230724_riparianshrub32_m3m/SEDG/tile_21518.png,9
arctic_vegetation/20230724_riparianshrub32_m3m/SEDG/tile_21519.png,9
arctic_vegetation/20230724_riparianshrub32_m3m/ALDE/tile_21669.png,0
arctic_vegetation/20230724_riparianshrub32_m3m/ALDE/tile_21670.png,0
arctic_vegetation/20230724_riparianshrub32_m3m/ALDE/tile_21671.png,0
arctic_vegetation/20230724_riparianshrub32_m3m/ALDE/tile_21672.png,0
arctic_vegetation/20230724_riparianshrub32_m3m/ALDE/tile_21673.png,0
arctic_vegetation/20230724_riparianshrub32_m3m/ALDE/tile_21674.png,0
arctic_vegetation/20230724_riparianshrub32_m3m/ALDE/tile_21675.png,0
arctic_vegetation/20230724_riparianshrub32_m3m/ALDE/tile_21676.png,0
arctic_vegetation/20230724_riparianshrub32_m3m/ALDE/tile_21677.png,0
arctic_vegetation/20230724_riparianshrub32_m3m/ALDE/tile_21678.png,0
arctic_vegetation/20230724_riparianshrub32_m3m/ALDE/tile_21679.png,0
arctic_vegetation/20230724_riparianshrub32_m3m/WILL/tile_21680.png,11
arctic_vegetation/20230724_riparianshrub32_m3m/WILL/tile_21681.png,11
arctic_vegetation/20230724_riparianshrub32_m3m/WILL/tile_21682.png,11
arctic_vegetation/20230724_riparianshrub32_m3m/SEDG/tile_21683.png,9
arctic_vegetation/20230724_riparianshrub32_m3m/SEDG/tile_21684.png,9
arctic_vegetation/20230724_riparianshrub32_m3m/SEDG/tile_21685.png,9
arctic_vegetation/20230724_riparianshrub32_m3m/SEDG/tile_21686.png,9
arctic_vegetation/20230724_riparianshrub32_m3m/SEDG/tile_21687.png,9
arctic_vegetation/20230724_riparianshrub32_m3m/SEDG/tile_21688.png,9
arctic_vegetation/20230724_riparianshrub32_m3m/SEDG/tile_21689.png,9
arctic_vegetation/20230724_riparianshrub32_m3m/SEDG/tile_21690.png,9
arctic_vegetation/20230724_riparianshrub32_m3m/SEDG/tile_21691.png,9
arctic_vegetation/20230724_riparianshrub32_m3m/SEDG/tile_21692.png,9
arctic_vegetation/20230724_riparianshrub32_m3m/SEDG/tile_21693.png,9
arctic_vegetation/20230724_riparianshrub32_m3m/ALDE/tile_21842.png,0
arctic_vegetation/20230724_riparianshrub32_m3m/ALDE/tile_21843.png,0
arctic_vegetation/20230724_riparianshrub32_m3m/ALDE/tile_21844.png,0
arctic_vegetation/20230724_riparianshrub32_m3m/ALDE/tile_21845.png,0
arctic_vegetation/20230724_riparianshrub32_m3m/ALDE/tile_21846.png,0
arctic_vegetation/20230724_riparianshrub32_m3m/ALDE/tile_21847.png,0
arctic_vegetation/20230724_riparianshrub32_m3m/ALDE/tile_21848.png,0
arctic_vegetation/20230724_riparianshrub32_m3m/ALDE/tile_21849.png,0
arctic_vegetation/20230724_riparianshrub32_m3m/ALDE/tile_21850.png,0
arctic_vegetation/20230724_riparianshrub32_m3m/ALDE/tile_21851.png,0
arctic_vegetation/20230724_riparianshrub32_m3m/ALDE/tile_21852.png,0
arctic_vegetation/20230724_riparianshrub32_m3m/WILL/tile_21853.png,11
arctic_vegetation/20230724_riparianshrub32_m3m/WILL/tile_21854.png,11
arctic_vegetation/20230724_riparianshrub32_m3m/WILL/tile_21855.png,11
arctic_vegetation/20230724_riparianshrub32_m3m/SEDG/tile_21856.png,9
arctic_vegetation/20230724_riparianshrub32_m3m/SEDG/tile_21857.png,9
arctic_vegetation/20230724_riparianshrub32_m3m/SEDG/tile_21858.png,9
arctic_vegetation/20230724_riparianshrub32_m3m/SEDG/tile_21859.png,9
arctic_vegetation/20230724_riparianshrub32_m3m/SEDG/tile_21860.png,9
arctic_vegetation/20230724_riparianshrub32_m3m/SEDG/tile_21861.png,9
arctic_vegetation/20230724_riparianshrub32_m3m/SEDG/tile_21862.png,9
arctic_vegetation/20230724_riparianshrub32_m3m/SEDG/tile_21863.png,9
arctic_vegetation/20230724_riparianshrub32_m3m/SEDG/tile_21864.png,9
arctic_vegetation/20230724_riparianshrub32_m3m/SEDG/tile_21865.png,9
arctic_vegetation/20230724_riparianshrub32_m3m/SEDG/tile_21866.png,9
arctic_vegetation/20230724_riparianshrub32_m3m/SEDG/tile_21867.png,9
arctic_vegetation/20230724_riparianshrub32_m3m/ALDE/tile_22012.png,0
arctic_vegetation/20230724_riparianshrub32_m3m/ALDE/tile_22013.png,0
arctic_vegetation/20230724_riparianshrub32_m3m/ALDE/tile_22014.png,0
arctic_vegetation/20230724_riparianshrub32_m3m/ALDE/tile_22015.png,0
arctic_vegetation/20230724_riparianshrub32_m3m/ALDE/tile_22016.png,0
arctic_vegetation/20230724_riparianshrub32_m3m/ALDE/tile_22017.png,0
arctic_vegetation/20230724_riparianshrub32_m3m/ALDE/tile_22018.png,0
arctic_vegetation/20230724_riparianshrub32_m3m/ALDE/tile_22019.png,0
arctic_vegetation/20230724_riparianshrub32_m3m/ALDE/tile_22020.png,0
arctic_vegetation/20230724_riparianshrub32_m3m/ALDE/tile_22021.png,0
arctic_vegetation/20230724_riparianshrub32_m3m/ALDE/tile_22022.png,0
arctic_vegetation/20230724_riparianshrub32_m3m/ALDE/tile_22023.png,0
arctic_vegetation/20230724_riparianshrub32_m3m/WILL/tile_22024.png,11
arctic_vegetation/20230724_riparianshrub32_m3m/WILL/tile_22025.png,11
arctic_vegetation/20230724_riparianshrub32_m3m/WILL/tile_22026.png,11
arctic_vegetation/20230724_riparianshrub32_m3m/SEDG/tile_22027.png,9
arctic_vegetation/20230724_riparianshrub32_m3m/SEDG/tile_22028.png,9
arctic_vegetation/20230724_riparianshrub32_m3m/SEDG/tile_22029.png,9
arctic_vegetation/20230724_riparianshrub32_m3m/SEDG/tile_22030.png,9
arctic_vegetation/20230724_riparianshrub32_m3m/SEDG/tile_22031.png,9
arctic_vegetation/20230724_riparianshrub32_m3m/SEDG/tile_22032.png,9
arctic_vegetation/20230724_riparianshrub32_m3m/SEDG/tile_22033.png,9
arctic_vegetation/20230724_riparianshrub32_m3m/SEDG/tile_22034.png,9
arctic_vegetation/20230724_riparianshrub32_m3m/SEDG/tile_22035.png,9
arctic_vegetation/20230724_riparianshrub32_m3m/SEDG/tile_22036.png,9
arctic_vegetation/20230724_riparianshrub32_m3m/SEDG/tile_22037.png,9
arctic_vegetation/20230724_riparianshrub32_m3m/SEDG/tile_22038.png,9
arctic_vegetation/20230724_riparianshrub32_m3m/ALDE/tile_22182.png,0
arctic_vegetation/20230724_riparianshrub32_m3m/ALDE/tile_22183.png,0
arctic_vegetation/20230724_riparianshrub32_m3m/ALDE/tile_22184.png,0
arctic_vegetation/20230724_riparianshrub32_m3m/ALDE/tile_22185.png,0
arctic_vegetation/20230724_riparianshrub32_m3m/ALDE/tile_22186.png,0
arctic_vegetation/20230724_riparianshrub32_m3m/ALDE/tile_22187.png,0
arctic_vegetation/20230724_riparianshrub32_m3m/ALDE/tile_22188.png,0
arctic_vegetation/20230724_riparianshrub32_m3m/ALDE/tile_22189.png,0
arctic_vegetation/20230724_riparianshrub32_m3m/ALDE/tile_22190.png,0
arctic_vegetation/20230724_riparianshrub32_m3m/WILL/tile_22191.png,11
arctic_vegetation/20230724_riparianshrub32_m3m/ALDE/tile_22192.png,0
arctic_vegetation/20230724_riparianshrub32_m3m/ALDE/tile_22193.png,0
arctic_vegetation/20230724_riparianshrub32_m3m/ALDE/tile_22194.png,0
arctic_vegetation/20230724_riparianshrub32_m3m/ALDE/tile_22195.png,0
arctic_vegetation/20230724_riparianshrub32_m3m/WILL/tile_22196.png,11
arctic_vegetation/20230724_riparianshrub32_m3m/WILL/tile_22197.png,11
arctic_vegetation/20230724_riparianshrub32_m3m/PETF/tile_22198.png,6
arctic_vegetation/20230724_riparianshrub32_m3m/ALDE/tile_22200.png,0
arctic_vegetation/20230724_riparianshrub32_m3m/SEDG/tile_22201.png,9
arctic_vegetation/20230724_riparianshrub32_m3m/SEDG/tile_22202.png,9
arctic_vegetation/20230724_riparianshrub32_m3m/SEDG/tile_22203.png,9
arctic_vegetation/20230724_riparianshrub32_m3m/SEDG/tile_22204.png,9
arctic_vegetation/20230724_riparianshrub32_m3m/SEDG/tile_22205.png,9
arctic_vegetation/20230724_riparianshrub32_m3m/SEDG/tile_22206.png,9
arctic_vegetation/20230724_riparianshrub32_m3m/SEDG/tile_22207.png,9
arctic_vegetation/20230724_riparianshrub32_m3m/SEDG/tile_22208.png,9
arctic_vegetation/20230724_riparianshrub32_m3m/ALDE/tile_22351.png,0
arctic_vegetation/20230724_riparianshrub32_m3m/ALDE/tile_22352.png,0
arctic_vegetation/20230724_riparianshrub32_m3m/ALDE/tile_22353.png,0
arctic_vegetation/20230724_riparianshrub32_m3m/ALDE/tile_22354.png,0
arctic_vegetation/20230724_riparianshrub32_m3m/ALDE/tile_22355.png,0
arctic_vegetation/20230724_riparianshrub32_m3m/ALDE/tile_22356.png,0
arctic_vegetation/20230724_riparianshrub32_m3m/ALDE/tile_22357.png,0
arctic_vegetation/20230724_riparianshrub32_m3m/ALDE/tile_22358.png,0
arctic_vegetation/20230724_riparianshrub32_m3m/ALDE/tile_22359.png,0
arctic_vegetation/20230724_riparianshrub32_m3m/ALDE/tile_22360.png,0
arctic_vegetation/20230724_riparianshrub32_m3m/ALDE/tile_22361.png,0
arctic_vegetation/20230724_riparianshrub32_m3m/ALDE/tile_22362.png,0
arctic_vegetation/20230724_riparianshrub32_m3m/ALDE/tile_22363.png,0
arctic_vegetation/20230724_riparianshrub32_m3m/ALDE/tile_22364.png,0
arctic_vegetation/20230724_riparianshrub32_m3m/PETF/tile_22366.png,6
arctic_vegetation/20230724_riparianshrub32_m3m/PETF/tile_22367.png,6
arctic_vegetation/20230724_riparianshrub32_m3m/PETF/tile_22368.png,6
arctic_vegetation/20230724_riparianshrub32_m3m/ALDE/tile_22369.png,0
arctic_vegetation/20230724_riparianshrub32_m3m/ALDE/tile_22370.png,0
arctic_vegetation/20230724_riparianshrub32_m3m/ALDE/tile_22371.png,0
arctic_vegetation/20230724_riparianshrub32_m3m/ALDE/tile_22372.png,0
arctic_vegetation/20230724_riparianshrub32_m3m/ALDE/tile_22373.png,0
arctic_vegetation/20230724_riparianshrub32_m3m/SEDG/tile_22375.png,9
arctic_vegetation/20230724_riparianshrub32_m3m/SEDG/tile_22376.png,9
arctic_vegetation/20230724_riparianshrub32_m3m/SEDG/tile_22377.png,9
arctic_vegetation/20230724_riparianshrub32_m3m/ALDE/tile_22520.png,0
arctic_vegetation/20230724_riparianshrub32_m3m/ALDE/tile_22521.png,0
arctic_vegetation/20230724_riparianshrub32_m3m/ALDE/tile_22522.png,0
arctic_vegetation/20230724_riparianshrub32_m3m/ALDE/tile_22523.png,0
arctic_vegetation/20230724_riparianshrub32_m3m/ALDE/tile_22524.png,0
arctic_vegetation/20230724_riparianshrub32_m3m/ALDE/tile_22525.png,0
arctic_vegetation/20230724_riparianshrub32_m3m/ALDE/tile_22526.png,0
arctic_vegetation/20230724_riparianshrub32_m3m/ALDE/tile_22528.png,0
arctic_vegetation/20230724_riparianshrub32_m3m/ALDE/tile_22529.png,0
arctic_vegetation/20230724_riparianshrub32_m3m/ALDE/tile_22530.png,0
arctic_vegetation/20230724_riparianshrub32_m3m/ALDE/tile_22531.png,0
arctic_vegetation/20230724_riparianshrub32_m3m/ALDE/tile_22532.png,0
arctic_vegetation/20230724_riparianshrub32_m3m/ALDE/tile_22533.png,0
arctic_vegetation/20230724_riparianshrub32_m3m/ALDE/tile_22534.png,0
arctic_vegetation/20230724_riparianshrub32_m3m/ALDE/tile_22535.png,0
arctic_vegetation/20230724_riparianshrub32_m3m/PETF/tile_22536.png,6
arctic_vegetation/20230724_riparianshrub32_m3m/PETF/tile_22537.png,6
arctic_vegetation/20230724_riparianshrub32_m3m/PETF/tile_22538.png,6
arctic_vegetation/20230724_riparianshrub32_m3m/PETF/tile_22539.png,6
arctic_vegetation/20230724_riparianshrub32_m3m/ALDE/tile_22540.png,0
arctic_vegetation/20230724_riparianshrub32_m3m/ALDE/tile_22541.png,0
arctic_vegetation/20230724_riparianshrub32_m3m/ALDE/tile_22542.png,0
arctic_vegetation/20230724_riparianshrub32_m3m/ALDE/tile_22691.png,0
arctic_vegetation/20230724_riparianshrub32_m3m/ALDE/tile_22692.png,0
arctic_vegetation/20230724_riparianshrub32_m3m/ALDE/tile_22693.png,0
arctic_vegetation/20230724_riparianshrub32_m3m/ALDE/tile_22694.png,0
arctic_vegetation/20230724_riparianshrub32_m3m/ALDE/tile_22695.png,0
arctic_vegetation/20230724_riparianshrub32_m3m/ALDE/tile_22696.png,0
arctic_vegetation/20230724_riparianshrub32_m3m/ALDE/tile_22698.png,0
arctic_vegetation/20230724_riparianshrub32_m3m/ALDE/tile_22699.png,0
arctic_vegetation/20230724_riparianshrub32_m3m/ALDE/tile_22700.png,0
arctic_vegetation/20230724_riparianshrub32_m3m/ALDE/tile_22701.png,0
arctic_vegetation/20230724_riparianshrub32_m3m/ALDE/tile_22702.png,0
arctic_vegetation/20230724_riparianshrub32_m3m/ALDE/tile_22703.png,0
arctic_vegetation/20230724_riparianshrub32_m3m/ALDE/tile_22704.png,0
arctic_vegetation/20230724_riparianshrub32_m3m/ALDE/tile_22705.png,0
arctic_vegetation/20230724_riparianshrub32_m3m/ALDE/tile_22706.png,0
arctic_vegetation/20230724_riparianshrub32_m3m/PETF/tile_22707.png,6
arctic_vegetation/20230724_riparianshrub32_m3m/PETF/tile_22709.png,6
arctic_vegetation/20230724_riparianshrub32_m3m/PETF/tile_22710.png,6
arctic_vegetation/20230724_riparianshrub32_m3m/PETF/tile_22711.png,6
arctic_vegetation/20230724_riparianshrub32_m3m/ALDE/tile_22871.png,0
arctic_vegetation/20230724_riparianshrub32_m3m/ALDE/tile_22872.png,0
arctic_vegetation/20230724_riparianshrub32_m3m/ALDE/tile_22873.png,0
arctic_vegetation/20230724_riparianshrub32_m3m/ALDE/tile_22874.png,0
arctic_vegetation/20230724_riparianshrub32_m3m/ALDE/tile_22875.png,0
arctic_vegetation/20230724_riparianshrub32_m3m/ALDE/tile_22876.png,0
arctic_vegetation/20230724_riparianshrub32_m3m/ALDE/tile_22877.png,0
arctic_vegetation/20230724_riparianshrub32_m3m/ALDE/tile_22878.png,0
arctic_vegetation/20230724_riparianshrub32_m3m/PETF/tile_22880.png,6
arctic_vegetation/20230724_riparianshrub32_m3m/PETF/tile_22881.png,6
arctic_vegetation/20230724_riparianshrub32_m3m/PETF/tile_22882.png,6
arctic_vegetation/20230724_riparianshrub32_m3m/PETF/tile_22883.png,6
arctic_vegetation/20230724_riparianshrub32_m3m/PETF/tile_22884.png,6
arctic_vegetation/20230724_riparianshrub32_m3m/PETF/tile_22886.png,6
arctic_vegetation/20230724_riparianshrub32_m3m/PETF/tile_22887.png,6
arctic_vegetation/20230724_riparianshrub32_m3m/ALDE/tile_23042.png,0
arctic_vegetation/20230724_riparianshrub32_m3m/ALDE/tile_23043.png,0
arctic_vegetation/20230724_riparianshrub32_m3m/ALDE/tile_23044.png,0
arctic_vegetation/20230724_riparianshrub32_m3m/ALDE/tile_23045.png,0
arctic_vegetation/20230724_riparianshrub32_m3m/ALDE/tile_23046.png,0
arctic_vegetation/20230724_riparianshrub32_m3m/ALDE/tile_23047.png,0
arctic_vegetation/20230724_riparianshrub32_m3m/ALDE/tile_23048.png,0
arctic_vegetation/20230724_riparianshrub32_m3m/ALDE/tile_23049.png,0
arctic_vegetation/20230724_riparianshrub32_m3m/PETF/tile_23052.png,6
arctic_vegetation/20230724_riparianshrub32_m3m/PETF/tile_23053.png,6
arctic_vegetation/20230724_riparianshrub32_m3m/PETF/tile_23054.png,6
arctic_vegetation/20230724_riparianshrub32_m3m/PETF/tile_23055.png,6
arctic_vegetation/20230724_riparianshrub32_m3m/PETF/tile_23057.png,6
arctic_vegetation/20230724_riparianshrub32_m3m/PETF/tile_23058.png,6
arctic_vegetation/20230724_riparianshrub32_m3m/PETF/tile_23059.png,6
arctic_vegetation/20230724_riparianshrub32_m3m/ALDE/tile_23214.png,0
arctic_vegetation/20230724_riparianshrub32_m3m/ALDE/tile_23215.png,0
arctic_vegetation/20230724_riparianshrub32_m3m/ALDE/tile_23216.png,0
arctic_vegetation/20230724_riparianshrub32_m3m/ALDE/tile_23217.png,0
arctic_vegetation/20230724_riparianshrub32_m3m/ALDE/tile_23218.png,0
arctic_vegetation/20230724_riparianshrub32_m3m/ALDE/tile_23219.png,0
arctic_vegetation/20230724_riparianshrub32_m3m/ALDE/tile_23220.png,0
arctic_vegetation/20230724_riparianshrub32_m3m/ALDE/tile_23221.png,0
arctic_vegetation/20230724_riparianshrub32_m3m/PETF/tile_23224.png,6
arctic_vegetation/20230724_riparianshrub32_m3m/PETF/tile_23225.png,6
arctic_vegetation/20230724_riparianshrub32_m3m/PETF/tile_23226.png,6
arctic_vegetation/20230724_riparianshrub32_m3m/PETF/tile_23227.png,6
arctic_vegetation/20230724_riparianshrub32_m3m/PETF/tile_23228.png,6
arctic_vegetation/20230724_riparianshrub32_m3m/PETF/tile_23229.png,6
arctic_vegetation/20230724_riparianshrub32_m3m/PETF/tile_23230.png,6
arctic_vegetation/20230724_riparianshrub32_m3m/PETF/tile_23231.png,6
arctic_vegetation/20230724_riparianshrub32_m3m/ALDE/tile_23386.png,0
arctic_vegetation/20230724_riparianshrub32_m3m/ALDE/tile_23387.png,0
arctic_vegetation/20230724_riparianshrub32_m3m/ALDE/tile_23388.png,0
arctic_vegetation/20230724_riparianshrub32_m3m/ALDE/tile_23389.png,0
arctic_vegetation/20230724_riparianshrub32_m3m/ALDE/tile_23390.png,0
arctic_vegetation/20230724_riparianshrub32_m3m/ALDE/tile_23391.png,0
arctic_vegetation/20230724_riparianshrub32_m3m/ALDE/tile_23392.png,0
arctic_vegetation/20230724_riparianshrub32_m3m/ALDE/tile_23393.png,0
arctic_vegetation/20230724_riparianshrub32_m3m/PETF/tile_23394.png,6
arctic_vegetation/20230724_riparianshrub32_m3m/PETF/tile_23396.png,6
arctic_vegetation/20230724_riparianshrub32_m3m/PETF/tile_23397.png,6
arctic_vegetation/20230724_riparianshrub32_m3m/PETF/tile_23398.png,6
arctic_vegetation/20230724_riparianshrub32_m3m/PETF/tile_23399.png,6
arctic_vegetation/20230724_riparianshrub32_m3m/PETF/tile_23400.png,6
arctic_vegetation/20230724_riparianshrub32_m3m/PETF/tile_23401.png,6
arctic_vegetation/20230724_riparianshrub32_m3m/PETF/tile_23402.png,6
arctic_vegetation/20230724_riparianshrub32_m3m/LICH/tile_23559.png,4
arctic_vegetation/20230724_riparianshrub32_m3m/ALDE/tile_23560.png,0
arctic_vegetation/20230724_riparianshrub32_m3m/ALDE/tile_23561.png,0
arctic_vegetation/20230724_riparianshrub32_m3m/ALDE/tile_23562.png,0
arctic_vegetation/20230724_riparianshrub32_m3m/ALDE/tile_23563.png,0
arctic_vegetation/20230724_riparianshrub32_m3m/ALDE/tile_23564.png,0
arctic_vegetation/20230724_riparianshrub32_m3m/ALDE/tile_23565.png,0
arctic_vegetation/20230724_riparianshrub32_m3m/PETF/tile_23566.png,6
arctic_vegetation/20230724_riparianshrub32_m3m/PETF/tile_23567.png,6
arctic_vegetation/20230724_riparianshrub32_m3m/PETF/tile_23568.png,6
arctic_vegetation/20230724_riparianshrub32_m3m/PETF/tile_23569.png,6
arctic_vegetation/20230724_riparianshrub32_m3m/PETF/tile_23570.png,6
arctic_vegetation/20230724_riparianshrub32_m3m/PETF/tile_23571.png,6
arctic_vegetation/20230724_riparianshrub32_m3m/PETF/tile_23572.png,6
arctic_vegetation/20230724_riparianshrub32_m3m/PETF/tile_23573.png,6
arctic_vegetation/20230724_riparianshrub32_m3m/PETF/tile_23574.png,6
arctic_vegetation/20230724_riparianshrub32_m3m/PETF/tile_23575.png,6
arctic_vegetation/20230724_riparianshrub32_m3m/LICH/tile_23733.png,4
arctic_vegetation/20230724_riparianshrub32_m3m/ALDE/tile_23734.png,0
arctic_vegetation/20230724_riparianshrub32_m3m/ALDE/tile_23735.png,0
arctic_vegetation/20230724_riparianshrub32_m3m/ALDE/tile_23736.png,0
arctic_vegetation/20230724_riparianshrub32_m3m/ALDE/tile_23737.png,0
arctic_vegetation/20230724_riparianshrub32_m3m/ALDE/tile_23738.png,0
arctic_vegetation/20230724_riparianshrub32_m3m/ALDE/tile_23739.png,0
arctic_vegetation/20230724_riparianshrub32_m3m/PETF/tile_23740.png,6
arctic_vegetation/20230724_riparianshrub32_m3m/PETF/tile_23741.png,6
arctic_vegetation/20230724_riparianshrub32_m3m/PETF/tile_23742.png,6
arctic_vegetation/20230724_riparianshrub32_m3m/PETF/tile_23743.png,6
arctic_vegetation/20230724_riparianshrub32_m3m/PETF/tile_23744.png,6
arctic_vegetation/20230724_riparianshrub32_m3m/PETF/tile_23745.png,6
arctic_vegetation/20230724_riparianshrub32_m3m/PETF/tile_23746.png,6
arctic_vegetation/20230724_riparianshrub32_m3m/PETF/tile_23747.png,6
arctic_vegetation/20230724_riparianshrub32_m3m/PETF/tile_23749.png,6
arctic_vegetation/20230724_riparianshrub32_m3m/PETF/tile_23750.png,6
arctic_vegetation/20230724_riparianshrub32_m3m/LICH/tile_23907.png,4
arctic_vegetation/20230724_riparianshrub32_m3m/LICH/tile_23908.png,4
arctic_vegetation/20230724_riparianshrub32_m3m/LICH/tile_23909.png,4
arctic_vegetation/20230724_riparianshrub32_m3m/LICH/tile_23910.png,4
arctic_vegetation/20230724_riparianshrub32_m3m/LICH/tile_23911.png,4
arctic_vegetation/20230724_riparianshrub32_m3m/PETF/tile_23914.png,6
arctic_vegetation/20230724_riparianshrub32_m3m/PETF/tile_23915.png,6
arctic_vegetation/20230724_riparianshrub32_m3m/PETF/tile_23916.png,6
arctic_vegetation/20230724_riparianshrub32_m3m/PETF/tile_23917.png,6
arctic_vegetation/20230724_riparianshrub32_m3m/PETF/tile_23918.png,6
arctic_vegetation/20230724_riparianshrub32_m3m/PETF/tile_23919.png,6
arctic_vegetation/20230724_riparianshrub32_m3m/PETF/tile_23920.png,6
arctic_vegetation/20230724_riparianshrub32_m3m/PETF/tile_23921.png,6
arctic_vegetation/20230724_riparianshrub32_m3m/PETF/tile_23923.png,6
arctic_vegetation/20230724_riparianshrub32_m3m/PETF/tile_23924.png,6
arctic_vegetation/20230724_riparianshrub32_m3m/LICH/tile_24082.png,4
arctic_vegetation/20230724_riparianshrub32_m3m/LICH/tile_24083.png,4
arctic_vegetation/20230724_riparianshrub32_m3m/LICH/tile_24084.png,4
arctic_vegetation/20230724_riparianshrub32_m3m/LICH/tile_24085.png,4
arctic_vegetation/20230724_riparianshrub32_m3m/LICH/tile_24086.png,4
arctic_vegetation/20230724_riparianshrub32_m3m/PETF/tile_24089.png,6
arctic_vegetation/20230724_riparianshrub32_m3m/PETF/tile_24090.png,6
arctic_vegetation/20230724_riparianshrub32_m3m/LICH/tile_24091.png,4
arctic_vegetation/20230724_riparianshrub32_m3m/LICH/tile_24092.png,4
arctic_vegetation/20230724_riparianshrub32_m3m/PETF/tile_24098.png,6
arctic_vegetation/20230724_riparianshrub32_m3m/PETF/tile_24099.png,6
arctic_vegetation/20230724_polygon29_m3m/WILL/tile_08030.png,11
arctic_vegetation/20230724_polygon29_m3m/WILL/tile_08031.png,11
arctic_vegetation/20230724_polygon29_m3m/WILL/tile_08032.png,11
arctic_vegetation/20230724_polygon29_m3m/WILL/tile_08033.png,11
arctic_vegetation/20230724_polygon29_m3m/WILL/tile_08034.png,11
arctic_vegetation/20230724_polygon29_m3m/BIRC/tile_08035.png,2
arctic_vegetation/20230724_polygon29_m3m/TUSS/tile_08036.png,10
arctic_vegetation/20230724_polygon29_m3m/TUSS/tile_08037.png,10
arctic_vegetation/20230724_polygon29_m3m/TUSS/tile_08038.png,10
arctic_vegetation/20230724_polygon29_m3m/TUSS/tile_08039.png,10
arctic_vegetation/20230724_polygon29_m3m/LICH/tile_08040.png,4
arctic_vegetation/20230724_polygon29_m3m/LICH/tile_08041.png,4
arctic_vegetation/20230724_polygon29_m3m/WILL/tile_08239.png,11
arctic_vegetation/20230724_polygon29_m3m/WILL/tile_08240.png,11
arctic_vegetation/20230724_polygon29_m3m/WILL/tile_08241.png,11
arctic_vegetation/20230724_polygon29_m3m/WILL/tile_08242.png,11
arctic_vegetation/20230724_polygon29_m3m/WILL/tile_08243.png,11
arctic_vegetation/20230724_polygon29_m3m/WILL/tile_08244.png,11
arctic_vegetation/20230724_polygon29_m3m/TUSS/tile_08245.png,10
arctic_vegetation/20230724_polygon29_m3m/TUSS/tile_08246.png,10
arctic_vegetation/20230724_polygon29_m3m/TUSS/tile_08247.png,10
arctic_vegetation/20230724_polygon29_m3m/TUSS/tile_08248.png,10
arctic_vegetation/20230724_polygon29_m3m/LICH/tile_08249.png,4
arctic_vegetation/20230724_polygon29_m3m/LICH/tile_08250.png,4
arctic_vegetation/20230724_polygon29_m3m/WILL/tile_08448.png,11
arctic_vegetation/20230724_polygon29_m3m/WILL/tile_08449.png,11
arctic_vegetation/20230724_polygon29_m3m/WILL/tile_08450.png,11
arctic_vegetation/20230724_polygon29_m3m/WILL/tile_08451.png,11
arctic_vegetation/20230724_polygon29_m3m/WILL/tile_08452.png,11
arctic_vegetation/20230724_polygon29_m3m/WILL/tile_08453.png,11
arctic_vegetation/20230724_polygon29_m3m/TUSS/tile_08454.png,10
arctic_vegetation/20230724_polygon29_m3m/TUSS/tile_08455.png,10
arctic_vegetation/20230724_polygon29_m3m/TUSS/tile_08456.png,10
arctic_vegetation/20230724_polygon29_m3m/TUSS/tile_08457.png,10
arctic_vegetation/20230724_polygon29_m3m/TUSS/tile_08458.png,10
arctic_vegetation/20230724_polygon29_m3m/LICH/tile_08459.png,4
arctic_vegetation/20230724_polygon29_m3m/RUBC/tile_08466.png,8
arctic_vegetation/20230724_polygon29_m3m/RUBC/tile_08467.png,8
arctic_vegetation/20230724_polygon29_m3m/RUBC/tile_08468.png,8
arctic_vegetation/20230724_polygon29_m3m/LICH/tile_08469.png,4
arctic_vegetation/20230724_polygon29_m3m/LICH/tile_08470.png,4
arctic_vegetation/20230724_polygon29_m3m/LICH/tile_08471.png,4
arctic_vegetation/20230724_polygon29_m3m/WILL/tile_08656.png,11
arctic_vegetation/20230724_polygon29_m3m/WILL/tile_08657.png,11
arctic_vegetation/20230724_polygon29_m3m/BIRC/tile_08658.png,2
arctic_vegetation/20230724_polygon29_m3m/BIRC/tile_08659.png,2
arctic_vegetation/20230724_polygon29_m3m/BIRC/tile_08660.png,2
arctic_vegetation/20230724_polygon29_m3m/RUBC/tile_08662.png,8
arctic_vegetation/20230724_polygon29_m3m/RUBC/tile_08663.png,8
arctic_vegetation/20230724_polygon29_m3m/TUSS/tile_08664.png,10
arctic_vegetation/20230724_polygon29_m3m/TUSS/tile_08665.png,10
arctic_vegetation/20230724_polygon29_m3m/TUSS/tile_08666.png,10
arctic_vegetation/20230724_polygon29_m3m/LICH/tile_08667.png,4
arctic_vegetation/20230724_polygon29_m3m/RUBC/tile_08674.png,8
arctic_vegetation/20230724_polygon29_m3m/RUBC/tile_08675.png,8
arctic_vegetation/20230724_polygon29_m3m/RUBC/tile_08676.png,8
arctic_vegetation/20230724_polygon29_m3m/LICH/tile_08677.png,4
arctic_vegetation/20230724_polygon29_m3m/LICH/tile_08678.png,4
arctic_vegetation/20230724_polygon29_m3m/LICH/tile_08679.png,4
arctic_vegetation/20230724_polygon29_m3m/ALDE/tile_08760.png,0
arctic_vegetation/20230724_polygon29_m3m/ALDE/tile_08761.png,0
arctic_vegetation/20230724_polygon29_m3m/ALDE/tile_08762.png,0
arctic_vegetation/20230724_polygon29_m3m/ALDE/tile_08763.png,0
arctic_vegetation/20230724_polygon29_m3m/ALDE/tile_08764.png,0
arctic_vegetation/20230724_polygon29_m3m/WILL/tile_08865.png,11
arctic_vegetation/20230724_polygon29_m3m/WILL/tile_08866.png,11
arctic_vegetation/20230724_polygon29_m3m/BIRC/tile_08867.png,2
arctic_vegetation/20230724_polygon29_m3m/BIRC/tile_08868.png,2
arctic_vegetation/20230724_polygon29_m3m/BIRC/tile_08869.png,2
arctic_vegetation/20230724_polygon29_m3m/RUBC/tile_08871.png,8
arctic_vegetation/20230724_polygon29_m3m/RUBC/tile_08872.png,8
arctic_vegetation/20230724_polygon29_m3m/TUSS/tile_08873.png,10
arctic_vegetation/20230724_polygon29_m3m/TUSS/tile_08874.png,10
arctic_vegetation/20230724_polygon29_m3m/TUSS/tile_08875.png,10
arctic_vegetation/20230724_polygon29_m3m/LICH/tile_08876.png,4
arctic_vegetation/20230724_polygon29_m3m/RUBC/tile_08877.png,8
arctic_vegetation/20230724_polygon29_m3m/LICH/tile_08883.png,4
arctic_vegetation/20230724_polygon29_m3m/LICH/tile_08884.png,4
arctic_vegetation/20230724_polygon29_m3m/LICH/tile_08885.png,4
arctic_vegetation/20230724_polygon29_m3m/LICH/tile_08886.png,4
arctic_vegetation/20230724_polygon29_m3m/LICH/tile_08887.png,4
arctic_vegetation/20230724_polygon29_m3m/LICH/tile_08888.png,4
arctic_vegetation/20230724_polygon29_m3m/ALDE/tile_08969.png,0
arctic_vegetation/20230724_polygon29_m3m/ALDE/tile_08970.png,0
arctic_vegetation/20230724_polygon29_m3m/ALDE/tile_08971.png,0
arctic_vegetation/20230724_polygon29_m3m/ALDE/tile_08972.png,0
arctic_vegetation/20230724_polygon29_m3m/ALDE/tile_08973.png,0
arctic_vegetation/20230724_polygon29_m3m/BIRC/tile_09075.png,2
arctic_vegetation/20230724_polygon29_m3m/BIRC/tile_09076.png,2
arctic_vegetation/20230724_polygon29_m3m/BIRC/tile_09077.png,2
arctic_vegetation/20230724_polygon29_m3m/BIRC/tile_09078.png,2
arctic_vegetation/20230724_polygon29_m3m/RUBC/tile_09079.png,8
arctic_vegetation/20230724_polygon29_m3m/RUBC/tile_09080.png,8
arctic_vegetation/20230724_polygon29_m3m/RUBC/tile_09081.png,8
arctic_vegetation/20230724_polygon29_m3m/RUBC/tile_09084.png,8
arctic_vegetation/20230724_polygon29_m3m/RUBC/tile_09085.png,8
arctic_vegetation/20230724_polygon29_m3m/RUBC/tile_09086.png,8
arctic_vegetation/20230724_polygon29_m3m/RUBC/tile_09087.png,8
arctic_vegetation/20230724_polygon29_m3m/RUBC/tile_09088.png,8
arctic_vegetation/20230724_polygon29_m3m/LICH/tile_09092.png,4
arctic_vegetation/20230724_polygon29_m3m/LICH/tile_09093.png,4
arctic_vegetation/20230724_polygon29_m3m/LICH/tile_09094.png,4
arctic_vegetation/20230724_polygon29_m3m/LICH/tile_09095.png,4
arctic_vegetation/20230724_polygon29_m3m/LICH/tile_09096.png,4
arctic_vegetation/20230724_polygon29_m3m/LICH/tile_09097.png,4
arctic_vegetation/20230724_polygon29_m3m/ALDE/tile_09178.png,0
arctic_vegetation/20230724_polygon29_m3m/ALDE/tile_09179.png,0
arctic_vegetation/20230724_polygon29_m3m/ALDE/tile_09180.png,0
arctic_vegetation/20230724_polygon29_m3m/ALDE/tile_09181.png,0
arctic_vegetation/20230724_polygon29_m3m/ALDE/tile_09182.png,0
arctic_vegetation/20230724_polygon29_m3m/BIRC/tile_09283.png,2
arctic_vegetation/20230724_polygon29_m3m/BIRC/tile_09284.png,2
arctic_vegetation/20230724_polygon29_m3m/WILL/tile_09285.png,11
arctic_vegetation/20230724_polygon29_m3m/WILL/tile_09286.png,11
arctic_vegetation/20230724_polygon29_m3m/WILL/tile_09287.png,11
arctic_vegetation/20230724_polygon29_m3m/BIRC/tile_09288.png,2
arctic_vegetation/20230724_polygon29_m3m/BIRC/tile_09289.png,2
arctic_vegetation/20230724_polygon29_m3m/BIRC/tile_09290.png,2
arctic_vegetation/20230724_polygon29_m3m/BIRC/tile_09291.png,2
arctic_vegetation/20230724_polygon29_m3m/RUBC/tile_09293.png,8
arctic_vegetation/20230724_polygon29_m3m/RUBC/tile_09294.png,8
arctic_vegetation/20230724_polygon29_m3m/RUBC/tile_09295.png,8
arctic_vegetation/20230724_polygon29_m3m/RUBC/tile_09296.png,8
arctic_vegetation/20230724_polygon29_m3m/RUBC/tile_09297.png,8
arctic_vegetation/20230724_polygon29_m3m/LICH/tile_09301.png,4
arctic_vegetation/20230724_polygon29_m3m/LICH/tile_09302.png,4
arctic_vegetation/20230724_polygon29_m3m/LICH/tile_09303.png,4
arctic_vegetation/20230724_polygon29_m3m/LICH/tile_09304.png,4
arctic_vegetation/20230724_polygon29_m3m/LICH/tile_09305.png,4
arctic_vegetation/20230724_polygon29_m3m/LICH/tile_09306.png,4
arctic_vegetation/20230724_polygon29_m3m/ALDE/tile_09387.png,0
arctic_vegetation/20230724_polygon29_m3m/ALDE/tile_09388.png,0
arctic_vegetation/20230724_polygon29_m3m/ALDE/tile_09389.png,0
arctic_vegetation/20230724_polygon29_m3m/ALDE/tile_09390.png,0
arctic_vegetation/20230724_polygon29_m3m/ALDE/tile_09391.png,0
arctic_vegetation/20230724_polygon29_m3m/BIRC/tile_09492.png,2
arctic_vegetation/20230724_polygon29_m3m/BIRC/tile_09493.png,2
arctic_vegetation/20230724_polygon29_m3m/WILL/tile_09494.png,11
arctic_vegetation/20230724_polygon29_m3m/WILL/tile_09495.png,11
arctic_vegetation/20230724_polygon29_m3m/WILL/tile_09496.png,11
arctic_vegetation/20230724_polygon29_m3m/BIRC/tile_09497.png,2
arctic_vegetation/20230724_polygon29_m3m/BIRC/tile_09498.png,2
arctic_vegetation/20230724_polygon29_m3m/BIRC/tile_09499.png,2
arctic_vegetation/20230724_polygon29_m3m/BIRC/tile_09500.png,2
arctic_vegetation/20230724_polygon29_m3m/BIRC/tile_09502.png,2
arctic_vegetation/20230724_polygon29_m3m/BIRC/tile_09503.png,2
arctic_vegetation/20230724_polygon29_m3m/BIRC/tile_09504.png,2
arctic_vegetation/20230724_polygon29_m3m/RUBC/tile_09505.png,8
arctic_vegetation/20230724_polygon29_m3m/RUBC/tile_09506.png,8
arctic_vegetation/20230724_polygon29_m3m/LICH/tile_09510.png,4
arctic_vegetation/20230724_polygon29_m3m/LICH/tile_09511.png,4
arctic_vegetation/20230724_polygon29_m3m/LICH/tile_09512.png,4
arctic_vegetation/20230724_polygon29_m3m/LICH/tile_09513.png,4
arctic_vegetation/20230724_polygon29_m3m/LICH/tile_09514.png,4
arctic_vegetation/20230724_polygon29_m3m/LICH/tile_09515.png,4
arctic_vegetation/20230724_polygon29_m3m/WILL/tile_09701.png,11
arctic_vegetation/20230724_polygon29_m3m/WILL/tile_09702.png,11
arctic_vegetation/20230724_polygon29_m3m/WILL/tile_09703.png,11
arctic_vegetation/20230724_polygon29_m3m/WILL/tile_09704.png,11
arctic_vegetation/20230724_polygon29_m3m/BIRC/tile_09705.png,2
arctic_vegetation/20230724_polygon29_m3m/BIRC/tile_09706.png,2
arctic_vegetation/20230724_polygon29_m3m/BIRC/tile_09707.png,2
arctic_vegetation/20230724_polygon29_m3m/BIRC/tile_09708.png,2
arctic_vegetation/20230724_polygon29_m3m/BIRC/tile_09709.png,2
arctic_vegetation/20230724_polygon29_m3m/WILL/tile_09711.png,11
arctic_vegetation/20230724_polygon29_m3m/WILL/tile_09712.png,11
arctic_vegetation/20230724_polygon29_m3m/WILL/tile_09713.png,11
arctic_vegetation/20230724_polygon29_m3m/BIRC/tile_09714.png,2
arctic_vegetation/20230724_polygon29_m3m/BIRC/tile_09715.png,2
arctic_vegetation/20230724_polygon29_m3m/BIRC/tile_09716.png,2
arctic_vegetation/20230724_polygon29_m3m/BIRC/tile_09717.png,2
arctic_vegetation/20230724_polygon29_m3m/BIRC/tile_09718.png,2
arctic_vegetation/20230724_polygon29_m3m/LICH/tile_09719.png,4
arctic_vegetation/20230724_polygon29_m3m/LICH/tile_09720.png,4
arctic_vegetation/20230724_polygon29_m3m/LICH/tile_09721.png,4
arctic_vegetation/20230724_polygon29_m3m/LICH/tile_09722.png,4
arctic_vegetation/20230724_polygon29_m3m/LICH/tile_09723.png,4
arctic_vegetation/20230724_polygon29_m3m/LICH/tile_09724.png,4
arctic_vegetation/20230724_polygon29_m3m/WILL/tile_09910.png,11
arctic_vegetation/20230724_polygon29_m3m/WILL/tile_09911.png,11
arctic_vegetation/20230724_polygon29_m3m/WILL/tile_09912.png,11
arctic_vegetation/20230724_polygon29_m3m/WILL/tile_09913.png,11
arctic_vegetation/20230724_polygon29_m3m/BIRC/tile_09914.png,2
arctic_vegetation/20230724_polygon29_m3m/DRYI/tile_09915.png,3
arctic_vegetation/20230724_polygon29_m3m/BIRC/tile_09916.png,2
arctic_vegetation/20230724_polygon29_m3m/BIRC/tile_09917.png,2
arctic_vegetation/20230724_polygon29_m3m/BIRC/tile_09918.png,2
arctic_vegetation/20230724_polygon29_m3m/BIRC/tile_09919.png,2
arctic_vegetation/20230724_polygon29_m3m/BIRC/tile_09920.png,2
arctic_vegetation/20230724_polygon29_m3m/WILL/tile_09921.png,11
arctic_vegetation/20230724_polygon29_m3m/WILL/tile_09922.png,11
arctic_vegetation/20230724_polygon29_m3m/BIRC/tile_09923.png,2
arctic_vegetation/20230724_polygon29_m3m/BIRC/tile_09924.png,2
arctic_vegetation/20230724_polygon29_m3m/BIRC/tile_09925.png,2
arctic_vegetation/20230724_polygon29_m3m/BIRC/tile_09926.png,2
arctic_vegetation/20230724_polygon29_m3m/BIRC/tile_09927.png,2
arctic_vegetation/20230724_polygon29_m3m/BIRC/tile_09928.png,2
arctic_vegetation/20230724_polygon29_m3m/BIRC/tile_09929.png,2
arctic_vegetation/20230724_polygon29_m3m/BIRC/tile_09930.png,2
arctic_vegetation/20230724_polygon29_m3m/BIRC/tile_09931.png,2
arctic_vegetation/20230724_polygon29_m3m/BIRC/tile_09932.png,2
arctic_vegetation/20230724_polygon29_m3m/RUBC/tile_09933.png,8
arctic_vegetation/20230724_polygon29_m3m/RUBC/tile_09934.png,8
arctic_vegetation/20230724_polygon29_m3m/RUBC/tile_09935.png,8
arctic_vegetation/20230724_polygon29_m3m/RUBC/tile_09936.png,8
arctic_vegetation/20230724_polygon29_m3m/BIRC/tile_10119.png,2
arctic_vegetation/20230724_polygon29_m3m/WILL/tile_10120.png,11
arctic_vegetation/20230724_polygon29_m3m/WILL/tile_10121.png,11
arctic_vegetation/20230724_polygon29_m3m/WILL/tile_10122.png,11
arctic_vegetation/20230724_polygon29_m3m/WILL/tile_10123.png,11
arctic_vegetation/20230724_polygon29_m3m/DRYI/tile_10124.png,3
arctic_vegetation/20230724_polygon29_m3m/DRYI/tile_10125.png,3
arctic_vegetation/20230724_polygon29_m3m/BIRC/tile_10126.png,2
arctic_vegetation/20230724_polygon29_m3m/BIRC/tile_10127.png,2
arctic_vegetation/20230724_polygon29_m3m/BIRC/tile_10128.png,2
arctic_vegetation/20230724_polygon29_m3m/BIRC/tile_10129.png,2
arctic_vegetation/20230724_polygon29_m3m/WILL/tile_10130.png,11
arctic_vegetation/20230724_polygon29_m3m/WILL/tile_10131.png,11
arctic_vegetation/20230724_polygon29_m3m/BIRC/tile_10132.png,2
arctic_vegetation/20230724_polygon29_m3m/BIRC/tile_10133.png,2
arctic_vegetation/20230724_polygon29_m3m/BIRC/tile_10134.png,2
arctic_vegetation/20230724_polygon29_m3m/BIRC/tile_10135.png,2
arctic_vegetation/20230724_polygon29_m3m/RUBC/tile_10136.png,8
arctic_vegetation/20230724_polygon29_m3m/BIRC/tile_10137.png,2
arctic_vegetation/20230724_polygon29_m3m/BIRC/tile_10138.png,2
arctic_vegetation/20230724_polygon29_m3m/BIRC/tile_10139.png,2
arctic_vegetation/20230724_polygon29_m3m/BIRC/tile_10140.png,2
arctic_vegetation/20230724_polygon29_m3m/BIRC/tile_10141.png,2
arctic_vegetation/20230724_polygon29_m3m/RUBC/tile_10142.png,8
arctic_vegetation/20230724_polygon29_m3m/RUBC/tile_10143.png,8
arctic_vegetation/20230724_polygon29_m3m/RUBC/tile_10144.png,8
arctic_vegetation/20230724_polygon29_m3m/RUBC/tile_10145.png,8
arctic_vegetation/20230724_polygon29_m3m/BIRC/tile_10328.png,2
arctic_vegetation/20230724_polygon29_m3m/BIRC/tile_10329.png,2
arctic_vegetation/20230724_polygon29_m3m/DRYI/tile_10333.png,3
arctic_vegetation/20230724_polygon29_m3m/DRYI/tile_10334.png,3
arctic_vegetation/20230724_polygon29_m3m/BIRC/tile_10335.png,2
arctic_vegetation/20230724_polygon29_m3m/BIRC/tile_10336.png,2
arctic_vegetation/20230724_polygon29_m3m/BIRC/tile_10337.png,2
arctic_vegetation/20230724_polygon29_m3m/BIRC/tile_10338.png,2
arctic_vegetation/20230724_polygon29_m3m/WILL/tile_10339.png,11
arctic_vegetation/20230724_polygon29_m3m/WILL/tile_10340.png,11
arctic_vegetation/20230724_polygon29_m3m/BIRC/tile_10341.png,2
arctic_vegetation/20230724_polygon29_m3m/BIRC/tile_10342.png,2
arctic_vegetation/20230724_polygon29_m3m/BIRC/tile_10343.png,2
arctic_vegetation/20230724_polygon29_m3m/BIRC/tile_10344.png,2
arctic_vegetation/20230724_polygon29_m3m/RUBC/tile_10345.png,8
arctic_vegetation/20230724_polygon29_m3m/RUBC/tile_10346.png,8
arctic_vegetation/20230724_polygon29_m3m/BIRC/tile_10347.png,2
arctic_vegetation/20230724_polygon29_m3m/BIRC/tile_10348.png,2
arctic_vegetation/20230724_polygon29_m3m/BIRC/tile_10349.png,2
arctic_vegetation/20230724_polygon29_m3m/BIRC/tile_10350.png,2
arctic_vegetation/20230724_polygon29_m3m/BIRC/tile_10353.png,2
arctic_vegetation/20230724_polygon29_m3m/BIRC/tile_10354.png,2
arctic_vegetation/20230724_polygon29_m3m/BIRC/tile_10544.png,2
arctic_vegetation/20230724_polygon29_m3m/BIRC/tile_10545.png,2
arctic_vegetation/20230724_polygon29_m3m/BIRC/tile_10546.png,2
arctic_vegetation/20230724_polygon29_m3m/BIRC/tile_10550.png,2
arctic_vegetation/20230724_polygon29_m3m/BIRC/tile_10551.png,2
arctic_vegetation/20230724_polygon29_m3m/BIRC/tile_10552.png,2
arctic_vegetation/20230724_polygon29_m3m/BIRC/tile_10553.png,2
arctic_vegetation/20230724_polygon29_m3m/BIRC/tile_10554.png,2
arctic_vegetation/20230724_polygon29_m3m/BIRC/tile_10555.png,2
arctic_vegetation/20230724_polygon29_m3m/BIRC/tile_10556.png,2
arctic_vegetation/20230724_polygon29_m3m/BIRC/tile_10557.png,2
arctic_vegetation/20230724_polygon29_m3m/BIRC/tile_10558.png,2
arctic_vegetation/20230724_polygon29_m3m/BIRC/tile_10559.png,2
arctic_vegetation/20230724_polygon29_m3m/BIRC/tile_10560.png,2
arctic_vegetation/20230724_polygon29_m3m/BIRC/tile_10561.png,2
arctic_vegetation/20230724_polygon29_m3m/BIRC/tile_10562.png,2
arctic_vegetation/20230724_polygon29_m3m/BIRC/tile_10563.png,2
arctic_vegetation/20230724_polygon29_m3m/SEDG/tile_10564.png,9
arctic_vegetation/20230724_polygon29_m3m/SEDG/tile_10565.png,9
arctic_vegetation/20230724_polygon29_m3m/SEDG/tile_10566.png,9
arctic_vegetation/20230724_polygon29_m3m/SEDG/tile_10567.png,9
arctic_vegetation/20230724_polygon29_m3m/RUBC/tile_10569.png,8
arctic_vegetation/20230724_polygon29_m3m/RUBC/tile_10570.png,8
arctic_vegetation/20230724_polygon29_m3m/BIRC/tile_10753.png,2
arctic_vegetation/20230724_polygon29_m3m/BIRC/tile_10754.png,2
arctic_vegetation/20230724_polygon29_m3m/BIRC/tile_10755.png,2
arctic_vegetation/20230724_polygon29_m3m/BIRC/tile_10763.png,2
arctic_vegetation/20230724_polygon29_m3m/BIRC/tile_10764.png,2
arctic_vegetation/20230724_polygon29_m3m/BIRC/tile_10765.png,2
arctic_vegetation/20230724_polygon29_m3m/BIRC/tile_10766.png,2
arctic_vegetation/20230724_polygon29_m3m/BIRC/tile_10768.png,2
arctic_vegetation/20230724_polygon29_m3m/BIRC/tile_10769.png,2
arctic_vegetation/20230724_polygon29_m3m/BIRC/tile_10770.png,2
arctic_vegetation/20230724_polygon29_m3m/BIRC/tile_10771.png,2
arctic_vegetation/20230724_polygon29_m3m/BIRC/tile_10772.png,2
arctic_vegetation/20230724_polygon29_m3m/BIRC/tile_10773.png,2
arctic_vegetation/20230724_polygon29_m3m/BIRC/tile_10774.png,2
arctic_vegetation/20230724_polygon29_m3m/BIRC/tile_10775.png,2
arctic_vegetation/20230724_polygon29_m3m/BIRC/tile_10776.png,2
arctic_vegetation/20230724_polygon29_m3m/BIRC/tile_10777.png,2
arctic_vegetation/20230724_polygon29_m3m/RUBC/tile_10778.png,8
arctic_vegetation/20230724_polygon29_m3m/RUBC/tile_10779.png,8
arctic_vegetation/20230724_polygon29_m3m/LICH/tile_10795.png,4
arctic_vegetation/20230724_polygon29_m3m/LICH/tile_10796.png,4
arctic_vegetation/20230724_polygon29_m3m/LICH/tile_10797.png,4
arctic_vegetation/20230724_polygon29_m3m/LICH/tile_10798.png,4
arctic_vegetation/20230724_polygon29_m3m/LICH/tile_10799.png,4
arctic_vegetation/20230724_polygon29_m3m/LICH/tile_10800.png,4
arctic_vegetation/20230724_polygon29_m3m/LICH/tile_10801.png,4
arctic_vegetation/20230724_polygon29_m3m/LICH/tile_10802.png,4
arctic_vegetation/20230724_polygon29_m3m/LICH/tile_10803.png,4
arctic_vegetation/20230724_polygon29_m3m/WILL/tile_10973.png,11
arctic_vegetation/20230724_polygon29_m3m/WILL/tile_10974.png,11
arctic_vegetation/20230724_polygon29_m3m/WILL/tile_10975.png,11
arctic_vegetation/20230724_polygon29_m3m/BIRC/tile_10977.png,2
arctic_vegetation/20230724_polygon29_m3m/BIRC/tile_10978.png,2
arctic_vegetation/20230724_polygon29_m3m/BIRC/tile_10980.png,2
arctic_vegetation/20230724_polygon29_m3m/BIRC/tile_10981.png,2
arctic_vegetation/20230724_polygon29_m3m/BIRC/tile_10982.png,2
arctic_vegetation/20230724_polygon29_m3m/BIRC/tile_10983.png,2
arctic_vegetation/20230724_polygon29_m3m/BIRC/tile_10984.png,2
arctic_vegetation/20230724_polygon29_m3m/BIRC/tile_10985.png,2
arctic_vegetation/20230724_polygon29_m3m/BIRC/tile_10986.png,2
arctic_vegetation/20230724_polygon29_m3m/BIRC/tile_10987.png,2
arctic_vegetation/20230724_polygon29_m3m/RUBC/tile_10988.png,8
arctic_vegetation/20230724_polygon29_m3m/LICH/tile_11004.png,4
arctic_vegetation/20230724_polygon29_m3m/LICH/tile_11005.png,4
arctic_vegetation/20230724_polygon29_m3m/LICH/tile_11006.png,4
arctic_vegetation/20230724_polygon29_m3m/LICH/tile_11007.png,4
arctic_vegetation/20230724_polygon29_m3m/LICH/tile_11008.png,4
arctic_vegetation/20230724_polygon29_m3m/LICH/tile_11009.png,4
arctic_vegetation/20230724_polygon29_m3m/LICH/tile_11010.png,4
arctic_vegetation/20230724_polygon29_m3m/LICH/tile_11011.png,4
arctic_vegetation/20230724_polygon29_m3m/LICH/tile_11012.png,4
arctic_vegetation/20230724_polygon29_m3m/BIRC/tile_11169.png,2
arctic_vegetation/20230724_polygon29_m3m/BIRC/tile_11170.png,2
arctic_vegetation/20230724_polygon29_m3m/BIRC/tile_11171.png,2
arctic_vegetation/20230724_polygon29_m3m/BIRC/tile_11172.png,2
arctic_vegetation/20230724_polygon29_m3m/BIRC/tile_11173.png,2
arctic_vegetation/20230724_polygon29_m3m/BIRC/tile_11174.png,2
arctic_vegetation/20230724_polygon29_m3m/DRYI/tile_11175.png,3
arctic_vegetation/20230724_polygon29_m3m/DRYI/tile_11176.png,3
arctic_vegetation/20230724_polygon29_m3m/DRYI/tile_11177.png,3
arctic_vegetation/20230724_polygon29_m3m/RUBC/tile_11178.png,8
arctic_vegetation/20230724_polygon29_m3m/RUBC/tile_11179.png,8
arctic_vegetation/20230724_polygon29_m3m/BIRC/tile_11189.png,2
arctic_vegetation/20230724_polygon29_m3m/BIRC/tile_11190.png,2
arctic_vegetation/20230724_polygon29_m3m/BIRC/tile_11191.png,2
arctic_vegetation/20230724_polygon29_m3m/BIRC/tile_11192.png,2
arctic_vegetation/20230724_polygon29_m3m/BIRC/tile_11193.png,2
arctic_vegetation/20230724_polygon29_m3m/BIRC/tile_11194.png,2
arctic_vegetation/20230724_polygon29_m3m/BIRC/tile_11195.png,2
arctic_vegetation/20230724_polygon29_m3m/BIRC/tile_11196.png,2
arctic_vegetation/20230724_polygon29_m3m/BIRC/tile_11197.png,2
arctic_vegetation/20230724_polygon29_m3m/BIRC/tile_11198.png,2
arctic_vegetation/20230724_polygon29_m3m/LICH/tile_11213.png,4
arctic_vegetation/20230724_polygon29_m3m/LICH/tile_11214.png,4
arctic_vegetation/20230724_polygon29_m3m/LICH/tile_11215.png,4
arctic_vegetation/20230724_polygon29_m3m/LICH/tile_11216.png,4
arctic_vegetation/20230724_polygon29_m3m/LICH/tile_11217.png,4
arctic_vegetation/20230724_polygon29_m3m/LICH/tile_11218.png,4
arctic_vegetation/20230724_polygon29_m3m/LICH/tile_11219.png,4
arctic_vegetation/20230724_polygon29_m3m/LICH/tile_11220.png,4
arctic_vegetation/20230724_polygon29_m3m/LICH/tile_11221.png,4
arctic_vegetation/20230724_polygon29_m3m/BIRC/tile_11378.png,2
arctic_vegetation/20230724_polygon29_m3m/BIRC/tile_11379.png,2
arctic_vegetation/20230724_polygon29_m3m/BIRC/tile_11380.png,2
arctic_vegetation/20230724_polygon29_m3m/BIRC/tile_11381.png,2
arctic_vegetation/20230724_polygon29_m3m/BIRC/tile_11382.png,2
arctic_vegetation/20230724_polygon29_m3m/BIRC/tile_11383.png,2
arctic_vegetation/20230724_polygon29_m3m/DRYI/tile_11384.png,3
arctic_vegetation/20230724_polygon29_m3m/DRYI/tile_11385.png,3
arctic_vegetation/20230724_polygon29_m3m/DRYI/tile_11386.png,3
arctic_vegetation/20230724_polygon29_m3m/RUBC/tile_11387.png,8
arctic_vegetation/20230724_polygon29_m3m/RUBC/tile_11388.png,8
arctic_vegetation/20230724_polygon29_m3m/BIRC/tile_11398.png,2
arctic_vegetation/20230724_polygon29_m3m/BIRC/tile_11399.png,2
arctic_vegetation/20230724_polygon29_m3m/BIRC/tile_11400.png,2
arctic_vegetation/20230724_polygon29_m3m/BIRC/tile_11401.png,2
arctic_vegetation/20230724_polygon29_m3m/BIRC/tile_11402.png,2
arctic_vegetation/20230724_polygon29_m3m/BIRC/tile_11403.png,2
arctic_vegetation/20230724_polygon29_m3m/BIRC/tile_11404.png,2
arctic_vegetation/20230724_polygon29_m3m/BIRC/tile_11405.png,2
arctic_vegetation/20230724_polygon29_m3m/BIRC/tile_11406.png,2
arctic_vegetation/20230724_polygon29_m3m/BIRC/tile_11407.png,2
arctic_vegetation/20230724_polygon29_m3m/SEDG/tile_11408.png,9
arctic_vegetation/20230724_polygon29_m3m/LICH/tile_11422.png,4
arctic_vegetation/20230724_polygon29_m3m/LICH/tile_11423.png,4
arctic_vegetation/20230724_polygon29_m3m/LICH/tile_11424.png,4
arctic_vegetation/20230724_polygon29_m3m/LICH/tile_11425.png,4
arctic_vegetation/20230724_polygon29_m3m/TUSS/tile_11426.png,10
arctic_vegetation/20230724_polygon29_m3m/LICH/tile_11427.png,4
arctic_vegetation/20230724_polygon29_m3m/LICH/tile_11428.png,4
arctic_vegetation/20230724_polygon29_m3m/LICH/tile_11429.png,4
arctic_vegetation/20230724_polygon29_m3m/LICH/tile_11430.png,4
arctic_vegetation/20230724_polygon29_m3m/LICH/tile_11484.png,4
arctic_vegetation/20230724_polygon29_m3m/LICH/tile_11485.png,4
arctic_vegetation/20230724_polygon29_m3m/LICH/tile_11486.png,4
arctic_vegetation/20230724_polygon29_m3m/LICH/tile_11487.png,4
arctic_vegetation/20230724_polygon29_m3m/LICH/tile_11488.png,4
arctic_vegetation/20230724_polygon29_m3m/LICH/tile_11489.png,4
arctic_vegetation/20230724_polygon29_m3m/LICH/tile_11490.png,4
arctic_vegetation/20230724_polygon29_m3m/LICH/tile_11491.png,4
arctic_vegetation/20230724_polygon29_m3m/LICH/tile_11492.png,4
arctic_vegetation/20230724_polygon29_m3m/LICH/tile_11493.png,4
arctic_vegetation/20230724_polygon29_m3m/TUSS/tile_11494.png,10
arctic_vegetation/20230724_polygon29_m3m/RUBC/tile_11586.png,8
arctic_vegetation/20230724_polygon29_m3m/BIRC/tile_11587.png,2
arctic_vegetation/20230724_polygon29_m3m/BIRC/tile_11588.png,2
arctic_vegetation/20230724_polygon29_m3m/LICH/tile_11589.png,4
arctic_vegetation/20230724_polygon29_m3m/LICH/tile_11590.png,4
arctic_vegetation/20230724_polygon29_m3m/BIRC/tile_11591.png,2
arctic_vegetation/20230724_polygon29_m3m/BIRC/tile_11592.png,2
arctic_vegetation/20230724_polygon29_m3m/DRYI/tile_11593.png,3
arctic_vegetation/20230724_polygon29_m3m/DRYI/tile_11594.png,3
arctic_vegetation/20230724_polygon29_m3m/DRYI/tile_11595.png,3
arctic_vegetation/20230724_polygon29_m3m/RUBC/tile_11596.png,8
arctic_vegetation/20230724_polygon29_m3m/RUBC/tile_11597.png,8
arctic_vegetation/20230724_polygon29_m3m/BIRC/tile_11607.png,2
arctic_vegetation/20230724_polygon29_m3m/BIRC/tile_11608.png,2
arctic_vegetation/20230724_polygon29_m3m/BIRC/tile_11609.png,2
arctic_vegetation/20230724_polygon29_m3m/BIRC/tile_11611.png,2
arctic_vegetation/20230724_polygon29_m3m/BIRC/tile_11612.png,2
arctic_vegetation/20230724_polygon29_m3m/BIRC/tile_11613.png,2
arctic_vegetation/20230724_polygon29_m3m/BIRC/tile_11614.png,2
arctic_vegetation/20230724_polygon29_m3m/BIRC/tile_11615.png,2
arctic_vegetation/20230724_polygon29_m3m/BIRC/tile_11616.png,2
arctic_vegetation/20230724_polygon29_m3m/SEDG/tile_11617.png,9
arctic_vegetation/20230724_polygon29_m3m/LICH/tile_11631.png,4
arctic_vegetation/20230724_polygon29_m3m/LICH/tile_11632.png,4
arctic_vegetation/20230724_polygon29_m3m/LICH/tile_11633.png,4
arctic_vegetation/20230724_polygon29_m3m/LICH/tile_11634.png,4
arctic_vegetation/20230724_polygon29_m3m/LICH/tile_11635.png,4
arctic_vegetation/20230724_polygon29_m3m/LICH/tile_11636.png,4
arctic_vegetation/20230724_polygon29_m3m/LICH/tile_11637.png,4
arctic_vegetation/20230724_polygon29_m3m/LICH/tile_11638.png,4
arctic_vegetation/20230724_polygon29_m3m/LICH/tile_11639.png,4
arctic_vegetation/20230724_polygon29_m3m/LICH/tile_11693.png,4
arctic_vegetation/20230724_polygon29_m3m/LICH/tile_11694.png,4
arctic_vegetation/20230724_polygon29_m3m/LICH/tile_11695.png,4
arctic_vegetation/20230724_polygon29_m3m/LICH/tile_11696.png,4
arctic_vegetation/20230724_polygon29_m3m/LICH/tile_11697.png,4
arctic_vegetation/20230724_polygon29_m3m/LICH/tile_11698.png,4
arctic_vegetation/20230724_polygon29_m3m/LICH/tile_11699.png,4
arctic_vegetation/20230724_polygon29_m3m/LICH/tile_11700.png,4
arctic_vegetation/20230724_polygon29_m3m/LICH/tile_11701.png,4
arctic_vegetation/20230724_polygon29_m3m/LICH/tile_11702.png,4
arctic_vegetation/20230724_polygon29_m3m/LICH/tile_11703.png,4
arctic_vegetation/20230724_polygon29_m3m/RUBC/tile_11793.png,8
arctic_vegetation/20230724_polygon29_m3m/DRYI/tile_11794.png,3
arctic_vegetation/20230724_polygon29_m3m/DRYI/tile_11795.png,3
arctic_vegetation/20230724_polygon29_m3m/BIRC/tile_11796.png,2
arctic_vegetation/20230724_polygon29_m3m/LICH/tile_11797.png,4
arctic_vegetation/20230724_polygon29_m3m/LICH/tile_11798.png,4
arctic_vegetation/20230724_polygon29_m3m/LICH/tile_11799.png,4
arctic_vegetation/20230724_polygon29_m3m/LICH/tile_11800.png,4
arctic_vegetation/20230724_polygon29_m3m/BIRC/tile_11801.png,2
arctic_vegetation/20230724_polygon29_m3m/BIRC/tile_11802.png,2
arctic_vegetation/20230724_polygon29_m3m/DRYI/tile_11803.png,3
arctic_vegetation/20230724_polygon29_m3m/DRYI/tile_11804.png,3
arctic_vegetation/20230724_polygon29_m3m/RUBC/tile_11821.png,8
arctic_vegetation/20230724_polygon29_m3m/RUBC/tile_11822.png,8
arctic_vegetation/20230724_polygon29_m3m/SEDG/tile_11823.png,9
arctic_vegetation/20230724_polygon29_m3m/SEDG/tile_11824.png,9
arctic_vegetation/20230724_polygon29_m3m/SEDG/tile_11825.png,9
arctic_vegetation/20230724_polygon29_m3m/LICH/tile_11840.png,4
arctic_vegetation/20230724_polygon29_m3m/LICH/tile_11841.png,4
arctic_vegetation/20230724_polygon29_m3m/LICH/tile_11842.png,4
arctic_vegetation/20230724_polygon29_m3m/LICH/tile_11843.png,4
arctic_vegetation/20230724_polygon29_m3m/LICH/tile_11844.png,4
arctic_vegetation/20230724_polygon29_m3m/LICH/tile_11845.png,4
arctic_vegetation/20230724_polygon29_m3m/LICH/tile_11846.png,4
arctic_vegetation/20230724_polygon29_m3m/LICH/tile_11847.png,4
arctic_vegetation/20230724_polygon29_m3m/LICH/tile_11848.png,4
arctic_vegetation/20230724_polygon29_m3m/LICH/tile_11901.png,4
arctic_vegetation/20230724_polygon29_m3m/LICH/tile_11902.png,4
arctic_vegetation/20230724_polygon29_m3m/LICH/tile_11903.png,4
arctic_vegetation/20230724_polygon29_m3m/LICH/tile_11904.png,4
arctic_vegetation/20230724_polygon29_m3m/LICH/tile_11905.png,4
arctic_vegetation/20230724_polygon29_m3m/LICH/tile_11906.png,4
arctic_vegetation/20230724_polygon29_m3m/TUSS/tile_11907.png,10
arctic_vegetation/20230724_polygon29_m3m/TUSS/tile_11908.png,10
arctic_vegetation/20230724_polygon29_m3m/TUSS/tile_11909.png,10
arctic_vegetation/20230724_polygon29_m3m/LICH/tile_11910.png,4
arctic_vegetation/20230724_polygon29_m3m/LICH/tile_11911.png,4
arctic_vegetation/20230724_polygon29_m3m/LICH/tile_11912.png,4
arctic_vegetation/20230724_polygon29_m3m/DRYI/tile_12001.png,3
arctic_vegetation/20230724_polygon29_m3m/DRYI/tile_12002.png,3
arctic_vegetation/20230724_polygon29_m3m/DRYI/tile_12003.png,3
arctic_vegetation/20230724_polygon29_m3m/DRYI/tile_12004.png,3
arctic_vegetation/20230724_polygon29_m3m/BIRC/tile_12005.png,2
arctic_vegetation/20230724_polygon29_m3m/LICH/tile_12006.png,4
arctic_vegetation/20230724_polygon29_m3m/LICH/tile_12007.png,4
arctic_vegetation/20230724_polygon29_m3m/LICH/tile_12008.png,4
arctic_vegetation/20230724_polygon29_m3m/LICH/tile_12009.png,4
arctic_vegetation/20230724_polygon29_m3m/LICH/tile_12010.png,4
arctic_vegetation/20230724_polygon29_m3m/LICH/tile_12011.png,4
arctic_vegetation/20230724_polygon29_m3m/DRYI/tile_12012.png,3
arctic_vegetation/20230724_polygon29_m3m/DRYI/tile_12013.png,3
arctic_vegetation/20230724_polygon29_m3m/LICH/tile_12019.png,4
arctic_vegetation/20230724_polygon29_m3m/LICH/tile_12020.png,4
arctic_vegetation/20230724_polygon29_m3m/LICH/tile_12021.png,4
arctic_vegetation/20230724_polygon29_m3m/LICH/tile_12022.png,4
arctic_vegetation/20230724_polygon29_m3m/LICH/tile_12023.png,4
arctic_vegetation/20230724_polygon29_m3m/LICH/tile_12024.png,4
arctic_vegetation/20230724_polygon29_m3m/LICH/tile_12110.png,4
arctic_vegetation/20230724_polygon29_m3m/LICH/tile_12111.png,4
arctic_vegetation/20230724_polygon29_m3m/LICH/tile_12112.png,4
arctic_vegetation/20230724_polygon29_m3m/LICH/tile_12113.png,4
arctic_vegetation/20230724_polygon29_m3m/LICH/tile_12114.png,4
arctic_vegetation/20230724_polygon29_m3m/LICH/tile_12115.png,4
arctic_vegetation/20230724_polygon29_m3m/LICH/tile_12116.png,4
arctic_vegetation/20230724_polygon29_m3m/LICH/tile_12117.png,4
arctic_vegetation/20230724_polygon29_m3m/LICH/tile_12118.png,4
arctic_vegetation/20230724_polygon29_m3m/LICH/tile_12119.png,4
arctic_vegetation/20230724_polygon29_m3m/LICH/tile_12120.png,4
arctic_vegetation/20230724_polygon29_m3m/LICH/tile_12121.png,4
arctic_vegetation/20230724_polygon29_m3m/DRYI/tile_12210.png,3
arctic_vegetation/20230724_polygon29_m3m/DRYI/tile_12211.png,3
arctic_vegetation/20230724_polygon29_m3m/DRYI/tile_12212.png,3
arctic_vegetation/20230724_polygon29_m3m/DRYI/tile_12213.png,3
arctic_vegetation/20230724_polygon29_m3m/LICH/tile_12214.png,4
arctic_vegetation/20230724_polygon29_m3m/LICH/tile_12215.png,4
arctic_vegetation/20230724_polygon29_m3m/LICH/tile_12216.png,4
arctic_vegetation/20230724_polygon29_m3m/LICH/tile_12217.png,4
arctic_vegetation/20230724_polygon29_m3m/LICH/tile_12218.png,4
arctic_vegetation/20230724_polygon29_m3m/LICH/tile_12219.png,4
arctic_vegetation/20230724_polygon29_m3m/LICH/tile_12220.png,4
arctic_vegetation/20230724_polygon29_m3m/BIRC/tile_12221.png,2
arctic_vegetation/20230724_polygon29_m3m/BIRC/tile_12222.png,2
arctic_vegetation/20230724_polygon29_m3m/LICH/tile_12228.png,4
arctic_vegetation/20230724_polygon29_m3m/LICH/tile_12229.png,4
arctic_vegetation/20230724_polygon29_m3m/LICH/tile_12230.png,4
arctic_vegetation/20230724_polygon29_m3m/LICH/tile_12231.png,4
arctic_vegetation/20230724_polygon29_m3m/LICH/tile_12232.png,4
arctic_vegetation/20230724_polygon29_m3m/LICH/tile_12233.png,4
arctic_vegetation/20230724_polygon29_m3m/LICH/tile_12319.png,4
arctic_vegetation/20230724_polygon29_m3m/LICH/tile_12320.png,4
arctic_vegetation/20230724_polygon29_m3m/LICH/tile_12321.png,4
arctic_vegetation/20230724_polygon29_m3m/LICH/tile_12322.png,4
arctic_vegetation/20230724_polygon29_m3m/LICH/tile_12323.png,4
arctic_vegetation/20230724_polygon29_m3m/LICH/tile_12324.png,4
arctic_vegetation/20230724_polygon29_m3m/LICH/tile_12325.png,4
arctic_vegetation/20230724_polygon29_m3m/LICH/tile_12326.png,4
arctic_vegetation/20230724_polygon29_m3m/LICH/tile_12327.png,4
arctic_vegetation/20230724_polygon29_m3m/LICH/tile_12328.png,4
arctic_vegetation/20230724_polygon29_m3m/LICH/tile_12329.png,4
arctic_vegetation/20230724_polygon29_m3m/LICH/tile_12330.png,4
arctic_vegetation/20230724_polygon29_m3m/DRYI/tile_12419.png,3
arctic_vegetation/20230724_polygon29_m3m/DRYI/tile_12420.png,3
arctic_vegetation/20230724_polygon29_m3m/DRYI/tile_12421.png,3
arctic_vegetation/20230724_polygon29_m3m/DRYI/tile_12422.png,3
arctic_vegetation/20230724_polygon29_m3m/LICH/tile_12423.png,4
arctic_vegetation/20230724_polygon29_m3m/LICH/tile_12424.png,4
arctic_vegetation/20230724_polygon29_m3m/LICH/tile_12425.png,4
arctic_vegetation/20230724_polygon29_m3m/LICH/tile_12426.png,4
arctic_vegetation/20230724_polygon29_m3m/LICH/tile_12427.png,4
arctic_vegetation/20230724_polygon29_m3m/LICH/tile_12428.png,4
arctic_vegetation/20230724_polygon29_m3m/LICH/tile_12429.png,4
arctic_vegetation/20230724_polygon29_m3m/LICH/tile_12430.png,4
arctic_vegetation/20230724_polygon29_m3m/LICH/tile_12431.png,4
arctic_vegetation/20230724_polygon29_m3m/LICH/tile_12437.png,4
arctic_vegetation/20230724_polygon29_m3m/LICH/tile_12438.png,4
arctic_vegetation/20230724_polygon29_m3m/LICH/tile_12439.png,4
arctic_vegetation/20230724_polygon29_m3m/LICH/tile_12440.png,4
arctic_vegetation/20230724_polygon29_m3m/LICH/tile_12441.png,4
arctic_vegetation/20230724_polygon29_m3m/LICH/tile_12442.png,4
arctic_vegetation/20230724_polygon29_m3m/LICH/tile_12529.png,4
arctic_vegetation/20230724_polygon29_m3m/LICH/tile_12530.png,4
arctic_vegetation/20230724_polygon29_m3m/LICH/tile_12531.png,4
arctic_vegetation/20230724_polygon29_m3m/LICH/tile_12532.png,4
arctic_vegetation/20230724_polygon29_m3m/LICH/tile_12533.png,4
arctic_vegetation/20230724_polygon29_m3m/LICH/tile_12534.png,4
arctic_vegetation/20230724_polygon29_m3m/LICH/tile_12535.png,4
arctic_vegetation/20230724_polygon29_m3m/LICH/tile_12536.png,4
arctic_vegetation/20230724_polygon29_m3m/LICH/tile_12537.png,4
arctic_vegetation/20230724_polygon29_m3m/LICH/tile_12538.png,4
arctic_vegetation/20230724_polygon29_m3m/LICH/tile_12539.png,4
arctic_vegetation/20230724_polygon29_m3m/DRYI/tile_12627.png,3
arctic_vegetation/20230724_polygon29_m3m/DRYI/tile_12628.png,3
arctic_vegetation/20230724_polygon29_m3m/DRYI/tile_12629.png,3
arctic_vegetation/20230724_polygon29_m3m/DRYI/tile_12630.png,3
arctic_vegetation/20230724_polygon29_m3m/DRYI/tile_12631.png,3
arctic_vegetation/20230724_polygon29_m3m/LICH/tile_12636.png,4
arctic_vegetation/20230724_polygon29_m3m/LICH/tile_12637.png,4
arctic_vegetation/20230724_polygon29_m3m/LICH/tile_12638.png,4
arctic_vegetation/20230724_polygon29_m3m/LICH/tile_12639.png,4
arctic_vegetation/20230724_polygon29_m3m/LICH/tile_12645.png,4
arctic_vegetation/20230724_polygon29_m3m/PETF/tile_12646.png,6
arctic_vegetation/20230724_polygon29_m3m/LICH/tile_12647.png,4
arctic_vegetation/20230724_polygon29_m3m/LICH/tile_12648.png,4
arctic_vegetation/20230724_polygon29_m3m/LICH/tile_12649.png,4
arctic_vegetation/20230724_polygon29_m3m/PETF/tile_12650.png,6
arctic_vegetation/20230724_polygon29_m3m/LICH/tile_12737.png,4
arctic_vegetation/20230724_polygon29_m3m/LICH/tile_12738.png,4
arctic_vegetation/20230724_polygon29_m3m/LICH/tile_12739.png,4
arctic_vegetation/20230724_polygon29_m3m/LICH/tile_12740.png,4
arctic_vegetation/20230724_polygon29_m3m/LICH/tile_12741.png,4
arctic_vegetation/20230724_polygon29_m3m/LICH/tile_12742.png,4
arctic_vegetation/20230724_polygon29_m3m/LICH/tile_12743.png,4
arctic_vegetation/20230724_polygon29_m3m/LICH/tile_12744.png,4
arctic_vegetation/20230724_polygon29_m3m/LICH/tile_12745.png,4
arctic_vegetation/20230724_polygon29_m3m/LICH/tile_12746.png,4
arctic_vegetation/20230724_polygon29_m3m/LICH/tile_12747.png,4
arctic_vegetation/20230724_polygon29_m3m/TUSS/tile_12853.png,10
arctic_vegetation/20230724_polygon29_m3m/TUSS/tile_12854.png,10
arctic_vegetation/20230724_polygon29_m3m/LICH/tile_12855.png,4
arctic_vegetation/20230724_polygon29_m3m/LICH/tile_12856.png,4
arctic_vegetation/20230724_polygon29_m3m/LICH/tile_12857.png,4
arctic_vegetation/20230724_polygon29_m3m/LICH/tile_12858.png,4
arctic_vegetation/20230724_polygon29_m3m/LICH/tile_12859.png,4
arctic_vegetation/20230724_polygon29_m3m/LICH/tile_12864.png,4
arctic_vegetation/20230724_polygon29_m3m/LICH/tile_12865.png,4
arctic_vegetation/20230724_polygon29_m3m/LICH/tile_12866.png,4
arctic_vegetation/20230724_polygon29_m3m/LICH/tile_12867.png,4
arctic_vegetation/20230724_polygon29_m3m/LICH/tile_12868.png,4
arctic_vegetation/20230724_polygon29_m3m/LICH/tile_12869.png,4
arctic_vegetation/20230724_polygon29_m3m/LICH/tile_12870.png,4
arctic_vegetation/20230724_polygon29_m3m/TUSS/tile_13061.png,10
arctic_vegetation/20230724_polygon29_m3m/TUSS/tile_13062.png,10
arctic_vegetation/20230724_polygon29_m3m/LICH/tile_13063.png,4
arctic_vegetation/20230724_polygon29_m3m/LICH/tile_13064.png,4
arctic_vegetation/20230724_polygon29_m3m/LICH/tile_13065.png,4
arctic_vegetation/20230724_polygon29_m3m/LICH/tile_13066.png,4
arctic_vegetation/20230724_polygon29_m3m/LICH/tile_13067.png,4
arctic_vegetation/20230724_polygon29_m3m/LICH/tile_13072.png,4
arctic_vegetation/20230724_polygon29_m3m/LICH/tile_13073.png,4
arctic_vegetation/20230724_polygon29_m3m/LICH/tile_13074.png,4
arctic_vegetation/20230724_polygon29_m3m/LICH/tile_13075.png,4
arctic_vegetation/20230724_polygon29_m3m/LICH/tile_13076.png,4
arctic_vegetation/20230724_polygon29_m3m/LICH/tile_13077.png,4
arctic_vegetation/20230724_polygon29_m3m/LICH/tile_13078.png,4
arctic_vegetation/20230724_polygon29_m3m/SEDG/tile_13100.png,9
arctic_vegetation/20230724_polygon29_m3m/SEDG/tile_13101.png,9
arctic_vegetation/20230724_polygon29_m3m/SEDG/tile_13102.png,9
arctic_vegetation/20230724_polygon29_m3m/SEDG/tile_13103.png,9
arctic_vegetation/20230724_polygon29_m3m/SEDG/tile_13104.png,9
arctic_vegetation/20230724_polygon29_m3m/SEDG/tile_13105.png,9
arctic_vegetation/20230724_polygon29_m3m/SEDG/tile_13106.png,9
arctic_vegetation/20230724_polygon29_m3m/SEDG/tile_13107.png,9
arctic_vegetation/20230724_polygon29_m3m/LICH/tile_13280.png,4
arctic_vegetation/20230724_polygon29_m3m/LICH/tile_13281.png,4
arctic_vegetation/20230724_polygon29_m3m/LICH/tile_13282.png,4
arctic_vegetation/20230724_polygon29_m3m/LICH/tile_13283.png,4
arctic_vegetation/20230724_polygon29_m3m/LICH/tile_13284.png,4
arctic_vegetation/20230724_polygon29_m3m/LICH/tile_13285.png,4
arctic_vegetation/20230724_polygon29_m3m/LICH/tile_13286.png,4
arctic_vegetation/20230724_polygon29_m3m/LICH/tile_13287.png,4
arctic_vegetation/20230724_polygon29_m3m/SEDG/tile_13308.png,9
arctic_vegetation/20230724_polygon29_m3m/SEDG/tile_13309.png,9
arctic_vegetation/20230724_polygon29_m3m/SEDG/tile_13310.png,9
arctic_vegetation/20230724_polygon29_m3m/SEDG/tile_13311.png,9
arctic_vegetation/20230724_polygon29_m3m/SEDG/tile_13312.png,9
arctic_vegetation/20230724_polygon29_m3m/SEDG/tile_13313.png,9
arctic_vegetation/20230724_polygon29_m3m/SEDG/tile_13314.png,9
arctic_vegetation/20230724_polygon29_m3m/SEDG/tile_13315.png,9
arctic_vegetation/20230724_polygon29_m3m/LICH/tile_13488.png,4
arctic_vegetation/20230724_polygon29_m3m/LICH/tile_13489.png,4
arctic_vegetation/20230724_polygon29_m3m/LICH/tile_13490.png,4
arctic_vegetation/20230724_polygon29_m3m/LICH/tile_13491.png,4
arctic_vegetation/20230724_polygon29_m3m/LICH/tile_13492.png,4
arctic_vegetation/20230724_polygon29_m3m/LICH/tile_13493.png,4
arctic_vegetation/20230724_polygon29_m3m/LICH/tile_13494.png,4
arctic_vegetation/20230724_polygon29_m3m/LICH/tile_13495.png,4
arctic_vegetation/20230724_polygon29_m3m/SEDG/tile_13512.png,9
arctic_vegetation/20230724_polygon29_m3m/SEDG/tile_13513.png,9
arctic_vegetation/20230724_polygon29_m3m/SEDG/tile_13514.png,9
arctic_vegetation/20230724_polygon29_m3m/SEDG/tile_13515.png,9
arctic_vegetation/20230724_polygon29_m3m/SEDG/tile_13516.png,9
arctic_vegetation/20230724_polygon29_m3m/SEDG/tile_13517.png,9
arctic_vegetation/20230724_polygon29_m3m/SEDG/tile_13518.png,9
arctic_vegetation/20230724_polygon29_m3m/SEDG/tile_13519.png,9
arctic_vegetation/20230724_polygon29_m3m/SEDG/tile_13520.png,9
arctic_vegetation/20230724_polygon29_m3m/SEDG/tile_13521.png,9
arctic_vegetation/20230724_polygon29_m3m/SEDG/tile_13522.png,9
arctic_vegetation/20230724_polygon29_m3m/LICH/tile_13695.png,4
arctic_vegetation/20230724_polygon29_m3m/LICH/tile_13696.png,4
arctic_vegetation/20230724_polygon29_m3m/LICH/tile_13697.png,4
arctic_vegetation/20230724_polygon29_m3m/LICH/tile_13698.png,4
arctic_vegetation/20230724_polygon29_m3m/LICH/tile_13699.png,4
arctic_vegetation/20230724_polygon29_m3m/LICH/tile_13700.png,4
arctic_vegetation/20230724_polygon29_m3m/LICH/tile_13701.png,4
arctic_vegetation/20230724_polygon29_m3m/LICH/tile_13702.png,4
arctic_vegetation/20230724_polygon29_m3m/SEDG/tile_13719.png,9
arctic_vegetation/20230724_polygon29_m3m/SEDG/tile_13720.png,9
arctic_vegetation/20230724_polygon29_m3m/SEDG/tile_13721.png,9
arctic_vegetation/20230724_polygon29_m3m/SEDG/tile_13722.png,9
arctic_vegetation/20230724_polygon29_m3m/SEDG/tile_13723.png,9
arctic_vegetation/20230724_polygon29_m3m/SEDG/tile_13724.png,9
arctic_vegetation/20230724_polygon29_m3m/SEDG/tile_13725.png,9
arctic_vegetation/20230724_polygon29_m3m/SEDG/tile_13726.png,9
arctic_vegetation/20230724_polygon29_m3m/SEDG/tile_13727.png,9
arctic_vegetation/20230724_polygon29_m3m/SEDG/tile_13728.png,9
arctic_vegetation/20230724_polygon29_m3m/SEDG/tile_13729.png,9
arctic_vegetation/20230724_polygon29_m3m/LICH/tile_13880.png,4
arctic_vegetation/20230724_polygon29_m3m/LICH/tile_13881.png,4
arctic_vegetation/20230724_polygon29_m3m/LICH/tile_13882.png,4
arctic_vegetation/20230724_polygon29_m3m/LICH/tile_13883.png,4
arctic_vegetation/20230724_polygon29_m3m/LICH/tile_13884.png,4
arctic_vegetation/20230724_polygon29_m3m/LICH/tile_13885.png,4
arctic_vegetation/20230724_polygon29_m3m/LICH/tile_13886.png,4
arctic_vegetation/20230724_polygon29_m3m/LICH/tile_13887.png,4
arctic_vegetation/20230724_polygon29_m3m/LICH/tile_13902.png,4
arctic_vegetation/20230724_polygon29_m3m/LICH/tile_13903.png,4
arctic_vegetation/20230724_polygon29_m3m/LICH/tile_13904.png,4
arctic_vegetation/20230724_polygon29_m3m/LICH/tile_13905.png,4
arctic_vegetation/20230724_polygon29_m3m/LICH/tile_13906.png,4
arctic_vegetation/20230724_polygon29_m3m/LICH/tile_13907.png,4
arctic_vegetation/20230724_polygon29_m3m/LICH/tile_13908.png,4
arctic_vegetation/20230724_polygon29_m3m/LICH/tile_13909.png,4
arctic_vegetation/20230724_polygon29_m3m/SEDG/tile_13929.png,9
arctic_vegetation/20230724_polygon29_m3m/SEDG/tile_13930.png,9
arctic_vegetation/20230724_polygon29_m3m/SEDG/tile_13931.png,9
arctic_vegetation/20230724_polygon29_m3m/SEDG/tile_13932.png,9
arctic_vegetation/20230724_polygon29_m3m/SEDG/tile_13933.png,9
arctic_vegetation/20230724_polygon29_m3m/SEDG/tile_13934.png,9
arctic_vegetation/20230724_polygon29_m3m/SEDG/tile_13935.png,9
arctic_vegetation/20230724_polygon29_m3m/SEDG/tile_13936.png,9
arctic_vegetation/20230724_polygon29_m3m/LICH/tile_14089.png,4
arctic_vegetation/20230724_polygon29_m3m/LICH/tile_14090.png,4
arctic_vegetation/20230724_polygon29_m3m/LICH/tile_14091.png,4
arctic_vegetation/20230724_polygon29_m3m/LICH/tile_14092.png,4
arctic_vegetation/20230724_polygon29_m3m/LICH/tile_14093.png,4
arctic_vegetation/20230724_polygon29_m3m/LICH/tile_14094.png,4
arctic_vegetation/20230724_polygon29_m3m/LICH/tile_14095.png,4
arctic_vegetation/20230724_polygon29_m3m/LICH/tile_14096.png,4
arctic_vegetation/20230724_polygon29_m3m/LICH/tile_14111.png,4
arctic_vegetation/20230724_polygon29_m3m/LICH/tile_14112.png,4
arctic_vegetation/20230724_polygon29_m3m/LICH/tile_14113.png,4
arctic_vegetation/20230724_polygon29_m3m/LICH/tile_14114.png,4
arctic_vegetation/20230724_polygon29_m3m/LICH/tile_14115.png,4
arctic_vegetation/20230724_polygon29_m3m/LICH/tile_14116.png,4
arctic_vegetation/20230724_polygon29_m3m/LICH/tile_14117.png,4
arctic_vegetation/20230724_polygon29_m3m/SEDG/tile_14138.png,9
arctic_vegetation/20230724_polygon29_m3m/SEDG/tile_14139.png,9
arctic_vegetation/20230724_polygon29_m3m/SEDG/tile_14140.png,9
arctic_vegetation/20230724_polygon29_m3m/SEDG/tile_14141.png,9
arctic_vegetation/20230724_polygon29_m3m/SEDG/tile_14142.png,9
arctic_vegetation/20230724_polygon29_m3m/SEDG/tile_14143.png,9
arctic_vegetation/20230724_polygon29_m3m/SEDG/tile_14144.png,9
arctic_vegetation/20230724_polygon29_m3m/SEDG/tile_14145.png,9
arctic_vegetation/20230724_polygon29_m3m/SEDG/tile_14146.png,9
arctic_vegetation/20230724_polygon29_m3m/SEDG/tile_14147.png,9
arctic_vegetation/20230724_polygon29_m3m/SEDG/tile_14148.png,9
arctic_vegetation/20230724_polygon29_m3m/LICH/tile_14298.png,4
arctic_vegetation/20230724_polygon29_m3m/LICH/tile_14299.png,4
arctic_vegetation/20230724_polygon29_m3m/LICH/tile_14300.png,4
arctic_vegetation/20230724_polygon29_m3m/LICH/tile_14301.png,4
arctic_vegetation/20230724_polygon29_m3m/LICH/tile_14302.png,4
arctic_vegetation/20230724_polygon29_m3m/LICH/tile_14303.png,4
arctic_vegetation/20230724_polygon29_m3m/LICH/tile_14304.png,4
arctic_vegetation/20230724_polygon29_m3m/LICH/tile_14305.png,4
arctic_vegetation/20230724_polygon29_m3m/PETF/tile_14347.png,6
arctic_vegetation/20230724_polygon29_m3m/RUBC/tile_14348.png,8
arctic_vegetation/20230724_polygon29_m3m/SEDG/tile_14349.png,9
arctic_vegetation/20230724_polygon29_m3m/SEDG/tile_14350.png,9
arctic_vegetation/20230724_polygon29_m3m/SEDG/tile_14351.png,9
arctic_vegetation/20230724_polygon29_m3m/SEDG/tile_14352.png,9
arctic_vegetation/20230724_polygon29_m3m/SEDG/tile_14353.png,9
arctic_vegetation/20230724_polygon29_m3m/SEDG/tile_14354.png,9
arctic_vegetation/20230724_polygon29_m3m/SEDG/tile_14355.png,9
arctic_vegetation/20230724_polygon29_m3m/SEDG/tile_14356.png,9
arctic_vegetation/20230724_polygon29_m3m/SEDG/tile_14357.png,9
arctic_vegetation/20230724_polygon29_m3m/SEDG/tile_14395.png,9
arctic_vegetation/20230724_polygon29_m3m/SEDG/tile_14396.png,9
arctic_vegetation/20230724_polygon29_m3m/LICH/tile_14507.png,4
arctic_vegetation/20230724_polygon29_m3m/LICH/tile_14508.png,4
arctic_vegetation/20230724_polygon29_m3m/LICH/tile_14509.png,4
arctic_vegetation/20230724_polygon29_m3m/LICH/tile_14510.png,4
arctic_vegetation/20230724_polygon29_m3m/LICH/tile_14511.png,4
arctic_vegetation/20230724_polygon29_m3m/LICH/tile_14512.png,4
arctic_vegetation/20230724_polygon29_m3m/LICH/tile_14513.png,4
arctic_vegetation/20230724_polygon29_m3m/LICH/tile_14514.png,4
arctic_vegetation/20230724_polygon29_m3m/PETF/tile_14556.png,6
arctic_vegetation/20230724_polygon29_m3m/PETF/tile_14557.png,6
arctic_vegetation/20230724_polygon29_m3m/SEDG/tile_14558.png,9
arctic_vegetation/20230724_polygon29_m3m/SEDG/tile_14559.png,9
arctic_vegetation/20230724_polygon29_m3m/SEDG/tile_14560.png,9
arctic_vegetation/20230724_polygon29_m3m/SEDG/tile_14561.png,9
arctic_vegetation/20230724_polygon29_m3m/SEDG/tile_14562.png,9
arctic_vegetation/20230724_polygon29_m3m/SEDG/tile_14563.png,9
arctic_vegetation/20230724_polygon29_m3m/SEDG/tile_14564.png,9
arctic_vegetation/20230724_polygon29_m3m/SEDG/tile_14565.png,9
arctic_vegetation/20230724_polygon29_m3m/SEDG/tile_14566.png,9
arctic_vegetation/20230724_polygon29_m3m/SEDG/tile_14604.png,9
arctic_vegetation/20230724_polygon29_m3m/SEDG/tile_14605.png,9
arctic_vegetation/20230724_polygon29_m3m/SEDG/tile_14606.png,9
arctic_vegetation/20230724_polygon29_m3m/LICH/tile_14717.png,4
arctic_vegetation/20230724_polygon29_m3m/LICH/tile_14718.png,4
arctic_vegetation/20230724_polygon29_m3m/LICH/tile_14719.png,4
arctic_vegetation/20230724_polygon29_m3m/LICH/tile_14720.png,4
arctic_vegetation/20230724_polygon29_m3m/LICH/tile_14721.png,4
arctic_vegetation/20230724_polygon29_m3m/LICH/tile_14722.png,4
arctic_vegetation/20230724_polygon29_m3m/LICH/tile_14723.png,4
arctic_vegetation/20230724_polygon29_m3m/SEDG/tile_14772.png,9
arctic_vegetation/20230724_polygon29_m3m/SEDG/tile_14773.png,9
arctic_vegetation/20230724_polygon29_m3m/SEDG/tile_14774.png,9
arctic_vegetation/20230724_polygon29_m3m/SEDG/tile_14775.png,9
arctic_vegetation/20230724_polygon29_m3m/SEDG/tile_14813.png,9
arctic_vegetation/20230724_polygon29_m3m/SEDG/tile_14814.png,9
arctic_vegetation/20230724_polygon29_m3m/SEDG/tile_14815.png,9
arctic_vegetation/20230724_polygon29_m3m/SEDG/tile_14816.png,9
arctic_vegetation/20230724_polygon29_m3m/SEDG/tile_14817.png,9
arctic_vegetation/20230724_polygon29_m3m/LICH/tile_14926.png,4
arctic_vegetation/20230724_polygon29_m3m/LICH/tile_14927.png,4
arctic_vegetation/20230724_polygon29_m3m/LICH/tile_14928.png,4
arctic_vegetation/20230724_polygon29_m3m/LICH/tile_14929.png,4
arctic_vegetation/20230724_polygon29_m3m/LICH/tile_14930.png,4
arctic_vegetation/20230724_polygon29_m3m/LICH/tile_14931.png,4
arctic_vegetation/20230724_polygon29_m3m/LICH/tile_14932.png,4
arctic_vegetation/20230724_polygon29_m3m/SEDG/tile_15022.png,9
arctic_vegetation/20230724_polygon29_m3m/SEDG/tile_15023.png,9
arctic_vegetation/20230724_polygon29_m3m/SEDG/tile_15024.png,9
arctic_vegetation/20230724_polygon29_m3m/SEDG/tile_15025.png,9
arctic_vegetation/20230724_polygon29_m3m/SEDG/tile_15026.png,9
arctic_vegetation/20230724_polygon29_m3m/SEDG/tile_15231.png,9
arctic_vegetation/20230724_polygon29_m3m/SEDG/tile_15232.png,9
arctic_vegetation/20230724_polygon29_m3m/SEDG/tile_15233.png,9
arctic_vegetation/20230724_polygon29_m3m/SEDG/tile_15234.png,9
arctic_vegetation/20230724_polygon29_m3m/SEDG/tile_15235.png,9
arctic_vegetation/20230724_polygon29_m3m/LICH/tile_15407.png,4
arctic_vegetation/20230724_polygon29_m3m/LICH/tile_15408.png,4
arctic_vegetation/20230724_polygon29_m3m/LICH/tile_15409.png,4
arctic_vegetation/20230724_polygon29_m3m/LICH/tile_15410.png,4
arctic_vegetation/20230724_polygon29_m3m/LICH/tile_15411.png,4
arctic_vegetation/20230724_polygon29_m3m/LICH/tile_15412.png,4
arctic_vegetation/20230724_polygon29_m3m/SEDG/tile_15440.png,9
arctic_vegetation/20230724_polygon29_m3m/SEDG/tile_15441.png,9
arctic_vegetation/20230724_polygon29_m3m/SEDG/tile_15442.png,9
arctic_vegetation/20230724_polygon29_m3m/SEDG/tile_15443.png,9
arctic_vegetation/20230724_polygon29_m3m/SEDG/tile_15568.png,9
arctic_vegetation/20230724_polygon29_m3m/SEDG/tile_15569.png,9
arctic_vegetation/20230724_polygon29_m3m/SEDG/tile_15570.png,9
arctic_vegetation/20230724_polygon29_m3m/SEDG/tile_15571.png,9
arctic_vegetation/20230724_polygon29_m3m/SEDG/tile_15572.png,9
arctic_vegetation/20230724_polygon29_m3m/SEDG/tile_15573.png,9
arctic_vegetation/20230724_polygon29_m3m/LICH/tile_15616.png,4
arctic_vegetation/20230724_polygon29_m3m/LICH/tile_15617.png,4
arctic_vegetation/20230724_polygon29_m3m/LICH/tile_15618.png,4
arctic_vegetation/20230724_polygon29_m3m/LICH/tile_15619.png,4
arctic_vegetation/20230724_polygon29_m3m/LICH/tile_15620.png,4
arctic_vegetation/20230724_polygon29_m3m/LICH/tile_15621.png,4
arctic_vegetation/20230724_polygon29_m3m/LICH/tile_15623.png,4
arctic_vegetation/20230724_polygon29_m3m/LICH/tile_15624.png,4
arctic_vegetation/20230724_polygon29_m3m/LICH/tile_15625.png,4
arctic_vegetation/20230724_polygon29_m3m/LICH/tile_15626.png,4
arctic_vegetation/20230724_polygon29_m3m/LICH/tile_15627.png,4
arctic_vegetation/20230724_polygon29_m3m/LICH/tile_15628.png,4
arctic_vegetation/20230724_polygon29_m3m/LICH/tile_15629.png,4
arctic_vegetation/20230724_polygon29_m3m/SEDG/tile_15777.png,9
arctic_vegetation/20230724_polygon29_m3m/SEDG/tile_15778.png,9
arctic_vegetation/20230724_polygon29_m3m/SEDG/tile_15779.png,9
arctic_vegetation/20230724_polygon29_m3m/SEDG/tile_15780.png,9
arctic_vegetation/20230724_polygon29_m3m/SEDG/tile_15781.png,9
arctic_vegetation/20230724_polygon29_m3m/SEDG/tile_15782.png,9
arctic_vegetation/20230724_polygon29_m3m/SEDG/tile_15783.png,9
arctic_vegetation/20230724_polygon29_m3m/LICH/tile_15825.png,4
arctic_vegetation/20230724_polygon29_m3m/LICH/tile_15826.png,4
arctic_vegetation/20230724_polygon29_m3m/LICH/tile_15827.png,4
arctic_vegetation/20230724_polygon29_m3m/LICH/tile_15828.png,4
arctic_vegetation/20230724_polygon29_m3m/LICH/tile_15829.png,4
arctic_vegetation/20230724_polygon29_m3m/LICH/tile_15830.png,4
arctic_vegetation/20230724_polygon29_m3m/LICH/tile_15832.png,4
arctic_vegetation/20230724_polygon29_m3m/LICH/tile_15833.png,4
arctic_vegetation/20230724_polygon29_m3m/LICH/tile_15834.png,4
arctic_vegetation/20230724_polygon29_m3m/LICH/tile_15835.png,4
arctic_vegetation/20230724_polygon29_m3m/LICH/tile_15836.png,4
arctic_vegetation/20230724_polygon29_m3m/LICH/tile_15837.png,4
arctic_vegetation/20230724_polygon29_m3m/LICH/tile_15838.png,4
arctic_vegetation/20230724_polygon29_m3m/SEDG/tile_15986.png,9
arctic_vegetation/20230724_polygon29_m3m/SEDG/tile_15987.png,9
arctic_vegetation/20230724_polygon29_m3m/SEDG/tile_15988.png,9
arctic_vegetation/20230724_polygon29_m3m/SEDG/tile_15989.png,9
arctic_vegetation/20230724_polygon29_m3m/SEDG/tile_15990.png,9
arctic_vegetation/20230724_polygon29_m3m/SEDG/tile_15991.png,9
arctic_vegetation/20230724_polygon29_m3m/SEDG/tile_15992.png,9
arctic_vegetation/20230724_polygon29_m3m/LICH/tile_16034.png,4
arctic_vegetation/20230724_polygon29_m3m/LICH/tile_16035.png,4
arctic_vegetation/20230724_polygon29_m3m/LICH/tile_16036.png,4
arctic_vegetation/20230724_polygon29_m3m/LICH/tile_16037.png,4
arctic_vegetation/20230724_polygon29_m3m/LICH/tile_16038.png,4
arctic_vegetation/20230724_polygon29_m3m/LICH/tile_16039.png,4
arctic_vegetation/20230724_polygon29_m3m/LICH/tile_16041.png,4
arctic_vegetation/20230724_polygon29_m3m/LICH/tile_16042.png,4
arctic_vegetation/20230724_polygon29_m3m/LICH/tile_16043.png,4
arctic_vegetation/20230724_polygon29_m3m/LICH/tile_16044.png,4
arctic_vegetation/20230724_polygon29_m3m/LICH/tile_16045.png,4
arctic_vegetation/20230724_polygon29_m3m/LICH/tile_16046.png,4
arctic_vegetation/20230724_polygon29_m3m/LICH/tile_16047.png,4
arctic_vegetation/20230724_polygon29_m3m/SEDG/tile_16195.png,9
arctic_vegetation/20230724_polygon29_m3m/SEDG/tile_16196.png,9
arctic_vegetation/20230724_polygon29_m3m/SEDG/tile_16197.png,9
arctic_vegetation/20230724_polygon29_m3m/SEDG/tile_16198.png,9
arctic_vegetation/20230724_polygon29_m3m/SEDG/tile_16199.png,9
arctic_vegetation/20230724_polygon29_m3m/SEDG/tile_16200.png,9
arctic_vegetation/20230724_polygon29_m3m/LICH/tile_16243.png,4
arctic_vegetation/20230724_polygon29_m3m/LICH/tile_16244.png,4
arctic_vegetation/20230724_polygon29_m3m/LICH/tile_16245.png,4
arctic_vegetation/20230724_polygon29_m3m/LICH/tile_16246.png,4
arctic_vegetation/20230724_polygon29_m3m/LICH/tile_16247.png,4
arctic_vegetation/20230724_polygon29_m3m/LICH/tile_16248.png,4
arctic_vegetation/20230724_polygon29_m3m/LICH/tile_16250.png,4
arctic_vegetation/20230724_polygon29_m3m/LICH/tile_16251.png,4
arctic_vegetation/20230724_polygon29_m3m/LICH/tile_16252.png,4
arctic_vegetation/20230724_polygon29_m3m/LICH/tile_16253.png,4
arctic_vegetation/20230724_polygon29_m3m/LICH/tile_16254.png,4
arctic_vegetation/20230724_polygon29_m3m/LICH/tile_16255.png,4
arctic_vegetation/20230724_polygon29_m3m/LICH/tile_16256.png,4
arctic_vegetation/20230724_polygon29_m3m/SEDG/tile_16404.png,9
arctic_vegetation/20230724_polygon29_m3m/SEDG/tile_16405.png,9
arctic_vegetation/20230724_polygon29_m3m/SEDG/tile_16406.png,9
arctic_vegetation/20230724_polygon29_m3m/SEDG/tile_16407.png,9
arctic_vegetation/20230724_polygon29_m3m/SEDG/tile_16408.png,9
arctic_vegetation/20230724_polygon29_m3m/SEDG/tile_16409.png,9
arctic_vegetation/20230724_polygon29_m3m/LICH/tile_16459.png,4
arctic_vegetation/20230724_polygon29_m3m/LICH/tile_16460.png,4
arctic_vegetation/20230724_polygon29_m3m/LICH/tile_16461.png,4
arctic_vegetation/20230724_polygon29_m3m/LICH/tile_16462.png,4
arctic_vegetation/20230724_polygon29_m3m/LICH/tile_16463.png,4
arctic_vegetation/20230724_polygon29_m3m/LICH/tile_16464.png,4
arctic_vegetation/20230724_polygon29_m3m/LICH/tile_16465.png,4
arctic_vegetation/20230724_polygon29_m3m/SEDG/tile_16613.png,9
arctic_vegetation/20230724_polygon29_m3m/SEDG/tile_16614.png,9
arctic_vegetation/20230724_polygon29_m3m/SEDG/tile_16615.png,9
arctic_vegetation/20230724_polygon29_m3m/SEDG/tile_16616.png,9
arctic_vegetation/20230724_polygon29_m3m/SEDG/tile_16617.png,9
arctic_vegetation/20230724_polygon29_m3m/SEDG/tile_16618.png,9
arctic_vegetation/20230724_polygon29_m3m/SEDG/tile_16619.png,9
arctic_vegetation/20230724_polygon29_m3m/LICH/tile_16802.png,4
arctic_vegetation/20230724_polygon29_m3m/LICH/tile_16803.png,4
arctic_vegetation/20230724_polygon29_m3m/LICH/tile_16804.png,4
arctic_vegetation/20230724_polygon29_m3m/LICH/tile_16805.png,4
arctic_vegetation/20230724_polygon29_m3m/LICH/tile_16806.png,4
arctic_vegetation/20230724_polygon29_m3m/SEDG/tile_16823.png,9
arctic_vegetation/20230724_polygon29_m3m/SEDG/tile_16824.png,9
arctic_vegetation/20230724_polygon29_m3m/SEDG/tile_16825.png,9
arctic_vegetation/20230724_polygon29_m3m/SEDG/tile_16826.png,9
arctic_vegetation/20230724_polygon29_m3m/SEDG/tile_16827.png,9
arctic_vegetation/20230724_polygon29_m3m/SEDG/tile_16828.png,9
arctic_vegetation/20230724_polygon29_m3m/LICH/tile_16880.png,4
arctic_vegetation/20230724_polygon29_m3m/LICH/tile_16881.png,4
arctic_vegetation/20230724_polygon29_m3m/SEDG/tile_16882.png,9
arctic_vegetation/20230724_polygon29_m3m/SEDG/tile_16883.png,9
arctic_vegetation/20230724_polygon29_m3m/SEDG/tile_16884.png,9
arctic_vegetation/20230724_polygon29_m3m/SEDG/tile_16885.png,9
arctic_vegetation/20230724_polygon29_m3m/SEDG/tile_16898.png,9
arctic_vegetation/20230724_polygon29_m3m/SEDG/tile_16899.png,9
arctic_vegetation/20230724_polygon29_m3m/SEDG/tile_16900.png,9
arctic_vegetation/20230724_polygon29_m3m/SEDG/tile_16901.png,9
arctic_vegetation/20230724_polygon29_m3m/SEDG/tile_16902.png,9
arctic_vegetation/20230724_polygon29_m3m/LICH/tile_17011.png,4
arctic_vegetation/20230724_polygon29_m3m/LICH/tile_17012.png,4
arctic_vegetation/20230724_polygon29_m3m/LICH/tile_17013.png,4
arctic_vegetation/20230724_polygon29_m3m/LICH/tile_17014.png,4
arctic_vegetation/20230724_polygon29_m3m/LICH/tile_17015.png,4
arctic_vegetation/20230724_polygon29_m3m/SEDG/tile_17034.png,9
arctic_vegetation/20230724_polygon29_m3m/SEDG/tile_17035.png,9
arctic_vegetation/20230724_polygon29_m3m/SEDG/tile_17036.png,9
arctic_vegetation/20230724_polygon29_m3m/LICH/tile_17089.png,4
arctic_vegetation/20230724_polygon29_m3m/LICH/tile_17090.png,4
arctic_vegetation/20230724_polygon29_m3m/SEDG/tile_17091.png,9
arctic_vegetation/20230724_polygon29_m3m/SEDG/tile_17092.png,9
arctic_vegetation/20230724_polygon29_m3m/SEDG/tile_17093.png,9
arctic_vegetation/20230724_polygon29_m3m/SEDG/tile_17094.png,9
arctic_vegetation/20230724_polygon29_m3m/SEDG/tile_17106.png,9
arctic_vegetation/20230724_polygon29_m3m/SEDG/tile_17107.png,9
arctic_vegetation/20230724_polygon29_m3m/SEDG/tile_17108.png,9
arctic_vegetation/20230724_polygon29_m3m/SEDG/tile_17109.png,9
arctic_vegetation/20230724_polygon29_m3m/SEDG/tile_17110.png,9
arctic_vegetation/20230724_polygon29_m3m/SEDG/tile_17111.png,9
arctic_vegetation/20230724_polygon29_m3m/LICH/tile_17220.png,4
arctic_vegetation/20230724_polygon29_m3m/LICH/tile_17221.png,4
arctic_vegetation/20230724_polygon29_m3m/LICH/tile_17222.png,4
arctic_vegetation/20230724_polygon29_m3m/LICH/tile_17223.png,4
arctic_vegetation/20230724_polygon29_m3m/LICH/tile_17224.png,4
arctic_vegetation/20230724_polygon29_m3m/LICH/tile_17298.png,4
arctic_vegetation/20230724_polygon29_m3m/LICH/tile_17299.png,4
arctic_vegetation/20230724_polygon29_m3m/SEDG/tile_17300.png,9
arctic_vegetation/20230724_polygon29_m3m/SEDG/tile_17301.png,9
arctic_vegetation/20230724_polygon29_m3m/SEDG/tile_17302.png,9
arctic_vegetation/20230724_polygon29_m3m/SEDG/tile_17303.png,9
arctic_vegetation/20230724_polygon29_m3m/SEDG/tile_17315.png,9
arctic_vegetation/20230724_polygon29_m3m/SEDG/tile_17316.png,9
arctic_vegetation/20230724_polygon29_m3m/SEDG/tile_17317.png,9
arctic_vegetation/20230724_polygon29_m3m/SEDG/tile_17318.png,9
arctic_vegetation/20230724_polygon29_m3m/SEDG/tile_17319.png,9
arctic_vegetation/20230724_polygon29_m3m/SEDG/tile_17320.png,9
arctic_vegetation/20230724_polygon29_m3m/LICH/tile_17432.png,4
arctic_vegetation/20230724_polygon29_m3m/LICH/tile_17433.png,4
arctic_vegetation/20230724_polygon29_m3m/LICH/tile_17507.png,4
arctic_vegetation/20230724_polygon29_m3m/LICH/tile_17508.png,4
arctic_vegetation/20230724_polygon29_m3m/SEDG/tile_17509.png,9
arctic_vegetation/20230724_polygon29_m3m/SEDG/tile_17510.png,9
arctic_vegetation/20230724_polygon29_m3m/SEDG/tile_17511.png,9
arctic_vegetation/20230724_polygon29_m3m/SEDG/tile_17512.png,9
arctic_vegetation/20230724_polygon29_m3m/SEDG/tile_17524.png,9
arctic_vegetation/20230724_polygon29_m3m/SEDG/tile_17525.png,9
arctic_vegetation/20230724_polygon29_m3m/SEDG/tile_17526.png,9
arctic_vegetation/20230724_polygon29_m3m/SEDG/tile_17527.png,9
arctic_vegetation/20230724_polygon29_m3m/SEDG/tile_17528.png,9
arctic_vegetation/20230724_polygon29_m3m/SEDG/tile_17529.png,9
arctic_vegetation/20230724_polygon29_m3m/TUSS/tile_17716.png,10
arctic_vegetation/20230724_polygon29_m3m/SEDG/tile_17717.png,9
arctic_vegetation/20230724_polygon29_m3m/SEDG/tile_17718.png,9
arctic_vegetation/20230724_polygon29_m3m/SEDG/tile_17719.png,9
arctic_vegetation/20230724_polygon29_m3m/SEDG/tile_17720.png,9
arctic_vegetation/20230724_polygon29_m3m/SEDG/tile_17721.png,9
arctic_vegetation/20230724_polygon29_m3m/SEDG/tile_17733.png,9
arctic_vegetation/20230724_polygon29_m3m/SEDG/tile_17734.png,9
arctic_vegetation/20230724_polygon29_m3m/SEDG/tile_17735.png,9
arctic_vegetation/20230724_polygon29_m3m/SEDG/tile_17736.png,9
arctic_vegetation/20230724_polygon29_m3m/SEDG/tile_17737.png,9
arctic_vegetation/20230724_polygon29_m3m/SEDG/tile_17738.png,9
arctic_vegetation/20230724_polygon29_m3m/SEDG/tile_17925.png,9
arctic_vegetation/20230724_polygon29_m3m/SEDG/tile_17926.png,9
arctic_vegetation/20230724_polygon29_m3m/SEDG/tile_17927.png,9
arctic_vegetation/20230724_polygon29_m3m/SEDG/tile_17928.png,9
arctic_vegetation/20230724_polygon29_m3m/SEDG/tile_17929.png,9
arctic_vegetation/20230724_polygon29_m3m/SEDG/tile_17930.png,9
arctic_vegetation/20230724_polygon29_m3m/SEDG/tile_17942.png,9
arctic_vegetation/20230724_polygon29_m3m/SEDG/tile_17943.png,9
arctic_vegetation/20230724_polygon29_m3m/SEDG/tile_17944.png,9
arctic_vegetation/20230724_polygon29_m3m/SEDG/tile_17945.png,9
arctic_vegetation/20230724_polygon29_m3m/SEDG/tile_17946.png,9
arctic_vegetation/20230724_polygon29_m3m/SEDG/tile_17947.png,9
arctic_vegetation/20230724_polygon29_m3m/LICH/tile_18080.png,4
arctic_vegetation/20230724_polygon29_m3m/LICH/tile_18081.png,4
arctic_vegetation/20230724_polygon29_m3m/SEDG/tile_18134.png,9
arctic_vegetation/20230724_polygon29_m3m/SEDG/tile_18135.png,9
arctic_vegetation/20230724_polygon29_m3m/SEDG/tile_18136.png,9
arctic_vegetation/20230724_polygon29_m3m/SEDG/tile_18137.png,9
arctic_vegetation/20230724_polygon29_m3m/SEDG/tile_18138.png,9
arctic_vegetation/20230724_polygon29_m3m/SEDG/tile_18139.png,9
arctic_vegetation/20230724_polygon29_m3m/LICH/tile_18288.png,4
arctic_vegetation/20230724_polygon29_m3m/LICH/tile_18289.png,4
arctic_vegetation/20230724_polygon29_m3m/LICH/tile_18290.png,4
arctic_vegetation/20230724_polygon29_m3m/SEDG/tile_18346.png,9
arctic_vegetation/20230724_polygon29_m3m/SEDG/tile_18347.png,9
arctic_vegetation/20230724_polygon29_m3m/SEDG/tile_18348.png,9
arctic_vegetation/20230724_polygon29_m3m/LICH/tile_18481.png,4
arctic_vegetation/20230724_polygon29_m3m/LICH/tile_18482.png,4
arctic_vegetation/20230724_polygon29_m3m/LICH/tile_18483.png,4
arctic_vegetation/20230724_polygon29_m3m/LICH/tile_18484.png,4
arctic_vegetation/20230724_polygon29_m3m/LICH/tile_18485.png,4
arctic_vegetation/20230724_polygon29_m3m/LICH/tile_18486.png,4
arctic_vegetation/20230724_polygon29_m3m/LICH/tile_18487.png,4
arctic_vegetation/20230724_polygon29_m3m/LICH/tile_18488.png,4
arctic_vegetation/20230724_polygon29_m3m/LICH/tile_18489.png,4
arctic_vegetation/20230724_polygon29_m3m/LICH/tile_18497.png,4
arctic_vegetation/20230724_polygon29_m3m/LICH/tile_18498.png,4
arctic_vegetation/20230724_polygon29_m3m/LICH/tile_18499.png,4
arctic_vegetation/20230724_polygon29_m3m/LICH/tile_18688.png,4
arctic_vegetation/20230724_polygon29_m3m/LICH/tile_18689.png,4
arctic_vegetation/20230724_polygon29_m3m/LICH/tile_18690.png,4
arctic_vegetation/20230724_polygon29_m3m/LICH/tile_18691.png,4
arctic_vegetation/20230724_polygon29_m3m/LICH/tile_18692.png,4
arctic_vegetation/20230724_polygon29_m3m/LICH/tile_18693.png,4
arctic_vegetation/20230724_polygon29_m3m/LICH/tile_18694.png,4
arctic_vegetation/20230724_polygon29_m3m/LICH/tile_18695.png,4
arctic_vegetation/20230724_polygon29_m3m/LICH/tile_18696.png,4
arctic_vegetation/20230724_polygon29_m3m/LICH/tile_18697.png,4
arctic_vegetation/20230724_polygon29_m3m/LICH/tile_18698.png,4
arctic_vegetation/20230724_polygon29_m3m/LICH/tile_18707.png,4
arctic_vegetation/20230724_polygon29_m3m/LICH/tile_18708.png,4
arctic_vegetation/20230724_polygon29_m3m/LICH/tile_18897.png,4
arctic_vegetation/20230724_polygon29_m3m/LICH/tile_18898.png,4
arctic_vegetation/20230724_polygon29_m3m/LICH/tile_18899.png,4
arctic_vegetation/20230724_polygon29_m3m/LICH/tile_18900.png,4
arctic_vegetation/20230724_polygon29_m3m/LICH/tile_18901.png,4
arctic_vegetation/20230724_polygon29_m3m/LICH/tile_18902.png,4
arctic_vegetation/20230724_polygon29_m3m/LICH/tile_18903.png,4
arctic_vegetation/20230724_polygon29_m3m/LICH/tile_18904.png,4
arctic_vegetation/20230724_polygon29_m3m/LICH/tile_18905.png,4
arctic_vegetation/20230724_polygon29_m3m/LICH/tile_18906.png,4
arctic_vegetation/20230724_polygon29_m3m/LICH/tile_18907.png,4
arctic_vegetation/20230724_polygon29_m3m/LICH/tile_18915.png,4
arctic_vegetation/20230724_polygon29_m3m/LICH/tile_18916.png,4
arctic_vegetation/20230724_polygon29_m3m/LICH/tile_18917.png,4
arctic_vegetation/20230724_polygon29_m3m/LICH/tile_19106.png,4
arctic_vegetation/20230724_polygon29_m3m/LICH/tile_19107.png,4
arctic_vegetation/20230724_polygon29_m3m/LICH/tile_19108.png,4
arctic_vegetation/20230724_polygon29_m3m/LICH/tile_19109.png,4
arctic_vegetation/20230724_polygon29_m3m/LICH/tile_19110.png,4
arctic_vegetation/20230724_polygon29_m3m/LICH/tile_19111.png,4
arctic_vegetation/20230724_polygon29_m3m/LICH/tile_19112.png,4
arctic_vegetation/20230724_polygon29_m3m/LICH/tile_19113.png,4
arctic_vegetation/20230724_polygon29_m3m/LICH/tile_19114.png,4
arctic_vegetation/20230724_polygon29_m3m/LICH/tile_19115.png,4
arctic_vegetation/20230724_polygon29_m3m/LICH/tile_19116.png,4
arctic_vegetation/20230724_polygon29_m3m/LICH/tile_19124.png,4
arctic_vegetation/20230724_polygon29_m3m/LICH/tile_19125.png,4
arctic_vegetation/20230724_polygon29_m3m/LICH/tile_19126.png,4
arctic_vegetation/20230724_polygon29_m3m/LICH/tile_19334.png,4
arctic_vegetation/20230724_polygon29_m3m/LICH/tile_19335.png,4
arctic_vegetation/20230724_polygon29_m3m/LICH/tile_19366.png,4
arctic_vegetation/20230724_polygon29_m3m/LICH/tile_19367.png,4
arctic_vegetation/20230724_polygon29_m3m/LICH/tile_19368.png,4
arctic_vegetation/20230724_polygon29_m3m/LICH/tile_19369.png,4
arctic_vegetation/20230724_polygon29_m3m/LICH/tile_19370.png,4
arctic_vegetation/20230724_polygon29_m3m/LICH/tile_19543.png,4
arctic_vegetation/20230724_polygon29_m3m/LICH/tile_19544.png,4
arctic_vegetation/20230724_polygon29_m3m/LICH/tile_19574.png,4
arctic_vegetation/20230724_polygon29_m3m/LICH/tile_19575.png,4
arctic_vegetation/20230724_polygon29_m3m/LICH/tile_19576.png,4
arctic_vegetation/20230724_polygon29_m3m/LICH/tile_19577.png,4
arctic_vegetation/20230724_polygon29_m3m/LICH/tile_19578.png,4
arctic_vegetation/20230724_polygon29_m3m/LICH/tile_19579.png,4
arctic_vegetation/20230724_polygon29_m3m/SEDG/tile_19581.png,9
arctic_vegetation/20230724_polygon29_m3m/SEDG/tile_19582.png,9
arctic_vegetation/20230724_polygon29_m3m/WILL/tile_19585.png,11
arctic_vegetation/20230724_polygon29_m3m/WILL/tile_19586.png,11
arctic_vegetation/20230724_polygon29_m3m/WILL/tile_19587.png,11
arctic_vegetation/20230724_polygon29_m3m/LICH/tile_19752.png,4
arctic_vegetation/20230724_polygon29_m3m/LICH/tile_19753.png,4
arctic_vegetation/20230724_polygon29_m3m/LICH/tile_19783.png,4
arctic_vegetation/20230724_polygon29_m3m/LICH/tile_19784.png,4
arctic_vegetation/20230724_polygon29_m3m/LICH/tile_19785.png,4
arctic_vegetation/20230724_polygon29_m3m/LICH/tile_19786.png,4
arctic_vegetation/20230724_polygon29_m3m/LICH/tile_19787.png,4
arctic_vegetation/20230724_polygon29_m3m/LICH/tile_19788.png,4
arctic_vegetation/20230724_polygon29_m3m/SEDG/tile_19790.png,9
arctic_vegetation/20230724_polygon29_m3m/SEDG/tile_19791.png,9
arctic_vegetation/20230724_polygon29_m3m/SEDG/tile_19792.png,9
arctic_vegetation/20230724_polygon29_m3m/WILL/tile_19793.png,11
arctic_vegetation/20230724_polygon29_m3m/WILL/tile_19794.png,11
arctic_vegetation/20230724_polygon29_m3m/WILL/tile_19795.png,11
arctic_vegetation/20230724_polygon29_m3m/WILL/tile_19796.png,11
arctic_vegetation/20230724_polygon29_m3m/WILL/tile_19797.png,11
arctic_vegetation/20230724_polygon29_m3m/WILL/tile_19798.png,11
arctic_vegetation/20230724_polygon29_m3m/WILL/tile_19799.png,11
arctic_vegetation/20230724_polygon29_m3m/BIRC/tile_19801.png,2
arctic_vegetation/20230724_polygon29_m3m/BIRC/tile_19802.png,2
arctic_vegetation/20230724_polygon29_m3m/BIRC/tile_19803.png,2
arctic_vegetation/20230724_polygon29_m3m/BIRC/tile_19804.png,2
arctic_vegetation/20230724_polygon29_m3m/BIRC/tile_19805.png,2
arctic_vegetation/20230724_polygon29_m3m/BIRC/tile_19806.png,2
arctic_vegetation/20230724_polygon29_m3m/BIRC/tile_19813.png,2
arctic_vegetation/20230724_polygon29_m3m/BIRC/tile_19814.png,2
arctic_vegetation/20230724_polygon29_m3m/SEDG/tile_19815.png,9
arctic_vegetation/20230724_polygon29_m3m/SEDG/tile_19816.png,9
arctic_vegetation/20230724_polygon29_m3m/SEDG/tile_19817.png,9
arctic_vegetation/20230724_polygon29_m3m/SEDG/tile_19818.png,9
arctic_vegetation/20230724_polygon29_m3m/LICH/tile_19961.png,4
arctic_vegetation/20230724_polygon29_m3m/LICH/tile_19962.png,4
arctic_vegetation/20230724_polygon29_m3m/LICH/tile_19992.png,4
arctic_vegetation/20230724_polygon29_m3m/LICH/tile_19993.png,4
arctic_vegetation/20230724_polygon29_m3m/LICH/tile_19994.png,4
arctic_vegetation/20230724_polygon29_m3m/LICH/tile_19995.png,4
arctic_vegetation/20230724_polygon29_m3m/LICH/tile_19996.png,4
arctic_vegetation/20230724_polygon29_m3m/MOSS/tile_19997.png,5
arctic_vegetation/20230724_polygon29_m3m/SEDG/tile_19999.png,9
arctic_vegetation/20230724_polygon29_m3m/SEDG/tile_20000.png,9
arctic_vegetation/20230724_polygon29_m3m/SEDG/tile_20001.png,9
arctic_vegetation/20230724_polygon29_m3m/WILL/tile_20002.png,11
arctic_vegetation/20230724_polygon29_m3m/WILL/tile_20003.png,11
arctic_vegetation/20230724_polygon29_m3m/WILL/tile_20004.png,11
arctic_vegetation/20230724_polygon29_m3m/WILL/tile_20005.png,11
arctic_vegetation/20230724_polygon29_m3m/WILL/tile_20006.png,11
arctic_vegetation/20230724_polygon29_m3m/WILL/tile_20007.png,11
arctic_vegetation/20230724_polygon29_m3m/WILL/tile_20008.png,11
arctic_vegetation/20230724_polygon29_m3m/BIRC/tile_20009.png,2
arctic_vegetation/20230724_polygon29_m3m/BIRC/tile_20010.png,2
arctic_vegetation/20230724_polygon29_m3m/BIRC/tile_20011.png,2
arctic_vegetation/20230724_polygon29_m3m/WILL/tile_20012.png,11
arctic_vegetation/20230724_polygon29_m3m/WILL/tile_20013.png,11
arctic_vegetation/20230724_polygon29_m3m/WILL/tile_20014.png,11
arctic_vegetation/20230724_polygon29_m3m/BIRC/tile_20015.png,2
arctic_vegetation/20230724_polygon29_m3m/BIRC/tile_20020.png,2
arctic_vegetation/20230724_polygon29_m3m/BIRC/tile_20021.png,2
arctic_vegetation/20230724_polygon29_m3m/BIRC/tile_20022.png,2
arctic_vegetation/20230724_polygon29_m3m/BIRC/tile_20023.png,2
arctic_vegetation/20230724_polygon29_m3m/SEDG/tile_20024.png,9
arctic_vegetation/20230724_polygon29_m3m/SEDG/tile_20025.png,9
arctic_vegetation/20230724_polygon29_m3m/SEDG/tile_20026.png,9
arctic_vegetation/20230724_polygon29_m3m/SEDG/tile_20027.png,9
arctic_vegetation/20230724_polygon29_m3m/SEDG/tile_20028.png,9
arctic_vegetation/20230724_polygon29_m3m/LICH/tile_20201.png,4
arctic_vegetation/20230724_polygon29_m3m/LICH/tile_20202.png,4
arctic_vegetation/20230724_polygon29_m3m/LICH/tile_20203.png,4
arctic_vegetation/20230724_polygon29_m3m/LICH/tile_20204.png,4
arctic_vegetation/20230724_polygon29_m3m/LICH/tile_20205.png,4
arctic_vegetation/20230724_polygon29_m3m/LICH/tile_20206.png,4
arctic_vegetation/20230724_polygon29_m3m/SEDG/tile_20209.png,9
arctic_vegetation/20230724_polygon29_m3m/SEDG/tile_20210.png,9
arctic_vegetation/20230724_polygon29_m3m/WILL/tile_20211.png,11
arctic_vegetation/20230724_polygon29_m3m/WILL/tile_20212.png,11
arctic_vegetation/20230724_polygon29_m3m/WILL/tile_20213.png,11
arctic_vegetation/20230724_polygon29_m3m/WILL/tile_20214.png,11
arctic_vegetation/20230724_polygon29_m3m/WILL/tile_20215.png,11
arctic_vegetation/20230724_polygon29_m3m/WILL/tile_20216.png,11
arctic_vegetation/20230724_polygon29_m3m/WILL/tile_20217.png,11
arctic_vegetation/20230724_polygon29_m3m/BIRC/tile_20218.png,2
arctic_vegetation/20230724_polygon29_m3m/BIRC/tile_20219.png,2
arctic_vegetation/20230724_polygon29_m3m/BIRC/tile_20220.png,2
arctic_vegetation/20230724_polygon29_m3m/WILL/tile_20221.png,11
arctic_vegetation/20230724_polygon29_m3m/WILL/tile_20222.png,11
arctic_vegetation/20230724_polygon29_m3m/WILL/tile_20223.png,11
arctic_vegetation/20230724_polygon29_m3m/WILL/tile_20224.png,11
arctic_vegetation/20230724_polygon29_m3m/WILL/tile_20225.png,11
arctic_vegetation/20230724_polygon29_m3m/WILL/tile_20226.png,11
arctic_vegetation/20230724_polygon29_m3m/WILL/tile_20227.png,11
arctic_vegetation/20230724_polygon29_m3m/WILL/tile_20228.png,11
arctic_vegetation/20230724_polygon29_m3m/BIRC/tile_20229.png,2
arctic_vegetation/20230724_polygon29_m3m/BIRC/tile_20230.png,2
arctic_vegetation/20230724_polygon29_m3m/BIRC/tile_20231.png,2
arctic_vegetation/20230724_polygon29_m3m/BIRC/tile_20232.png,2
arctic_vegetation/20230724_polygon29_m3m/BIRC/tile_20233.png,2
arctic_vegetation/20230724_polygon29_m3m/BIRC/tile_20234.png,2
arctic_vegetation/20230724_polygon29_m3m/BIRC/tile_20235.png,2
arctic_vegetation/20230724_polygon29_m3m/SEDG/tile_20236.png,9
arctic_vegetation/20230724_polygon29_m3m/SEDG/tile_20237.png,9
arctic_vegetation/20230724_polygon29_m3m/SEDG/tile_20238.png,9
arctic_vegetation/20230724_polygon29_m3m/LICH/tile_20394.png,4
arctic_vegetation/20230724_polygon29_m3m/LICH/tile_20395.png,4
arctic_vegetation/20230724_polygon29_m3m/LICH/tile_20396.png,4
arctic_vegetation/20230724_polygon29_m3m/LICH/tile_20397.png,4
arctic_vegetation/20230724_polygon29_m3m/LICH/tile_20398.png,4
arctic_vegetation/20230724_polygon29_m3m/LICH/tile_20410.png,4
arctic_vegetation/20230724_polygon29_m3m/LICH/tile_20411.png,4
arctic_vegetation/20230724_polygon29_m3m/LICH/tile_20412.png,4
arctic_vegetation/20230724_polygon29_m3m/LICH/tile_20413.png,4
arctic_vegetation/20230724_polygon29_m3m/LICH/tile_20414.png,4
arctic_vegetation/20230724_polygon29_m3m/LICH/tile_20415.png,4
arctic_vegetation/20230724_polygon29_m3m/SEDG/tile_20418.png,9
arctic_vegetation/20230724_polygon29_m3m/SEDG/tile_20419.png,9
arctic_vegetation/20230724_polygon29_m3m/WILL/tile_20422.png,11
arctic_vegetation/20230724_polygon29_m3m/WILL/tile_20423.png,11
arctic_vegetation/20230724_polygon29_m3m/WILL/tile_20424.png,11
arctic_vegetation/20230724_polygon29_m3m/BIRC/tile_20427.png,2
arctic_vegetation/20230724_polygon29_m3m/BIRC/tile_20428.png,2
arctic_vegetation/20230724_polygon29_m3m/ALDE/tile_20429.png,0
arctic_vegetation/20230724_polygon29_m3m/WILL/tile_20430.png,11
arctic_vegetation/20230724_polygon29_m3m/WILL/tile_20431.png,11
arctic_vegetation/20230724_polygon29_m3m/WILL/tile_20432.png,11
arctic_vegetation/20230724_polygon29_m3m/WILL/tile_20433.png,11
arctic_vegetation/20230724_polygon29_m3m/WILL/tile_20434.png,11
arctic_vegetation/20230724_polygon29_m3m/WILL/tile_20435.png,11
arctic_vegetation/20230724_polygon29_m3m/WILL/tile_20436.png,11
arctic_vegetation/20230724_polygon29_m3m/WILL/tile_20437.png,11
arctic_vegetation/20230724_polygon29_m3m/BIRC/tile_20438.png,2
arctic_vegetation/20230724_polygon29_m3m/BIRC/tile_20439.png,2
arctic_vegetation/20230724_polygon29_m3m/BIRC/tile_20440.png,2
arctic_vegetation/20230724_polygon29_m3m/BIRC/tile_20441.png,2
arctic_vegetation/20230724_polygon29_m3m/BIRC/tile_20442.png,2
arctic_vegetation/20230724_polygon29_m3m/BIRC/tile_20443.png,2
arctic_vegetation/20230724_polygon29_m3m/BIRC/tile_20444.png,2
arctic_vegetation/20230724_polygon29_m3m/BIRC/tile_20445.png,2
arctic_vegetation/20230724_polygon29_m3m/BIRC/tile_20446.png,2
arctic_vegetation/20230724_polygon29_m3m/BIRC/tile_20447.png,2
arctic_vegetation/20230724_polygon29_m3m/LICH/tile_20564.png,4
arctic_vegetation/20230724_polygon29_m3m/LICH/tile_20565.png,4
arctic_vegetation/20230724_polygon29_m3m/LICH/tile_20566.png,4
arctic_vegetation/20230724_polygon29_m3m/LICH/tile_20567.png,4
arctic_vegetation/20230724_polygon29_m3m/LICH/tile_20603.png,4
arctic_vegetation/20230724_polygon29_m3m/LICH/tile_20604.png,4
arctic_vegetation/20230724_polygon29_m3m/LICH/tile_20605.png,4
arctic_vegetation/20230724_polygon29_m3m/LICH/tile_20606.png,4
arctic_vegetation/20230724_polygon29_m3m/LICH/tile_20607.png,4
arctic_vegetation/20230724_polygon29_m3m/LICH/tile_20619.png,4
arctic_vegetation/20230724_polygon29_m3m/LICH/tile_20620.png,4
arctic_vegetation/20230724_polygon29_m3m/LICH/tile_20621.png,4
arctic_vegetation/20230724_polygon29_m3m/LICH/tile_20622.png,4
arctic_vegetation/20230724_polygon29_m3m/LICH/tile_20623.png,4
arctic_vegetation/20230724_polygon29_m3m/LICH/tile_20624.png,4
arctic_vegetation/20230724_polygon29_m3m/ALDE/tile_20626.png,0
arctic_vegetation/20230724_polygon29_m3m/ALDE/tile_20627.png,0
arctic_vegetation/20230724_polygon29_m3m/ALDE/tile_20628.png,0
arctic_vegetation/20230724_polygon29_m3m/ALDE/tile_20629.png,0
arctic_vegetation/20230724_polygon29_m3m/ALDE/tile_20630.png,0
arctic_vegetation/20230724_polygon29_m3m/ALDE/tile_20631.png,0
arctic_vegetation/20230724_polygon29_m3m/ALDE/tile_20632.png,0
arctic_vegetation/20230724_polygon29_m3m/ALDE/tile_20633.png,0
arctic_vegetation/20230724_polygon29_m3m/ALDE/tile_20634.png,0
arctic_vegetation/20230724_polygon29_m3m/ALDE/tile_20635.png,0
arctic_vegetation/20230724_polygon29_m3m/ALDE/tile_20636.png,0
arctic_vegetation/20230724_polygon29_m3m/ALDE/tile_20637.png,0
arctic_vegetation/20230724_polygon29_m3m/ALDE/tile_20638.png,0
arctic_vegetation/20230724_polygon29_m3m/WILL/tile_20639.png,11
arctic_vegetation/20230724_polygon29_m3m/WILL/tile_20640.png,11
arctic_vegetation/20230724_polygon29_m3m/WILL/tile_20641.png,11
arctic_vegetation/20230724_polygon29_m3m/WILL/tile_20642.png,11
arctic_vegetation/20230724_polygon29_m3m/WILL/tile_20643.png,11
arctic_vegetation/20230724_polygon29_m3m/WILL/tile_20644.png,11
arctic_vegetation/20230724_polygon29_m3m/WILL/tile_20645.png,11
arctic_vegetation/20230724_polygon29_m3m/WILL/tile_20646.png,11
arctic_vegetation/20230724_polygon29_m3m/BIRC/tile_20647.png,2
arctic_vegetation/20230724_polygon29_m3m/BIRC/tile_20648.png,2
arctic_vegetation/20230724_polygon29_m3m/BIRC/tile_20649.png,2
arctic_vegetation/20230724_polygon29_m3m/BIRC/tile_20650.png,2
arctic_vegetation/20230724_polygon29_m3m/BIRC/tile_20651.png,2
arctic_vegetation/20230724_polygon29_m3m/BIRC/tile_20652.png,2
arctic_vegetation/20230724_polygon29_m3m/BIRC/tile_20653.png,2
arctic_vegetation/20230724_polygon29_m3m/BIRC/tile_20654.png,2
arctic_vegetation/20230724_polygon29_m3m/BIRC/tile_20655.png,2
arctic_vegetation/20230724_polygon29_m3m/BIRC/tile_20656.png,2
arctic_vegetation/20230724_polygon29_m3m/SEDG/tile_20657.png,9
arctic_vegetation/20230724_polygon29_m3m/SEDG/tile_20658.png,9
arctic_vegetation/20230724_polygon29_m3m/LICH/tile_20773.png,4
arctic_vegetation/20230724_polygon29_m3m/LICH/tile_20774.png,4
arctic_vegetation/20230724_polygon29_m3m/LICH/tile_20775.png,4
arctic_vegetation/20230724_polygon29_m3m/LICH/tile_20776.png,4
arctic_vegetation/20230724_polygon29_m3m/LICH/tile_20812.png,4
arctic_vegetation/20230724_polygon29_m3m/LICH/tile_20813.png,4
arctic_vegetation/20230724_polygon29_m3m/LICH/tile_20814.png,4
arctic_vegetation/20230724_polygon29_m3m/LICH/tile_20815.png,4
arctic_vegetation/20230724_polygon29_m3m/LICH/tile_20816.png,4
arctic_vegetation/20230724_polygon29_m3m/ALDE/tile_20835.png,0
arctic_vegetation/20230724_polygon29_m3m/ALDE/tile_20836.png,0
arctic_vegetation/20230724_polygon29_m3m/ALDE/tile_20837.png,0
arctic_vegetation/20230724_polygon29_m3m/ALDE/tile_20838.png,0
arctic_vegetation/20230724_polygon29_m3m/ALDE/tile_20839.png,0
arctic_vegetation/20230724_polygon29_m3m/ALDE/tile_20840.png,0
arctic_vegetation/20230724_polygon29_m3m/ALDE/tile_20841.png,0
arctic_vegetation/20230724_polygon29_m3m/ALDE/tile_20842.png,0
arctic_vegetation/20230724_polygon29_m3m/ALDE/tile_20843.png,0
arctic_vegetation/20230724_polygon29_m3m/ALDE/tile_20844.png,0
arctic_vegetation/20230724_polygon29_m3m/ALDE/tile_20845.png,0
arctic_vegetation/20230724_polygon29_m3m/ALDE/tile_20846.png,0
arctic_vegetation/20230724_polygon29_m3m/ALDE/tile_20847.png,0
arctic_vegetation/20230724_polygon29_m3m/WILL/tile_20848.png,11
arctic_vegetation/20230724_polygon29_m3m/WILL/tile_20849.png,11
arctic_vegetation/20230724_polygon29_m3m/WILL/tile_20850.png,11
arctic_vegetation/20230724_polygon29_m3m/WILL/tile_20851.png,11
arctic_vegetation/20230724_polygon29_m3m/WILL/tile_20852.png,11
arctic_vegetation/20230724_polygon29_m3m/WILL/tile_20853.png,11
arctic_vegetation/20230724_polygon29_m3m/WILL/tile_20854.png,11
arctic_vegetation/20230724_polygon29_m3m/WILL/tile_20855.png,11
arctic_vegetation/20230724_polygon29_m3m/SEDG/tile_20856.png,9
arctic_vegetation/20230724_polygon29_m3m/SEDG/tile_20857.png,9
arctic_vegetation/20230724_polygon29_m3m/SEDG/tile_20858.png,9
arctic_vegetation/20230724_polygon29_m3m/TUSS/tile_20859.png,10
arctic_vegetation/20230724_polygon29_m3m/TUSS/tile_20860.png,10
arctic_vegetation/20230724_polygon29_m3m/TUSS/tile_20861.png,10
arctic_vegetation/20230724_polygon29_m3m/TUSS/tile_20862.png,10
arctic_vegetation/20230724_polygon29_m3m/BIRC/tile_20863.png,2
arctic_vegetation/20230724_polygon29_m3m/BIRC/tile_20864.png,2
arctic_vegetation/20230724_polygon29_m3m/BIRC/tile_20865.png,2
arctic_vegetation/20230724_polygon29_m3m/SEDG/tile_20866.png,9
arctic_vegetation/20230724_polygon29_m3m/SEDG/tile_20867.png,9
arctic_vegetation/20230724_polygon29_m3m/LICH/tile_20982.png,4
arctic_vegetation/20230724_polygon29_m3m/LICH/tile_20983.png,4
arctic_vegetation/20230724_polygon29_m3m/LICH/tile_20984.png,4
arctic_vegetation/20230724_polygon29_m3m/LICH/tile_20985.png,4
arctic_vegetation/20230724_polygon29_m3m/LICH/tile_21021.png,4
arctic_vegetation/20230724_polygon29_m3m/LICH/tile_21022.png,4
arctic_vegetation/20230724_polygon29_m3m/LICH/tile_21023.png,4
arctic_vegetation/20230724_polygon29_m3m/LICH/tile_21024.png,4
arctic_vegetation/20230724_polygon29_m3m/LICH/tile_21025.png,4
arctic_vegetation/20230724_polygon29_m3m/ALDE/tile_21044.png,0
arctic_vegetation/20230724_polygon29_m3m/ALDE/tile_21045.png,0
arctic_vegetation/20230724_polygon29_m3m/ALDE/tile_21046.png,0
arctic_vegetation/20230724_polygon29_m3m/ALDE/tile_21047.png,0
arctic_vegetation/20230724_polygon29_m3m/ALDE/tile_21048.png,0
arctic_vegetation/20230724_polygon29_m3m/ALDE/tile_21049.png,0
arctic_vegetation/20230724_polygon29_m3m/ALDE/tile_21050.png,0
arctic_vegetation/20230724_polygon29_m3m/ALDE/tile_21051.png,0
arctic_vegetation/20230724_polygon29_m3m/ALDE/tile_21052.png,0
arctic_vegetation/20230724_polygon29_m3m/ALDE/tile_21053.png,0
arctic_vegetation/20230724_polygon29_m3m/ALDE/tile_21054.png,0
arctic_vegetation/20230724_polygon29_m3m/ALDE/tile_21055.png,0
arctic_vegetation/20230724_polygon29_m3m/ALDE/tile_21056.png,0
arctic_vegetation/20230724_polygon29_m3m/WILL/tile_21057.png,11
arctic_vegetation/20230724_polygon29_m3m/WILL/tile_21058.png,11
arctic_vegetation/20230724_polygon29_m3m/WILL/tile_21059.png,11
arctic_vegetation/20230724_polygon29_m3m/WILL/tile_21060.png,11
arctic_vegetation/20230724_polygon29_m3m/WILL/tile_21061.png,11
arctic_vegetation/20230724_polygon29_m3m/WILL/tile_21062.png,11
arctic_vegetation/20230724_polygon29_m3m/WILL/tile_21063.png,11
arctic_vegetation/20230724_polygon29_m3m/WILL/tile_21064.png,11
arctic_vegetation/20230724_polygon29_m3m/SEDG/tile_21065.png,9
arctic_vegetation/20230724_polygon29_m3m/SEDG/tile_21066.png,9
arctic_vegetation/20230724_polygon29_m3m/SEDG/tile_21067.png,9
arctic_vegetation/20230724_polygon29_m3m/TUSS/tile_21068.png,10
arctic_vegetation/20230724_polygon29_m3m/TUSS/tile_21069.png,10
arctic_vegetation/20230724_polygon29_m3m/TUSS/tile_21070.png,10
arctic_vegetation/20230724_polygon29_m3m/TUSS/tile_21071.png,10
arctic_vegetation/20230724_polygon29_m3m/TUSS/tile_21072.png,10
arctic_vegetation/20230724_polygon29_m3m/TUSS/tile_21073.png,10
arctic_vegetation/20230724_polygon29_m3m/BIRC/tile_21074.png,2
arctic_vegetation/20230724_polygon29_m3m/SEDG/tile_21075.png,9
arctic_vegetation/20230724_polygon29_m3m/SEDG/tile_21076.png,9
arctic_vegetation/20230724_polygon29_m3m/SEDG/tile_21081.png,9
arctic_vegetation/20230724_polygon29_m3m/SEDG/tile_21082.png,9
arctic_vegetation/20230724_polygon29_m3m/SEDG/tile_21083.png,9
arctic_vegetation/20230724_polygon29_m3m/LICH/tile_21191.png,4
arctic_vegetation/20230724_polygon29_m3m/LICH/tile_21192.png,4
arctic_vegetation/20230724_polygon29_m3m/LICH/tile_21193.png,4
arctic_vegetation/20230724_polygon29_m3m/LICH/tile_21194.png,4
arctic_vegetation/20230724_polygon29_m3m/LICH/tile_21233.png,4
arctic_vegetation/20230724_polygon29_m3m/LICH/tile_21234.png,4
arctic_vegetation/20230724_polygon29_m3m/ALDE/tile_21253.png,0
arctic_vegetation/20230724_polygon29_m3m/ALDE/tile_21254.png,0
arctic_vegetation/20230724_polygon29_m3m/ALDE/tile_21255.png,0
arctic_vegetation/20230724_polygon29_m3m/ALDE/tile_21256.png,0
arctic_vegetation/20230724_polygon29_m3m/ALDE/tile_21257.png,0
arctic_vegetation/20230724_polygon29_m3m/ALDE/tile_21258.png,0
arctic_vegetation/20230724_polygon29_m3m/ALDE/tile_21259.png,0
arctic_vegetation/20230724_polygon29_m3m/ALDE/tile_21260.png,0
arctic_vegetation/20230724_polygon29_m3m/ALDE/tile_21261.png,0
arctic_vegetation/20230724_polygon29_m3m/ALDE/tile_21262.png,0
arctic_vegetation/20230724_polygon29_m3m/ALDE/tile_21263.png,0
arctic_vegetation/20230724_polygon29_m3m/ALDE/tile_21264.png,0
arctic_vegetation/20230724_polygon29_m3m/ALDE/tile_21265.png,0
arctic_vegetation/20230724_polygon29_m3m/WILL/tile_21266.png,11
arctic_vegetation/20230724_polygon29_m3m/WILL/tile_21267.png,11
arctic_vegetation/20230724_polygon29_m3m/WILL/tile_21268.png,11
arctic_vegetation/20230724_polygon29_m3m/WILL/tile_21269.png,11
arctic_vegetation/20230724_polygon29_m3m/WILL/tile_21270.png,11
arctic_vegetation/20230724_polygon29_m3m/WILL/tile_21271.png,11
arctic_vegetation/20230724_polygon29_m3m/WILL/tile_21272.png,11
arctic_vegetation/20230724_polygon29_m3m/WILL/tile_21273.png,11
arctic_vegetation/20230724_polygon29_m3m/ALDE/tile_21274.png,0
arctic_vegetation/20230724_polygon29_m3m/SEDG/tile_21275.png,9
arctic_vegetation/20230724_polygon29_m3m/SEDG/tile_21276.png,9
arctic_vegetation/20230724_polygon29_m3m/TUSS/tile_21277.png,10
arctic_vegetation/20230724_polygon29_m3m/TUSS/tile_21278.png,10
arctic_vegetation/20230724_polygon29_m3m/TUSS/tile_21279.png,10
arctic_vegetation/20230724_polygon29_m3m/TUSS/tile_21280.png,10
arctic_vegetation/20230724_polygon29_m3m/TUSS/tile_21281.png,10
arctic_vegetation/20230724_polygon29_m3m/TUSS/tile_21282.png,10
arctic_vegetation/20230724_polygon29_m3m/SEDG/tile_21283.png,9
arctic_vegetation/20230724_polygon29_m3m/ALDE/tile_21284.png,0
arctic_vegetation/20230724_polygon29_m3m/ALDE/tile_21285.png,0
arctic_vegetation/20230724_polygon29_m3m/SEDG/tile_21286.png,9
arctic_vegetation/20230724_polygon29_m3m/SEDG/tile_21287.png,9
arctic_vegetation/20230724_polygon29_m3m/SEDG/tile_21288.png,9
arctic_vegetation/20230724_polygon29_m3m/SEDG/tile_21289.png,9
arctic_vegetation/20230724_polygon29_m3m/SEDG/tile_21290.png,9
arctic_vegetation/20230724_polygon29_m3m/SEDG/tile_21291.png,9
arctic_vegetation/20230724_polygon29_m3m/SEDG/tile_21292.png,9
arctic_vegetation/20230724_polygon29_m3m/SEDG/tile_21293.png,9
arctic_vegetation/20230724_polygon29_m3m/LICH/tile_21400.png,4
arctic_vegetation/20230724_polygon29_m3m/LICH/tile_21401.png,4
arctic_vegetation/20230724_polygon29_m3m/LICH/tile_21402.png,4
arctic_vegetation/20230724_polygon29_m3m/LICH/tile_21403.png,4
arctic_vegetation/20230724_polygon29_m3m/ALDE/tile_21462.png,0
arctic_vegetation/20230724_polygon29_m3m/ALDE/tile_21463.png,0
arctic_vegetation/20230724_polygon29_m3m/ALDE/tile_21464.png,0
arctic_vegetation/20230724_polygon29_m3m/ALDE/tile_21465.png,0
arctic_vegetation/20230724_polygon29_m3m/ALDE/tile_21466.png,0
arctic_vegetation/20230724_polygon29_m3m/ALDE/tile_21467.png,0
arctic_vegetation/20230724_polygon29_m3m/ALDE/tile_21468.png,0
arctic_vegetation/20230724_polygon29_m3m/ALDE/tile_21469.png,0
arctic_vegetation/20230724_polygon29_m3m/ALDE/tile_21470.png,0
arctic_vegetation/20230724_polygon29_m3m/ALDE/tile_21471.png,0
arctic_vegetation/20230724_polygon29_m3m/ALDE/tile_21472.png,0
arctic_vegetation/20230724_polygon29_m3m/ALDE/tile_21473.png,0
arctic_vegetation/20230724_polygon29_m3m/ALDE/tile_21474.png,0
arctic_vegetation/20230724_polygon29_m3m/WILL/tile_21475.png,11
arctic_vegetation/20230724_polygon29_m3m/WILL/tile_21476.png,11
arctic_vegetation/20230724_polygon29_m3m/BIRC/tile_21477.png,2
arctic_vegetation/20230724_polygon29_m3m/WILL/tile_21478.png,11
arctic_vegetation/20230724_polygon29_m3m/WILL/tile_21479.png,11
arctic_vegetation/20230724_polygon29_m3m/WILL/tile_21480.png,11
arctic_vegetation/20230724_polygon29_m3m/WILL/tile_21481.png,11
arctic_vegetation/20230724_polygon29_m3m/WILL/tile_21482.png,11
arctic_vegetation/20230724_polygon29_m3m/ALDE/tile_21483.png,0
arctic_vegetation/20230724_polygon29_m3m/ALDE/tile_21484.png,0
arctic_vegetation/20230724_polygon29_m3m/BIRC/tile_21485.png,2
arctic_vegetation/20230724_polygon29_m3m/TUSS/tile_21486.png,10
arctic_vegetation/20230724_polygon29_m3m/TUSS/tile_21487.png,10
arctic_vegetation/20230724_polygon29_m3m/TUSS/tile_21488.png,10
arctic_vegetation/20230724_polygon29_m3m/TUSS/tile_21489.png,10
arctic_vegetation/20230724_polygon29_m3m/TUSS/tile_21490.png,10
arctic_vegetation/20230724_polygon29_m3m/TUSS/tile_21491.png,10
arctic_vegetation/20230724_polygon29_m3m/ALDE/tile_21492.png,0
arctic_vegetation/20230724_polygon29_m3m/ALDE/tile_21493.png,0
arctic_vegetation/20230724_polygon29_m3m/ALDE/tile_21494.png,0
arctic_vegetation/20230724_polygon29_m3m/SEDG/tile_21495.png,9
arctic_vegetation/20230724_polygon29_m3m/SEDG/tile_21496.png,9
arctic_vegetation/20230724_polygon29_m3m/SEDG/tile_21497.png,9
arctic_vegetation/20230724_polygon29_m3m/SEDG/tile_21498.png,9
arctic_vegetation/20230724_polygon29_m3m/SEDG/tile_21499.png,9
arctic_vegetation/20230724_polygon29_m3m/SEDG/tile_21500.png,9
arctic_vegetation/20230724_polygon29_m3m/SEDG/tile_21501.png,9
arctic_vegetation/20230724_polygon29_m3m/SEDG/tile_21502.png,9
arctic_vegetation/20230724_polygon29_m3m/LICH/tile_21609.png,4
arctic_vegetation/20230724_polygon29_m3m/LICH/tile_21610.png,4
arctic_vegetation/20230724_polygon29_m3m/LICH/tile_21611.png,4
arctic_vegetation/20230724_polygon29_m3m/LICH/tile_21612.png,4
arctic_vegetation/20230724_polygon29_m3m/ALDE/tile_21671.png,0
arctic_vegetation/20230724_polygon29_m3m/ALDE/tile_21672.png,0
arctic_vegetation/20230724_polygon29_m3m/ALDE/tile_21673.png,0
arctic_vegetation/20230724_polygon29_m3m/ALDE/tile_21674.png,0
arctic_vegetation/20230724_polygon29_m3m/ALDE/tile_21675.png,0
arctic_vegetation/20230724_polygon29_m3m/ALDE/tile_21676.png,0
arctic_vegetation/20230724_polygon29_m3m/ALDE/tile_21677.png,0
arctic_vegetation/20230724_polygon29_m3m/ALDE/tile_21678.png,0
arctic_vegetation/20230724_polygon29_m3m/ALDE/tile_21679.png,0
arctic_vegetation/20230724_polygon29_m3m/ALDE/tile_21680.png,0
arctic_vegetation/20230724_polygon29_m3m/ALDE/tile_21681.png,0
arctic_vegetation/20230724_polygon29_m3m/ALDE/tile_21682.png,0
arctic_vegetation/20230724_polygon29_m3m/ALDE/tile_21683.png,0
arctic_vegetation/20230724_polygon29_m3m/WILL/tile_21684.png,11
arctic_vegetation/20230724_polygon29_m3m/WILL/tile_21685.png,11
arctic_vegetation/20230724_polygon29_m3m/WILL/tile_21686.png,11
arctic_vegetation/20230724_polygon29_m3m/BIRC/tile_21687.png,2
arctic_vegetation/20230724_polygon29_m3m/BIRC/tile_21688.png,2
arctic_vegetation/20230724_polygon29_m3m/BIRC/tile_21692.png,2
arctic_vegetation/20230724_polygon29_m3m/BIRC/tile_21693.png,2
arctic_vegetation/20230724_polygon29_m3m/BIRC/tile_21694.png,2
arctic_vegetation/20230724_polygon29_m3m/TUSS/tile_21695.png,10
arctic_vegetation/20230724_polygon29_m3m/TUSS/tile_21696.png,10
arctic_vegetation/20230724_polygon29_m3m/TUSS/tile_21697.png,10
arctic_vegetation/20230724_polygon29_m3m/TUSS/tile_21698.png,10
arctic_vegetation/20230724_polygon29_m3m/TUSS/tile_21699.png,10
arctic_vegetation/20230724_polygon29_m3m/TUSS/tile_21700.png,10
arctic_vegetation/20230724_polygon29_m3m/ALDE/tile_21701.png,0
arctic_vegetation/20230724_polygon29_m3m/ALDE/tile_21702.png,0
arctic_vegetation/20230724_polygon29_m3m/ALDE/tile_21703.png,0
arctic_vegetation/20230724_polygon29_m3m/ALDE/tile_21704.png,0
arctic_vegetation/20230724_polygon29_m3m/SEDG/tile_21705.png,9
arctic_vegetation/20230724_polygon29_m3m/SEDG/tile_21706.png,9
arctic_vegetation/20230724_polygon29_m3m/SEDG/tile_21707.png,9
arctic_vegetation/20230724_polygon29_m3m/SEDG/tile_21708.png,9
arctic_vegetation/20230724_polygon29_m3m/SEDG/tile_21709.png,9
arctic_vegetation/20230724_polygon29_m3m/SEDG/tile_21710.png,9
arctic_vegetation/20230724_polygon29_m3m/SEDG/tile_21711.png,9
arctic_vegetation/20230724_polygon29_m3m/SEDG/tile_21715.png,9
arctic_vegetation/20230724_polygon29_m3m/SEDG/tile_21716.png,9
arctic_vegetation/20230724_polygon29_m3m/SEDG/tile_21717.png,9
arctic_vegetation/20230724_polygon29_m3m/SEDG/tile_21718.png,9
arctic_vegetation/20230724_polygon29_m3m/SEDG/tile_21719.png,9
arctic_vegetation/20230724_polygon29_m3m/SEDG/tile_21720.png,9
arctic_vegetation/20230724_polygon29_m3m/SEDG/tile_21721.png,9
arctic_vegetation/20230724_polygon29_m3m/SEDG/tile_21722.png,9
arctic_vegetation/20230724_polygon29_m3m/SEDG/tile_21723.png,9
arctic_vegetation/20230724_polygon29_m3m/SEDG/tile_21724.png,9
arctic_vegetation/20230724_polygon29_m3m/SEDG/tile_21725.png,9
arctic_vegetation/20230724_polygon29_m3m/SEDG/tile_21726.png,9
arctic_vegetation/20230724_polygon29_m3m/SEDG/tile_21727.png,9
arctic_vegetation/20230724_polygon29_m3m/SEDG/tile_21823.png,9
arctic_vegetation/20230724_polygon29_m3m/SEDG/tile_21824.png,9
arctic_vegetation/20230724_polygon29_m3m/SEDG/tile_21825.png,9
arctic_vegetation/20230724_polygon29_m3m/SEDG/tile_21826.png,9
arctic_vegetation/20230724_polygon29_m3m/ALDE/tile_21880.png,0
arctic_vegetation/20230724_polygon29_m3m/ALDE/tile_21881.png,0
arctic_vegetation/20230724_polygon29_m3m/ALDE/tile_21882.png,0
arctic_vegetation/20230724_polygon29_m3m/ALDE/tile_21883.png,0
arctic_vegetation/20230724_polygon29_m3m/ALDE/tile_21884.png,0
arctic_vegetation/20230724_polygon29_m3m/ALDE/tile_21885.png,0
arctic_vegetation/20230724_polygon29_m3m/ALDE/tile_21886.png,0
arctic_vegetation/20230724_polygon29_m3m/ALDE/tile_21887.png,0
arctic_vegetation/20230724_polygon29_m3m/ALDE/tile_21888.png,0
arctic_vegetation/20230724_polygon29_m3m/ALDE/tile_21889.png,0
arctic_vegetation/20230724_polygon29_m3m/ALDE/tile_21890.png,0
arctic_vegetation/20230724_polygon29_m3m/ALDE/tile_21891.png,0
arctic_vegetation/20230724_polygon29_m3m/ALDE/tile_21892.png,0
arctic_vegetation/20230724_polygon29_m3m/TUSS/tile_21904.png,10
arctic_vegetation/20230724_polygon29_m3m/TUSS/tile_21905.png,10
arctic_vegetation/20230724_polygon29_m3m/TUSS/tile_21906.png,10
arctic_vegetation/20230724_polygon29_m3m/TUSS/tile_21907.png,10
arctic_vegetation/20230724_polygon29_m3m/TUSS/tile_21908.png,10
arctic_vegetation/20230724_polygon29_m3m/TUSS/tile_21909.png,10
arctic_vegetation/20230724_polygon29_m3m/ALDE/tile_21910.png,0
arctic_vegetation/20230724_polygon29_m3m/ALDE/tile_21911.png,0
arctic_vegetation/20230724_polygon29_m3m/ALDE/tile_21912.png,0
arctic_vegetation/20230724_polygon29_m3m/ALDE/tile_21913.png,0
arctic_vegetation/20230724_polygon29_m3m/SEDG/tile_21914.png,9
arctic_vegetation/20230724_polygon29_m3m/SEDG/tile_21915.png,9
arctic_vegetation/20230724_polygon29_m3m/SEDG/tile_21916.png,9
arctic_vegetation/20230724_polygon29_m3m/SEDG/tile_21917.png,9
arctic_vegetation/20230724_polygon29_m3m/SEDG/tile_21918.png,9
arctic_vegetation/20230724_polygon29_m3m/SEDG/tile_21919.png,9
arctic_vegetation/20230724_polygon29_m3m/SEDG/tile_21920.png,9
arctic_vegetation/20230724_polygon29_m3m/SEDG/tile_21924.png,9
arctic_vegetation/20230724_polygon29_m3m/SEDG/tile_21925.png,9
arctic_vegetation/20230724_polygon29_m3m/SEDG/tile_21926.png,9
arctic_vegetation/20230724_polygon29_m3m/SEDG/tile_21927.png,9
arctic_vegetation/20230724_polygon29_m3m/SEDG/tile_21928.png,9
arctic_vegetation/20230724_polygon29_m3m/SEDG/tile_21929.png,9
arctic_vegetation/20230724_polygon29_m3m/SEDG/tile_21930.png,9
arctic_vegetation/20230724_polygon29_m3m/SEDG/tile_21931.png,9
arctic_vegetation/20230724_polygon29_m3m/SEDG/tile_21932.png,9
arctic_vegetation/20230724_polygon29_m3m/SEDG/tile_21933.png,9
arctic_vegetation/20230724_polygon29_m3m/SEDG/tile_21934.png,9
arctic_vegetation/20230724_polygon29_m3m/SEDG/tile_21935.png,9
arctic_vegetation/20230724_polygon29_m3m/SEDG/tile_21936.png,9
arctic_vegetation/20230724_polygon29_m3m/SEDG/tile_22031.png,9
arctic_vegetation/20230724_polygon29_m3m/SEDG/tile_22032.png,9
arctic_vegetation/20230724_polygon29_m3m/SEDG/tile_22033.png,9
arctic_vegetation/20230724_polygon29_m3m/SEDG/tile_22034.png,9
arctic_vegetation/20230724_polygon29_m3m/SEDG/tile_22035.png,9
arctic_vegetation/20230724_polygon29_m3m/MOSS/tile_22088.png,5
arctic_vegetation/20230724_polygon29_m3m/ALDE/tile_22089.png,0
arctic_vegetation/20230724_polygon29_m3m/ALDE/tile_22090.png,0
arctic_vegetation/20230724_polygon29_m3m/ALDE/tile_22091.png,0
arctic_vegetation/20230724_polygon29_m3m/ALDE/tile_22092.png,0
arctic_vegetation/20230724_polygon29_m3m/ALDE/tile_22093.png,0
arctic_vegetation/20230724_polygon29_m3m/ALDE/tile_22094.png,0
arctic_vegetation/20230724_polygon29_m3m/ALDE/tile_22095.png,0
arctic_vegetation/20230724_polygon29_m3m/ALDE/tile_22096.png,0
arctic_vegetation/20230724_polygon29_m3m/ALDE/tile_22097.png,0
arctic_vegetation/20230724_polygon29_m3m/ALDE/tile_22098.png,0
arctic_vegetation/20230724_polygon29_m3m/ALDE/tile_22099.png,0
arctic_vegetation/20230724_polygon29_m3m/ALDE/tile_22100.png,0
arctic_vegetation/20230724_polygon29_m3m/ALDE/tile_22101.png,0
arctic_vegetation/20230724_polygon29_m3m/BIRC/tile_22113.png,2
arctic_vegetation/20230724_polygon29_m3m/TUSS/tile_22114.png,10
arctic_vegetation/20230724_polygon29_m3m/TUSS/tile_22115.png,10
arctic_vegetation/20230724_polygon29_m3m/TUSS/tile_22116.png,10
arctic_vegetation/20230724_polygon29_m3m/TUSS/tile_22117.png,10
arctic_vegetation/20230724_polygon29_m3m/TUSS/tile_22118.png,10
arctic_vegetation/20230724_polygon29_m3m/SEDG/tile_22119.png,9
arctic_vegetation/20230724_polygon29_m3m/SEDG/tile_22120.png,9
arctic_vegetation/20230724_polygon29_m3m/ALDE/tile_22121.png,0
arctic_vegetation/20230724_polygon29_m3m/ALDE/tile_22122.png,0
arctic_vegetation/20230724_polygon29_m3m/SEDG/tile_22123.png,9
arctic_vegetation/20230724_polygon29_m3m/SEDG/tile_22124.png,9
arctic_vegetation/20230724_polygon29_m3m/SEDG/tile_22125.png,9
arctic_vegetation/20230724_polygon29_m3m/SEDG/tile_22126.png,9
arctic_vegetation/20230724_polygon29_m3m/SEDG/tile_22127.png,9
arctic_vegetation/20230724_polygon29_m3m/SEDG/tile_22128.png,9
arctic_vegetation/20230724_polygon29_m3m/SEDG/tile_22129.png,9
arctic_vegetation/20230724_polygon29_m3m/SEDG/tile_22133.png,9
arctic_vegetation/20230724_polygon29_m3m/SEDG/tile_22134.png,9
arctic_vegetation/20230724_polygon29_m3m/SEDG/tile_22135.png,9
arctic_vegetation/20230724_polygon29_m3m/SEDG/tile_22136.png,9
arctic_vegetation/20230724_polygon29_m3m/SEDG/tile_22137.png,9
arctic_vegetation/20230724_polygon29_m3m/SEDG/tile_22138.png,9
arctic_vegetation/20230724_polygon29_m3m/SEDG/tile_22139.png,9
arctic_vegetation/20230724_polygon29_m3m/SEDG/tile_22140.png,9
arctic_vegetation/20230724_polygon29_m3m/SEDG/tile_22141.png,9
arctic_vegetation/20230724_polygon29_m3m/SEDG/tile_22142.png,9
arctic_vegetation/20230724_polygon29_m3m/SEDG/tile_22143.png,9
arctic_vegetation/20230724_polygon29_m3m/SEDG/tile_22144.png,9
arctic_vegetation/20230724_polygon29_m3m/SEDG/tile_22145.png,9
arctic_vegetation/20230724_polygon29_m3m/SEDG/tile_22239.png,9
arctic_vegetation/20230724_polygon29_m3m/SEDG/tile_22240.png,9
arctic_vegetation/20230724_polygon29_m3m/SEDG/tile_22241.png,9
arctic_vegetation/20230724_polygon29_m3m/SEDG/tile_22242.png,9
arctic_vegetation/20230724_polygon29_m3m/SEDG/tile_22243.png,9
arctic_vegetation/20230724_polygon29_m3m/SEDG/tile_22244.png,9
arctic_vegetation/20230724_polygon29_m3m/DRYI/tile_22245.png,3
arctic_vegetation/20230724_polygon29_m3m/MOSS/tile_22297.png,5
arctic_vegetation/20230724_polygon29_m3m/MOSS/tile_22298.png,5
arctic_vegetation/20230724_polygon29_m3m/MOSS/tile_22299.png,5
arctic_vegetation/20230724_polygon29_m3m/ALDE/tile_22305.png,0
arctic_vegetation/20230724_polygon29_m3m/ALDE/tile_22306.png,0
arctic_vegetation/20230724_polygon29_m3m/ALDE/tile_22307.png,0
arctic_vegetation/20230724_polygon29_m3m/ALDE/tile_22308.png,0
arctic_vegetation/20230724_polygon29_m3m/ALDE/tile_22309.png,0
arctic_vegetation/20230724_polygon29_m3m/ALDE/tile_22310.png,0
arctic_vegetation/20230724_polygon29_m3m/BIRC/tile_22322.png,2
arctic_vegetation/20230724_polygon29_m3m/BIRC/tile_22323.png,2
arctic_vegetation/20230724_polygon29_m3m/BIRC/tile_22324.png,2
arctic_vegetation/20230724_polygon29_m3m/SEDG/tile_22342.png,9
arctic_vegetation/20230724_polygon29_m3m/SEDG/tile_22343.png,9
arctic_vegetation/20230724_polygon29_m3m/SEDG/tile_22344.png,9
arctic_vegetation/20230724_polygon29_m3m/SEDG/tile_22345.png,9
arctic_vegetation/20230724_polygon29_m3m/SEDG/tile_22346.png,9
arctic_vegetation/20230724_polygon29_m3m/SEDG/tile_22347.png,9
arctic_vegetation/20230724_polygon29_m3m/SEDG/tile_22348.png,9
arctic_vegetation/20230724_polygon29_m3m/SEDG/tile_22349.png,9
arctic_vegetation/20230724_polygon29_m3m/SEDG/tile_22350.png,9
arctic_vegetation/20230724_polygon29_m3m/SEDG/tile_22351.png,9
arctic_vegetation/20230724_polygon29_m3m/SEDG/tile_22352.png,9
arctic_vegetation/20230724_polygon29_m3m/SEDG/tile_22353.png,9
arctic_vegetation/20230724_polygon29_m3m/SEDG/tile_22448.png,9
arctic_vegetation/20230724_polygon29_m3m/SEDG/tile_22449.png,9
arctic_vegetation/20230724_polygon29_m3m/SEDG/tile_22450.png,9
arctic_vegetation/20230724_polygon29_m3m/SEDG/tile_22451.png,9
arctic_vegetation/20230724_polygon29_m3m/DRYI/tile_22452.png,3
arctic_vegetation/20230724_polygon29_m3m/DRYI/tile_22453.png,3
arctic_vegetation/20230724_polygon29_m3m/DRYI/tile_22454.png,3
arctic_vegetation/20230724_polygon29_m3m/MOSS/tile_22505.png,5
arctic_vegetation/20230724_polygon29_m3m/MOSS/tile_22506.png,5
arctic_vegetation/20230724_polygon29_m3m/MOSS/tile_22507.png,5
arctic_vegetation/20230724_polygon29_m3m/MOSS/tile_22508.png,5
arctic_vegetation/20230724_polygon29_m3m/SEDG/tile_22540.png,9
arctic_vegetation/20230724_polygon29_m3m/ALDE/tile_22541.png,0
arctic_vegetation/20230724_polygon29_m3m/ALDE/tile_22542.png,0
arctic_vegetation/20230724_polygon29_m3m/ALDE/tile_22543.png,0
arctic_vegetation/20230724_polygon29_m3m/ALDE/tile_22544.png,0
arctic_vegetation/20230724_polygon29_m3m/SEDG/tile_22551.png,9
arctic_vegetation/20230724_polygon29_m3m/SEDG/tile_22552.png,9
arctic_vegetation/20230724_polygon29_m3m/SEDG/tile_22553.png,9
arctic_vegetation/20230724_polygon29_m3m/SEDG/tile_22554.png,9
arctic_vegetation/20230724_polygon29_m3m/SEDG/tile_22555.png,9
arctic_vegetation/20230724_polygon29_m3m/SEDG/tile_22556.png,9
arctic_vegetation/20230724_polygon29_m3m/SEDG/tile_22557.png,9
arctic_vegetation/20230724_polygon29_m3m/SEDG/tile_22558.png,9
arctic_vegetation/20230724_polygon29_m3m/SEDG/tile_22559.png,9
arctic_vegetation/20230724_polygon29_m3m/SEDG/tile_22560.png,9
arctic_vegetation/20230724_polygon29_m3m/SEDG/tile_22561.png,9
arctic_vegetation/20230724_polygon29_m3m/SEDG/tile_22562.png,9
arctic_vegetation/20230724_polygon29_m3m/SEDG/tile_22563.png,9
arctic_vegetation/20230724_polygon29_m3m/SEDG/tile_22655.png,9
arctic_vegetation/20230724_polygon29_m3m/SEDG/tile_22656.png,9
arctic_vegetation/20230724_polygon29_m3m/SEDG/tile_22657.png,9
arctic_vegetation/20230724_polygon29_m3m/SEDG/tile_22658.png,9
arctic_vegetation/20230724_polygon29_m3m/DRYI/tile_22659.png,3
arctic_vegetation/20230724_polygon29_m3m/DRYI/tile_22660.png,3
arctic_vegetation/20230724_polygon29_m3m/DRYI/tile_22661.png,3
arctic_vegetation/20230724_polygon29_m3m/MOSS/tile_22711.png,5
arctic_vegetation/20230724_polygon29_m3m/MOSS/tile_22712.png,5
arctic_vegetation/20230724_polygon29_m3m/MOSS/tile_22713.png,5
arctic_vegetation/20230724_polygon29_m3m/MOSS/tile_22714.png,5
arctic_vegetation/20230724_polygon29_m3m/MOSS/tile_22715.png,5
arctic_vegetation/20230724_polygon29_m3m/LICH/tile_22739.png,4
arctic_vegetation/20230724_polygon29_m3m/LICH/tile_22740.png,4
arctic_vegetation/20230724_polygon29_m3m/LICH/tile_22741.png,4
arctic_vegetation/20230724_polygon29_m3m/LICH/tile_22742.png,4
arctic_vegetation/20230724_polygon29_m3m/LICH/tile_22743.png,4
arctic_vegetation/20230724_polygon29_m3m/ALDE/tile_22747.png,0
arctic_vegetation/20230724_polygon29_m3m/ALDE/tile_22748.png,0
arctic_vegetation/20230724_polygon29_m3m/ALDE/tile_22749.png,0
arctic_vegetation/20230724_polygon29_m3m/ALDE/tile_22750.png,0
arctic_vegetation/20230724_polygon29_m3m/ALDE/tile_22751.png,0
arctic_vegetation/20230724_polygon29_m3m/SEDG/tile_22759.png,9
arctic_vegetation/20230724_polygon29_m3m/SEDG/tile_22760.png,9
arctic_vegetation/20230724_polygon29_m3m/SEDG/tile_22761.png,9
arctic_vegetation/20230724_polygon29_m3m/SEDG/tile_22762.png,9
arctic_vegetation/20230724_polygon29_m3m/SEDG/tile_22763.png,9
arctic_vegetation/20230724_polygon29_m3m/SEDG/tile_22764.png,9
arctic_vegetation/20230724_polygon29_m3m/SEDG/tile_22765.png,9
arctic_vegetation/20230724_polygon29_m3m/SEDG/tile_22766.png,9
arctic_vegetation/20230724_polygon29_m3m/SEDG/tile_22767.png,9
arctic_vegetation/20230724_polygon29_m3m/SEDG/tile_22768.png,9
arctic_vegetation/20230724_polygon29_m3m/SEDG/tile_22769.png,9
arctic_vegetation/20230724_polygon29_m3m/SEDG/tile_22770.png,9
arctic_vegetation/20230724_polygon29_m3m/SEDG/tile_22861.png,9
arctic_vegetation/20230724_polygon29_m3m/SEDG/tile_22862.png,9
arctic_vegetation/20230724_polygon29_m3m/SEDG/tile_22863.png,9
arctic_vegetation/20230724_polygon29_m3m/MOSS/tile_22916.png,5
arctic_vegetation/20230724_polygon29_m3m/MOSS/tile_22917.png,5
arctic_vegetation/20230724_polygon29_m3m/MOSS/tile_22918.png,5
arctic_vegetation/20230724_polygon29_m3m/MOSS/tile_22919.png,5
arctic_vegetation/20230724_polygon29_m3m/LICH/tile_22945.png,4
arctic_vegetation/20230724_polygon29_m3m/LICH/tile_22946.png,4
arctic_vegetation/20230724_polygon29_m3m/LICH/tile_22947.png,4
arctic_vegetation/20230724_polygon29_m3m/LICH/tile_22948.png,4
arctic_vegetation/20230724_polygon29_m3m/LICH/tile_22949.png,4
arctic_vegetation/20230724_polygon29_m3m/ALDE/tile_22953.png,0
arctic_vegetation/20230724_polygon29_m3m/ALDE/tile_22954.png,0
arctic_vegetation/20230724_polygon29_m3m/ALDE/tile_22955.png,0
arctic_vegetation/20230724_polygon29_m3m/ALDE/tile_22956.png,0
arctic_vegetation/20230724_polygon29_m3m/ALDE/tile_22957.png,0
arctic_vegetation/20230724_polygon29_m3m/BIRC/tile_22958.png,2
arctic_vegetation/20230724_polygon29_m3m/BIRC/tile_22959.png,2
arctic_vegetation/20230724_polygon29_m3m/BIRC/tile_22960.png,2
arctic_vegetation/20230724_polygon29_m3m/MOSS/tile_23123.png,5
arctic_vegetation/20230724_polygon29_m3m/MOSS/tile_23124.png,5
arctic_vegetation/20230724_polygon29_m3m/MOSS/tile_23125.png,5
arctic_vegetation/20230724_polygon29_m3m/MOSS/tile_23126.png,5
arctic_vegetation/20230724_polygon29_m3m/LICH/tile_23153.png,4
arctic_vegetation/20230724_polygon29_m3m/LICH/tile_23154.png,4
arctic_vegetation/20230724_polygon29_m3m/LICH/tile_23155.png,4
arctic_vegetation/20230724_polygon29_m3m/LICH/tile_23156.png,4
arctic_vegetation/20230724_polygon29_m3m/LICH/tile_23157.png,4
arctic_vegetation/20230724_polygon29_m3m/ALDE/tile_23161.png,0
arctic_vegetation/20230724_polygon29_m3m/ALDE/tile_23162.png,0
arctic_vegetation/20230724_polygon29_m3m/ALDE/tile_23163.png,0
arctic_vegetation/20230724_polygon29_m3m/ALDE/tile_23164.png,0
arctic_vegetation/20230724_polygon29_m3m/ALDE/tile_23165.png,0
arctic_vegetation/20230724_polygon29_m3m/BIRC/tile_23166.png,2
arctic_vegetation/20230724_polygon29_m3m/BIRC/tile_23167.png,2
arctic_vegetation/20230724_polygon29_m3m/BIRC/tile_23168.png,2
arctic_vegetation/20230724_polygon29_m3m/LICH/tile_23299.png,4
arctic_vegetation/20230724_polygon29_m3m/LICH/tile_23300.png,4
arctic_vegetation/20230724_polygon29_m3m/LICH/tile_23301.png,4
arctic_vegetation/20230724_polygon29_m3m/BIRC/tile_23317.png,2
arctic_vegetation/20230724_polygon29_m3m/BIRC/tile_23318.png,2
arctic_vegetation/20230724_polygon29_m3m/BIRC/tile_23321.png,2
arctic_vegetation/20230724_polygon29_m3m/BIRC/tile_23322.png,2
arctic_vegetation/20230724_polygon29_m3m/BIRC/tile_23323.png,2
arctic_vegetation/20230724_polygon29_m3m/BIRC/tile_23324.png,2
arctic_vegetation/20230724_polygon29_m3m/BIRC/tile_23325.png,2
arctic_vegetation/20230724_polygon29_m3m/MOSS/tile_23331.png,5
arctic_vegetation/20230724_polygon29_m3m/MOSS/tile_23332.png,5
arctic_vegetation/20230724_polygon29_m3m/MOSS/tile_23333.png,5
arctic_vegetation/20230724_polygon29_m3m/MOSS/tile_23334.png,5
arctic_vegetation/20230724_polygon29_m3m/SEDG/tile_23335.png,9
arctic_vegetation/20230724_polygon29_m3m/LICH/tile_23362.png,4
arctic_vegetation/20230724_polygon29_m3m/LICH/tile_23363.png,4
arctic_vegetation/20230724_polygon29_m3m/LICH/tile_23364.png,4
arctic_vegetation/20230724_polygon29_m3m/LICH/tile_23365.png,4
arctic_vegetation/20230724_polygon29_m3m/LICH/tile_23366.png,4
arctic_vegetation/20230724_polygon29_m3m/ALDE/tile_23370.png,0
arctic_vegetation/20230724_polygon29_m3m/ALDE/tile_23371.png,0
arctic_vegetation/20230724_polygon29_m3m/ALDE/tile_23372.png,0
arctic_vegetation/20230724_polygon29_m3m/ALDE/tile_23373.png,0
arctic_vegetation/20230724_polygon29_m3m/ALDE/tile_23374.png,0
arctic_vegetation/20230724_polygon29_m3m/BIRC/tile_23375.png,2
arctic_vegetation/20230724_polygon29_m3m/BIRC/tile_23376.png,2
arctic_vegetation/20230724_polygon29_m3m/BIRC/tile_23377.png,2
arctic_vegetation/20230724_polygon29_m3m/BIRC/tile_23378.png,2
arctic_vegetation/20230724_polygon29_m3m/LICH/tile_23508.png,4
arctic_vegetation/20230724_polygon29_m3m/LICH/tile_23509.png,4
arctic_vegetation/20230724_polygon29_m3m/LICH/tile_23510.png,4
arctic_vegetation/20230724_polygon29_m3m/BIRC/tile_23526.png,2
arctic_vegetation/20230724_polygon29_m3m/BIRC/tile_23527.png,2
arctic_vegetation/20230724_polygon29_m3m/DRYI/tile_23528.png,3
arctic_vegetation/20230724_polygon29_m3m/DRYI/tile_23529.png,3
arctic_vegetation/20230724_polygon29_m3m/BIRC/tile_23530.png,2
arctic_vegetation/20230724_polygon29_m3m/BIRC/tile_23531.png,2
arctic_vegetation/20230724_polygon29_m3m/BIRC/tile_23532.png,2
arctic_vegetation/20230724_polygon29_m3m/BIRC/tile_23533.png,2
arctic_vegetation/20230724_polygon29_m3m/BIRC/tile_23534.png,2
arctic_vegetation/20230724_polygon29_m3m/SEDG/tile_23539.png,9
arctic_vegetation/20230724_polygon29_m3m/SEDG/tile_23540.png,9
arctic_vegetation/20230724_polygon29_m3m/MOSS/tile_23541.png,5
arctic_vegetation/20230724_polygon29_m3m/MOSS/tile_23542.png,5
arctic_vegetation/20230724_polygon29_m3m/SEDG/tile_23543.png,9
arctic_vegetation/20230724_polygon29_m3m/LICH/tile_23571.png,4
arctic_vegetation/20230724_polygon29_m3m/LICH/tile_23572.png,4
arctic_vegetation/20230724_polygon29_m3m/LICH/tile_23573.png,4
arctic_vegetation/20230724_polygon29_m3m/LICH/tile_23574.png,4
arctic_vegetation/20230724_polygon29_m3m/LICH/tile_23575.png,4
arctic_vegetation/20230724_polygon29_m3m/ALDE/tile_23579.png,0
arctic_vegetation/20230724_polygon29_m3m/ALDE/tile_23580.png,0
arctic_vegetation/20230724_polygon29_m3m/ALDE/tile_23581.png,0
arctic_vegetation/20230724_polygon29_m3m/ALDE/tile_23582.png,0
arctic_vegetation/20230724_polygon29_m3m/SEDG/tile_23583.png,9
arctic_vegetation/20230724_polygon29_m3m/BIRC/tile_23584.png,2
arctic_vegetation/20230724_polygon29_m3m/BIRC/tile_23585.png,2
arctic_vegetation/20230724_polygon29_m3m/BIRC/tile_23586.png,2
arctic_vegetation/20230724_polygon29_m3m/BIRC/tile_23587.png,2
arctic_vegetation/20230724_polygon29_m3m/LICH/tile_23717.png,4
arctic_vegetation/20230724_polygon29_m3m/LICH/tile_23718.png,4
arctic_vegetation/20230724_polygon29_m3m/LICH/tile_23719.png,4
arctic_vegetation/20230724_polygon29_m3m/BIRC/tile_23735.png,2
arctic_vegetation/20230724_polygon29_m3m/BIRC/tile_23736.png,2
arctic_vegetation/20230724_polygon29_m3m/BIRC/tile_23737.png,2
arctic_vegetation/20230724_polygon29_m3m/BIRC/tile_23738.png,2
arctic_vegetation/20230724_polygon29_m3m/BIRC/tile_23739.png,2
arctic_vegetation/20230724_polygon29_m3m/BIRC/tile_23740.png,2
arctic_vegetation/20230724_polygon29_m3m/BIRC/tile_23741.png,2
arctic_vegetation/20230724_polygon29_m3m/BIRC/tile_23742.png,2
arctic_vegetation/20230724_polygon29_m3m/BIRC/tile_23743.png,2
arctic_vegetation/20230724_polygon29_m3m/MOSS/tile_23748.png,5
arctic_vegetation/20230724_polygon29_m3m/MOSS/tile_23749.png,5
arctic_vegetation/20230724_polygon29_m3m/SEDG/tile_23750.png,9
arctic_vegetation/20230724_polygon29_m3m/ALDE/tile_23788.png,0
arctic_vegetation/20230724_polygon29_m3m/ALDE/tile_23789.png,0
arctic_vegetation/20230724_polygon29_m3m/ALDE/tile_23790.png,0
arctic_vegetation/20230724_polygon29_m3m/SEDG/tile_23791.png,9
arctic_vegetation/20230724_polygon29_m3m/SEDG/tile_23792.png,9
arctic_vegetation/20230724_polygon29_m3m/BIRC/tile_23793.png,2
arctic_vegetation/20230724_polygon29_m3m/BIRC/tile_23794.png,2
arctic_vegetation/20230724_polygon29_m3m/BIRC/tile_23795.png,2
arctic_vegetation/20230724_polygon29_m3m/BIRC/tile_23796.png,2
arctic_vegetation/20230724_polygon29_m3m/LICH/tile_23926.png,4
arctic_vegetation/20230724_polygon29_m3m/LICH/tile_23927.png,4
arctic_vegetation/20230724_polygon29_m3m/LICH/tile_23928.png,4
arctic_vegetation/20230724_polygon29_m3m/BIRC/tile_23944.png,2
arctic_vegetation/20230724_polygon29_m3m/BIRC/tile_23945.png,2
arctic_vegetation/20230724_polygon29_m3m/BIRC/tile_23946.png,2
arctic_vegetation/20230724_polygon29_m3m/BIRC/tile_23947.png,2
arctic_vegetation/20230724_polygon29_m3m/BIRC/tile_23948.png,2
arctic_vegetation/20230724_polygon29_m3m/BIRC/tile_23949.png,2
arctic_vegetation/20230724_polygon29_m3m/BIRC/tile_23950.png,2
arctic_vegetation/20230724_polygon29_m3m/BIRC/tile_23951.png,2
arctic_vegetation/20230724_polygon29_m3m/BIRC/tile_23952.png,2
arctic_vegetation/20230724_polygon29_m3m/TUSS/tile_23956.png,10
arctic_vegetation/20230724_polygon29_m3m/TUSS/tile_23957.png,10
arctic_vegetation/20230724_polygon29_m3m/MOSS/tile_23958.png,5
arctic_vegetation/20230724_polygon29_m3m/SEDG/tile_23959.png,9
arctic_vegetation/20230724_polygon29_m3m/LICH/tile_23985.png,4
arctic_vegetation/20230724_polygon29_m3m/LICH/tile_23986.png,4
arctic_vegetation/20230724_polygon29_m3m/LICH/tile_23987.png,4
arctic_vegetation/20230724_polygon29_m3m/TUSS/tile_23988.png,10
arctic_vegetation/20230724_polygon29_m3m/LICH/tile_23989.png,4
arctic_vegetation/20230724_polygon29_m3m/LICH/tile_23990.png,4
arctic_vegetation/20230724_polygon29_m3m/LICH/tile_23991.png,4
arctic_vegetation/20230724_polygon29_m3m/LICH/tile_23992.png,4
arctic_vegetation/20230724_polygon29_m3m/LICH/tile_23994.png,4
arctic_vegetation/20230724_polygon29_m3m/LICH/tile_23995.png,4
arctic_vegetation/20230724_polygon29_m3m/LICH/tile_23996.png,4
arctic_vegetation/20230724_polygon29_m3m/LICH/tile_23997.png,4
arctic_vegetation/20230724_polygon29_m3m/LICH/tile_23998.png,4
arctic_vegetation/20230724_polygon29_m3m/SEDG/tile_23999.png,9
arctic_vegetation/20230724_polygon29_m3m/SEDG/tile_24000.png,9
arctic_vegetation/20230724_polygon29_m3m/SEDG/tile_24001.png,9
arctic_vegetation/20230724_polygon29_m3m/SEDG/tile_24002.png,9
arctic_vegetation/20230724_polygon29_m3m/SEDG/tile_24003.png,9
arctic_vegetation/20230724_polygon29_m3m/BIRC/tile_24004.png,2
arctic_vegetation/20230724_polygon29_m3m/BIRC/tile_24005.png,2
arctic_vegetation/20230724_polygon29_m3m/LICH/tile_24130.png,4
arctic_vegetation/20230724_polygon29_m3m/LICH/tile_24131.png,4
arctic_vegetation/20230724_polygon29_m3m/LICH/tile_24132.png,4
arctic_vegetation/20230724_polygon29_m3m/LICH/tile_24133.png,4
arctic_vegetation/20230724_polygon29_m3m/LICH/tile_24134.png,4
arctic_vegetation/20230724_polygon29_m3m/LICH/tile_24135.png,4
arctic_vegetation/20230724_polygon29_m3m/LICH/tile_24136.png,4
arctic_vegetation/20230724_polygon29_m3m/LICH/tile_24137.png,4
arctic_vegetation/20230724_polygon29_m3m/LICH/tile_24138.png,4
arctic_vegetation/20230724_polygon29_m3m/BIRC/tile_24153.png,2
arctic_vegetation/20230724_polygon29_m3m/BIRC/tile_24154.png,2
arctic_vegetation/20230724_polygon29_m3m/BIRC/tile_24155.png,2
arctic_vegetation/20230724_polygon29_m3m/BIRC/tile_24156.png,2
arctic_vegetation/20230724_polygon29_m3m/BIRC/tile_24157.png,2
arctic_vegetation/20230724_polygon29_m3m/BIRC/tile_24158.png,2
arctic_vegetation/20230724_polygon29_m3m/BIRC/tile_24159.png,2
arctic_vegetation/20230724_polygon29_m3m/BIRC/tile_24160.png,2
arctic_vegetation/20230724_polygon29_m3m/BIRC/tile_24161.png,2
arctic_vegetation/20230724_polygon29_m3m/TUSS/tile_24163.png,10
arctic_vegetation/20230724_polygon29_m3m/TUSS/tile_24164.png,10
arctic_vegetation/20230724_polygon29_m3m/TUSS/tile_24165.png,10
arctic_vegetation/20230724_polygon29_m3m/TUSS/tile_24166.png,10
arctic_vegetation/20230724_polygon29_m3m/MOSS/tile_24167.png,5
arctic_vegetation/20230724_polygon29_m3m/LICH/tile_24194.png,4
arctic_vegetation/20230724_polygon29_m3m/LICH/tile_24195.png,4
arctic_vegetation/20230724_polygon29_m3m/LICH/tile_24196.png,4
arctic_vegetation/20230724_polygon29_m3m/LICH/tile_24197.png,4
arctic_vegetation/20230724_polygon29_m3m/LICH/tile_24198.png,4
arctic_vegetation/20230724_polygon29_m3m/LICH/tile_24199.png,4
arctic_vegetation/20230724_polygon29_m3m/LICH/tile_24200.png,4
arctic_vegetation/20230724_polygon29_m3m/LICH/tile_24201.png,4
arctic_vegetation/20230724_polygon29_m3m/TUSS/tile_24202.png,10
arctic_vegetation/20230724_polygon29_m3m/LICH/tile_24203.png,4
arctic_vegetation/20230724_polygon29_m3m/LICH/tile_24204.png,4
arctic_vegetation/20230724_polygon29_m3m/LICH/tile_24205.png,4
arctic_vegetation/20230724_polygon29_m3m/LICH/tile_24206.png,4
arctic_vegetation/20230724_polygon29_m3m/LICH/tile_24207.png,4
arctic_vegetation/20230724_polygon29_m3m/BIRC/tile_24210.png,2
arctic_vegetation/20230724_polygon29_m3m/SEDG/tile_24211.png,9
arctic_vegetation/20230724_polygon29_m3m/SEDG/tile_24212.png,9
arctic_vegetation/20230724_polygon29_m3m/SEDG/tile_24213.png,9
arctic_vegetation/20230724_polygon29_m3m/WILL/tile_24214.png,11
arctic_vegetation/20230724_polygon29_m3m/LICH/tile_24339.png,4
arctic_vegetation/20230724_polygon29_m3m/LICH/tile_24340.png,4
arctic_vegetation/20230724_polygon29_m3m/LICH/tile_24341.png,4
arctic_vegetation/20230724_polygon29_m3m/LICH/tile_24342.png,4
arctic_vegetation/20230724_polygon29_m3m/LICH/tile_24343.png,4
arctic_vegetation/20230724_polygon29_m3m/LICH/tile_24344.png,4
arctic_vegetation/20230724_polygon29_m3m/LICH/tile_24345.png,4
arctic_vegetation/20230724_polygon29_m3m/LICH/tile_24346.png,4
arctic_vegetation/20230724_polygon29_m3m/LICH/tile_24347.png,4
arctic_vegetation/20230724_polygon29_m3m/BIRC/tile_24362.png,2
arctic_vegetation/20230724_polygon29_m3m/BIRC/tile_24363.png,2
arctic_vegetation/20230724_polygon29_m3m/BIRC/tile_24364.png,2
arctic_vegetation/20230724_polygon29_m3m/BIRC/tile_24365.png,2
arctic_vegetation/20230724_polygon29_m3m/DRYI/tile_24366.png,3
arctic_vegetation/20230724_polygon29_m3m/DRYI/tile_24367.png,3
arctic_vegetation/20230724_polygon29_m3m/BIRC/tile_24368.png,2
arctic_vegetation/20230724_polygon29_m3m/BIRC/tile_24369.png,2
arctic_vegetation/20230724_polygon29_m3m/BIRC/tile_24370.png,2
arctic_vegetation/20230724_polygon29_m3m/TUSS/tile_24372.png,10
arctic_vegetation/20230724_polygon29_m3m/TUSS/tile_24373.png,10
arctic_vegetation/20230724_polygon29_m3m/TUSS/tile_24374.png,10
arctic_vegetation/20230724_polygon29_m3m/TUSS/tile_24375.png,10
arctic_vegetation/20230724_polygon29_m3m/LICH/tile_24403.png,4
arctic_vegetation/20230724_polygon29_m3m/LICH/tile_24404.png,4
arctic_vegetation/20230724_polygon29_m3m/LICH/tile_24405.png,4
arctic_vegetation/20230724_polygon29_m3m/LICH/tile_24406.png,4
arctic_vegetation/20230724_polygon29_m3m/LICH/tile_24407.png,4
arctic_vegetation/20230724_polygon29_m3m/LICH/tile_24408.png,4
arctic_vegetation/20230724_polygon29_m3m/LICH/tile_24409.png,4
arctic_vegetation/20230724_polygon29_m3m/LICH/tile_24410.png,4
arctic_vegetation/20230724_polygon29_m3m/TUSS/tile_24411.png,10
arctic_vegetation/20230724_polygon29_m3m/LICH/tile_24412.png,4
arctic_vegetation/20230724_polygon29_m3m/LICH/tile_24413.png,4
arctic_vegetation/20230724_polygon29_m3m/LICH/tile_24414.png,4
arctic_vegetation/20230724_polygon29_m3m/LICH/tile_24415.png,4
arctic_vegetation/20230724_polygon29_m3m/LICH/tile_24416.png,4
arctic_vegetation/20230724_polygon29_m3m/BIRC/tile_24419.png,2
arctic_vegetation/20230724_polygon29_m3m/BIRC/tile_24420.png,2
arctic_vegetation/20230724_polygon29_m3m/SEDG/tile_24421.png,9
arctic_vegetation/20230724_polygon29_m3m/SEDG/tile_24422.png,9
arctic_vegetation/20230724_polygon29_m3m/DRYI/tile_24533.png,3
arctic_vegetation/20230724_polygon29_m3m/DRYI/tile_24534.png,3
arctic_vegetation/20230724_polygon29_m3m/DRYI/tile_24535.png,3
arctic_vegetation/20230724_polygon29_m3m/DRYI/tile_24536.png,3
arctic_vegetation/20230724_polygon29_m3m/DRYI/tile_24537.png,3
arctic_vegetation/20230724_polygon29_m3m/DRYI/tile_24538.png,3
arctic_vegetation/20230724_polygon29_m3m/DRYI/tile_24539.png,3
arctic_vegetation/20230724_polygon29_m3m/DRYI/tile_24546.png,3
arctic_vegetation/20230724_polygon29_m3m/DRYI/tile_24547.png,3
arctic_vegetation/20230724_polygon29_m3m/LICH/tile_24548.png,4
arctic_vegetation/20230724_polygon29_m3m/LICH/tile_24549.png,4
arctic_vegetation/20230724_polygon29_m3m/LICH/tile_24550.png,4
arctic_vegetation/20230724_polygon29_m3m/LICH/tile_24551.png,4
arctic_vegetation/20230724_polygon29_m3m/LICH/tile_24552.png,4
arctic_vegetation/20230724_polygon29_m3m/LICH/tile_24553.png,4
arctic_vegetation/20230724_polygon29_m3m/DRYI/tile_24573.png,3
arctic_vegetation/20230724_polygon29_m3m/DRYI/tile_24574.png,3
arctic_vegetation/20230724_polygon29_m3m/DRYI/tile_24575.png,3
arctic_vegetation/20230724_polygon29_m3m/TUSS/tile_24581.png,10
arctic_vegetation/20230724_polygon29_m3m/TUSS/tile_24582.png,10
arctic_vegetation/20230724_polygon29_m3m/MOSS/tile_24583.png,5
arctic_vegetation/20230724_polygon29_m3m/LICH/tile_24612.png,4
arctic_vegetation/20230724_polygon29_m3m/LICH/tile_24613.png,4
arctic_vegetation/20230724_polygon29_m3m/LICH/tile_24614.png,4
arctic_vegetation/20230724_polygon29_m3m/LICH/tile_24615.png,4
arctic_vegetation/20230724_polygon29_m3m/LICH/tile_24616.png,4
arctic_vegetation/20230724_polygon29_m3m/LICH/tile_24617.png,4
arctic_vegetation/20230724_polygon29_m3m/LICH/tile_24618.png,4
arctic_vegetation/20230724_polygon29_m3m/LICH/tile_24619.png,4
arctic_vegetation/20230724_polygon29_m3m/LICH/tile_24620.png,4
arctic_vegetation/20230724_polygon29_m3m/LICH/tile_24621.png,4
arctic_vegetation/20230724_polygon29_m3m/LICH/tile_24622.png,4
arctic_vegetation/20230724_polygon29_m3m/LICH/tile_24623.png,4
arctic_vegetation/20230724_polygon29_m3m/LICH/tile_24624.png,4
arctic_vegetation/20230724_polygon29_m3m/LICH/tile_24625.png,4
arctic_vegetation/20230724_polygon29_m3m/DRYI/tile_24740.png,3
arctic_vegetation/20230724_polygon29_m3m/DRYI/tile_24741.png,3
arctic_vegetation/20230724_polygon29_m3m/DRYI/tile_24742.png,3
arctic_vegetation/20230724_polygon29_m3m/DRYI/tile_24743.png,3
arctic_vegetation/20230724_polygon29_m3m/DRYI/tile_24744.png,3
arctic_vegetation/20230724_polygon29_m3m/DRYI/tile_24745.png,3
arctic_vegetation/20230724_polygon29_m3m/DRYI/tile_24746.png,3
arctic_vegetation/20230724_polygon29_m3m/LICH/tile_24747.png,4
arctic_vegetation/20230724_polygon29_m3m/DRYI/tile_24748.png,3
arctic_vegetation/20230724_polygon29_m3m/DRYI/tile_24749.png,3
arctic_vegetation/20230724_polygon29_m3m/DRYI/tile_24750.png,3
arctic_vegetation/20230724_polygon29_m3m/BIRC/tile_24751.png,2
arctic_vegetation/20230724_polygon29_m3m/DRYI/tile_24752.png,3
arctic_vegetation/20230724_polygon29_m3m/DRYI/tile_24753.png,3
arctic_vegetation/20230724_polygon29_m3m/DRYI/tile_24754.png,3
arctic_vegetation/20230724_polygon29_m3m/LICH/tile_24755.png,4
arctic_vegetation/20230724_polygon29_m3m/LICH/tile_24756.png,4
arctic_vegetation/20230724_polygon29_m3m/LICH/tile_24757.png,4
arctic_vegetation/20230724_polygon29_m3m/LICH/tile_24758.png,4
arctic_vegetation/20230724_polygon29_m3m/LICH/tile_24759.png,4
arctic_vegetation/20230724_polygon29_m3m/LICH/tile_24760.png,4
arctic_vegetation/20230724_polygon29_m3m/RUBC/tile_24780.png,8
arctic_vegetation/20230724_polygon29_m3m/RUBC/tile_24781.png,8
arctic_vegetation/20230724_polygon29_m3m/RUBC/tile_24782.png,8
arctic_vegetation/20230724_polygon29_m3m/MOSS/tile_24788.png,5
arctic_vegetation/20230724_polygon29_m3m/MOSS/tile_24789.png,5
arctic_vegetation/20230724_polygon29_m3m/MOSS/tile_24790.png,5
arctic_vegetation/20230724_polygon29_m3m/LICH/tile_24819.png,4
arctic_vegetation/20230724_polygon29_m3m/LICH/tile_24820.png,4
arctic_vegetation/20230724_polygon29_m3m/LICH/tile_24821.png,4
arctic_vegetation/20230724_polygon29_m3m/LICH/tile_24822.png,4
arctic_vegetation/20230724_polygon29_m3m/LICH/tile_24823.png,4
arctic_vegetation/20230724_polygon29_m3m/LICH/tile_24824.png,4
arctic_vegetation/20230724_polygon29_m3m/LICH/tile_24825.png,4
arctic_vegetation/20230724_polygon29_m3m/LICH/tile_24826.png,4
arctic_vegetation/20230724_polygon29_m3m/LICH/tile_24827.png,4
arctic_vegetation/20230724_polygon29_m3m/LICH/tile_24828.png,4
arctic_vegetation/20230724_polygon29_m3m/LICH/tile_24829.png,4
arctic_vegetation/20230724_polygon29_m3m/LICH/tile_24830.png,4
arctic_vegetation/20230724_polygon29_m3m/LICH/tile_24831.png,4
arctic_vegetation/20230724_polygon29_m3m/LICH/tile_24832.png,4
arctic_vegetation/20230724_polygon29_m3m/LICH/tile_24947.png,4
arctic_vegetation/20230724_polygon29_m3m/DRYI/tile_24948.png,3
arctic_vegetation/20230724_polygon29_m3m/DRYI/tile_24949.png,3
arctic_vegetation/20230724_polygon29_m3m/DRYI/tile_24950.png,3
arctic_vegetation/20230724_polygon29_m3m/DRYI/tile_24951.png,3
arctic_vegetation/20230724_polygon29_m3m/DRYI/tile_24952.png,3
arctic_vegetation/20230724_polygon29_m3m/DRYI/tile_24953.png,3
arctic_vegetation/20230724_polygon29_m3m/DRYI/tile_24954.png,3
arctic_vegetation/20230724_polygon29_m3m/LICH/tile_24955.png,4
arctic_vegetation/20230724_polygon29_m3m/DRYI/tile_24956.png,3
arctic_vegetation/20230724_polygon29_m3m/DRYI/tile_24957.png,3
arctic_vegetation/20230724_polygon29_m3m/DRYI/tile_24958.png,3
arctic_vegetation/20230724_polygon29_m3m/BIRC/tile_24959.png,2
arctic_vegetation/20230724_polygon29_m3m/DRYI/tile_24960.png,3
arctic_vegetation/20230724_polygon29_m3m/DRYI/tile_24961.png,3
arctic_vegetation/20230724_polygon29_m3m/DRYI/tile_24962.png,3
arctic_vegetation/20230724_polygon29_m3m/LICH/tile_24963.png,4
arctic_vegetation/20230724_polygon29_m3m/LICH/tile_24964.png,4
arctic_vegetation/20230724_polygon29_m3m/LICH/tile_24965.png,4
arctic_vegetation/20230724_polygon29_m3m/LICH/tile_24966.png,4
arctic_vegetation/20230724_polygon29_m3m/LICH/tile_24967.png,4
arctic_vegetation/20230724_polygon29_m3m/LICH/tile_24968.png,4
arctic_vegetation/20230724_polygon29_m3m/LICH/tile_24969.png,4
arctic_vegetation/20230724_polygon29_m3m/LICH/tile_24970.png,4
arctic_vegetation/20230724_polygon29_m3m/LICH/tile_24971.png,4
arctic_vegetation/20230724_polygon29_m3m/LICH/tile_24972.png,4
arctic_vegetation/20230724_polygon29_m3m/MOSS/tile_24996.png,5
arctic_vegetation/20230724_polygon29_m3m/MOSS/tile_24997.png,5
arctic_vegetation/20230724_polygon29_m3m/LICH/tile_25027.png,4
arctic_vegetation/20230724_polygon29_m3m/LICH/tile_25028.png,4
arctic_vegetation/20230724_polygon29_m3m/LICH/tile_25029.png,4
arctic_vegetation/20230724_polygon29_m3m/LICH/tile_25030.png,4
arctic_vegetation/20230724_polygon29_m3m/TUSS/tile_25031.png,10
arctic_vegetation/20230724_polygon29_m3m/LICH/tile_25032.png,4
arctic_vegetation/20230724_polygon29_m3m/LICH/tile_25033.png,4
arctic_vegetation/20230724_polygon29_m3m/LICH/tile_25034.png,4
arctic_vegetation/20230724_polygon29_m3m/LICH/tile_25035.png,4
arctic_vegetation/20230724_polygon29_m3m/LICH/tile_25036.png,4
arctic_vegetation/20230724_polygon29_m3m/LICH/tile_25037.png,4
arctic_vegetation/20230724_polygon29_m3m/LICH/tile_25038.png,4
arctic_vegetation/20230724_polygon29_m3m/LICH/tile_25039.png,4
arctic_vegetation/20230724_polygon29_m3m/LICH/tile_25040.png,4
arctic_vegetation/20230724_polygon29_m3m/LICH/tile_25154.png,4
arctic_vegetation/20230724_polygon29_m3m/LICH/tile_25155.png,4
arctic_vegetation/20230724_polygon29_m3m/LICH/tile_25156.png,4
arctic_vegetation/20230724_polygon29_m3m/LICH/tile_25157.png,4
arctic_vegetation/20230724_polygon29_m3m/LICH/tile_25158.png,4
arctic_vegetation/20230724_polygon29_m3m/DRYI/tile_25159.png,3
arctic_vegetation/20230724_polygon29_m3m/DRYI/tile_25160.png,3
arctic_vegetation/20230724_polygon29_m3m/DRYI/tile_25161.png,3
arctic_vegetation/20230724_polygon29_m3m/BIRC/tile_25162.png,2
arctic_vegetation/20230724_polygon29_m3m/BIRC/tile_25163.png,2
arctic_vegetation/20230724_polygon29_m3m/BIRC/tile_25164.png,2
arctic_vegetation/20230724_polygon29_m3m/BIRC/tile_25165.png,2
arctic_vegetation/20230724_polygon29_m3m/BIRC/tile_25166.png,2
arctic_vegetation/20230724_polygon29_m3m/DRYI/tile_25167.png,3
arctic_vegetation/20230724_polygon29_m3m/BIRC/tile_25168.png,2
arctic_vegetation/20230724_polygon29_m3m/DRYI/tile_25169.png,3
arctic_vegetation/20230724_polygon29_m3m/DRYI/tile_25170.png,3
arctic_vegetation/20230724_polygon29_m3m/DRYI/tile_25171.png,3
arctic_vegetation/20230724_polygon29_m3m/DRYI/tile_25172.png,3
arctic_vegetation/20230724_polygon29_m3m/DRYI/tile_25173.png,3
arctic_vegetation/20230724_polygon29_m3m/LICH/tile_25174.png,4
arctic_vegetation/20230724_polygon29_m3m/LICH/tile_25175.png,4
arctic_vegetation/20230724_polygon29_m3m/LICH/tile_25176.png,4
arctic_vegetation/20230724_polygon29_m3m/LICH/tile_25177.png,4
arctic_vegetation/20230724_polygon29_m3m/LICH/tile_25178.png,4
arctic_vegetation/20230724_polygon29_m3m/LICH/tile_25179.png,4
arctic_vegetation/20230724_polygon29_m3m/LICH/tile_25180.png,4
arctic_vegetation/20230724_polygon29_m3m/LICH/tile_25181.png,4
arctic_vegetation/20230724_polygon29_m3m/LICH/tile_25236.png,4
arctic_vegetation/20230724_polygon29_m3m/LICH/tile_25237.png,4
arctic_vegetation/20230724_polygon29_m3m/LICH/tile_25238.png,4
arctic_vegetation/20230724_polygon29_m3m/LICH/tile_25239.png,4
arctic_vegetation/20230724_polygon29_m3m/LICH/tile_25240.png,4
arctic_vegetation/20230724_polygon29_m3m/LICH/tile_25241.png,4
arctic_vegetation/20230724_polygon29_m3m/LICH/tile_25242.png,4
arctic_vegetation/20230724_polygon29_m3m/LICH/tile_25243.png,4
arctic_vegetation/20230724_polygon29_m3m/LICH/tile_25244.png,4
arctic_vegetation/20230724_polygon29_m3m/LICH/tile_25245.png,4
arctic_vegetation/20230724_polygon29_m3m/LICH/tile_25246.png,4
arctic_vegetation/20230724_polygon29_m3m/LICH/tile_25247.png,4
arctic_vegetation/20230724_polygon29_m3m/LICH/tile_25248.png,4
arctic_vegetation/20230724_polygon29_m3m/LICH/tile_25249.png,4
arctic_vegetation/20230724_polygon29_m3m/LICH/tile_25363.png,4
arctic_vegetation/20230724_polygon29_m3m/LICH/tile_25364.png,4
arctic_vegetation/20230724_polygon29_m3m/LICH/tile_25365.png,4
arctic_vegetation/20230724_polygon29_m3m/LICH/tile_25366.png,4
arctic_vegetation/20230724_polygon29_m3m/LICH/tile_25367.png,4
arctic_vegetation/20230724_polygon29_m3m/LICH/tile_25368.png,4
arctic_vegetation/20230724_polygon29_m3m/LICH/tile_25369.png,4
arctic_vegetation/20230724_polygon29_m3m/BIRC/tile_25370.png,2
arctic_vegetation/20230724_polygon29_m3m/BIRC/tile_25371.png,2
arctic_vegetation/20230724_polygon29_m3m/BIRC/tile_25372.png,2
arctic_vegetation/20230724_polygon29_m3m/BIRC/tile_25373.png,2
arctic_vegetation/20230724_polygon29_m3m/BIRC/tile_25374.png,2
arctic_vegetation/20230724_polygon29_m3m/BIRC/tile_25375.png,2
arctic_vegetation/20230724_polygon29_m3m/BIRC/tile_25376.png,2
arctic_vegetation/20230724_polygon29_m3m/BIRC/tile_25377.png,2
arctic_vegetation/20230724_polygon29_m3m/DRYI/tile_25378.png,3
arctic_vegetation/20230724_polygon29_m3m/DRYI/tile_25379.png,3
arctic_vegetation/20230724_polygon29_m3m/DRYI/tile_25380.png,3
arctic_vegetation/20230724_polygon29_m3m/DRYI/tile_25381.png,3
arctic_vegetation/20230724_polygon29_m3m/DRYI/tile_25382.png,3
arctic_vegetation/20230724_polygon29_m3m/LICH/tile_25383.png,4
arctic_vegetation/20230724_polygon29_m3m/LICH/tile_25384.png,4
arctic_vegetation/20230724_polygon29_m3m/LICH/tile_25385.png,4
arctic_vegetation/20230724_polygon29_m3m/LICH/tile_25386.png,4
arctic_vegetation/20230724_polygon29_m3m/LICH/tile_25387.png,4
arctic_vegetation/20230724_polygon29_m3m/LICH/tile_25388.png,4
arctic_vegetation/20230724_polygon29_m3m/LICH/tile_25389.png,4
arctic_vegetation/20230724_polygon29_m3m/LICH/tile_25390.png,4
arctic_vegetation/20230724_polygon29_m3m/LICH/tile_25445.png,4
arctic_vegetation/20230724_polygon29_m3m/LICH/tile_25446.png,4
arctic_vegetation/20230724_polygon29_m3m/LICH/tile_25447.png,4
arctic_vegetation/20230724_polygon29_m3m/LICH/tile_25448.png,4
arctic_vegetation/20230724_polygon29_m3m/LICH/tile_25449.png,4
arctic_vegetation/20230724_polygon29_m3m/LICH/tile_25450.png,4
arctic_vegetation/20230724_polygon29_m3m/LICH/tile_25451.png,4
arctic_vegetation/20230724_polygon29_m3m/LICH/tile_25452.png,4
arctic_vegetation/20230724_polygon29_m3m/LICH/tile_25453.png,4
arctic_vegetation/20230724_polygon29_m3m/LICH/tile_25454.png,4
arctic_vegetation/20230724_polygon29_m3m/LICH/tile_25455.png,4
arctic_vegetation/20230724_polygon29_m3m/LICH/tile_25456.png,4
arctic_vegetation/20230724_polygon29_m3m/LICH/tile_25457.png,4
arctic_vegetation/20230724_polygon29_m3m/LICH/tile_25458.png,4
arctic_vegetation/20230724_polygon29_m3m/LICH/tile_25569.png,4
arctic_vegetation/20230724_polygon29_m3m/LICH/tile_25570.png,4
arctic_vegetation/20230724_polygon29_m3m/LICH/tile_25571.png,4
arctic_vegetation/20230724_polygon29_m3m/LICH/tile_25572.png,4
arctic_vegetation/20230724_polygon29_m3m/LICH/tile_25573.png,4
arctic_vegetation/20230724_polygon29_m3m/LICH/tile_25574.png,4
arctic_vegetation/20230724_polygon29_m3m/LICH/tile_25575.png,4
arctic_vegetation/20230724_polygon29_m3m/RUBC/tile_25576.png,8
arctic_vegetation/20230724_polygon29_m3m/LICH/tile_25577.png,4
arctic_vegetation/20230724_polygon29_m3m/LICH/tile_25578.png,4
arctic_vegetation/20230724_polygon29_m3m/BIRC/tile_25579.png,2
arctic_vegetation/20230724_polygon29_m3m/BIRC/tile_25580.png,2
arctic_vegetation/20230724_polygon29_m3m/BIRC/tile_25581.png,2
arctic_vegetation/20230724_polygon29_m3m/BIRC/tile_25582.png,2
arctic_vegetation/20230724_polygon29_m3m/BIRC/tile_25583.png,2
arctic_vegetation/20230724_polygon29_m3m/BIRC/tile_25584.png,2
arctic_vegetation/20230724_polygon29_m3m/BIRC/tile_25585.png,2
arctic_vegetation/20230724_polygon29_m3m/BIRC/tile_25586.png,2
arctic_vegetation/20230724_polygon29_m3m/BIRC/tile_25587.png,2
arctic_vegetation/20230724_polygon29_m3m/BIRC/tile_25588.png,2
arctic_vegetation/20230724_polygon29_m3m/BIRC/tile_25589.png,2
arctic_vegetation/20230724_polygon29_m3m/BIRC/tile_25590.png,2
arctic_vegetation/20230724_polygon29_m3m/BIRC/tile_25591.png,2
arctic_vegetation/20230724_polygon29_m3m/BIRC/tile_25592.png,2
arctic_vegetation/20230724_polygon29_m3m/BIRC/tile_25593.png,2
arctic_vegetation/20230724_polygon29_m3m/BIRC/tile_25594.png,2
arctic_vegetation/20230724_polygon29_m3m/BIRC/tile_25595.png,2
arctic_vegetation/20230724_polygon29_m3m/BIRC/tile_25596.png,2
arctic_vegetation/20230724_polygon29_m3m/BIRC/tile_25597.png,2
arctic_vegetation/20230724_polygon29_m3m/BIRC/tile_25598.png,2
arctic_vegetation/20230724_polygon29_m3m/BIRC/tile_25599.png,2
arctic_vegetation/20230724_polygon29_m3m/BIRC/tile_25600.png,2
arctic_vegetation/20230724_polygon29_m3m/BIRC/tile_25601.png,2
arctic_vegetation/20230724_polygon29_m3m/BIRC/tile_25602.png,2
arctic_vegetation/20230724_polygon29_m3m/LICH/tile_25778.png,4
arctic_vegetation/20230724_polygon29_m3m/LICH/tile_25779.png,4
arctic_vegetation/20230724_polygon29_m3m/LICH/tile_25780.png,4
arctic_vegetation/20230724_polygon29_m3m/LICH/tile_25781.png,4
arctic_vegetation/20230724_polygon29_m3m/LICH/tile_25782.png,4
arctic_vegetation/20230724_polygon29_m3m/LICH/tile_25783.png,4
arctic_vegetation/20230724_polygon29_m3m/LICH/tile_25784.png,4
arctic_vegetation/20230724_polygon29_m3m/LICH/tile_25785.png,4
arctic_vegetation/20230724_polygon29_m3m/LICH/tile_25786.png,4
arctic_vegetation/20230724_polygon29_m3m/LICH/tile_25787.png,4
arctic_vegetation/20230724_polygon29_m3m/BIRC/tile_25788.png,2
arctic_vegetation/20230724_polygon29_m3m/BIRC/tile_25789.png,2
arctic_vegetation/20230724_polygon29_m3m/BIRC/tile_25790.png,2
arctic_vegetation/20230724_polygon29_m3m/BIRC/tile_25791.png,2
arctic_vegetation/20230724_polygon29_m3m/BIRC/tile_25792.png,2
arctic_vegetation/20230724_polygon29_m3m/BIRC/tile_25793.png,2
arctic_vegetation/20230724_polygon29_m3m/BIRC/tile_25794.png,2
arctic_vegetation/20230724_polygon29_m3m/BIRC/tile_25795.png,2
arctic_vegetation/20230724_polygon29_m3m/BIRC/tile_25796.png,2
arctic_vegetation/20230724_polygon29_m3m/BIRC/tile_25797.png,2
arctic_vegetation/20230724_polygon29_m3m/BIRC/tile_25798.png,2
arctic_vegetation/20230724_polygon29_m3m/BIRC/tile_25799.png,2
arctic_vegetation/20230724_polygon29_m3m/BIRC/tile_25800.png,2
arctic_vegetation/20230724_polygon29_m3m/BIRC/tile_25801.png,2
arctic_vegetation/20230724_polygon29_m3m/BIRC/tile_25802.png,2
arctic_vegetation/20230724_polygon29_m3m/BIRC/tile_25803.png,2
arctic_vegetation/20230724_polygon29_m3m/BIRC/tile_25804.png,2
arctic_vegetation/20230724_polygon29_m3m/BIRC/tile_25805.png,2
arctic_vegetation/20230724_polygon29_m3m/BIRC/tile_25806.png,2
arctic_vegetation/20230724_polygon29_m3m/BIRC/tile_25807.png,2
arctic_vegetation/20230724_polygon29_m3m/BIRC/tile_25808.png,2
arctic_vegetation/20230724_polygon29_m3m/BIRC/tile_25809.png,2
arctic_vegetation/20230724_polygon29_m3m/BIRC/tile_25810.png,2
arctic_vegetation/20230724_polygon29_m3m/BIRC/tile_25811.png,2
arctic_vegetation/20230724_polygon29_m3m/BIRC/tile_25987.png,2
arctic_vegetation/20230724_polygon29_m3m/BIRC/tile_25988.png,2
arctic_vegetation/20230724_polygon29_m3m/LICH/tile_25989.png,4
arctic_vegetation/20230724_polygon29_m3m/LICH/tile_25990.png,4
arctic_vegetation/20230724_polygon29_m3m/RUBC/tile_25991.png,8
arctic_vegetation/20230724_polygon29_m3m/LICH/tile_25992.png,4
arctic_vegetation/20230724_polygon29_m3m/LICH/tile_25993.png,4
arctic_vegetation/20230724_polygon29_m3m/LICH/tile_25994.png,4
arctic_vegetation/20230724_polygon29_m3m/LICH/tile_25995.png,4
arctic_vegetation/20230724_polygon29_m3m/LICH/tile_25996.png,4
arctic_vegetation/20230724_polygon29_m3m/BIRC/tile_25997.png,2
arctic_vegetation/20230724_polygon29_m3m/BIRC/tile_25998.png,2
arctic_vegetation/20230724_polygon29_m3m/BIRC/tile_25999.png,2
arctic_vegetation/20230724_polygon29_m3m/BIRC/tile_26000.png,2
arctic_vegetation/20230724_polygon29_m3m/BIRC/tile_26001.png,2
arctic_vegetation/20230724_polygon29_m3m/BIRC/tile_26002.png,2
arctic_vegetation/20230724_polygon29_m3m/BIRC/tile_26003.png,2
arctic_vegetation/20230724_polygon29_m3m/LICH/tile_26004.png,4
arctic_vegetation/20230724_polygon29_m3m/BIRC/tile_26005.png,2
arctic_vegetation/20230724_polygon29_m3m/BIRC/tile_26006.png,2
arctic_vegetation/20230724_polygon29_m3m/BIRC/tile_26007.png,2
arctic_vegetation/20230724_polygon29_m3m/BIRC/tile_26008.png,2
arctic_vegetation/20230724_polygon29_m3m/BIRC/tile_26009.png,2
arctic_vegetation/20230724_polygon29_m3m/BIRC/tile_26010.png,2
arctic_vegetation/20230724_polygon29_m3m/BIRC/tile_26011.png,2
arctic_vegetation/20230724_polygon29_m3m/BIRC/tile_26012.png,2
arctic_vegetation/20230724_polygon29_m3m/BIRC/tile_26013.png,2
arctic_vegetation/20230724_polygon29_m3m/BIRC/tile_26014.png,2
arctic_vegetation/20230724_polygon29_m3m/BIRC/tile_26015.png,2
arctic_vegetation/20230724_polygon29_m3m/BIRC/tile_26016.png,2
arctic_vegetation/20230724_polygon29_m3m/BIRC/tile_26017.png,2
arctic_vegetation/20230724_polygon29_m3m/BIRC/tile_26018.png,2
arctic_vegetation/20230724_polygon29_m3m/BIRC/tile_26019.png,2
arctic_vegetation/20230724_polygon29_m3m/BIRC/tile_26020.png,2
arctic_vegetation/20230724_polygon29_m3m/BIRC/tile_26094.png,2
arctic_vegetation/20230724_polygon29_m3m/BIRC/tile_26095.png,2
arctic_vegetation/20230724_polygon29_m3m/BIRC/tile_26096.png,2
arctic_vegetation/20230724_polygon29_m3m/BIRC/tile_26196.png,2
arctic_vegetation/20230724_polygon29_m3m/BIRC/tile_26197.png,2
arctic_vegetation/20230724_polygon29_m3m/RUBC/tile_26198.png,8
arctic_vegetation/20230724_polygon29_m3m/RUBC/tile_26199.png,8
arctic_vegetation/20230724_polygon29_m3m/RUBC/tile_26200.png,8
arctic_vegetation/20230724_polygon29_m3m/RUBC/tile_26201.png,8
arctic_vegetation/20230724_polygon29_m3m/RUBC/tile_26202.png,8
arctic_vegetation/20230724_polygon29_m3m/LICH/tile_26203.png,4
arctic_vegetation/20230724_polygon29_m3m/BIRC/tile_26206.png,2
arctic_vegetation/20230724_polygon29_m3m/BIRC/tile_26207.png,2
arctic_vegetation/20230724_polygon29_m3m/BIRC/tile_26208.png,2
arctic_vegetation/20230724_polygon29_m3m/BIRC/tile_26209.png,2
arctic_vegetation/20230724_polygon29_m3m/BIRC/tile_26210.png,2
arctic_vegetation/20230724_polygon29_m3m/BIRC/tile_26211.png,2
arctic_vegetation/20230724_polygon29_m3m/BIRC/tile_26212.png,2
arctic_vegetation/20230724_polygon29_m3m/BIRC/tile_26213.png,2
arctic_vegetation/20230724_polygon29_m3m/BIRC/tile_26214.png,2
arctic_vegetation/20230724_polygon29_m3m/BIRC/tile_26215.png,2
arctic_vegetation/20230724_polygon29_m3m/BIRC/tile_26216.png,2
arctic_vegetation/20230724_polygon29_m3m/BIRC/tile_26217.png,2
arctic_vegetation/20230724_polygon29_m3m/BIRC/tile_26218.png,2
arctic_vegetation/20230724_polygon29_m3m/BIRC/tile_26219.png,2
arctic_vegetation/20230724_polygon29_m3m/BIRC/tile_26220.png,2
arctic_vegetation/20230724_polygon29_m3m/BIRC/tile_26221.png,2
arctic_vegetation/20230724_polygon29_m3m/BIRC/tile_26222.png,2
arctic_vegetation/20230724_polygon29_m3m/BIRC/tile_26223.png,2
arctic_vegetation/20230724_polygon29_m3m/BIRC/tile_26224.png,2
arctic_vegetation/20230724_polygon29_m3m/BIRC/tile_26225.png,2
arctic_vegetation/20230724_polygon29_m3m/BIRC/tile_26226.png,2
arctic_vegetation/20230724_polygon29_m3m/BIRC/tile_26227.png,2
arctic_vegetation/20230724_polygon29_m3m/BIRC/tile_26228.png,2
arctic_vegetation/20230724_polygon29_m3m/BIRC/tile_26229.png,2
arctic_vegetation/20230724_polygon29_m3m/BIRC/tile_26230.png,2
arctic_vegetation/20230724_polygon29_m3m/BIRC/tile_26231.png,2
arctic_vegetation/20230724_polygon29_m3m/WILL/tile_26236.png,11
arctic_vegetation/20230724_polygon29_m3m/WILL/tile_26237.png,11
arctic_vegetation/20230724_polygon29_m3m/BIRC/tile_26301.png,2
arctic_vegetation/20230724_polygon29_m3m/BIRC/tile_26302.png,2
arctic_vegetation/20230724_polygon29_m3m/BIRC/tile_26303.png,2
arctic_vegetation/20230724_polygon29_m3m/BIRC/tile_26304.png,2
arctic_vegetation/20230724_polygon29_m3m/BIRC/tile_26305.png,2
arctic_vegetation/20230724_polygon29_m3m/BIRC/tile_26306.png,2
arctic_vegetation/20230724_polygon29_m3m/BIRC/tile_26403.png,2
arctic_vegetation/20230724_polygon29_m3m/BIRC/tile_26404.png,2
arctic_vegetation/20230724_polygon29_m3m/BIRC/tile_26405.png,2
arctic_vegetation/20230724_polygon29_m3m/BIRC/tile_26406.png,2
arctic_vegetation/20230724_polygon29_m3m/BIRC/tile_26407.png,2
arctic_vegetation/20230724_polygon29_m3m/BIRC/tile_26408.png,2
arctic_vegetation/20230724_polygon29_m3m/RUBC/tile_26410.png,8
arctic_vegetation/20230724_polygon29_m3m/RUBC/tile_26411.png,8
arctic_vegetation/20230724_polygon29_m3m/BIRC/tile_26415.png,2
arctic_vegetation/20230724_polygon29_m3m/BIRC/tile_26416.png,2
arctic_vegetation/20230724_polygon29_m3m/BIRC/tile_26417.png,2
arctic_vegetation/20230724_polygon29_m3m/BIRC/tile_26418.png,2
arctic_vegetation/20230724_polygon29_m3m/BIRC/tile_26419.png,2
arctic_vegetation/20230724_polygon29_m3m/BIRC/tile_26420.png,2
arctic_vegetation/20230724_polygon29_m3m/BIRC/tile_26421.png,2
arctic_vegetation/20230724_polygon29_m3m/BIRC/tile_26422.png,2
arctic_vegetation/20230724_polygon29_m3m/BIRC/tile_26423.png,2
arctic_vegetation/20230724_polygon29_m3m/BIRC/tile_26424.png,2
arctic_vegetation/20230724_polygon29_m3m/BIRC/tile_26425.png,2
arctic_vegetation/20230724_polygon29_m3m/BIRC/tile_26426.png,2
arctic_vegetation/20230724_polygon29_m3m/BIRC/tile_26427.png,2
arctic_vegetation/20230724_polygon29_m3m/BIRC/tile_26428.png,2
arctic_vegetation/20230724_polygon29_m3m/BIRC/tile_26429.png,2
arctic_vegetation/20230724_polygon29_m3m/BIRC/tile_26430.png,2
arctic_vegetation/20230724_polygon29_m3m/BIRC/tile_26431.png,2
arctic_vegetation/20230724_polygon29_m3m/BIRC/tile_26432.png,2
arctic_vegetation/20230724_polygon29_m3m/BIRC/tile_26433.png,2
arctic_vegetation/20230724_polygon29_m3m/BIRC/tile_26434.png,2
arctic_vegetation/20230724_polygon29_m3m/BIRC/tile_26435.png,2
arctic_vegetation/20230724_polygon29_m3m/BIRC/tile_26436.png,2
arctic_vegetation/20230724_polygon29_m3m/BIRC/tile_26437.png,2
arctic_vegetation/20230724_polygon29_m3m/BIRC/tile_26438.png,2
arctic_vegetation/20230724_polygon29_m3m/BIRC/tile_26439.png,2
arctic_vegetation/20230724_polygon29_m3m/BIRC/tile_26440.png,2
arctic_vegetation/20230724_polygon29_m3m/SEDG/tile_26441.png,9
arctic_vegetation/20230724_polygon29_m3m/WILL/tile_26445.png,11
arctic_vegetation/20230724_polygon29_m3m/WILL/tile_26446.png,11
arctic_vegetation/20230724_polygon29_m3m/WILL/tile_26447.png,11
arctic_vegetation/20230724_polygon29_m3m/BIRC/tile_26509.png,2
arctic_vegetation/20230724_polygon29_m3m/BIRC/tile_26510.png,2
arctic_vegetation/20230724_polygon29_m3m/BIRC/tile_26511.png,2
arctic_vegetation/20230724_polygon29_m3m/BIRC/tile_26512.png,2
arctic_vegetation/20230724_polygon29_m3m/BIRC/tile_26513.png,2
arctic_vegetation/20230724_polygon29_m3m/BIRC/tile_26514.png,2
arctic_vegetation/20230724_polygon29_m3m/BIRC/tile_26515.png,2
arctic_vegetation/20230724_polygon29_m3m/BIRC/tile_26516.png,2
arctic_vegetation/20230724_polygon29_m3m/BIRC/tile_26517.png,2
arctic_vegetation/20230724_polygon29_m3m/BIRC/tile_26612.png,2
arctic_vegetation/20230724_polygon29_m3m/BIRC/tile_26613.png,2
arctic_vegetation/20230724_polygon29_m3m/BIRC/tile_26614.png,2
arctic_vegetation/20230724_polygon29_m3m/BIRC/tile_26615.png,2
arctic_vegetation/20230724_polygon29_m3m/BIRC/tile_26616.png,2
arctic_vegetation/20230724_polygon29_m3m/BIRC/tile_26617.png,2
arctic_vegetation/20230724_polygon29_m3m/BIRC/tile_26625.png,2
arctic_vegetation/20230724_polygon29_m3m/BIRC/tile_26626.png,2
arctic_vegetation/20230724_polygon29_m3m/BIRC/tile_26627.png,2
arctic_vegetation/20230724_polygon29_m3m/BIRC/tile_26628.png,2
arctic_vegetation/20230724_polygon29_m3m/BIRC/tile_26629.png,2
arctic_vegetation/20230724_polygon29_m3m/BIRC/tile_26630.png,2
arctic_vegetation/20230724_polygon29_m3m/BIRC/tile_26631.png,2
arctic_vegetation/20230724_polygon29_m3m/BIRC/tile_26632.png,2
arctic_vegetation/20230724_polygon29_m3m/BIRC/tile_26633.png,2
arctic_vegetation/20230724_polygon29_m3m/BIRC/tile_26634.png,2
arctic_vegetation/20230724_polygon29_m3m/BIRC/tile_26635.png,2
arctic_vegetation/20230724_polygon29_m3m/BIRC/tile_26636.png,2
arctic_vegetation/20230724_polygon29_m3m/BIRC/tile_26637.png,2
arctic_vegetation/20230724_polygon29_m3m/BIRC/tile_26638.png,2
arctic_vegetation/20230724_polygon29_m3m/BIRC/tile_26639.png,2
arctic_vegetation/20230724_polygon29_m3m/BIRC/tile_26640.png,2
arctic_vegetation/20230724_polygon29_m3m/BIRC/tile_26641.png,2
arctic_vegetation/20230724_polygon29_m3m/BIRC/tile_26642.png,2
arctic_vegetation/20230724_polygon29_m3m/BIRC/tile_26643.png,2
arctic_vegetation/20230724_polygon29_m3m/BIRC/tile_26644.png,2
arctic_vegetation/20230724_polygon29_m3m/BIRC/tile_26645.png,2
arctic_vegetation/20230724_polygon29_m3m/BIRC/tile_26646.png,2
arctic_vegetation/20230724_polygon29_m3m/BIRC/tile_26647.png,2
arctic_vegetation/20230724_polygon29_m3m/BIRC/tile_26648.png,2
arctic_vegetation/20230724_polygon29_m3m/BIRC/tile_26649.png,2
arctic_vegetation/20230724_polygon29_m3m/SEDG/tile_26650.png,9
arctic_vegetation/20230724_polygon29_m3m/BIRC/tile_26651.png,2
arctic_vegetation/20230724_polygon29_m3m/BIRC/tile_26652.png,2
arctic_vegetation/20230724_polygon29_m3m/BIRC/tile_26653.png,2
arctic_vegetation/20230724_polygon29_m3m/BIRC/tile_26654.png,2
arctic_vegetation/20230724_polygon29_m3m/BIRC/tile_26655.png,2
arctic_vegetation/20230724_polygon29_m3m/BIRC/tile_26656.png,2
arctic_vegetation/20230724_polygon29_m3m/BIRC/tile_26657.png,2
arctic_vegetation/20230724_polygon29_m3m/BIRC/tile_26658.png,2
arctic_vegetation/20230724_polygon29_m3m/BIRC/tile_26659.png,2
arctic_vegetation/20230724_polygon29_m3m/BIRC/tile_26660.png,2
arctic_vegetation/20230724_polygon29_m3m/BIRC/tile_26718.png,2
arctic_vegetation/20230724_polygon29_m3m/BIRC/tile_26719.png,2
arctic_vegetation/20230724_polygon29_m3m/BIRC/tile_26720.png,2
arctic_vegetation/20230724_polygon29_m3m/BIRC/tile_26721.png,2
arctic_vegetation/20230724_polygon29_m3m/BIRC/tile_26722.png,2
arctic_vegetation/20230724_polygon29_m3m/BIRC/tile_26723.png,2
arctic_vegetation/20230724_polygon29_m3m/BIRC/tile_26724.png,2
arctic_vegetation/20230724_polygon29_m3m/BIRC/tile_26725.png,2
arctic_vegetation/20230724_polygon29_m3m/BIRC/tile_26726.png,2
arctic_vegetation/20230724_polygon29_m3m/BIRC/tile_26821.png,2
arctic_vegetation/20230724_polygon29_m3m/BIRC/tile_26822.png,2
arctic_vegetation/20230724_polygon29_m3m/BIRC/tile_26823.png,2
arctic_vegetation/20230724_polygon29_m3m/BIRC/tile_26824.png,2
arctic_vegetation/20230724_polygon29_m3m/BIRC/tile_26825.png,2
arctic_vegetation/20230724_polygon29_m3m/BIRC/tile_26826.png,2
arctic_vegetation/20230724_polygon29_m3m/WILL/tile_26830.png,11
arctic_vegetation/20230724_polygon29_m3m/WILL/tile_26831.png,11
arctic_vegetation/20230724_polygon29_m3m/WILL/tile_26832.png,11
arctic_vegetation/20230724_polygon29_m3m/WILL/tile_26833.png,11
arctic_vegetation/20230724_polygon29_m3m/WILL/tile_26834.png,11
arctic_vegetation/20230724_polygon29_m3m/WILL/tile_26835.png,11
arctic_vegetation/20230724_polygon29_m3m/WILL/tile_26836.png,11
arctic_vegetation/20230724_polygon29_m3m/WILL/tile_26837.png,11
arctic_vegetation/20230724_polygon29_m3m/ALDE/tile_26838.png,0
arctic_vegetation/20230724_polygon29_m3m/BIRC/tile_26839.png,2
arctic_vegetation/20230724_polygon29_m3m/BIRC/tile_26840.png,2
arctic_vegetation/20230724_polygon29_m3m/BIRC/tile_26841.png,2
arctic_vegetation/20230724_polygon29_m3m/BIRC/tile_26842.png,2
arctic_vegetation/20230724_polygon29_m3m/BIRC/tile_26843.png,2
arctic_vegetation/20230724_polygon29_m3m/BIRC/tile_26844.png,2
arctic_vegetation/20230724_polygon29_m3m/BIRC/tile_26845.png,2
arctic_vegetation/20230724_polygon29_m3m/BIRC/tile_26846.png,2
arctic_vegetation/20230724_polygon29_m3m/BIRC/tile_26847.png,2
arctic_vegetation/20230724_polygon29_m3m/BIRC/tile_26848.png,2
arctic_vegetation/20230724_polygon29_m3m/BIRC/tile_26849.png,2
arctic_vegetation/20230724_polygon29_m3m/BIRC/tile_26850.png,2
arctic_vegetation/20230724_polygon29_m3m/BIRC/tile_26851.png,2
arctic_vegetation/20230724_polygon29_m3m/BIRC/tile_26852.png,2
arctic_vegetation/20230724_polygon29_m3m/BIRC/tile_26853.png,2
arctic_vegetation/20230724_polygon29_m3m/BIRC/tile_26854.png,2
arctic_vegetation/20230724_polygon29_m3m/BIRC/tile_26855.png,2
arctic_vegetation/20230724_polygon29_m3m/BIRC/tile_26856.png,2
arctic_vegetation/20230724_polygon29_m3m/BIRC/tile_26857.png,2
arctic_vegetation/20230724_polygon29_m3m/SEDG/tile_26858.png,9
arctic_vegetation/20230724_polygon29_m3m/SEDG/tile_26859.png,9
arctic_vegetation/20230724_polygon29_m3m/BIRC/tile_26860.png,2
arctic_vegetation/20230724_polygon29_m3m/BIRC/tile_26861.png,2
arctic_vegetation/20230724_polygon29_m3m/BIRC/tile_26862.png,2
arctic_vegetation/20230724_polygon29_m3m/BIRC/tile_26863.png,2
arctic_vegetation/20230724_polygon29_m3m/BIRC/tile_26864.png,2
arctic_vegetation/20230724_polygon29_m3m/BIRC/tile_26865.png,2
arctic_vegetation/20230724_polygon29_m3m/BIRC/tile_26866.png,2
arctic_vegetation/20230724_polygon29_m3m/BIRC/tile_26867.png,2
arctic_vegetation/20230724_polygon29_m3m/BIRC/tile_26868.png,2
arctic_vegetation/20230724_polygon29_m3m/BIRC/tile_26869.png,2
arctic_vegetation/20230724_polygon29_m3m/BIRC/tile_26927.png,2
arctic_vegetation/20230724_polygon29_m3m/BIRC/tile_26928.png,2
arctic_vegetation/20230724_polygon29_m3m/BIRC/tile_26929.png,2
arctic_vegetation/20230724_polygon29_m3m/BIRC/tile_26930.png,2
arctic_vegetation/20230724_polygon29_m3m/BIRC/tile_26931.png,2
arctic_vegetation/20230724_polygon29_m3m/BIRC/tile_26932.png,2
arctic_vegetation/20230724_polygon29_m3m/BIRC/tile_26933.png,2
arctic_vegetation/20230724_polygon29_m3m/BIRC/tile_26934.png,2
arctic_vegetation/20230724_polygon29_m3m/BIRC/tile_26935.png,2
arctic_vegetation/20230724_polygon29_m3m/BIRC/tile_26936.png,2
arctic_vegetation/20230724_polygon29_m3m/BIRC/tile_27030.png,2
arctic_vegetation/20230724_polygon29_m3m/BIRC/tile_27031.png,2
arctic_vegetation/20230724_polygon29_m3m/BIRC/tile_27032.png,2
arctic_vegetation/20230724_polygon29_m3m/ALDE/tile_27033.png,0
arctic_vegetation/20230724_polygon29_m3m/WILL/tile_27039.png,11
arctic_vegetation/20230724_polygon29_m3m/WILL/tile_27040.png,11
arctic_vegetation/20230724_polygon29_m3m/WILL/tile_27041.png,11
arctic_vegetation/20230724_polygon29_m3m/WILL/tile_27042.png,11
arctic_vegetation/20230724_polygon29_m3m/WILL/tile_27043.png,11
arctic_vegetation/20230724_polygon29_m3m/WILL/tile_27044.png,11
arctic_vegetation/20230724_polygon29_m3m/WILL/tile_27045.png,11
arctic_vegetation/20230724_polygon29_m3m/WILL/tile_27046.png,11
arctic_vegetation/20230724_polygon29_m3m/ALDE/tile_27047.png,0
arctic_vegetation/20230724_polygon29_m3m/ALDE/tile_27048.png,0
arctic_vegetation/20230724_polygon29_m3m/BIRC/tile_27049.png,2
arctic_vegetation/20230724_polygon29_m3m/BIRC/tile_27050.png,2
arctic_vegetation/20230724_polygon29_m3m/BIRC/tile_27051.png,2
arctic_vegetation/20230724_polygon29_m3m/BIRC/tile_27052.png,2
arctic_vegetation/20230724_polygon29_m3m/BIRC/tile_27053.png,2
arctic_vegetation/20230724_polygon29_m3m/BIRC/tile_27054.png,2
arctic_vegetation/20230724_polygon29_m3m/BIRC/tile_27055.png,2
arctic_vegetation/20230724_polygon29_m3m/BIRC/tile_27056.png,2
arctic_vegetation/20230724_polygon29_m3m/BIRC/tile_27057.png,2
arctic_vegetation/20230724_polygon29_m3m/BIRC/tile_27058.png,2
arctic_vegetation/20230724_polygon29_m3m/BIRC/tile_27059.png,2
arctic_vegetation/20230724_polygon29_m3m/BIRC/tile_27060.png,2
arctic_vegetation/20230724_polygon29_m3m/BIRC/tile_27061.png,2
arctic_vegetation/20230724_polygon29_m3m/BIRC/tile_27062.png,2
arctic_vegetation/20230724_polygon29_m3m/BIRC/tile_27063.png,2
arctic_vegetation/20230724_polygon29_m3m/BIRC/tile_27064.png,2
arctic_vegetation/20230724_polygon29_m3m/BIRC/tile_27065.png,2
arctic_vegetation/20230724_polygon29_m3m/SEDG/tile_27066.png,9
arctic_vegetation/20230724_polygon29_m3m/SEDG/tile_27067.png,9
arctic_vegetation/20230724_polygon29_m3m/SEDG/tile_27068.png,9
arctic_vegetation/20230724_polygon29_m3m/BIRC/tile_27069.png,2
arctic_vegetation/20230724_polygon29_m3m/BIRC/tile_27070.png,2
arctic_vegetation/20230724_polygon29_m3m/BIRC/tile_27071.png,2
arctic_vegetation/20230724_polygon29_m3m/BIRC/tile_27072.png,2
arctic_vegetation/20230724_polygon29_m3m/BIRC/tile_27073.png,2
arctic_vegetation/20230724_polygon29_m3m/BIRC/tile_27074.png,2
arctic_vegetation/20230724_polygon29_m3m/BIRC/tile_27075.png,2
arctic_vegetation/20230724_polygon29_m3m/BIRC/tile_27076.png,2
arctic_vegetation/20230724_polygon29_m3m/BIRC/tile_27077.png,2
arctic_vegetation/20230724_polygon29_m3m/BIRC/tile_27137.png,2
arctic_vegetation/20230724_polygon29_m3m/BIRC/tile_27138.png,2
arctic_vegetation/20230724_polygon29_m3m/BIRC/tile_27139.png,2
arctic_vegetation/20230724_polygon29_m3m/BIRC/tile_27140.png,2
arctic_vegetation/20230724_polygon29_m3m/BIRC/tile_27141.png,2
arctic_vegetation/20230724_polygon29_m3m/BIRC/tile_27142.png,2
arctic_vegetation/20230724_polygon29_m3m/BIRC/tile_27143.png,2
arctic_vegetation/20230724_polygon29_m3m/BIRC/tile_27144.png,2
arctic_vegetation/20230724_polygon29_m3m/BIRC/tile_27145.png,2
arctic_vegetation/20230724_polygon29_m3m/ALDE/tile_27239.png,0
arctic_vegetation/20230724_polygon29_m3m/ALDE/tile_27240.png,0
arctic_vegetation/20230724_polygon29_m3m/ALDE/tile_27241.png,0
arctic_vegetation/20230724_polygon29_m3m/ALDE/tile_27242.png,0
arctic_vegetation/20230724_polygon29_m3m/WILL/tile_27243.png,11
arctic_vegetation/20230724_polygon29_m3m/WILL/tile_27244.png,11
arctic_vegetation/20230724_polygon29_m3m/WILL/tile_27245.png,11
arctic_vegetation/20230724_polygon29_m3m/WILL/tile_27246.png,11
arctic_vegetation/20230724_polygon29_m3m/WILL/tile_27247.png,11
arctic_vegetation/20230724_polygon29_m3m/WILL/tile_27248.png,11
arctic_vegetation/20230724_polygon29_m3m/WILL/tile_27249.png,11
arctic_vegetation/20230724_polygon29_m3m/WILL/tile_27250.png,11
arctic_vegetation/20230724_polygon29_m3m/WILL/tile_27251.png,11
arctic_vegetation/20230724_polygon29_m3m/WILL/tile_27252.png,11
arctic_vegetation/20230724_polygon29_m3m/WILL/tile_27253.png,11
arctic_vegetation/20230724_polygon29_m3m/WILL/tile_27254.png,11
arctic_vegetation/20230724_polygon29_m3m/ALDE/tile_27255.png,0
arctic_vegetation/20230724_polygon29_m3m/ALDE/tile_27256.png,0
arctic_vegetation/20230724_polygon29_m3m/ALDE/tile_27257.png,0
arctic_vegetation/20230724_polygon29_m3m/BIRC/tile_27262.png,2
arctic_vegetation/20230724_polygon29_m3m/BIRC/tile_27263.png,2
arctic_vegetation/20230724_polygon29_m3m/BIRC/tile_27264.png,2
arctic_vegetation/20230724_polygon29_m3m/BIRC/tile_27265.png,2
arctic_vegetation/20230724_polygon29_m3m/BIRC/tile_27266.png,2
arctic_vegetation/20230724_polygon29_m3m/BIRC/tile_27267.png,2
arctic_vegetation/20230724_polygon29_m3m/BIRC/tile_27268.png,2
arctic_vegetation/20230724_polygon29_m3m/BIRC/tile_27269.png,2
arctic_vegetation/20230724_polygon29_m3m/BIRC/tile_27270.png,2
arctic_vegetation/20230724_polygon29_m3m/BIRC/tile_27271.png,2
arctic_vegetation/20230724_polygon29_m3m/BIRC/tile_27272.png,2
arctic_vegetation/20230724_polygon29_m3m/BIRC/tile_27273.png,2
arctic_vegetation/20230724_polygon29_m3m/BIRC/tile_27274.png,2
arctic_vegetation/20230724_polygon29_m3m/BIRC/tile_27282.png,2
arctic_vegetation/20230724_polygon29_m3m/BIRC/tile_27283.png,2
arctic_vegetation/20230724_polygon29_m3m/BIRC/tile_27284.png,2
arctic_vegetation/20230724_polygon29_m3m/WILL/tile_27285.png,11
arctic_vegetation/20230724_polygon29_m3m/WILL/tile_27286.png,11
arctic_vegetation/20230724_polygon29_m3m/BIRC/tile_27350.png,2
arctic_vegetation/20230724_polygon29_m3m/BIRC/tile_27351.png,2
arctic_vegetation/20230724_polygon29_m3m/BIRC/tile_27352.png,2
arctic_vegetation/20230724_polygon29_m3m/BIRC/tile_27353.png,2
arctic_vegetation/20230724_polygon29_m3m/BIRC/tile_27354.png,2
arctic_vegetation/20230724_polygon29_m3m/ALDE/tile_27448.png,0
arctic_vegetation/20230724_polygon29_m3m/ALDE/tile_27449.png,0
arctic_vegetation/20230724_polygon29_m3m/ALDE/tile_27450.png,0
arctic_vegetation/20230724_polygon29_m3m/ALDE/tile_27451.png,0
arctic_vegetation/20230724_polygon29_m3m/WILL/tile_27452.png,11
arctic_vegetation/20230724_polygon29_m3m/WILL/tile_27453.png,11
arctic_vegetation/20230724_polygon29_m3m/WILL/tile_27454.png,11
arctic_vegetation/20230724_polygon29_m3m/WILL/tile_27455.png,11
arctic_vegetation/20230724_polygon29_m3m/WILL/tile_27456.png,11
arctic_vegetation/20230724_polygon29_m3m/WILL/tile_27457.png,11
arctic_vegetation/20230724_polygon29_m3m/WILL/tile_27458.png,11
arctic_vegetation/20230724_polygon29_m3m/WILL/tile_27459.png,11
arctic_vegetation/20230724_polygon29_m3m/WILL/tile_27460.png,11
arctic_vegetation/20230724_polygon29_m3m/WILL/tile_27461.png,11
arctic_vegetation/20230724_polygon29_m3m/WILL/tile_27462.png,11
arctic_vegetation/20230724_polygon29_m3m/ALDE/tile_27463.png,0
arctic_vegetation/20230724_polygon29_m3m/ALDE/tile_27464.png,0
arctic_vegetation/20230724_polygon29_m3m/ALDE/tile_27465.png,0
arctic_vegetation/20230724_polygon29_m3m/ALDE/tile_27466.png,0
arctic_vegetation/20230724_polygon29_m3m/BIRC/tile_27467.png,2
arctic_vegetation/20230724_polygon29_m3m/BIRC/tile_27468.png,2
arctic_vegetation/20230724_polygon29_m3m/BIRC/tile_27469.png,2
arctic_vegetation/20230724_polygon29_m3m/ALDE/tile_27470.png,0
arctic_vegetation/20230724_polygon29_m3m/ALDE/tile_27471.png,0
arctic_vegetation/20230724_polygon29_m3m/ALDE/tile_27472.png,0
arctic_vegetation/20230724_polygon29_m3m/WILL/tile_27476.png,11
arctic_vegetation/20230724_polygon29_m3m/WILL/tile_27477.png,11
arctic_vegetation/20230724_polygon29_m3m/WILL/tile_27478.png,11
arctic_vegetation/20230724_polygon29_m3m/WILL/tile_27479.png,11
arctic_vegetation/20230724_polygon29_m3m/BIRC/tile_27491.png,2
arctic_vegetation/20230724_polygon29_m3m/BIRC/tile_27492.png,2
arctic_vegetation/20230724_polygon29_m3m/BIRC/tile_27493.png,2
arctic_vegetation/20230724_polygon29_m3m/BIRC/tile_27559.png,2
arctic_vegetation/20230724_polygon29_m3m/BIRC/tile_27560.png,2
arctic_vegetation/20230724_polygon29_m3m/BIRC/tile_27561.png,2
arctic_vegetation/20230724_polygon29_m3m/BIRC/tile_27562.png,2
arctic_vegetation/20230724_polygon29_m3m/BIRC/tile_27563.png,2
arctic_vegetation/20230724_polygon29_m3m/ALDE/tile_27657.png,0
arctic_vegetation/20230724_polygon29_m3m/ALDE/tile_27658.png,0
arctic_vegetation/20230724_polygon29_m3m/ALDE/tile_27659.png,0
arctic_vegetation/20230724_polygon29_m3m/ALDE/tile_27660.png,0
arctic_vegetation/20230724_polygon29_m3m/WILL/tile_27661.png,11
arctic_vegetation/20230724_polygon29_m3m/WILL/tile_27662.png,11
arctic_vegetation/20230724_polygon29_m3m/WILL/tile_27663.png,11
arctic_vegetation/20230724_polygon29_m3m/WILL/tile_27664.png,11
arctic_vegetation/20230724_polygon29_m3m/WILL/tile_27665.png,11
arctic_vegetation/20230724_polygon29_m3m/WILL/tile_27666.png,11
arctic_vegetation/20230724_polygon29_m3m/WILL/tile_27667.png,11
arctic_vegetation/20230724_polygon29_m3m/WILL/tile_27668.png,11
arctic_vegetation/20230724_polygon29_m3m/WILL/tile_27669.png,11
arctic_vegetation/20230724_polygon29_m3m/WILL/tile_27670.png,11
arctic_vegetation/20230724_polygon29_m3m/WILL/tile_27671.png,11
arctic_vegetation/20230724_polygon29_m3m/WILL/tile_27672.png,11
arctic_vegetation/20230724_polygon29_m3m/ALDE/tile_27673.png,0
arctic_vegetation/20230724_polygon29_m3m/ALDE/tile_27674.png,0
arctic_vegetation/20230724_polygon29_m3m/ALDE/tile_27675.png,0
arctic_vegetation/20230724_polygon29_m3m/BIRC/tile_27676.png,2
arctic_vegetation/20230724_polygon29_m3m/BIRC/tile_27677.png,2
arctic_vegetation/20230724_polygon29_m3m/BIRC/tile_27678.png,2
arctic_vegetation/20230724_polygon29_m3m/ALDE/tile_27679.png,0
arctic_vegetation/20230724_polygon29_m3m/ALDE/tile_27680.png,0
arctic_vegetation/20230724_polygon29_m3m/ALDE/tile_27681.png,0
arctic_vegetation/20230724_polygon29_m3m/DRYI/tile_27682.png,3
arctic_vegetation/20230724_polygon29_m3m/DRYI/tile_27683.png,3
arctic_vegetation/20230724_polygon29_m3m/WILL/tile_27870.png,11
arctic_vegetation/20230724_polygon29_m3m/WILL/tile_27871.png,11
arctic_vegetation/20230724_polygon29_m3m/WILL/tile_27872.png,11
arctic_vegetation/20230724_polygon29_m3m/WILL/tile_27873.png,11
arctic_vegetation/20230724_polygon29_m3m/WILL/tile_27874.png,11
arctic_vegetation/20230724_polygon29_m3m/WILL/tile_27875.png,11
arctic_vegetation/20230724_polygon29_m3m/WILL/tile_27876.png,11
arctic_vegetation/20230724_polygon29_m3m/WILL/tile_27877.png,11
arctic_vegetation/20230724_polygon29_m3m/WILL/tile_27878.png,11
arctic_vegetation/20230724_polygon29_m3m/WILL/tile_27879.png,11
arctic_vegetation/20230724_polygon29_m3m/WILL/tile_27880.png,11
arctic_vegetation/20230724_polygon29_m3m/WILL/tile_27881.png,11
arctic_vegetation/20230724_polygon29_m3m/WILL/tile_27882.png,11
arctic_vegetation/20230724_polygon29_m3m/WILL/tile_27883.png,11
arctic_vegetation/20230724_polygon29_m3m/WILL/tile_27884.png,11
arctic_vegetation/20230724_polygon29_m3m/BIRC/tile_27885.png,2
arctic_vegetation/20230724_polygon29_m3m/BIRC/tile_27886.png,2
arctic_vegetation/20230724_polygon29_m3m/BIRC/tile_27887.png,2
arctic_vegetation/20230724_polygon29_m3m/ALDE/tile_27888.png,0
arctic_vegetation/20230724_polygon29_m3m/ALDE/tile_27889.png,0
arctic_vegetation/20230724_polygon29_m3m/ALDE/tile_27890.png,0
arctic_vegetation/20230724_polygon29_m3m/DRYI/tile_27891.png,3
arctic_vegetation/20230724_polygon29_m3m/DRYI/tile_27892.png,3
arctic_vegetation/20230724_polygon29_m3m/DRYI/tile_27893.png,3
arctic_vegetation/20230724_polygon29_m3m/DRYI/tile_27894.png,3
arctic_vegetation/20230724_polygon29_m3m/DRYI/tile_27895.png,3
arctic_vegetation/20230724_polygon29_m3m/WILL/tile_28079.png,11
arctic_vegetation/20230724_polygon29_m3m/WILL/tile_28080.png,11
arctic_vegetation/20230724_polygon29_m3m/WILL/tile_28081.png,11
arctic_vegetation/20230724_polygon29_m3m/WILL/tile_28082.png,11
arctic_vegetation/20230724_polygon29_m3m/WILL/tile_28083.png,11
arctic_vegetation/20230724_polygon29_m3m/WILL/tile_28084.png,11
arctic_vegetation/20230724_polygon29_m3m/WILL/tile_28085.png,11
arctic_vegetation/20230724_polygon29_m3m/WILL/tile_28086.png,11
arctic_vegetation/20230724_polygon29_m3m/WILL/tile_28087.png,11
arctic_vegetation/20230724_polygon29_m3m/WILL/tile_28088.png,11
arctic_vegetation/20230724_polygon29_m3m/WILL/tile_28089.png,11
arctic_vegetation/20230724_polygon29_m3m/WILL/tile_28090.png,11
arctic_vegetation/20230724_polygon29_m3m/WILL/tile_28091.png,11
arctic_vegetation/20230724_polygon29_m3m/WILL/tile_28092.png,11
arctic_vegetation/20230724_polygon29_m3m/WILL/tile_28093.png,11
arctic_vegetation/20230724_polygon29_m3m/BIRC/tile_28094.png,2
arctic_vegetation/20230724_polygon29_m3m/BIRC/tile_28095.png,2
arctic_vegetation/20230724_polygon29_m3m/BIRC/tile_28096.png,2
arctic_vegetation/20230724_polygon29_m3m/WILL/tile_28097.png,11
arctic_vegetation/20230724_polygon29_m3m/WILL/tile_28098.png,11
arctic_vegetation/20230724_polygon29_m3m/DRYI/tile_28099.png,3
arctic_vegetation/20230724_polygon29_m3m/DRYI/tile_28100.png,3
arctic_vegetation/20230724_polygon29_m3m/DRYI/tile_28101.png,3
arctic_vegetation/20230724_polygon29_m3m/DRYI/tile_28102.png,3
arctic_vegetation/20230724_polygon29_m3m/DRYI/tile_28103.png,3
arctic_vegetation/20230724_polygon29_m3m/DRYI/tile_28104.png,3
arctic_vegetation/20230724_polygon29_m3m/LICH/tile_28181.png,4
arctic_vegetation/20230724_polygon29_m3m/LICH/tile_28182.png,4
arctic_vegetation/20230724_polygon29_m3m/LICH/tile_28183.png,4
arctic_vegetation/20230724_polygon29_m3m/LICH/tile_28184.png,4
arctic_vegetation/20230724_polygon29_m3m/LICH/tile_28185.png,4
arctic_vegetation/20230724_polygon29_m3m/LICH/tile_28186.png,4
arctic_vegetation/20230724_polygon29_m3m/LICH/tile_28187.png,4
arctic_vegetation/20230724_polygon29_m3m/LICH/tile_28188.png,4
arctic_vegetation/20230724_polygon29_m3m/LICH/tile_28189.png,4
arctic_vegetation/20230724_polygon29_m3m/BIRC/tile_28284.png,2
arctic_vegetation/20230724_polygon29_m3m/BIRC/tile_28285.png,2
arctic_vegetation/20230724_polygon29_m3m/BIRC/tile_28286.png,2
arctic_vegetation/20230724_polygon29_m3m/BIRC/tile_28287.png,2
arctic_vegetation/20230724_polygon29_m3m/BIRC/tile_28288.png,2
arctic_vegetation/20230724_polygon29_m3m/BIRC/tile_28289.png,2
arctic_vegetation/20230724_polygon29_m3m/BIRC/tile_28290.png,2
arctic_vegetation/20230724_polygon29_m3m/BIRC/tile_28291.png,2
arctic_vegetation/20230724_polygon29_m3m/WILL/tile_28292.png,11
arctic_vegetation/20230724_polygon29_m3m/WILL/tile_28293.png,11
arctic_vegetation/20230724_polygon29_m3m/WILL/tile_28294.png,11
arctic_vegetation/20230724_polygon29_m3m/WILL/tile_28295.png,11
arctic_vegetation/20230724_polygon29_m3m/WILL/tile_28296.png,11
arctic_vegetation/20230724_polygon29_m3m/WILL/tile_28297.png,11
arctic_vegetation/20230724_polygon29_m3m/WILL/tile_28298.png,11
arctic_vegetation/20230724_polygon29_m3m/WILL/tile_28299.png,11
arctic_vegetation/20230724_polygon29_m3m/WILL/tile_28300.png,11
arctic_vegetation/20230724_polygon29_m3m/WILL/tile_28301.png,11
arctic_vegetation/20230724_polygon29_m3m/WILL/tile_28302.png,11
arctic_vegetation/20230724_polygon29_m3m/BIRC/tile_28303.png,2
arctic_vegetation/20230724_polygon29_m3m/BIRC/tile_28304.png,2
arctic_vegetation/20230724_polygon29_m3m/BIRC/tile_28305.png,2
arctic_vegetation/20230724_polygon29_m3m/DRYI/tile_28306.png,3
arctic_vegetation/20230724_polygon29_m3m/DRYI/tile_28307.png,3
arctic_vegetation/20230724_polygon29_m3m/DRYI/tile_28308.png,3
arctic_vegetation/20230724_polygon29_m3m/DRYI/tile_28309.png,3
arctic_vegetation/20230724_polygon29_m3m/DRYI/tile_28310.png,3
arctic_vegetation/20230724_polygon29_m3m/DRYI/tile_28311.png,3
arctic_vegetation/20230724_polygon29_m3m/DRYI/tile_28312.png,3
arctic_vegetation/20230724_polygon29_m3m/DRYI/tile_28313.png,3
arctic_vegetation/20230724_polygon29_m3m/LICH/tile_28390.png,4
arctic_vegetation/20230724_polygon29_m3m/LICH/tile_28391.png,4
arctic_vegetation/20230724_polygon29_m3m/LICH/tile_28392.png,4
arctic_vegetation/20230724_polygon29_m3m/LICH/tile_28393.png,4
arctic_vegetation/20230724_polygon29_m3m/LICH/tile_28394.png,4
arctic_vegetation/20230724_polygon29_m3m/LICH/tile_28395.png,4
arctic_vegetation/20230724_polygon29_m3m/LICH/tile_28396.png,4
arctic_vegetation/20230724_polygon29_m3m/LICH/tile_28397.png,4
arctic_vegetation/20230724_polygon29_m3m/LICH/tile_28398.png,4
arctic_vegetation/20230724_polygon29_m3m/BIRC/tile_28493.png,2
arctic_vegetation/20230724_polygon29_m3m/BIRC/tile_28494.png,2
arctic_vegetation/20230724_polygon29_m3m/BIRC/tile_28495.png,2
arctic_vegetation/20230724_polygon29_m3m/BIRC/tile_28496.png,2
arctic_vegetation/20230724_polygon29_m3m/BIRC/tile_28497.png,2
arctic_vegetation/20230724_polygon29_m3m/BIRC/tile_28498.png,2
arctic_vegetation/20230724_polygon29_m3m/BIRC/tile_28499.png,2
arctic_vegetation/20230724_polygon29_m3m/BIRC/tile_28500.png,2
arctic_vegetation/20230724_polygon29_m3m/BIRC/tile_28502.png,2
arctic_vegetation/20230724_polygon29_m3m/BIRC/tile_28503.png,2
arctic_vegetation/20230724_polygon29_m3m/BIRC/tile_28504.png,2
arctic_vegetation/20230724_polygon29_m3m/BIRC/tile_28505.png,2
arctic_vegetation/20230724_polygon29_m3m/BIRC/tile_28506.png,2
arctic_vegetation/20230724_polygon29_m3m/BIRC/tile_28507.png,2
arctic_vegetation/20230724_polygon29_m3m/BIRC/tile_28508.png,2
arctic_vegetation/20230724_polygon29_m3m/BIRC/tile_28509.png,2
arctic_vegetation/20230724_polygon29_m3m/BIRC/tile_28510.png,2
arctic_vegetation/20230724_polygon29_m3m/BIRC/tile_28511.png,2
arctic_vegetation/20230724_polygon29_m3m/BIRC/tile_28512.png,2
arctic_vegetation/20230724_polygon29_m3m/BIRC/tile_28513.png,2
arctic_vegetation/20230724_polygon29_m3m/BIRC/tile_28514.png,2
arctic_vegetation/20230724_polygon29_m3m/BIRC/tile_28515.png,2
arctic_vegetation/20230724_polygon29_m3m/BIRC/tile_28516.png,2
arctic_vegetation/20230724_polygon29_m3m/DRYI/tile_28517.png,3
arctic_vegetation/20230724_polygon29_m3m/DRYI/tile_28518.png,3
arctic_vegetation/20230724_polygon29_m3m/LICH/tile_28599.png,4
arctic_vegetation/20230724_polygon29_m3m/LICH/tile_28600.png,4
arctic_vegetation/20230724_polygon29_m3m/LICH/tile_28601.png,4
arctic_vegetation/20230724_polygon29_m3m/LICH/tile_28602.png,4
arctic_vegetation/20230724_polygon29_m3m/LICH/tile_28603.png,4
arctic_vegetation/20230724_polygon29_m3m/LICH/tile_28604.png,4
arctic_vegetation/20230724_polygon29_m3m/LICH/tile_28605.png,4
arctic_vegetation/20230724_polygon29_m3m/LICH/tile_28606.png,4
arctic_vegetation/20230724_polygon29_m3m/LICH/tile_28607.png,4
arctic_vegetation/20230724_polygon29_m3m/BIRC/tile_28702.png,2
arctic_vegetation/20230724_polygon29_m3m/BIRC/tile_28703.png,2
arctic_vegetation/20230724_polygon29_m3m/BIRC/tile_28704.png,2
arctic_vegetation/20230724_polygon29_m3m/BIRC/tile_28705.png,2
arctic_vegetation/20230724_polygon29_m3m/BIRC/tile_28706.png,2
arctic_vegetation/20230724_polygon29_m3m/BIRC/tile_28707.png,2
arctic_vegetation/20230724_polygon29_m3m/BIRC/tile_28708.png,2
arctic_vegetation/20230724_polygon29_m3m/BIRC/tile_28709.png,2
arctic_vegetation/20230724_polygon29_m3m/BIRC/tile_28710.png,2
arctic_vegetation/20230724_polygon29_m3m/BIRC/tile_28711.png,2
arctic_vegetation/20230724_polygon29_m3m/BIRC/tile_28712.png,2
arctic_vegetation/20230724_polygon29_m3m/BIRC/tile_28713.png,2
arctic_vegetation/20230724_polygon29_m3m/BIRC/tile_28714.png,2
arctic_vegetation/20230724_polygon29_m3m/BIRC/tile_28715.png,2
arctic_vegetation/20230724_polygon29_m3m/BIRC/tile_28716.png,2
arctic_vegetation/20230724_polygon29_m3m/BIRC/tile_28717.png,2
arctic_vegetation/20230724_polygon29_m3m/BIRC/tile_28718.png,2
arctic_vegetation/20230724_polygon29_m3m/BIRC/tile_28719.png,2
arctic_vegetation/20230724_polygon29_m3m/BIRC/tile_28720.png,2
arctic_vegetation/20230724_polygon29_m3m/BIRC/tile_28721.png,2
arctic_vegetation/20230724_polygon29_m3m/BIRC/tile_28722.png,2
arctic_vegetation/20230724_polygon29_m3m/BIRC/tile_28723.png,2
arctic_vegetation/20230724_polygon29_m3m/BIRC/tile_28724.png,2
arctic_vegetation/20230724_polygon29_m3m/BIRC/tile_28725.png,2
arctic_vegetation/20230724_polygon29_m3m/DRYI/tile_28726.png,3
arctic_vegetation/20230724_polygon29_m3m/DRYI/tile_28727.png,3
arctic_vegetation/20230724_polygon29_m3m/BIRC/tile_28728.png,2
arctic_vegetation/20230724_polygon29_m3m/BIRC/tile_28729.png,2
arctic_vegetation/20230724_polygon29_m3m/BIRC/tile_28730.png,2
arctic_vegetation/20230724_polygon29_m3m/BIRC/tile_28731.png,2
arctic_vegetation/20230724_polygon29_m3m/LICH/tile_28740.png,4
arctic_vegetation/20230724_polygon29_m3m/LICH/tile_28741.png,4
arctic_vegetation/20230724_polygon29_m3m/LICH/tile_28742.png,4
arctic_vegetation/20230724_polygon29_m3m/LICH/tile_28743.png,4
arctic_vegetation/20230724_polygon29_m3m/LICH/tile_28808.png,4
arctic_vegetation/20230724_polygon29_m3m/LICH/tile_28809.png,4
arctic_vegetation/20230724_polygon29_m3m/LICH/tile_28810.png,4
arctic_vegetation/20230724_polygon29_m3m/LICH/tile_28811.png,4
arctic_vegetation/20230724_polygon29_m3m/LICH/tile_28812.png,4
arctic_vegetation/20230724_polygon29_m3m/LICH/tile_28813.png,4
arctic_vegetation/20230724_polygon29_m3m/LICH/tile_28814.png,4
arctic_vegetation/20230724_polygon29_m3m/LICH/tile_28815.png,4
arctic_vegetation/20230724_polygon29_m3m/LICH/tile_28816.png,4
arctic_vegetation/20230724_polygon29_m3m/BIRC/tile_28911.png,2
arctic_vegetation/20230724_polygon29_m3m/BIRC/tile_28912.png,2
arctic_vegetation/20230724_polygon29_m3m/BIRC/tile_28913.png,2
arctic_vegetation/20230724_polygon29_m3m/BIRC/tile_28914.png,2
arctic_vegetation/20230724_polygon29_m3m/BIRC/tile_28915.png,2
arctic_vegetation/20230724_polygon29_m3m/BIRC/tile_28916.png,2
arctic_vegetation/20230724_polygon29_m3m/BIRC/tile_28917.png,2
arctic_vegetation/20230724_polygon29_m3m/BIRC/tile_28918.png,2
arctic_vegetation/20230724_polygon29_m3m/BIRC/tile_28919.png,2
arctic_vegetation/20230724_polygon29_m3m/BIRC/tile_28920.png,2
arctic_vegetation/20230724_polygon29_m3m/BIRC/tile_28921.png,2
arctic_vegetation/20230724_polygon29_m3m/BIRC/tile_28922.png,2
arctic_vegetation/20230724_polygon29_m3m/BIRC/tile_28923.png,2
arctic_vegetation/20230724_polygon29_m3m/RUBC/tile_28925.png,8
arctic_vegetation/20230724_polygon29_m3m/RUBC/tile_28926.png,8
arctic_vegetation/20230724_polygon29_m3m/BIRC/tile_28927.png,2
arctic_vegetation/20230724_polygon29_m3m/BIRC/tile_28928.png,2
arctic_vegetation/20230724_polygon29_m3m/BIRC/tile_28929.png,2
arctic_vegetation/20230724_polygon29_m3m/BIRC/tile_28930.png,2
arctic_vegetation/20230724_polygon29_m3m/BIRC/tile_28931.png,2
arctic_vegetation/20230724_polygon29_m3m/LICH/tile_28932.png,4
arctic_vegetation/20230724_polygon29_m3m/LICH/tile_28933.png,4
arctic_vegetation/20230724_polygon29_m3m/LICH/tile_28934.png,4
arctic_vegetation/20230724_polygon29_m3m/LICH/tile_28935.png,4
arctic_vegetation/20230724_polygon29_m3m/LICH/tile_28936.png,4
arctic_vegetation/20230724_polygon29_m3m/BIRC/tile_28937.png,2
arctic_vegetation/20230724_polygon29_m3m/BIRC/tile_28938.png,2
arctic_vegetation/20230724_polygon29_m3m/BIRC/tile_28939.png,2
arctic_vegetation/20230724_polygon29_m3m/BIRC/tile_28940.png,2
arctic_vegetation/20230724_polygon29_m3m/LICH/tile_28946.png,4
arctic_vegetation/20230724_polygon29_m3m/LICH/tile_28947.png,4
arctic_vegetation/20230724_polygon29_m3m/LICH/tile_28948.png,4
arctic_vegetation/20230724_polygon29_m3m/LICH/tile_28949.png,4
arctic_vegetation/20230724_polygon29_m3m/LICH/tile_28950.png,4
arctic_vegetation/20230724_polygon29_m3m/LICH/tile_28951.png,4
arctic_vegetation/20230724_polygon29_m3m/LICH/tile_28952.png,4
arctic_vegetation/20230724_polygon29_m3m/LICH/tile_29017.png,4
arctic_vegetation/20230724_polygon29_m3m/LICH/tile_29018.png,4
arctic_vegetation/20230724_polygon29_m3m/LICH/tile_29019.png,4
arctic_vegetation/20230724_polygon29_m3m/LICH/tile_29020.png,4
arctic_vegetation/20230724_polygon29_m3m/LICH/tile_29021.png,4
arctic_vegetation/20230724_polygon29_m3m/LICH/tile_29022.png,4
arctic_vegetation/20230724_polygon29_m3m/LICH/tile_29023.png,4
arctic_vegetation/20230724_polygon29_m3m/LICH/tile_29024.png,4
arctic_vegetation/20230724_polygon29_m3m/LICH/tile_29025.png,4
arctic_vegetation/20230724_polygon29_m3m/BIRC/tile_29126.png,2
arctic_vegetation/20230724_polygon29_m3m/BIRC/tile_29127.png,2
arctic_vegetation/20230724_polygon29_m3m/BIRC/tile_29128.png,2
arctic_vegetation/20230724_polygon29_m3m/BIRC/tile_29129.png,2
arctic_vegetation/20230724_polygon29_m3m/BIRC/tile_29130.png,2
arctic_vegetation/20230724_polygon29_m3m/BIRC/tile_29131.png,2
arctic_vegetation/20230724_polygon29_m3m/TUSS/tile_29132.png,10
arctic_vegetation/20230724_polygon29_m3m/RUBC/tile_29134.png,8
arctic_vegetation/20230724_polygon29_m3m/RUBC/tile_29135.png,8
arctic_vegetation/20230724_polygon29_m3m/TUSS/tile_29136.png,10
arctic_vegetation/20230724_polygon29_m3m/TUSS/tile_29137.png,10
arctic_vegetation/20230724_polygon29_m3m/BIRC/tile_29138.png,2
arctic_vegetation/20230724_polygon29_m3m/BIRC/tile_29139.png,2
arctic_vegetation/20230724_polygon29_m3m/BIRC/tile_29140.png,2
arctic_vegetation/20230724_polygon29_m3m/LICH/tile_29141.png,4
arctic_vegetation/20230724_polygon29_m3m/BIRC/tile_29142.png,2
arctic_vegetation/20230724_polygon29_m3m/BIRC/tile_29143.png,2
arctic_vegetation/20230724_polygon29_m3m/BIRC/tile_29144.png,2
arctic_vegetation/20230724_polygon29_m3m/BIRC/tile_29145.png,2
arctic_vegetation/20230724_polygon29_m3m/BIRC/tile_29146.png,2
arctic_vegetation/20230724_polygon29_m3m/BIRC/tile_29147.png,2
arctic_vegetation/20230724_polygon29_m3m/BIRC/tile_29148.png,2
arctic_vegetation/20230724_polygon29_m3m/LICH/tile_29155.png,4
arctic_vegetation/20230724_polygon29_m3m/LICH/tile_29156.png,4
arctic_vegetation/20230724_polygon29_m3m/LICH/tile_29157.png,4
arctic_vegetation/20230724_polygon29_m3m/LICH/tile_29158.png,4
arctic_vegetation/20230724_polygon29_m3m/LICH/tile_29159.png,4
arctic_vegetation/20230724_polygon29_m3m/LICH/tile_29160.png,4
arctic_vegetation/20230724_polygon29_m3m/LICH/tile_29161.png,4
arctic_vegetation/20230724_polygon29_m3m/ALDE/tile_29170.png,0
arctic_vegetation/20230724_polygon29_m3m/ALDE/tile_29171.png,0
arctic_vegetation/20230724_polygon29_m3m/ALDE/tile_29172.png,0
arctic_vegetation/20230724_polygon29_m3m/ALDE/tile_29173.png,0
arctic_vegetation/20230724_polygon29_m3m/ALDE/tile_29174.png,0
arctic_vegetation/20230724_polygon29_m3m/ALDE/tile_29175.png,0
arctic_vegetation/20230724_polygon29_m3m/ALDE/tile_29176.png,0
arctic_vegetation/20230724_polygon29_m3m/LICH/tile_29226.png,4
arctic_vegetation/20230724_polygon29_m3m/LICH/tile_29227.png,4
arctic_vegetation/20230724_polygon29_m3m/LICH/tile_29228.png,4
arctic_vegetation/20230724_polygon29_m3m/LICH/tile_29229.png,4
arctic_vegetation/20230724_polygon29_m3m/LICH/tile_29230.png,4
arctic_vegetation/20230724_polygon29_m3m/LICH/tile_29231.png,4
arctic_vegetation/20230724_polygon29_m3m/LICH/tile_29232.png,4
arctic_vegetation/20230724_polygon29_m3m/LICH/tile_29233.png,4
arctic_vegetation/20230724_polygon29_m3m/LICH/tile_29234.png,4
arctic_vegetation/20230724_polygon29_m3m/RUBC/tile_29333.png,8
arctic_vegetation/20230724_polygon29_m3m/BIRC/tile_29334.png,2
arctic_vegetation/20230724_polygon29_m3m/BIRC/tile_29335.png,2
arctic_vegetation/20230724_polygon29_m3m/TUSS/tile_29338.png,10
arctic_vegetation/20230724_polygon29_m3m/TUSS/tile_29339.png,10
arctic_vegetation/20230724_polygon29_m3m/TUSS/tile_29340.png,10
arctic_vegetation/20230724_polygon29_m3m/RUBC/tile_29341.png,8
arctic_vegetation/20230724_polygon29_m3m/LICH/tile_29344.png,4
arctic_vegetation/20230724_polygon29_m3m/LICH/tile_29345.png,4
arctic_vegetation/20230724_polygon29_m3m/LICH/tile_29346.png,4
arctic_vegetation/20230724_polygon29_m3m/LICH/tile_29347.png,4
arctic_vegetation/20230724_polygon29_m3m/LICH/tile_29348.png,4
arctic_vegetation/20230724_polygon29_m3m/LICH/tile_29349.png,4
arctic_vegetation/20230724_polygon29_m3m/BIRC/tile_29350.png,2
arctic_vegetation/20230724_polygon29_m3m/BIRC/tile_29351.png,2
arctic_vegetation/20230724_polygon29_m3m/BIRC/tile_29352.png,2
arctic_vegetation/20230724_polygon29_m3m/BIRC/tile_29353.png,2
arctic_vegetation/20230724_polygon29_m3m/BIRC/tile_29354.png,2
arctic_vegetation/20230724_polygon29_m3m/BIRC/tile_29355.png,2
arctic_vegetation/20230724_polygon29_m3m/BIRC/tile_29356.png,2
arctic_vegetation/20230724_polygon29_m3m/LICH/tile_29357.png,4
arctic_vegetation/20230724_polygon29_m3m/LICH/tile_29358.png,4
arctic_vegetation/20230724_polygon29_m3m/LICH/tile_29362.png,4
arctic_vegetation/20230724_polygon29_m3m/LICH/tile_29363.png,4
arctic_vegetation/20230724_polygon29_m3m/LICH/tile_29364.png,4
arctic_vegetation/20230724_polygon29_m3m/LICH/tile_29365.png,4
arctic_vegetation/20230724_polygon29_m3m/LICH/tile_29366.png,4
arctic_vegetation/20230724_polygon29_m3m/LICH/tile_29367.png,4
arctic_vegetation/20230724_polygon29_m3m/LICH/tile_29368.png,4
arctic_vegetation/20230724_polygon29_m3m/ALDE/tile_29378.png,0
arctic_vegetation/20230724_polygon29_m3m/ALDE/tile_29379.png,0
arctic_vegetation/20230724_polygon29_m3m/ALDE/tile_29380.png,0
arctic_vegetation/20230724_polygon29_m3m/ALDE/tile_29381.png,0
arctic_vegetation/20230724_polygon29_m3m/ALDE/tile_29382.png,0
arctic_vegetation/20230724_polygon29_m3m/ALDE/tile_29383.png,0
arctic_vegetation/20230724_polygon29_m3m/ALDE/tile_29384.png,0
arctic_vegetation/20230724_polygon29_m3m/LICH/tile_29434.png,4
arctic_vegetation/20230724_polygon29_m3m/LICH/tile_29435.png,4
arctic_vegetation/20230724_polygon29_m3m/LICH/tile_29436.png,4
arctic_vegetation/20230724_polygon29_m3m/LICH/tile_29437.png,4
arctic_vegetation/20230724_polygon29_m3m/LICH/tile_29438.png,4
arctic_vegetation/20230724_polygon29_m3m/LICH/tile_29439.png,4
arctic_vegetation/20230724_polygon29_m3m/LICH/tile_29440.png,4
arctic_vegetation/20230724_polygon29_m3m/LICH/tile_29441.png,4
arctic_vegetation/20230724_polygon29_m3m/LICH/tile_29442.png,4
arctic_vegetation/20230724_polygon29_m3m/RUBC/tile_29540.png,8
arctic_vegetation/20230724_polygon29_m3m/RUBC/tile_29541.png,8
arctic_vegetation/20230724_polygon29_m3m/RUBC/tile_29542.png,8
arctic_vegetation/20230724_polygon29_m3m/TUSS/tile_29545.png,10
arctic_vegetation/20230724_polygon29_m3m/TUSS/tile_29546.png,10
arctic_vegetation/20230724_polygon29_m3m/TUSS/tile_29547.png,10
arctic_vegetation/20230724_polygon29_m3m/RUBC/tile_29548.png,8
arctic_vegetation/20230724_polygon29_m3m/RUBC/tile_29549.png,8
arctic_vegetation/20230724_polygon29_m3m/LICH/tile_29551.png,4
arctic_vegetation/20230724_polygon29_m3m/LICH/tile_29552.png,4
arctic_vegetation/20230724_polygon29_m3m/LICH/tile_29553.png,4
arctic_vegetation/20230724_polygon29_m3m/LICH/tile_29554.png,4
arctic_vegetation/20230724_polygon29_m3m/LICH/tile_29555.png,4
arctic_vegetation/20230724_polygon29_m3m/LICH/tile_29556.png,4
arctic_vegetation/20230724_polygon29_m3m/BIRC/tile_29557.png,2
arctic_vegetation/20230724_polygon29_m3m/BIRC/tile_29558.png,2
arctic_vegetation/20230724_polygon29_m3m/BIRC/tile_29559.png,2
arctic_vegetation/20230724_polygon29_m3m/BIRC/tile_29560.png,2
arctic_vegetation/20230724_polygon29_m3m/BIRC/tile_29561.png,2
arctic_vegetation/20230724_polygon29_m3m/BIRC/tile_29562.png,2
arctic_vegetation/20230724_polygon29_m3m/BIRC/tile_29563.png,2
arctic_vegetation/20230724_polygon29_m3m/LICH/tile_29564.png,4
arctic_vegetation/20230724_polygon29_m3m/LICH/tile_29565.png,4
arctic_vegetation/20230724_polygon29_m3m/LICH/tile_29569.png,4
arctic_vegetation/20230724_polygon29_m3m/LICH/tile_29570.png,4
arctic_vegetation/20230724_polygon29_m3m/LICH/tile_29571.png,4
arctic_vegetation/20230724_polygon29_m3m/LICH/tile_29572.png,4
arctic_vegetation/20230724_polygon29_m3m/LICH/tile_29573.png,4
arctic_vegetation/20230724_polygon29_m3m/BIRC/tile_29576.png,2
arctic_vegetation/20230724_polygon29_m3m/BIRC/tile_29577.png,2
arctic_vegetation/20230724_polygon29_m3m/BIRC/tile_29578.png,2
arctic_vegetation/20230724_polygon29_m3m/BIRC/tile_29579.png,2
arctic_vegetation/20230724_polygon29_m3m/ALDE/tile_29585.png,0
arctic_vegetation/20230724_polygon29_m3m/ALDE/tile_29586.png,0
arctic_vegetation/20230724_polygon29_m3m/ALDE/tile_29587.png,0
arctic_vegetation/20230724_polygon29_m3m/ALDE/tile_29588.png,0
arctic_vegetation/20230724_polygon29_m3m/ALDE/tile_29589.png,0
arctic_vegetation/20230724_polygon29_m3m/ALDE/tile_29590.png,0
arctic_vegetation/20230724_polygon29_m3m/ALDE/tile_29591.png,0
arctic_vegetation/20230724_polygon29_m3m/LICH/tile_29641.png,4
arctic_vegetation/20230724_polygon29_m3m/LICH/tile_29642.png,4
arctic_vegetation/20230724_polygon29_m3m/LICH/tile_29643.png,4
arctic_vegetation/20230724_polygon29_m3m/LICH/tile_29644.png,4
arctic_vegetation/20230724_polygon29_m3m/LICH/tile_29645.png,4
arctic_vegetation/20230724_polygon29_m3m/LICH/tile_29646.png,4
arctic_vegetation/20230724_polygon29_m3m/LICH/tile_29647.png,4
arctic_vegetation/20230724_polygon29_m3m/LICH/tile_29648.png,4
arctic_vegetation/20230724_polygon29_m3m/LICH/tile_29649.png,4
arctic_vegetation/20230724_polygon29_m3m/BIRC/tile_29740.png,2
arctic_vegetation/20230724_polygon29_m3m/BIRC/tile_29741.png,2
arctic_vegetation/20230724_polygon29_m3m/BIRC/tile_29742.png,2
arctic_vegetation/20230724_polygon29_m3m/LICH/tile_29743.png,4
arctic_vegetation/20230724_polygon29_m3m/LICH/tile_29744.png,4
arctic_vegetation/20230724_polygon29_m3m/LICH/tile_29745.png,4
arctic_vegetation/20230724_polygon29_m3m/LICH/tile_29746.png,4
arctic_vegetation/20230724_polygon29_m3m/DRYI/tile_29747.png,3
arctic_vegetation/20230724_polygon29_m3m/DRYI/tile_29748.png,3
arctic_vegetation/20230724_polygon29_m3m/DRYI/tile_29749.png,3
arctic_vegetation/20230724_polygon29_m3m/DRYI/tile_29751.png,3
arctic_vegetation/20230724_polygon29_m3m/DRYI/tile_29752.png,3
arctic_vegetation/20230724_polygon29_m3m/DRYI/tile_29753.png,3
arctic_vegetation/20230724_polygon29_m3m/RUBC/tile_29754.png,8
arctic_vegetation/20230724_polygon29_m3m/LICH/tile_29756.png,4
arctic_vegetation/20230724_polygon29_m3m/LICH/tile_29757.png,4
arctic_vegetation/20230724_polygon29_m3m/LICH/tile_29758.png,4
arctic_vegetation/20230724_polygon29_m3m/LICH/tile_29759.png,4
arctic_vegetation/20230724_polygon29_m3m/LICH/tile_29760.png,4
arctic_vegetation/20230724_polygon29_m3m/LICH/tile_29761.png,4
arctic_vegetation/20230724_polygon29_m3m/BIRC/tile_29762.png,2
arctic_vegetation/20230724_polygon29_m3m/BIRC/tile_29763.png,2
arctic_vegetation/20230724_polygon29_m3m/BIRC/tile_29764.png,2
arctic_vegetation/20230724_polygon29_m3m/BIRC/tile_29765.png,2
arctic_vegetation/20230724_polygon29_m3m/BIRC/tile_29766.png,2
arctic_vegetation/20230724_polygon29_m3m/BIRC/tile_29767.png,2
arctic_vegetation/20230724_polygon29_m3m/LICH/tile_29768.png,4
arctic_vegetation/20230724_polygon29_m3m/LICH/tile_29769.png,4
arctic_vegetation/20230724_polygon29_m3m/LICH/tile_29770.png,4
arctic_vegetation/20230724_polygon29_m3m/LICH/tile_29774.png,4
arctic_vegetation/20230724_polygon29_m3m/LICH/tile_29775.png,4
arctic_vegetation/20230724_polygon29_m3m/LICH/tile_29776.png,4
arctic_vegetation/20230724_polygon29_m3m/LICH/tile_29777.png,4
arctic_vegetation/20230724_polygon29_m3m/LICH/tile_29778.png,4
arctic_vegetation/20230724_polygon29_m3m/BIRC/tile_29781.png,2
arctic_vegetation/20230724_polygon29_m3m/BIRC/tile_29782.png,2
arctic_vegetation/20230724_polygon29_m3m/BIRC/tile_29783.png,2
arctic_vegetation/20230724_polygon29_m3m/BIRC/tile_29784.png,2
arctic_vegetation/20230724_polygon29_m3m/ALDE/tile_29790.png,0
arctic_vegetation/20230724_polygon29_m3m/ALDE/tile_29791.png,0
arctic_vegetation/20230724_polygon29_m3m/ALDE/tile_29792.png,0
arctic_vegetation/20230724_polygon29_m3m/ALDE/tile_29793.png,0
arctic_vegetation/20230724_polygon29_m3m/ALDE/tile_29794.png,0
arctic_vegetation/20230724_polygon29_m3m/ALDE/tile_29795.png,0
arctic_vegetation/20230724_polygon29_m3m/ALDE/tile_29796.png,0
arctic_vegetation/20230724_polygon29_m3m/LICH/tile_29848.png,4
arctic_vegetation/20230724_polygon29_m3m/LICH/tile_29849.png,4
arctic_vegetation/20230724_polygon29_m3m/LICH/tile_29850.png,4
arctic_vegetation/20230724_polygon29_m3m/LICH/tile_29851.png,4
arctic_vegetation/20230724_polygon29_m3m/LICH/tile_29852.png,4
arctic_vegetation/20230724_polygon29_m3m/LICH/tile_29853.png,4
arctic_vegetation/20230724_polygon29_m3m/LICH/tile_29854.png,4
arctic_vegetation/20230724_polygon29_m3m/LICH/tile_29855.png,4
arctic_vegetation/20230724_polygon29_m3m/LICH/tile_29856.png,4
arctic_vegetation/20230724_polygon29_m3m/LICH/tile_29857.png,4
arctic_vegetation/20230724_polygon29_m3m/LICH/tile_29858.png,4
arctic_vegetation/20230724_polygon29_m3m/BIRC/tile_29944.png,2
arctic_vegetation/20230724_polygon29_m3m/BIRC/tile_29945.png,2
arctic_vegetation/20230724_polygon29_m3m/BIRC/tile_29946.png,2
arctic_vegetation/20230724_polygon29_m3m/LICH/tile_29947.png,4
arctic_vegetation/20230724_polygon29_m3m/LICH/tile_29948.png,4
arctic_vegetation/20230724_polygon29_m3m/LICH/tile_29949.png,4
arctic_vegetation/20230724_polygon29_m3m/LICH/tile_29950.png,4
arctic_vegetation/20230724_polygon29_m3m/DRYI/tile_29951.png,3
arctic_vegetation/20230724_polygon29_m3m/DRYI/tile_29952.png,3
arctic_vegetation/20230724_polygon29_m3m/DRYI/tile_29953.png,3
arctic_vegetation/20230724_polygon29_m3m/DRYI/tile_29954.png,3
arctic_vegetation/20230724_polygon29_m3m/DRYI/tile_29955.png,3
arctic_vegetation/20230724_polygon29_m3m/DRYI/tile_29956.png,3
arctic_vegetation/20230724_polygon29_m3m/DRYI/tile_29957.png,3
arctic_vegetation/20230724_polygon29_m3m/LICH/tile_29958.png,4
arctic_vegetation/20230724_polygon29_m3m/LICH/tile_29959.png,4
arctic_vegetation/20230724_polygon29_m3m/LICH/tile_29960.png,4
arctic_vegetation/20230724_polygon29_m3m/LICH/tile_29961.png,4
arctic_vegetation/20230724_polygon29_m3m/LICH/tile_29962.png,4
arctic_vegetation/20230724_polygon29_m3m/LICH/tile_29963.png,4
arctic_vegetation/20230724_polygon29_m3m/LICH/tile_29978.png,4
arctic_vegetation/20230724_polygon29_m3m/LICH/tile_29979.png,4
arctic_vegetation/20230724_polygon29_m3m/LICH/tile_29980.png,4
arctic_vegetation/20230724_polygon29_m3m/LICH/tile_29981.png,4
arctic_vegetation/20230724_polygon29_m3m/LICH/tile_29982.png,4
arctic_vegetation/20230724_polygon29_m3m/BIRC/tile_29985.png,2
arctic_vegetation/20230724_polygon29_m3m/BIRC/tile_29986.png,2
arctic_vegetation/20230724_polygon29_m3m/BIRC/tile_29987.png,2
arctic_vegetation/20230724_polygon29_m3m/BIRC/tile_29988.png,2
arctic_vegetation/20230724_polygon29_m3m/ALDE/tile_29994.png,0
arctic_vegetation/20230724_polygon29_m3m/ALDE/tile_29995.png,0
arctic_vegetation/20230724_polygon29_m3m/ALDE/tile_29996.png,0
arctic_vegetation/20230724_polygon29_m3m/ALDE/tile_29997.png,0
arctic_vegetation/20230724_polygon29_m3m/ALDE/tile_29998.png,0
arctic_vegetation/20230724_polygon29_m3m/ALDE/tile_29999.png,0
arctic_vegetation/20230724_polygon29_m3m/ALDE/tile_30000.png,0
arctic_vegetation/20230724_polygon29_m3m/LICH/tile_30030.png,4
arctic_vegetation/20230724_polygon29_m3m/LICH/tile_30031.png,4
arctic_vegetation/20230724_polygon29_m3m/TUSS/tile_30032.png,10
arctic_vegetation/20230724_polygon29_m3m/LICH/tile_30033.png,4
arctic_vegetation/20230724_polygon29_m3m/LICH/tile_30034.png,4
arctic_vegetation/20230724_polygon29_m3m/LICH/tile_30035.png,4
arctic_vegetation/20230724_polygon29_m3m/LICH/tile_30036.png,4
arctic_vegetation/20230724_polygon29_m3m/LICH/tile_30037.png,4
arctic_vegetation/20230724_polygon29_m3m/LICH/tile_30038.png,4
arctic_vegetation/20230724_polygon29_m3m/TUSS/tile_30039.png,10
arctic_vegetation/20230724_polygon29_m3m/LICH/tile_30040.png,4
arctic_vegetation/20230724_polygon29_m3m/LICH/tile_30041.png,4
arctic_vegetation/20230724_polygon29_m3m/LICH/tile_30052.png,4
arctic_vegetation/20230724_polygon29_m3m/LICH/tile_30053.png,4
arctic_vegetation/20230724_polygon29_m3m/LICH/tile_30054.png,4
arctic_vegetation/20230724_polygon29_m3m/LICH/tile_30055.png,4
arctic_vegetation/20230724_polygon29_m3m/LICH/tile_30056.png,4
arctic_vegetation/20230724_polygon29_m3m/LICH/tile_30057.png,4
arctic_vegetation/20230724_polygon29_m3m/LICH/tile_30058.png,4
arctic_vegetation/20230724_polygon29_m3m/LICH/tile_30059.png,4
arctic_vegetation/20230724_polygon29_m3m/LICH/tile_30060.png,4
arctic_vegetation/20230724_polygon29_m3m/LICH/tile_30061.png,4
arctic_vegetation/20230724_polygon29_m3m/LICH/tile_30062.png,4
arctic_vegetation/20230724_polygon29_m3m/BIRC/tile_30151.png,2
arctic_vegetation/20230724_polygon29_m3m/BIRC/tile_30152.png,2
arctic_vegetation/20230724_polygon29_m3m/BIRC/tile_30153.png,2
arctic_vegetation/20230724_polygon29_m3m/LICH/tile_30154.png,4
arctic_vegetation/20230724_polygon29_m3m/LICH/tile_30155.png,4
arctic_vegetation/20230724_polygon29_m3m/LICH/tile_30156.png,4
arctic_vegetation/20230724_polygon29_m3m/LICH/tile_30157.png,4
arctic_vegetation/20230724_polygon29_m3m/DRYI/tile_30158.png,3
arctic_vegetation/20230724_polygon29_m3m/DRYI/tile_30159.png,3
arctic_vegetation/20230724_polygon29_m3m/DRYI/tile_30160.png,3
arctic_vegetation/20230724_polygon29_m3m/DRYI/tile_30161.png,3
arctic_vegetation/20230724_polygon29_m3m/DRYI/tile_30162.png,3
arctic_vegetation/20230724_polygon29_m3m/LICH/tile_30163.png,4
arctic_vegetation/20230724_polygon29_m3m/LICH/tile_30164.png,4
arctic_vegetation/20230724_polygon29_m3m/LICH/tile_30165.png,4
arctic_vegetation/20230724_polygon29_m3m/LICH/tile_30166.png,4
arctic_vegetation/20230724_polygon29_m3m/LICH/tile_30167.png,4
arctic_vegetation/20230724_polygon29_m3m/LICH/tile_30168.png,4
arctic_vegetation/20230724_polygon29_m3m/LICH/tile_30169.png,4
arctic_vegetation/20230724_polygon29_m3m/BIRC/tile_30191.png,2
arctic_vegetation/20230724_polygon29_m3m/BIRC/tile_30192.png,2
arctic_vegetation/20230724_polygon29_m3m/BIRC/tile_30193.png,2
arctic_vegetation/20230724_polygon29_m3m/ALDE/tile_30200.png,0
arctic_vegetation/20230724_polygon29_m3m/ALDE/tile_30201.png,0
arctic_vegetation/20230724_polygon29_m3m/ALDE/tile_30202.png,0
arctic_vegetation/20230724_polygon29_m3m/ALDE/tile_30203.png,0
arctic_vegetation/20230724_polygon29_m3m/ALDE/tile_30204.png,0
arctic_vegetation/20230724_polygon29_m3m/ALDE/tile_30205.png,0
arctic_vegetation/20230724_polygon29_m3m/LICH/tile_30236.png,4
arctic_vegetation/20230724_polygon29_m3m/LICH/tile_30237.png,4
arctic_vegetation/20230724_polygon29_m3m/LICH/tile_30238.png,4
arctic_vegetation/20230724_polygon29_m3m/LICH/tile_30239.png,4
arctic_vegetation/20230724_polygon29_m3m/LICH/tile_30240.png,4
arctic_vegetation/20230724_polygon29_m3m/LICH/tile_30241.png,4
arctic_vegetation/20230724_polygon29_m3m/LICH/tile_30242.png,4
arctic_vegetation/20230724_polygon29_m3m/LICH/tile_30243.png,4
arctic_vegetation/20230724_polygon29_m3m/LICH/tile_30244.png,4
arctic_vegetation/20230724_polygon29_m3m/LICH/tile_30245.png,4
arctic_vegetation/20230724_polygon29_m3m/LICH/tile_30246.png,4
arctic_vegetation/20230724_polygon29_m3m/LICH/tile_30247.png,4
arctic_vegetation/20230724_polygon29_m3m/LICH/tile_30258.png,4
arctic_vegetation/20230724_polygon29_m3m/LICH/tile_30259.png,4
arctic_vegetation/20230724_polygon29_m3m/LICH/tile_30260.png,4
arctic_vegetation/20230724_polygon29_m3m/LICH/tile_30261.png,4
arctic_vegetation/20230724_polygon29_m3m/LICH/tile_30262.png,4
arctic_vegetation/20230724_polygon29_m3m/LICH/tile_30263.png,4
arctic_vegetation/20230724_polygon29_m3m/LICH/tile_30264.png,4
arctic_vegetation/20230724_polygon29_m3m/LICH/tile_30265.png,4
arctic_vegetation/20230724_polygon29_m3m/LICH/tile_30266.png,4
arctic_vegetation/20230724_polygon29_m3m/LICH/tile_30267.png,4
arctic_vegetation/20230724_polygon29_m3m/LICH/tile_30268.png,4
arctic_vegetation/20230724_polygon29_m3m/LICH/tile_30361.png,4
arctic_vegetation/20230724_polygon29_m3m/LICH/tile_30362.png,4
arctic_vegetation/20230724_polygon29_m3m/LICH/tile_30363.png,4
arctic_vegetation/20230724_polygon29_m3m/LICH/tile_30364.png,4
arctic_vegetation/20230724_polygon29_m3m/DRYI/tile_30366.png,3
arctic_vegetation/20230724_polygon29_m3m/DRYI/tile_30367.png,3
arctic_vegetation/20230724_polygon29_m3m/DRYI/tile_30368.png,3
arctic_vegetation/20230724_polygon29_m3m/DRYI/tile_30369.png,3
arctic_vegetation/20230724_polygon29_m3m/LICH/tile_30370.png,4
arctic_vegetation/20230724_polygon29_m3m/LICH/tile_30371.png,4
arctic_vegetation/20230724_polygon29_m3m/LICH/tile_30372.png,4
arctic_vegetation/20230724_polygon29_m3m/LICH/tile_30373.png,4
arctic_vegetation/20230724_polygon29_m3m/LICH/tile_30374.png,4
arctic_vegetation/20230724_polygon29_m3m/LICH/tile_30375.png,4
arctic_vegetation/20230724_polygon29_m3m/LICH/tile_30376.png,4
arctic_vegetation/20230724_polygon29_m3m/LICH/tile_30443.png,4
arctic_vegetation/20230724_polygon29_m3m/LICH/tile_30444.png,4
arctic_vegetation/20230724_polygon29_m3m/LICH/tile_30445.png,4
arctic_vegetation/20230724_polygon29_m3m/LICH/tile_30446.png,4
arctic_vegetation/20230724_polygon29_m3m/LICH/tile_30447.png,4
arctic_vegetation/20230724_polygon29_m3m/LICH/tile_30448.png,4
arctic_vegetation/20230724_polygon29_m3m/LICH/tile_30449.png,4
arctic_vegetation/20230724_polygon29_m3m/LICH/tile_30450.png,4
arctic_vegetation/20230724_polygon29_m3m/LICH/tile_30451.png,4
arctic_vegetation/20230724_polygon29_m3m/LICH/tile_30452.png,4
arctic_vegetation/20230724_polygon29_m3m/LICH/tile_30453.png,4
arctic_vegetation/20230724_polygon29_m3m/LICH/tile_30454.png,4
arctic_vegetation/20230724_polygon29_m3m/LICH/tile_30465.png,4
arctic_vegetation/20230724_polygon29_m3m/LICH/tile_30466.png,4
arctic_vegetation/20230724_polygon29_m3m/LICH/tile_30467.png,4
arctic_vegetation/20230724_polygon29_m3m/LICH/tile_30468.png,4
arctic_vegetation/20230724_polygon29_m3m/LICH/tile_30469.png,4
arctic_vegetation/20230724_polygon29_m3m/LICH/tile_30470.png,4
arctic_vegetation/20230724_polygon29_m3m/LICH/tile_30471.png,4
arctic_vegetation/20230724_polygon29_m3m/LICH/tile_30472.png,4
arctic_vegetation/20230724_polygon29_m3m/LICH/tile_30473.png,4
arctic_vegetation/20230724_polygon29_m3m/LICH/tile_30474.png,4
arctic_vegetation/20230724_polygon29_m3m/LICH/tile_30475.png,4
arctic_vegetation/20230724_polygon29_m3m/LICH/tile_30569.png,4
arctic_vegetation/20230724_polygon29_m3m/LICH/tile_30570.png,4
arctic_vegetation/20230724_polygon29_m3m/DRYI/tile_30574.png,3
arctic_vegetation/20230724_polygon29_m3m/DRYI/tile_30575.png,3
arctic_vegetation/20230724_polygon29_m3m/DRYI/tile_30576.png,3
arctic_vegetation/20230724_polygon29_m3m/DRYI/tile_30577.png,3
arctic_vegetation/20230724_polygon29_m3m/LICH/tile_30578.png,4
arctic_vegetation/20230724_polygon29_m3m/LICH/tile_30579.png,4
arctic_vegetation/20230724_polygon29_m3m/LICH/tile_30580.png,4
arctic_vegetation/20230724_polygon29_m3m/LICH/tile_30581.png,4
arctic_vegetation/20230724_polygon29_m3m/LICH/tile_30582.png,4
arctic_vegetation/20230724_polygon29_m3m/LICH/tile_30583.png,4
arctic_vegetation/20230724_polygon29_m3m/LICH/tile_30584.png,4
arctic_vegetation/20230724_polygon29_m3m/LICH/tile_30651.png,4
arctic_vegetation/20230724_polygon29_m3m/LICH/tile_30652.png,4
arctic_vegetation/20230724_polygon29_m3m/LICH/tile_30653.png,4
arctic_vegetation/20230724_polygon29_m3m/LICH/tile_30654.png,4
arctic_vegetation/20230724_polygon29_m3m/LICH/tile_30655.png,4
arctic_vegetation/20230724_polygon29_m3m/LICH/tile_30656.png,4
arctic_vegetation/20230724_polygon29_m3m/LICH/tile_30657.png,4
arctic_vegetation/20230724_polygon29_m3m/LICH/tile_30658.png,4
arctic_vegetation/20230724_polygon29_m3m/LICH/tile_30659.png,4
arctic_vegetation/20230724_polygon29_m3m/LICH/tile_30660.png,4
arctic_vegetation/20230724_polygon29_m3m/LICH/tile_30661.png,4
arctic_vegetation/20230724_polygon29_m3m/LICH/tile_30662.png,4
arctic_vegetation/20230724_polygon29_m3m/LICH/tile_30673.png,4
arctic_vegetation/20230724_polygon29_m3m/LICH/tile_30674.png,4
arctic_vegetation/20230724_polygon29_m3m/LICH/tile_30675.png,4
arctic_vegetation/20230724_polygon29_m3m/LICH/tile_30676.png,4
arctic_vegetation/20230724_polygon29_m3m/LICH/tile_30677.png,4
arctic_vegetation/20230724_polygon29_m3m/LICH/tile_30678.png,4
arctic_vegetation/20230724_polygon29_m3m/LICH/tile_30679.png,4
arctic_vegetation/20230724_polygon29_m3m/LICH/tile_30680.png,4
arctic_vegetation/20230724_polygon29_m3m/LICH/tile_30681.png,4
arctic_vegetation/20230724_polygon29_m3m/LICH/tile_30682.png,4
arctic_vegetation/20230724_polygon29_m3m/LICH/tile_30683.png,4
arctic_vegetation/20230724_polygon29_m3m/LICH/tile_30787.png,4
arctic_vegetation/20230724_polygon29_m3m/LICH/tile_30788.png,4
arctic_vegetation/20230724_polygon29_m3m/LICH/tile_30789.png,4
arctic_vegetation/20230724_polygon29_m3m/LICH/tile_30790.png,4
arctic_vegetation/20230724_polygon29_m3m/LICH/tile_30791.png,4
arctic_vegetation/20230724_polygon29_m3m/LICH/tile_30792.png,4
arctic_vegetation/20230724_polygon29_m3m/LICH/tile_30793.png,4
arctic_vegetation/20230724_polygon29_m3m/LICH/tile_30860.png,4
arctic_vegetation/20230724_polygon29_m3m/LICH/tile_30861.png,4
arctic_vegetation/20230724_polygon29_m3m/LICH/tile_30862.png,4
arctic_vegetation/20230724_polygon29_m3m/LICH/tile_30863.png,4
arctic_vegetation/20230724_polygon29_m3m/LICH/tile_30864.png,4
arctic_vegetation/20230724_polygon29_m3m/LICH/tile_30865.png,4
arctic_vegetation/20230724_polygon29_m3m/LICH/tile_30866.png,4
arctic_vegetation/20230724_polygon29_m3m/LICH/tile_30867.png,4
arctic_vegetation/20230724_polygon29_m3m/LICH/tile_30868.png,4
arctic_vegetation/20230724_polygon29_m3m/LICH/tile_30869.png,4
arctic_vegetation/20230724_polygon29_m3m/LICH/tile_30870.png,4
arctic_vegetation/20230724_polygon29_m3m/LICH/tile_30871.png,4
arctic_vegetation/20230724_polygon29_m3m/LICH/tile_30882.png,4
arctic_vegetation/20230724_polygon29_m3m/LICH/tile_30883.png,4
arctic_vegetation/20230724_polygon29_m3m/LICH/tile_30884.png,4
arctic_vegetation/20230724_polygon29_m3m/LICH/tile_30885.png,4
arctic_vegetation/20230724_polygon29_m3m/LICH/tile_30886.png,4
arctic_vegetation/20230724_polygon29_m3m/LICH/tile_30887.png,4
arctic_vegetation/20230724_polygon29_m3m/LICH/tile_30888.png,4
arctic_vegetation/20230724_polygon29_m3m/LICH/tile_30889.png,4
arctic_vegetation/20230724_polygon29_m3m/LICH/tile_30890.png,4
arctic_vegetation/20230724_polygon29_m3m/LICH/tile_30891.png,4
arctic_vegetation/20230724_polygon29_m3m/LICH/tile_30892.png,4
arctic_vegetation/20230724_polygon29_m3m/LICH/tile_30996.png,4
arctic_vegetation/20230724_polygon29_m3m/LICH/tile_30997.png,4
arctic_vegetation/20230724_polygon29_m3m/LICH/tile_30998.png,4
arctic_vegetation/20230724_polygon29_m3m/LICH/tile_31069.png,4
arctic_vegetation/20230724_polygon29_m3m/LICH/tile_31070.png,4
arctic_vegetation/20230724_polygon29_m3m/LICH/tile_31071.png,4
arctic_vegetation/20230724_polygon29_m3m/LICH/tile_31072.png,4
arctic_vegetation/20230724_polygon29_m3m/LICH/tile_31073.png,4
arctic_vegetation/20230724_polygon29_m3m/LICH/tile_31074.png,4
arctic_vegetation/20230724_polygon29_m3m/LICH/tile_31075.png,4
arctic_vegetation/20230724_polygon29_m3m/LICH/tile_31076.png,4
arctic_vegetation/20230724_polygon29_m3m/LICH/tile_31077.png,4
arctic_vegetation/20230724_polygon29_m3m/LICH/tile_31078.png,4
arctic_vegetation/20230724_polygon29_m3m/LICH/tile_31079.png,4
arctic_vegetation/20230724_polygon29_m3m/LICH/tile_31080.png,4
arctic_vegetation/20230724_polygon29_m3m/LICH/tile_31091.png,4
arctic_vegetation/20230724_polygon29_m3m/LICH/tile_31092.png,4
arctic_vegetation/20230724_polygon29_m3m/LICH/tile_31093.png,4
arctic_vegetation/20230724_polygon29_m3m/LICH/tile_31094.png,4
arctic_vegetation/20230724_polygon29_m3m/LICH/tile_31095.png,4
arctic_vegetation/20230724_polygon29_m3m/LICH/tile_31096.png,4
arctic_vegetation/20230724_polygon29_m3m/LICH/tile_31097.png,4
arctic_vegetation/20230724_polygon29_m3m/LICH/tile_31098.png,4
arctic_vegetation/20230724_polygon29_m3m/LICH/tile_31099.png,4
arctic_vegetation/20230724_polygon29_m3m/LICH/tile_31100.png,4
arctic_vegetation/20230724_polygon29_m3m/LICH/tile_31101.png,4
arctic_vegetation/20230724_polygon29_m3m/LICH/tile_31278.png,4
arctic_vegetation/20230724_polygon29_m3m/LICH/tile_31279.png,4
arctic_vegetation/20230724_polygon29_m3m/LICH/tile_31280.png,4
arctic_vegetation/20230724_polygon29_m3m/LICH/tile_31281.png,4
arctic_vegetation/20230724_polygon29_m3m/LICH/tile_31282.png,4
arctic_vegetation/20230724_polygon29_m3m/LICH/tile_31283.png,4
arctic_vegetation/20230724_polygon29_m3m/LICH/tile_31284.png,4
arctic_vegetation/20230724_polygon29_m3m/LICH/tile_31285.png,4
arctic_vegetation/20230724_polygon29_m3m/LICH/tile_31286.png,4
arctic_vegetation/20230724_polygon29_m3m/LICH/tile_31287.png,4
arctic_vegetation/20230724_polygon29_m3m/LICH/tile_31288.png,4
arctic_vegetation/20230724_polygon29_m3m/TUSS/tile_31289.png,10
arctic_vegetation/20230724_polygon29_m3m/LICH/tile_31301.png,4
arctic_vegetation/20230724_polygon29_m3m/LICH/tile_31302.png,4
arctic_vegetation/20230724_polygon29_m3m/LICH/tile_31303.png,4
arctic_vegetation/20230724_polygon29_m3m/LICH/tile_31304.png,4
arctic_vegetation/20230724_polygon29_m3m/LICH/tile_31305.png,4
arctic_vegetation/20230724_polygon29_m3m/LICH/tile_31306.png,4
arctic_vegetation/20230724_polygon29_m3m/LICH/tile_31307.png,4
arctic_vegetation/20230724_polygon29_m3m/LICH/tile_31308.png,4
arctic_vegetation/20230724_polygon29_m3m/LICH/tile_31309.png,4
arctic_vegetation/20230724_polygon29_m3m/LICH/tile_31310.png,4
arctic_vegetation/20230724_polygon29_m3m/LICH/tile_31487.png,4
arctic_vegetation/20230724_polygon29_m3m/LICH/tile_31488.png,4
arctic_vegetation/20230724_polygon29_m3m/LICH/tile_31489.png,4
arctic_vegetation/20230724_polygon29_m3m/LICH/tile_31490.png,4
arctic_vegetation/20230724_polygon29_m3m/LICH/tile_31491.png,4
arctic_vegetation/20230724_polygon29_m3m/LICH/tile_31492.png,4
arctic_vegetation/20230724_polygon29_m3m/LICH/tile_31493.png,4
arctic_vegetation/20230724_polygon29_m3m/LICH/tile_31494.png,4
arctic_vegetation/20230724_polygon29_m3m/LICH/tile_31495.png,4
arctic_vegetation/20230724_polygon29_m3m/LICH/tile_31496.png,4
arctic_vegetation/20230724_polygon29_m3m/LICH/tile_31497.png,4
arctic_vegetation/20230724_polygon29_m3m/TUSS/tile_31498.png,10
arctic_vegetation/20230724_polygon29_m3m/LICH/tile_31500.png,4
arctic_vegetation/20230724_polygon29_m3m/LICH/tile_31501.png,4
arctic_vegetation/20230724_polygon29_m3m/LICH/tile_31502.png,4
arctic_vegetation/20230724_polygon29_m3m/LICH/tile_31503.png,4
arctic_vegetation/20230724_polygon29_m3m/LICH/tile_31504.png,4
arctic_vegetation/20230724_polygon29_m3m/LICH/tile_31505.png,4
arctic_vegetation/20230724_polygon29_m3m/LICH/tile_31506.png,4
arctic_vegetation/20230724_polygon29_m3m/LICH/tile_31507.png,4
arctic_vegetation/20230724_polygon29_m3m/LICH/tile_31508.png,4
arctic_vegetation/20230724_polygon29_m3m/LICH/tile_31509.png,4
arctic_vegetation/20230724_polygon29_m3m/LICH/tile_31510.png,4
arctic_vegetation/20230724_polygon29_m3m/LICH/tile_31511.png,4
arctic_vegetation/20230724_polygon29_m3m/LICH/tile_31512.png,4
arctic_vegetation/20230724_polygon29_m3m/LICH/tile_31513.png,4
arctic_vegetation/20230724_polygon29_m3m/LICH/tile_31514.png,4
arctic_vegetation/20230724_polygon29_m3m/LICH/tile_31515.png,4
arctic_vegetation/20230724_polygon29_m3m/LICH/tile_31516.png,4
arctic_vegetation/20230724_polygon29_m3m/LICH/tile_31517.png,4
arctic_vegetation/20230724_polygon29_m3m/LICH/tile_31518.png,4
arctic_vegetation/20230724_polygon29_m3m/LICH/tile_31519.png,4
arctic_vegetation/20230724_polygon29_m3m/TUSS/tile_31696.png,10
arctic_vegetation/20230724_polygon29_m3m/TUSS/tile_31697.png,10
arctic_vegetation/20230724_polygon29_m3m/LICH/tile_31698.png,4
arctic_vegetation/20230724_polygon29_m3m/LICH/tile_31699.png,4
arctic_vegetation/20230724_polygon29_m3m/LICH/tile_31700.png,4
arctic_vegetation/20230724_polygon29_m3m/LICH/tile_31701.png,4
arctic_vegetation/20230724_polygon29_m3m/LICH/tile_31702.png,4
arctic_vegetation/20230724_polygon29_m3m/LICH/tile_31703.png,4
arctic_vegetation/20230724_polygon29_m3m/TUSS/tile_31704.png,10
arctic_vegetation/20230724_polygon29_m3m/LICH/tile_31705.png,4
arctic_vegetation/20230724_polygon29_m3m/LICH/tile_31706.png,4
arctic_vegetation/20230724_polygon29_m3m/LICH/tile_31707.png,4
arctic_vegetation/20230724_polygon29_m3m/LICH/tile_31709.png,4
arctic_vegetation/20230724_polygon29_m3m/LICH/tile_31710.png,4
arctic_vegetation/20230724_polygon29_m3m/LICH/tile_31711.png,4
arctic_vegetation/20230724_polygon29_m3m/LICH/tile_31712.png,4
arctic_vegetation/20230724_polygon29_m3m/LICH/tile_31713.png,4
arctic_vegetation/20230724_polygon29_m3m/LICH/tile_31714.png,4
arctic_vegetation/20230724_polygon29_m3m/LICH/tile_31715.png,4
arctic_vegetation/20230724_polygon29_m3m/LICH/tile_31716.png,4
arctic_vegetation/20230724_polygon29_m3m/LICH/tile_31717.png,4
arctic_vegetation/20230724_polygon29_m3m/LICH/tile_31718.png,4
arctic_vegetation/20230724_polygon29_m3m/LICH/tile_31719.png,4
arctic_vegetation/20230724_polygon29_m3m/LICH/tile_31720.png,4
arctic_vegetation/20230724_polygon29_m3m/LICH/tile_31721.png,4
arctic_vegetation/20230724_polygon29_m3m/LICH/tile_31722.png,4
arctic_vegetation/20230724_polygon29_m3m/LICH/tile_31723.png,4
arctic_vegetation/20230724_polygon29_m3m/LICH/tile_31724.png,4
arctic_vegetation/20230724_polygon29_m3m/LICH/tile_31725.png,4
arctic_vegetation/20230724_polygon29_m3m/LICH/tile_31726.png,4
arctic_vegetation/20230724_polygon29_m3m/LICH/tile_31727.png,4
arctic_vegetation/20230724_polygon29_m3m/LICH/tile_31884.png,4
arctic_vegetation/20230724_polygon29_m3m/LICH/tile_31885.png,4
arctic_vegetation/20230724_polygon29_m3m/LICH/tile_31886.png,4
arctic_vegetation/20230724_polygon29_m3m/LICH/tile_31887.png,4
arctic_vegetation/20230724_polygon29_m3m/TUSS/tile_31888.png,10
arctic_vegetation/20230724_polygon29_m3m/TUSS/tile_31889.png,10
arctic_vegetation/20230724_polygon29_m3m/TUSS/tile_31890.png,10
arctic_vegetation/20230724_polygon29_m3m/TUSS/tile_31905.png,10
arctic_vegetation/20230724_polygon29_m3m/TUSS/tile_31906.png,10
arctic_vegetation/20230724_polygon29_m3m/TUSS/tile_31907.png,10
arctic_vegetation/20230724_polygon29_m3m/LICH/tile_31908.png,4
arctic_vegetation/20230724_polygon29_m3m/LICH/tile_31909.png,4
arctic_vegetation/20230724_polygon29_m3m/LICH/tile_31910.png,4
arctic_vegetation/20230724_polygon29_m3m/LICH/tile_31911.png,4
arctic_vegetation/20230724_polygon29_m3m/LICH/tile_31912.png,4
arctic_vegetation/20230724_polygon29_m3m/TUSS/tile_31913.png,10
arctic_vegetation/20230724_polygon29_m3m/LICH/tile_31914.png,4
arctic_vegetation/20230724_polygon29_m3m/LICH/tile_31915.png,4
arctic_vegetation/20230724_polygon29_m3m/LICH/tile_31916.png,4
arctic_vegetation/20230724_polygon29_m3m/LICH/tile_31919.png,4
arctic_vegetation/20230724_polygon29_m3m/LICH/tile_31920.png,4
arctic_vegetation/20230724_polygon29_m3m/LICH/tile_31921.png,4
arctic_vegetation/20230724_polygon29_m3m/LICH/tile_31922.png,4
arctic_vegetation/20230724_polygon29_m3m/LICH/tile_31923.png,4
arctic_vegetation/20230724_polygon29_m3m/LICH/tile_31924.png,4
arctic_vegetation/20230724_polygon29_m3m/LICH/tile_31925.png,4
arctic_vegetation/20230724_polygon29_m3m/LICH/tile_31926.png,4
arctic_vegetation/20230724_polygon29_m3m/LICH/tile_31927.png,4
arctic_vegetation/20230724_polygon29_m3m/LICH/tile_31928.png,4
arctic_vegetation/20230724_polygon29_m3m/LICH/tile_31929.png,4
arctic_vegetation/20230724_polygon29_m3m/LICH/tile_31930.png,4
arctic_vegetation/20230724_polygon29_m3m/LICH/tile_31931.png,4
arctic_vegetation/20230724_polygon29_m3m/LICH/tile_31932.png,4
arctic_vegetation/20230724_polygon29_m3m/LICH/tile_31933.png,4
arctic_vegetation/20230724_polygon29_m3m/LICH/tile_31934.png,4
arctic_vegetation/20230724_polygon29_m3m/LICH/tile_31935.png,4
arctic_vegetation/20230724_polygon29_m3m/LICH/tile_31936.png,4
arctic_vegetation/20230724_polygon29_m3m/LICH/tile_32093.png,4
arctic_vegetation/20230724_polygon29_m3m/LICH/tile_32094.png,4
arctic_vegetation/20230724_polygon29_m3m/LICH/tile_32095.png,4
arctic_vegetation/20230724_polygon29_m3m/LICH/tile_32096.png,4
arctic_vegetation/20230724_polygon29_m3m/TUSS/tile_32097.png,10
arctic_vegetation/20230724_polygon29_m3m/TUSS/tile_32098.png,10
arctic_vegetation/20230724_polygon29_m3m/TUSS/tile_32099.png,10
arctic_vegetation/20230724_polygon29_m3m/LICH/tile_32108.png,4
arctic_vegetation/20230724_polygon29_m3m/TUSS/tile_32109.png,10
arctic_vegetation/20230724_polygon29_m3m/TUSS/tile_32110.png,10
arctic_vegetation/20230724_polygon29_m3m/TUSS/tile_32111.png,10
arctic_vegetation/20230724_polygon29_m3m/TUSS/tile_32112.png,10
arctic_vegetation/20230724_polygon29_m3m/TUSS/tile_32113.png,10
arctic_vegetation/20230724_polygon29_m3m/TUSS/tile_32114.png,10
arctic_vegetation/20230724_polygon29_m3m/LICH/tile_32128.png,4
arctic_vegetation/20230724_polygon29_m3m/LICH/tile_32129.png,4
arctic_vegetation/20230724_polygon29_m3m/LICH/tile_32130.png,4
arctic_vegetation/20230724_polygon29_m3m/LICH/tile_32131.png,4
arctic_vegetation/20230724_polygon29_m3m/LICH/tile_32132.png,4
arctic_vegetation/20230724_polygon29_m3m/LICH/tile_32133.png,4
arctic_vegetation/20230724_polygon29_m3m/LICH/tile_32134.png,4
arctic_vegetation/20230724_polygon29_m3m/LICH/tile_32135.png,4
arctic_vegetation/20230724_polygon29_m3m/LICH/tile_32136.png,4
arctic_vegetation/20230724_polygon29_m3m/LICH/tile_32137.png,4
arctic_vegetation/20230724_polygon29_m3m/LICH/tile_32138.png,4
arctic_vegetation/20230724_polygon29_m3m/LICH/tile_32139.png,4
arctic_vegetation/20230724_polygon29_m3m/LICH/tile_32140.png,4
arctic_vegetation/20230724_polygon29_m3m/LICH/tile_32141.png,4
arctic_vegetation/20230724_polygon29_m3m/LICH/tile_32142.png,4
arctic_vegetation/20230724_polygon29_m3m/LICH/tile_32143.png,4
arctic_vegetation/20230724_polygon29_m3m/LICH/tile_32144.png,4
arctic_vegetation/20230724_polygon29_m3m/LICH/tile_32145.png,4
arctic_vegetation/20230724_polygon29_m3m/LICH/tile_32302.png,4
arctic_vegetation/20230724_polygon29_m3m/LICH/tile_32303.png,4
arctic_vegetation/20230724_polygon29_m3m/LICH/tile_32304.png,4
arctic_vegetation/20230724_polygon29_m3m/LICH/tile_32305.png,4
arctic_vegetation/20230724_polygon29_m3m/TUSS/tile_32306.png,10
arctic_vegetation/20230724_polygon29_m3m/TUSS/tile_32307.png,10
arctic_vegetation/20230724_polygon29_m3m/TUSS/tile_32308.png,10
arctic_vegetation/20230724_polygon29_m3m/LICH/tile_32309.png,4
arctic_vegetation/20230724_polygon29_m3m/LICH/tile_32310.png,4
arctic_vegetation/20230724_polygon29_m3m/LICH/tile_32311.png,4
arctic_vegetation/20230724_polygon29_m3m/LICH/tile_32312.png,4
arctic_vegetation/20230724_polygon29_m3m/LICH/tile_32313.png,4
arctic_vegetation/20230724_polygon29_m3m/LICH/tile_32317.png,4
arctic_vegetation/20230724_polygon29_m3m/TUSS/tile_32318.png,10
arctic_vegetation/20230724_polygon29_m3m/LICH/tile_32319.png,4
arctic_vegetation/20230724_polygon29_m3m/LICH/tile_32320.png,4
arctic_vegetation/20230724_polygon29_m3m/LICH/tile_32321.png,4
arctic_vegetation/20230724_polygon29_m3m/LICH/tile_32322.png,4
arctic_vegetation/20230724_polygon29_m3m/TUSS/tile_32323.png,10
arctic_vegetation/20230724_polygon29_m3m/LICH/tile_32337.png,4
arctic_vegetation/20230724_polygon29_m3m/LICH/tile_32338.png,4
arctic_vegetation/20230724_polygon29_m3m/LICH/tile_32339.png,4
arctic_vegetation/20230724_polygon29_m3m/LICH/tile_32340.png,4
arctic_vegetation/20230724_polygon29_m3m/LICH/tile_32341.png,4
arctic_vegetation/20230724_polygon29_m3m/LICH/tile_32342.png,4
arctic_vegetation/20230724_polygon29_m3m/LICH/tile_32343.png,4
arctic_vegetation/20230724_polygon29_m3m/LICH/tile_32344.png,4
arctic_vegetation/20230724_polygon29_m3m/LICH/tile_32345.png,4
arctic_vegetation/20230724_polygon29_m3m/LICH/tile_32346.png,4
arctic_vegetation/20230724_polygon29_m3m/LICH/tile_32347.png,4
arctic_vegetation/20230724_polygon29_m3m/LICH/tile_32348.png,4
arctic_vegetation/20230724_polygon29_m3m/LICH/tile_32349.png,4
arctic_vegetation/20230724_polygon29_m3m/LICH/tile_32350.png,4
arctic_vegetation/20230724_polygon29_m3m/LICH/tile_32351.png,4
arctic_vegetation/20230724_polygon29_m3m/LICH/tile_32352.png,4
arctic_vegetation/20230724_polygon29_m3m/LICH/tile_32353.png,4
arctic_vegetation/20230724_polygon29_m3m/LICH/tile_32511.png,4
arctic_vegetation/20230724_polygon29_m3m/LICH/tile_32512.png,4
arctic_vegetation/20230724_polygon29_m3m/LICH/tile_32513.png,4
arctic_vegetation/20230724_polygon29_m3m/LICH/tile_32514.png,4
arctic_vegetation/20230724_polygon29_m3m/TUSS/tile_32515.png,10
arctic_vegetation/20230724_polygon29_m3m/TUSS/tile_32516.png,10
arctic_vegetation/20230724_polygon29_m3m/TUSS/tile_32517.png,10
arctic_vegetation/20230724_polygon29_m3m/TUSS/tile_32518.png,10
arctic_vegetation/20230724_polygon29_m3m/TUSS/tile_32519.png,10
arctic_vegetation/20230724_polygon29_m3m/LICH/tile_32520.png,4
arctic_vegetation/20230724_polygon29_m3m/LICH/tile_32521.png,4
arctic_vegetation/20230724_polygon29_m3m/LICH/tile_32522.png,4
arctic_vegetation/20230724_polygon29_m3m/TUSS/tile_32526.png,10
arctic_vegetation/20230724_polygon29_m3m/TUSS/tile_32527.png,10
arctic_vegetation/20230724_polygon29_m3m/TUSS/tile_32528.png,10
arctic_vegetation/20230724_polygon29_m3m/TUSS/tile_32529.png,10
arctic_vegetation/20230724_polygon29_m3m/LICH/tile_32530.png,4
arctic_vegetation/20230724_polygon29_m3m/TUSS/tile_32531.png,10
arctic_vegetation/20230724_polygon29_m3m/TUSS/tile_32532.png,10
arctic_vegetation/20230724_polygon29_m3m/LICH/tile_32546.png,4
arctic_vegetation/20230724_polygon29_m3m/LICH/tile_32547.png,4
arctic_vegetation/20230724_polygon29_m3m/LICH/tile_32548.png,4
arctic_vegetation/20230724_polygon29_m3m/LICH/tile_32549.png,4
arctic_vegetation/20230724_polygon29_m3m/LICH/tile_32550.png,4
arctic_vegetation/20230724_polygon29_m3m/LICH/tile_32551.png,4
arctic_vegetation/20230724_polygon29_m3m/LICH/tile_32552.png,4
arctic_vegetation/20230724_polygon29_m3m/LICH/tile_32553.png,4
arctic_vegetation/20230724_polygon29_m3m/LICH/tile_32554.png,4
arctic_vegetation/20230724_polygon29_m3m/LICH/tile_32555.png,4
arctic_vegetation/20230724_polygon29_m3m/LICH/tile_32556.png,4
arctic_vegetation/20230724_polygon29_m3m/LICH/tile_32557.png,4
arctic_vegetation/20230724_polygon29_m3m/LICH/tile_32558.png,4
arctic_vegetation/20230724_polygon29_m3m/LICH/tile_32559.png,4
arctic_vegetation/20230724_polygon29_m3m/LICH/tile_32560.png,4
arctic_vegetation/20230724_polygon29_m3m/LICH/tile_32561.png,4
arctic_vegetation/20230724_polygon29_m3m/LICH/tile_32562.png,4
arctic_vegetation/20230724_polygon29_m3m/LICH/tile_32720.png,4
arctic_vegetation/20230724_polygon29_m3m/LICH/tile_32721.png,4
arctic_vegetation/20230724_polygon29_m3m/LICH/tile_32722.png,4
arctic_vegetation/20230724_polygon29_m3m/LICH/tile_32723.png,4
arctic_vegetation/20230724_polygon29_m3m/TUSS/tile_32724.png,10
arctic_vegetation/20230724_polygon29_m3m/LICH/tile_32725.png,4
arctic_vegetation/20230724_polygon29_m3m/LICH/tile_32726.png,4
arctic_vegetation/20230724_polygon29_m3m/TUSS/tile_32727.png,10
arctic_vegetation/20230724_polygon29_m3m/TUSS/tile_32728.png,10
arctic_vegetation/20230724_polygon29_m3m/LICH/tile_32729.png,4
arctic_vegetation/20230724_polygon29_m3m/LICH/tile_32730.png,4
arctic_vegetation/20230724_polygon29_m3m/LICH/tile_32731.png,4
arctic_vegetation/20230724_polygon29_m3m/TUSS/tile_32735.png,10
arctic_vegetation/20230724_polygon29_m3m/TUSS/tile_32736.png,10
arctic_vegetation/20230724_polygon29_m3m/TUSS/tile_32737.png,10
arctic_vegetation/20230724_polygon29_m3m/TUSS/tile_32738.png,10
arctic_vegetation/20230724_polygon29_m3m/TUSS/tile_32739.png,10
arctic_vegetation/20230724_polygon29_m3m/TUSS/tile_32740.png,10
arctic_vegetation/20230724_polygon29_m3m/TUSS/tile_32741.png,10
arctic_vegetation/20230724_polygon29_m3m/LICH/tile_32755.png,4
arctic_vegetation/20230724_polygon29_m3m/LICH/tile_32756.png,4
arctic_vegetation/20230724_polygon29_m3m/LICH/tile_32757.png,4
arctic_vegetation/20230724_polygon29_m3m/LICH/tile_32758.png,4
arctic_vegetation/20230724_polygon29_m3m/LICH/tile_32759.png,4
arctic_vegetation/20230724_polygon29_m3m/LICH/tile_32760.png,4
arctic_vegetation/20230724_polygon29_m3m/LICH/tile_32761.png,4
arctic_vegetation/20230724_polygon29_m3m/LICH/tile_32762.png,4
arctic_vegetation/20230724_polygon29_m3m/LICH/tile_32763.png,4
arctic_vegetation/20230724_polygon29_m3m/LICH/tile_32764.png,4
arctic_vegetation/20230724_polygon29_m3m/LICH/tile_32765.png,4
arctic_vegetation/20230724_polygon29_m3m/LICH/tile_32766.png,4
arctic_vegetation/20230724_polygon29_m3m/LICH/tile_32767.png,4
arctic_vegetation/20230724_polygon29_m3m/LICH/tile_32768.png,4
arctic_vegetation/20230724_polygon29_m3m/LICH/tile_32769.png,4
arctic_vegetation/20230724_polygon29_m3m/LICH/tile_32770.png,4
arctic_vegetation/20230724_polygon29_m3m/LICH/tile_32771.png,4
arctic_vegetation/20230724_polygon29_m3m/TUSS/tile_32935.png,10
arctic_vegetation/20230724_polygon29_m3m/TUSS/tile_32936.png,10
arctic_vegetation/20230724_polygon29_m3m/TUSS/tile_32937.png,10
arctic_vegetation/20230724_polygon29_m3m/TUSS/tile_32938.png,10
arctic_vegetation/20230724_polygon29_m3m/LICH/tile_32939.png,4
arctic_vegetation/20230724_polygon29_m3m/TUSS/tile_32943.png,10
arctic_vegetation/20230724_polygon29_m3m/TUSS/tile_32944.png,10
arctic_vegetation/20230724_polygon29_m3m/LICH/tile_32945.png,4
arctic_vegetation/20230724_polygon29_m3m/TUSS/tile_32946.png,10
arctic_vegetation/20230724_polygon29_m3m/TUSS/tile_32947.png,10
arctic_vegetation/20230724_polygon29_m3m/TUSS/tile_32948.png,10
arctic_vegetation/20230724_polygon29_m3m/TUSS/tile_32949.png,10
arctic_vegetation/20230724_polygon29_m3m/LICH/tile_32963.png,4
arctic_vegetation/20230724_polygon29_m3m/LICH/tile_32964.png,4
arctic_vegetation/20230724_polygon29_m3m/LICH/tile_32965.png,4
arctic_vegetation/20230724_polygon29_m3m/LICH/tile_32966.png,4
arctic_vegetation/20230724_polygon29_m3m/LICH/tile_32967.png,4
arctic_vegetation/20230724_polygon29_m3m/LICH/tile_32968.png,4
arctic_vegetation/20230724_polygon29_m3m/LICH/tile_32969.png,4
arctic_vegetation/20230724_polygon29_m3m/LICH/tile_32970.png,4
arctic_vegetation/20230724_polygon29_m3m/LICH/tile_32971.png,4
arctic_vegetation/20230724_polygon29_m3m/LICH/tile_32972.png,4
arctic_vegetation/20230724_polygon29_m3m/LICH/tile_32973.png,4
arctic_vegetation/20230724_polygon29_m3m/LICH/tile_32974.png,4
arctic_vegetation/20230724_polygon29_m3m/LICH/tile_32975.png,4
arctic_vegetation/20230724_polygon29_m3m/LICH/tile_32976.png,4
arctic_vegetation/20230724_polygon29_m3m/LICH/tile_32977.png,4
arctic_vegetation/20230724_polygon29_m3m/LICH/tile_32978.png,4
arctic_vegetation/20230724_polygon29_m3m/LICH/tile_32979.png,4
arctic_vegetation/20230724_polygon29_m3m/TUSS/tile_33142.png,10
arctic_vegetation/20230724_polygon29_m3m/TUSS/tile_33143.png,10
arctic_vegetation/20230724_polygon29_m3m/TUSS/tile_33144.png,10
arctic_vegetation/20230724_polygon29_m3m/TUSS/tile_33145.png,10
arctic_vegetation/20230724_polygon29_m3m/LICH/tile_33146.png,4
arctic_vegetation/20230724_polygon29_m3m/TUSS/tile_33150.png,10
arctic_vegetation/20230724_polygon29_m3m/TUSS/tile_33151.png,10
arctic_vegetation/20230724_polygon29_m3m/LICH/tile_33152.png,4
arctic_vegetation/20230724_polygon29_m3m/TUSS/tile_33153.png,10
arctic_vegetation/20230724_polygon29_m3m/TUSS/tile_33154.png,10
arctic_vegetation/20230724_polygon29_m3m/TUSS/tile_33155.png,10
arctic_vegetation/20230724_polygon29_m3m/TUSS/tile_33156.png,10
arctic_vegetation/20230724_polygon29_m3m/LICH/tile_33170.png,4
arctic_vegetation/20230724_polygon29_m3m/LICH/tile_33171.png,4
arctic_vegetation/20230724_polygon29_m3m/LICH/tile_33172.png,4
arctic_vegetation/20230724_polygon29_m3m/LICH/tile_33173.png,4
arctic_vegetation/20230724_polygon29_m3m/LICH/tile_33174.png,4
arctic_vegetation/20230724_polygon29_m3m/LICH/tile_33175.png,4
arctic_vegetation/20230724_polygon29_m3m/LICH/tile_33176.png,4
arctic_vegetation/20230724_polygon29_m3m/LICH/tile_33177.png,4
arctic_vegetation/20230724_polygon29_m3m/LICH/tile_33178.png,4
arctic_vegetation/20230724_polygon29_m3m/LICH/tile_33179.png,4
arctic_vegetation/20230724_polygon29_m3m/LICH/tile_33180.png,4
arctic_vegetation/20230724_polygon29_m3m/LICH/tile_33181.png,4
arctic_vegetation/20230724_polygon29_m3m/LICH/tile_33182.png,4
arctic_vegetation/20230724_polygon29_m3m/LICH/tile_33183.png,4
arctic_vegetation/20230724_polygon29_m3m/LICH/tile_33184.png,4
arctic_vegetation/20230724_polygon29_m3m/LICH/tile_33185.png,4
arctic_vegetation/20230724_polygon29_m3m/LICH/tile_33186.png,4
arctic_vegetation/20230724_polygon29_m3m/LICH/tile_33187.png,4
arctic_vegetation/20230724_polygon29_m3m/TUSS/tile_33348.png,10
arctic_vegetation/20230724_polygon29_m3m/TUSS/tile_33349.png,10
arctic_vegetation/20230724_polygon29_m3m/TUSS/tile_33350.png,10
arctic_vegetation/20230724_polygon29_m3m/TUSS/tile_33351.png,10
arctic_vegetation/20230724_polygon29_m3m/LICH/tile_33352.png,4
arctic_vegetation/20230724_polygon29_m3m/LICH/tile_33376.png,4
arctic_vegetation/20230724_polygon29_m3m/LICH/tile_33377.png,4
arctic_vegetation/20230724_polygon29_m3m/LICH/tile_33378.png,4
arctic_vegetation/20230724_polygon29_m3m/LICH/tile_33379.png,4
arctic_vegetation/20230724_polygon29_m3m/LICH/tile_33380.png,4
arctic_vegetation/20230724_polygon29_m3m/LICH/tile_33381.png,4
arctic_vegetation/20230724_polygon29_m3m/LICH/tile_33382.png,4
arctic_vegetation/20230724_polygon29_m3m/LICH/tile_33383.png,4
arctic_vegetation/20230724_polygon29_m3m/LICH/tile_33384.png,4
arctic_vegetation/20230724_polygon29_m3m/LICH/tile_33385.png,4
arctic_vegetation/20230724_polygon29_m3m/LICH/tile_33386.png,4
arctic_vegetation/20230724_polygon29_m3m/LICH/tile_33387.png,4
arctic_vegetation/20230724_polygon29_m3m/LICH/tile_33388.png,4
arctic_vegetation/20230724_polygon29_m3m/LICH/tile_33389.png,4
arctic_vegetation/20230724_polygon29_m3m/LICH/tile_33390.png,4
arctic_vegetation/20230724_polygon29_m3m/LICH/tile_33391.png,4
arctic_vegetation/20230724_polygon29_m3m/LICH/tile_33392.png,4
arctic_vegetation/20230724_polygon29_m3m/LICH/tile_33393.png,4
arctic_vegetation/20230724_sedge_mosstundra16_m3m/RUBC/tile_07477.png,8
arctic_vegetation/20230724_sedge_mosstundra16_m3m/RUBC/tile_07478.png,8
arctic_vegetation/20230724_sedge_mosstundra16_m3m/PETF/tile_07673.png,6
arctic_vegetation/20230724_sedge_mosstundra16_m3m/PETF/tile_07674.png,6
arctic_vegetation/20230724_sedge_mosstundra16_m3m/RUBC/tile_07680.png,8
arctic_vegetation/20230724_sedge_mosstundra16_m3m/RUBC/tile_07681.png,8
arctic_vegetation/20230724_sedge_mosstundra16_m3m/PETF/tile_07686.png,6
arctic_vegetation/20230724_sedge_mosstundra16_m3m/PETF/tile_07687.png,6
arctic_vegetation/20230724_sedge_mosstundra16_m3m/LICH/tile_07875.png,4
arctic_vegetation/20230724_sedge_mosstundra16_m3m/LICH/tile_07876.png,4
arctic_vegetation/20230724_sedge_mosstundra16_m3m/LICH/tile_07877.png,4
arctic_vegetation/20230724_sedge_mosstundra16_m3m/MOSS/tile_07878.png,5
arctic_vegetation/20230724_sedge_mosstundra16_m3m/PETF/tile_07880.png,6
arctic_vegetation/20230724_sedge_mosstundra16_m3m/PETF/tile_07881.png,6
arctic_vegetation/20230724_sedge_mosstundra16_m3m/PETF/tile_07882.png,6
arctic_vegetation/20230724_sedge_mosstundra16_m3m/RUBC/tile_07883.png,8
arctic_vegetation/20230724_sedge_mosstundra16_m3m/RUBC/tile_07884.png,8
arctic_vegetation/20230724_sedge_mosstundra16_m3m/MOSS/tile_07885.png,5
arctic_vegetation/20230724_sedge_mosstundra16_m3m/MOSS/tile_07886.png,5
arctic_vegetation/20230724_sedge_mosstundra16_m3m/MOSS/tile_07887.png,5
arctic_vegetation/20230724_sedge_mosstundra16_m3m/PETF/tile_07889.png,6
arctic_vegetation/20230724_sedge_mosstundra16_m3m/PETF/tile_07890.png,6
arctic_vegetation/20230724_sedge_mosstundra16_m3m/PETF/tile_07891.png,6
arctic_vegetation/20230724_sedge_mosstundra16_m3m/PETF/tile_07892.png,6
arctic_vegetation/20230724_sedge_mosstundra16_m3m/LICH/tile_08077.png,4
arctic_vegetation/20230724_sedge_mosstundra16_m3m/LICH/tile_08078.png,4
arctic_vegetation/20230724_sedge_mosstundra16_m3m/LICH/tile_08079.png,4
arctic_vegetation/20230724_sedge_mosstundra16_m3m/LICH/tile_08080.png,4
arctic_vegetation/20230724_sedge_mosstundra16_m3m/MOSS/tile_08081.png,5
arctic_vegetation/20230724_sedge_mosstundra16_m3m/MOSS/tile_08082.png,5
arctic_vegetation/20230724_sedge_mosstundra16_m3m/MOSS/tile_08083.png,5
arctic_vegetation/20230724_sedge_mosstundra16_m3m/PETF/tile_08084.png,6
arctic_vegetation/20230724_sedge_mosstundra16_m3m/PETF/tile_08085.png,6
arctic_vegetation/20230724_sedge_mosstundra16_m3m/MOSS/tile_08088.png,5
arctic_vegetation/20230724_sedge_mosstundra16_m3m/MOSS/tile_08089.png,5
arctic_vegetation/20230724_sedge_mosstundra16_m3m/MOSS/tile_08090.png,5
arctic_vegetation/20230724_sedge_mosstundra16_m3m/LICH/tile_08091.png,4
arctic_vegetation/20230724_sedge_mosstundra16_m3m/MOSS/tile_08092.png,5
arctic_vegetation/20230724_sedge_mosstundra16_m3m/MOSS/tile_08093.png,5
arctic_vegetation/20230724_sedge_mosstundra16_m3m/MOSS/tile_08094.png,5
arctic_vegetation/20230724_sedge_mosstundra16_m3m/PETF/tile_08095.png,6
arctic_vegetation/20230724_sedge_mosstundra16_m3m/PETF/tile_08096.png,6
arctic_vegetation/20230724_sedge_mosstundra16_m3m/LICH/tile_08280.png,4
arctic_vegetation/20230724_sedge_mosstundra16_m3m/LICH/tile_08281.png,4
arctic_vegetation/20230724_sedge_mosstundra16_m3m/LICH/tile_08282.png,4
arctic_vegetation/20230724_sedge_mosstundra16_m3m/LICH/tile_08283.png,4
arctic_vegetation/20230724_sedge_mosstundra16_m3m/MOSS/tile_08284.png,5
arctic_vegetation/20230724_sedge_mosstundra16_m3m/MOSS/tile_08285.png,5
arctic_vegetation/20230724_sedge_mosstundra16_m3m/PETF/tile_08286.png,6
arctic_vegetation/20230724_sedge_mosstundra16_m3m/PETF/tile_08287.png,6
arctic_vegetation/20230724_sedge_mosstundra16_m3m/PETF/tile_08288.png,6
arctic_vegetation/20230724_sedge_mosstundra16_m3m/PETF/tile_08290.png,6
arctic_vegetation/20230724_sedge_mosstundra16_m3m/PETF/tile_08291.png,6
arctic_vegetation/20230724_sedge_mosstundra16_m3m/MOSS/tile_08292.png,5
arctic_vegetation/20230724_sedge_mosstundra16_m3m/MOSS/tile_08293.png,5
arctic_vegetation/20230724_sedge_mosstundra16_m3m/PETF/tile_08294.png,6
arctic_vegetation/20230724_sedge_mosstundra16_m3m/MOSS/tile_08295.png,5
arctic_vegetation/20230724_sedge_mosstundra16_m3m/MOSS/tile_08296.png,5
arctic_vegetation/20230724_sedge_mosstundra16_m3m/MOSS/tile_08297.png,5
arctic_vegetation/20230724_sedge_mosstundra16_m3m/PETF/tile_08298.png,6
arctic_vegetation/20230724_sedge_mosstundra16_m3m/PETF/tile_08299.png,6
arctic_vegetation/20230724_sedge_mosstundra16_m3m/SEDG/tile_08305.png,9
arctic_vegetation/20230724_sedge_mosstundra16_m3m/SEDG/tile_08306.png,9
arctic_vegetation/20230724_sedge_mosstundra16_m3m/SEDG/tile_08307.png,9
arctic_vegetation/20230724_sedge_mosstundra16_m3m/SEDG/tile_08308.png,9
arctic_vegetation/20230724_sedge_mosstundra16_m3m/MOSS/tile_08321.png,5
arctic_vegetation/20230724_sedge_mosstundra16_m3m/MOSS/tile_08322.png,5
arctic_vegetation/20230724_sedge_mosstundra16_m3m/MOSS/tile_08326.png,5
arctic_vegetation/20230724_sedge_mosstundra16_m3m/MOSS/tile_08327.png,5
arctic_vegetation/20230724_sedge_mosstundra16_m3m/LICH/tile_08483.png,4
arctic_vegetation/20230724_sedge_mosstundra16_m3m/LICH/tile_08484.png,4
arctic_vegetation/20230724_sedge_mosstundra16_m3m/LICH/tile_08485.png,4
arctic_vegetation/20230724_sedge_mosstundra16_m3m/LICH/tile_08486.png,4
arctic_vegetation/20230724_sedge_mosstundra16_m3m/MOSS/tile_08487.png,5
arctic_vegetation/20230724_sedge_mosstundra16_m3m/MOSS/tile_08488.png,5
arctic_vegetation/20230724_sedge_mosstundra16_m3m/PETF/tile_08489.png,6
arctic_vegetation/20230724_sedge_mosstundra16_m3m/PETF/tile_08490.png,6
arctic_vegetation/20230724_sedge_mosstundra16_m3m/PETF/tile_08491.png,6
arctic_vegetation/20230724_sedge_mosstundra16_m3m/PETF/tile_08493.png,6
arctic_vegetation/20230724_sedge_mosstundra16_m3m/PETF/tile_08494.png,6
arctic_vegetation/20230724_sedge_mosstundra16_m3m/LICH/tile_08495.png,4
arctic_vegetation/20230724_sedge_mosstundra16_m3m/LICH/tile_08496.png,4
arctic_vegetation/20230724_sedge_mosstundra16_m3m/PETF/tile_08497.png,6
arctic_vegetation/20230724_sedge_mosstundra16_m3m/MOSS/tile_08498.png,5
arctic_vegetation/20230724_sedge_mosstundra16_m3m/MOSS/tile_08499.png,5
arctic_vegetation/20230724_sedge_mosstundra16_m3m/MOSS/tile_08500.png,5
arctic_vegetation/20230724_sedge_mosstundra16_m3m/SEDG/tile_08508.png,9
arctic_vegetation/20230724_sedge_mosstundra16_m3m/SEDG/tile_08509.png,9
arctic_vegetation/20230724_sedge_mosstundra16_m3m/SEDG/tile_08510.png,9
arctic_vegetation/20230724_sedge_mosstundra16_m3m/SEDG/tile_08511.png,9
arctic_vegetation/20230724_sedge_mosstundra16_m3m/MOSS/tile_08524.png,5
arctic_vegetation/20230724_sedge_mosstundra16_m3m/MOSS/tile_08525.png,5
arctic_vegetation/20230724_sedge_mosstundra16_m3m/MOSS/tile_08526.png,5
arctic_vegetation/20230724_sedge_mosstundra16_m3m/MOSS/tile_08527.png,5
arctic_vegetation/20230724_sedge_mosstundra16_m3m/MOSS/tile_08529.png,5
arctic_vegetation/20230724_sedge_mosstundra16_m3m/MOSS/tile_08530.png,5
arctic_vegetation/20230724_sedge_mosstundra16_m3m/MOSS/tile_08531.png,5
arctic_vegetation/20230724_sedge_mosstundra16_m3m/ARCA/tile_08686.png,1
arctic_vegetation/20230724_sedge_mosstundra16_m3m/ARCA/tile_08687.png,1
arctic_vegetation/20230724_sedge_mosstundra16_m3m/ARCA/tile_08688.png,1
arctic_vegetation/20230724_sedge_mosstundra16_m3m/ARCA/tile_08689.png,1
arctic_vegetation/20230724_sedge_mosstundra16_m3m/ARCA/tile_08690.png,1
arctic_vegetation/20230724_sedge_mosstundra16_m3m/MOSS/tile_08691.png,5
arctic_vegetation/20230724_sedge_mosstundra16_m3m/PETF/tile_08692.png,6
arctic_vegetation/20230724_sedge_mosstundra16_m3m/PETF/tile_08693.png,6
arctic_vegetation/20230724_sedge_mosstundra16_m3m/PETF/tile_08694.png,6
arctic_vegetation/20230724_sedge_mosstundra16_m3m/PETF/tile_08695.png,6
arctic_vegetation/20230724_sedge_mosstundra16_m3m/PETF/tile_08696.png,6
arctic_vegetation/20230724_sedge_mosstundra16_m3m/PETF/tile_08697.png,6
arctic_vegetation/20230724_sedge_mosstundra16_m3m/PETF/tile_08698.png,6
arctic_vegetation/20230724_sedge_mosstundra16_m3m/PETF/tile_08699.png,6
arctic_vegetation/20230724_sedge_mosstundra16_m3m/PETF/tile_08700.png,6
arctic_vegetation/20230724_sedge_mosstundra16_m3m/MOSS/tile_08701.png,5
arctic_vegetation/20230724_sedge_mosstundra16_m3m/MOSS/tile_08702.png,5
arctic_vegetation/20230724_sedge_mosstundra16_m3m/MOSS/tile_08703.png,5
arctic_vegetation/20230724_sedge_mosstundra16_m3m/SEDG/tile_08711.png,9
arctic_vegetation/20230724_sedge_mosstundra16_m3m/SEDG/tile_08712.png,9
arctic_vegetation/20230724_sedge_mosstundra16_m3m/SEDG/tile_08713.png,9
arctic_vegetation/20230724_sedge_mosstundra16_m3m/SEDG/tile_08714.png,9
arctic_vegetation/20230724_sedge_mosstundra16_m3m/MOSS/tile_08727.png,5
arctic_vegetation/20230724_sedge_mosstundra16_m3m/MOSS/tile_08728.png,5
arctic_vegetation/20230724_sedge_mosstundra16_m3m/MOSS/tile_08729.png,5
arctic_vegetation/20230724_sedge_mosstundra16_m3m/MOSS/tile_08730.png,5
arctic_vegetation/20230724_sedge_mosstundra16_m3m/MOSS/tile_08732.png,5
arctic_vegetation/20230724_sedge_mosstundra16_m3m/MOSS/tile_08733.png,5
arctic_vegetation/20230724_sedge_mosstundra16_m3m/MOSS/tile_08734.png,5
arctic_vegetation/20230724_sedge_mosstundra16_m3m/MOSS/tile_08735.png,5
arctic_vegetation/20230724_sedge_mosstundra16_m3m/MOSS/tile_08736.png,5
arctic_vegetation/20230724_sedge_mosstundra16_m3m/ARCA/tile_08889.png,1
arctic_vegetation/20230724_sedge_mosstundra16_m3m/ARCA/tile_08890.png,1
arctic_vegetation/20230724_sedge_mosstundra16_m3m/ARCA/tile_08891.png,1
arctic_vegetation/20230724_sedge_mosstundra16_m3m/ARCA/tile_08892.png,1
arctic_vegetation/20230724_sedge_mosstundra16_m3m/ARCA/tile_08893.png,1
arctic_vegetation/20230724_sedge_mosstundra16_m3m/MOSS/tile_08894.png,5
arctic_vegetation/20230724_sedge_mosstundra16_m3m/PETF/tile_08895.png,6
arctic_vegetation/20230724_sedge_mosstundra16_m3m/PETF/tile_08896.png,6
arctic_vegetation/20230724_sedge_mosstundra16_m3m/PETF/tile_08897.png,6
arctic_vegetation/20230724_sedge_mosstundra16_m3m/PETF/tile_08898.png,6
arctic_vegetation/20230724_sedge_mosstundra16_m3m/PETF/tile_08899.png,6
arctic_vegetation/20230724_sedge_mosstundra16_m3m/PETF/tile_08900.png,6
arctic_vegetation/20230724_sedge_mosstundra16_m3m/PETF/tile_08901.png,6
arctic_vegetation/20230724_sedge_mosstundra16_m3m/PETF/tile_08902.png,6
arctic_vegetation/20230724_sedge_mosstundra16_m3m/SEDG/tile_08914.png,9
arctic_vegetation/20230724_sedge_mosstundra16_m3m/SEDG/tile_08915.png,9
arctic_vegetation/20230724_sedge_mosstundra16_m3m/SEDG/tile_08916.png,9
arctic_vegetation/20230724_sedge_mosstundra16_m3m/SEDG/tile_08917.png,9
arctic_vegetation/20230724_sedge_mosstundra16_m3m/MOSS/tile_08929.png,5
arctic_vegetation/20230724_sedge_mosstundra16_m3m/MOSS/tile_08930.png,5
arctic_vegetation/20230724_sedge_mosstundra16_m3m/MOSS/tile_08931.png,5
arctic_vegetation/20230724_sedge_mosstundra16_m3m/MOSS/tile_08932.png,5
arctic_vegetation/20230724_sedge_mosstundra16_m3m/MOSS/tile_08933.png,5
arctic_vegetation/20230724_sedge_mosstundra16_m3m/MOSS/tile_08935.png,5
arctic_vegetation/20230724_sedge_mosstundra16_m3m/MOSS/tile_08936.png,5
arctic_vegetation/20230724_sedge_mosstundra16_m3m/MOSS/tile_08938.png,5
arctic_vegetation/20230724_sedge_mosstundra16_m3m/MOSS/tile_08939.png,5
arctic_vegetation/20230724_sedge_mosstundra16_m3m/ARCA/tile_09092.png,1
arctic_vegetation/20230724_sedge_mosstundra16_m3m/ARCA/tile_09093.png,1
arctic_vegetation/20230724_sedge_mosstundra16_m3m/ARCA/tile_09094.png,1
arctic_vegetation/20230724_sedge_mosstundra16_m3m/ARCA/tile_09095.png,1
arctic_vegetation/20230724_sedge_mosstundra16_m3m/ARCA/tile_09096.png,1
arctic_vegetation/20230724_sedge_mosstundra16_m3m/PETF/tile_09099.png,6
arctic_vegetation/20230724_sedge_mosstundra16_m3m/PETF/tile_09100.png,6
arctic_vegetation/20230724_sedge_mosstundra16_m3m/PETF/tile_09101.png,6
arctic_vegetation/20230724_sedge_mosstundra16_m3m/PETF/tile_09102.png,6
arctic_vegetation/20230724_sedge_mosstundra16_m3m/PETF/tile_09103.png,6
arctic_vegetation/20230724_sedge_mosstundra16_m3m/BIRC/tile_09109.png,2
arctic_vegetation/20230724_sedge_mosstundra16_m3m/BIRC/tile_09110.png,2
arctic_vegetation/20230724_sedge_mosstundra16_m3m/BIRC/tile_09111.png,2
arctic_vegetation/20230724_sedge_mosstundra16_m3m/BIRC/tile_09112.png,2
arctic_vegetation/20230724_sedge_mosstundra16_m3m/BIRC/tile_09113.png,2
arctic_vegetation/20230724_sedge_mosstundra16_m3m/SEDG/tile_09117.png,9
arctic_vegetation/20230724_sedge_mosstundra16_m3m/SEDG/tile_09118.png,9
arctic_vegetation/20230724_sedge_mosstundra16_m3m/SEDG/tile_09119.png,9
arctic_vegetation/20230724_sedge_mosstundra16_m3m/SEDG/tile_09120.png,9
arctic_vegetation/20230724_sedge_mosstundra16_m3m/MOSS/tile_09132.png,5
arctic_vegetation/20230724_sedge_mosstundra16_m3m/MOSS/tile_09133.png,5
arctic_vegetation/20230724_sedge_mosstundra16_m3m/MOSS/tile_09134.png,5
arctic_vegetation/20230724_sedge_mosstundra16_m3m/BIRC/tile_09135.png,2
arctic_vegetation/20230724_sedge_mosstundra16_m3m/BIRC/tile_09136.png,2
arctic_vegetation/20230724_sedge_mosstundra16_m3m/BIRC/tile_09137.png,2
arctic_vegetation/20230724_sedge_mosstundra16_m3m/BIRC/tile_09138.png,2
arctic_vegetation/20230724_sedge_mosstundra16_m3m/MOSS/tile_09141.png,5
arctic_vegetation/20230724_sedge_mosstundra16_m3m/MOSS/tile_09142.png,5
arctic_vegetation/20230724_sedge_mosstundra16_m3m/SEDG/tile_09307.png,9
arctic_vegetation/20230724_sedge_mosstundra16_m3m/SEDG/tile_09308.png,9
arctic_vegetation/20230724_sedge_mosstundra16_m3m/SEDG/tile_09309.png,9
arctic_vegetation/20230724_sedge_mosstundra16_m3m/PETF/tile_09310.png,6
arctic_vegetation/20230724_sedge_mosstundra16_m3m/PETF/tile_09311.png,6
arctic_vegetation/20230724_sedge_mosstundra16_m3m/BIRC/tile_09312.png,2
arctic_vegetation/20230724_sedge_mosstundra16_m3m/BIRC/tile_09313.png,2
arctic_vegetation/20230724_sedge_mosstundra16_m3m/BIRC/tile_09314.png,2
arctic_vegetation/20230724_sedge_mosstundra16_m3m/BIRC/tile_09315.png,2
arctic_vegetation/20230724_sedge_mosstundra16_m3m/BIRC/tile_09316.png,2
arctic_vegetation/20230724_sedge_mosstundra16_m3m/SEDG/tile_09320.png,9
arctic_vegetation/20230724_sedge_mosstundra16_m3m/SEDG/tile_09321.png,9
arctic_vegetation/20230724_sedge_mosstundra16_m3m/SEDG/tile_09322.png,9
arctic_vegetation/20230724_sedge_mosstundra16_m3m/SEDG/tile_09323.png,9
arctic_vegetation/20230724_sedge_mosstundra16_m3m/MOSS/tile_09335.png,5
arctic_vegetation/20230724_sedge_mosstundra16_m3m/MOSS/tile_09336.png,5
arctic_vegetation/20230724_sedge_mosstundra16_m3m/MOSS/tile_09337.png,5
arctic_vegetation/20230724_sedge_mosstundra16_m3m/BIRC/tile_09338.png,2
arctic_vegetation/20230724_sedge_mosstundra16_m3m/BIRC/tile_09339.png,2
arctic_vegetation/20230724_sedge_mosstundra16_m3m/BIRC/tile_09340.png,2
arctic_vegetation/20230724_sedge_mosstundra16_m3m/BIRC/tile_09341.png,2
arctic_vegetation/20230724_sedge_mosstundra16_m3m/BIRC/tile_09342.png,2
arctic_vegetation/20230724_sedge_mosstundra16_m3m/SEDG/tile_09510.png,9
arctic_vegetation/20230724_sedge_mosstundra16_m3m/SEDG/tile_09511.png,9
arctic_vegetation/20230724_sedge_mosstundra16_m3m/SEDG/tile_09512.png,9
arctic_vegetation/20230724_sedge_mosstundra16_m3m/SEDG/tile_09513.png,9
arctic_vegetation/20230724_sedge_mosstundra16_m3m/SEDG/tile_09514.png,9
arctic_vegetation/20230724_sedge_mosstundra16_m3m/BIRC/tile_09515.png,2
arctic_vegetation/20230724_sedge_mosstundra16_m3m/BIRC/tile_09516.png,2
arctic_vegetation/20230724_sedge_mosstundra16_m3m/BIRC/tile_09517.png,2
arctic_vegetation/20230724_sedge_mosstundra16_m3m/BIRC/tile_09518.png,2
arctic_vegetation/20230724_sedge_mosstundra16_m3m/BIRC/tile_09519.png,2
arctic_vegetation/20230724_sedge_mosstundra16_m3m/MOSS/tile_09536.png,5
arctic_vegetation/20230724_sedge_mosstundra16_m3m/MOSS/tile_09537.png,5
arctic_vegetation/20230724_sedge_mosstundra16_m3m/MOSS/tile_09538.png,5
arctic_vegetation/20230724_sedge_mosstundra16_m3m/SEDG/tile_09539.png,9
arctic_vegetation/20230724_sedge_mosstundra16_m3m/SEDG/tile_09540.png,9
arctic_vegetation/20230724_sedge_mosstundra16_m3m/SEDG/tile_09541.png,9
arctic_vegetation/20230724_sedge_mosstundra16_m3m/SEDG/tile_09542.png,9
arctic_vegetation/20230724_sedge_mosstundra16_m3m/SEDG/tile_09543.png,9
arctic_vegetation/20230724_sedge_mosstundra16_m3m/SEDG/tile_09544.png,9
arctic_vegetation/20230724_sedge_mosstundra16_m3m/BIRC/tile_09545.png,2
arctic_vegetation/20230724_sedge_mosstundra16_m3m/MOSS/tile_09546.png,5
arctic_vegetation/20230724_sedge_mosstundra16_m3m/MOSS/tile_09547.png,5
arctic_vegetation/20230724_sedge_mosstundra16_m3m/SEDG/tile_09714.png,9
arctic_vegetation/20230724_sedge_mosstundra16_m3m/SEDG/tile_09715.png,9
arctic_vegetation/20230724_sedge_mosstundra16_m3m/BIRC/tile_09716.png,2
arctic_vegetation/20230724_sedge_mosstundra16_m3m/BIRC/tile_09717.png,2
arctic_vegetation/20230724_sedge_mosstundra16_m3m/BIRC/tile_09718.png,2
arctic_vegetation/20230724_sedge_mosstundra16_m3m/BIRC/tile_09719.png,2
arctic_vegetation/20230724_sedge_mosstundra16_m3m/BIRC/tile_09720.png,2
arctic_vegetation/20230724_sedge_mosstundra16_m3m/BIRC/tile_09721.png,2
arctic_vegetation/20230724_sedge_mosstundra16_m3m/BIRC/tile_09722.png,2
arctic_vegetation/20230724_sedge_mosstundra16_m3m/MOSS/tile_09739.png,5
arctic_vegetation/20230724_sedge_mosstundra16_m3m/MOSS/tile_09740.png,5
arctic_vegetation/20230724_sedge_mosstundra16_m3m/MOSS/tile_09741.png,5
arctic_vegetation/20230724_sedge_mosstundra16_m3m/SEDG/tile_09742.png,9
arctic_vegetation/20230724_sedge_mosstundra16_m3m/SEDG/tile_09743.png,9
arctic_vegetation/20230724_sedge_mosstundra16_m3m/SEDG/tile_09744.png,9
arctic_vegetation/20230724_sedge_mosstundra16_m3m/SEDG/tile_09745.png,9
arctic_vegetation/20230724_sedge_mosstundra16_m3m/SEDG/tile_09746.png,9
arctic_vegetation/20230724_sedge_mosstundra16_m3m/SEDG/tile_09747.png,9
arctic_vegetation/20230724_sedge_mosstundra16_m3m/MOSS/tile_09748.png,5
arctic_vegetation/20230724_sedge_mosstundra16_m3m/MOSS/tile_09749.png,5
arctic_vegetation/20230724_sedge_mosstundra16_m3m/MOSS/tile_09750.png,5
arctic_vegetation/20230724_sedge_mosstundra16_m3m/RUBC/tile_09918.png,8
arctic_vegetation/20230724_sedge_mosstundra16_m3m/BIRC/tile_09919.png,2
arctic_vegetation/20230724_sedge_mosstundra16_m3m/BIRC/tile_09920.png,2
arctic_vegetation/20230724_sedge_mosstundra16_m3m/BIRC/tile_09921.png,2
arctic_vegetation/20230724_sedge_mosstundra16_m3m/BIRC/tile_09922.png,2
arctic_vegetation/20230724_sedge_mosstundra16_m3m/BIRC/tile_09923.png,2
arctic_vegetation/20230724_sedge_mosstundra16_m3m/BIRC/tile_09924.png,2
arctic_vegetation/20230724_sedge_mosstundra16_m3m/BIRC/tile_09925.png,2
arctic_vegetation/20230724_sedge_mosstundra16_m3m/SEDG/tile_09947.png,9
arctic_vegetation/20230724_sedge_mosstundra16_m3m/SEDG/tile_09948.png,9
arctic_vegetation/20230724_sedge_mosstundra16_m3m/SEDG/tile_09949.png,9
arctic_vegetation/20230724_sedge_mosstundra16_m3m/MOSS/tile_09950.png,5
arctic_vegetation/20230724_sedge_mosstundra16_m3m/MOSS/tile_09951.png,5
arctic_vegetation/20230724_sedge_mosstundra16_m3m/MOSS/tile_09952.png,5
arctic_vegetation/20230724_sedge_mosstundra16_m3m/BIRC/tile_10122.png,2
arctic_vegetation/20230724_sedge_mosstundra16_m3m/BIRC/tile_10123.png,2
arctic_vegetation/20230724_sedge_mosstundra16_m3m/BIRC/tile_10124.png,2
arctic_vegetation/20230724_sedge_mosstundra16_m3m/BIRC/tile_10125.png,2
arctic_vegetation/20230724_sedge_mosstundra16_m3m/BIRC/tile_10126.png,2
arctic_vegetation/20230724_sedge_mosstundra16_m3m/BIRC/tile_10127.png,2
arctic_vegetation/20230724_sedge_mosstundra16_m3m/BIRC/tile_10128.png,2
arctic_vegetation/20230724_sedge_mosstundra16_m3m/BIRC/tile_10326.png,2
arctic_vegetation/20230724_sedge_mosstundra16_m3m/BIRC/tile_10327.png,2
arctic_vegetation/20230724_sedge_mosstundra16_m3m/BIRC/tile_10328.png,2
arctic_vegetation/20230724_sedge_mosstundra16_m3m/BIRC/tile_10330.png,2
arctic_vegetation/20230724_sedge_mosstundra16_m3m/BIRC/tile_10331.png,2
arctic_vegetation/20230724_sedge_mosstundra16_m3m/WILL/tile_10823.png,11
arctic_vegetation/20230724_sedge_mosstundra16_m3m/WILL/tile_10824.png,11
arctic_vegetation/20230724_sedge_mosstundra16_m3m/WILL/tile_10825.png,11
arctic_vegetation/20230724_sedge_mosstundra16_m3m/SEDG/tile_10918.png,9
arctic_vegetation/20230724_sedge_mosstundra16_m3m/SEDG/tile_10919.png,9
arctic_vegetation/20230724_sedge_mosstundra16_m3m/SEDG/tile_10920.png,9
arctic_vegetation/20230724_sedge_mosstundra16_m3m/MOSS/tile_10995.png,5
arctic_vegetation/20230724_sedge_mosstundra16_m3m/BIRC/tile_10996.png,2
arctic_vegetation/20230724_sedge_mosstundra16_m3m/BIRC/tile_10997.png,2
arctic_vegetation/20230724_sedge_mosstundra16_m3m/BIRC/tile_10998.png,2
arctic_vegetation/20230724_sedge_mosstundra16_m3m/BIRC/tile_10999.png,2
arctic_vegetation/20230724_sedge_mosstundra16_m3m/WILL/tile_11026.png,11
arctic_vegetation/20230724_sedge_mosstundra16_m3m/WILL/tile_11027.png,11
arctic_vegetation/20230724_sedge_mosstundra16_m3m/WILL/tile_11028.png,11
arctic_vegetation/20230724_sedge_mosstundra16_m3m/SEDG/tile_11121.png,9
arctic_vegetation/20230724_sedge_mosstundra16_m3m/SEDG/tile_11122.png,9
arctic_vegetation/20230724_sedge_mosstundra16_m3m/SEDG/tile_11123.png,9
arctic_vegetation/20230724_sedge_mosstundra16_m3m/SEDG/tile_11124.png,9
arctic_vegetation/20230724_sedge_mosstundra16_m3m/SEDG/tile_11125.png,9
arctic_vegetation/20230724_sedge_mosstundra16_m3m/PETF/tile_11144.png,6
arctic_vegetation/20230724_sedge_mosstundra16_m3m/PETF/tile_11145.png,6
arctic_vegetation/20230724_sedge_mosstundra16_m3m/PETF/tile_11146.png,6
arctic_vegetation/20230724_sedge_mosstundra16_m3m/PETF/tile_11147.png,6
arctic_vegetation/20230724_sedge_mosstundra16_m3m/MOSS/tile_11197.png,5
arctic_vegetation/20230724_sedge_mosstundra16_m3m/BIRC/tile_11198.png,2
arctic_vegetation/20230724_sedge_mosstundra16_m3m/BIRC/tile_11199.png,2
arctic_vegetation/20230724_sedge_mosstundra16_m3m/BIRC/tile_11200.png,2
arctic_vegetation/20230724_sedge_mosstundra16_m3m/BIRC/tile_11201.png,2
arctic_vegetation/20230724_sedge_mosstundra16_m3m/BIRC/tile_11202.png,2
arctic_vegetation/20230724_sedge_mosstundra16_m3m/MOSS/tile_11203.png,5
arctic_vegetation/20230724_sedge_mosstundra16_m3m/MOSS/tile_11204.png,5
arctic_vegetation/20230724_sedge_mosstundra16_m3m/MOSS/tile_11205.png,5
arctic_vegetation/20230724_sedge_mosstundra16_m3m/BIRC/tile_11206.png,2
arctic_vegetation/20230724_sedge_mosstundra16_m3m/BIRC/tile_11207.png,2
arctic_vegetation/20230724_sedge_mosstundra16_m3m/BIRC/tile_11208.png,2
arctic_vegetation/20230724_sedge_mosstundra16_m3m/BIRC/tile_11209.png,2
arctic_vegetation/20230724_sedge_mosstundra16_m3m/BIRC/tile_11210.png,2
arctic_vegetation/20230724_sedge_mosstundra16_m3m/WILL/tile_11229.png,11
arctic_vegetation/20230724_sedge_mosstundra16_m3m/WILL/tile_11230.png,11
arctic_vegetation/20230724_sedge_mosstundra16_m3m/WILL/tile_11231.png,11
arctic_vegetation/20230724_sedge_mosstundra16_m3m/SEDG/tile_11324.png,9
arctic_vegetation/20230724_sedge_mosstundra16_m3m/SEDG/tile_11325.png,9
arctic_vegetation/20230724_sedge_mosstundra16_m3m/SEDG/tile_11326.png,9
arctic_vegetation/20230724_sedge_mosstundra16_m3m/SEDG/tile_11327.png,9
arctic_vegetation/20230724_sedge_mosstundra16_m3m/SEDG/tile_11328.png,9
arctic_vegetation/20230724_sedge_mosstundra16_m3m/SEDG/tile_11329.png,9
arctic_vegetation/20230724_sedge_mosstundra16_m3m/MOSS/tile_11330.png,5
arctic_vegetation/20230724_sedge_mosstundra16_m3m/MOSS/tile_11331.png,5
arctic_vegetation/20230724_sedge_mosstundra16_m3m/SEDG/tile_11332.png,9
arctic_vegetation/20230724_sedge_mosstundra16_m3m/SEDG/tile_11333.png,9
arctic_vegetation/20230724_sedge_mosstundra16_m3m/SEDG/tile_11334.png,9
arctic_vegetation/20230724_sedge_mosstundra16_m3m/SEDG/tile_11335.png,9
arctic_vegetation/20230724_sedge_mosstundra16_m3m/SEDG/tile_11336.png,9
arctic_vegetation/20230724_sedge_mosstundra16_m3m/PETF/tile_11347.png,6
arctic_vegetation/20230724_sedge_mosstundra16_m3m/PETF/tile_11348.png,6
arctic_vegetation/20230724_sedge_mosstundra16_m3m/PETF/tile_11349.png,6
arctic_vegetation/20230724_sedge_mosstundra16_m3m/PETF/tile_11350.png,6
arctic_vegetation/20230724_sedge_mosstundra16_m3m/PETF/tile_11351.png,6
arctic_vegetation/20230724_sedge_mosstundra16_m3m/PETF/tile_11352.png,6
arctic_vegetation/20230724_sedge_mosstundra16_m3m/MOSS/tile_11396.png,5
arctic_vegetation/20230724_sedge_mosstundra16_m3m/MOSS/tile_11397.png,5
arctic_vegetation/20230724_sedge_mosstundra16_m3m/BIRC/tile_11400.png,2
arctic_vegetation/20230724_sedge_mosstundra16_m3m/BIRC/tile_11401.png,2
arctic_vegetation/20230724_sedge_mosstundra16_m3m/BIRC/tile_11402.png,2
arctic_vegetation/20230724_sedge_mosstundra16_m3m/BIRC/tile_11403.png,2
arctic_vegetation/20230724_sedge_mosstundra16_m3m/BIRC/tile_11404.png,2
arctic_vegetation/20230724_sedge_mosstundra16_m3m/BIRC/tile_11405.png,2
arctic_vegetation/20230724_sedge_mosstundra16_m3m/MOSS/tile_11406.png,5
arctic_vegetation/20230724_sedge_mosstundra16_m3m/MOSS/tile_11407.png,5
arctic_vegetation/20230724_sedge_mosstundra16_m3m/BIRC/tile_11408.png,2
arctic_vegetation/20230724_sedge_mosstundra16_m3m/BIRC/tile_11409.png,2
arctic_vegetation/20230724_sedge_mosstundra16_m3m/BIRC/tile_11410.png,2
arctic_vegetation/20230724_sedge_mosstundra16_m3m/BIRC/tile_11411.png,2
arctic_vegetation/20230724_sedge_mosstundra16_m3m/BIRC/tile_11412.png,2
arctic_vegetation/20230724_sedge_mosstundra16_m3m/BIRC/tile_11413.png,2
arctic_vegetation/20230724_sedge_mosstundra16_m3m/SEDG/tile_11527.png,9
arctic_vegetation/20230724_sedge_mosstundra16_m3m/MOSS/tile_11528.png,5
arctic_vegetation/20230724_sedge_mosstundra16_m3m/MOSS/tile_11529.png,5
arctic_vegetation/20230724_sedge_mosstundra16_m3m/MOSS/tile_11530.png,5
arctic_vegetation/20230724_sedge_mosstundra16_m3m/MOSS/tile_11531.png,5
arctic_vegetation/20230724_sedge_mosstundra16_m3m/SEDG/tile_11532.png,9
arctic_vegetation/20230724_sedge_mosstundra16_m3m/SEDG/tile_11533.png,9
arctic_vegetation/20230724_sedge_mosstundra16_m3m/SEDG/tile_11534.png,9
arctic_vegetation/20230724_sedge_mosstundra16_m3m/SEDG/tile_11535.png,9
arctic_vegetation/20230724_sedge_mosstundra16_m3m/SEDG/tile_11536.png,9
arctic_vegetation/20230724_sedge_mosstundra16_m3m/SEDG/tile_11537.png,9
arctic_vegetation/20230724_sedge_mosstundra16_m3m/SEDG/tile_11538.png,9
arctic_vegetation/20230724_sedge_mosstundra16_m3m/SEDG/tile_11539.png,9
arctic_vegetation/20230724_sedge_mosstundra16_m3m/PETF/tile_11550.png,6
arctic_vegetation/20230724_sedge_mosstundra16_m3m/PETF/tile_11551.png,6
arctic_vegetation/20230724_sedge_mosstundra16_m3m/PETF/tile_11554.png,6
arctic_vegetation/20230724_sedge_mosstundra16_m3m/PETF/tile_11555.png,6
arctic_vegetation/20230724_sedge_mosstundra16_m3m/MOSS/tile_11599.png,5
arctic_vegetation/20230724_sedge_mosstundra16_m3m/MOSS/tile_11600.png,5
arctic_vegetation/20230724_sedge_mosstundra16_m3m/SEDG/tile_11601.png,9
arctic_vegetation/20230724_sedge_mosstundra16_m3m/SEDG/tile_11602.png,9
arctic_vegetation/20230724_sedge_mosstundra16_m3m/BIRC/tile_11603.png,2
arctic_vegetation/20230724_sedge_mosstundra16_m3m/BIRC/tile_11604.png,2
arctic_vegetation/20230724_sedge_mosstundra16_m3m/BIRC/tile_11605.png,2
arctic_vegetation/20230724_sedge_mosstundra16_m3m/BIRC/tile_11606.png,2
arctic_vegetation/20230724_sedge_mosstundra16_m3m/BIRC/tile_11607.png,2
arctic_vegetation/20230724_sedge_mosstundra16_m3m/BIRC/tile_11608.png,2
arctic_vegetation/20230724_sedge_mosstundra16_m3m/BIRC/tile_11609.png,2
arctic_vegetation/20230724_sedge_mosstundra16_m3m/BIRC/tile_11610.png,2
arctic_vegetation/20230724_sedge_mosstundra16_m3m/BIRC/tile_11611.png,2
arctic_vegetation/20230724_sedge_mosstundra16_m3m/BIRC/tile_11612.png,2
arctic_vegetation/20230724_sedge_mosstundra16_m3m/BIRC/tile_11613.png,2
arctic_vegetation/20230724_sedge_mosstundra16_m3m/BIRC/tile_11614.png,2
arctic_vegetation/20230724_sedge_mosstundra16_m3m/BIRC/tile_11615.png,2
arctic_vegetation/20230724_sedge_mosstundra16_m3m/PETF/tile_11616.png,6
arctic_vegetation/20230724_sedge_mosstundra16_m3m/MOSS/tile_11730.png,5
arctic_vegetation/20230724_sedge_mosstundra16_m3m/MOSS/tile_11731.png,5
arctic_vegetation/20230724_sedge_mosstundra16_m3m/MOSS/tile_11732.png,5
arctic_vegetation/20230724_sedge_mosstundra16_m3m/MOSS/tile_11733.png,5
arctic_vegetation/20230724_sedge_mosstundra16_m3m/MOSS/tile_11734.png,5
arctic_vegetation/20230724_sedge_mosstundra16_m3m/SEDG/tile_11735.png,9
arctic_vegetation/20230724_sedge_mosstundra16_m3m/SEDG/tile_11736.png,9
arctic_vegetation/20230724_sedge_mosstundra16_m3m/SEDG/tile_11737.png,9
arctic_vegetation/20230724_sedge_mosstundra16_m3m/SEDG/tile_11738.png,9
arctic_vegetation/20230724_sedge_mosstundra16_m3m/SEDG/tile_11739.png,9
arctic_vegetation/20230724_sedge_mosstundra16_m3m/SEDG/tile_11740.png,9
arctic_vegetation/20230724_sedge_mosstundra16_m3m/SEDG/tile_11741.png,9
arctic_vegetation/20230724_sedge_mosstundra16_m3m/SEDG/tile_11742.png,9
arctic_vegetation/20230724_sedge_mosstundra16_m3m/PETF/tile_11747.png,6
arctic_vegetation/20230724_sedge_mosstundra16_m3m/PETF/tile_11748.png,6
arctic_vegetation/20230724_sedge_mosstundra16_m3m/SEDG/tile_11757.png,9
arctic_vegetation/20230724_sedge_mosstundra16_m3m/SEDG/tile_11758.png,9
arctic_vegetation/20230724_sedge_mosstundra16_m3m/SEDG/tile_11759.png,9
arctic_vegetation/20230724_sedge_mosstundra16_m3m/MOSS/tile_11764.png,5
arctic_vegetation/20230724_sedge_mosstundra16_m3m/MOSS/tile_11765.png,5
arctic_vegetation/20230724_sedge_mosstundra16_m3m/MOSS/tile_11766.png,5
arctic_vegetation/20230724_sedge_mosstundra16_m3m/MOSS/tile_11767.png,5
arctic_vegetation/20230724_sedge_mosstundra16_m3m/MOSS/tile_11802.png,5
arctic_vegetation/20230724_sedge_mosstundra16_m3m/SEDG/tile_11803.png,9
arctic_vegetation/20230724_sedge_mosstundra16_m3m/SEDG/tile_11804.png,9
arctic_vegetation/20230724_sedge_mosstundra16_m3m/SEDG/tile_11805.png,9
arctic_vegetation/20230724_sedge_mosstundra16_m3m/BIRC/tile_11806.png,2
arctic_vegetation/20230724_sedge_mosstundra16_m3m/BIRC/tile_11807.png,2
arctic_vegetation/20230724_sedge_mosstundra16_m3m/BIRC/tile_11808.png,2
arctic_vegetation/20230724_sedge_mosstundra16_m3m/BIRC/tile_11809.png,2
arctic_vegetation/20230724_sedge_mosstundra16_m3m/BIRC/tile_11810.png,2
arctic_vegetation/20230724_sedge_mosstundra16_m3m/BIRC/tile_11811.png,2
arctic_vegetation/20230724_sedge_mosstundra16_m3m/BIRC/tile_11812.png,2
arctic_vegetation/20230724_sedge_mosstundra16_m3m/BIRC/tile_11813.png,2
arctic_vegetation/20230724_sedge_mosstundra16_m3m/BIRC/tile_11814.png,2
arctic_vegetation/20230724_sedge_mosstundra16_m3m/BIRC/tile_11815.png,2
arctic_vegetation/20230724_sedge_mosstundra16_m3m/BIRC/tile_11816.png,2
arctic_vegetation/20230724_sedge_mosstundra16_m3m/BIRC/tile_11817.png,2
arctic_vegetation/20230724_sedge_mosstundra16_m3m/SEDG/tile_11818.png,9
arctic_vegetation/20230724_sedge_mosstundra16_m3m/SEDG/tile_11819.png,9
arctic_vegetation/20230724_sedge_mosstundra16_m3m/MOSS/tile_11930.png,5
arctic_vegetation/20230724_sedge_mosstundra16_m3m/MOSS/tile_11931.png,5
arctic_vegetation/20230724_sedge_mosstundra16_m3m/MOSS/tile_11932.png,5
arctic_vegetation/20230724_sedge_mosstundra16_m3m/MOSS/tile_11933.png,5
arctic_vegetation/20230724_sedge_mosstundra16_m3m/SEDG/tile_11934.png,9
arctic_vegetation/20230724_sedge_mosstundra16_m3m/SEDG/tile_11935.png,9
arctic_vegetation/20230724_sedge_mosstundra16_m3m/SEDG/tile_11936.png,9
arctic_vegetation/20230724_sedge_mosstundra16_m3m/SEDG/tile_11937.png,9
arctic_vegetation/20230724_sedge_mosstundra16_m3m/SEDG/tile_11938.png,9
arctic_vegetation/20230724_sedge_mosstundra16_m3m/SEDG/tile_11939.png,9
arctic_vegetation/20230724_sedge_mosstundra16_m3m/SEDG/tile_11940.png,9
arctic_vegetation/20230724_sedge_mosstundra16_m3m/SEDG/tile_11941.png,9
arctic_vegetation/20230724_sedge_mosstundra16_m3m/SEDG/tile_11942.png,9
arctic_vegetation/20230724_sedge_mosstundra16_m3m/PETF/tile_11943.png,6
arctic_vegetation/20230724_sedge_mosstundra16_m3m/PETF/tile_11944.png,6
arctic_vegetation/20230724_sedge_mosstundra16_m3m/PETF/tile_11945.png,6
arctic_vegetation/20230724_sedge_mosstundra16_m3m/PETF/tile_11946.png,6
arctic_vegetation/20230724_sedge_mosstundra16_m3m/PETF/tile_11947.png,6
arctic_vegetation/20230724_sedge_mosstundra16_m3m/SEDG/tile_11948.png,9
arctic_vegetation/20230724_sedge_mosstundra16_m3m/SEDG/tile_11949.png,9
arctic_vegetation/20230724_sedge_mosstundra16_m3m/SEDG/tile_11950.png,9
arctic_vegetation/20230724_sedge_mosstundra16_m3m/SEDG/tile_11951.png,9
arctic_vegetation/20230724_sedge_mosstundra16_m3m/SEDG/tile_11952.png,9
arctic_vegetation/20230724_sedge_mosstundra16_m3m/SEDG/tile_11954.png,9
arctic_vegetation/20230724_sedge_mosstundra16_m3m/SEDG/tile_11955.png,9
arctic_vegetation/20230724_sedge_mosstundra16_m3m/SEDG/tile_11956.png,9
arctic_vegetation/20230724_sedge_mosstundra16_m3m/SEDG/tile_11957.png,9
arctic_vegetation/20230724_sedge_mosstundra16_m3m/SEDG/tile_11958.png,9
arctic_vegetation/20230724_sedge_mosstundra16_m3m/SEDG/tile_11959.png,9
arctic_vegetation/20230724_sedge_mosstundra16_m3m/SEDG/tile_11960.png,9
arctic_vegetation/20230724_sedge_mosstundra16_m3m/SEDG/tile_11961.png,9
arctic_vegetation/20230724_sedge_mosstundra16_m3m/MOSS/tile_11964.png,5
arctic_vegetation/20230724_sedge_mosstundra16_m3m/MOSS/tile_11965.png,5
arctic_vegetation/20230724_sedge_mosstundra16_m3m/MOSS/tile_11966.png,5
arctic_vegetation/20230724_sedge_mosstundra16_m3m/MOSS/tile_11967.png,5
arctic_vegetation/20230724_sedge_mosstundra16_m3m/MOSS/tile_12002.png,5
arctic_vegetation/20230724_sedge_mosstundra16_m3m/SEDG/tile_12003.png,9
arctic_vegetation/20230724_sedge_mosstundra16_m3m/SEDG/tile_12004.png,9
arctic_vegetation/20230724_sedge_mosstundra16_m3m/SEDG/tile_12005.png,9
arctic_vegetation/20230724_sedge_mosstundra16_m3m/SEDG/tile_12006.png,9
arctic_vegetation/20230724_sedge_mosstundra16_m3m/SEDG/tile_12007.png,9
arctic_vegetation/20230724_sedge_mosstundra16_m3m/BIRC/tile_12008.png,2
arctic_vegetation/20230724_sedge_mosstundra16_m3m/BIRC/tile_12009.png,2
arctic_vegetation/20230724_sedge_mosstundra16_m3m/BIRC/tile_12010.png,2
arctic_vegetation/20230724_sedge_mosstundra16_m3m/BIRC/tile_12011.png,2
arctic_vegetation/20230724_sedge_mosstundra16_m3m/BIRC/tile_12012.png,2
arctic_vegetation/20230724_sedge_mosstundra16_m3m/BIRC/tile_12013.png,2
arctic_vegetation/20230724_sedge_mosstundra16_m3m/BIRC/tile_12014.png,2
arctic_vegetation/20230724_sedge_mosstundra16_m3m/BIRC/tile_12015.png,2
arctic_vegetation/20230724_sedge_mosstundra16_m3m/BIRC/tile_12016.png,2
arctic_vegetation/20230724_sedge_mosstundra16_m3m/BIRC/tile_12017.png,2
arctic_vegetation/20230724_sedge_mosstundra16_m3m/SEDG/tile_12018.png,9
arctic_vegetation/20230724_sedge_mosstundra16_m3m/SEDG/tile_12019.png,9
arctic_vegetation/20230724_sedge_mosstundra16_m3m/MOSS/tile_12131.png,5
arctic_vegetation/20230724_sedge_mosstundra16_m3m/MOSS/tile_12132.png,5
arctic_vegetation/20230724_sedge_mosstundra16_m3m/MOSS/tile_12133.png,5
arctic_vegetation/20230724_sedge_mosstundra16_m3m/SEDG/tile_12134.png,9
arctic_vegetation/20230724_sedge_mosstundra16_m3m/SEDG/tile_12135.png,9
arctic_vegetation/20230724_sedge_mosstundra16_m3m/SEDG/tile_12136.png,9
arctic_vegetation/20230724_sedge_mosstundra16_m3m/SEDG/tile_12137.png,9
arctic_vegetation/20230724_sedge_mosstundra16_m3m/SEDG/tile_12138.png,9
arctic_vegetation/20230724_sedge_mosstundra16_m3m/SEDG/tile_12139.png,9
arctic_vegetation/20230724_sedge_mosstundra16_m3m/SEDG/tile_12140.png,9
arctic_vegetation/20230724_sedge_mosstundra16_m3m/SEDG/tile_12141.png,9
arctic_vegetation/20230724_sedge_mosstundra16_m3m/PETF/tile_12143.png,6
arctic_vegetation/20230724_sedge_mosstundra16_m3m/PETF/tile_12144.png,6
arctic_vegetation/20230724_sedge_mosstundra16_m3m/PETF/tile_12145.png,6
arctic_vegetation/20230724_sedge_mosstundra16_m3m/PETF/tile_12146.png,6
arctic_vegetation/20230724_sedge_mosstundra16_m3m/PETF/tile_12147.png,6
arctic_vegetation/20230724_sedge_mosstundra16_m3m/SEDG/tile_12148.png,9
arctic_vegetation/20230724_sedge_mosstundra16_m3m/SEDG/tile_12149.png,9
arctic_vegetation/20230724_sedge_mosstundra16_m3m/SEDG/tile_12150.png,9
arctic_vegetation/20230724_sedge_mosstundra16_m3m/SEDG/tile_12151.png,9
arctic_vegetation/20230724_sedge_mosstundra16_m3m/SEDG/tile_12152.png,9
arctic_vegetation/20230724_sedge_mosstundra16_m3m/SEDG/tile_12153.png,9
arctic_vegetation/20230724_sedge_mosstundra16_m3m/SEDG/tile_12154.png,9
arctic_vegetation/20230724_sedge_mosstundra16_m3m/SEDG/tile_12155.png,9
arctic_vegetation/20230724_sedge_mosstundra16_m3m/SEDG/tile_12156.png,9
arctic_vegetation/20230724_sedge_mosstundra16_m3m/SEDG/tile_12157.png,9
arctic_vegetation/20230724_sedge_mosstundra16_m3m/SEDG/tile_12158.png,9
arctic_vegetation/20230724_sedge_mosstundra16_m3m/SEDG/tile_12159.png,9
arctic_vegetation/20230724_sedge_mosstundra16_m3m/SEDG/tile_12160.png,9
arctic_vegetation/20230724_sedge_mosstundra16_m3m/SEDG/tile_12161.png,9
arctic_vegetation/20230724_sedge_mosstundra16_m3m/MOSS/tile_12164.png,5
arctic_vegetation/20230724_sedge_mosstundra16_m3m/MOSS/tile_12165.png,5
arctic_vegetation/20230724_sedge_mosstundra16_m3m/MOSS/tile_12166.png,5
arctic_vegetation/20230724_sedge_mosstundra16_m3m/MOSS/tile_12167.png,5
arctic_vegetation/20230724_sedge_mosstundra16_m3m/MOSS/tile_12202.png,5
arctic_vegetation/20230724_sedge_mosstundra16_m3m/SEDG/tile_12203.png,9
arctic_vegetation/20230724_sedge_mosstundra16_m3m/SEDG/tile_12204.png,9
arctic_vegetation/20230724_sedge_mosstundra16_m3m/SEDG/tile_12205.png,9
arctic_vegetation/20230724_sedge_mosstundra16_m3m/SEDG/tile_12206.png,9
arctic_vegetation/20230724_sedge_mosstundra16_m3m/SEDG/tile_12207.png,9
arctic_vegetation/20230724_sedge_mosstundra16_m3m/BIRC/tile_12208.png,2
arctic_vegetation/20230724_sedge_mosstundra16_m3m/BIRC/tile_12209.png,2
arctic_vegetation/20230724_sedge_mosstundra16_m3m/BIRC/tile_12210.png,2
arctic_vegetation/20230724_sedge_mosstundra16_m3m/MOSS/tile_12211.png,5
arctic_vegetation/20230724_sedge_mosstundra16_m3m/MOSS/tile_12212.png,5
arctic_vegetation/20230724_sedge_mosstundra16_m3m/MOSS/tile_12213.png,5
arctic_vegetation/20230724_sedge_mosstundra16_m3m/SEDG/tile_12215.png,9
arctic_vegetation/20230724_sedge_mosstundra16_m3m/SEDG/tile_12216.png,9
arctic_vegetation/20230724_sedge_mosstundra16_m3m/SEDG/tile_12217.png,9
arctic_vegetation/20230724_sedge_mosstundra16_m3m/SEDG/tile_12218.png,9
arctic_vegetation/20230724_sedge_mosstundra16_m3m/SEDG/tile_12219.png,9
arctic_vegetation/20230724_sedge_mosstundra16_m3m/MOSS/tile_12330.png,5
arctic_vegetation/20230724_sedge_mosstundra16_m3m/MOSS/tile_12331.png,5
arctic_vegetation/20230724_sedge_mosstundra16_m3m/MOSS/tile_12332.png,5
arctic_vegetation/20230724_sedge_mosstundra16_m3m/SEDG/tile_12334.png,9
arctic_vegetation/20230724_sedge_mosstundra16_m3m/SEDG/tile_12335.png,9
arctic_vegetation/20230724_sedge_mosstundra16_m3m/SEDG/tile_12336.png,9
arctic_vegetation/20230724_sedge_mosstundra16_m3m/SEDG/tile_12337.png,9
arctic_vegetation/20230724_sedge_mosstundra16_m3m/SEDG/tile_12338.png,9
arctic_vegetation/20230724_sedge_mosstundra16_m3m/SEDG/tile_12339.png,9
arctic_vegetation/20230724_sedge_mosstundra16_m3m/SEDG/tile_12340.png,9
arctic_vegetation/20230724_sedge_mosstundra16_m3m/SEDG/tile_12341.png,9
arctic_vegetation/20230724_sedge_mosstundra16_m3m/PETF/tile_12347.png,6
arctic_vegetation/20230724_sedge_mosstundra16_m3m/MOSS/tile_12348.png,5
arctic_vegetation/20230724_sedge_mosstundra16_m3m/MOSS/tile_12349.png,5
arctic_vegetation/20230724_sedge_mosstundra16_m3m/MOSS/tile_12350.png,5
arctic_vegetation/20230724_sedge_mosstundra16_m3m/SEDG/tile_12351.png,9
arctic_vegetation/20230724_sedge_mosstundra16_m3m/SEDG/tile_12352.png,9
arctic_vegetation/20230724_sedge_mosstundra16_m3m/SEDG/tile_12353.png,9
arctic_vegetation/20230724_sedge_mosstundra16_m3m/SEDG/tile_12354.png,9
arctic_vegetation/20230724_sedge_mosstundra16_m3m/SEDG/tile_12355.png,9
arctic_vegetation/20230724_sedge_mosstundra16_m3m/SEDG/tile_12356.png,9
arctic_vegetation/20230724_sedge_mosstundra16_m3m/SEDG/tile_12357.png,9
arctic_vegetation/20230724_sedge_mosstundra16_m3m/SEDG/tile_12358.png,9
arctic_vegetation/20230724_sedge_mosstundra16_m3m/SEDG/tile_12359.png,9
arctic_vegetation/20230724_sedge_mosstundra16_m3m/SEDG/tile_12360.png,9
arctic_vegetation/20230724_sedge_mosstundra16_m3m/SEDG/tile_12361.png,9
arctic_vegetation/20230724_sedge_mosstundra16_m3m/SEDG/tile_12362.png,9
arctic_vegetation/20230724_sedge_mosstundra16_m3m/MOSS/tile_12364.png,5
arctic_vegetation/20230724_sedge_mosstundra16_m3m/MOSS/tile_12365.png,5
arctic_vegetation/20230724_sedge_mosstundra16_m3m/MOSS/tile_12366.png,5
arctic_vegetation/20230724_sedge_mosstundra16_m3m/MOSS/tile_12367.png,5
arctic_vegetation/20230724_sedge_mosstundra16_m3m/MOSS/tile_12403.png,5
arctic_vegetation/20230724_sedge_mosstundra16_m3m/BIRC/tile_12404.png,2
arctic_vegetation/20230724_sedge_mosstundra16_m3m/BIRC/tile_12405.png,2
arctic_vegetation/20230724_sedge_mosstundra16_m3m/MOSS/tile_12406.png,5
arctic_vegetation/20230724_sedge_mosstundra16_m3m/SEDG/tile_12407.png,9
arctic_vegetation/20230724_sedge_mosstundra16_m3m/BIRC/tile_12408.png,2
arctic_vegetation/20230724_sedge_mosstundra16_m3m/BIRC/tile_12409.png,2
arctic_vegetation/20230724_sedge_mosstundra16_m3m/BIRC/tile_12410.png,2
arctic_vegetation/20230724_sedge_mosstundra16_m3m/MOSS/tile_12411.png,5
arctic_vegetation/20230724_sedge_mosstundra16_m3m/SEDG/tile_12412.png,9
arctic_vegetation/20230724_sedge_mosstundra16_m3m/SEDG/tile_12413.png,9
arctic_vegetation/20230724_sedge_mosstundra16_m3m/SEDG/tile_12414.png,9
arctic_vegetation/20230724_sedge_mosstundra16_m3m/SEDG/tile_12415.png,9
arctic_vegetation/20230724_sedge_mosstundra16_m3m/SEDG/tile_12416.png,9
arctic_vegetation/20230724_sedge_mosstundra16_m3m/SEDG/tile_12417.png,9
arctic_vegetation/20230724_sedge_mosstundra16_m3m/SEDG/tile_12418.png,9
arctic_vegetation/20230724_sedge_mosstundra16_m3m/SEDG/tile_12419.png,9
arctic_vegetation/20230724_sedge_mosstundra16_m3m/MOSS/tile_12531.png,5
arctic_vegetation/20230724_sedge_mosstundra16_m3m/MOSS/tile_12532.png,5
arctic_vegetation/20230724_sedge_mosstundra16_m3m/MOSS/tile_12533.png,5
arctic_vegetation/20230724_sedge_mosstundra16_m3m/SEDG/tile_12538.png,9
arctic_vegetation/20230724_sedge_mosstundra16_m3m/SEDG/tile_12539.png,9
arctic_vegetation/20230724_sedge_mosstundra16_m3m/SEDG/tile_12540.png,9
arctic_vegetation/20230724_sedge_mosstundra16_m3m/SEDG/tile_12541.png,9
arctic_vegetation/20230724_sedge_mosstundra16_m3m/MOSS/tile_12547.png,5
arctic_vegetation/20230724_sedge_mosstundra16_m3m/MOSS/tile_12548.png,5
arctic_vegetation/20230724_sedge_mosstundra16_m3m/SEDG/tile_12549.png,9
arctic_vegetation/20230724_sedge_mosstundra16_m3m/SEDG/tile_12550.png,9
arctic_vegetation/20230724_sedge_mosstundra16_m3m/SEDG/tile_12551.png,9
arctic_vegetation/20230724_sedge_mosstundra16_m3m/SEDG/tile_12552.png,9
arctic_vegetation/20230724_sedge_mosstundra16_m3m/SEDG/tile_12553.png,9
arctic_vegetation/20230724_sedge_mosstundra16_m3m/SEDG/tile_12554.png,9
arctic_vegetation/20230724_sedge_mosstundra16_m3m/SEDG/tile_12555.png,9
arctic_vegetation/20230724_sedge_mosstundra16_m3m/SEDG/tile_12556.png,9
arctic_vegetation/20230724_sedge_mosstundra16_m3m/TUSS/tile_12557.png,10
arctic_vegetation/20230724_sedge_mosstundra16_m3m/SEDG/tile_12558.png,9
arctic_vegetation/20230724_sedge_mosstundra16_m3m/SEDG/tile_12559.png,9
arctic_vegetation/20230724_sedge_mosstundra16_m3m/SEDG/tile_12560.png,9
arctic_vegetation/20230724_sedge_mosstundra16_m3m/SEDG/tile_12561.png,9
arctic_vegetation/20230724_sedge_mosstundra16_m3m/SEDG/tile_12562.png,9
arctic_vegetation/20230724_sedge_mosstundra16_m3m/SEDG/tile_12563.png,9
arctic_vegetation/20230724_sedge_mosstundra16_m3m/MOSS/tile_12565.png,5
arctic_vegetation/20230724_sedge_mosstundra16_m3m/MOSS/tile_12566.png,5
arctic_vegetation/20230724_sedge_mosstundra16_m3m/SEDG/tile_12567.png,9
arctic_vegetation/20230724_sedge_mosstundra16_m3m/SEDG/tile_12568.png,9
arctic_vegetation/20230724_sedge_mosstundra16_m3m/BIRC/tile_12604.png,2
arctic_vegetation/20230724_sedge_mosstundra16_m3m/BIRC/tile_12605.png,2
arctic_vegetation/20230724_sedge_mosstundra16_m3m/BIRC/tile_12606.png,2
arctic_vegetation/20230724_sedge_mosstundra16_m3m/BIRC/tile_12607.png,2
arctic_vegetation/20230724_sedge_mosstundra16_m3m/BIRC/tile_12608.png,2
arctic_vegetation/20230724_sedge_mosstundra16_m3m/MOSS/tile_12609.png,5
arctic_vegetation/20230724_sedge_mosstundra16_m3m/BIRC/tile_12610.png,2
arctic_vegetation/20230724_sedge_mosstundra16_m3m/BIRC/tile_12611.png,2
arctic_vegetation/20230724_sedge_mosstundra16_m3m/BIRC/tile_12612.png,2
arctic_vegetation/20230724_sedge_mosstundra16_m3m/SEDG/tile_12613.png,9
arctic_vegetation/20230724_sedge_mosstundra16_m3m/SEDG/tile_12614.png,9
arctic_vegetation/20230724_sedge_mosstundra16_m3m/SEDG/tile_12615.png,9
arctic_vegetation/20230724_sedge_mosstundra16_m3m/SEDG/tile_12616.png,9
arctic_vegetation/20230724_sedge_mosstundra16_m3m/SEDG/tile_12617.png,9
arctic_vegetation/20230724_sedge_mosstundra16_m3m/SEDG/tile_12618.png,9
arctic_vegetation/20230724_sedge_mosstundra16_m3m/SEDG/tile_12619.png,9
arctic_vegetation/20230724_sedge_mosstundra16_m3m/MOSS/tile_12620.png,5
arctic_vegetation/20230724_sedge_mosstundra16_m3m/MOSS/tile_12737.png,5
arctic_vegetation/20230724_sedge_mosstundra16_m3m/MOSS/tile_12738.png,5
arctic_vegetation/20230724_sedge_mosstundra16_m3m/MOSS/tile_12739.png,5
arctic_vegetation/20230724_sedge_mosstundra16_m3m/MOSS/tile_12740.png,5
arctic_vegetation/20230724_sedge_mosstundra16_m3m/MOSS/tile_12741.png,5
arctic_vegetation/20230724_sedge_mosstundra16_m3m/MOSS/tile_12742.png,5
arctic_vegetation/20230724_sedge_mosstundra16_m3m/MOSS/tile_12743.png,5
arctic_vegetation/20230724_sedge_mosstundra16_m3m/MOSS/tile_12747.png,5
arctic_vegetation/20230724_sedge_mosstundra16_m3m/MOSS/tile_12748.png,5
arctic_vegetation/20230724_sedge_mosstundra16_m3m/MOSS/tile_12749.png,5
arctic_vegetation/20230724_sedge_mosstundra16_m3m/SEDG/tile_12750.png,9
arctic_vegetation/20230724_sedge_mosstundra16_m3m/SEDG/tile_12751.png,9
arctic_vegetation/20230724_sedge_mosstundra16_m3m/SEDG/tile_12752.png,9
arctic_vegetation/20230724_sedge_mosstundra16_m3m/SEDG/tile_12753.png,9
arctic_vegetation/20230724_sedge_mosstundra16_m3m/SEDG/tile_12754.png,9
arctic_vegetation/20230724_sedge_mosstundra16_m3m/SEDG/tile_12755.png,9
arctic_vegetation/20230724_sedge_mosstundra16_m3m/TUSS/tile_12756.png,10
arctic_vegetation/20230724_sedge_mosstundra16_m3m/TUSS/tile_12757.png,10
arctic_vegetation/20230724_sedge_mosstundra16_m3m/TUSS/tile_12758.png,10
arctic_vegetation/20230724_sedge_mosstundra16_m3m/SEDG/tile_12759.png,9
arctic_vegetation/20230724_sedge_mosstundra16_m3m/SEDG/tile_12760.png,9
arctic_vegetation/20230724_sedge_mosstundra16_m3m/SEDG/tile_12761.png,9
arctic_vegetation/20230724_sedge_mosstundra16_m3m/SEDG/tile_12762.png,9
arctic_vegetation/20230724_sedge_mosstundra16_m3m/SEDG/tile_12763.png,9
arctic_vegetation/20230724_sedge_mosstundra16_m3m/BIRC/tile_12805.png,2
arctic_vegetation/20230724_sedge_mosstundra16_m3m/BIRC/tile_12806.png,2
arctic_vegetation/20230724_sedge_mosstundra16_m3m/BIRC/tile_12807.png,2
arctic_vegetation/20230724_sedge_mosstundra16_m3m/BIRC/tile_12808.png,2
arctic_vegetation/20230724_sedge_mosstundra16_m3m/BIRC/tile_12809.png,2
arctic_vegetation/20230724_sedge_mosstundra16_m3m/PETF/tile_12810.png,6
arctic_vegetation/20230724_sedge_mosstundra16_m3m/BIRC/tile_12811.png,2
arctic_vegetation/20230724_sedge_mosstundra16_m3m/BIRC/tile_12812.png,2
arctic_vegetation/20230724_sedge_mosstundra16_m3m/BIRC/tile_12813.png,2
arctic_vegetation/20230724_sedge_mosstundra16_m3m/MOSS/tile_12814.png,5
arctic_vegetation/20230724_sedge_mosstundra16_m3m/SEDG/tile_12815.png,9
arctic_vegetation/20230724_sedge_mosstundra16_m3m/SEDG/tile_12816.png,9
arctic_vegetation/20230724_sedge_mosstundra16_m3m/SEDG/tile_12817.png,9
arctic_vegetation/20230724_sedge_mosstundra16_m3m/SEDG/tile_12818.png,9
arctic_vegetation/20230724_sedge_mosstundra16_m3m/SEDG/tile_12819.png,9
arctic_vegetation/20230724_sedge_mosstundra16_m3m/SEDG/tile_12820.png,9
arctic_vegetation/20230724_sedge_mosstundra16_m3m/MOSS/tile_12821.png,5
arctic_vegetation/20230724_sedge_mosstundra16_m3m/MOSS/tile_12937.png,5
arctic_vegetation/20230724_sedge_mosstundra16_m3m/MOSS/tile_12938.png,5
arctic_vegetation/20230724_sedge_mosstundra16_m3m/MOSS/tile_12939.png,5
arctic_vegetation/20230724_sedge_mosstundra16_m3m/MOSS/tile_12940.png,5
arctic_vegetation/20230724_sedge_mosstundra16_m3m/MOSS/tile_12941.png,5
arctic_vegetation/20230724_sedge_mosstundra16_m3m/MOSS/tile_12942.png,5
arctic_vegetation/20230724_sedge_mosstundra16_m3m/MOSS/tile_12943.png,5
arctic_vegetation/20230724_sedge_mosstundra16_m3m/MOSS/tile_12947.png,5
arctic_vegetation/20230724_sedge_mosstundra16_m3m/MOSS/tile_12948.png,5
arctic_vegetation/20230724_sedge_mosstundra16_m3m/SEDG/tile_12949.png,9
arctic_vegetation/20230724_sedge_mosstundra16_m3m/SEDG/tile_12950.png,9
arctic_vegetation/20230724_sedge_mosstundra16_m3m/SEDG/tile_12951.png,9
arctic_vegetation/20230724_sedge_mosstundra16_m3m/BIRC/tile_12952.png,2
arctic_vegetation/20230724_sedge_mosstundra16_m3m/BIRC/tile_12953.png,2
arctic_vegetation/20230724_sedge_mosstundra16_m3m/BIRC/tile_12954.png,2
arctic_vegetation/20230724_sedge_mosstundra16_m3m/BIRC/tile_12955.png,2
arctic_vegetation/20230724_sedge_mosstundra16_m3m/BIRC/tile_12956.png,2
arctic_vegetation/20230724_sedge_mosstundra16_m3m/BIRC/tile_12957.png,2
arctic_vegetation/20230724_sedge_mosstundra16_m3m/BIRC/tile_12958.png,2
arctic_vegetation/20230724_sedge_mosstundra16_m3m/SEDG/tile_12960.png,9
arctic_vegetation/20230724_sedge_mosstundra16_m3m/SEDG/tile_12961.png,9
arctic_vegetation/20230724_sedge_mosstundra16_m3m/SEDG/tile_12962.png,9
arctic_vegetation/20230724_sedge_mosstundra16_m3m/SEDG/tile_12963.png,9
arctic_vegetation/20230724_sedge_mosstundra16_m3m/SEDG/tile_12964.png,9
arctic_vegetation/20230724_sedge_mosstundra16_m3m/BIRC/tile_13005.png,2
arctic_vegetation/20230724_sedge_mosstundra16_m3m/BIRC/tile_13006.png,2
arctic_vegetation/20230724_sedge_mosstundra16_m3m/BIRC/tile_13007.png,2
arctic_vegetation/20230724_sedge_mosstundra16_m3m/BIRC/tile_13008.png,2
arctic_vegetation/20230724_sedge_mosstundra16_m3m/BIRC/tile_13009.png,2
arctic_vegetation/20230724_sedge_mosstundra16_m3m/BIRC/tile_13010.png,2
arctic_vegetation/20230724_sedge_mosstundra16_m3m/PETF/tile_13011.png,6
arctic_vegetation/20230724_sedge_mosstundra16_m3m/BIRC/tile_13012.png,2
arctic_vegetation/20230724_sedge_mosstundra16_m3m/BIRC/tile_13013.png,2
arctic_vegetation/20230724_sedge_mosstundra16_m3m/MOSS/tile_13014.png,5
arctic_vegetation/20230724_sedge_mosstundra16_m3m/PETF/tile_13015.png,6
arctic_vegetation/20230724_sedge_mosstundra16_m3m/PETF/tile_13016.png,6
arctic_vegetation/20230724_sedge_mosstundra16_m3m/SEDG/tile_13017.png,9
arctic_vegetation/20230724_sedge_mosstundra16_m3m/SEDG/tile_13018.png,9
arctic_vegetation/20230724_sedge_mosstundra16_m3m/SEDG/tile_13019.png,9
arctic_vegetation/20230724_sedge_mosstundra16_m3m/SEDG/tile_13020.png,9
arctic_vegetation/20230724_sedge_mosstundra16_m3m/SEDG/tile_13021.png,9
arctic_vegetation/20230724_sedge_mosstundra16_m3m/SEDG/tile_13022.png,9
arctic_vegetation/20230724_sedge_mosstundra16_m3m/MOSS/tile_13133.png,5
arctic_vegetation/20230724_sedge_mosstundra16_m3m/MOSS/tile_13134.png,5
arctic_vegetation/20230724_sedge_mosstundra16_m3m/MOSS/tile_13136.png,5
arctic_vegetation/20230724_sedge_mosstundra16_m3m/MOSS/tile_13137.png,5
arctic_vegetation/20230724_sedge_mosstundra16_m3m/MOSS/tile_13138.png,5
arctic_vegetation/20230724_sedge_mosstundra16_m3m/MOSS/tile_13139.png,5
arctic_vegetation/20230724_sedge_mosstundra16_m3m/MOSS/tile_13140.png,5
arctic_vegetation/20230724_sedge_mosstundra16_m3m/MOSS/tile_13141.png,5
arctic_vegetation/20230724_sedge_mosstundra16_m3m/MOSS/tile_13142.png,5
arctic_vegetation/20230724_sedge_mosstundra16_m3m/WILL/tile_13144.png,11
arctic_vegetation/20230724_sedge_mosstundra16_m3m/WILL/tile_13145.png,11
arctic_vegetation/20230724_sedge_mosstundra16_m3m/SEDG/tile_13146.png,9
arctic_vegetation/20230724_sedge_mosstundra16_m3m/SEDG/tile_13147.png,9
arctic_vegetation/20230724_sedge_mosstundra16_m3m/SEDG/tile_13148.png,9
arctic_vegetation/20230724_sedge_mosstundra16_m3m/SEDG/tile_13149.png,9
arctic_vegetation/20230724_sedge_mosstundra16_m3m/BIRC/tile_13150.png,2
arctic_vegetation/20230724_sedge_mosstundra16_m3m/BIRC/tile_13151.png,2
arctic_vegetation/20230724_sedge_mosstundra16_m3m/BIRC/tile_13152.png,2
arctic_vegetation/20230724_sedge_mosstundra16_m3m/BIRC/tile_13153.png,2
arctic_vegetation/20230724_sedge_mosstundra16_m3m/BIRC/tile_13154.png,2
arctic_vegetation/20230724_sedge_mosstundra16_m3m/BIRC/tile_13155.png,2
arctic_vegetation/20230724_sedge_mosstundra16_m3m/BIRC/tile_13156.png,2
arctic_vegetation/20230724_sedge_mosstundra16_m3m/BIRC/tile_13157.png,2
arctic_vegetation/20230724_sedge_mosstundra16_m3m/SEDG/tile_13159.png,9
arctic_vegetation/20230724_sedge_mosstundra16_m3m/SEDG/tile_13160.png,9
arctic_vegetation/20230724_sedge_mosstundra16_m3m/SEDG/tile_13161.png,9
arctic_vegetation/20230724_sedge_mosstundra16_m3m/SEDG/tile_13162.png,9
arctic_vegetation/20230724_sedge_mosstundra16_m3m/SEDG/tile_13163.png,9
arctic_vegetation/20230724_sedge_mosstundra16_m3m/TUSS/tile_13164.png,10
arctic_vegetation/20230724_sedge_mosstundra16_m3m/TUSS/tile_13165.png,10
arctic_vegetation/20230724_sedge_mosstundra16_m3m/TUSS/tile_13166.png,10
arctic_vegetation/20230724_sedge_mosstundra16_m3m/BIRC/tile_13204.png,2
arctic_vegetation/20230724_sedge_mosstundra16_m3m/BIRC/tile_13205.png,2
arctic_vegetation/20230724_sedge_mosstundra16_m3m/BIRC/tile_13206.png,2
arctic_vegetation/20230724_sedge_mosstundra16_m3m/BIRC/tile_13207.png,2
arctic_vegetation/20230724_sedge_mosstundra16_m3m/BIRC/tile_13208.png,2
arctic_vegetation/20230724_sedge_mosstundra16_m3m/BIRC/tile_13209.png,2
arctic_vegetation/20230724_sedge_mosstundra16_m3m/PETF/tile_13210.png,6
arctic_vegetation/20230724_sedge_mosstundra16_m3m/PETF/tile_13211.png,6
arctic_vegetation/20230724_sedge_mosstundra16_m3m/PETF/tile_13214.png,6
arctic_vegetation/20230724_sedge_mosstundra16_m3m/PETF/tile_13215.png,6
arctic_vegetation/20230724_sedge_mosstundra16_m3m/SEDG/tile_13216.png,9
arctic_vegetation/20230724_sedge_mosstundra16_m3m/SEDG/tile_13217.png,9
arctic_vegetation/20230724_sedge_mosstundra16_m3m/SEDG/tile_13218.png,9
arctic_vegetation/20230724_sedge_mosstundra16_m3m/SEDG/tile_13219.png,9
arctic_vegetation/20230724_sedge_mosstundra16_m3m/SEDG/tile_13220.png,9
arctic_vegetation/20230724_sedge_mosstundra16_m3m/SEDG/tile_13221.png,9
arctic_vegetation/20230724_sedge_mosstundra16_m3m/MOSS/tile_13333.png,5
arctic_vegetation/20230724_sedge_mosstundra16_m3m/MOSS/tile_13334.png,5
arctic_vegetation/20230724_sedge_mosstundra16_m3m/MOSS/tile_13335.png,5
arctic_vegetation/20230724_sedge_mosstundra16_m3m/MOSS/tile_13338.png,5
arctic_vegetation/20230724_sedge_mosstundra16_m3m/MOSS/tile_13339.png,5
arctic_vegetation/20230724_sedge_mosstundra16_m3m/MOSS/tile_13340.png,5
arctic_vegetation/20230724_sedge_mosstundra16_m3m/MOSS/tile_13341.png,5
arctic_vegetation/20230724_sedge_mosstundra16_m3m/MOSS/tile_13342.png,5
arctic_vegetation/20230724_sedge_mosstundra16_m3m/WILL/tile_13344.png,11
arctic_vegetation/20230724_sedge_mosstundra16_m3m/WILL/tile_13345.png,11
arctic_vegetation/20230724_sedge_mosstundra16_m3m/SEDG/tile_13346.png,9
arctic_vegetation/20230724_sedge_mosstundra16_m3m/SEDG/tile_13347.png,9
arctic_vegetation/20230724_sedge_mosstundra16_m3m/SEDG/tile_13348.png,9
arctic_vegetation/20230724_sedge_mosstundra16_m3m/SEDG/tile_13349.png,9
arctic_vegetation/20230724_sedge_mosstundra16_m3m/BIRC/tile_13350.png,2
arctic_vegetation/20230724_sedge_mosstundra16_m3m/BIRC/tile_13351.png,2
arctic_vegetation/20230724_sedge_mosstundra16_m3m/BIRC/tile_13352.png,2
arctic_vegetation/20230724_sedge_mosstundra16_m3m/BIRC/tile_13353.png,2
arctic_vegetation/20230724_sedge_mosstundra16_m3m/BIRC/tile_13354.png,2
arctic_vegetation/20230724_sedge_mosstundra16_m3m/BIRC/tile_13355.png,2
arctic_vegetation/20230724_sedge_mosstundra16_m3m/BIRC/tile_13356.png,2
arctic_vegetation/20230724_sedge_mosstundra16_m3m/BIRC/tile_13357.png,2
arctic_vegetation/20230724_sedge_mosstundra16_m3m/BIRC/tile_13358.png,2
arctic_vegetation/20230724_sedge_mosstundra16_m3m/TUSS/tile_13359.png,10
arctic_vegetation/20230724_sedge_mosstundra16_m3m/TUSS/tile_13360.png,10
arctic_vegetation/20230724_sedge_mosstundra16_m3m/MOSS/tile_13361.png,5
arctic_vegetation/20230724_sedge_mosstundra16_m3m/MOSS/tile_13362.png,5
arctic_vegetation/20230724_sedge_mosstundra16_m3m/TUSS/tile_13363.png,10
arctic_vegetation/20230724_sedge_mosstundra16_m3m/TUSS/tile_13364.png,10
arctic_vegetation/20230724_sedge_mosstundra16_m3m/TUSS/tile_13365.png,10
arctic_vegetation/20230724_sedge_mosstundra16_m3m/TUSS/tile_13366.png,10
arctic_vegetation/20230724_sedge_mosstundra16_m3m/BIRC/tile_13405.png,2
arctic_vegetation/20230724_sedge_mosstundra16_m3m/BIRC/tile_13406.png,2
arctic_vegetation/20230724_sedge_mosstundra16_m3m/BIRC/tile_13407.png,2
arctic_vegetation/20230724_sedge_mosstundra16_m3m/SEDG/tile_13417.png,9
arctic_vegetation/20230724_sedge_mosstundra16_m3m/SEDG/tile_13418.png,9
arctic_vegetation/20230724_sedge_mosstundra16_m3m/SEDG/tile_13419.png,9
arctic_vegetation/20230724_sedge_mosstundra16_m3m/SEDG/tile_13420.png,9
arctic_vegetation/20230724_sedge_mosstundra16_m3m/SEDG/tile_13421.png,9
arctic_vegetation/20230724_sedge_mosstundra16_m3m/MOSS/tile_13536.png,5
arctic_vegetation/20230724_sedge_mosstundra16_m3m/MOSS/tile_13537.png,5
arctic_vegetation/20230724_sedge_mosstundra16_m3m/MOSS/tile_13538.png,5
arctic_vegetation/20230724_sedge_mosstundra16_m3m/MOSS/tile_13541.png,5
arctic_vegetation/20230724_sedge_mosstundra16_m3m/MOSS/tile_13542.png,5
arctic_vegetation/20230724_sedge_mosstundra16_m3m/MOSS/tile_13543.png,5
arctic_vegetation/20230724_sedge_mosstundra16_m3m/MOSS/tile_13544.png,5
arctic_vegetation/20230724_sedge_mosstundra16_m3m/MOSS/tile_13545.png,5
arctic_vegetation/20230724_sedge_mosstundra16_m3m/WILL/tile_13548.png,11
arctic_vegetation/20230724_sedge_mosstundra16_m3m/SEDG/tile_13549.png,9
arctic_vegetation/20230724_sedge_mosstundra16_m3m/SEDG/tile_13550.png,9
arctic_vegetation/20230724_sedge_mosstundra16_m3m/SEDG/tile_13551.png,9
arctic_vegetation/20230724_sedge_mosstundra16_m3m/SEDG/tile_13552.png,9
arctic_vegetation/20230724_sedge_mosstundra16_m3m/BIRC/tile_13553.png,2
arctic_vegetation/20230724_sedge_mosstundra16_m3m/BIRC/tile_13554.png,2
arctic_vegetation/20230724_sedge_mosstundra16_m3m/BIRC/tile_13555.png,2
arctic_vegetation/20230724_sedge_mosstundra16_m3m/BIRC/tile_13556.png,2
arctic_vegetation/20230724_sedge_mosstundra16_m3m/BIRC/tile_13557.png,2
arctic_vegetation/20230724_sedge_mosstundra16_m3m/BIRC/tile_13558.png,2
arctic_vegetation/20230724_sedge_mosstundra16_m3m/BIRC/tile_13559.png,2
arctic_vegetation/20230724_sedge_mosstundra16_m3m/BIRC/tile_13560.png,2
arctic_vegetation/20230724_sedge_mosstundra16_m3m/BIRC/tile_13561.png,2
arctic_vegetation/20230724_sedge_mosstundra16_m3m/MOSS/tile_13562.png,5
arctic_vegetation/20230724_sedge_mosstundra16_m3m/MOSS/tile_13563.png,5
arctic_vegetation/20230724_sedge_mosstundra16_m3m/MOSS/tile_13564.png,5
arctic_vegetation/20230724_sedge_mosstundra16_m3m/MOSS/tile_13565.png,5
arctic_vegetation/20230724_sedge_mosstundra16_m3m/MOSS/tile_13566.png,5
arctic_vegetation/20230724_sedge_mosstundra16_m3m/TUSS/tile_13567.png,10
arctic_vegetation/20230724_sedge_mosstundra16_m3m/TUSS/tile_13568.png,10
arctic_vegetation/20230724_sedge_mosstundra16_m3m/TUSS/tile_13569.png,10
arctic_vegetation/20230724_sedge_mosstundra16_m3m/MOSS/tile_13739.png,5
arctic_vegetation/20230724_sedge_mosstundra16_m3m/MOSS/tile_13740.png,5
arctic_vegetation/20230724_sedge_mosstundra16_m3m/MOSS/tile_13741.png,5
arctic_vegetation/20230724_sedge_mosstundra16_m3m/MOSS/tile_13745.png,5
arctic_vegetation/20230724_sedge_mosstundra16_m3m/MOSS/tile_13746.png,5
arctic_vegetation/20230724_sedge_mosstundra16_m3m/MOSS/tile_13747.png,5
arctic_vegetation/20230724_sedge_mosstundra16_m3m/MOSS/tile_13748.png,5
arctic_vegetation/20230724_sedge_mosstundra16_m3m/SEDG/tile_13753.png,9
arctic_vegetation/20230724_sedge_mosstundra16_m3m/SEDG/tile_13754.png,9
arctic_vegetation/20230724_sedge_mosstundra16_m3m/SEDG/tile_13755.png,9
arctic_vegetation/20230724_sedge_mosstundra16_m3m/BIRC/tile_13756.png,2
arctic_vegetation/20230724_sedge_mosstundra16_m3m/BIRC/tile_13757.png,2
arctic_vegetation/20230724_sedge_mosstundra16_m3m/BIRC/tile_13758.png,2
arctic_vegetation/20230724_sedge_mosstundra16_m3m/BIRC/tile_13759.png,2
arctic_vegetation/20230724_sedge_mosstundra16_m3m/BIRC/tile_13760.png,2
arctic_vegetation/20230724_sedge_mosstundra16_m3m/BIRC/tile_13761.png,2
arctic_vegetation/20230724_sedge_mosstundra16_m3m/BIRC/tile_13762.png,2
arctic_vegetation/20230724_sedge_mosstundra16_m3m/BIRC/tile_13763.png,2
arctic_vegetation/20230724_sedge_mosstundra16_m3m/BIRC/tile_13764.png,2
arctic_vegetation/20230724_sedge_mosstundra16_m3m/MOSS/tile_13765.png,5
arctic_vegetation/20230724_sedge_mosstundra16_m3m/MOSS/tile_13766.png,5
arctic_vegetation/20230724_sedge_mosstundra16_m3m/MOSS/tile_13767.png,5
arctic_vegetation/20230724_sedge_mosstundra16_m3m/MOSS/tile_13768.png,5
arctic_vegetation/20230724_sedge_mosstundra16_m3m/MOSS/tile_13769.png,5
arctic_vegetation/20230724_sedge_mosstundra16_m3m/MOSS/tile_13942.png,5
arctic_vegetation/20230724_sedge_mosstundra16_m3m/MOSS/tile_13943.png,5
arctic_vegetation/20230724_sedge_mosstundra16_m3m/MOSS/tile_13944.png,5
arctic_vegetation/20230724_sedge_mosstundra16_m3m/MOSS/tile_13945.png,5
arctic_vegetation/20230724_sedge_mosstundra16_m3m/MOSS/tile_13946.png,5
arctic_vegetation/20230724_sedge_mosstundra16_m3m/MOSS/tile_13947.png,5
arctic_vegetation/20230724_sedge_mosstundra16_m3m/MOSS/tile_13948.png,5
arctic_vegetation/20230724_sedge_mosstundra16_m3m/MOSS/tile_13949.png,5
arctic_vegetation/20230724_sedge_mosstundra16_m3m/MOSS/tile_13950.png,5
arctic_vegetation/20230724_sedge_mosstundra16_m3m/MOSS/tile_13951.png,5
arctic_vegetation/20230724_sedge_mosstundra16_m3m/SEDG/tile_13956.png,9
arctic_vegetation/20230724_sedge_mosstundra16_m3m/SEDG/tile_13957.png,9
arctic_vegetation/20230724_sedge_mosstundra16_m3m/SEDG/tile_13958.png,9
arctic_vegetation/20230724_sedge_mosstundra16_m3m/BIRC/tile_13959.png,2
arctic_vegetation/20230724_sedge_mosstundra16_m3m/BIRC/tile_13960.png,2
arctic_vegetation/20230724_sedge_mosstundra16_m3m/BIRC/tile_13961.png,2
arctic_vegetation/20230724_sedge_mosstundra16_m3m/BIRC/tile_13962.png,2
arctic_vegetation/20230724_sedge_mosstundra16_m3m/MOSS/tile_13963.png,5
arctic_vegetation/20230724_sedge_mosstundra16_m3m/MOSS/tile_13964.png,5
arctic_vegetation/20230724_sedge_mosstundra16_m3m/BIRC/tile_13965.png,2
arctic_vegetation/20230724_sedge_mosstundra16_m3m/BIRC/tile_13966.png,2
arctic_vegetation/20230724_sedge_mosstundra16_m3m/BIRC/tile_13967.png,2
arctic_vegetation/20230724_sedge_mosstundra16_m3m/SEDG/tile_13968.png,9
arctic_vegetation/20230724_sedge_mosstundra16_m3m/SEDG/tile_13969.png,9
arctic_vegetation/20230724_sedge_mosstundra16_m3m/SEDG/tile_13970.png,9
arctic_vegetation/20230724_sedge_mosstundra16_m3m/SEDG/tile_13971.png,9
arctic_vegetation/20230724_sedge_mosstundra16_m3m/MOSS/tile_13972.png,5
arctic_vegetation/20230724_sedge_mosstundra16_m3m/MOSS/tile_13973.png,5
arctic_vegetation/20230724_sedge_mosstundra16_m3m/MOSS/tile_13974.png,5
arctic_vegetation/20230724_sedge_mosstundra16_m3m/MOSS/tile_13975.png,5
arctic_vegetation/20230724_sedge_mosstundra16_m3m/TUSS/tile_13976.png,10
arctic_vegetation/20230724_sedge_mosstundra16_m3m/TUSS/tile_13977.png,10
arctic_vegetation/20230724_sedge_mosstundra16_m3m/PETF/tile_14001.png,6
arctic_vegetation/20230724_sedge_mosstundra16_m3m/PETF/tile_14002.png,6
arctic_vegetation/20230724_sedge_mosstundra16_m3m/PETF/tile_14003.png,6
arctic_vegetation/20230724_sedge_mosstundra16_m3m/PETF/tile_14004.png,6
arctic_vegetation/20230724_sedge_mosstundra16_m3m/MOSS/tile_14145.png,5
arctic_vegetation/20230724_sedge_mosstundra16_m3m/MOSS/tile_14146.png,5
arctic_vegetation/20230724_sedge_mosstundra16_m3m/MOSS/tile_14147.png,5
arctic_vegetation/20230724_sedge_mosstundra16_m3m/MOSS/tile_14148.png,5
arctic_vegetation/20230724_sedge_mosstundra16_m3m/MOSS/tile_14149.png,5
arctic_vegetation/20230724_sedge_mosstundra16_m3m/MOSS/tile_14150.png,5
arctic_vegetation/20230724_sedge_mosstundra16_m3m/MOSS/tile_14151.png,5
arctic_vegetation/20230724_sedge_mosstundra16_m3m/MOSS/tile_14152.png,5
arctic_vegetation/20230724_sedge_mosstundra16_m3m/MOSS/tile_14153.png,5
arctic_vegetation/20230724_sedge_mosstundra16_m3m/TUSS/tile_14154.png,10
arctic_vegetation/20230724_sedge_mosstundra16_m3m/TUSS/tile_14155.png,10
arctic_vegetation/20230724_sedge_mosstundra16_m3m/TUSS/tile_14156.png,10
arctic_vegetation/20230724_sedge_mosstundra16_m3m/SEDG/tile_14158.png,9
arctic_vegetation/20230724_sedge_mosstundra16_m3m/SEDG/tile_14159.png,9
arctic_vegetation/20230724_sedge_mosstundra16_m3m/SEDG/tile_14160.png,9
arctic_vegetation/20230724_sedge_mosstundra16_m3m/SEDG/tile_14161.png,9
arctic_vegetation/20230724_sedge_mosstundra16_m3m/BIRC/tile_14162.png,2
arctic_vegetation/20230724_sedge_mosstundra16_m3m/BIRC/tile_14163.png,2
arctic_vegetation/20230724_sedge_mosstundra16_m3m/BIRC/tile_14164.png,2
arctic_vegetation/20230724_sedge_mosstundra16_m3m/BIRC/tile_14165.png,2
arctic_vegetation/20230724_sedge_mosstundra16_m3m/MOSS/tile_14167.png,5
arctic_vegetation/20230724_sedge_mosstundra16_m3m/MOSS/tile_14168.png,5
arctic_vegetation/20230724_sedge_mosstundra16_m3m/SEDG/tile_14171.png,9
arctic_vegetation/20230724_sedge_mosstundra16_m3m/SEDG/tile_14172.png,9
arctic_vegetation/20230724_sedge_mosstundra16_m3m/SEDG/tile_14173.png,9
arctic_vegetation/20230724_sedge_mosstundra16_m3m/SEDG/tile_14174.png,9
arctic_vegetation/20230724_sedge_mosstundra16_m3m/MOSS/tile_14175.png,5
arctic_vegetation/20230724_sedge_mosstundra16_m3m/MOSS/tile_14176.png,5
arctic_vegetation/20230724_sedge_mosstundra16_m3m/MOSS/tile_14177.png,5
arctic_vegetation/20230724_sedge_mosstundra16_m3m/TUSS/tile_14178.png,10
arctic_vegetation/20230724_sedge_mosstundra16_m3m/TUSS/tile_14179.png,10
arctic_vegetation/20230724_sedge_mosstundra16_m3m/TUSS/tile_14180.png,10
arctic_vegetation/20230724_sedge_mosstundra16_m3m/PETF/tile_14203.png,6
arctic_vegetation/20230724_sedge_mosstundra16_m3m/PETF/tile_14204.png,6
arctic_vegetation/20230724_sedge_mosstundra16_m3m/PETF/tile_14205.png,6
arctic_vegetation/20230724_sedge_mosstundra16_m3m/PETF/tile_14206.png,6
arctic_vegetation/20230724_sedge_mosstundra16_m3m/PETF/tile_14207.png,6
arctic_vegetation/20230724_sedge_mosstundra16_m3m/PETF/tile_14208.png,6
arctic_vegetation/20230724_sedge_mosstundra16_m3m/PETF/tile_14209.png,6
arctic_vegetation/20230724_sedge_mosstundra16_m3m/MOSS/tile_14348.png,5
arctic_vegetation/20230724_sedge_mosstundra16_m3m/MOSS/tile_14349.png,5
arctic_vegetation/20230724_sedge_mosstundra16_m3m/PETF/tile_14350.png,6
arctic_vegetation/20230724_sedge_mosstundra16_m3m/MOSS/tile_14351.png,5
arctic_vegetation/20230724_sedge_mosstundra16_m3m/MOSS/tile_14352.png,5
arctic_vegetation/20230724_sedge_mosstundra16_m3m/MOSS/tile_14353.png,5
arctic_vegetation/20230724_sedge_mosstundra16_m3m/MOSS/tile_14354.png,5
arctic_vegetation/20230724_sedge_mosstundra16_m3m/MOSS/tile_14355.png,5
arctic_vegetation/20230724_sedge_mosstundra16_m3m/MOSS/tile_14356.png,5
arctic_vegetation/20230724_sedge_mosstundra16_m3m/TUSS/tile_14357.png,10
arctic_vegetation/20230724_sedge_mosstundra16_m3m/TUSS/tile_14358.png,10
arctic_vegetation/20230724_sedge_mosstundra16_m3m/TUSS/tile_14359.png,10
arctic_vegetation/20230724_sedge_mosstundra16_m3m/SEDG/tile_14361.png,9
arctic_vegetation/20230724_sedge_mosstundra16_m3m/SEDG/tile_14362.png,9
arctic_vegetation/20230724_sedge_mosstundra16_m3m/SEDG/tile_14363.png,9
arctic_vegetation/20230724_sedge_mosstundra16_m3m/SEDG/tile_14364.png,9
arctic_vegetation/20230724_sedge_mosstundra16_m3m/TUSS/tile_14367.png,10
arctic_vegetation/20230724_sedge_mosstundra16_m3m/TUSS/tile_14368.png,10
arctic_vegetation/20230724_sedge_mosstundra16_m3m/MOSS/tile_14369.png,5
arctic_vegetation/20230724_sedge_mosstundra16_m3m/MOSS/tile_14370.png,5
arctic_vegetation/20230724_sedge_mosstundra16_m3m/MOSS/tile_14371.png,5
arctic_vegetation/20230724_sedge_mosstundra16_m3m/MOSS/tile_14372.png,5
arctic_vegetation/20230724_sedge_mosstundra16_m3m/SEDG/tile_14374.png,9
arctic_vegetation/20230724_sedge_mosstundra16_m3m/SEDG/tile_14375.png,9
arctic_vegetation/20230724_sedge_mosstundra16_m3m/SEDG/tile_14376.png,9
arctic_vegetation/20230724_sedge_mosstundra16_m3m/TUSS/tile_14378.png,10
arctic_vegetation/20230724_sedge_mosstundra16_m3m/MOSS/tile_14379.png,5
arctic_vegetation/20230724_sedge_mosstundra16_m3m/TUSS/tile_14380.png,10
arctic_vegetation/20230724_sedge_mosstundra16_m3m/TUSS/tile_14381.png,10
arctic_vegetation/20230724_sedge_mosstundra16_m3m/TUSS/tile_14382.png,10
arctic_vegetation/20230724_sedge_mosstundra16_m3m/TUSS/tile_14383.png,10
arctic_vegetation/20230724_sedge_mosstundra16_m3m/PETF/tile_14400.png,6
arctic_vegetation/20230724_sedge_mosstundra16_m3m/PETF/tile_14401.png,6
arctic_vegetation/20230724_sedge_mosstundra16_m3m/MOSS/tile_14403.png,5
arctic_vegetation/20230724_sedge_mosstundra16_m3m/MOSS/tile_14404.png,5
arctic_vegetation/20230724_sedge_mosstundra16_m3m/MOSS/tile_14405.png,5
arctic_vegetation/20230724_sedge_mosstundra16_m3m/PETF/tile_14406.png,6
arctic_vegetation/20230724_sedge_mosstundra16_m3m/PETF/tile_14407.png,6
arctic_vegetation/20230724_sedge_mosstundra16_m3m/PETF/tile_14408.png,6
arctic_vegetation/20230724_sedge_mosstundra16_m3m/PETF/tile_14409.png,6
arctic_vegetation/20230724_sedge_mosstundra16_m3m/PETF/tile_14410.png,6
arctic_vegetation/20230724_sedge_mosstundra16_m3m/PETF/tile_14411.png,6
arctic_vegetation/20230724_sedge_mosstundra16_m3m/PETF/tile_14412.png,6
arctic_vegetation/20230724_sedge_mosstundra16_m3m/PETF/tile_14553.png,6
arctic_vegetation/20230724_sedge_mosstundra16_m3m/MOSS/tile_14554.png,5
arctic_vegetation/20230724_sedge_mosstundra16_m3m/MOSS/tile_14555.png,5
arctic_vegetation/20230724_sedge_mosstundra16_m3m/MOSS/tile_14556.png,5
arctic_vegetation/20230724_sedge_mosstundra16_m3m/MOSS/tile_14557.png,5
arctic_vegetation/20230724_sedge_mosstundra16_m3m/MOSS/tile_14558.png,5
arctic_vegetation/20230724_sedge_mosstundra16_m3m/MOSS/tile_14559.png,5
arctic_vegetation/20230724_sedge_mosstundra16_m3m/TUSS/tile_14560.png,10
arctic_vegetation/20230724_sedge_mosstundra16_m3m/TUSS/tile_14561.png,10
arctic_vegetation/20230724_sedge_mosstundra16_m3m/SEDG/tile_14562.png,9
arctic_vegetation/20230724_sedge_mosstundra16_m3m/SEDG/tile_14563.png,9
arctic_vegetation/20230724_sedge_mosstundra16_m3m/SEDG/tile_14564.png,9
arctic_vegetation/20230724_sedge_mosstundra16_m3m/SEDG/tile_14565.png,9
arctic_vegetation/20230724_sedge_mosstundra16_m3m/SEDG/tile_14566.png,9
arctic_vegetation/20230724_sedge_mosstundra16_m3m/MOSS/tile_14567.png,5
arctic_vegetation/20230724_sedge_mosstundra16_m3m/MOSS/tile_14568.png,5
arctic_vegetation/20230724_sedge_mosstundra16_m3m/MOSS/tile_14570.png,5
arctic_vegetation/20230724_sedge_mosstundra16_m3m/MOSS/tile_14571.png,5
arctic_vegetation/20230724_sedge_mosstundra16_m3m/MOSS/tile_14572.png,5
arctic_vegetation/20230724_sedge_mosstundra16_m3m/MOSS/tile_14573.png,5
arctic_vegetation/20230724_sedge_mosstundra16_m3m/MOSS/tile_14574.png,5
arctic_vegetation/20230724_sedge_mosstundra16_m3m/MOSS/tile_14575.png,5
arctic_vegetation/20230724_sedge_mosstundra16_m3m/SEDG/tile_14577.png,9
arctic_vegetation/20230724_sedge_mosstundra16_m3m/SEDG/tile_14578.png,9
arctic_vegetation/20230724_sedge_mosstundra16_m3m/SEDG/tile_14579.png,9
arctic_vegetation/20230724_sedge_mosstundra16_m3m/SEDG/tile_14580.png,9
arctic_vegetation/20230724_sedge_mosstundra16_m3m/SEDG/tile_14581.png,9
arctic_vegetation/20230724_sedge_mosstundra16_m3m/MOSS/tile_14582.png,5
arctic_vegetation/20230724_sedge_mosstundra16_m3m/TUSS/tile_14583.png,10
arctic_vegetation/20230724_sedge_mosstundra16_m3m/TUSS/tile_14584.png,10
arctic_vegetation/20230724_sedge_mosstundra16_m3m/TUSS/tile_14585.png,10
arctic_vegetation/20230724_sedge_mosstundra16_m3m/TUSS/tile_14586.png,10
arctic_vegetation/20230724_sedge_mosstundra16_m3m/LICH/tile_14602.png,4
arctic_vegetation/20230724_sedge_mosstundra16_m3m/PETF/tile_14603.png,6
arctic_vegetation/20230724_sedge_mosstundra16_m3m/PETF/tile_14604.png,6
arctic_vegetation/20230724_sedge_mosstundra16_m3m/PETF/tile_14605.png,6
arctic_vegetation/20230724_sedge_mosstundra16_m3m/MOSS/tile_14606.png,5
arctic_vegetation/20230724_sedge_mosstundra16_m3m/SEDG/tile_14607.png,9
arctic_vegetation/20230724_sedge_mosstundra16_m3m/SEDG/tile_14608.png,9
arctic_vegetation/20230724_sedge_mosstundra16_m3m/PETF/tile_14609.png,6
arctic_vegetation/20230724_sedge_mosstundra16_m3m/PETF/tile_14610.png,6
arctic_vegetation/20230724_sedge_mosstundra16_m3m/LICH/tile_14611.png,4
arctic_vegetation/20230724_sedge_mosstundra16_m3m/LICH/tile_14612.png,4
arctic_vegetation/20230724_sedge_mosstundra16_m3m/PETF/tile_14614.png,6
arctic_vegetation/20230724_sedge_mosstundra16_m3m/PETF/tile_14615.png,6
arctic_vegetation/20230724_sedge_mosstundra16_m3m/MOSS/tile_14757.png,5
arctic_vegetation/20230724_sedge_mosstundra16_m3m/MOSS/tile_14758.png,5
arctic_vegetation/20230724_sedge_mosstundra16_m3m/MOSS/tile_14759.png,5
arctic_vegetation/20230724_sedge_mosstundra16_m3m/TUSS/tile_14760.png,10
arctic_vegetation/20230724_sedge_mosstundra16_m3m/TUSS/tile_14761.png,10
arctic_vegetation/20230724_sedge_mosstundra16_m3m/TUSS/tile_14762.png,10
arctic_vegetation/20230724_sedge_mosstundra16_m3m/SEDG/tile_14765.png,9
arctic_vegetation/20230724_sedge_mosstundra16_m3m/SEDG/tile_14766.png,9
arctic_vegetation/20230724_sedge_mosstundra16_m3m/SEDG/tile_14767.png,9
arctic_vegetation/20230724_sedge_mosstundra16_m3m/MOSS/tile_14770.png,5
arctic_vegetation/20230724_sedge_mosstundra16_m3m/MOSS/tile_14771.png,5
arctic_vegetation/20230724_sedge_mosstundra16_m3m/MOSS/tile_14773.png,5
arctic_vegetation/20230724_sedge_mosstundra16_m3m/MOSS/tile_14774.png,5
arctic_vegetation/20230724_sedge_mosstundra16_m3m/MOSS/tile_14775.png,5
arctic_vegetation/20230724_sedge_mosstundra16_m3m/MOSS/tile_14776.png,5
arctic_vegetation/20230724_sedge_mosstundra16_m3m/MOSS/tile_14777.png,5
arctic_vegetation/20230724_sedge_mosstundra16_m3m/MOSS/tile_14778.png,5
arctic_vegetation/20230724_sedge_mosstundra16_m3m/SEDG/tile_14780.png,9
arctic_vegetation/20230724_sedge_mosstundra16_m3m/SEDG/tile_14781.png,9
arctic_vegetation/20230724_sedge_mosstundra16_m3m/SEDG/tile_14782.png,9
arctic_vegetation/20230724_sedge_mosstundra16_m3m/SEDG/tile_14783.png,9
arctic_vegetation/20230724_sedge_mosstundra16_m3m/SEDG/tile_14784.png,9
arctic_vegetation/20230724_sedge_mosstundra16_m3m/SEDG/tile_14785.png,9
arctic_vegetation/20230724_sedge_mosstundra16_m3m/SEDG/tile_14786.png,9
arctic_vegetation/20230724_sedge_mosstundra16_m3m/BIRC/tile_14787.png,2
arctic_vegetation/20230724_sedge_mosstundra16_m3m/BIRC/tile_14788.png,2
arctic_vegetation/20230724_sedge_mosstundra16_m3m/SEDG/tile_14789.png,9
arctic_vegetation/20230724_sedge_mosstundra16_m3m/LICH/tile_14805.png,4
arctic_vegetation/20230724_sedge_mosstundra16_m3m/PETF/tile_14806.png,6
arctic_vegetation/20230724_sedge_mosstundra16_m3m/PETF/tile_14807.png,6
arctic_vegetation/20230724_sedge_mosstundra16_m3m/PETF/tile_14808.png,6
arctic_vegetation/20230724_sedge_mosstundra16_m3m/MOSS/tile_14809.png,5
arctic_vegetation/20230724_sedge_mosstundra16_m3m/SEDG/tile_14810.png,9
arctic_vegetation/20230724_sedge_mosstundra16_m3m/SEDG/tile_14811.png,9
arctic_vegetation/20230724_sedge_mosstundra16_m3m/SEDG/tile_14812.png,9
arctic_vegetation/20230724_sedge_mosstundra16_m3m/SEDG/tile_14813.png,9
arctic_vegetation/20230724_sedge_mosstundra16_m3m/LICH/tile_14814.png,4
arctic_vegetation/20230724_sedge_mosstundra16_m3m/LICH/tile_14815.png,4
arctic_vegetation/20230724_sedge_mosstundra16_m3m/MOSS/tile_14816.png,5
arctic_vegetation/20230724_sedge_mosstundra16_m3m/TUSS/tile_14961.png,10
arctic_vegetation/20230724_sedge_mosstundra16_m3m/TUSS/tile_14962.png,10
arctic_vegetation/20230724_sedge_mosstundra16_m3m/TUSS/tile_14963.png,10
arctic_vegetation/20230724_sedge_mosstundra16_m3m/TUSS/tile_14964.png,10
arctic_vegetation/20230724_sedge_mosstundra16_m3m/TUSS/tile_14965.png,10
arctic_vegetation/20230724_sedge_mosstundra16_m3m/SEDG/tile_14968.png,9
arctic_vegetation/20230724_sedge_mosstundra16_m3m/SEDG/tile_14969.png,9
arctic_vegetation/20230724_sedge_mosstundra16_m3m/SEDG/tile_14970.png,9
arctic_vegetation/20230724_sedge_mosstundra16_m3m/MOSS/tile_14973.png,5
arctic_vegetation/20230724_sedge_mosstundra16_m3m/MOSS/tile_14974.png,5
arctic_vegetation/20230724_sedge_mosstundra16_m3m/MOSS/tile_14985.png,5
arctic_vegetation/20230724_sedge_mosstundra16_m3m/SEDG/tile_14986.png,9
arctic_vegetation/20230724_sedge_mosstundra16_m3m/SEDG/tile_14987.png,9
arctic_vegetation/20230724_sedge_mosstundra16_m3m/SEDG/tile_14988.png,9
arctic_vegetation/20230724_sedge_mosstundra16_m3m/SEDG/tile_14989.png,9
arctic_vegetation/20230724_sedge_mosstundra16_m3m/BIRC/tile_14990.png,2
arctic_vegetation/20230724_sedge_mosstundra16_m3m/BIRC/tile_14991.png,2
arctic_vegetation/20230724_sedge_mosstundra16_m3m/SEDG/tile_14992.png,9
arctic_vegetation/20230724_sedge_mosstundra16_m3m/LICH/tile_15008.png,4
arctic_vegetation/20230724_sedge_mosstundra16_m3m/LICH/tile_15009.png,4
arctic_vegetation/20230724_sedge_mosstundra16_m3m/LICH/tile_15010.png,4
arctic_vegetation/20230724_sedge_mosstundra16_m3m/SEDG/tile_15011.png,9
arctic_vegetation/20230724_sedge_mosstundra16_m3m/MOSS/tile_15013.png,5
arctic_vegetation/20230724_sedge_mosstundra16_m3m/SEDG/tile_15014.png,9
arctic_vegetation/20230724_sedge_mosstundra16_m3m/SEDG/tile_15015.png,9
arctic_vegetation/20230724_sedge_mosstundra16_m3m/LICH/tile_15016.png,4
arctic_vegetation/20230724_sedge_mosstundra16_m3m/LICH/tile_15017.png,4
arctic_vegetation/20230724_sedge_mosstundra16_m3m/LICH/tile_15018.png,4
arctic_vegetation/20230724_sedge_mosstundra16_m3m/MOSS/tile_15019.png,5
arctic_vegetation/20230724_sedge_mosstundra16_m3m/TUSS/tile_15166.png,10
arctic_vegetation/20230724_sedge_mosstundra16_m3m/TUSS/tile_15167.png,10
arctic_vegetation/20230724_sedge_mosstundra16_m3m/TUSS/tile_15168.png,10
arctic_vegetation/20230724_sedge_mosstundra16_m3m/SEDG/tile_15190.png,9
arctic_vegetation/20230724_sedge_mosstundra16_m3m/SEDG/tile_15191.png,9
arctic_vegetation/20230724_sedge_mosstundra16_m3m/SEDG/tile_15192.png,9
arctic_vegetation/20230724_sedge_mosstundra16_m3m/BIRC/tile_15193.png,2
arctic_vegetation/20230724_sedge_mosstundra16_m3m/BIRC/tile_15194.png,2
arctic_vegetation/20230724_sedge_mosstundra16_m3m/SEDG/tile_15195.png,9
arctic_vegetation/20230724_sedge_mosstundra16_m3m/LICH/tile_15217.png,4
arctic_vegetation/20230724_sedge_mosstundra16_m3m/LICH/tile_15218.png,4
arctic_vegetation/20230724_sedge_mosstundra16_m3m/MOSS/tile_15220.png,5
arctic_vegetation/20230724_sedge_mosstundra16_m3m/MOSS/tile_15221.png,5
arctic_vegetation/20230724_sedge_mosstundra16_m3m/MOSS/tile_15222.png,5
arctic_vegetation/20230724_sedge_mosstundra16_m3m/BIRC/tile_15379.png,2
arctic_vegetation/20230724_sedge_mosstundra16_m3m/BIRC/tile_15380.png,2
arctic_vegetation/20230724_sedge_mosstundra16_m3m/MOSS/tile_15384.png,5
arctic_vegetation/20230724_sedge_mosstundra16_m3m/MOSS/tile_15385.png,5
arctic_vegetation/20230724_sedge_mosstundra16_m3m/BIRC/tile_15393.png,2
arctic_vegetation/20230724_sedge_mosstundra16_m3m/BIRC/tile_15394.png,2
arctic_vegetation/20230724_sedge_mosstundra16_m3m/BIRC/tile_15395.png,2
arctic_vegetation/20230724_sedge_mosstundra16_m3m/BIRC/tile_15396.png,2
arctic_vegetation/20230724_sedge_mosstundra16_m3m/SEDG/tile_15397.png,9
arctic_vegetation/20230724_sedge_mosstundra16_m3m/SEDG/tile_15398.png,9
arctic_vegetation/20230724_sedge_mosstundra16_m3m/LICH/tile_15420.png,4
arctic_vegetation/20230724_sedge_mosstundra16_m3m/LICH/tile_15421.png,4
arctic_vegetation/20230724_sedge_mosstundra16_m3m/MOSS/tile_15581.png,5
arctic_vegetation/20230724_sedge_mosstundra16_m3m/MOSS/tile_15582.png,5
arctic_vegetation/20230724_sedge_mosstundra16_m3m/MOSS/tile_15583.png,5
arctic_vegetation/20230724_sedge_mosstundra16_m3m/BIRC/tile_15584.png,2
arctic_vegetation/20230724_sedge_mosstundra16_m3m/BIRC/tile_15585.png,2
arctic_vegetation/20230724_sedge_mosstundra16_m3m/BIRC/tile_15586.png,2
arctic_vegetation/20230724_sedge_mosstundra16_m3m/MOSS/tile_15587.png,5
arctic_vegetation/20230724_sedge_mosstundra16_m3m/MOSS/tile_15588.png,5
arctic_vegetation/20230724_sedge_mosstundra16_m3m/MOSS/tile_15773.png,5
arctic_vegetation/20230724_sedge_mosstundra16_m3m/MOSS/tile_15774.png,5
arctic_vegetation/20230724_sedge_mosstundra16_m3m/MOSS/tile_15775.png,5
arctic_vegetation/20230724_sedge_mosstundra16_m3m/MOSS/tile_15777.png,5
arctic_vegetation/20230724_sedge_mosstundra16_m3m/MOSS/tile_15778.png,5
arctic_vegetation/20230724_sedge_mosstundra16_m3m/MOSS/tile_15779.png,5
arctic_vegetation/20230724_sedge_mosstundra16_m3m/MOSS/tile_15780.png,5
arctic_vegetation/20230724_sedge_mosstundra16_m3m/MOSS/tile_15784.png,5
arctic_vegetation/20230724_sedge_mosstundra16_m3m/MOSS/tile_15785.png,5
arctic_vegetation/20230724_sedge_mosstundra16_m3m/MOSS/tile_15786.png,5
arctic_vegetation/20230724_sedge_mosstundra16_m3m/BIRC/tile_15787.png,2
arctic_vegetation/20230724_sedge_mosstundra16_m3m/BIRC/tile_15788.png,2
arctic_vegetation/20230724_sedge_mosstundra16_m3m/BIRC/tile_15789.png,2
arctic_vegetation/20230724_sedge_mosstundra16_m3m/MOSS/tile_15790.png,5
arctic_vegetation/20230724_sedge_mosstundra16_m3m/MOSS/tile_15791.png,5
arctic_vegetation/20230724_sedge_mosstundra16_m3m/BIRC/tile_15974.png,2
arctic_vegetation/20230724_sedge_mosstundra16_m3m/MOSS/tile_15975.png,5
arctic_vegetation/20230724_sedge_mosstundra16_m3m/MOSS/tile_15976.png,5
arctic_vegetation/20230724_sedge_mosstundra16_m3m/MOSS/tile_15977.png,5
arctic_vegetation/20230724_sedge_mosstundra16_m3m/MOSS/tile_15978.png,5
arctic_vegetation/20230724_sedge_mosstundra16_m3m/MOSS/tile_15979.png,5
arctic_vegetation/20230724_sedge_mosstundra16_m3m/MOSS/tile_15980.png,5
arctic_vegetation/20230724_sedge_mosstundra16_m3m/MOSS/tile_15981.png,5
arctic_vegetation/20230724_sedge_mosstundra16_m3m/MOSS/tile_15982.png,5
arctic_vegetation/20230724_sedge_mosstundra16_m3m/MOSS/tile_15983.png,5
arctic_vegetation/20230724_sedge_mosstundra16_m3m/MOSS/tile_15988.png,5
arctic_vegetation/20230724_sedge_mosstundra16_m3m/MOSS/tile_15989.png,5
arctic_vegetation/20230724_sedge_mosstundra16_m3m/BIRC/tile_15990.png,2
arctic_vegetation/20230724_sedge_mosstundra16_m3m/BIRC/tile_15991.png,2
arctic_vegetation/20230724_sedge_mosstundra16_m3m/BIRC/tile_15992.png,2
arctic_vegetation/20230724_sedge_mosstundra16_m3m/BIRC/tile_15993.png,2
arctic_vegetation/20230724_sedge_mosstundra16_m3m/BIRC/tile_15994.png,2
arctic_vegetation/20230724_sedge_mosstundra16_m3m/BIRC/tile_16177.png,2
arctic_vegetation/20230724_sedge_mosstundra16_m3m/MOSS/tile_16178.png,5
arctic_vegetation/20230724_sedge_mosstundra16_m3m/MOSS/tile_16179.png,5
arctic_vegetation/20230724_sedge_mosstundra16_m3m/MOSS/tile_16180.png,5
arctic_vegetation/20230724_sedge_mosstundra16_m3m/BIRC/tile_16181.png,2
arctic_vegetation/20230724_sedge_mosstundra16_m3m/MOSS/tile_16182.png,5
arctic_vegetation/20230724_sedge_mosstundra16_m3m/MOSS/tile_16183.png,5
arctic_vegetation/20230724_sedge_mosstundra16_m3m/MOSS/tile_16184.png,5
arctic_vegetation/20230724_sedge_mosstundra16_m3m/MOSS/tile_16185.png,5
arctic_vegetation/20230724_sedge_mosstundra16_m3m/MOSS/tile_16191.png,5
arctic_vegetation/20230724_sedge_mosstundra16_m3m/MOSS/tile_16192.png,5
arctic_vegetation/20230724_sedge_mosstundra16_m3m/BIRC/tile_16193.png,2
arctic_vegetation/20230724_sedge_mosstundra16_m3m/BIRC/tile_16194.png,2
arctic_vegetation/20230724_sedge_mosstundra16_m3m/BIRC/tile_16195.png,2
arctic_vegetation/20230724_sedge_mosstundra16_m3m/BIRC/tile_16196.png,2
arctic_vegetation/20230724_sedge_mosstundra16_m3m/BIRC/tile_16197.png,2
arctic_vegetation/20230724_sedge_mosstundra16_m3m/MOSS/tile_16378.png,5
arctic_vegetation/20230724_sedge_mosstundra16_m3m/MOSS/tile_16379.png,5
arctic_vegetation/20230724_sedge_mosstundra16_m3m/MOSS/tile_16380.png,5
arctic_vegetation/20230724_sedge_mosstundra16_m3m/MOSS/tile_16381.png,5
arctic_vegetation/20230724_sedge_mosstundra16_m3m/MOSS/tile_16382.png,5
arctic_vegetation/20230724_sedge_mosstundra16_m3m/BIRC/tile_16383.png,2
arctic_vegetation/20230724_sedge_mosstundra16_m3m/BIRC/tile_16384.png,2
arctic_vegetation/20230724_sedge_mosstundra16_m3m/MOSS/tile_16385.png,5
arctic_vegetation/20230724_sedge_mosstundra16_m3m/MOSS/tile_16386.png,5
arctic_vegetation/20230724_sedge_mosstundra16_m3m/MOSS/tile_16387.png,5
arctic_vegetation/20230724_sedge_mosstundra16_m3m/MOSS/tile_16388.png,5
arctic_vegetation/20230724_sedge_mosstundra16_m3m/BIRC/tile_16395.png,2
arctic_vegetation/20230724_sedge_mosstundra16_m3m/BIRC/tile_16396.png,2
arctic_vegetation/20230724_sedge_mosstundra16_m3m/BIRC/tile_16397.png,2
arctic_vegetation/20230724_sedge_mosstundra16_m3m/BIRC/tile_16398.png,2
arctic_vegetation/20230724_sedge_mosstundra16_m3m/BIRC/tile_16399.png,2
arctic_vegetation/20230724_sedge_mosstundra16_m3m/BIRC/tile_16400.png,2
arctic_vegetation/20230724_sedge_mosstundra16_m3m/MOSS/tile_16581.png,5
arctic_vegetation/20230724_sedge_mosstundra16_m3m/MOSS/tile_16582.png,5
arctic_vegetation/20230724_sedge_mosstundra16_m3m/MOSS/tile_16583.png,5
arctic_vegetation/20230724_sedge_mosstundra16_m3m/MOSS/tile_16584.png,5
arctic_vegetation/20230724_sedge_mosstundra16_m3m/MOSS/tile_16585.png,5
arctic_vegetation/20230724_sedge_mosstundra16_m3m/BIRC/tile_16586.png,2
arctic_vegetation/20230724_sedge_mosstundra16_m3m/BIRC/tile_16587.png,2
arctic_vegetation/20230724_sedge_mosstundra16_m3m/BIRC/tile_16598.png,2
arctic_vegetation/20230724_sedge_mosstundra16_m3m/BIRC/tile_16599.png,2
arctic_vegetation/20230724_sedge_mosstundra16_m3m/BIRC/tile_16600.png,2
arctic_vegetation/20230724_sedge_mosstundra16_m3m/BIRC/tile_16601.png,2
arctic_vegetation/20230724_sedge_mosstundra16_m3m/BIRC/tile_16602.png,2
arctic_vegetation/20230724_sedge_mosstundra16_m3m/BIRC/tile_16603.png,2
arctic_vegetation/20230724_sedge_mosstundra16_m3m/MOSS/tile_16786.png,5
arctic_vegetation/20230724_sedge_mosstundra16_m3m/MOSS/tile_16787.png,5
arctic_vegetation/20230724_sedge_mosstundra16_m3m/MOSS/tile_16788.png,5
arctic_vegetation/20230724_sedge_mosstundra16_m3m/BIRC/tile_16789.png,2
arctic_vegetation/20230724_sedge_mosstundra16_m3m/BIRC/tile_16790.png,2
arctic_vegetation/20230724_sedge_mosstundra16_m3m/MOSS/tile_16805.png,5
arctic_vegetation/20230724_sedge_mosstundra16_m3m/MOSS/tile_16806.png,5
arctic_vegetation/20230724_sedge_mosstundra16_m3m/WILL/tile_16988.png,11
arctic_vegetation/20230724_sedge_mosstundra16_m3m/MOSS/tile_16989.png,5
arctic_vegetation/20230724_sedge_mosstundra16_m3m/MOSS/tile_16990.png,5
arctic_vegetation/20230724_sedge_mosstundra16_m3m/MOSS/tile_16991.png,5
arctic_vegetation/20230724_sedge_mosstundra16_m3m/BIRC/tile_16992.png,2
arctic_vegetation/20230724_sedge_mosstundra16_m3m/BIRC/tile_16993.png,2
arctic_vegetation/20230724_sedge_mosstundra16_m3m/MOSS/tile_16994.png,5
arctic_vegetation/20230724_sedge_mosstundra16_m3m/TUSS/tile_17070.png,10
arctic_vegetation/20230724_sedge_mosstundra16_m3m/TUSS/tile_17071.png,10
arctic_vegetation/20230724_sedge_mosstundra16_m3m/WILL/tile_17188.png,11
arctic_vegetation/20230724_sedge_mosstundra16_m3m/WILL/tile_17189.png,11
arctic_vegetation/20230724_sedge_mosstundra16_m3m/WILL/tile_17190.png,11
arctic_vegetation/20230724_sedge_mosstundra16_m3m/MOSS/tile_17191.png,5
arctic_vegetation/20230724_sedge_mosstundra16_m3m/MOSS/tile_17192.png,5
arctic_vegetation/20230724_sedge_mosstundra16_m3m/MOSS/tile_17193.png,5
arctic_vegetation/20230724_sedge_mosstundra16_m3m/WILL/tile_17194.png,11
arctic_vegetation/20230724_sedge_mosstundra16_m3m/WILL/tile_17195.png,11
arctic_vegetation/20230724_sedge_mosstundra16_m3m/MOSS/tile_17196.png,5
arctic_vegetation/20230724_sedge_mosstundra16_m3m/MOSS/tile_17197.png,5
arctic_vegetation/20230724_sedge_mosstundra16_m3m/MOSS/tile_17200.png,5
arctic_vegetation/20230724_sedge_mosstundra16_m3m/MOSS/tile_17201.png,5
arctic_vegetation/20230724_sedge_mosstundra16_m3m/MOSS/tile_17202.png,5
arctic_vegetation/20230724_sedge_mosstundra16_m3m/TUSS/tile_17272.png,10
arctic_vegetation/20230724_sedge_mosstundra16_m3m/TUSS/tile_17273.png,10
arctic_vegetation/20230724_sedge_mosstundra16_m3m/TUSS/tile_17274.png,10
arctic_vegetation/20230724_sedge_mosstundra16_m3m/TUSS/tile_17275.png,10
arctic_vegetation/20230724_sedge_mosstundra16_m3m/TUSS/tile_17276.png,10
arctic_vegetation/20230724_sedge_mosstundra16_m3m/TUSS/tile_17277.png,10
arctic_vegetation/20230724_sedge_mosstundra16_m3m/TUSS/tile_17278.png,10
arctic_vegetation/20230724_sedge_mosstundra16_m3m/TUSS/tile_17279.png,10
arctic_vegetation/20230724_sedge_mosstundra16_m3m/WILL/tile_17391.png,11
arctic_vegetation/20230724_sedge_mosstundra16_m3m/WILL/tile_17392.png,11
arctic_vegetation/20230724_sedge_mosstundra16_m3m/MOSS/tile_17393.png,5
arctic_vegetation/20230724_sedge_mosstundra16_m3m/MOSS/tile_17394.png,5
arctic_vegetation/20230724_sedge_mosstundra16_m3m/MOSS/tile_17395.png,5
arctic_vegetation/20230724_sedge_mosstundra16_m3m/MOSS/tile_17396.png,5
arctic_vegetation/20230724_sedge_mosstundra16_m3m/WILL/tile_17397.png,11
arctic_vegetation/20230724_sedge_mosstundra16_m3m/WILL/tile_17398.png,11
arctic_vegetation/20230724_sedge_mosstundra16_m3m/MOSS/tile_17399.png,5
arctic_vegetation/20230724_sedge_mosstundra16_m3m/MOSS/tile_17400.png,5
arctic_vegetation/20230724_sedge_mosstundra16_m3m/MOSS/tile_17403.png,5
arctic_vegetation/20230724_sedge_mosstundra16_m3m/MOSS/tile_17404.png,5
arctic_vegetation/20230724_sedge_mosstundra16_m3m/MOSS/tile_17405.png,5
arctic_vegetation/20230724_sedge_mosstundra16_m3m/TUSS/tile_17475.png,10
arctic_vegetation/20230724_sedge_mosstundra16_m3m/TUSS/tile_17476.png,10
arctic_vegetation/20230724_sedge_mosstundra16_m3m/TUSS/tile_17477.png,10
arctic_vegetation/20230724_sedge_mosstundra16_m3m/TUSS/tile_17478.png,10
arctic_vegetation/20230724_sedge_mosstundra16_m3m/TUSS/tile_17479.png,10
arctic_vegetation/20230724_sedge_mosstundra16_m3m/TUSS/tile_17480.png,10
arctic_vegetation/20230724_sedge_mosstundra16_m3m/TUSS/tile_17481.png,10
arctic_vegetation/20230724_sedge_mosstundra16_m3m/TUSS/tile_17482.png,10
arctic_vegetation/20230724_sedge_mosstundra16_m3m/WILL/tile_17594.png,11
arctic_vegetation/20230724_sedge_mosstundra16_m3m/MOSS/tile_17595.png,5
arctic_vegetation/20230724_sedge_mosstundra16_m3m/MOSS/tile_17596.png,5
arctic_vegetation/20230724_sedge_mosstundra16_m3m/MOSS/tile_17597.png,5
arctic_vegetation/20230724_sedge_mosstundra16_m3m/MOSS/tile_17598.png,5
arctic_vegetation/20230724_sedge_mosstundra16_m3m/MOSS/tile_17599.png,5
arctic_vegetation/20230724_sedge_mosstundra16_m3m/WILL/tile_17600.png,11
arctic_vegetation/20230724_sedge_mosstundra16_m3m/WILL/tile_17601.png,11
arctic_vegetation/20230724_sedge_mosstundra16_m3m/MOSS/tile_17602.png,5
arctic_vegetation/20230724_sedge_mosstundra16_m3m/MOSS/tile_17603.png,5
arctic_vegetation/20230724_sedge_mosstundra16_m3m/MOSS/tile_17606.png,5
arctic_vegetation/20230724_sedge_mosstundra16_m3m/MOSS/tile_17607.png,5
arctic_vegetation/20230724_sedge_mosstundra16_m3m/MOSS/tile_17608.png,5
arctic_vegetation/20230724_sedge_mosstundra16_m3m/TUSS/tile_17678.png,10
arctic_vegetation/20230724_sedge_mosstundra16_m3m/TUSS/tile_17679.png,10
arctic_vegetation/20230724_sedge_mosstundra16_m3m/TUSS/tile_17680.png,10
arctic_vegetation/20230724_sedge_mosstundra16_m3m/TUSS/tile_17682.png,10
arctic_vegetation/20230724_sedge_mosstundra16_m3m/TUSS/tile_17683.png,10
arctic_vegetation/20230724_sedge_mosstundra16_m3m/TUSS/tile_17684.png,10
arctic_vegetation/20230724_sedge_mosstundra16_m3m/TUSS/tile_17685.png,10
arctic_vegetation/20230724_sedge_mosstundra16_m3m/WILL/tile_17797.png,11
arctic_vegetation/20230724_sedge_mosstundra16_m3m/MOSS/tile_17798.png,5
arctic_vegetation/20230724_sedge_mosstundra16_m3m/MOSS/tile_17799.png,5
arctic_vegetation/20230724_sedge_mosstundra16_m3m/MOSS/tile_17800.png,5
arctic_vegetation/20230724_sedge_mosstundra16_m3m/WILL/tile_17801.png,11
arctic_vegetation/20230724_sedge_mosstundra16_m3m/WILL/tile_17802.png,11
arctic_vegetation/20230724_sedge_mosstundra16_m3m/BIRC/tile_17803.png,2
arctic_vegetation/20230724_sedge_mosstundra16_m3m/MOSS/tile_17804.png,5
arctic_vegetation/20230724_sedge_mosstundra16_m3m/MOSS/tile_17805.png,5
arctic_vegetation/20230724_sedge_mosstundra16_m3m/RUBC/tile_17806.png,8
arctic_vegetation/20230724_sedge_mosstundra16_m3m/RUBC/tile_17807.png,8
arctic_vegetation/20230724_sedge_mosstundra16_m3m/MOSS/tile_17814.png,5
arctic_vegetation/20230724_sedge_mosstundra16_m3m/MOSS/tile_17815.png,5
arctic_vegetation/20230724_sedge_mosstundra16_m3m/MOSS/tile_17816.png,5
arctic_vegetation/20230724_sedge_mosstundra16_m3m/MOSS/tile_17817.png,5
arctic_vegetation/20230724_sedge_mosstundra16_m3m/MOSS/tile_17818.png,5
arctic_vegetation/20230724_sedge_mosstundra16_m3m/MOSS/tile_17819.png,5
arctic_vegetation/20230724_sedge_mosstundra16_m3m/TUSS/tile_17885.png,10
arctic_vegetation/20230724_sedge_mosstundra16_m3m/TUSS/tile_17886.png,10
arctic_vegetation/20230724_sedge_mosstundra16_m3m/TUSS/tile_17887.png,10
arctic_vegetation/20230724_sedge_mosstundra16_m3m/TUSS/tile_17892.png,10
arctic_vegetation/20230724_sedge_mosstundra16_m3m/TUSS/tile_17893.png,10
arctic_vegetation/20230724_sedge_mosstundra16_m3m/TUSS/tile_17894.png,10
arctic_vegetation/20230724_sedge_mosstundra16_m3m/WILL/tile_18000.png,11
arctic_vegetation/20230724_sedge_mosstundra16_m3m/WILL/tile_18001.png,11
arctic_vegetation/20230724_sedge_mosstundra16_m3m/WILL/tile_18002.png,11
arctic_vegetation/20230724_sedge_mosstundra16_m3m/WILL/tile_18003.png,11
arctic_vegetation/20230724_sedge_mosstundra16_m3m/WILL/tile_18004.png,11
arctic_vegetation/20230724_sedge_mosstundra16_m3m/WILL/tile_18005.png,11
arctic_vegetation/20230724_sedge_mosstundra16_m3m/MOSS/tile_18006.png,5
arctic_vegetation/20230724_sedge_mosstundra16_m3m/MOSS/tile_18007.png,5
arctic_vegetation/20230724_sedge_mosstundra16_m3m/MOSS/tile_18008.png,5
arctic_vegetation/20230724_sedge_mosstundra16_m3m/MOSS/tile_18009.png,5
arctic_vegetation/20230724_sedge_mosstundra16_m3m/MOSS/tile_18010.png,5
arctic_vegetation/20230724_sedge_mosstundra16_m3m/MOSS/tile_18013.png,5
arctic_vegetation/20230724_sedge_mosstundra16_m3m/MOSS/tile_18014.png,5
arctic_vegetation/20230724_sedge_mosstundra16_m3m/MOSS/tile_18015.png,5
arctic_vegetation/20230724_sedge_mosstundra16_m3m/MOSS/tile_18016.png,5
arctic_vegetation/20230724_sedge_mosstundra16_m3m/MOSS/tile_18017.png,5
arctic_vegetation/20230724_sedge_mosstundra16_m3m/MOSS/tile_18018.png,5
arctic_vegetation/20230724_sedge_mosstundra16_m3m/MOSS/tile_18019.png,5
arctic_vegetation/20230724_sedge_mosstundra16_m3m/MOSS/tile_18020.png,5
arctic_vegetation/20230724_sedge_mosstundra16_m3m/MOSS/tile_18021.png,5
arctic_vegetation/20230724_sedge_mosstundra16_m3m/MOSS/tile_18022.png,5
arctic_vegetation/20230724_sedge_mosstundra16_m3m/TUSS/tile_18088.png,10
arctic_vegetation/20230724_sedge_mosstundra16_m3m/TUSS/tile_18089.png,10
arctic_vegetation/20230724_sedge_mosstundra16_m3m/TUSS/tile_18090.png,10
arctic_vegetation/20230724_sedge_mosstundra16_m3m/TUSS/tile_18095.png,10
arctic_vegetation/20230724_sedge_mosstundra16_m3m/TUSS/tile_18096.png,10
arctic_vegetation/20230724_sedge_mosstundra16_m3m/TUSS/tile_18097.png,10
arctic_vegetation/20230724_sedge_mosstundra16_m3m/TUSS/tile_18098.png,10
arctic_vegetation/20230724_sedge_mosstundra16_m3m/TUSS/tile_18099.png,10
arctic_vegetation/20230724_sedge_mosstundra16_m3m/WILL/tile_18203.png,11
arctic_vegetation/20230724_sedge_mosstundra16_m3m/WILL/tile_18204.png,11
arctic_vegetation/20230724_sedge_mosstundra16_m3m/WILL/tile_18205.png,11
arctic_vegetation/20230724_sedge_mosstundra16_m3m/MOSS/tile_18206.png,5
arctic_vegetation/20230724_sedge_mosstundra16_m3m/MOSS/tile_18207.png,5
arctic_vegetation/20230724_sedge_mosstundra16_m3m/MOSS/tile_18208.png,5
arctic_vegetation/20230724_sedge_mosstundra16_m3m/MOSS/tile_18209.png,5
arctic_vegetation/20230724_sedge_mosstundra16_m3m/MOSS/tile_18210.png,5
arctic_vegetation/20230724_sedge_mosstundra16_m3m/MOSS/tile_18211.png,5
arctic_vegetation/20230724_sedge_mosstundra16_m3m/BIRC/tile_18212.png,2
arctic_vegetation/20230724_sedge_mosstundra16_m3m/MOSS/tile_18213.png,5
arctic_vegetation/20230724_sedge_mosstundra16_m3m/RUBC/tile_18214.png,8
arctic_vegetation/20230724_sedge_mosstundra16_m3m/MOSS/tile_18216.png,5
arctic_vegetation/20230724_sedge_mosstundra16_m3m/MOSS/tile_18217.png,5
arctic_vegetation/20230724_sedge_mosstundra16_m3m/MOSS/tile_18218.png,5
arctic_vegetation/20230724_sedge_mosstundra16_m3m/MOSS/tile_18219.png,5
arctic_vegetation/20230724_sedge_mosstundra16_m3m/MOSS/tile_18220.png,5
arctic_vegetation/20230724_sedge_mosstundra16_m3m/MOSS/tile_18221.png,5
arctic_vegetation/20230724_sedge_mosstundra16_m3m/MOSS/tile_18222.png,5
arctic_vegetation/20230724_sedge_mosstundra16_m3m/BIRC/tile_18223.png,2
arctic_vegetation/20230724_sedge_mosstundra16_m3m/BIRC/tile_18224.png,2
arctic_vegetation/20230724_sedge_mosstundra16_m3m/MOSS/tile_18268.png,5
arctic_vegetation/20230724_sedge_mosstundra16_m3m/MOSS/tile_18269.png,5
arctic_vegetation/20230724_sedge_mosstundra16_m3m/MOSS/tile_18270.png,5
arctic_vegetation/20230724_sedge_mosstundra16_m3m/MOSS/tile_18271.png,5
arctic_vegetation/20230724_sedge_mosstundra16_m3m/MOSS/tile_18272.png,5
arctic_vegetation/20230724_sedge_mosstundra16_m3m/MOSS/tile_18282.png,5
arctic_vegetation/20230724_sedge_mosstundra16_m3m/MOSS/tile_18283.png,5
arctic_vegetation/20230724_sedge_mosstundra16_m3m/MOSS/tile_18284.png,5
arctic_vegetation/20230724_sedge_mosstundra16_m3m/TUSS/tile_18288.png,10
arctic_vegetation/20230724_sedge_mosstundra16_m3m/TUSS/tile_18289.png,10
arctic_vegetation/20230724_sedge_mosstundra16_m3m/TUSS/tile_18290.png,10
arctic_vegetation/20230724_sedge_mosstundra16_m3m/TUSS/tile_18291.png,10
arctic_vegetation/20230724_sedge_mosstundra16_m3m/TUSS/tile_18292.png,10
arctic_vegetation/20230724_sedge_mosstundra16_m3m/TUSS/tile_18297.png,10
arctic_vegetation/20230724_sedge_mosstundra16_m3m/TUSS/tile_18298.png,10
arctic_vegetation/20230724_sedge_mosstundra16_m3m/TUSS/tile_18299.png,10
arctic_vegetation/20230724_sedge_mosstundra16_m3m/TUSS/tile_18300.png,10
arctic_vegetation/20230724_sedge_mosstundra16_m3m/TUSS/tile_18301.png,10
arctic_vegetation/20230724_sedge_mosstundra16_m3m/TUSS/tile_18302.png,10
arctic_vegetation/20230724_sedge_mosstundra16_m3m/MOSS/tile_18407.png,5
arctic_vegetation/20230724_sedge_mosstundra16_m3m/MOSS/tile_18408.png,5
arctic_vegetation/20230724_sedge_mosstundra16_m3m/MOSS/tile_18409.png,5
arctic_vegetation/20230724_sedge_mosstundra16_m3m/BIRC/tile_18410.png,2
arctic_vegetation/20230724_sedge_mosstundra16_m3m/BIRC/tile_18411.png,2
arctic_vegetation/20230724_sedge_mosstundra16_m3m/BIRC/tile_18412.png,2
arctic_vegetation/20230724_sedge_mosstundra16_m3m/BIRC/tile_18414.png,2
arctic_vegetation/20230724_sedge_mosstundra16_m3m/BIRC/tile_18415.png,2
arctic_vegetation/20230724_sedge_mosstundra16_m3m/BIRC/tile_18416.png,2
arctic_vegetation/20230724_sedge_mosstundra16_m3m/RUBC/tile_18417.png,8
arctic_vegetation/20230724_sedge_mosstundra16_m3m/MOSS/tile_18419.png,5
arctic_vegetation/20230724_sedge_mosstundra16_m3m/MOSS/tile_18420.png,5
arctic_vegetation/20230724_sedge_mosstundra16_m3m/MOSS/tile_18421.png,5
arctic_vegetation/20230724_sedge_mosstundra16_m3m/MOSS/tile_18422.png,5
arctic_vegetation/20230724_sedge_mosstundra16_m3m/MOSS/tile_18423.png,5
arctic_vegetation/20230724_sedge_mosstundra16_m3m/MOSS/tile_18424.png,5
arctic_vegetation/20230724_sedge_mosstundra16_m3m/BIRC/tile_18425.png,2
arctic_vegetation/20230724_sedge_mosstundra16_m3m/BIRC/tile_18426.png,2
arctic_vegetation/20230724_sedge_mosstundra16_m3m/BIRC/tile_18427.png,2
arctic_vegetation/20230724_sedge_mosstundra16_m3m/MOSS/tile_18471.png,5
arctic_vegetation/20230724_sedge_mosstundra16_m3m/MOSS/tile_18472.png,5
arctic_vegetation/20230724_sedge_mosstundra16_m3m/MOSS/tile_18473.png,5
arctic_vegetation/20230724_sedge_mosstundra16_m3m/MOSS/tile_18474.png,5
arctic_vegetation/20230724_sedge_mosstundra16_m3m/MOSS/tile_18475.png,5
arctic_vegetation/20230724_sedge_mosstundra16_m3m/MOSS/tile_18485.png,5
arctic_vegetation/20230724_sedge_mosstundra16_m3m/MOSS/tile_18486.png,5
arctic_vegetation/20230724_sedge_mosstundra16_m3m/MOSS/tile_18487.png,5
arctic_vegetation/20230724_sedge_mosstundra16_m3m/TUSS/tile_18488.png,10
arctic_vegetation/20230724_sedge_mosstundra16_m3m/TUSS/tile_18489.png,10
arctic_vegetation/20230724_sedge_mosstundra16_m3m/TUSS/tile_18491.png,10
arctic_vegetation/20230724_sedge_mosstundra16_m3m/TUSS/tile_18492.png,10
arctic_vegetation/20230724_sedge_mosstundra16_m3m/TUSS/tile_18493.png,10
arctic_vegetation/20230724_sedge_mosstundra16_m3m/TUSS/tile_18494.png,10
arctic_vegetation/20230724_sedge_mosstundra16_m3m/TUSS/tile_18495.png,10
arctic_vegetation/20230724_sedge_mosstundra16_m3m/TUSS/tile_18496.png,10
arctic_vegetation/20230724_sedge_mosstundra16_m3m/TUSS/tile_18497.png,10
arctic_vegetation/20230724_sedge_mosstundra16_m3m/TUSS/tile_18498.png,10
arctic_vegetation/20230724_sedge_mosstundra16_m3m/TUSS/tile_18500.png,10
arctic_vegetation/20230724_sedge_mosstundra16_m3m/TUSS/tile_18501.png,10
arctic_vegetation/20230724_sedge_mosstundra16_m3m/TUSS/tile_18502.png,10
arctic_vegetation/20230724_sedge_mosstundra16_m3m/TUSS/tile_18503.png,10
arctic_vegetation/20230724_sedge_mosstundra16_m3m/TUSS/tile_18504.png,10
arctic_vegetation/20230724_sedge_mosstundra16_m3m/TUSS/tile_18505.png,10
arctic_vegetation/20230724_sedge_mosstundra16_m3m/TUSS/tile_18506.png,10
arctic_vegetation/20230724_sedge_mosstundra16_m3m/TUSS/tile_18507.png,10
arctic_vegetation/20230724_sedge_mosstundra16_m3m/MOSS/tile_18610.png,5
arctic_vegetation/20230724_sedge_mosstundra16_m3m/MOSS/tile_18611.png,5
arctic_vegetation/20230724_sedge_mosstundra16_m3m/MOSS/tile_18612.png,5
arctic_vegetation/20230724_sedge_mosstundra16_m3m/MOSS/tile_18613.png,5
arctic_vegetation/20230724_sedge_mosstundra16_m3m/MOSS/tile_18614.png,5
arctic_vegetation/20230724_sedge_mosstundra16_m3m/MOSS/tile_18615.png,5
arctic_vegetation/20230724_sedge_mosstundra16_m3m/MOSS/tile_18616.png,5
arctic_vegetation/20230724_sedge_mosstundra16_m3m/BIRC/tile_18617.png,2
arctic_vegetation/20230724_sedge_mosstundra16_m3m/BIRC/tile_18618.png,2
arctic_vegetation/20230724_sedge_mosstundra16_m3m/BIRC/tile_18619.png,2
arctic_vegetation/20230724_sedge_mosstundra16_m3m/MOSS/tile_18622.png,5
arctic_vegetation/20230724_sedge_mosstundra16_m3m/MOSS/tile_18623.png,5
arctic_vegetation/20230724_sedge_mosstundra16_m3m/MOSS/tile_18624.png,5
arctic_vegetation/20230724_sedge_mosstundra16_m3m/MOSS/tile_18625.png,5
arctic_vegetation/20230724_sedge_mosstundra16_m3m/BIRC/tile_18626.png,2
arctic_vegetation/20230724_sedge_mosstundra16_m3m/BIRC/tile_18627.png,2
arctic_vegetation/20230724_sedge_mosstundra16_m3m/BIRC/tile_18628.png,2
arctic_vegetation/20230724_sedge_mosstundra16_m3m/BIRC/tile_18629.png,2
arctic_vegetation/20230724_sedge_mosstundra16_m3m/BIRC/tile_18630.png,2
arctic_vegetation/20230724_sedge_mosstundra16_m3m/MOSS/tile_18674.png,5
arctic_vegetation/20230724_sedge_mosstundra16_m3m/MOSS/tile_18675.png,5
arctic_vegetation/20230724_sedge_mosstundra16_m3m/MOSS/tile_18676.png,5
arctic_vegetation/20230724_sedge_mosstundra16_m3m/MOSS/tile_18677.png,5
arctic_vegetation/20230724_sedge_mosstundra16_m3m/MOSS/tile_18678.png,5
arctic_vegetation/20230724_sedge_mosstundra16_m3m/TUSS/tile_18679.png,10
arctic_vegetation/20230724_sedge_mosstundra16_m3m/TUSS/tile_18680.png,10
arctic_vegetation/20230724_sedge_mosstundra16_m3m/TUSS/tile_18681.png,10
arctic_vegetation/20230724_sedge_mosstundra16_m3m/TUSS/tile_18682.png,10
arctic_vegetation/20230724_sedge_mosstundra16_m3m/TUSS/tile_18683.png,10
arctic_vegetation/20230724_sedge_mosstundra16_m3m/MOSS/tile_18688.png,5
arctic_vegetation/20230724_sedge_mosstundra16_m3m/MOSS/tile_18689.png,5
arctic_vegetation/20230724_sedge_mosstundra16_m3m/MOSS/tile_18690.png,5
arctic_vegetation/20230724_sedge_mosstundra16_m3m/TUSS/tile_18691.png,10
arctic_vegetation/20230724_sedge_mosstundra16_m3m/TUSS/tile_18692.png,10
arctic_vegetation/20230724_sedge_mosstundra16_m3m/TUSS/tile_18693.png,10
arctic_vegetation/20230724_sedge_mosstundra16_m3m/TUSS/tile_18694.png,10
arctic_vegetation/20230724_sedge_mosstundra16_m3m/TUSS/tile_18695.png,10
arctic_vegetation/20230724_sedge_mosstundra16_m3m/TUSS/tile_18697.png,10
arctic_vegetation/20230724_sedge_mosstundra16_m3m/TUSS/tile_18698.png,10
arctic_vegetation/20230724_sedge_mosstundra16_m3m/TUSS/tile_18699.png,10
arctic_vegetation/20230724_sedge_mosstundra16_m3m/TUSS/tile_18700.png,10
arctic_vegetation/20230724_sedge_mosstundra16_m3m/TUSS/tile_18701.png,10
arctic_vegetation/20230724_sedge_mosstundra16_m3m/TUSS/tile_18703.png,10
arctic_vegetation/20230724_sedge_mosstundra16_m3m/TUSS/tile_18704.png,10
arctic_vegetation/20230724_sedge_mosstundra16_m3m/TUSS/tile_18705.png,10
arctic_vegetation/20230724_sedge_mosstundra16_m3m/TUSS/tile_18706.png,10
arctic_vegetation/20230724_sedge_mosstundra16_m3m/TUSS/tile_18707.png,10
arctic_vegetation/20230724_sedge_mosstundra16_m3m/TUSS/tile_18708.png,10
arctic_vegetation/20230724_sedge_mosstundra16_m3m/TUSS/tile_18709.png,10
arctic_vegetation/20230724_sedge_mosstundra16_m3m/TUSS/tile_18710.png,10
arctic_vegetation/20230724_sedge_mosstundra16_m3m/BIRC/tile_18812.png,2
arctic_vegetation/20230724_sedge_mosstundra16_m3m/BIRC/tile_18813.png,2
arctic_vegetation/20230724_sedge_mosstundra16_m3m/MOSS/tile_18814.png,5
arctic_vegetation/20230724_sedge_mosstundra16_m3m/MOSS/tile_18815.png,5
arctic_vegetation/20230724_sedge_mosstundra16_m3m/MOSS/tile_18816.png,5
arctic_vegetation/20230724_sedge_mosstundra16_m3m/MOSS/tile_18817.png,5
arctic_vegetation/20230724_sedge_mosstundra16_m3m/MOSS/tile_18818.png,5
arctic_vegetation/20230724_sedge_mosstundra16_m3m/MOSS/tile_18819.png,5
arctic_vegetation/20230724_sedge_mosstundra16_m3m/BIRC/tile_18820.png,2
arctic_vegetation/20230724_sedge_mosstundra16_m3m/BIRC/tile_18821.png,2
arctic_vegetation/20230724_sedge_mosstundra16_m3m/BIRC/tile_18822.png,2
arctic_vegetation/20230724_sedge_mosstundra16_m3m/MOSS/tile_18825.png,5
arctic_vegetation/20230724_sedge_mosstundra16_m3m/MOSS/tile_18826.png,5
arctic_vegetation/20230724_sedge_mosstundra16_m3m/BIRC/tile_18829.png,2
arctic_vegetation/20230724_sedge_mosstundra16_m3m/BIRC/tile_18830.png,2
arctic_vegetation/20230724_sedge_mosstundra16_m3m/BIRC/tile_18831.png,2
arctic_vegetation/20230724_sedge_mosstundra16_m3m/BIRC/tile_18832.png,2
arctic_vegetation/20230724_sedge_mosstundra16_m3m/BIRC/tile_18833.png,2
arctic_vegetation/20230724_sedge_mosstundra16_m3m/MOSS/tile_18877.png,5
arctic_vegetation/20230724_sedge_mosstundra16_m3m/MOSS/tile_18878.png,5
arctic_vegetation/20230724_sedge_mosstundra16_m3m/MOSS/tile_18879.png,5
arctic_vegetation/20230724_sedge_mosstundra16_m3m/MOSS/tile_18880.png,5
arctic_vegetation/20230724_sedge_mosstundra16_m3m/MOSS/tile_18881.png,5
arctic_vegetation/20230724_sedge_mosstundra16_m3m/TUSS/tile_18882.png,10
arctic_vegetation/20230724_sedge_mosstundra16_m3m/TUSS/tile_18883.png,10
arctic_vegetation/20230724_sedge_mosstundra16_m3m/TUSS/tile_18884.png,10
arctic_vegetation/20230724_sedge_mosstundra16_m3m/TUSS/tile_18885.png,10
arctic_vegetation/20230724_sedge_mosstundra16_m3m/TUSS/tile_18886.png,10
arctic_vegetation/20230724_sedge_mosstundra16_m3m/MOSS/tile_18891.png,5
arctic_vegetation/20230724_sedge_mosstundra16_m3m/MOSS/tile_18892.png,5
arctic_vegetation/20230724_sedge_mosstundra16_m3m/MOSS/tile_18893.png,5
arctic_vegetation/20230724_sedge_mosstundra16_m3m/TUSS/tile_18894.png,10
arctic_vegetation/20230724_sedge_mosstundra16_m3m/TUSS/tile_18895.png,10
arctic_vegetation/20230724_sedge_mosstundra16_m3m/TUSS/tile_18896.png,10
arctic_vegetation/20230724_sedge_mosstundra16_m3m/TUSS/tile_18897.png,10
arctic_vegetation/20230724_sedge_mosstundra16_m3m/TUSS/tile_18898.png,10
arctic_vegetation/20230724_sedge_mosstundra16_m3m/TUSS/tile_18899.png,10
arctic_vegetation/20230724_sedge_mosstundra16_m3m/TUSS/tile_18901.png,10
arctic_vegetation/20230724_sedge_mosstundra16_m3m/TUSS/tile_18902.png,10
arctic_vegetation/20230724_sedge_mosstundra16_m3m/TUSS/tile_18903.png,10
arctic_vegetation/20230724_sedge_mosstundra16_m3m/TUSS/tile_18904.png,10
arctic_vegetation/20230724_sedge_mosstundra16_m3m/TUSS/tile_18905.png,10
arctic_vegetation/20230724_sedge_mosstundra16_m3m/TUSS/tile_18906.png,10
arctic_vegetation/20230724_sedge_mosstundra16_m3m/TUSS/tile_18907.png,10
arctic_vegetation/20230724_sedge_mosstundra16_m3m/TUSS/tile_18908.png,10
arctic_vegetation/20230724_sedge_mosstundra16_m3m/TUSS/tile_18909.png,10
arctic_vegetation/20230724_sedge_mosstundra16_m3m/TUSS/tile_18911.png,10
arctic_vegetation/20230724_sedge_mosstundra16_m3m/TUSS/tile_18912.png,10
arctic_vegetation/20230724_sedge_mosstundra16_m3m/TUSS/tile_18913.png,10
arctic_vegetation/20230724_sedge_mosstundra16_m3m/BIRC/tile_19015.png,2
arctic_vegetation/20230724_sedge_mosstundra16_m3m/BIRC/tile_19016.png,2
arctic_vegetation/20230724_sedge_mosstundra16_m3m/MOSS/tile_19017.png,5
arctic_vegetation/20230724_sedge_mosstundra16_m3m/MOSS/tile_19018.png,5
arctic_vegetation/20230724_sedge_mosstundra16_m3m/MOSS/tile_19019.png,5
arctic_vegetation/20230724_sedge_mosstundra16_m3m/MOSS/tile_19020.png,5
arctic_vegetation/20230724_sedge_mosstundra16_m3m/MOSS/tile_19021.png,5
arctic_vegetation/20230724_sedge_mosstundra16_m3m/MOSS/tile_19022.png,5
arctic_vegetation/20230724_sedge_mosstundra16_m3m/BIRC/tile_19023.png,2
arctic_vegetation/20230724_sedge_mosstundra16_m3m/BIRC/tile_19024.png,2
arctic_vegetation/20230724_sedge_mosstundra16_m3m/BIRC/tile_19025.png,2
arctic_vegetation/20230724_sedge_mosstundra16_m3m/MOSS/tile_19028.png,5
arctic_vegetation/20230724_sedge_mosstundra16_m3m/MOSS/tile_19029.png,5
arctic_vegetation/20230724_sedge_mosstundra16_m3m/MOSS/tile_19030.png,5
arctic_vegetation/20230724_sedge_mosstundra16_m3m/MOSS/tile_19031.png,5
arctic_vegetation/20230724_sedge_mosstundra16_m3m/BIRC/tile_19032.png,2
arctic_vegetation/20230724_sedge_mosstundra16_m3m/BIRC/tile_19033.png,2
arctic_vegetation/20230724_sedge_mosstundra16_m3m/BIRC/tile_19034.png,2
arctic_vegetation/20230724_sedge_mosstundra16_m3m/BIRC/tile_19035.png,2
arctic_vegetation/20230724_sedge_mosstundra16_m3m/BIRC/tile_19036.png,2
arctic_vegetation/20230724_sedge_mosstundra16_m3m/TUSS/tile_19070.png,10
arctic_vegetation/20230724_sedge_mosstundra16_m3m/TUSS/tile_19071.png,10
arctic_vegetation/20230724_sedge_mosstundra16_m3m/TUSS/tile_19072.png,10
arctic_vegetation/20230724_sedge_mosstundra16_m3m/TUSS/tile_19073.png,10
arctic_vegetation/20230724_sedge_mosstundra16_m3m/TUSS/tile_19074.png,10
arctic_vegetation/20230724_sedge_mosstundra16_m3m/TUSS/tile_19075.png,10
arctic_vegetation/20230724_sedge_mosstundra16_m3m/TUSS/tile_19076.png,10
arctic_vegetation/20230724_sedge_mosstundra16_m3m/MOSS/tile_19078.png,5
arctic_vegetation/20230724_sedge_mosstundra16_m3m/MOSS/tile_19079.png,5
arctic_vegetation/20230724_sedge_mosstundra16_m3m/MOSS/tile_19080.png,5
arctic_vegetation/20230724_sedge_mosstundra16_m3m/MOSS/tile_19081.png,5
arctic_vegetation/20230724_sedge_mosstundra16_m3m/MOSS/tile_19082.png,5
arctic_vegetation/20230724_sedge_mosstundra16_m3m/MOSS/tile_19083.png,5
arctic_vegetation/20230724_sedge_mosstundra16_m3m/MOSS/tile_19084.png,5
arctic_vegetation/20230724_sedge_mosstundra16_m3m/TUSS/tile_19085.png,10
arctic_vegetation/20230724_sedge_mosstundra16_m3m/TUSS/tile_19086.png,10
arctic_vegetation/20230724_sedge_mosstundra16_m3m/TUSS/tile_19087.png,10
arctic_vegetation/20230724_sedge_mosstundra16_m3m/TUSS/tile_19088.png,10
arctic_vegetation/20230724_sedge_mosstundra16_m3m/TUSS/tile_19089.png,10
arctic_vegetation/20230724_sedge_mosstundra16_m3m/MOSS/tile_19094.png,5
arctic_vegetation/20230724_sedge_mosstundra16_m3m/MOSS/tile_19095.png,5
arctic_vegetation/20230724_sedge_mosstundra16_m3m/TUSS/tile_19098.png,10
arctic_vegetation/20230724_sedge_mosstundra16_m3m/TUSS/tile_19099.png,10
arctic_vegetation/20230724_sedge_mosstundra16_m3m/TUSS/tile_19100.png,10
arctic_vegetation/20230724_sedge_mosstundra16_m3m/TUSS/tile_19101.png,10
arctic_vegetation/20230724_sedge_mosstundra16_m3m/TUSS/tile_19102.png,10
arctic_vegetation/20230724_sedge_mosstundra16_m3m/TUSS/tile_19107.png,10
arctic_vegetation/20230724_sedge_mosstundra16_m3m/TUSS/tile_19108.png,10
arctic_vegetation/20230724_sedge_mosstundra16_m3m/TUSS/tile_19109.png,10
arctic_vegetation/20230724_sedge_mosstundra16_m3m/TUSS/tile_19110.png,10
arctic_vegetation/20230724_sedge_mosstundra16_m3m/TUSS/tile_19111.png,10
arctic_vegetation/20230724_sedge_mosstundra16_m3m/TUSS/tile_19112.png,10
arctic_vegetation/20230724_sedge_mosstundra16_m3m/TUSS/tile_19114.png,10
arctic_vegetation/20230724_sedge_mosstundra16_m3m/TUSS/tile_19115.png,10
arctic_vegetation/20230724_sedge_mosstundra16_m3m/TUSS/tile_19116.png,10
arctic_vegetation/20230724_sedge_mosstundra16_m3m/BIRC/tile_19218.png,2
arctic_vegetation/20230724_sedge_mosstundra16_m3m/BIRC/tile_19219.png,2
arctic_vegetation/20230724_sedge_mosstundra16_m3m/BIRC/tile_19220.png,2
arctic_vegetation/20230724_sedge_mosstundra16_m3m/BIRC/tile_19221.png,2
arctic_vegetation/20230724_sedge_mosstundra16_m3m/MOSS/tile_19222.png,5
arctic_vegetation/20230724_sedge_mosstundra16_m3m/MOSS/tile_19223.png,5
arctic_vegetation/20230724_sedge_mosstundra16_m3m/MOSS/tile_19224.png,5
arctic_vegetation/20230724_sedge_mosstundra16_m3m/MOSS/tile_19225.png,5
arctic_vegetation/20230724_sedge_mosstundra16_m3m/MOSS/tile_19226.png,5
arctic_vegetation/20230724_sedge_mosstundra16_m3m/MOSS/tile_19227.png,5
arctic_vegetation/20230724_sedge_mosstundra16_m3m/WILL/tile_19229.png,11
arctic_vegetation/20230724_sedge_mosstundra16_m3m/WILL/tile_19230.png,11
arctic_vegetation/20230724_sedge_mosstundra16_m3m/WILL/tile_19231.png,11
arctic_vegetation/20230724_sedge_mosstundra16_m3m/MOSS/tile_19232.png,5
arctic_vegetation/20230724_sedge_mosstundra16_m3m/MOSS/tile_19233.png,5
arctic_vegetation/20230724_sedge_mosstundra16_m3m/MOSS/tile_19234.png,5
arctic_vegetation/20230724_sedge_mosstundra16_m3m/BIRC/tile_19235.png,2
arctic_vegetation/20230724_sedge_mosstundra16_m3m/BIRC/tile_19236.png,2
arctic_vegetation/20230724_sedge_mosstundra16_m3m/BIRC/tile_19237.png,2
arctic_vegetation/20230724_sedge_mosstundra16_m3m/MOSS/tile_19238.png,5
arctic_vegetation/20230724_sedge_mosstundra16_m3m/MOSS/tile_19253.png,5
arctic_vegetation/20230724_sedge_mosstundra16_m3m/MOSS/tile_19254.png,5
arctic_vegetation/20230724_sedge_mosstundra16_m3m/MOSS/tile_19255.png,5
arctic_vegetation/20230724_sedge_mosstundra16_m3m/MOSS/tile_19256.png,5
arctic_vegetation/20230724_sedge_mosstundra16_m3m/TUSS/tile_19273.png,10
arctic_vegetation/20230724_sedge_mosstundra16_m3m/TUSS/tile_19274.png,10
arctic_vegetation/20230724_sedge_mosstundra16_m3m/BIRC/tile_19275.png,2
arctic_vegetation/20230724_sedge_mosstundra16_m3m/BIRC/tile_19276.png,2
arctic_vegetation/20230724_sedge_mosstundra16_m3m/BIRC/tile_19277.png,2
arctic_vegetation/20230724_sedge_mosstundra16_m3m/BIRC/tile_19278.png,2
arctic_vegetation/20230724_sedge_mosstundra16_m3m/MOSS/tile_19279.png,5
arctic_vegetation/20230724_sedge_mosstundra16_m3m/MOSS/tile_19280.png,5
arctic_vegetation/20230724_sedge_mosstundra16_m3m/MOSS/tile_19281.png,5
arctic_vegetation/20230724_sedge_mosstundra16_m3m/MOSS/tile_19282.png,5
arctic_vegetation/20230724_sedge_mosstundra16_m3m/MOSS/tile_19283.png,5
arctic_vegetation/20230724_sedge_mosstundra16_m3m/MOSS/tile_19284.png,5
arctic_vegetation/20230724_sedge_mosstundra16_m3m/MOSS/tile_19285.png,5
arctic_vegetation/20230724_sedge_mosstundra16_m3m/SEDG/tile_19287.png,9
arctic_vegetation/20230724_sedge_mosstundra16_m3m/SEDG/tile_19288.png,9
arctic_vegetation/20230724_sedge_mosstundra16_m3m/TUSS/tile_19289.png,10
arctic_vegetation/20230724_sedge_mosstundra16_m3m/TUSS/tile_19290.png,10
arctic_vegetation/20230724_sedge_mosstundra16_m3m/TUSS/tile_19291.png,10
arctic_vegetation/20230724_sedge_mosstundra16_m3m/TUSS/tile_19292.png,10
arctic_vegetation/20230724_sedge_mosstundra16_m3m/MOSS/tile_19293.png,5
arctic_vegetation/20230724_sedge_mosstundra16_m3m/MOSS/tile_19294.png,5
arctic_vegetation/20230724_sedge_mosstundra16_m3m/MOSS/tile_19295.png,5
arctic_vegetation/20230724_sedge_mosstundra16_m3m/TUSS/tile_19297.png,10
arctic_vegetation/20230724_sedge_mosstundra16_m3m/TUSS/tile_19298.png,10
arctic_vegetation/20230724_sedge_mosstundra16_m3m/TUSS/tile_19299.png,10
arctic_vegetation/20230724_sedge_mosstundra16_m3m/PETF/tile_19300.png,6
arctic_vegetation/20230724_sedge_mosstundra16_m3m/TUSS/tile_19302.png,10
arctic_vegetation/20230724_sedge_mosstundra16_m3m/TUSS/tile_19303.png,10
arctic_vegetation/20230724_sedge_mosstundra16_m3m/TUSS/tile_19304.png,10
arctic_vegetation/20230724_sedge_mosstundra16_m3m/MOSS/tile_19305.png,5
arctic_vegetation/20230724_sedge_mosstundra16_m3m/MOSS/tile_19306.png,5
arctic_vegetation/20230724_sedge_mosstundra16_m3m/MOSS/tile_19307.png,5
arctic_vegetation/20230724_sedge_mosstundra16_m3m/TUSS/tile_19312.png,10
arctic_vegetation/20230724_sedge_mosstundra16_m3m/TUSS/tile_19313.png,10
arctic_vegetation/20230724_sedge_mosstundra16_m3m/TUSS/tile_19314.png,10
arctic_vegetation/20230724_sedge_mosstundra16_m3m/TUSS/tile_19315.png,10
arctic_vegetation/20230724_sedge_mosstundra16_m3m/BIRC/tile_19423.png,2
arctic_vegetation/20230724_sedge_mosstundra16_m3m/BIRC/tile_19424.png,2
arctic_vegetation/20230724_sedge_mosstundra16_m3m/MOSS/tile_19425.png,5
arctic_vegetation/20230724_sedge_mosstundra16_m3m/MOSS/tile_19426.png,5
arctic_vegetation/20230724_sedge_mosstundra16_m3m/MOSS/tile_19427.png,5
arctic_vegetation/20230724_sedge_mosstundra16_m3m/MOSS/tile_19428.png,5
arctic_vegetation/20230724_sedge_mosstundra16_m3m/WILL/tile_19432.png,11
arctic_vegetation/20230724_sedge_mosstundra16_m3m/WILL/tile_19433.png,11
arctic_vegetation/20230724_sedge_mosstundra16_m3m/WILL/tile_19434.png,11
arctic_vegetation/20230724_sedge_mosstundra16_m3m/WILL/tile_19435.png,11
arctic_vegetation/20230724_sedge_mosstundra16_m3m/MOSS/tile_19436.png,5
arctic_vegetation/20230724_sedge_mosstundra16_m3m/MOSS/tile_19437.png,5
arctic_vegetation/20230724_sedge_mosstundra16_m3m/MOSS/tile_19438.png,5
arctic_vegetation/20230724_sedge_mosstundra16_m3m/MOSS/tile_19439.png,5
arctic_vegetation/20230724_sedge_mosstundra16_m3m/MOSS/tile_19440.png,5
arctic_vegetation/20230724_sedge_mosstundra16_m3m/MOSS/tile_19456.png,5
arctic_vegetation/20230724_sedge_mosstundra16_m3m/MOSS/tile_19457.png,5
arctic_vegetation/20230724_sedge_mosstundra16_m3m/MOSS/tile_19458.png,5
arctic_vegetation/20230724_sedge_mosstundra16_m3m/MOSS/tile_19459.png,5
arctic_vegetation/20230724_sedge_mosstundra16_m3m/MOSS/tile_19463.png,5
arctic_vegetation/20230724_sedge_mosstundra16_m3m/MOSS/tile_19464.png,5
arctic_vegetation/20230724_sedge_mosstundra16_m3m/MOSS/tile_19465.png,5
arctic_vegetation/20230724_sedge_mosstundra16_m3m/MOSS/tile_19466.png,5
arctic_vegetation/20230724_sedge_mosstundra16_m3m/MOSS/tile_19467.png,5
arctic_vegetation/20230724_sedge_mosstundra16_m3m/TUSS/tile_19476.png,10
arctic_vegetation/20230724_sedge_mosstundra16_m3m/BIRC/tile_19477.png,2
arctic_vegetation/20230724_sedge_mosstundra16_m3m/BIRC/tile_19478.png,2
arctic_vegetation/20230724_sedge_mosstundra16_m3m/BIRC/tile_19479.png,2
arctic_vegetation/20230724_sedge_mosstundra16_m3m/BIRC/tile_19480.png,2
arctic_vegetation/20230724_sedge_mosstundra16_m3m/BIRC/tile_19481.png,2
arctic_vegetation/20230724_sedge_mosstundra16_m3m/MOSS/tile_19482.png,5
arctic_vegetation/20230724_sedge_mosstundra16_m3m/MOSS/tile_19483.png,5
arctic_vegetation/20230724_sedge_mosstundra16_m3m/MOSS/tile_19484.png,5
arctic_vegetation/20230724_sedge_mosstundra16_m3m/MOSS/tile_19485.png,5
arctic_vegetation/20230724_sedge_mosstundra16_m3m/MOSS/tile_19486.png,5
arctic_vegetation/20230724_sedge_mosstundra16_m3m/MOSS/tile_19487.png,5
arctic_vegetation/20230724_sedge_mosstundra16_m3m/MOSS/tile_19488.png,5
arctic_vegetation/20230724_sedge_mosstundra16_m3m/MOSS/tile_19489.png,5
arctic_vegetation/20230724_sedge_mosstundra16_m3m/SEDG/tile_19490.png,9
arctic_vegetation/20230724_sedge_mosstundra16_m3m/TUSS/tile_19491.png,10
arctic_vegetation/20230724_sedge_mosstundra16_m3m/MOSS/tile_19492.png,5
arctic_vegetation/20230724_sedge_mosstundra16_m3m/MOSS/tile_19493.png,5
arctic_vegetation/20230724_sedge_mosstundra16_m3m/MOSS/tile_19494.png,5
arctic_vegetation/20230724_sedge_mosstundra16_m3m/MOSS/tile_19495.png,5
arctic_vegetation/20230724_sedge_mosstundra16_m3m/MOSS/tile_19496.png,5
arctic_vegetation/20230724_sedge_mosstundra16_m3m/MOSS/tile_19497.png,5
arctic_vegetation/20230724_sedge_mosstundra16_m3m/MOSS/tile_19498.png,5
arctic_vegetation/20230724_sedge_mosstundra16_m3m/TUSS/tile_19499.png,10
arctic_vegetation/20230724_sedge_mosstundra16_m3m/TUSS/tile_19500.png,10
arctic_vegetation/20230724_sedge_mosstundra16_m3m/TUSS/tile_19501.png,10
arctic_vegetation/20230724_sedge_mosstundra16_m3m/TUSS/tile_19502.png,10
arctic_vegetation/20230724_sedge_mosstundra16_m3m/PETF/tile_19503.png,6
arctic_vegetation/20230724_sedge_mosstundra16_m3m/TUSS/tile_19506.png,10
arctic_vegetation/20230724_sedge_mosstundra16_m3m/TUSS/tile_19507.png,10
arctic_vegetation/20230724_sedge_mosstundra16_m3m/MOSS/tile_19508.png,5
arctic_vegetation/20230724_sedge_mosstundra16_m3m/MOSS/tile_19509.png,5
arctic_vegetation/20230724_sedge_mosstundra16_m3m/MOSS/tile_19510.png,5
arctic_vegetation/20230724_sedge_mosstundra16_m3m/MOSS/tile_19511.png,5
arctic_vegetation/20230724_sedge_mosstundra16_m3m/MOSS/tile_19639.png,5
arctic_vegetation/20230724_sedge_mosstundra16_m3m/MOSS/tile_19640.png,5
arctic_vegetation/20230724_sedge_mosstundra16_m3m/MOSS/tile_19641.png,5
arctic_vegetation/20230724_sedge_mosstundra16_m3m/MOSS/tile_19642.png,5
arctic_vegetation/20230724_sedge_mosstundra16_m3m/MOSS/tile_19643.png,5
arctic_vegetation/20230724_sedge_mosstundra16_m3m/MOSS/tile_19659.png,5
arctic_vegetation/20230724_sedge_mosstundra16_m3m/MOSS/tile_19660.png,5
arctic_vegetation/20230724_sedge_mosstundra16_m3m/MOSS/tile_19661.png,5
arctic_vegetation/20230724_sedge_mosstundra16_m3m/MOSS/tile_19662.png,5
arctic_vegetation/20230724_sedge_mosstundra16_m3m/MOSS/tile_19666.png,5
arctic_vegetation/20230724_sedge_mosstundra16_m3m/MOSS/tile_19667.png,5
arctic_vegetation/20230724_sedge_mosstundra16_m3m/MOSS/tile_19668.png,5
arctic_vegetation/20230724_sedge_mosstundra16_m3m/MOSS/tile_19669.png,5
arctic_vegetation/20230724_sedge_mosstundra16_m3m/MOSS/tile_19670.png,5
arctic_vegetation/20230724_sedge_mosstundra16_m3m/MOSS/tile_19679.png,5
arctic_vegetation/20230724_sedge_mosstundra16_m3m/BIRC/tile_19680.png,2
arctic_vegetation/20230724_sedge_mosstundra16_m3m/BIRC/tile_19681.png,2
arctic_vegetation/20230724_sedge_mosstundra16_m3m/BIRC/tile_19682.png,2
arctic_vegetation/20230724_sedge_mosstundra16_m3m/BIRC/tile_19683.png,2
arctic_vegetation/20230724_sedge_mosstundra16_m3m/BIRC/tile_19684.png,2
arctic_vegetation/20230724_sedge_mosstundra16_m3m/BIRC/tile_19685.png,2
arctic_vegetation/20230724_sedge_mosstundra16_m3m/MOSS/tile_19686.png,5
arctic_vegetation/20230724_sedge_mosstundra16_m3m/MOSS/tile_19687.png,5
arctic_vegetation/20230724_sedge_mosstundra16_m3m/MOSS/tile_19688.png,5
arctic_vegetation/20230724_sedge_mosstundra16_m3m/MOSS/tile_19689.png,5
arctic_vegetation/20230724_sedge_mosstundra16_m3m/MOSS/tile_19690.png,5
arctic_vegetation/20230724_sedge_mosstundra16_m3m/MOSS/tile_19691.png,5
arctic_vegetation/20230724_sedge_mosstundra16_m3m/MOSS/tile_19692.png,5
arctic_vegetation/20230724_sedge_mosstundra16_m3m/TUSS/tile_19693.png,10
arctic_vegetation/20230724_sedge_mosstundra16_m3m/MOSS/tile_19694.png,5
arctic_vegetation/20230724_sedge_mosstundra16_m3m/MOSS/tile_19695.png,5
arctic_vegetation/20230724_sedge_mosstundra16_m3m/MOSS/tile_19696.png,5
arctic_vegetation/20230724_sedge_mosstundra16_m3m/MOSS/tile_19697.png,5
arctic_vegetation/20230724_sedge_mosstundra16_m3m/MOSS/tile_19698.png,5
arctic_vegetation/20230724_sedge_mosstundra16_m3m/MOSS/tile_19699.png,5
arctic_vegetation/20230724_sedge_mosstundra16_m3m/MOSS/tile_19700.png,5
arctic_vegetation/20230724_sedge_mosstundra16_m3m/MOSS/tile_19701.png,5
arctic_vegetation/20230724_sedge_mosstundra16_m3m/MOSS/tile_19702.png,5
arctic_vegetation/20230724_sedge_mosstundra16_m3m/TUSS/tile_19703.png,10
arctic_vegetation/20230724_sedge_mosstundra16_m3m/TUSS/tile_19704.png,10
arctic_vegetation/20230724_sedge_mosstundra16_m3m/TUSS/tile_19705.png,10
arctic_vegetation/20230724_sedge_mosstundra16_m3m/LICH/tile_19706.png,4
arctic_vegetation/20230724_sedge_mosstundra16_m3m/LICH/tile_19707.png,4
arctic_vegetation/20230724_sedge_mosstundra16_m3m/MOSS/tile_19710.png,5
arctic_vegetation/20230724_sedge_mosstundra16_m3m/MOSS/tile_19711.png,5
arctic_vegetation/20230724_sedge_mosstundra16_m3m/MOSS/tile_19712.png,5
arctic_vegetation/20230724_sedge_mosstundra16_m3m/MOSS/tile_19713.png,5
arctic_vegetation/20230724_sedge_mosstundra16_m3m/MOSS/tile_19714.png,5
arctic_vegetation/20230724_sedge_mosstundra16_m3m/MOSS/tile_19715.png,5
arctic_vegetation/20230724_sedge_mosstundra16_m3m/MOSS/tile_19716.png,5
arctic_vegetation/20230724_sedge_mosstundra16_m3m/MOSS/tile_19717.png,5
arctic_vegetation/20230724_sedge_mosstundra16_m3m/MOSS/tile_19862.png,5
arctic_vegetation/20230724_sedge_mosstundra16_m3m/MOSS/tile_19863.png,5
arctic_vegetation/20230724_sedge_mosstundra16_m3m/MOSS/tile_19864.png,5
arctic_vegetation/20230724_sedge_mosstundra16_m3m/MOSS/tile_19867.png,5
arctic_vegetation/20230724_sedge_mosstundra16_m3m/MOSS/tile_19868.png,5
arctic_vegetation/20230724_sedge_mosstundra16_m3m/MOSS/tile_19869.png,5
arctic_vegetation/20230724_sedge_mosstundra16_m3m/MOSS/tile_19870.png,5
arctic_vegetation/20230724_sedge_mosstundra16_m3m/MOSS/tile_19871.png,5
arctic_vegetation/20230724_sedge_mosstundra16_m3m/MOSS/tile_19872.png,5
arctic_vegetation/20230724_sedge_mosstundra16_m3m/MOSS/tile_19873.png,5
arctic_vegetation/20230724_sedge_mosstundra16_m3m/TUSS/tile_19882.png,10
arctic_vegetation/20230724_sedge_mosstundra16_m3m/BIRC/tile_19883.png,2
arctic_vegetation/20230724_sedge_mosstundra16_m3m/BIRC/tile_19884.png,2
arctic_vegetation/20230724_sedge_mosstundra16_m3m/BIRC/tile_19885.png,2
arctic_vegetation/20230724_sedge_mosstundra16_m3m/BIRC/tile_19886.png,2
arctic_vegetation/20230724_sedge_mosstundra16_m3m/BIRC/tile_19887.png,2
arctic_vegetation/20230724_sedge_mosstundra16_m3m/BIRC/tile_19888.png,2
arctic_vegetation/20230724_sedge_mosstundra16_m3m/MOSS/tile_19889.png,5
arctic_vegetation/20230724_sedge_mosstundra16_m3m/MOSS/tile_19890.png,5
arctic_vegetation/20230724_sedge_mosstundra16_m3m/MOSS/tile_19891.png,5
arctic_vegetation/20230724_sedge_mosstundra16_m3m/MOSS/tile_19892.png,5
arctic_vegetation/20230724_sedge_mosstundra16_m3m/MOSS/tile_19893.png,5
arctic_vegetation/20230724_sedge_mosstundra16_m3m/MOSS/tile_19894.png,5
arctic_vegetation/20230724_sedge_mosstundra16_m3m/MOSS/tile_19895.png,5
arctic_vegetation/20230724_sedge_mosstundra16_m3m/MOSS/tile_19896.png,5
arctic_vegetation/20230724_sedge_mosstundra16_m3m/MOSS/tile_19897.png,5
arctic_vegetation/20230724_sedge_mosstundra16_m3m/MOSS/tile_19898.png,5
arctic_vegetation/20230724_sedge_mosstundra16_m3m/MOSS/tile_19899.png,5
arctic_vegetation/20230724_sedge_mosstundra16_m3m/MOSS/tile_19900.png,5
arctic_vegetation/20230724_sedge_mosstundra16_m3m/MOSS/tile_19901.png,5
arctic_vegetation/20230724_sedge_mosstundra16_m3m/MOSS/tile_19902.png,5
arctic_vegetation/20230724_sedge_mosstundra16_m3m/MOSS/tile_19903.png,5
arctic_vegetation/20230724_sedge_mosstundra16_m3m/MOSS/tile_19904.png,5
arctic_vegetation/20230724_sedge_mosstundra16_m3m/MOSS/tile_19905.png,5
arctic_vegetation/20230724_sedge_mosstundra16_m3m/TUSS/tile_19906.png,10
arctic_vegetation/20230724_sedge_mosstundra16_m3m/TUSS/tile_19907.png,10
arctic_vegetation/20230724_sedge_mosstundra16_m3m/TUSS/tile_19908.png,10
arctic_vegetation/20230724_sedge_mosstundra16_m3m/LICH/tile_19909.png,4
arctic_vegetation/20230724_sedge_mosstundra16_m3m/LICH/tile_19910.png,4
arctic_vegetation/20230724_sedge_mosstundra16_m3m/TUSS/tile_19911.png,10
arctic_vegetation/20230724_sedge_mosstundra16_m3m/MOSS/tile_19912.png,5
arctic_vegetation/20230724_sedge_mosstundra16_m3m/MOSS/tile_19913.png,5
arctic_vegetation/20230724_sedge_mosstundra16_m3m/MOSS/tile_19914.png,5
arctic_vegetation/20230724_sedge_mosstundra16_m3m/MOSS/tile_19915.png,5
arctic_vegetation/20230724_sedge_mosstundra16_m3m/MOSS/tile_19916.png,5
arctic_vegetation/20230724_sedge_mosstundra16_m3m/MOSS/tile_19917.png,5
arctic_vegetation/20230724_sedge_mosstundra16_m3m/MOSS/tile_19918.png,5
arctic_vegetation/20230724_sedge_mosstundra16_m3m/MOSS/tile_19919.png,5
arctic_vegetation/20230724_sedge_mosstundra16_m3m/MOSS/tile_19920.png,5
arctic_vegetation/20230724_sedge_mosstundra16_m3m/MOSS/tile_19921.png,5
arctic_vegetation/20230724_sedge_mosstundra16_m3m/MOSS/tile_20065.png,5
arctic_vegetation/20230724_sedge_mosstundra16_m3m/MOSS/tile_20066.png,5
arctic_vegetation/20230724_sedge_mosstundra16_m3m/MOSS/tile_20067.png,5
arctic_vegetation/20230724_sedge_mosstundra16_m3m/MOSS/tile_20068.png,5
arctic_vegetation/20230724_sedge_mosstundra16_m3m/MOSS/tile_20069.png,5
arctic_vegetation/20230724_sedge_mosstundra16_m3m/MOSS/tile_20070.png,5
arctic_vegetation/20230724_sedge_mosstundra16_m3m/MOSS/tile_20071.png,5
arctic_vegetation/20230724_sedge_mosstundra16_m3m/MOSS/tile_20072.png,5
arctic_vegetation/20230724_sedge_mosstundra16_m3m/MOSS/tile_20073.png,5
arctic_vegetation/20230724_sedge_mosstundra16_m3m/MOSS/tile_20074.png,5
arctic_vegetation/20230724_sedge_mosstundra16_m3m/TUSS/tile_20085.png,10
arctic_vegetation/20230724_sedge_mosstundra16_m3m/TUSS/tile_20086.png,10
arctic_vegetation/20230724_sedge_mosstundra16_m3m/TUSS/tile_20087.png,10
arctic_vegetation/20230724_sedge_mosstundra16_m3m/TUSS/tile_20088.png,10
arctic_vegetation/20230724_sedge_mosstundra16_m3m/BIRC/tile_20089.png,2
arctic_vegetation/20230724_sedge_mosstundra16_m3m/BIRC/tile_20090.png,2
arctic_vegetation/20230724_sedge_mosstundra16_m3m/BIRC/tile_20091.png,2
arctic_vegetation/20230724_sedge_mosstundra16_m3m/MOSS/tile_20092.png,5
arctic_vegetation/20230724_sedge_mosstundra16_m3m/MOSS/tile_20093.png,5
arctic_vegetation/20230724_sedge_mosstundra16_m3m/MOSS/tile_20094.png,5
arctic_vegetation/20230724_sedge_mosstundra16_m3m/MOSS/tile_20095.png,5
arctic_vegetation/20230724_sedge_mosstundra16_m3m/MOSS/tile_20096.png,5
arctic_vegetation/20230724_sedge_mosstundra16_m3m/SEDG/tile_20097.png,9
arctic_vegetation/20230724_sedge_mosstundra16_m3m/MOSS/tile_20098.png,5
arctic_vegetation/20230724_sedge_mosstundra16_m3m/MOSS/tile_20099.png,5
arctic_vegetation/20230724_sedge_mosstundra16_m3m/MOSS/tile_20100.png,5
arctic_vegetation/20230724_sedge_mosstundra16_m3m/MOSS/tile_20101.png,5
arctic_vegetation/20230724_sedge_mosstundra16_m3m/MOSS/tile_20102.png,5
arctic_vegetation/20230724_sedge_mosstundra16_m3m/MOSS/tile_20103.png,5
arctic_vegetation/20230724_sedge_mosstundra16_m3m/MOSS/tile_20104.png,5
arctic_vegetation/20230724_sedge_mosstundra16_m3m/MOSS/tile_20105.png,5
arctic_vegetation/20230724_sedge_mosstundra16_m3m/MOSS/tile_20106.png,5
arctic_vegetation/20230724_sedge_mosstundra16_m3m/MOSS/tile_20107.png,5
arctic_vegetation/20230724_sedge_mosstundra16_m3m/MOSS/tile_20108.png,5
arctic_vegetation/20230724_sedge_mosstundra16_m3m/TUSS/tile_20109.png,10
arctic_vegetation/20230724_sedge_mosstundra16_m3m/TUSS/tile_20110.png,10
arctic_vegetation/20230724_sedge_mosstundra16_m3m/TUSS/tile_20111.png,10
arctic_vegetation/20230724_sedge_mosstundra16_m3m/LICH/tile_20112.png,4
arctic_vegetation/20230724_sedge_mosstundra16_m3m/LICH/tile_20113.png,4
arctic_vegetation/20230724_sedge_mosstundra16_m3m/TUSS/tile_20114.png,10
arctic_vegetation/20230724_sedge_mosstundra16_m3m/MOSS/tile_20115.png,5
arctic_vegetation/20230724_sedge_mosstundra16_m3m/MOSS/tile_20116.png,5
arctic_vegetation/20230724_sedge_mosstundra16_m3m/MOSS/tile_20117.png,5
arctic_vegetation/20230724_sedge_mosstundra16_m3m/MOSS/tile_20118.png,5
arctic_vegetation/20230724_sedge_mosstundra16_m3m/MOSS/tile_20119.png,5
arctic_vegetation/20230724_sedge_mosstundra16_m3m/MOSS/tile_20120.png,5
arctic_vegetation/20230724_sedge_mosstundra16_m3m/MOSS/tile_20121.png,5
arctic_vegetation/20230724_sedge_mosstundra16_m3m/MOSS/tile_20122.png,5
arctic_vegetation/20230724_sedge_mosstundra16_m3m/MOSS/tile_20123.png,5
arctic_vegetation/20230724_sedge_mosstundra16_m3m/MOSS/tile_20124.png,5
arctic_vegetation/20230724_sedge_mosstundra16_m3m/MOSS/tile_20269.png,5
arctic_vegetation/20230724_sedge_mosstundra16_m3m/MOSS/tile_20270.png,5
arctic_vegetation/20230724_sedge_mosstundra16_m3m/MOSS/tile_20271.png,5
arctic_vegetation/20230724_sedge_mosstundra16_m3m/MOSS/tile_20272.png,5
arctic_vegetation/20230724_sedge_mosstundra16_m3m/MOSS/tile_20273.png,5
arctic_vegetation/20230724_sedge_mosstundra16_m3m/MOSS/tile_20274.png,5
arctic_vegetation/20230724_sedge_mosstundra16_m3m/TUSS/tile_20289.png,10
arctic_vegetation/20230724_sedge_mosstundra16_m3m/TUSS/tile_20290.png,10
arctic_vegetation/20230724_sedge_mosstundra16_m3m/TUSS/tile_20291.png,10
arctic_vegetation/20230724_sedge_mosstundra16_m3m/MOSS/tile_20294.png,5
arctic_vegetation/20230724_sedge_mosstundra16_m3m/MOSS/tile_20295.png,5
arctic_vegetation/20230724_sedge_mosstundra16_m3m/MOSS/tile_20296.png,5
arctic_vegetation/20230724_sedge_mosstundra16_m3m/MOSS/tile_20297.png,5
arctic_vegetation/20230724_sedge_mosstundra16_m3m/MOSS/tile_20298.png,5
arctic_vegetation/20230724_sedge_mosstundra16_m3m/MOSS/tile_20299.png,5
arctic_vegetation/20230724_sedge_mosstundra16_m3m/SEDG/tile_20300.png,9
arctic_vegetation/20230724_sedge_mosstundra16_m3m/MOSS/tile_20301.png,5
arctic_vegetation/20230724_sedge_mosstundra16_m3m/MOSS/tile_20302.png,5
arctic_vegetation/20230724_sedge_mosstundra16_m3m/MOSS/tile_20303.png,5
arctic_vegetation/20230724_sedge_mosstundra16_m3m/TUSS/tile_20304.png,10
arctic_vegetation/20230724_sedge_mosstundra16_m3m/MOSS/tile_20305.png,5
arctic_vegetation/20230724_sedge_mosstundra16_m3m/MOSS/tile_20306.png,5
arctic_vegetation/20230724_sedge_mosstundra16_m3m/MOSS/tile_20307.png,5
arctic_vegetation/20230724_sedge_mosstundra16_m3m/MOSS/tile_20308.png,5
arctic_vegetation/20230724_sedge_mosstundra16_m3m/MOSS/tile_20309.png,5
arctic_vegetation/20230724_sedge_mosstundra16_m3m/MOSS/tile_20310.png,5
arctic_vegetation/20230724_sedge_mosstundra16_m3m/MOSS/tile_20311.png,5
arctic_vegetation/20230724_sedge_mosstundra16_m3m/LICH/tile_20312.png,4
arctic_vegetation/20230724_sedge_mosstundra16_m3m/LICH/tile_20313.png,4
arctic_vegetation/20230724_sedge_mosstundra16_m3m/LICH/tile_20314.png,4
arctic_vegetation/20230724_sedge_mosstundra16_m3m/LICH/tile_20315.png,4
arctic_vegetation/20230724_sedge_mosstundra16_m3m/TUSS/tile_20316.png,10
arctic_vegetation/20230724_sedge_mosstundra16_m3m/TUSS/tile_20317.png,10
arctic_vegetation/20230724_sedge_mosstundra16_m3m/TUSS/tile_20318.png,10
arctic_vegetation/20230724_sedge_mosstundra16_m3m/MOSS/tile_20319.png,5
arctic_vegetation/20230724_sedge_mosstundra16_m3m/MOSS/tile_20320.png,5
arctic_vegetation/20230724_sedge_mosstundra16_m3m/MOSS/tile_20321.png,5
arctic_vegetation/20230724_sedge_mosstundra16_m3m/MOSS/tile_20322.png,5
arctic_vegetation/20230724_sedge_mosstundra16_m3m/MOSS/tile_20323.png,5
arctic_vegetation/20230724_sedge_mosstundra16_m3m/MOSS/tile_20324.png,5
arctic_vegetation/20230724_sedge_mosstundra16_m3m/TUSS/tile_20471.png,10
arctic_vegetation/20230724_sedge_mosstundra16_m3m/TUSS/tile_20472.png,10
arctic_vegetation/20230724_sedge_mosstundra16_m3m/TUSS/tile_20473.png,10
arctic_vegetation/20230724_sedge_mosstundra16_m3m/MOSS/tile_20474.png,5
arctic_vegetation/20230724_sedge_mosstundra16_m3m/MOSS/tile_20491.png,5
arctic_vegetation/20230724_sedge_mosstundra16_m3m/TUSS/tile_20492.png,10
arctic_vegetation/20230724_sedge_mosstundra16_m3m/TUSS/tile_20493.png,10
arctic_vegetation/20230724_sedge_mosstundra16_m3m/TUSS/tile_20494.png,10
arctic_vegetation/20230724_sedge_mosstundra16_m3m/MOSS/tile_20495.png,5
arctic_vegetation/20230724_sedge_mosstundra16_m3m/MOSS/tile_20496.png,5
arctic_vegetation/20230724_sedge_mosstundra16_m3m/MOSS/tile_20497.png,5
arctic_vegetation/20230724_sedge_mosstundra16_m3m/MOSS/tile_20498.png,5
arctic_vegetation/20230724_sedge_mosstundra16_m3m/MOSS/tile_20499.png,5
arctic_vegetation/20230724_sedge_mosstundra16_m3m/MOSS/tile_20500.png,5
arctic_vegetation/20230724_sedge_mosstundra16_m3m/MOSS/tile_20501.png,5
arctic_vegetation/20230724_sedge_mosstundra16_m3m/MOSS/tile_20502.png,5
arctic_vegetation/20230724_sedge_mosstundra16_m3m/SEDG/tile_20503.png,9
arctic_vegetation/20230724_sedge_mosstundra16_m3m/SEDG/tile_20504.png,9
arctic_vegetation/20230724_sedge_mosstundra16_m3m/MOSS/tile_20505.png,5
arctic_vegetation/20230724_sedge_mosstundra16_m3m/MOSS/tile_20506.png,5
arctic_vegetation/20230724_sedge_mosstundra16_m3m/MOSS/tile_20508.png,5
arctic_vegetation/20230724_sedge_mosstundra16_m3m/MOSS/tile_20509.png,5
arctic_vegetation/20230724_sedge_mosstundra16_m3m/MOSS/tile_20510.png,5
arctic_vegetation/20230724_sedge_mosstundra16_m3m/MOSS/tile_20511.png,5
arctic_vegetation/20230724_sedge_mosstundra16_m3m/MOSS/tile_20512.png,5
arctic_vegetation/20230724_sedge_mosstundra16_m3m/MOSS/tile_20513.png,5
arctic_vegetation/20230724_sedge_mosstundra16_m3m/MOSS/tile_20514.png,5
arctic_vegetation/20230724_sedge_mosstundra16_m3m/MOSS/tile_20515.png,5
arctic_vegetation/20230724_sedge_mosstundra16_m3m/LICH/tile_20516.png,4
arctic_vegetation/20230724_sedge_mosstundra16_m3m/LICH/tile_20517.png,4
arctic_vegetation/20230724_sedge_mosstundra16_m3m/LICH/tile_20518.png,4
arctic_vegetation/20230724_sedge_mosstundra16_m3m/TUSS/tile_20519.png,10
arctic_vegetation/20230724_sedge_mosstundra16_m3m/MOSS/tile_20522.png,5
arctic_vegetation/20230724_sedge_mosstundra16_m3m/MOSS/tile_20523.png,5
arctic_vegetation/20230724_sedge_mosstundra16_m3m/MOSS/tile_20524.png,5
arctic_vegetation/20230724_sedge_mosstundra16_m3m/MOSS/tile_20525.png,5
arctic_vegetation/20230724_sedge_mosstundra16_m3m/MOSS/tile_20526.png,5
arctic_vegetation/20230724_sedge_mosstundra16_m3m/MOSS/tile_20527.png,5
arctic_vegetation/20230724_sedge_mosstundra16_m3m/TUSS/tile_20674.png,10
arctic_vegetation/20230724_sedge_mosstundra16_m3m/TUSS/tile_20675.png,10
arctic_vegetation/20230724_sedge_mosstundra16_m3m/MOSS/tile_20676.png,5
arctic_vegetation/20230724_sedge_mosstundra16_m3m/MOSS/tile_20677.png,5
arctic_vegetation/20230724_sedge_mosstundra16_m3m/MOSS/tile_20694.png,5
arctic_vegetation/20230724_sedge_mosstundra16_m3m/MOSS/tile_20695.png,5
arctic_vegetation/20230724_sedge_mosstundra16_m3m/MOSS/tile_20696.png,5
arctic_vegetation/20230724_sedge_mosstundra16_m3m/MOSS/tile_20698.png,5
arctic_vegetation/20230724_sedge_mosstundra16_m3m/MOSS/tile_20699.png,5
arctic_vegetation/20230724_sedge_mosstundra16_m3m/MOSS/tile_20700.png,5
arctic_vegetation/20230724_sedge_mosstundra16_m3m/MOSS/tile_20701.png,5
arctic_vegetation/20230724_sedge_mosstundra16_m3m/MOSS/tile_20702.png,5
arctic_vegetation/20230724_sedge_mosstundra16_m3m/MOSS/tile_20703.png,5
arctic_vegetation/20230724_sedge_mosstundra16_m3m/MOSS/tile_20704.png,5
arctic_vegetation/20230724_sedge_mosstundra16_m3m/MOSS/tile_20705.png,5
arctic_vegetation/20230724_sedge_mosstundra16_m3m/MOSS/tile_20710.png,5
arctic_vegetation/20230724_sedge_mosstundra16_m3m/MOSS/tile_20711.png,5
arctic_vegetation/20230724_sedge_mosstundra16_m3m/MOSS/tile_20712.png,5
arctic_vegetation/20230724_sedge_mosstundra16_m3m/MOSS/tile_20713.png,5
arctic_vegetation/20230724_sedge_mosstundra16_m3m/MOSS/tile_20714.png,5
arctic_vegetation/20230724_sedge_mosstundra16_m3m/MOSS/tile_20715.png,5
arctic_vegetation/20230724_sedge_mosstundra16_m3m/MOSS/tile_20716.png,5
arctic_vegetation/20230724_sedge_mosstundra16_m3m/MOSS/tile_20717.png,5
arctic_vegetation/20230724_sedge_mosstundra16_m3m/MOSS/tile_20718.png,5
arctic_vegetation/20230724_sedge_mosstundra16_m3m/TUSS/tile_20719.png,10
arctic_vegetation/20230724_sedge_mosstundra16_m3m/TUSS/tile_20720.png,10
arctic_vegetation/20230724_sedge_mosstundra16_m3m/TUSS/tile_20721.png,10
arctic_vegetation/20230724_sedge_mosstundra16_m3m/TUSS/tile_20722.png,10
arctic_vegetation/20230724_sedge_mosstundra16_m3m/MOSS/tile_20726.png,5
arctic_vegetation/20230724_sedge_mosstundra16_m3m/MOSS/tile_20727.png,5
arctic_vegetation/20230724_sedge_mosstundra16_m3m/MOSS/tile_20728.png,5
arctic_vegetation/20230724_sedge_mosstundra16_m3m/MOSS/tile_20854.png,5
arctic_vegetation/20230724_sedge_mosstundra16_m3m/MOSS/tile_20855.png,5
arctic_vegetation/20230724_sedge_mosstundra16_m3m/MOSS/tile_20856.png,5
arctic_vegetation/20230724_sedge_mosstundra16_m3m/TUSS/tile_20877.png,10
arctic_vegetation/20230724_sedge_mosstundra16_m3m/MOSS/tile_20878.png,5
arctic_vegetation/20230724_sedge_mosstundra16_m3m/MOSS/tile_20879.png,5
arctic_vegetation/20230724_sedge_mosstundra16_m3m/MOSS/tile_20880.png,5
arctic_vegetation/20230724_sedge_mosstundra16_m3m/MOSS/tile_20897.png,5
arctic_vegetation/20230724_sedge_mosstundra16_m3m/MOSS/tile_20898.png,5
arctic_vegetation/20230724_sedge_mosstundra16_m3m/MOSS/tile_20902.png,5
arctic_vegetation/20230724_sedge_mosstundra16_m3m/MOSS/tile_20903.png,5
arctic_vegetation/20230724_sedge_mosstundra16_m3m/MOSS/tile_20908.png,5
arctic_vegetation/20230724_sedge_mosstundra16_m3m/MOSS/tile_20909.png,5
arctic_vegetation/20230724_sedge_mosstundra16_m3m/MOSS/tile_20913.png,5
arctic_vegetation/20230724_sedge_mosstundra16_m3m/MOSS/tile_20914.png,5
arctic_vegetation/20230724_sedge_mosstundra16_m3m/MOSS/tile_20915.png,5
arctic_vegetation/20230724_sedge_mosstundra16_m3m/SEDG/tile_20916.png,9
arctic_vegetation/20230724_sedge_mosstundra16_m3m/SEDG/tile_20917.png,9
arctic_vegetation/20230724_sedge_mosstundra16_m3m/MOSS/tile_20918.png,5
arctic_vegetation/20230724_sedge_mosstundra16_m3m/MOSS/tile_20919.png,5
arctic_vegetation/20230724_sedge_mosstundra16_m3m/MOSS/tile_20920.png,5
arctic_vegetation/20230724_sedge_mosstundra16_m3m/MOSS/tile_20921.png,5
arctic_vegetation/20230724_sedge_mosstundra16_m3m/TUSS/tile_20922.png,10
arctic_vegetation/20230724_sedge_mosstundra16_m3m/TUSS/tile_20923.png,10
arctic_vegetation/20230724_sedge_mosstundra16_m3m/TUSS/tile_20924.png,10
arctic_vegetation/20230724_sedge_mosstundra16_m3m/MOSS/tile_20931.png,5
arctic_vegetation/20230724_sedge_mosstundra16_m3m/MOSS/tile_20932.png,5
arctic_vegetation/20230724_sedge_mosstundra16_m3m/MOSS/tile_20933.png,5
arctic_vegetation/20230724_sedge_mosstundra16_m3m/MOSS/tile_21057.png,5
arctic_vegetation/20230724_sedge_mosstundra16_m3m/MOSS/tile_21058.png,5
arctic_vegetation/20230724_sedge_mosstundra16_m3m/MOSS/tile_21059.png,5
arctic_vegetation/20230724_sedge_mosstundra16_m3m/MOSS/tile_21079.png,5
arctic_vegetation/20230724_sedge_mosstundra16_m3m/MOSS/tile_21080.png,5
arctic_vegetation/20230724_sedge_mosstundra16_m3m/MOSS/tile_21081.png,5
arctic_vegetation/20230724_sedge_mosstundra16_m3m/MOSS/tile_21082.png,5
arctic_vegetation/20230724_sedge_mosstundra16_m3m/MOSS/tile_21083.png,5
arctic_vegetation/20230724_sedge_mosstundra16_m3m/MOSS/tile_21110.png,5
arctic_vegetation/20230724_sedge_mosstundra16_m3m/MOSS/tile_21111.png,5
arctic_vegetation/20230724_sedge_mosstundra16_m3m/MOSS/tile_21112.png,5
arctic_vegetation/20230724_sedge_mosstundra16_m3m/SEDG/tile_21113.png,9
arctic_vegetation/20230724_sedge_mosstundra16_m3m/SEDG/tile_21114.png,9
arctic_vegetation/20230724_sedge_mosstundra16_m3m/SEDG/tile_21115.png,9
arctic_vegetation/20230724_sedge_mosstundra16_m3m/MOSS/tile_21116.png,5
arctic_vegetation/20230724_sedge_mosstundra16_m3m/MOSS/tile_21117.png,5
arctic_vegetation/20230724_sedge_mosstundra16_m3m/MOSS/tile_21118.png,5
arctic_vegetation/20230724_sedge_mosstundra16_m3m/SEDG/tile_21119.png,9
arctic_vegetation/20230724_sedge_mosstundra16_m3m/SEDG/tile_21120.png,9
arctic_vegetation/20230724_sedge_mosstundra16_m3m/SEDG/tile_21121.png,9
arctic_vegetation/20230724_sedge_mosstundra16_m3m/SEDG/tile_21122.png,9
arctic_vegetation/20230724_sedge_mosstundra16_m3m/SEDG/tile_21123.png,9
arctic_vegetation/20230724_sedge_mosstundra16_m3m/MOSS/tile_21124.png,5
arctic_vegetation/20230724_sedge_mosstundra16_m3m/TUSS/tile_21125.png,10
arctic_vegetation/20230724_sedge_mosstundra16_m3m/TUSS/tile_21126.png,10
arctic_vegetation/20230724_sedge_mosstundra16_m3m/TUSS/tile_21127.png,10
arctic_vegetation/20230724_sedge_mosstundra16_m3m/MOSS/tile_21134.png,5
arctic_vegetation/20230724_sedge_mosstundra16_m3m/MOSS/tile_21135.png,5
arctic_vegetation/20230724_sedge_mosstundra16_m3m/MOSS/tile_21136.png,5
arctic_vegetation/20230724_sedge_mosstundra16_m3m/MOSS/tile_21249.png,5
arctic_vegetation/20230724_sedge_mosstundra16_m3m/MOSS/tile_21250.png,5
arctic_vegetation/20230724_sedge_mosstundra16_m3m/BIRC/tile_21251.png,2
arctic_vegetation/20230724_sedge_mosstundra16_m3m/BIRC/tile_21252.png,2
arctic_vegetation/20230724_sedge_mosstundra16_m3m/BIRC/tile_21253.png,2
arctic_vegetation/20230724_sedge_mosstundra16_m3m/MOSS/tile_21261.png,5
arctic_vegetation/20230724_sedge_mosstundra16_m3m/MOSS/tile_21262.png,5
arctic_vegetation/20230724_sedge_mosstundra16_m3m/MOSS/tile_21263.png,5
arctic_vegetation/20230724_sedge_mosstundra16_m3m/MOSS/tile_21282.png,5
arctic_vegetation/20230724_sedge_mosstundra16_m3m/MOSS/tile_21283.png,5
arctic_vegetation/20230724_sedge_mosstundra16_m3m/MOSS/tile_21284.png,5
arctic_vegetation/20230724_sedge_mosstundra16_m3m/MOSS/tile_21285.png,5
arctic_vegetation/20230724_sedge_mosstundra16_m3m/SEDG/tile_21310.png,9
arctic_vegetation/20230724_sedge_mosstundra16_m3m/SEDG/tile_21311.png,9
arctic_vegetation/20230724_sedge_mosstundra16_m3m/SEDG/tile_21312.png,9
arctic_vegetation/20230724_sedge_mosstundra16_m3m/SEDG/tile_21313.png,9
arctic_vegetation/20230724_sedge_mosstundra16_m3m/SEDG/tile_21314.png,9
arctic_vegetation/20230724_sedge_mosstundra16_m3m/MOSS/tile_21315.png,5
arctic_vegetation/20230724_sedge_mosstundra16_m3m/SEDG/tile_21316.png,9
arctic_vegetation/20230724_sedge_mosstundra16_m3m/SEDG/tile_21317.png,9
arctic_vegetation/20230724_sedge_mosstundra16_m3m/SEDG/tile_21318.png,9
arctic_vegetation/20230724_sedge_mosstundra16_m3m/MOSS/tile_21319.png,5
arctic_vegetation/20230724_sedge_mosstundra16_m3m/SEDG/tile_21320.png,9
arctic_vegetation/20230724_sedge_mosstundra16_m3m/SEDG/tile_21321.png,9
arctic_vegetation/20230724_sedge_mosstundra16_m3m/SEDG/tile_21322.png,9
arctic_vegetation/20230724_sedge_mosstundra16_m3m/SEDG/tile_21323.png,9
arctic_vegetation/20230724_sedge_mosstundra16_m3m/SEDG/tile_21324.png,9
arctic_vegetation/20230724_sedge_mosstundra16_m3m/SEDG/tile_21325.png,9
arctic_vegetation/20230724_sedge_mosstundra16_m3m/SEDG/tile_21326.png,9
arctic_vegetation/20230724_sedge_mosstundra16_m3m/MOSS/tile_21327.png,5
arctic_vegetation/20230724_sedge_mosstundra16_m3m/MOSS/tile_21328.png,5
arctic_vegetation/20230724_sedge_mosstundra16_m3m/MOSS/tile_21329.png,5
arctic_vegetation/20230724_sedge_mosstundra16_m3m/MOSS/tile_21330.png,5
arctic_vegetation/20230724_sedge_mosstundra16_m3m/MOSS/tile_21331.png,5
arctic_vegetation/20230724_sedge_mosstundra16_m3m/MOSS/tile_21335.png,5
arctic_vegetation/20230724_sedge_mosstundra16_m3m/MOSS/tile_21336.png,5
arctic_vegetation/20230724_sedge_mosstundra16_m3m/MOSS/tile_21337.png,5
arctic_vegetation/20230724_sedge_mosstundra16_m3m/MOSS/tile_21338.png,5
arctic_vegetation/20230724_sedge_mosstundra16_m3m/MOSS/tile_21339.png,5
arctic_vegetation/20230724_sedge_mosstundra16_m3m/MOSS/tile_21452.png,5
arctic_vegetation/20230724_sedge_mosstundra16_m3m/MOSS/tile_21453.png,5
arctic_vegetation/20230724_sedge_mosstundra16_m3m/MOSS/tile_21454.png,5
arctic_vegetation/20230724_sedge_mosstundra16_m3m/BIRC/tile_21455.png,2
arctic_vegetation/20230724_sedge_mosstundra16_m3m/BIRC/tile_21456.png,2
arctic_vegetation/20230724_sedge_mosstundra16_m3m/MOSS/tile_21461.png,5
arctic_vegetation/20230724_sedge_mosstundra16_m3m/MOSS/tile_21462.png,5
arctic_vegetation/20230724_sedge_mosstundra16_m3m/MOSS/tile_21464.png,5
arctic_vegetation/20230724_sedge_mosstundra16_m3m/MOSS/tile_21465.png,5
arctic_vegetation/20230724_sedge_mosstundra16_m3m/MOSS/tile_21466.png,5
arctic_vegetation/20230724_sedge_mosstundra16_m3m/MOSS/tile_21473.png,5
arctic_vegetation/20230724_sedge_mosstundra16_m3m/MOSS/tile_21474.png,5
arctic_vegetation/20230724_sedge_mosstundra16_m3m/MOSS/tile_21475.png,5
arctic_vegetation/20230724_sedge_mosstundra16_m3m/MOSS/tile_21476.png,5
arctic_vegetation/20230724_sedge_mosstundra16_m3m/MOSS/tile_21485.png,5
arctic_vegetation/20230724_sedge_mosstundra16_m3m/MOSS/tile_21486.png,5
arctic_vegetation/20230724_sedge_mosstundra16_m3m/MOSS/tile_21487.png,5
arctic_vegetation/20230724_sedge_mosstundra16_m3m/MOSS/tile_21488.png,5
arctic_vegetation/20230724_sedge_mosstundra16_m3m/SEDG/tile_21513.png,9
arctic_vegetation/20230724_sedge_mosstundra16_m3m/SEDG/tile_21514.png,9
arctic_vegetation/20230724_sedge_mosstundra16_m3m/SEDG/tile_21515.png,9
arctic_vegetation/20230724_sedge_mosstundra16_m3m/SEDG/tile_21516.png,9
arctic_vegetation/20230724_sedge_mosstundra16_m3m/SEDG/tile_21517.png,9
arctic_vegetation/20230724_sedge_mosstundra16_m3m/SEDG/tile_21518.png,9
arctic_vegetation/20230724_sedge_mosstundra16_m3m/SEDG/tile_21519.png,9
arctic_vegetation/20230724_sedge_mosstundra16_m3m/SEDG/tile_21520.png,9
arctic_vegetation/20230724_sedge_mosstundra16_m3m/SEDG/tile_21521.png,9
arctic_vegetation/20230724_sedge_mosstundra16_m3m/MOSS/tile_21522.png,5
arctic_vegetation/20230724_sedge_mosstundra16_m3m/MOSS/tile_21523.png,5
arctic_vegetation/20230724_sedge_mosstundra16_m3m/MOSS/tile_21524.png,5
arctic_vegetation/20230724_sedge_mosstundra16_m3m/SEDG/tile_21525.png,9
arctic_vegetation/20230724_sedge_mosstundra16_m3m/SEDG/tile_21526.png,9
arctic_vegetation/20230724_sedge_mosstundra16_m3m/SEDG/tile_21527.png,9
arctic_vegetation/20230724_sedge_mosstundra16_m3m/SEDG/tile_21528.png,9
arctic_vegetation/20230724_sedge_mosstundra16_m3m/SEDG/tile_21529.png,9
arctic_vegetation/20230724_sedge_mosstundra16_m3m/MOSS/tile_21530.png,5
arctic_vegetation/20230724_sedge_mosstundra16_m3m/MOSS/tile_21531.png,5
arctic_vegetation/20230724_sedge_mosstundra16_m3m/MOSS/tile_21532.png,5
arctic_vegetation/20230724_sedge_mosstundra16_m3m/MOSS/tile_21533.png,5
arctic_vegetation/20230724_sedge_mosstundra16_m3m/MOSS/tile_21534.png,5
arctic_vegetation/20230724_sedge_mosstundra16_m3m/MOSS/tile_21536.png,5
arctic_vegetation/20230724_sedge_mosstundra16_m3m/MOSS/tile_21537.png,5
arctic_vegetation/20230724_sedge_mosstundra16_m3m/MOSS/tile_21538.png,5
arctic_vegetation/20230724_sedge_mosstundra16_m3m/MOSS/tile_21539.png,5
arctic_vegetation/20230724_sedge_mosstundra16_m3m/MOSS/tile_21540.png,5
arctic_vegetation/20230724_sedge_mosstundra16_m3m/MOSS/tile_21541.png,5
arctic_vegetation/20230724_sedge_mosstundra16_m3m/MOSS/tile_21653.png,5
arctic_vegetation/20230724_sedge_mosstundra16_m3m/MOSS/tile_21654.png,5
arctic_vegetation/20230724_sedge_mosstundra16_m3m/MOSS/tile_21655.png,5
arctic_vegetation/20230724_sedge_mosstundra16_m3m/MOSS/tile_21656.png,5
arctic_vegetation/20230724_sedge_mosstundra16_m3m/MOSS/tile_21662.png,5
arctic_vegetation/20230724_sedge_mosstundra16_m3m/MOSS/tile_21663.png,5
arctic_vegetation/20230724_sedge_mosstundra16_m3m/MOSS/tile_21666.png,5
arctic_vegetation/20230724_sedge_mosstundra16_m3m/MOSS/tile_21667.png,5
arctic_vegetation/20230724_sedge_mosstundra16_m3m/MOSS/tile_21669.png,5
arctic_vegetation/20230724_sedge_mosstundra16_m3m/MOSS/tile_21670.png,5
arctic_vegetation/20230724_sedge_mosstundra16_m3m/MOSS/tile_21674.png,5
arctic_vegetation/20230724_sedge_mosstundra16_m3m/MOSS/tile_21675.png,5
arctic_vegetation/20230724_sedge_mosstundra16_m3m/MOSS/tile_21676.png,5
arctic_vegetation/20230724_sedge_mosstundra16_m3m/MOSS/tile_21677.png,5
arctic_vegetation/20230724_sedge_mosstundra16_m3m/MOSS/tile_21686.png,5
arctic_vegetation/20230724_sedge_mosstundra16_m3m/MOSS/tile_21687.png,5
arctic_vegetation/20230724_sedge_mosstundra16_m3m/MOSS/tile_21688.png,5
arctic_vegetation/20230724_sedge_mosstundra16_m3m/MOSS/tile_21689.png,5
arctic_vegetation/20230724_sedge_mosstundra16_m3m/MOSS/tile_21690.png,5
arctic_vegetation/20230724_sedge_mosstundra16_m3m/MOSS/tile_21691.png,5
arctic_vegetation/20230724_sedge_mosstundra16_m3m/MOSS/tile_21692.png,5
arctic_vegetation/20230724_sedge_mosstundra16_m3m/SEDG/tile_21714.png,9
arctic_vegetation/20230724_sedge_mosstundra16_m3m/SEDG/tile_21715.png,9
arctic_vegetation/20230724_sedge_mosstundra16_m3m/SEDG/tile_21716.png,9
arctic_vegetation/20230724_sedge_mosstundra16_m3m/SEDG/tile_21717.png,9
arctic_vegetation/20230724_sedge_mosstundra16_m3m/SEDG/tile_21718.png,9
arctic_vegetation/20230724_sedge_mosstundra16_m3m/SEDG/tile_21719.png,9
arctic_vegetation/20230724_sedge_mosstundra16_m3m/SEDG/tile_21720.png,9
arctic_vegetation/20230724_sedge_mosstundra16_m3m/SEDG/tile_21721.png,9
arctic_vegetation/20230724_sedge_mosstundra16_m3m/SEDG/tile_21722.png,9
arctic_vegetation/20230724_sedge_mosstundra16_m3m/SEDG/tile_21723.png,9
arctic_vegetation/20230724_sedge_mosstundra16_m3m/MOSS/tile_21724.png,5
arctic_vegetation/20230724_sedge_mosstundra16_m3m/MOSS/tile_21725.png,5
arctic_vegetation/20230724_sedge_mosstundra16_m3m/SEDG/tile_21726.png,9
arctic_vegetation/20230724_sedge_mosstundra16_m3m/SEDG/tile_21727.png,9
arctic_vegetation/20230724_sedge_mosstundra16_m3m/SEDG/tile_21728.png,9
arctic_vegetation/20230724_sedge_mosstundra16_m3m/SEDG/tile_21729.png,9
arctic_vegetation/20230724_sedge_mosstundra16_m3m/SEDG/tile_21730.png,9
arctic_vegetation/20230724_sedge_mosstundra16_m3m/MOSS/tile_21731.png,5
arctic_vegetation/20230724_sedge_mosstundra16_m3m/MOSS/tile_21732.png,5
arctic_vegetation/20230724_sedge_mosstundra16_m3m/MOSS/tile_21734.png,5
arctic_vegetation/20230724_sedge_mosstundra16_m3m/MOSS/tile_21735.png,5
arctic_vegetation/20230724_sedge_mosstundra16_m3m/MOSS/tile_21736.png,5
arctic_vegetation/20230724_sedge_mosstundra16_m3m/MOSS/tile_21737.png,5
arctic_vegetation/20230724_sedge_mosstundra16_m3m/MOSS/tile_21738.png,5
arctic_vegetation/20230724_sedge_mosstundra16_m3m/MOSS/tile_21739.png,5
arctic_vegetation/20230724_sedge_mosstundra16_m3m/MOSS/tile_21740.png,5
arctic_vegetation/20230724_sedge_mosstundra16_m3m/BIRC/tile_21854.png,2
arctic_vegetation/20230724_sedge_mosstundra16_m3m/BIRC/tile_21855.png,2
arctic_vegetation/20230724_sedge_mosstundra16_m3m/MOSS/tile_21856.png,5
arctic_vegetation/20230724_sedge_mosstundra16_m3m/MOSS/tile_21857.png,5
arctic_vegetation/20230724_sedge_mosstundra16_m3m/MOSS/tile_21858.png,5
arctic_vegetation/20230724_sedge_mosstundra16_m3m/MOSS/tile_21859.png,5
arctic_vegetation/20230724_sedge_mosstundra16_m3m/MOSS/tile_21860.png,5
arctic_vegetation/20230724_sedge_mosstundra16_m3m/MOSS/tile_21870.png,5
arctic_vegetation/20230724_sedge_mosstundra16_m3m/MOSS/tile_21871.png,5
arctic_vegetation/20230724_sedge_mosstundra16_m3m/MOSS/tile_21876.png,5
arctic_vegetation/20230724_sedge_mosstundra16_m3m/MOSS/tile_21877.png,5
arctic_vegetation/20230724_sedge_mosstundra16_m3m/MOSS/tile_21878.png,5
arctic_vegetation/20230724_sedge_mosstundra16_m3m/MOSS/tile_21879.png,5
arctic_vegetation/20230724_sedge_mosstundra16_m3m/MOSS/tile_21880.png,5
arctic_vegetation/20230724_sedge_mosstundra16_m3m/MOSS/tile_21887.png,5
arctic_vegetation/20230724_sedge_mosstundra16_m3m/MOSS/tile_21888.png,5
arctic_vegetation/20230724_sedge_mosstundra16_m3m/MOSS/tile_21891.png,5
arctic_vegetation/20230724_sedge_mosstundra16_m3m/MOSS/tile_21892.png,5
arctic_vegetation/20230724_sedge_mosstundra16_m3m/MOSS/tile_21893.png,5
arctic_vegetation/20230724_sedge_mosstundra16_m3m/MOSS/tile_21894.png,5
arctic_vegetation/20230724_sedge_mosstundra16_m3m/MOSS/tile_21917.png,5
arctic_vegetation/20230724_sedge_mosstundra16_m3m/SEDG/tile_21918.png,9
arctic_vegetation/20230724_sedge_mosstundra16_m3m/SEDG/tile_21919.png,9
arctic_vegetation/20230724_sedge_mosstundra16_m3m/SEDG/tile_21920.png,9
arctic_vegetation/20230724_sedge_mosstundra16_m3m/SEDG/tile_21921.png,9
arctic_vegetation/20230724_sedge_mosstundra16_m3m/SEDG/tile_21922.png,9
arctic_vegetation/20230724_sedge_mosstundra16_m3m/SEDG/tile_21923.png,9
arctic_vegetation/20230724_sedge_mosstundra16_m3m/SEDG/tile_21924.png,9
arctic_vegetation/20230724_sedge_mosstundra16_m3m/SEDG/tile_21927.png,9
arctic_vegetation/20230724_sedge_mosstundra16_m3m/SEDG/tile_21928.png,9
arctic_vegetation/20230724_sedge_mosstundra16_m3m/SEDG/tile_21929.png,9
arctic_vegetation/20230724_sedge_mosstundra16_m3m/SEDG/tile_21930.png,9
arctic_vegetation/20230724_sedge_mosstundra16_m3m/SEDG/tile_21931.png,9
arctic_vegetation/20230724_sedge_mosstundra16_m3m/MOSS/tile_21937.png,5
arctic_vegetation/20230724_sedge_mosstundra16_m3m/MOSS/tile_21938.png,5
arctic_vegetation/20230724_sedge_mosstundra16_m3m/MOSS/tile_21939.png,5
arctic_vegetation/20230724_sedge_mosstundra16_m3m/BIRC/tile_22056.png,2
arctic_vegetation/20230724_sedge_mosstundra16_m3m/BIRC/tile_22057.png,2
arctic_vegetation/20230724_sedge_mosstundra16_m3m/MOSS/tile_22060.png,5
arctic_vegetation/20230724_sedge_mosstundra16_m3m/MOSS/tile_22061.png,5
arctic_vegetation/20230724_sedge_mosstundra16_m3m/MOSS/tile_22062.png,5
arctic_vegetation/20230724_sedge_mosstundra16_m3m/MOSS/tile_22072.png,5
arctic_vegetation/20230724_sedge_mosstundra16_m3m/MOSS/tile_22073.png,5
arctic_vegetation/20230724_sedge_mosstundra16_m3m/MOSS/tile_22074.png,5
arctic_vegetation/20230724_sedge_mosstundra16_m3m/MOSS/tile_22075.png,5
arctic_vegetation/20230724_sedge_mosstundra16_m3m/MOSS/tile_22079.png,5
arctic_vegetation/20230724_sedge_mosstundra16_m3m/MOSS/tile_22080.png,5
arctic_vegetation/20230724_sedge_mosstundra16_m3m/MOSS/tile_22081.png,5
arctic_vegetation/20230724_sedge_mosstundra16_m3m/MOSS/tile_22082.png,5
arctic_vegetation/20230724_sedge_mosstundra16_m3m/MOSS/tile_22083.png,5
arctic_vegetation/20230724_sedge_mosstundra16_m3m/MOSS/tile_22091.png,5
arctic_vegetation/20230724_sedge_mosstundra16_m3m/MOSS/tile_22092.png,5
arctic_vegetation/20230724_sedge_mosstundra16_m3m/MOSS/tile_22093.png,5
arctic_vegetation/20230724_sedge_mosstundra16_m3m/MOSS/tile_22094.png,5
arctic_vegetation/20230724_sedge_mosstundra16_m3m/MOSS/tile_22095.png,5
arctic_vegetation/20230724_sedge_mosstundra16_m3m/MOSS/tile_22096.png,5
arctic_vegetation/20230724_sedge_mosstundra16_m3m/MOSS/tile_22119.png,5
arctic_vegetation/20230724_sedge_mosstundra16_m3m/MOSS/tile_22120.png,5
arctic_vegetation/20230724_sedge_mosstundra16_m3m/MOSS/tile_22139.png,5
arctic_vegetation/20230724_sedge_mosstundra16_m3m/MOSS/tile_22140.png,5
arctic_vegetation/20230724_sedge_mosstundra16_m3m/MOSS/tile_22258.png,5
arctic_vegetation/20230724_sedge_mosstundra16_m3m/MOSS/tile_22259.png,5
arctic_vegetation/20230724_sedge_mosstundra16_m3m/MOSS/tile_22260.png,5
arctic_vegetation/20230724_sedge_mosstundra16_m3m/MOSS/tile_22261.png,5
arctic_vegetation/20230724_sedge_mosstundra16_m3m/MOSS/tile_22262.png,5
arctic_vegetation/20230724_sedge_mosstundra16_m3m/MOSS/tile_22263.png,5
arctic_vegetation/20230724_sedge_mosstundra16_m3m/MOSS/tile_22264.png,5
arctic_vegetation/20230724_sedge_mosstundra16_m3m/MOSS/tile_22265.png,5
arctic_vegetation/20230724_sedge_mosstundra16_m3m/MOSS/tile_22275.png,5
arctic_vegetation/20230724_sedge_mosstundra16_m3m/MOSS/tile_22276.png,5
arctic_vegetation/20230724_sedge_mosstundra16_m3m/MOSS/tile_22277.png,5
arctic_vegetation/20230724_sedge_mosstundra16_m3m/MOSS/tile_22278.png,5
arctic_vegetation/20230724_sedge_mosstundra16_m3m/MOSS/tile_22282.png,5
arctic_vegetation/20230724_sedge_mosstundra16_m3m/MOSS/tile_22283.png,5
arctic_vegetation/20230724_sedge_mosstundra16_m3m/MOSS/tile_22284.png,5
arctic_vegetation/20230724_sedge_mosstundra16_m3m/MOSS/tile_22285.png,5
arctic_vegetation/20230724_sedge_mosstundra16_m3m/MOSS/tile_22286.png,5
arctic_vegetation/20230724_sedge_mosstundra16_m3m/MOSS/tile_22287.png,5
arctic_vegetation/20230724_sedge_mosstundra16_m3m/MOSS/tile_22288.png,5
arctic_vegetation/20230724_sedge_mosstundra16_m3m/SEDG/tile_22293.png,9
arctic_vegetation/20230724_sedge_mosstundra16_m3m/MOSS/tile_22294.png,5
arctic_vegetation/20230724_sedge_mosstundra16_m3m/MOSS/tile_22295.png,5
arctic_vegetation/20230724_sedge_mosstundra16_m3m/MOSS/tile_22296.png,5
arctic_vegetation/20230724_sedge_mosstundra16_m3m/MOSS/tile_22297.png,5
arctic_vegetation/20230724_sedge_mosstundra16_m3m/MOSS/tile_22298.png,5
arctic_vegetation/20230724_sedge_mosstundra16_m3m/MOSS/tile_22299.png,5
arctic_vegetation/20230724_sedge_mosstundra16_m3m/MOSS/tile_22461.png,5
arctic_vegetation/20230724_sedge_mosstundra16_m3m/MOSS/tile_22462.png,5
arctic_vegetation/20230724_sedge_mosstundra16_m3m/MOSS/tile_22463.png,5
arctic_vegetation/20230724_sedge_mosstundra16_m3m/MOSS/tile_22464.png,5
arctic_vegetation/20230724_sedge_mosstundra16_m3m/MOSS/tile_22465.png,5
arctic_vegetation/20230724_sedge_mosstundra16_m3m/MOSS/tile_22466.png,5
arctic_vegetation/20230724_sedge_mosstundra16_m3m/MOSS/tile_22478.png,5
arctic_vegetation/20230724_sedge_mosstundra16_m3m/MOSS/tile_22479.png,5
arctic_vegetation/20230724_sedge_mosstundra16_m3m/MOSS/tile_22480.png,5
arctic_vegetation/20230724_sedge_mosstundra16_m3m/MOSS/tile_22481.png,5
arctic_vegetation/20230724_sedge_mosstundra16_m3m/MOSS/tile_22485.png,5
arctic_vegetation/20230724_sedge_mosstundra16_m3m/MOSS/tile_22486.png,5
arctic_vegetation/20230724_sedge_mosstundra16_m3m/MOSS/tile_22487.png,5
arctic_vegetation/20230724_sedge_mosstundra16_m3m/MOSS/tile_22488.png,5
arctic_vegetation/20230724_sedge_mosstundra16_m3m/MOSS/tile_22489.png,5
arctic_vegetation/20230724_sedge_mosstundra16_m3m/MOSS/tile_22490.png,5
arctic_vegetation/20230724_sedge_mosstundra16_m3m/MOSS/tile_22491.png,5
arctic_vegetation/20230724_sedge_mosstundra16_m3m/SEDG/tile_22496.png,9
arctic_vegetation/20230724_sedge_mosstundra16_m3m/MOSS/tile_22497.png,5
arctic_vegetation/20230724_sedge_mosstundra16_m3m/MOSS/tile_22498.png,5
arctic_vegetation/20230724_sedge_mosstundra16_m3m/MOSS/tile_22499.png,5
arctic_vegetation/20230724_sedge_mosstundra16_m3m/MOSS/tile_22500.png,5
arctic_vegetation/20230724_sedge_mosstundra16_m3m/MOSS/tile_22501.png,5
arctic_vegetation/20230724_sedge_mosstundra16_m3m/MOSS/tile_22502.png,5
arctic_vegetation/20230724_sedge_mosstundra16_m3m/MOSS/tile_22503.png,5
arctic_vegetation/20230724_sedge_mosstundra16_m3m/MOSS/tile_22504.png,5
arctic_vegetation/20230724_sedge_mosstundra16_m3m/TUSS/tile_22572.png,10
arctic_vegetation/20230724_sedge_mosstundra16_m3m/TUSS/tile_22573.png,10
arctic_vegetation/20230724_sedge_mosstundra16_m3m/TUSS/tile_22574.png,10
arctic_vegetation/20230724_sedge_mosstundra16_m3m/MOSS/tile_22664.png,5
arctic_vegetation/20230724_sedge_mosstundra16_m3m/MOSS/tile_22665.png,5
arctic_vegetation/20230724_sedge_mosstundra16_m3m/MOSS/tile_22667.png,5
arctic_vegetation/20230724_sedge_mosstundra16_m3m/MOSS/tile_22668.png,5
arctic_vegetation/20230724_sedge_mosstundra16_m3m/MOSS/tile_22669.png,5
arctic_vegetation/20230724_sedge_mosstundra16_m3m/MOSS/tile_22688.png,5
arctic_vegetation/20230724_sedge_mosstundra16_m3m/MOSS/tile_22689.png,5
arctic_vegetation/20230724_sedge_mosstundra16_m3m/MOSS/tile_22690.png,5
arctic_vegetation/20230724_sedge_mosstundra16_m3m/MOSS/tile_22691.png,5
arctic_vegetation/20230724_sedge_mosstundra16_m3m/MOSS/tile_22692.png,5
arctic_vegetation/20230724_sedge_mosstundra16_m3m/MOSS/tile_22693.png,5
arctic_vegetation/20230724_sedge_mosstundra16_m3m/MOSS/tile_22694.png,5
arctic_vegetation/20230724_sedge_mosstundra16_m3m/SEDG/tile_22699.png,9
arctic_vegetation/20230724_sedge_mosstundra16_m3m/SEDG/tile_22700.png,9
arctic_vegetation/20230724_sedge_mosstundra16_m3m/SEDG/tile_22701.png,9
arctic_vegetation/20230724_sedge_mosstundra16_m3m/SEDG/tile_22702.png,9
arctic_vegetation/20230724_sedge_mosstundra16_m3m/MOSS/tile_22703.png,5
arctic_vegetation/20230724_sedge_mosstundra16_m3m/MOSS/tile_22704.png,5
arctic_vegetation/20230724_sedge_mosstundra16_m3m/MOSS/tile_22705.png,5
arctic_vegetation/20230724_sedge_mosstundra16_m3m/MOSS/tile_22706.png,5
arctic_vegetation/20230724_sedge_mosstundra16_m3m/MOSS/tile_22707.png,5
arctic_vegetation/20230724_sedge_mosstundra16_m3m/TUSS/tile_22775.png,10
arctic_vegetation/20230724_sedge_mosstundra16_m3m/TUSS/tile_22776.png,10
arctic_vegetation/20230724_sedge_mosstundra16_m3m/TUSS/tile_22777.png,10
arctic_vegetation/20230724_sedge_mosstundra16_m3m/MOSS/tile_22883.png,5
arctic_vegetation/20230724_sedge_mosstundra16_m3m/MOSS/tile_22884.png,5
arctic_vegetation/20230724_sedge_mosstundra16_m3m/MOSS/tile_22885.png,5
arctic_vegetation/20230724_sedge_mosstundra16_m3m/MOSS/tile_22890.png,5
arctic_vegetation/20230724_sedge_mosstundra16_m3m/MOSS/tile_22891.png,5
arctic_vegetation/20230724_sedge_mosstundra16_m3m/MOSS/tile_22892.png,5
arctic_vegetation/20230724_sedge_mosstundra16_m3m/MOSS/tile_22893.png,5
arctic_vegetation/20230724_sedge_mosstundra16_m3m/MOSS/tile_22894.png,5
arctic_vegetation/20230724_sedge_mosstundra16_m3m/MOSS/tile_22895.png,5
arctic_vegetation/20230724_sedge_mosstundra16_m3m/MOSS/tile_22896.png,5
arctic_vegetation/20230724_sedge_mosstundra16_m3m/MOSS/tile_22897.png,5
arctic_vegetation/20230724_sedge_mosstundra16_m3m/MOSS/tile_22900.png,5
arctic_vegetation/20230724_sedge_mosstundra16_m3m/MOSS/tile_22901.png,5
arctic_vegetation/20230724_sedge_mosstundra16_m3m/MOSS/tile_22902.png,5
arctic_vegetation/20230724_sedge_mosstundra16_m3m/MOSS/tile_22907.png,5
arctic_vegetation/20230724_sedge_mosstundra16_m3m/MOSS/tile_22908.png,5
arctic_vegetation/20230724_sedge_mosstundra16_m3m/MOSS/tile_22909.png,5
arctic_vegetation/20230724_sedge_mosstundra16_m3m/MOSS/tile_22910.png,5
arctic_vegetation/20230724_sedge_mosstundra16_m3m/SEDG/tile_22975.png,9
arctic_vegetation/20230724_sedge_mosstundra16_m3m/MOSS/tile_22976.png,5
arctic_vegetation/20230724_sedge_mosstundra16_m3m/MOSS/tile_22977.png,5
arctic_vegetation/20230724_sedge_mosstundra16_m3m/MOSS/tile_22978.png,5
arctic_vegetation/20230724_sedge_mosstundra16_m3m/MOSS/tile_22979.png,5
arctic_vegetation/20230724_sedge_mosstundra16_m3m/MOSS/tile_22980.png,5
arctic_vegetation/20230724_sedge_mosstundra16_m3m/TUSS/tile_22984.png,10
arctic_vegetation/20230724_sedge_mosstundra16_m3m/TUSS/tile_22985.png,10
arctic_vegetation/20230724_sedge_mosstundra16_m3m/TUSS/tile_22986.png,10
arctic_vegetation/20230724_sedge_mosstundra16_m3m/MOSS/tile_23086.png,5
arctic_vegetation/20230724_sedge_mosstundra16_m3m/MOSS/tile_23087.png,5
arctic_vegetation/20230724_sedge_mosstundra16_m3m/MOSS/tile_23088.png,5
arctic_vegetation/20230724_sedge_mosstundra16_m3m/MOSS/tile_23093.png,5
arctic_vegetation/20230724_sedge_mosstundra16_m3m/MOSS/tile_23094.png,5
arctic_vegetation/20230724_sedge_mosstundra16_m3m/MOSS/tile_23095.png,5
arctic_vegetation/20230724_sedge_mosstundra16_m3m/MOSS/tile_23096.png,5
arctic_vegetation/20230724_sedge_mosstundra16_m3m/MOSS/tile_23097.png,5
arctic_vegetation/20230724_sedge_mosstundra16_m3m/MOSS/tile_23098.png,5
arctic_vegetation/20230724_sedge_mosstundra16_m3m/MOSS/tile_23103.png,5
arctic_vegetation/20230724_sedge_mosstundra16_m3m/MOSS/tile_23104.png,5
arctic_vegetation/20230724_sedge_mosstundra16_m3m/MOSS/tile_23105.png,5
arctic_vegetation/20230724_sedge_mosstundra16_m3m/MOSS/tile_23112.png,5
arctic_vegetation/20230724_sedge_mosstundra16_m3m/MOSS/tile_23113.png,5
arctic_vegetation/20230724_sedge_mosstundra16_m3m/SEDG/tile_23178.png,9
arctic_vegetation/20230724_sedge_mosstundra16_m3m/TUSS/tile_23179.png,10
arctic_vegetation/20230724_sedge_mosstundra16_m3m/TUSS/tile_23180.png,10
arctic_vegetation/20230724_sedge_mosstundra16_m3m/TUSS/tile_23181.png,10
arctic_vegetation/20230724_sedge_mosstundra16_m3m/MOSS/tile_23182.png,5
arctic_vegetation/20230724_sedge_mosstundra16_m3m/MOSS/tile_23183.png,5
arctic_vegetation/20230724_sedge_mosstundra16_m3m/TUSS/tile_23187.png,10
arctic_vegetation/20230724_sedge_mosstundra16_m3m/TUSS/tile_23188.png,10
arctic_vegetation/20230724_sedge_mosstundra16_m3m/TUSS/tile_23189.png,10
arctic_vegetation/20230724_sedge_mosstundra16_m3m/MOSS/tile_23289.png,5
arctic_vegetation/20230724_sedge_mosstundra16_m3m/MOSS/tile_23290.png,5
arctic_vegetation/20230724_sedge_mosstundra16_m3m/MOSS/tile_23291.png,5
arctic_vegetation/20230724_sedge_mosstundra16_m3m/MOSS/tile_23296.png,5
arctic_vegetation/20230724_sedge_mosstundra16_m3m/MOSS/tile_23297.png,5
arctic_vegetation/20230724_sedge_mosstundra16_m3m/MOSS/tile_23298.png,5
arctic_vegetation/20230724_sedge_mosstundra16_m3m/MOSS/tile_23299.png,5
arctic_vegetation/20230724_sedge_mosstundra16_m3m/TUSS/tile_23379.png,10
arctic_vegetation/20230724_sedge_mosstundra16_m3m/TUSS/tile_23380.png,10
arctic_vegetation/20230724_sedge_mosstundra16_m3m/TUSS/tile_23381.png,10
arctic_vegetation/20230724_sedge_mosstundra16_m3m/TUSS/tile_23382.png,10
arctic_vegetation/20230724_sedge_mosstundra16_m3m/TUSS/tile_23383.png,10
arctic_vegetation/20230724_sedge_mosstundra16_m3m/TUSS/tile_23384.png,10
arctic_vegetation/20230724_sedge_mosstundra16_m3m/TUSS/tile_23385.png,10
arctic_vegetation/20230724_sedge_mosstundra16_m3m/TUSS/tile_23386.png,10
arctic_vegetation/20230724_sedge_mosstundra16_m3m/TUSS/tile_23389.png,10
arctic_vegetation/20230724_sedge_mosstundra16_m3m/TUSS/tile_23390.png,10
arctic_vegetation/20230724_sedge_mosstundra16_m3m/TUSS/tile_23391.png,10
arctic_vegetation/20230724_sedge_mosstundra16_m3m/TUSS/tile_23392.png,10
arctic_vegetation/20230724_sedge_mosstundra16_m3m/TUSS/tile_23582.png,10
arctic_vegetation/20230724_sedge_mosstundra16_m3m/TUSS/tile_23583.png,10
arctic_vegetation/20230724_sedge_mosstundra16_m3m/TUSS/tile_23584.png,10
arctic_vegetation/20230724_sedge_mosstundra16_m3m/TUSS/tile_23585.png,10
arctic_vegetation/20230724_sedge_mosstundra16_m3m/TUSS/tile_23586.png,10
arctic_vegetation/20230724_sedge_mosstundra16_m3m/TUSS/tile_23587.png,10
arctic_vegetation/20230724_sedge_mosstundra16_m3m/TUSS/tile_23588.png,10
arctic_vegetation/20230724_sedge_mosstundra16_m3m/TUSS/tile_23589.png,10
arctic_vegetation/20230724_sedge_mosstundra16_m3m/TUSS/tile_23592.png,10
arctic_vegetation/20230724_sedge_mosstundra16_m3m/TUSS/tile_23593.png,10
arctic_vegetation/20230724_sedge_mosstundra16_m3m/TUSS/tile_23594.png,10
arctic_vegetation/20230724_sedge_mosstundra16_m3m/TUSS/tile_23785.png,10
arctic_vegetation/20230724_sedge_mosstundra16_m3m/TUSS/tile_23786.png,10
arctic_vegetation/20230724_sedge_mosstundra16_m3m/TUSS/tile_23787.png,10
arctic_vegetation/20230724_sedge_mosstundra16_m3m/TUSS/tile_23788.png,10
arctic_vegetation/20230724_sedge_mosstundra16_m3m/TUSS/tile_23789.png,10
arctic_vegetation/20230724_sedge_mosstundra16_m3m/TUSS/tile_23790.png,10
arctic_vegetation/20230724_sedge_mosstundra16_m3m/TUSS/tile_23791.png,10
arctic_vegetation/20230724_sedge_mosstundra16_m3m/TUSS/tile_23792.png,10
arctic_vegetation/20230724_sedge_mosstundra16_m3m/SEDG/tile_24089.png,9
arctic_vegetation/20230724_sedge_mosstundra16_m3m/SEDG/tile_24090.png,9
arctic_vegetation/20230724_sedge_mosstundra16_m3m/BIRC/tile_24091.png,2
arctic_vegetation/20230724_sedge_mosstundra16_m3m/BIRC/tile_24092.png,2
arctic_vegetation/20230724_sedge_mosstundra16_m3m/MOSS/tile_24288.png,5
arctic_vegetation/20230724_sedge_mosstundra16_m3m/MOSS/tile_24289.png,5
arctic_vegetation/20230724_sedge_mosstundra16_m3m/MOSS/tile_24290.png,5
arctic_vegetation/20230724_sedge_mosstundra16_m3m/SEDG/tile_24291.png,9
arctic_vegetation/20230724_sedge_mosstundra16_m3m/SEDG/tile_24292.png,9
arctic_vegetation/20230724_sedge_mosstundra16_m3m/SEDG/tile_24293.png,9
arctic_vegetation/20230724_sedge_mosstundra16_m3m/BIRC/tile_24294.png,2
arctic_vegetation/20230724_sedge_mosstundra16_m3m/BIRC/tile_24295.png,2
arctic_vegetation/20230724_sedge_mosstundra16_m3m/MOSS/tile_24399.png,5
arctic_vegetation/20230724_sedge_mosstundra16_m3m/MOSS/tile_24400.png,5
arctic_vegetation/20230724_sedge_mosstundra16_m3m/MOSS/tile_24401.png,5
arctic_vegetation/20230724_sedge_mosstundra16_m3m/MOSS/tile_24402.png,5
arctic_vegetation/20230724_sedge_mosstundra16_m3m/MOSS/tile_24405.png,5
arctic_vegetation/20230724_sedge_mosstundra16_m3m/MOSS/tile_24406.png,5
arctic_vegetation/20230724_sedge_mosstundra16_m3m/MOSS/tile_24407.png,5
arctic_vegetation/20230724_sedge_mosstundra16_m3m/BIRC/tile_24491.png,2
arctic_vegetation/20230724_sedge_mosstundra16_m3m/BIRC/tile_24492.png,2
arctic_vegetation/20230724_sedge_mosstundra16_m3m/BIRC/tile_24493.png,2
arctic_vegetation/20230724_sedge_mosstundra16_m3m/BIRC/tile_24494.png,2
arctic_vegetation/20230724_sedge_mosstundra16_m3m/BIRC/tile_24495.png,2
arctic_vegetation/20230724_sedge_mosstundra16_m3m/SEDG/tile_24496.png,9
arctic_vegetation/20230724_sedge_mosstundra16_m3m/BIRC/tile_24497.png,2
arctic_vegetation/20230724_sedge_mosstundra16_m3m/BIRC/tile_24498.png,2
arctic_vegetation/20230724_sedge_mosstundra16_m3m/MOSS/tile_24569.png,5
arctic_vegetation/20230724_sedge_mosstundra16_m3m/MOSS/tile_24570.png,5
arctic_vegetation/20230724_sedge_mosstundra16_m3m/MOSS/tile_24602.png,5
arctic_vegetation/20230724_sedge_mosstundra16_m3m/MOSS/tile_24603.png,5
arctic_vegetation/20230724_sedge_mosstundra16_m3m/MOSS/tile_24604.png,5
arctic_vegetation/20230724_sedge_mosstundra16_m3m/MOSS/tile_24605.png,5
arctic_vegetation/20230724_sedge_mosstundra16_m3m/MOSS/tile_24606.png,5
arctic_vegetation/20230724_sedge_mosstundra16_m3m/MOSS/tile_24607.png,5
arctic_vegetation/20230724_sedge_mosstundra16_m3m/MOSS/tile_24608.png,5
arctic_vegetation/20230724_sedge_mosstundra16_m3m/MOSS/tile_24609.png,5
arctic_vegetation/20230724_sedge_mosstundra16_m3m/MOSS/tile_24610.png,5
arctic_vegetation/20230724_sedge_mosstundra16_m3m/MOSS/tile_24611.png,5
arctic_vegetation/20230724_sedge_mosstundra16_m3m/BIRC/tile_24694.png,2
arctic_vegetation/20230724_sedge_mosstundra16_m3m/BIRC/tile_24695.png,2
arctic_vegetation/20230724_sedge_mosstundra16_m3m/BIRC/tile_24696.png,2
arctic_vegetation/20230724_sedge_mosstundra16_m3m/BIRC/tile_24697.png,2
arctic_vegetation/20230724_sedge_mosstundra16_m3m/BIRC/tile_24698.png,2
arctic_vegetation/20230724_sedge_mosstundra16_m3m/BIRC/tile_24699.png,2
arctic_vegetation/20230724_sedge_mosstundra16_m3m/BIRC/tile_24700.png,2
arctic_vegetation/20230724_sedge_mosstundra16_m3m/BIRC/tile_24701.png,2
arctic_vegetation/20230724_sedge_mosstundra16_m3m/BIRC/tile_24702.png,2
arctic_vegetation/20230724_sedge_mosstundra16_m3m/MOSS/tile_24770.png,5
arctic_vegetation/20230724_sedge_mosstundra16_m3m/MOSS/tile_24771.png,5
arctic_vegetation/20230724_sedge_mosstundra16_m3m/MOSS/tile_24772.png,5
arctic_vegetation/20230724_sedge_mosstundra16_m3m/MOSS/tile_24773.png,5
arctic_vegetation/20230724_sedge_mosstundra16_m3m/MOSS/tile_24803.png,5
arctic_vegetation/20230724_sedge_mosstundra16_m3m/MOSS/tile_24804.png,5
arctic_vegetation/20230724_sedge_mosstundra16_m3m/MOSS/tile_24806.png,5
arctic_vegetation/20230724_sedge_mosstundra16_m3m/MOSS/tile_24807.png,5
arctic_vegetation/20230724_sedge_mosstundra16_m3m/MOSS/tile_24808.png,5
arctic_vegetation/20230724_sedge_mosstundra16_m3m/MOSS/tile_24809.png,5
arctic_vegetation/20230724_sedge_mosstundra16_m3m/MOSS/tile_24810.png,5
arctic_vegetation/20230724_sedge_mosstundra16_m3m/MOSS/tile_24811.png,5
arctic_vegetation/20230724_sedge_mosstundra16_m3m/MOSS/tile_24812.png,5
arctic_vegetation/20230724_sedge_mosstundra16_m3m/MOSS/tile_24813.png,5
arctic_vegetation/20230724_sedge_mosstundra16_m3m/MOSS/tile_24814.png,5
arctic_vegetation/20230724_sedge_mosstundra16_m3m/BIRC/tile_24900.png,2
arctic_vegetation/20230724_sedge_mosstundra16_m3m/BIRC/tile_24901.png,2
arctic_vegetation/20230724_sedge_mosstundra16_m3m/BIRC/tile_24902.png,2
arctic_vegetation/20230724_sedge_mosstundra16_m3m/BIRC/tile_24903.png,2
arctic_vegetation/20230724_sedge_mosstundra16_m3m/BIRC/tile_24904.png,2
arctic_vegetation/20230724_sedge_mosstundra16_m3m/BIRC/tile_24905.png,2
arctic_vegetation/20230724_sedge_mosstundra16_m3m/MOSS/tile_24957.png,5
arctic_vegetation/20230724_sedge_mosstundra16_m3m/MOSS/tile_24958.png,5
arctic_vegetation/20230724_sedge_mosstundra16_m3m/MOSS/tile_24959.png,5
arctic_vegetation/20230724_sedge_mosstundra16_m3m/MOSS/tile_24973.png,5
arctic_vegetation/20230724_sedge_mosstundra16_m3m/MOSS/tile_24974.png,5
arctic_vegetation/20230724_sedge_mosstundra16_m3m/MOSS/tile_24975.png,5
arctic_vegetation/20230724_sedge_mosstundra16_m3m/MOSS/tile_24976.png,5
arctic_vegetation/20230724_sedge_mosstundra16_m3m/MOSS/tile_25004.png,5
arctic_vegetation/20230724_sedge_mosstundra16_m3m/MOSS/tile_25005.png,5
arctic_vegetation/20230724_sedge_mosstundra16_m3m/MOSS/tile_25006.png,5
arctic_vegetation/20230724_sedge_mosstundra16_m3m/MOSS/tile_25007.png,5
arctic_vegetation/20230724_sedge_mosstundra16_m3m/MOSS/tile_25012.png,5
arctic_vegetation/20230724_sedge_mosstundra16_m3m/MOSS/tile_25013.png,5
arctic_vegetation/20230724_sedge_mosstundra16_m3m/MOSS/tile_25014.png,5
arctic_vegetation/20230724_sedge_mosstundra16_m3m/MOSS/tile_25015.png,5
arctic_vegetation/20230724_sedge_mosstundra16_m3m/MOSS/tile_25016.png,5
arctic_vegetation/20230724_sedge_mosstundra16_m3m/MOSS/tile_25017.png,5
arctic_vegetation/20230724_sedge_mosstundra16_m3m/MOSS/tile_25159.png,5
arctic_vegetation/20230724_sedge_mosstundra16_m3m/MOSS/tile_25160.png,5
arctic_vegetation/20230724_sedge_mosstundra16_m3m/MOSS/tile_25161.png,5
arctic_vegetation/20230724_sedge_mosstundra16_m3m/MOSS/tile_25162.png,5
arctic_vegetation/20230724_sedge_mosstundra16_m3m/MOSS/tile_25175.png,5
arctic_vegetation/20230724_sedge_mosstundra16_m3m/MOSS/tile_25176.png,5
arctic_vegetation/20230724_sedge_mosstundra16_m3m/MOSS/tile_25177.png,5
arctic_vegetation/20230724_sedge_mosstundra16_m3m/MOSS/tile_25178.png,5
arctic_vegetation/20230724_sedge_mosstundra16_m3m/MOSS/tile_25207.png,5
arctic_vegetation/20230724_sedge_mosstundra16_m3m/MOSS/tile_25208.png,5
arctic_vegetation/20230724_sedge_mosstundra16_m3m/MOSS/tile_25209.png,5
arctic_vegetation/20230724_sedge_mosstundra16_m3m/MOSS/tile_25210.png,5
arctic_vegetation/20230724_sedge_mosstundra16_m3m/MOSS/tile_25362.png,5
arctic_vegetation/20230724_sedge_mosstundra16_m3m/MOSS/tile_25363.png,5
arctic_vegetation/20230724_sedge_mosstundra16_m3m/MOSS/tile_25364.png,5
arctic_vegetation/20230724_sedge_mosstundra16_m3m/LICH/tile_25367.png,4
arctic_vegetation/20230724_sedge_mosstundra16_m3m/LICH/tile_25368.png,4
arctic_vegetation/20230724_sedge_mosstundra16_m3m/MOSS/tile_25378.png,5
arctic_vegetation/20230724_sedge_mosstundra16_m3m/MOSS/tile_25379.png,5
arctic_vegetation/20230724_sedge_mosstundra16_m3m/MOSS/tile_25380.png,5
arctic_vegetation/20230724_sedge_mosstundra16_m3m/MOSS/tile_25381.png,5
arctic_vegetation/20230724_sedge_mosstundra16_m3m/MOSS/tile_25410.png,5
arctic_vegetation/20230724_sedge_mosstundra16_m3m/MOSS/tile_25411.png,5
arctic_vegetation/20230724_sedge_mosstundra16_m3m/MOSS/tile_25412.png,5
arctic_vegetation/20230724_sedge_mosstundra16_m3m/MOSS/tile_25565.png,5
arctic_vegetation/20230724_sedge_mosstundra16_m3m/MOSS/tile_25566.png,5
arctic_vegetation/20230724_sedge_mosstundra16_m3m/SEDG/tile_25567.png,9
arctic_vegetation/20230724_sedge_mosstundra16_m3m/LICH/tile_25568.png,4
arctic_vegetation/20230724_sedge_mosstundra16_m3m/LICH/tile_25569.png,4
arctic_vegetation/20230724_sedge_mosstundra16_m3m/LICH/tile_25570.png,4
arctic_vegetation/20230724_sedge_mosstundra16_m3m/LICH/tile_25571.png,4
arctic_vegetation/20230724_sedge_mosstundra16_m3m/LICH/tile_25572.png,4
arctic_vegetation/20230724_sedge_mosstundra16_m3m/MOSS/tile_25768.png,5
arctic_vegetation/20230724_sedge_mosstundra16_m3m/MOSS/tile_25769.png,5
arctic_vegetation/20230724_sedge_mosstundra16_m3m/MOSS/tile_25770.png,5
arctic_vegetation/20230724_sedge_mosstundra16_m3m/LICH/tile_25771.png,4
arctic_vegetation/20230724_sedge_mosstundra16_m3m/LICH/tile_25772.png,4
arctic_vegetation/20230724_sedge_mosstundra16_m3m/LICH/tile_25773.png,4
arctic_vegetation/20230724_sedge_mosstundra16_m3m/LICH/tile_25774.png,4
arctic_vegetation/20230724_sedge_mosstundra16_m3m/LICH/tile_25775.png,4
arctic_vegetation/20230724_sedge_mosstundra16_m3m/TUSS/tile_25819.png,10
arctic_vegetation/20230724_sedge_mosstundra16_m3m/TUSS/tile_25820.png,10
arctic_vegetation/20230724_sedge_mosstundra16_m3m/TUSS/tile_25821.png,10
arctic_vegetation/20230724_sedge_mosstundra16_m3m/TUSS/tile_25822.png,10
arctic_vegetation/20230724_sedge_mosstundra16_m3m/MOSS/tile_25971.png,5
arctic_vegetation/20230724_sedge_mosstundra16_m3m/MOSS/tile_25972.png,5
arctic_vegetation/20230724_sedge_mosstundra16_m3m/MOSS/tile_25973.png,5
arctic_vegetation/20230724_sedge_mosstundra16_m3m/LICH/tile_25974.png,4
arctic_vegetation/20230724_sedge_mosstundra16_m3m/LICH/tile_25975.png,4
arctic_vegetation/20230724_sedge_mosstundra16_m3m/LICH/tile_25976.png,4
arctic_vegetation/20230724_sedge_mosstundra16_m3m/LICH/tile_25977.png,4
arctic_vegetation/20230724_sedge_mosstundra16_m3m/TUSS/tile_26017.png,10
arctic_vegetation/20230724_sedge_mosstundra16_m3m/TUSS/tile_26018.png,10
arctic_vegetation/20230724_sedge_mosstundra16_m3m/TUSS/tile_26019.png,10
arctic_vegetation/20230724_sedge_mosstundra16_m3m/TUSS/tile_26020.png,10
arctic_vegetation/20230724_sedge_mosstundra16_m3m/TUSS/tile_26021.png,10
arctic_vegetation/20230724_sedge_mosstundra16_m3m/TUSS/tile_26022.png,10
arctic_vegetation/20230724_sedge_mosstundra16_m3m/TUSS/tile_26023.png,10
arctic_vegetation/20230724_sedge_mosstundra16_m3m/TUSS/tile_26024.png,10
arctic_vegetation/20230724_sedge_mosstundra16_m3m/TUSS/tile_26025.png,10
arctic_vegetation/20230724_sedge_mosstundra16_m3m/MOSS/tile_26026.png,5
arctic_vegetation/20230724_sedge_mosstundra16_m3m/MOSS/tile_26027.png,5
arctic_vegetation/20230724_sedge_mosstundra16_m3m/MOSS/tile_26174.png,5
arctic_vegetation/20230724_sedge_mosstundra16_m3m/MOSS/tile_26175.png,5
arctic_vegetation/20230724_sedge_mosstundra16_m3m/MOSS/tile_26176.png,5
arctic_vegetation/20230724_sedge_mosstundra16_m3m/LICH/tile_26177.png,4
arctic_vegetation/20230724_sedge_mosstundra16_m3m/LICH/tile_26178.png,4
arctic_vegetation/20230724_sedge_mosstundra16_m3m/LICH/tile_26179.png,4
arctic_vegetation/20230724_sedge_mosstundra16_m3m/LICH/tile_26180.png,4
arctic_vegetation/20230724_sedge_mosstundra16_m3m/TUSS/tile_26220.png,10
arctic_vegetation/20230724_sedge_mosstundra16_m3m/TUSS/tile_26221.png,10
arctic_vegetation/20230724_sedge_mosstundra16_m3m/TUSS/tile_26222.png,10
arctic_vegetation/20230724_sedge_mosstundra16_m3m/TUSS/tile_26223.png,10
arctic_vegetation/20230724_sedge_mosstundra16_m3m/TUSS/tile_26224.png,10
arctic_vegetation/20230724_sedge_mosstundra16_m3m/TUSS/tile_26225.png,10
arctic_vegetation/20230724_sedge_mosstundra16_m3m/TUSS/tile_26226.png,10
arctic_vegetation/20230724_sedge_mosstundra16_m3m/TUSS/tile_26227.png,10
arctic_vegetation/20230724_sedge_mosstundra16_m3m/TUSS/tile_26228.png,10
arctic_vegetation/20230724_sedge_mosstundra16_m3m/TUSS/tile_26229.png,10
arctic_vegetation/20230724_sedge_mosstundra16_m3m/TUSS/tile_26230.png,10
arctic_vegetation/20230724_sedge_mosstundra16_m3m/TUSS/tile_26231.png,10
arctic_vegetation/20230724_sedge_mosstundra16_m3m/MOSS/tile_26351.png,5
arctic_vegetation/20230724_sedge_mosstundra16_m3m/MOSS/tile_26352.png,5
arctic_vegetation/20230724_sedge_mosstundra16_m3m/LICH/tile_26382.png,4
arctic_vegetation/20230724_sedge_mosstundra16_m3m/LICH/tile_26383.png,4
arctic_vegetation/20230724_sedge_mosstundra16_m3m/TUSS/tile_26424.png,10
arctic_vegetation/20230724_sedge_mosstundra16_m3m/TUSS/tile_26425.png,10
arctic_vegetation/20230724_sedge_mosstundra16_m3m/TUSS/tile_26426.png,10
arctic_vegetation/20230724_sedge_mosstundra16_m3m/TUSS/tile_26427.png,10
arctic_vegetation/20230724_sedge_mosstundra16_m3m/TUSS/tile_26429.png,10
arctic_vegetation/20230724_sedge_mosstundra16_m3m/TUSS/tile_26430.png,10
arctic_vegetation/20230724_sedge_mosstundra16_m3m/TUSS/tile_26431.png,10
arctic_vegetation/20230724_sedge_mosstundra16_m3m/TUSS/tile_26432.png,10
arctic_vegetation/20230724_sedge_mosstundra16_m3m/TUSS/tile_26433.png,10
arctic_vegetation/20230724_sedge_mosstundra16_m3m/TUSS/tile_26434.png,10
arctic_vegetation/20230724_sedge_mosstundra16_m3m/MOSS/tile_26554.png,5
arctic_vegetation/20230724_sedge_mosstundra16_m3m/MOSS/tile_26555.png,5
arctic_vegetation/20230724_sedge_mosstundra16_m3m/MOSS/tile_26556.png,5
arctic_vegetation/20230724_sedge_mosstundra16_m3m/TUSS/tile_26625.png,10
arctic_vegetation/20230724_sedge_mosstundra16_m3m/TUSS/tile_26626.png,10
arctic_vegetation/20230724_sedge_mosstundra16_m3m/TUSS/tile_26627.png,10
arctic_vegetation/20230724_sedge_mosstundra16_m3m/MOSS/tile_26628.png,5
arctic_vegetation/20230724_sedge_mosstundra16_m3m/MOSS/tile_26629.png,5
arctic_vegetation/20230724_sedge_mosstundra16_m3m/TUSS/tile_26632.png,10
arctic_vegetation/20230724_sedge_mosstundra16_m3m/TUSS/tile_26633.png,10
arctic_vegetation/20230724_sedge_mosstundra16_m3m/TUSS/tile_26634.png,10
arctic_vegetation/20230724_sedge_mosstundra16_m3m/TUSS/tile_26635.png,10
arctic_vegetation/20230724_sedge_mosstundra16_m3m/TUSS/tile_26636.png,10
arctic_vegetation/20230724_sedge_mosstundra16_m3m/TUSS/tile_26637.png,10
arctic_vegetation/20230724_sedge_mosstundra16_m3m/MOSS/tile_26757.png,5
arctic_vegetation/20230724_sedge_mosstundra16_m3m/MOSS/tile_26758.png,5
arctic_vegetation/20230724_sedge_mosstundra16_m3m/MOSS/tile_26759.png,5
arctic_vegetation/20230724_sedge_mosstundra16_m3m/TUSS/tile_26827.png,10
arctic_vegetation/20230724_sedge_mosstundra16_m3m/TUSS/tile_26828.png,10
arctic_vegetation/20230724_sedge_mosstundra16_m3m/TUSS/tile_26829.png,10
arctic_vegetation/20230724_sedge_mosstundra16_m3m/TUSS/tile_26830.png,10
arctic_vegetation/20230724_sedge_mosstundra16_m3m/TUSS/tile_26831.png,10
arctic_vegetation/20230724_sedge_mosstundra16_m3m/MOSS/tile_26832.png,5
arctic_vegetation/20230724_sedge_mosstundra16_m3m/MOSS/tile_26833.png,5
arctic_vegetation/20230724_sedge_mosstundra16_m3m/TUSS/tile_26835.png,10
arctic_vegetation/20230724_sedge_mosstundra16_m3m/TUSS/tile_26836.png,10
arctic_vegetation/20230724_sedge_mosstundra16_m3m/TUSS/tile_26837.png,10
arctic_vegetation/20230724_sedge_mosstundra16_m3m/TUSS/tile_27030.png,10
arctic_vegetation/20230724_sedge_mosstundra16_m3m/TUSS/tile_27031.png,10
arctic_vegetation/20230724_sedge_mosstundra16_m3m/TUSS/tile_27032.png,10
arctic_vegetation/20230724_sedge_mosstundra16_m3m/TUSS/tile_27033.png,10
arctic_vegetation/20230724_sedge_mosstundra16_m3m/TUSS/tile_27034.png,10
arctic_vegetation/20230724_sedge_mosstundra16_m3m/MOSS/tile_27035.png,5
arctic_vegetation/20230724_sedge_mosstundra16_m3m/MOSS/tile_27036.png,5
arctic_vegetation/20230724_sedge_mosstundra16_m3m/TUSS/tile_27038.png,10
arctic_vegetation/20230724_sedge_mosstundra16_m3m/TUSS/tile_27039.png,10
arctic_vegetation/20230724_sedge_mosstundra16_m3m/TUSS/tile_27040.png,10
arctic_vegetation/20230724_sedge_mosstundra16_m3m/TUSS/tile_27041.png,10
arctic_vegetation/20230724_sedge_mosstundra16_m3m/TUSS/tile_27043.png,10
arctic_vegetation/20230724_sedge_mosstundra16_m3m/TUSS/tile_27044.png,10
arctic_vegetation/20230724_sedge_mosstundra16_m3m/TUSS/tile_27045.png,10
arctic_vegetation/20230724_sedge_mosstundra16_m3m/TUSS/tile_27046.png,10
arctic_vegetation/20230724_sedge_mosstundra16_m3m/TUSS/tile_27047.png,10
arctic_vegetation/20230724_sedge_mosstundra16_m3m/TUSS/tile_27233.png,10
arctic_vegetation/20230724_sedge_mosstundra16_m3m/TUSS/tile_27234.png,10
arctic_vegetation/20230724_sedge_mosstundra16_m3m/TUSS/tile_27235.png,10
arctic_vegetation/20230724_sedge_mosstundra16_m3m/MOSS/tile_27238.png,5
arctic_vegetation/20230724_sedge_mosstundra16_m3m/TUSS/tile_27239.png,10
arctic_vegetation/20230724_sedge_mosstundra16_m3m/TUSS/tile_27240.png,10
arctic_vegetation/20230724_sedge_mosstundra16_m3m/TUSS/tile_27241.png,10
arctic_vegetation/20230724_sedge_mosstundra16_m3m/TUSS/tile_27242.png,10
arctic_vegetation/20230724_sedge_mosstundra16_m3m/TUSS/tile_27243.png,10
arctic_vegetation/20230724_sedge_mosstundra16_m3m/TUSS/tile_27244.png,10
arctic_vegetation/20230724_sedge_mosstundra16_m3m/TUSS/tile_27245.png,10
arctic_vegetation/20230724_sedge_mosstundra16_m3m/TUSS/tile_27246.png,10
arctic_vegetation/20230724_sedge_mosstundra16_m3m/TUSS/tile_27247.png,10
arctic_vegetation/20230724_sedge_mosstundra16_m3m/TUSS/tile_27248.png,10
arctic_vegetation/20230724_sedge_mosstundra16_m3m/TUSS/tile_27249.png,10
arctic_vegetation/20230724_sedge_mosstundra16_m3m/TUSS/tile_27250.png,10
arctic_vegetation/20230724_sedge_mosstundra16_m3m/TUSS/tile_27440.png,10
arctic_vegetation/20230724_sedge_mosstundra16_m3m/TUSS/tile_27441.png,10
arctic_vegetation/20230724_sedge_mosstundra16_m3m/TUSS/tile_27442.png,10
arctic_vegetation/20230724_sedge_mosstundra16_m3m/TUSS/tile_27443.png,10
arctic_vegetation/20230724_sedge_mosstundra16_m3m/TUSS/tile_27444.png,10
arctic_vegetation/20230724_sedge_mosstundra16_m3m/TUSS/tile_27445.png,10
arctic_vegetation/20230724_sedge_mosstundra16_m3m/TUSS/tile_27446.png,10
arctic_vegetation/20230724_sedge_mosstundra16_m3m/TUSS/tile_27447.png,10
arctic_vegetation/20230724_sedge_mosstundra16_m3m/TUSS/tile_27448.png,10
arctic_vegetation/20230724_sedge_mosstundra16_m3m/TUSS/tile_27450.png,10
arctic_vegetation/20230724_sedge_mosstundra16_m3m/TUSS/tile_27451.png,10
arctic_vegetation/20230724_sedge_mosstundra16_m3m/TUSS/tile_27452.png,10
arctic_vegetation/20230724_sedge_mosstundra16_m3m/MOSS/tile_27638.png,5
arctic_vegetation/20230724_sedge_mosstundra16_m3m/MOSS/tile_27639.png,5
arctic_vegetation/20230724_sedge_mosstundra16_m3m/MOSS/tile_27640.png,5
arctic_vegetation/20230724_sedge_mosstundra16_m3m/TUSS/tile_27641.png,10
arctic_vegetation/20230724_sedge_mosstundra16_m3m/TUSS/tile_27642.png,10
arctic_vegetation/20230724_sedge_mosstundra16_m3m/TUSS/tile_27643.png,10
arctic_vegetation/20230724_sedge_mosstundra16_m3m/TUSS/tile_27644.png,10
arctic_vegetation/20230724_sedge_mosstundra16_m3m/TUSS/tile_27645.png,10
arctic_vegetation/20230724_sedge_mosstundra16_m3m/TUSS/tile_27646.png,10
arctic_vegetation/20230724_sedge_mosstundra16_m3m/TUSS/tile_27647.png,10
arctic_vegetation/20230724_sedge_mosstundra16_m3m/TUSS/tile_27648.png,10
arctic_vegetation/20230724_sedge_mosstundra16_m3m/TUSS/tile_27649.png,10
arctic_vegetation/20230724_sedge_mosstundra16_m3m/TUSS/tile_27650.png,10
arctic_vegetation/20230724_sedge_mosstundra16_m3m/TUSS/tile_27651.png,10
arctic_vegetation/20230724_sedge_mosstundra16_m3m/TUSS/tile_27653.png,10
arctic_vegetation/20230724_sedge_mosstundra16_m3m/TUSS/tile_27654.png,10
arctic_vegetation/20230724_sedge_mosstundra16_m3m/TUSS/tile_27655.png,10
arctic_vegetation/20230724_sedge_mosstundra16_m3m/MOSS/tile_27839.png,5
arctic_vegetation/20230724_sedge_mosstundra16_m3m/MOSS/tile_27840.png,5
arctic_vegetation/20230724_sedge_mosstundra16_m3m/MOSS/tile_27841.png,5
arctic_vegetation/20230724_sedge_mosstundra16_m3m/MOSS/tile_27842.png,5
arctic_vegetation/20230724_sedge_mosstundra16_m3m/TUSS/tile_27843.png,10
arctic_vegetation/20230724_sedge_mosstundra16_m3m/TUSS/tile_27844.png,10
arctic_vegetation/20230724_sedge_mosstundra16_m3m/TUSS/tile_27845.png,10
arctic_vegetation/20230724_sedge_mosstundra16_m3m/TUSS/tile_27846.png,10
arctic_vegetation/20230724_sedge_mosstundra16_m3m/TUSS/tile_27848.png,10
arctic_vegetation/20230724_sedge_mosstundra16_m3m/TUSS/tile_27849.png,10
arctic_vegetation/20230724_sedge_mosstundra16_m3m/TUSS/tile_27850.png,10
arctic_vegetation/20230724_sedge_mosstundra16_m3m/TUSS/tile_27851.png,10
arctic_vegetation/20230724_sedge_mosstundra16_m3m/TUSS/tile_27852.png,10
arctic_vegetation/20230724_sedge_mosstundra16_m3m/TUSS/tile_27853.png,10
arctic_vegetation/20230724_sedge_mosstundra16_m3m/TUSS/tile_27855.png,10
arctic_vegetation/20230724_sedge_mosstundra16_m3m/TUSS/tile_27856.png,10
arctic_vegetation/20230724_sedge_mosstundra16_m3m/TUSS/tile_27857.png,10
arctic_vegetation/20230724_sedge_mosstundra16_m3m/TUSS/tile_28016.png,10
arctic_vegetation/20230724_sedge_mosstundra16_m3m/TUSS/tile_28017.png,10
arctic_vegetation/20230724_sedge_mosstundra16_m3m/MOSS/tile_28018.png,5
arctic_vegetation/20230724_sedge_mosstundra16_m3m/MOSS/tile_28019.png,5
arctic_vegetation/20230724_sedge_mosstundra16_m3m/MOSS/tile_28020.png,5
arctic_vegetation/20230724_sedge_mosstundra16_m3m/MOSS/tile_28040.png,5
arctic_vegetation/20230724_sedge_mosstundra16_m3m/MOSS/tile_28041.png,5
arctic_vegetation/20230724_sedge_mosstundra16_m3m/MOSS/tile_28042.png,5
arctic_vegetation/20230724_sedge_mosstundra16_m3m/TUSS/tile_28044.png,10
arctic_vegetation/20230724_sedge_mosstundra16_m3m/TUSS/tile_28045.png,10
arctic_vegetation/20230724_sedge_mosstundra16_m3m/TUSS/tile_28046.png,10
arctic_vegetation/20230724_sedge_mosstundra16_m3m/TUSS/tile_28047.png,10
arctic_vegetation/20230724_sedge_mosstundra16_m3m/TUSS/tile_28049.png,10
arctic_vegetation/20230724_sedge_mosstundra16_m3m/TUSS/tile_28050.png,10
arctic_vegetation/20230724_sedge_mosstundra16_m3m/TUSS/tile_28051.png,10
arctic_vegetation/20230724_sedge_mosstundra16_m3m/TUSS/tile_28052.png,10
arctic_vegetation/20230724_sedge_mosstundra16_m3m/TUSS/tile_28053.png,10
arctic_vegetation/20230724_sedge_mosstundra16_m3m/TUSS/tile_28054.png,10
arctic_vegetation/20230724_sedge_mosstundra16_m3m/TUSS/tile_28055.png,10
arctic_vegetation/20230724_sedge_mosstundra16_m3m/TUSS/tile_28056.png,10
arctic_vegetation/20230724_sedge_mosstundra16_m3m/TUSS/tile_28057.png,10
arctic_vegetation/20230724_sedge_mosstundra16_m3m/TUSS/tile_28058.png,10
arctic_vegetation/20230724_sedge_mosstundra16_m3m/TUSS/tile_28216.png,10
arctic_vegetation/20230724_sedge_mosstundra16_m3m/MOSS/tile_28217.png,5
arctic_vegetation/20230724_sedge_mosstundra16_m3m/MOSS/tile_28218.png,5
arctic_vegetation/20230724_sedge_mosstundra16_m3m/MOSS/tile_28219.png,5
arctic_vegetation/20230724_sedge_mosstundra16_m3m/MOSS/tile_28220.png,5
arctic_vegetation/20230724_sedge_mosstundra16_m3m/TUSS/tile_28244.png,10
arctic_vegetation/20230724_sedge_mosstundra16_m3m/TUSS/tile_28245.png,10
arctic_vegetation/20230724_sedge_mosstundra16_m3m/TUSS/tile_28246.png,10
arctic_vegetation/20230724_sedge_mosstundra16_m3m/TUSS/tile_28247.png,10
arctic_vegetation/20230724_sedge_mosstundra16_m3m/TUSS/tile_28251.png,10
arctic_vegetation/20230724_sedge_mosstundra16_m3m/TUSS/tile_28252.png,10
arctic_vegetation/20230724_sedge_mosstundra16_m3m/TUSS/tile_28253.png,10
arctic_vegetation/20230724_sedge_mosstundra16_m3m/TUSS/tile_28254.png,10
arctic_vegetation/20230724_sedge_mosstundra16_m3m/TUSS/tile_28255.png,10
arctic_vegetation/20230724_sedge_mosstundra16_m3m/TUSS/tile_28256.png,10
arctic_vegetation/20230724_sedge_mosstundra16_m3m/TUSS/tile_28257.png,10
arctic_vegetation/20230724_sedge_mosstundra16_m3m/TUSS/tile_28258.png,10
arctic_vegetation/20230724_sedge_mosstundra16_m3m/MOSS/tile_28374.png,5
arctic_vegetation/20230724_sedge_mosstundra16_m3m/MOSS/tile_28375.png,5
arctic_vegetation/20230724_sedge_mosstundra16_m3m/MOSS/tile_28376.png,5
arctic_vegetation/20230724_sedge_mosstundra16_m3m/MOSS/tile_28415.png,5
arctic_vegetation/20230724_sedge_mosstundra16_m3m/MOSS/tile_28416.png,5
arctic_vegetation/20230724_sedge_mosstundra16_m3m/MOSS/tile_28417.png,5
arctic_vegetation/20230724_sedge_mosstundra16_m3m/MOSS/tile_28418.png,5
arctic_vegetation/20230724_sedge_mosstundra16_m3m/MOSS/tile_28419.png,5
arctic_vegetation/20230724_sedge_mosstundra16_m3m/TUSS/tile_28439.png,10
arctic_vegetation/20230724_sedge_mosstundra16_m3m/TUSS/tile_28440.png,10
arctic_vegetation/20230724_sedge_mosstundra16_m3m/TUSS/tile_28441.png,10
arctic_vegetation/20230724_sedge_mosstundra16_m3m/TUSS/tile_28442.png,10
arctic_vegetation/20230724_sedge_mosstundra16_m3m/TUSS/tile_28450.png,10
arctic_vegetation/20230724_sedge_mosstundra16_m3m/TUSS/tile_28451.png,10
arctic_vegetation/20230724_sedge_mosstundra16_m3m/TUSS/tile_28452.png,10
arctic_vegetation/20230724_sedge_mosstundra16_m3m/TUSS/tile_28453.png,10
arctic_vegetation/20230724_sedge_mosstundra16_m3m/TUSS/tile_28454.png,10
arctic_vegetation/20230724_sedge_mosstundra16_m3m/TUSS/tile_28455.png,10
arctic_vegetation/20230724_sedge_mosstundra16_m3m/TUSS/tile_28456.png,10
arctic_vegetation/20230724_sedge_mosstundra16_m3m/TUSS/tile_28457.png,10
arctic_vegetation/20230724_sedge_mosstundra16_m3m/MOSS/tile_28572.png,5
arctic_vegetation/20230724_sedge_mosstundra16_m3m/MOSS/tile_28573.png,5
arctic_vegetation/20230724_sedge_mosstundra16_m3m/MOSS/tile_28574.png,5
arctic_vegetation/20230724_sedge_mosstundra16_m3m/MOSS/tile_28575.png,5
arctic_vegetation/20230724_sedge_mosstundra16_m3m/MOSS/tile_28613.png,5
arctic_vegetation/20230724_sedge_mosstundra16_m3m/MOSS/tile_28614.png,5
arctic_vegetation/20230724_sedge_mosstundra16_m3m/MOSS/tile_28615.png,5
arctic_vegetation/20230724_sedge_mosstundra16_m3m/MOSS/tile_28616.png,5
arctic_vegetation/20230724_sedge_mosstundra16_m3m/MOSS/tile_28617.png,5
arctic_vegetation/20230724_sedge_mosstundra16_m3m/TUSS/tile_28637.png,10
arctic_vegetation/20230724_sedge_mosstundra16_m3m/TUSS/tile_28638.png,10
arctic_vegetation/20230724_sedge_mosstundra16_m3m/TUSS/tile_28639.png,10
arctic_vegetation/20230724_sedge_mosstundra16_m3m/TUSS/tile_28640.png,10
arctic_vegetation/20230724_sedge_mosstundra16_m3m/TUSS/tile_28641.png,10
arctic_vegetation/20230724_sedge_mosstundra16_m3m/TUSS/tile_28644.png,10
arctic_vegetation/20230724_sedge_mosstundra16_m3m/TUSS/tile_28645.png,10
arctic_vegetation/20230724_sedge_mosstundra16_m3m/TUSS/tile_28646.png,10
arctic_vegetation/20230724_sedge_mosstundra16_m3m/TUSS/tile_28647.png,10
arctic_vegetation/20230724_sedge_mosstundra16_m3m/TUSS/tile_28651.png,10
arctic_vegetation/20230724_sedge_mosstundra16_m3m/TUSS/tile_28652.png,10
arctic_vegetation/20230724_sedge_mosstundra16_m3m/TUSS/tile_28653.png,10
arctic_vegetation/20230724_sedge_mosstundra16_m3m/MOSS/tile_28772.png,5
arctic_vegetation/20230724_sedge_mosstundra16_m3m/MOSS/tile_28773.png,5
arctic_vegetation/20230724_sedge_mosstundra16_m3m/MOSS/tile_28774.png,5
arctic_vegetation/20230724_sedge_mosstundra16_m3m/MOSS/tile_28775.png,5
arctic_vegetation/20230724_sedge_mosstundra16_m3m/MOSS/tile_28776.png,5
arctic_vegetation/20230724_sedge_mosstundra16_m3m/MOSS/tile_28777.png,5
arctic_vegetation/20230724_sedge_mosstundra16_m3m/MOSS/tile_28778.png,5
arctic_vegetation/20230724_sedge_mosstundra16_m3m/MOSS/tile_28779.png,5
arctic_vegetation/20230724_sedge_mosstundra16_m3m/TUSS/tile_28813.png,10
arctic_vegetation/20230724_sedge_mosstundra16_m3m/MOSS/tile_28814.png,5
arctic_vegetation/20230724_sedge_mosstundra16_m3m/MOSS/tile_28815.png,5
arctic_vegetation/20230724_sedge_mosstundra16_m3m/MOSS/tile_28816.png,5
arctic_vegetation/20230724_sedge_mosstundra16_m3m/MOSS/tile_28817.png,5
arctic_vegetation/20230724_sedge_mosstundra16_m3m/ALDE/tile_28819.png,0
arctic_vegetation/20230724_sedge_mosstundra16_m3m/ALDE/tile_28820.png,0
arctic_vegetation/20230724_sedge_mosstundra16_m3m/ALDE/tile_28821.png,0
arctic_vegetation/20230724_sedge_mosstundra16_m3m/MOSS/tile_28822.png,5
arctic_vegetation/20230724_sedge_mosstundra16_m3m/MOSS/tile_28823.png,5
arctic_vegetation/20230724_sedge_mosstundra16_m3m/TUSS/tile_28837.png,10
arctic_vegetation/20230724_sedge_mosstundra16_m3m/TUSS/tile_28838.png,10
arctic_vegetation/20230724_sedge_mosstundra16_m3m/TUSS/tile_28839.png,10
arctic_vegetation/20230724_sedge_mosstundra16_m3m/TUSS/tile_28840.png,10
arctic_vegetation/20230724_sedge_mosstundra16_m3m/TUSS/tile_28841.png,10
arctic_vegetation/20230724_sedge_mosstundra16_m3m/TUSS/tile_28844.png,10
arctic_vegetation/20230724_sedge_mosstundra16_m3m/TUSS/tile_28845.png,10
arctic_vegetation/20230724_sedge_mosstundra16_m3m/TUSS/tile_28846.png,10
arctic_vegetation/20230724_sedge_mosstundra16_m3m/TUSS/tile_28847.png,10
arctic_vegetation/20230724_sedge_mosstundra16_m3m/BIRC/tile_28940.png,2
arctic_vegetation/20230724_sedge_mosstundra16_m3m/BIRC/tile_28941.png,2
arctic_vegetation/20230724_sedge_mosstundra16_m3m/MOSS/tile_28974.png,5
arctic_vegetation/20230724_sedge_mosstundra16_m3m/MOSS/tile_28975.png,5
arctic_vegetation/20230724_sedge_mosstundra16_m3m/MOSS/tile_28976.png,5
arctic_vegetation/20230724_sedge_mosstundra16_m3m/MOSS/tile_28977.png,5
arctic_vegetation/20230724_sedge_mosstundra16_m3m/MOSS/tile_28978.png,5
arctic_vegetation/20230724_sedge_mosstundra16_m3m/MOSS/tile_28979.png,5
arctic_vegetation/20230724_sedge_mosstundra16_m3m/MOSS/tile_28980.png,5
arctic_vegetation/20230724_sedge_mosstundra16_m3m/MOSS/tile_28981.png,5
arctic_vegetation/20230724_sedge_mosstundra16_m3m/TUSS/tile_29015.png,10
arctic_vegetation/20230724_sedge_mosstundra16_m3m/MOSS/tile_29016.png,5
arctic_vegetation/20230724_sedge_mosstundra16_m3m/MOSS/tile_29017.png,5
arctic_vegetation/20230724_sedge_mosstundra16_m3m/MOSS/tile_29018.png,5
arctic_vegetation/20230724_sedge_mosstundra16_m3m/ALDE/tile_29021.png,0
arctic_vegetation/20230724_sedge_mosstundra16_m3m/ALDE/tile_29022.png,0
arctic_vegetation/20230724_sedge_mosstundra16_m3m/MOSS/tile_29023.png,5
arctic_vegetation/20230724_sedge_mosstundra16_m3m/MOSS/tile_29024.png,5
arctic_vegetation/20230724_sedge_mosstundra16_m3m/MOSS/tile_29025.png,5
arctic_vegetation/20230724_sedge_mosstundra16_m3m/TUSS/tile_29040.png,10
arctic_vegetation/20230724_sedge_mosstundra16_m3m/TUSS/tile_29041.png,10
arctic_vegetation/20230724_sedge_mosstundra16_m3m/TUSS/tile_29042.png,10
arctic_vegetation/20230724_sedge_mosstundra16_m3m/TUSS/tile_29043.png,10
arctic_vegetation/20230724_sedge_mosstundra16_m3m/TUSS/tile_29044.png,10
arctic_vegetation/20230724_sedge_mosstundra16_m3m/TUSS/tile_29045.png,10
arctic_vegetation/20230724_sedge_mosstundra16_m3m/BIRC/tile_29141.png,2
arctic_vegetation/20230724_sedge_mosstundra16_m3m/BIRC/tile_29142.png,2
arctic_vegetation/20230724_sedge_mosstundra16_m3m/BIRC/tile_29143.png,2
arctic_vegetation/20230724_sedge_mosstundra16_m3m/BIRC/tile_29144.png,2
arctic_vegetation/20230724_sedge_mosstundra16_m3m/BIRC/tile_29145.png,2
arctic_vegetation/20230724_sedge_mosstundra16_m3m/BIRC/tile_29146.png,2
arctic_vegetation/20230724_sedge_mosstundra16_m3m/BIRC/tile_29147.png,2
arctic_vegetation/20230724_sedge_mosstundra16_m3m/BIRC/tile_29148.png,2
arctic_vegetation/20230724_sedge_mosstundra16_m3m/BIRC/tile_29149.png,2
arctic_vegetation/20230724_sedge_mosstundra16_m3m/BIRC/tile_29150.png,2
arctic_vegetation/20230724_sedge_mosstundra16_m3m/BIRC/tile_29151.png,2
arctic_vegetation/20230724_sedge_mosstundra16_m3m/BIRC/tile_29152.png,2
arctic_vegetation/20230724_sedge_mosstundra16_m3m/MOSS/tile_29165.png,5
arctic_vegetation/20230724_sedge_mosstundra16_m3m/MOSS/tile_29166.png,5
arctic_vegetation/20230724_sedge_mosstundra16_m3m/MOSS/tile_29167.png,5
arctic_vegetation/20230724_sedge_mosstundra16_m3m/MOSS/tile_29178.png,5
arctic_vegetation/20230724_sedge_mosstundra16_m3m/MOSS/tile_29179.png,5
arctic_vegetation/20230724_sedge_mosstundra16_m3m/MOSS/tile_29180.png,5
arctic_vegetation/20230724_sedge_mosstundra16_m3m/MOSS/tile_29181.png,5
arctic_vegetation/20230724_sedge_mosstundra16_m3m/MOSS/tile_29182.png,5
arctic_vegetation/20230724_sedge_mosstundra16_m3m/MOSS/tile_29183.png,5
arctic_vegetation/20230724_sedge_mosstundra16_m3m/MOSS/tile_29184.png,5
arctic_vegetation/20230724_sedge_mosstundra16_m3m/MOSS/tile_29185.png,5
arctic_vegetation/20230724_sedge_mosstundra16_m3m/MOSS/tile_29186.png,5
arctic_vegetation/20230724_sedge_mosstundra16_m3m/MOSS/tile_29187.png,5
arctic_vegetation/20230724_sedge_mosstundra16_m3m/MOSS/tile_29188.png,5
arctic_vegetation/20230724_sedge_mosstundra16_m3m/TUSS/tile_29224.png,10
arctic_vegetation/20230724_sedge_mosstundra16_m3m/TUSS/tile_29225.png,10
arctic_vegetation/20230724_sedge_mosstundra16_m3m/MOSS/tile_29226.png,5
arctic_vegetation/20230724_sedge_mosstundra16_m3m/MOSS/tile_29227.png,5
arctic_vegetation/20230724_sedge_mosstundra16_m3m/MOSS/tile_29228.png,5
arctic_vegetation/20230724_sedge_mosstundra16_m3m/TUSS/tile_29243.png,10
arctic_vegetation/20230724_sedge_mosstundra16_m3m/TUSS/tile_29244.png,10
arctic_vegetation/20230724_sedge_mosstundra16_m3m/TUSS/tile_29245.png,10
arctic_vegetation/20230724_sedge_mosstundra16_m3m/TUSS/tile_29246.png,10
arctic_vegetation/20230724_sedge_mosstundra16_m3m/TUSS/tile_29247.png,10
arctic_vegetation/20230724_sedge_mosstundra16_m3m/TUSS/tile_29248.png,10
arctic_vegetation/20230724_sedge_mosstundra16_m3m/TUSS/tile_29249.png,10
arctic_vegetation/20230724_sedge_mosstundra16_m3m/TUSS/tile_29254.png,10
arctic_vegetation/20230724_sedge_mosstundra16_m3m/TUSS/tile_29255.png,10
arctic_vegetation/20230724_sedge_mosstundra16_m3m/BIRC/tile_29344.png,2
arctic_vegetation/20230724_sedge_mosstundra16_m3m/BIRC/tile_29345.png,2
arctic_vegetation/20230724_sedge_mosstundra16_m3m/BIRC/tile_29346.png,2
arctic_vegetation/20230724_sedge_mosstundra16_m3m/BIRC/tile_29347.png,2
arctic_vegetation/20230724_sedge_mosstundra16_m3m/BIRC/tile_29348.png,2
arctic_vegetation/20230724_sedge_mosstundra16_m3m/BIRC/tile_29349.png,2
arctic_vegetation/20230724_sedge_mosstundra16_m3m/BIRC/tile_29350.png,2
arctic_vegetation/20230724_sedge_mosstundra16_m3m/BIRC/tile_29351.png,2
arctic_vegetation/20230724_sedge_mosstundra16_m3m/BIRC/tile_29352.png,2
arctic_vegetation/20230724_sedge_mosstundra16_m3m/BIRC/tile_29353.png,2
arctic_vegetation/20230724_sedge_mosstundra16_m3m/BIRC/tile_29354.png,2
arctic_vegetation/20230724_sedge_mosstundra16_m3m/BIRC/tile_29355.png,2
arctic_vegetation/20230724_sedge_mosstundra16_m3m/MOSS/tile_29368.png,5
arctic_vegetation/20230724_sedge_mosstundra16_m3m/MOSS/tile_29369.png,5
arctic_vegetation/20230724_sedge_mosstundra16_m3m/MOSS/tile_29370.png,5
arctic_vegetation/20230724_sedge_mosstundra16_m3m/MOSS/tile_29371.png,5
arctic_vegetation/20230724_sedge_mosstundra16_m3m/MOSS/tile_29372.png,5
arctic_vegetation/20230724_sedge_mosstundra16_m3m/MOSS/tile_29381.png,5
arctic_vegetation/20230724_sedge_mosstundra16_m3m/MOSS/tile_29382.png,5
arctic_vegetation/20230724_sedge_mosstundra16_m3m/MOSS/tile_29383.png,5
arctic_vegetation/20230724_sedge_mosstundra16_m3m/MOSS/tile_29384.png,5
arctic_vegetation/20230724_sedge_mosstundra16_m3m/MOSS/tile_29385.png,5
arctic_vegetation/20230724_sedge_mosstundra16_m3m/MOSS/tile_29386.png,5
arctic_vegetation/20230724_sedge_mosstundra16_m3m/MOSS/tile_29387.png,5
arctic_vegetation/20230724_sedge_mosstundra16_m3m/MOSS/tile_29388.png,5
arctic_vegetation/20230724_sedge_mosstundra16_m3m/MOSS/tile_29389.png,5
arctic_vegetation/20230724_sedge_mosstundra16_m3m/MOSS/tile_29390.png,5
arctic_vegetation/20230724_sedge_mosstundra16_m3m/MOSS/tile_29391.png,5
arctic_vegetation/20230724_sedge_mosstundra16_m3m/MOSS/tile_29392.png,5
arctic_vegetation/20230724_sedge_mosstundra16_m3m/TUSS/tile_29427.png,10
arctic_vegetation/20230724_sedge_mosstundra16_m3m/MOSS/tile_29428.png,5
arctic_vegetation/20230724_sedge_mosstundra16_m3m/MOSS/tile_29429.png,5
arctic_vegetation/20230724_sedge_mosstundra16_m3m/MOSS/tile_29430.png,5
arctic_vegetation/20230724_sedge_mosstundra16_m3m/MOSS/tile_29431.png,5
arctic_vegetation/20230724_sedge_mosstundra16_m3m/TUSS/tile_29438.png,10
arctic_vegetation/20230724_sedge_mosstundra16_m3m/TUSS/tile_29439.png,10
arctic_vegetation/20230724_sedge_mosstundra16_m3m/TUSS/tile_29440.png,10
arctic_vegetation/20230724_sedge_mosstundra16_m3m/TUSS/tile_29449.png,10
arctic_vegetation/20230724_sedge_mosstundra16_m3m/TUSS/tile_29450.png,10
arctic_vegetation/20230724_sedge_mosstundra16_m3m/TUSS/tile_29451.png,10
arctic_vegetation/20230724_sedge_mosstundra16_m3m/TUSS/tile_29452.png,10
arctic_vegetation/20230724_sedge_mosstundra16_m3m/TUSS/tile_29457.png,10
arctic_vegetation/20230724_sedge_mosstundra16_m3m/TUSS/tile_29458.png,10
arctic_vegetation/20230724_sedge_mosstundra16_m3m/BIRC/tile_29547.png,2
arctic_vegetation/20230724_sedge_mosstundra16_m3m/BIRC/tile_29548.png,2
arctic_vegetation/20230724_sedge_mosstundra16_m3m/BIRC/tile_29549.png,2
arctic_vegetation/20230724_sedge_mosstundra16_m3m/BIRC/tile_29550.png,2
arctic_vegetation/20230724_sedge_mosstundra16_m3m/BIRC/tile_29551.png,2
arctic_vegetation/20230724_sedge_mosstundra16_m3m/BIRC/tile_29552.png,2
arctic_vegetation/20230724_sedge_mosstundra16_m3m/BIRC/tile_29553.png,2
arctic_vegetation/20230724_sedge_mosstundra16_m3m/BIRC/tile_29554.png,2
arctic_vegetation/20230724_sedge_mosstundra16_m3m/BIRC/tile_29555.png,2
arctic_vegetation/20230724_sedge_mosstundra16_m3m/BIRC/tile_29556.png,2
arctic_vegetation/20230724_sedge_mosstundra16_m3m/BIRC/tile_29557.png,2
arctic_vegetation/20230724_sedge_mosstundra16_m3m/BIRC/tile_29558.png,2
arctic_vegetation/20230724_sedge_mosstundra16_m3m/MOSS/tile_29570.png,5
arctic_vegetation/20230724_sedge_mosstundra16_m3m/MOSS/tile_29571.png,5
arctic_vegetation/20230724_sedge_mosstundra16_m3m/MOSS/tile_29572.png,5
arctic_vegetation/20230724_sedge_mosstundra16_m3m/MOSS/tile_29573.png,5
arctic_vegetation/20230724_sedge_mosstundra16_m3m/MOSS/tile_29574.png,5
arctic_vegetation/20230724_sedge_mosstundra16_m3m/MOSS/tile_29575.png,5
arctic_vegetation/20230724_sedge_mosstundra16_m3m/MOSS/tile_29581.png,5
arctic_vegetation/20230724_sedge_mosstundra16_m3m/MOSS/tile_29582.png,5
arctic_vegetation/20230724_sedge_mosstundra16_m3m/MOSS/tile_29583.png,5
arctic_vegetation/20230724_sedge_mosstundra16_m3m/MOSS/tile_29584.png,5
arctic_vegetation/20230724_sedge_mosstundra16_m3m/MOSS/tile_29585.png,5
arctic_vegetation/20230724_sedge_mosstundra16_m3m/MOSS/tile_29586.png,5
arctic_vegetation/20230724_sedge_mosstundra16_m3m/MOSS/tile_29587.png,5
arctic_vegetation/20230724_sedge_mosstundra16_m3m/MOSS/tile_29588.png,5
arctic_vegetation/20230724_sedge_mosstundra16_m3m/MOSS/tile_29589.png,5
arctic_vegetation/20230724_sedge_mosstundra16_m3m/MOSS/tile_29590.png,5
arctic_vegetation/20230724_sedge_mosstundra16_m3m/MOSS/tile_29591.png,5
arctic_vegetation/20230724_sedge_mosstundra16_m3m/MOSS/tile_29592.png,5
arctic_vegetation/20230724_sedge_mosstundra16_m3m/MOSS/tile_29593.png,5
arctic_vegetation/20230724_sedge_mosstundra16_m3m/MOSS/tile_29594.png,5
arctic_vegetation/20230724_sedge_mosstundra16_m3m/MOSS/tile_29595.png,5
arctic_vegetation/20230724_sedge_mosstundra16_m3m/TUSS/tile_29630.png,10
arctic_vegetation/20230724_sedge_mosstundra16_m3m/MOSS/tile_29631.png,5
arctic_vegetation/20230724_sedge_mosstundra16_m3m/MOSS/tile_29632.png,5
arctic_vegetation/20230724_sedge_mosstundra16_m3m/MOSS/tile_29633.png,5
arctic_vegetation/20230724_sedge_mosstundra16_m3m/MOSS/tile_29634.png,5
arctic_vegetation/20230724_sedge_mosstundra16_m3m/TUSS/tile_29641.png,10
arctic_vegetation/20230724_sedge_mosstundra16_m3m/TUSS/tile_29642.png,10
arctic_vegetation/20230724_sedge_mosstundra16_m3m/TUSS/tile_29643.png,10
arctic_vegetation/20230724_sedge_mosstundra16_m3m/TUSS/tile_29652.png,10
arctic_vegetation/20230724_sedge_mosstundra16_m3m/TUSS/tile_29653.png,10
arctic_vegetation/20230724_sedge_mosstundra16_m3m/TUSS/tile_29654.png,10
arctic_vegetation/20230724_sedge_mosstundra16_m3m/BIRC/tile_29750.png,2
arctic_vegetation/20230724_sedge_mosstundra16_m3m/BIRC/tile_29751.png,2
arctic_vegetation/20230724_sedge_mosstundra16_m3m/BIRC/tile_29752.png,2
arctic_vegetation/20230724_sedge_mosstundra16_m3m/BIRC/tile_29753.png,2
arctic_vegetation/20230724_sedge_mosstundra16_m3m/BIRC/tile_29754.png,2
arctic_vegetation/20230724_sedge_mosstundra16_m3m/BIRC/tile_29755.png,2
arctic_vegetation/20230724_sedge_mosstundra16_m3m/BIRC/tile_29756.png,2
arctic_vegetation/20230724_sedge_mosstundra16_m3m/BIRC/tile_29757.png,2
arctic_vegetation/20230724_sedge_mosstundra16_m3m/BIRC/tile_29758.png,2
arctic_vegetation/20230724_sedge_mosstundra16_m3m/BIRC/tile_29759.png,2
arctic_vegetation/20230724_sedge_mosstundra16_m3m/BIRC/tile_29760.png,2
arctic_vegetation/20230724_sedge_mosstundra16_m3m/BIRC/tile_29761.png,2
arctic_vegetation/20230724_sedge_mosstundra16_m3m/MOSS/tile_29772.png,5
arctic_vegetation/20230724_sedge_mosstundra16_m3m/MOSS/tile_29773.png,5
arctic_vegetation/20230724_sedge_mosstundra16_m3m/MOSS/tile_29774.png,5
arctic_vegetation/20230724_sedge_mosstundra16_m3m/MOSS/tile_29775.png,5
arctic_vegetation/20230724_sedge_mosstundra16_m3m/MOSS/tile_29776.png,5
arctic_vegetation/20230724_sedge_mosstundra16_m3m/MOSS/tile_29777.png,5
arctic_vegetation/20230724_sedge_mosstundra16_m3m/MOSS/tile_29778.png,5
arctic_vegetation/20230724_sedge_mosstundra16_m3m/MOSS/tile_29783.png,5
arctic_vegetation/20230724_sedge_mosstundra16_m3m/MOSS/tile_29784.png,5
arctic_vegetation/20230724_sedge_mosstundra16_m3m/MOSS/tile_29785.png,5
arctic_vegetation/20230724_sedge_mosstundra16_m3m/MOSS/tile_29786.png,5
arctic_vegetation/20230724_sedge_mosstundra16_m3m/MOSS/tile_29787.png,5
arctic_vegetation/20230724_sedge_mosstundra16_m3m/MOSS/tile_29788.png,5
arctic_vegetation/20230724_sedge_mosstundra16_m3m/MOSS/tile_29789.png,5
arctic_vegetation/20230724_sedge_mosstundra16_m3m/MOSS/tile_29790.png,5
arctic_vegetation/20230724_sedge_mosstundra16_m3m/MOSS/tile_29791.png,5
arctic_vegetation/20230724_sedge_mosstundra16_m3m/MOSS/tile_29794.png,5
arctic_vegetation/20230724_sedge_mosstundra16_m3m/MOSS/tile_29795.png,5
arctic_vegetation/20230724_sedge_mosstundra16_m3m/MOSS/tile_29796.png,5
arctic_vegetation/20230724_sedge_mosstundra16_m3m/MOSS/tile_29797.png,5
arctic_vegetation/20230724_sedge_mosstundra16_m3m/MOSS/tile_29798.png,5
arctic_vegetation/20230724_sedge_mosstundra16_m3m/MOSS/tile_29799.png,5
arctic_vegetation/20230724_sedge_mosstundra16_m3m/MOSS/tile_29800.png,5
arctic_vegetation/20230724_sedge_mosstundra16_m3m/MOSS/tile_29801.png,5
arctic_vegetation/20230724_sedge_mosstundra16_m3m/TUSS/tile_29833.png,10
arctic_vegetation/20230724_sedge_mosstundra16_m3m/MOSS/tile_29834.png,5
arctic_vegetation/20230724_sedge_mosstundra16_m3m/MOSS/tile_29835.png,5
arctic_vegetation/20230724_sedge_mosstundra16_m3m/MOSS/tile_29836.png,5
arctic_vegetation/20230724_sedge_mosstundra16_m3m/TUSS/tile_29844.png,10
arctic_vegetation/20230724_sedge_mosstundra16_m3m/TUSS/tile_29845.png,10
arctic_vegetation/20230724_sedge_mosstundra16_m3m/TUSS/tile_29846.png,10
arctic_vegetation/20230724_sedge_mosstundra16_m3m/BIRC/tile_29953.png,2
arctic_vegetation/20230724_sedge_mosstundra16_m3m/BIRC/tile_29954.png,2
arctic_vegetation/20230724_sedge_mosstundra16_m3m/BIRC/tile_29955.png,2
arctic_vegetation/20230724_sedge_mosstundra16_m3m/BIRC/tile_29956.png,2
arctic_vegetation/20230724_sedge_mosstundra16_m3m/BIRC/tile_29957.png,2
arctic_vegetation/20230724_sedge_mosstundra16_m3m/BIRC/tile_29958.png,2
arctic_vegetation/20230724_sedge_mosstundra16_m3m/BIRC/tile_29959.png,2
arctic_vegetation/20230724_sedge_mosstundra16_m3m/BIRC/tile_29960.png,2
arctic_vegetation/20230724_sedge_mosstundra16_m3m/BIRC/tile_29961.png,2
arctic_vegetation/20230724_sedge_mosstundra16_m3m/BIRC/tile_29962.png,2
arctic_vegetation/20230724_sedge_mosstundra16_m3m/BIRC/tile_29963.png,2
arctic_vegetation/20230724_sedge_mosstundra16_m3m/MOSS/tile_29975.png,5
arctic_vegetation/20230724_sedge_mosstundra16_m3m/MOSS/tile_29976.png,5
arctic_vegetation/20230724_sedge_mosstundra16_m3m/MOSS/tile_29977.png,5
arctic_vegetation/20230724_sedge_mosstundra16_m3m/MOSS/tile_29978.png,5
arctic_vegetation/20230724_sedge_mosstundra16_m3m/MOSS/tile_29979.png,5
arctic_vegetation/20230724_sedge_mosstundra16_m3m/MOSS/tile_29980.png,5
arctic_vegetation/20230724_sedge_mosstundra16_m3m/MOSS/tile_29981.png,5
arctic_vegetation/20230724_sedge_mosstundra16_m3m/MOSS/tile_29986.png,5
arctic_vegetation/20230724_sedge_mosstundra16_m3m/MOSS/tile_29987.png,5
arctic_vegetation/20230724_sedge_mosstundra16_m3m/MOSS/tile_29988.png,5
arctic_vegetation/20230724_sedge_mosstundra16_m3m/MOSS/tile_29989.png,5
arctic_vegetation/20230724_sedge_mosstundra16_m3m/MOSS/tile_29990.png,5
arctic_vegetation/20230724_sedge_mosstundra16_m3m/MOSS/tile_29991.png,5
arctic_vegetation/20230724_sedge_mosstundra16_m3m/MOSS/tile_29992.png,5
arctic_vegetation/20230724_sedge_mosstundra16_m3m/MOSS/tile_29993.png,5
arctic_vegetation/20230724_sedge_mosstundra16_m3m/MOSS/tile_29994.png,5
arctic_vegetation/20230724_sedge_mosstundra16_m3m/MOSS/tile_29997.png,5
arctic_vegetation/20230724_sedge_mosstundra16_m3m/MOSS/tile_29998.png,5
arctic_vegetation/20230724_sedge_mosstundra16_m3m/MOSS/tile_29999.png,5
arctic_vegetation/20230724_sedge_mosstundra16_m3m/MOSS/tile_30000.png,5
arctic_vegetation/20230724_sedge_mosstundra16_m3m/MOSS/tile_30001.png,5
arctic_vegetation/20230724_sedge_mosstundra16_m3m/MOSS/tile_30002.png,5
arctic_vegetation/20230724_sedge_mosstundra16_m3m/MOSS/tile_30003.png,5
arctic_vegetation/20230724_sedge_mosstundra16_m3m/MOSS/tile_30004.png,5
arctic_vegetation/20230724_sedge_mosstundra16_m3m/TUSS/tile_30047.png,10
arctic_vegetation/20230724_sedge_mosstundra16_m3m/TUSS/tile_30048.png,10
arctic_vegetation/20230724_sedge_mosstundra16_m3m/TUSS/tile_30049.png,10
arctic_vegetation/20230724_sedge_mosstundra16_m3m/BIRC/tile_30156.png,2
arctic_vegetation/20230724_sedge_mosstundra16_m3m/BIRC/tile_30157.png,2
arctic_vegetation/20230724_sedge_mosstundra16_m3m/BIRC/tile_30158.png,2
arctic_vegetation/20230724_sedge_mosstundra16_m3m/BIRC/tile_30159.png,2
arctic_vegetation/20230724_sedge_mosstundra16_m3m/BIRC/tile_30160.png,2
arctic_vegetation/20230724_sedge_mosstundra16_m3m/BIRC/tile_30161.png,2
arctic_vegetation/20230724_sedge_mosstundra16_m3m/BIRC/tile_30162.png,2
arctic_vegetation/20230724_sedge_mosstundra16_m3m/BIRC/tile_30163.png,2
arctic_vegetation/20230724_sedge_mosstundra16_m3m/BIRC/tile_30164.png,2
arctic_vegetation/20230724_sedge_mosstundra16_m3m/BIRC/tile_30165.png,2
arctic_vegetation/20230724_sedge_mosstundra16_m3m/BIRC/tile_30166.png,2
arctic_vegetation/20230724_sedge_mosstundra16_m3m/MOSS/tile_30178.png,5
arctic_vegetation/20230724_sedge_mosstundra16_m3m/MOSS/tile_30179.png,5
arctic_vegetation/20230724_sedge_mosstundra16_m3m/MOSS/tile_30180.png,5
arctic_vegetation/20230724_sedge_mosstundra16_m3m/MOSS/tile_30181.png,5
arctic_vegetation/20230724_sedge_mosstundra16_m3m/MOSS/tile_30182.png,5
arctic_vegetation/20230724_sedge_mosstundra16_m3m/MOSS/tile_30183.png,5
arctic_vegetation/20230724_sedge_mosstundra16_m3m/MOSS/tile_30190.png,5
arctic_vegetation/20230724_sedge_mosstundra16_m3m/MOSS/tile_30191.png,5
arctic_vegetation/20230724_sedge_mosstundra16_m3m/MOSS/tile_30192.png,5
arctic_vegetation/20230724_sedge_mosstundra16_m3m/MOSS/tile_30193.png,5
arctic_vegetation/20230724_sedge_mosstundra16_m3m/MOSS/tile_30194.png,5
arctic_vegetation/20230724_sedge_mosstundra16_m3m/MOSS/tile_30199.png,5
arctic_vegetation/20230724_sedge_mosstundra16_m3m/MOSS/tile_30200.png,5
arctic_vegetation/20230724_sedge_mosstundra16_m3m/MOSS/tile_30201.png,5
arctic_vegetation/20230724_sedge_mosstundra16_m3m/MOSS/tile_30202.png,5
arctic_vegetation/20230724_sedge_mosstundra16_m3m/MOSS/tile_30203.png,5
arctic_vegetation/20230724_sedge_mosstundra16_m3m/MOSS/tile_30204.png,5
arctic_vegetation/20230724_sedge_mosstundra16_m3m/MOSS/tile_30205.png,5
arctic_vegetation/20230724_sedge_mosstundra16_m3m/MOSS/tile_30206.png,5
arctic_vegetation/20230724_sedge_mosstundra16_m3m/MOSS/tile_30213.png,5
arctic_vegetation/20230724_sedge_mosstundra16_m3m/MOSS/tile_30214.png,5
arctic_vegetation/20230724_sedge_mosstundra16_m3m/MOSS/tile_30215.png,5
arctic_vegetation/20230724_sedge_mosstundra16_m3m/MOSS/tile_30216.png,5
arctic_vegetation/20230724_sedge_mosstundra16_m3m/MOSS/tile_30217.png,5
arctic_vegetation/20230724_sedge_mosstundra16_m3m/BIRC/tile_30359.png,2
arctic_vegetation/20230724_sedge_mosstundra16_m3m/BIRC/tile_30360.png,2
arctic_vegetation/20230724_sedge_mosstundra16_m3m/BIRC/tile_30361.png,2
arctic_vegetation/20230724_sedge_mosstundra16_m3m/BIRC/tile_30362.png,2
arctic_vegetation/20230724_sedge_mosstundra16_m3m/BIRC/tile_30363.png,2
arctic_vegetation/20230724_sedge_mosstundra16_m3m/MOSS/tile_30364.png,5
arctic_vegetation/20230724_sedge_mosstundra16_m3m/MOSS/tile_30365.png,5
arctic_vegetation/20230724_sedge_mosstundra16_m3m/BIRC/tile_30366.png,2
arctic_vegetation/20230724_sedge_mosstundra16_m3m/BIRC/tile_30367.png,2
arctic_vegetation/20230724_sedge_mosstundra16_m3m/BIRC/tile_30368.png,2
arctic_vegetation/20230724_sedge_mosstundra16_m3m/BIRC/tile_30369.png,2
arctic_vegetation/20230724_sedge_mosstundra16_m3m/MOSS/tile_30381.png,5
arctic_vegetation/20230724_sedge_mosstundra16_m3m/MOSS/tile_30382.png,5
arctic_vegetation/20230724_sedge_mosstundra16_m3m/MOSS/tile_30383.png,5
arctic_vegetation/20230724_sedge_mosstundra16_m3m/MOSS/tile_30384.png,5
arctic_vegetation/20230724_sedge_mosstundra16_m3m/MOSS/tile_30385.png,5
arctic_vegetation/20230724_sedge_mosstundra16_m3m/MOSS/tile_30393.png,5
arctic_vegetation/20230724_sedge_mosstundra16_m3m/MOSS/tile_30394.png,5
arctic_vegetation/20230724_sedge_mosstundra16_m3m/MOSS/tile_30395.png,5
arctic_vegetation/20230724_sedge_mosstundra16_m3m/MOSS/tile_30396.png,5
arctic_vegetation/20230724_sedge_mosstundra16_m3m/MOSS/tile_30402.png,5
arctic_vegetation/20230724_sedge_mosstundra16_m3m/MOSS/tile_30403.png,5
arctic_vegetation/20230724_sedge_mosstundra16_m3m/MOSS/tile_30404.png,5
arctic_vegetation/20230724_sedge_mosstundra16_m3m/MOSS/tile_30405.png,5
arctic_vegetation/20230724_sedge_mosstundra16_m3m/MOSS/tile_30406.png,5
arctic_vegetation/20230724_sedge_mosstundra16_m3m/MOSS/tile_30407.png,5
arctic_vegetation/20230724_sedge_mosstundra16_m3m/MOSS/tile_30408.png,5
arctic_vegetation/20230724_sedge_mosstundra16_m3m/MOSS/tile_30409.png,5
arctic_vegetation/20230724_sedge_mosstundra16_m3m/MOSS/tile_30415.png,5
arctic_vegetation/20230724_sedge_mosstundra16_m3m/MOSS/tile_30416.png,5
arctic_vegetation/20230724_sedge_mosstundra16_m3m/MOSS/tile_30417.png,5
arctic_vegetation/20230724_sedge_mosstundra16_m3m/MOSS/tile_30418.png,5
arctic_vegetation/20230724_sedge_mosstundra16_m3m/MOSS/tile_30419.png,5
arctic_vegetation/20230724_sedge_mosstundra16_m3m/MOSS/tile_30420.png,5
arctic_vegetation/20230724_sedge_mosstundra16_m3m/MOSS/tile_30584.png,5
arctic_vegetation/20230724_sedge_mosstundra16_m3m/MOSS/tile_30585.png,5
arctic_vegetation/20230724_sedge_mosstundra16_m3m/MOSS/tile_30603.png,5
arctic_vegetation/20230724_sedge_mosstundra16_m3m/MOSS/tile_30604.png,5
arctic_vegetation/20230724_sedge_mosstundra16_m3m/MOSS/tile_30605.png,5
arctic_vegetation/20230724_sedge_mosstundra16_m3m/MOSS/tile_30606.png,5
arctic_vegetation/20230724_sedge_mosstundra16_m3m/MOSS/tile_30607.png,5
arctic_vegetation/20230724_sedge_mosstundra16_m3m/MOSS/tile_30608.png,5
arctic_vegetation/20230724_sedge_mosstundra16_m3m/MOSS/tile_30609.png,5
arctic_vegetation/20230724_sedge_mosstundra16_m3m/MOSS/tile_30610.png,5
arctic_vegetation/20230724_sedge_mosstundra16_m3m/MOSS/tile_30611.png,5
arctic_vegetation/20230724_sedge_mosstundra16_m3m/MOSS/tile_30612.png,5
arctic_vegetation/20230724_sedge_mosstundra16_m3m/MOSS/tile_30614.png,5
arctic_vegetation/20230724_sedge_mosstundra16_m3m/MOSS/tile_30615.png,5
arctic_vegetation/20230724_sedge_mosstundra16_m3m/MOSS/tile_30616.png,5
arctic_vegetation/20230724_sedge_mosstundra16_m3m/MOSS/tile_30617.png,5
arctic_vegetation/20230724_sedge_mosstundra16_m3m/MOSS/tile_30618.png,5
arctic_vegetation/20230724_sedge_mosstundra16_m3m/MOSS/tile_30619.png,5
arctic_vegetation/20230724_sedge_mosstundra16_m3m/MOSS/tile_30620.png,5
arctic_vegetation/20230724_sedge_mosstundra16_m3m/MOSS/tile_30621.png,5
arctic_vegetation/20230724_sedge_mosstundra16_m3m/MOSS/tile_30622.png,5
arctic_vegetation/20230724_sedge_mosstundra16_m3m/MOSS/tile_30623.png,5
arctic_vegetation/20230724_sedge_mosstundra16_m3m/RUBC/tile_30634.png,8
arctic_vegetation/20230724_sedge_mosstundra16_m3m/RUBC/tile_30635.png,8
arctic_vegetation/20230724_sedge_mosstundra16_m3m/RUBC/tile_30636.png,8
arctic_vegetation/20230724_sedge_mosstundra16_m3m/MOSS/tile_30806.png,5
arctic_vegetation/20230724_sedge_mosstundra16_m3m/MOSS/tile_30807.png,5
arctic_vegetation/20230724_sedge_mosstundra16_m3m/MOSS/tile_30808.png,5
arctic_vegetation/20230724_sedge_mosstundra16_m3m/MOSS/tile_30809.png,5
arctic_vegetation/20230724_sedge_mosstundra16_m3m/MOSS/tile_30810.png,5
arctic_vegetation/20230724_sedge_mosstundra16_m3m/MOSS/tile_30811.png,5
arctic_vegetation/20230724_sedge_mosstundra16_m3m/MOSS/tile_30812.png,5
arctic_vegetation/20230724_sedge_mosstundra16_m3m/MOSS/tile_30813.png,5
arctic_vegetation/20230724_sedge_mosstundra16_m3m/MOSS/tile_30814.png,5
arctic_vegetation/20230724_sedge_mosstundra16_m3m/MOSS/tile_30815.png,5
arctic_vegetation/20230724_sedge_mosstundra16_m3m/MOSS/tile_30817.png,5
arctic_vegetation/20230724_sedge_mosstundra16_m3m/MOSS/tile_30818.png,5
arctic_vegetation/20230724_sedge_mosstundra16_m3m/MOSS/tile_30819.png,5
arctic_vegetation/20230724_sedge_mosstundra16_m3m/MOSS/tile_30820.png,5
arctic_vegetation/20230724_sedge_mosstundra16_m3m/MOSS/tile_30821.png,5
arctic_vegetation/20230724_sedge_mosstundra16_m3m/MOSS/tile_30822.png,5
arctic_vegetation/20230724_sedge_mosstundra16_m3m/MOSS/tile_30823.png,5
arctic_vegetation/20230724_sedge_mosstundra16_m3m/MOSS/tile_30824.png,5
arctic_vegetation/20230724_sedge_mosstundra16_m3m/RUBC/tile_30837.png,8
arctic_vegetation/20230724_sedge_mosstundra16_m3m/RUBC/tile_30838.png,8
arctic_vegetation/20230724_sedge_mosstundra16_m3m/RUBC/tile_30839.png,8
arctic_vegetation/20230724_sedge_mosstundra16_m3m/MOSS/tile_30840.png,5
arctic_vegetation/20230724_sedge_mosstundra16_m3m/MOSS/tile_30841.png,5
arctic_vegetation/20230724_sedge_mosstundra16_m3m/MOSS/tile_30842.png,5
arctic_vegetation/20230724_sedge_mosstundra16_m3m/BIRC/tile_30973.png,2
arctic_vegetation/20230724_sedge_mosstundra16_m3m/BIRC/tile_30974.png,2
arctic_vegetation/20230724_sedge_mosstundra16_m3m/BIRC/tile_30975.png,2
arctic_vegetation/20230724_sedge_mosstundra16_m3m/BIRC/tile_30976.png,2
arctic_vegetation/20230724_sedge_mosstundra16_m3m/BIRC/tile_30977.png,2
arctic_vegetation/20230724_sedge_mosstundra16_m3m/MOSS/tile_31009.png,5
arctic_vegetation/20230724_sedge_mosstundra16_m3m/MOSS/tile_31010.png,5
arctic_vegetation/20230724_sedge_mosstundra16_m3m/MOSS/tile_31011.png,5
arctic_vegetation/20230724_sedge_mosstundra16_m3m/MOSS/tile_31012.png,5
arctic_vegetation/20230724_sedge_mosstundra16_m3m/MOSS/tile_31013.png,5
arctic_vegetation/20230724_sedge_mosstundra16_m3m/MOSS/tile_31014.png,5
arctic_vegetation/20230724_sedge_mosstundra16_m3m/MOSS/tile_31015.png,5
arctic_vegetation/20230724_sedge_mosstundra16_m3m/MOSS/tile_31016.png,5
arctic_vegetation/20230724_sedge_mosstundra16_m3m/MOSS/tile_31020.png,5
arctic_vegetation/20230724_sedge_mosstundra16_m3m/MOSS/tile_31021.png,5
arctic_vegetation/20230724_sedge_mosstundra16_m3m/MOSS/tile_31022.png,5
arctic_vegetation/20230724_sedge_mosstundra16_m3m/MOSS/tile_31023.png,5
arctic_vegetation/20230724_sedge_mosstundra16_m3m/MOSS/tile_31024.png,5
arctic_vegetation/20230724_sedge_mosstundra16_m3m/MOSS/tile_31025.png,5
arctic_vegetation/20230724_sedge_mosstundra16_m3m/MOSS/tile_31026.png,5
arctic_vegetation/20230724_sedge_mosstundra16_m3m/MOSS/tile_31027.png,5
arctic_vegetation/20230724_sedge_mosstundra16_m3m/MOSS/tile_31043.png,5
arctic_vegetation/20230724_sedge_mosstundra16_m3m/MOSS/tile_31044.png,5
arctic_vegetation/20230724_sedge_mosstundra16_m3m/MOSS/tile_31045.png,5
arctic_vegetation/20230724_sedge_mosstundra16_m3m/MOSS/tile_31046.png,5
arctic_vegetation/20230724_sedge_mosstundra16_m3m/BIRC/tile_31176.png,2
arctic_vegetation/20230724_sedge_mosstundra16_m3m/BIRC/tile_31177.png,2
arctic_vegetation/20230724_sedge_mosstundra16_m3m/BIRC/tile_31178.png,2
arctic_vegetation/20230724_sedge_mosstundra16_m3m/BIRC/tile_31179.png,2
arctic_vegetation/20230724_sedge_mosstundra16_m3m/BIRC/tile_31180.png,2
arctic_vegetation/20230724_sedge_mosstundra16_m3m/MOSS/tile_31212.png,5
arctic_vegetation/20230724_sedge_mosstundra16_m3m/MOSS/tile_31213.png,5
arctic_vegetation/20230724_sedge_mosstundra16_m3m/MOSS/tile_31214.png,5
arctic_vegetation/20230724_sedge_mosstundra16_m3m/MOSS/tile_31215.png,5
arctic_vegetation/20230724_sedge_mosstundra16_m3m/MOSS/tile_31216.png,5
arctic_vegetation/20230724_sedge_mosstundra16_m3m/MOSS/tile_31217.png,5
arctic_vegetation/20230724_sedge_mosstundra16_m3m/MOSS/tile_31218.png,5
arctic_vegetation/20230724_sedge_mosstundra16_m3m/MOSS/tile_31219.png,5
arctic_vegetation/20230724_sedge_mosstundra16_m3m/MOSS/tile_31220.png,5
arctic_vegetation/20230724_sedge_mosstundra16_m3m/MOSS/tile_31222.png,5
arctic_vegetation/20230724_sedge_mosstundra16_m3m/MOSS/tile_31223.png,5
arctic_vegetation/20230724_sedge_mosstundra16_m3m/MOSS/tile_31224.png,5
arctic_vegetation/20230724_sedge_mosstundra16_m3m/MOSS/tile_31225.png,5
arctic_vegetation/20230724_sedge_mosstundra16_m3m/MOSS/tile_31226.png,5
arctic_vegetation/20230724_sedge_mosstundra16_m3m/MOSS/tile_31227.png,5
arctic_vegetation/20230724_sedge_mosstundra16_m3m/MOSS/tile_31228.png,5
arctic_vegetation/20230724_sedge_mosstundra16_m3m/MOSS/tile_31229.png,5
arctic_vegetation/20230724_sedge_mosstundra16_m3m/MOSS/tile_31230.png,5
arctic_vegetation/20230724_sedge_mosstundra16_m3m/MOSS/tile_31246.png,5
arctic_vegetation/20230724_sedge_mosstundra16_m3m/MOSS/tile_31247.png,5
arctic_vegetation/20230724_sedge_mosstundra16_m3m/MOSS/tile_31248.png,5
arctic_vegetation/20230724_sedge_mosstundra16_m3m/MOSS/tile_31249.png,5
arctic_vegetation/20230724_sedge_mosstundra16_m3m/BIRC/tile_31380.png,2
arctic_vegetation/20230724_sedge_mosstundra16_m3m/BIRC/tile_31381.png,2
arctic_vegetation/20230724_sedge_mosstundra16_m3m/BIRC/tile_31382.png,2
arctic_vegetation/20230724_sedge_mosstundra16_m3m/BIRC/tile_31383.png,2
arctic_vegetation/20230724_sedge_mosstundra16_m3m/BIRC/tile_31384.png,2
arctic_vegetation/20230724_sedge_mosstundra16_m3m/MOSS/tile_31415.png,5
arctic_vegetation/20230724_sedge_mosstundra16_m3m/MOSS/tile_31416.png,5
arctic_vegetation/20230724_sedge_mosstundra16_m3m/MOSS/tile_31417.png,5
arctic_vegetation/20230724_sedge_mosstundra16_m3m/MOSS/tile_31418.png,5
arctic_vegetation/20230724_sedge_mosstundra16_m3m/MOSS/tile_31419.png,5
arctic_vegetation/20230724_sedge_mosstundra16_m3m/MOSS/tile_31420.png,5
arctic_vegetation/20230724_sedge_mosstundra16_m3m/MOSS/tile_31421.png,5
arctic_vegetation/20230724_sedge_mosstundra16_m3m/MOSS/tile_31422.png,5
arctic_vegetation/20230724_sedge_mosstundra16_m3m/MOSS/tile_31423.png,5
arctic_vegetation/20230724_sedge_mosstundra16_m3m/MOSS/tile_31424.png,5
arctic_vegetation/20230724_sedge_mosstundra16_m3m/MOSS/tile_31425.png,5
arctic_vegetation/20230724_sedge_mosstundra16_m3m/MOSS/tile_31426.png,5
arctic_vegetation/20230724_sedge_mosstundra16_m3m/MOSS/tile_31427.png,5
arctic_vegetation/20230724_sedge_mosstundra16_m3m/MOSS/tile_31428.png,5
arctic_vegetation/20230724_sedge_mosstundra16_m3m/MOSS/tile_31429.png,5
arctic_vegetation/20230724_sedge_mosstundra16_m3m/MOSS/tile_31432.png,5
arctic_vegetation/20230724_sedge_mosstundra16_m3m/MOSS/tile_31433.png,5
arctic_vegetation/20230724_sedge_mosstundra16_m3m/RUBC/tile_31446.png,8
arctic_vegetation/20230724_sedge_mosstundra16_m3m/RUBC/tile_31447.png,8
arctic_vegetation/20230724_sedge_mosstundra16_m3m/RUBC/tile_31448.png,8
arctic_vegetation/20230724_sedge_mosstundra16_m3m/RUBC/tile_31449.png,8
arctic_vegetation/20230724_sedge_mosstundra16_m3m/MOSS/tile_31450.png,5
arctic_vegetation/20230724_sedge_mosstundra16_m3m/MOSS/tile_31451.png,5
arctic_vegetation/20230724_sedge_mosstundra16_m3m/MOSS/tile_31452.png,5
arctic_vegetation/20230724_sedge_mosstundra16_m3m/BIRC/tile_31583.png,2
arctic_vegetation/20230724_sedge_mosstundra16_m3m/BIRC/tile_31584.png,2
arctic_vegetation/20230724_sedge_mosstundra16_m3m/BIRC/tile_31585.png,2
arctic_vegetation/20230724_sedge_mosstundra16_m3m/BIRC/tile_31586.png,2
arctic_vegetation/20230724_sedge_mosstundra16_m3m/BIRC/tile_31587.png,2
arctic_vegetation/20230724_sedge_mosstundra16_m3m/MOSS/tile_31619.png,5
arctic_vegetation/20230724_sedge_mosstundra16_m3m/MOSS/tile_31620.png,5
arctic_vegetation/20230724_sedge_mosstundra16_m3m/MOSS/tile_31621.png,5
arctic_vegetation/20230724_sedge_mosstundra16_m3m/MOSS/tile_31622.png,5
arctic_vegetation/20230724_sedge_mosstundra16_m3m/MOSS/tile_31623.png,5
arctic_vegetation/20230724_sedge_mosstundra16_m3m/MOSS/tile_31624.png,5
arctic_vegetation/20230724_sedge_mosstundra16_m3m/MOSS/tile_31625.png,5
arctic_vegetation/20230724_sedge_mosstundra16_m3m/MOSS/tile_31626.png,5
arctic_vegetation/20230724_sedge_mosstundra16_m3m/MOSS/tile_31627.png,5
arctic_vegetation/20230724_sedge_mosstundra16_m3m/MOSS/tile_31628.png,5
arctic_vegetation/20230724_sedge_mosstundra16_m3m/MOSS/tile_31629.png,5
arctic_vegetation/20230724_sedge_mosstundra16_m3m/MOSS/tile_31631.png,5
arctic_vegetation/20230724_sedge_mosstundra16_m3m/MOSS/tile_31632.png,5
arctic_vegetation/20230724_sedge_mosstundra16_m3m/RUBC/tile_31649.png,8
arctic_vegetation/20230724_sedge_mosstundra16_m3m/RUBC/tile_31650.png,8
arctic_vegetation/20230724_sedge_mosstundra16_m3m/RUBC/tile_31651.png,8
arctic_vegetation/20230724_sedge_mosstundra16_m3m/RUBC/tile_31652.png,8
arctic_vegetation/20230724_sedge_mosstundra16_m3m/MOSS/tile_31653.png,5
arctic_vegetation/20230724_sedge_mosstundra16_m3m/MOSS/tile_31654.png,5
arctic_vegetation/20230724_sedge_mosstundra16_m3m/MOSS/tile_31655.png,5
arctic_vegetation/20230724_sedge_mosstundra16_m3m/BIRC/tile_31786.png,2
arctic_vegetation/20230724_sedge_mosstundra16_m3m/BIRC/tile_31787.png,2
arctic_vegetation/20230724_sedge_mosstundra16_m3m/BIRC/tile_31788.png,2
arctic_vegetation/20230724_sedge_mosstundra16_m3m/BIRC/tile_31789.png,2
arctic_vegetation/20230724_sedge_mosstundra16_m3m/BIRC/tile_31790.png,2
arctic_vegetation/20230724_sedge_mosstundra16_m3m/MOSS/tile_31822.png,5
arctic_vegetation/20230724_sedge_mosstundra16_m3m/MOSS/tile_31823.png,5
arctic_vegetation/20230724_sedge_mosstundra16_m3m/MOSS/tile_31824.png,5
arctic_vegetation/20230724_sedge_mosstundra16_m3m/MOSS/tile_31825.png,5
arctic_vegetation/20230724_sedge_mosstundra16_m3m/MOSS/tile_31826.png,5
arctic_vegetation/20230724_sedge_mosstundra16_m3m/MOSS/tile_31827.png,5
arctic_vegetation/20230724_sedge_mosstundra16_m3m/MOSS/tile_31828.png,5
arctic_vegetation/20230724_sedge_mosstundra16_m3m/MOSS/tile_31829.png,5
arctic_vegetation/20230724_sedge_mosstundra16_m3m/RUBC/tile_31853.png,8
arctic_vegetation/20230724_sedge_mosstundra16_m3m/RUBC/tile_31854.png,8
arctic_vegetation/20230724_sedge_mosstundra16_m3m/PETF/tile_31855.png,6
arctic_vegetation/20230724_sedge_mosstundra16_m3m/MOSS/tile_31856.png,5
arctic_vegetation/20230724_sedge_mosstundra16_m3m/MOSS/tile_31857.png,5
arctic_vegetation/20230724_sedge_mosstundra16_m3m/MOSS/tile_31858.png,5
arctic_vegetation/20230724_sedge_mosstundra16_m3m/WILL/tile_36398.png,11
arctic_vegetation/20230724_sedge_mosstundra16_m3m/WILL/tile_36399.png,11
arctic_vegetation/20230724_sedge_mosstundra16_m3m/BIRC/tile_36589.png,2
arctic_vegetation/20230724_sedge_mosstundra16_m3m/BIRC/tile_36590.png,2
arctic_vegetation/20230724_sedge_mosstundra16_m3m/BIRC/tile_36591.png,2
arctic_vegetation/20230724_sedge_mosstundra16_m3m/WILL/tile_36592.png,11
arctic_vegetation/20230724_sedge_mosstundra16_m3m/WILL/tile_36593.png,11
arctic_vegetation/20230724_sedge_mosstundra16_m3m/WILL/tile_36594.png,11
arctic_vegetation/20230724_sedge_mosstundra16_m3m/WILL/tile_36595.png,11
arctic_vegetation/20230724_sedge_mosstundra16_m3m/WILL/tile_36596.png,11
arctic_vegetation/20230724_sedge_mosstundra16_m3m/BIRC/tile_36597.png,2
arctic_vegetation/20230724_sedge_mosstundra16_m3m/BIRC/tile_36598.png,2
arctic_vegetation/20230724_sedge_mosstundra16_m3m/BIRC/tile_36599.png,2
arctic_vegetation/20230724_sedge_mosstundra16_m3m/BIRC/tile_36785.png,2
arctic_vegetation/20230724_sedge_mosstundra16_m3m/BIRC/tile_36786.png,2
arctic_vegetation/20230724_sedge_mosstundra16_m3m/BIRC/tile_36787.png,2
arctic_vegetation/20230724_sedge_mosstundra16_m3m/BIRC/tile_36788.png,2
arctic_vegetation/20230724_sedge_mosstundra16_m3m/BIRC/tile_36789.png,2
arctic_vegetation/20230724_sedge_mosstundra16_m3m/BIRC/tile_36790.png,2
arctic_vegetation/20230724_sedge_mosstundra16_m3m/BIRC/tile_36791.png,2
arctic_vegetation/20230724_sedge_mosstundra16_m3m/BIRC/tile_36792.png,2
arctic_vegetation/20230724_sedge_mosstundra16_m3m/BIRC/tile_36793.png,2
arctic_vegetation/20230724_sedge_mosstundra16_m3m/BIRC/tile_36794.png,2
arctic_vegetation/20230724_sedge_mosstundra16_m3m/BIRC/tile_36795.png,2
arctic_vegetation/20230724_sedge_mosstundra16_m3m/BIRC/tile_36796.png,2
arctic_vegetation/20230724_sedge_mosstundra16_m3m/ALDE/tile_36966.png,0
arctic_vegetation/20230724_sedge_mosstundra16_m3m/ALDE/tile_36967.png,0
arctic_vegetation/20230724_sedge_mosstundra16_m3m/BIRC/tile_36981.png,2
arctic_vegetation/20230724_sedge_mosstundra16_m3m/BIRC/tile_36982.png,2
arctic_vegetation/20230724_sedge_mosstundra16_m3m/BIRC/tile_36983.png,2
arctic_vegetation/20230724_sedge_mosstundra16_m3m/BIRC/tile_36984.png,2
arctic_vegetation/20230724_sedge_mosstundra16_m3m/BIRC/tile_36985.png,2
arctic_vegetation/20230724_sedge_mosstundra16_m3m/BIRC/tile_36986.png,2
arctic_vegetation/20230724_sedge_mosstundra16_m3m/BIRC/tile_36987.png,2
arctic_vegetation/20230724_sedge_mosstundra16_m3m/BIRC/tile_36988.png,2
arctic_vegetation/20230724_sedge_mosstundra16_m3m/BIRC/tile_36989.png,2
arctic_vegetation/20230724_sedge_mosstundra16_m3m/BIRC/tile_36990.png,2
arctic_vegetation/20230724_sedge_mosstundra16_m3m/BIRC/tile_36991.png,2
arctic_vegetation/20230724_sedge_mosstundra16_m3m/BIRC/tile_36992.png,2
arctic_vegetation/20230724_sedge_mosstundra16_m3m/ALDE/tile_37161.png,0
arctic_vegetation/20230724_sedge_mosstundra16_m3m/ALDE/tile_37162.png,0
arctic_vegetation/20230724_sedge_mosstundra16_m3m/BIRC/tile_37176.png,2
arctic_vegetation/20230724_sedge_mosstundra16_m3m/BIRC/tile_37177.png,2
arctic_vegetation/20230724_sedge_mosstundra16_m3m/BIRC/tile_37178.png,2
arctic_vegetation/20230724_sedge_mosstundra16_m3m/BIRC/tile_37179.png,2
arctic_vegetation/20230724_sedge_mosstundra16_m3m/BIRC/tile_37180.png,2
arctic_vegetation/20230724_sedge_mosstundra16_m3m/BIRC/tile_37181.png,2
arctic_vegetation/20230724_sedge_mosstundra16_m3m/BIRC/tile_37182.png,2
arctic_vegetation/20230724_sedge_mosstundra16_m3m/BIRC/tile_37183.png,2
arctic_vegetation/20230724_sedge_mosstundra16_m3m/BIRC/tile_37184.png,2
arctic_vegetation/20230724_sedge_mosstundra16_m3m/BIRC/tile_37185.png,2
arctic_vegetation/20230724_sedge_mosstundra16_m3m/BIRC/tile_37186.png,2
arctic_vegetation/20230724_sedge_mosstundra16_m3m/BIRC/tile_37187.png,2
arctic_vegetation/20230724_sedge_mosstundra16_m3m/ALDE/tile_37355.png,0
arctic_vegetation/20230724_sedge_mosstundra16_m3m/SEDG/tile_37369.png,9
arctic_vegetation/20230724_sedge_mosstundra16_m3m/SEDG/tile_37370.png,9
arctic_vegetation/20230724_sedge_mosstundra16_m3m/SEDG/tile_37371.png,9
arctic_vegetation/20230724_sedge_mosstundra16_m3m/SEDG/tile_37372.png,9
arctic_vegetation/20230724_sedge_mosstundra16_m3m/SEDG/tile_37373.png,9
arctic_vegetation/20230724_sedge_mosstundra16_m3m/SEDG/tile_37375.png,9
arctic_vegetation/20230724_sedge_mosstundra16_m3m/SEDG/tile_37376.png,9
arctic_vegetation/20230724_sedge_mosstundra16_m3m/SEDG/tile_37377.png,9
arctic_vegetation/20230724_sedge_mosstundra16_m3m/SEDG/tile_37378.png,9
arctic_vegetation/20230724_sedge_mosstundra16_m3m/SEDG/tile_37379.png,9
arctic_vegetation/20230724_sedge_mosstundra16_m3m/SEDG/tile_37380.png,9
arctic_vegetation/20230724_sedge_mosstundra16_m3m/ALDE/tile_37549.png,0
arctic_vegetation/20230724_sedge_mosstundra16_m3m/ALDE/tile_37550.png,0
arctic_vegetation/20230724_sedge_mosstundra16_m3m/PETF/tile_37555.png,6
arctic_vegetation/20230724_sedge_mosstundra16_m3m/PETF/tile_37556.png,6
arctic_vegetation/20230724_sedge_mosstundra16_m3m/SEDG/tile_37560.png,9
arctic_vegetation/20230724_sedge_mosstundra16_m3m/SEDG/tile_37561.png,9
arctic_vegetation/20230724_sedge_mosstundra16_m3m/SEDG/tile_37562.png,9
arctic_vegetation/20230724_sedge_mosstundra16_m3m/SEDG/tile_37563.png,9
arctic_vegetation/20230724_sedge_mosstundra16_m3m/SEDG/tile_37565.png,9
arctic_vegetation/20230724_sedge_mosstundra16_m3m/SEDG/tile_37566.png,9
arctic_vegetation/20230724_sedge_mosstundra16_m3m/SEDG/tile_37567.png,9
arctic_vegetation/20230724_sedge_mosstundra16_m3m/SEDG/tile_37568.png,9
arctic_vegetation/20230724_sedge_mosstundra16_m3m/SEDG/tile_37569.png,9
arctic_vegetation/20230724_sedge_mosstundra16_m3m/SEDG/tile_37570.png,9
arctic_vegetation/20230724_sedge_mosstundra16_m3m/BIRC/tile_37736.png,2
arctic_vegetation/20230724_sedge_mosstundra16_m3m/BIRC/tile_37737.png,2
arctic_vegetation/20230724_sedge_mosstundra16_m3m/BIRC/tile_37738.png,2
arctic_vegetation/20230724_sedge_mosstundra16_m3m/BIRC/tile_37739.png,2
arctic_vegetation/20230724_sedge_mosstundra16_m3m/BIRC/tile_37740.png,2
arctic_vegetation/20230724_sedge_mosstundra16_m3m/ALDE/tile_37741.png,0
arctic_vegetation/20230724_sedge_mosstundra16_m3m/PETF/tile_37743.png,6
arctic_vegetation/20230724_sedge_mosstundra16_m3m/PETF/tile_37744.png,6
arctic_vegetation/20230724_sedge_mosstundra16_m3m/PETF/tile_37745.png,6
arctic_vegetation/20230724_sedge_mosstundra16_m3m/PETF/tile_37746.png,6
arctic_vegetation/20230724_sedge_mosstundra16_m3m/PETF/tile_37747.png,6
arctic_vegetation/20230724_sedge_mosstundra16_m3m/SEDG/tile_37748.png,9
arctic_vegetation/20230724_sedge_mosstundra16_m3m/SEDG/tile_37749.png,9
arctic_vegetation/20230724_sedge_mosstundra16_m3m/SEDG/tile_37750.png,9
arctic_vegetation/20230724_sedge_mosstundra16_m3m/SEDG/tile_37751.png,9
arctic_vegetation/20230724_sedge_mosstundra16_m3m/BIRC/tile_37923.png,2
arctic_vegetation/20230724_sedge_mosstundra16_m3m/BIRC/tile_37924.png,2
arctic_vegetation/20230724_sedge_mosstundra16_m3m/BIRC/tile_37925.png,2
arctic_vegetation/20230724_sedge_mosstundra16_m3m/PETF/tile_37926.png,6
arctic_vegetation/20230724_sedge_mosstundra16_m3m/PETF/tile_37928.png,6
arctic_vegetation/20230724_sedge_mosstundra16_m3m/PETF/tile_37929.png,6
arctic_vegetation/20230724_sedge_mosstundra16_m3m/PETF/tile_37930.png,6
arctic_vegetation/20230724_sedge_mosstundra16_m3m/PETF/tile_37931.png,6
arctic_vegetation/20230724_sedge_mosstundra16_m3m/PETF/tile_37932.png,6
arctic_vegetation/20230724_sedge_mosstundra16_m3m/PETF/tile_39205.png,6
arctic_vegetation/20230724_sedge_mosstundra16_m3m/PETF/tile_39206.png,6
arctic_vegetation/20230724_sedge_mosstundra16_m3m/PETF/tile_39207.png,6
arctic_vegetation/20230724_sedge_mosstundra16_m3m/PETF/tile_39208.png,6
arctic_vegetation/20230724_sedge_mosstundra16_m3m/PETF/tile_39352.png,6
arctic_vegetation/20230724_sedge_mosstundra16_m3m/PETF/tile_39353.png,6
arctic_vegetation/20230724_sedge_mosstundra16_m3m/PETF/tile_39354.png,6
arctic_vegetation/20230724_lichentundra45_m3m/LICH/tile_09157.png,4
arctic_vegetation/20230724_lichentundra45_m3m/LICH/tile_09158.png,4
arctic_vegetation/20230724_lichentundra45_m3m/MOSS/tile_09160.png,5
arctic_vegetation/20230724_lichentundra45_m3m/MOSS/tile_09161.png,5
arctic_vegetation/20230724_lichentundra45_m3m/MOSS/tile_09162.png,5
arctic_vegetation/20230724_lichentundra45_m3m/MOSS/tile_09163.png,5
arctic_vegetation/20230724_lichentundra45_m3m/MOSS/tile_09164.png,5
arctic_vegetation/20230724_lichentundra45_m3m/MOSS/tile_09165.png,5
arctic_vegetation/20230724_lichentundra45_m3m/SEDG/tile_09173.png,9
arctic_vegetation/20230724_lichentundra45_m3m/SEDG/tile_09174.png,9
arctic_vegetation/20230724_lichentundra45_m3m/LICH/tile_09175.png,4
arctic_vegetation/20230724_lichentundra45_m3m/LICH/tile_09176.png,4
arctic_vegetation/20230724_lichentundra45_m3m/LICH/tile_09177.png,4
arctic_vegetation/20230724_lichentundra45_m3m/LICH/tile_09178.png,4
arctic_vegetation/20230724_lichentundra45_m3m/MOSS/tile_09179.png,5
arctic_vegetation/20230724_lichentundra45_m3m/MOSS/tile_09180.png,5
arctic_vegetation/20230724_lichentundra45_m3m/LICH/tile_09185.png,4
arctic_vegetation/20230724_lichentundra45_m3m/LICH/tile_09186.png,4
arctic_vegetation/20230724_lichentundra45_m3m/LICH/tile_09187.png,4
arctic_vegetation/20230724_lichentundra45_m3m/RHOL/tile_09196.png,7
arctic_vegetation/20230724_lichentundra45_m3m/RHOL/tile_09197.png,7
arctic_vegetation/20230724_lichentundra45_m3m/LICH/tile_09201.png,4
arctic_vegetation/20230724_lichentundra45_m3m/LICH/tile_09202.png,4
arctic_vegetation/20230724_lichentundra45_m3m/LICH/tile_09203.png,4
arctic_vegetation/20230724_lichentundra45_m3m/MOSS/tile_09218.png,5
arctic_vegetation/20230724_lichentundra45_m3m/MOSS/tile_09219.png,5
arctic_vegetation/20230724_lichentundra45_m3m/MOSS/tile_09220.png,5
arctic_vegetation/20230724_lichentundra45_m3m/MOSS/tile_09225.png,5
arctic_vegetation/20230724_lichentundra45_m3m/MOSS/tile_09226.png,5
arctic_vegetation/20230724_lichentundra45_m3m/LICH/tile_09239.png,4
arctic_vegetation/20230724_lichentundra45_m3m/LICH/tile_09240.png,4
arctic_vegetation/20230724_lichentundra45_m3m/MOSS/tile_09370.png,5
arctic_vegetation/20230724_lichentundra45_m3m/MOSS/tile_09371.png,5
arctic_vegetation/20230724_lichentundra45_m3m/MOSS/tile_09372.png,5
arctic_vegetation/20230724_lichentundra45_m3m/MOSS/tile_09373.png,5
arctic_vegetation/20230724_lichentundra45_m3m/LICH/tile_09374.png,4
arctic_vegetation/20230724_lichentundra45_m3m/MOSS/tile_09375.png,5
arctic_vegetation/20230724_lichentundra45_m3m/MOSS/tile_09376.png,5
arctic_vegetation/20230724_lichentundra45_m3m/MOSS/tile_09377.png,5
arctic_vegetation/20230724_lichentundra45_m3m/MOSS/tile_09378.png,5
arctic_vegetation/20230724_lichentundra45_m3m/MOSS/tile_09379.png,5
arctic_vegetation/20230724_lichentundra45_m3m/MOSS/tile_09380.png,5
arctic_vegetation/20230724_lichentundra45_m3m/MOSS/tile_09381.png,5
arctic_vegetation/20230724_lichentundra45_m3m/SEDG/tile_09389.png,9
arctic_vegetation/20230724_lichentundra45_m3m/SEDG/tile_09390.png,9
arctic_vegetation/20230724_lichentundra45_m3m/SEDG/tile_09391.png,9
arctic_vegetation/20230724_lichentundra45_m3m/SEDG/tile_09392.png,9
arctic_vegetation/20230724_lichentundra45_m3m/MOSS/tile_09393.png,5
arctic_vegetation/20230724_lichentundra45_m3m/MOSS/tile_09394.png,5
arctic_vegetation/20230724_lichentundra45_m3m/MOSS/tile_09395.png,5
arctic_vegetation/20230724_lichentundra45_m3m/MOSS/tile_09396.png,5
arctic_vegetation/20230724_lichentundra45_m3m/MOSS/tile_09397.png,5
arctic_vegetation/20230724_lichentundra45_m3m/MOSS/tile_09398.png,5
arctic_vegetation/20230724_lichentundra45_m3m/MOSS/tile_09399.png,5
arctic_vegetation/20230724_lichentundra45_m3m/LICH/tile_09401.png,4
arctic_vegetation/20230724_lichentundra45_m3m/LICH/tile_09402.png,4
arctic_vegetation/20230724_lichentundra45_m3m/LICH/tile_09403.png,4
arctic_vegetation/20230724_lichentundra45_m3m/MOSS/tile_09404.png,5
arctic_vegetation/20230724_lichentundra45_m3m/RHOL/tile_09412.png,7
arctic_vegetation/20230724_lichentundra45_m3m/RHOL/tile_09413.png,7
arctic_vegetation/20230724_lichentundra45_m3m/LICH/tile_09417.png,4
arctic_vegetation/20230724_lichentundra45_m3m/LICH/tile_09418.png,4
arctic_vegetation/20230724_lichentundra45_m3m/LICH/tile_09419.png,4
arctic_vegetation/20230724_lichentundra45_m3m/MOSS/tile_09434.png,5
arctic_vegetation/20230724_lichentundra45_m3m/MOSS/tile_09435.png,5
arctic_vegetation/20230724_lichentundra45_m3m/MOSS/tile_09436.png,5
arctic_vegetation/20230724_lichentundra45_m3m/MOSS/tile_09437.png,5
arctic_vegetation/20230724_lichentundra45_m3m/MOSS/tile_09438.png,5
arctic_vegetation/20230724_lichentundra45_m3m/MOSS/tile_09441.png,5
arctic_vegetation/20230724_lichentundra45_m3m/MOSS/tile_09442.png,5
arctic_vegetation/20230724_lichentundra45_m3m/RHOL/tile_09454.png,7
arctic_vegetation/20230724_lichentundra45_m3m/LICH/tile_09455.png,4
arctic_vegetation/20230724_lichentundra45_m3m/LICH/tile_09456.png,4
arctic_vegetation/20230724_lichentundra45_m3m/RHOL/tile_09457.png,7
arctic_vegetation/20230724_lichentundra45_m3m/LICH/tile_09584.png,4
arctic_vegetation/20230724_lichentundra45_m3m/LICH/tile_09585.png,4
arctic_vegetation/20230724_lichentundra45_m3m/MOSS/tile_09586.png,5
arctic_vegetation/20230724_lichentundra45_m3m/MOSS/tile_09587.png,5
arctic_vegetation/20230724_lichentundra45_m3m/MOSS/tile_09588.png,5
arctic_vegetation/20230724_lichentundra45_m3m/MOSS/tile_09589.png,5
arctic_vegetation/20230724_lichentundra45_m3m/MOSS/tile_09590.png,5
arctic_vegetation/20230724_lichentundra45_m3m/MOSS/tile_09591.png,5
arctic_vegetation/20230724_lichentundra45_m3m/MOSS/tile_09592.png,5
arctic_vegetation/20230724_lichentundra45_m3m/MOSS/tile_09593.png,5
arctic_vegetation/20230724_lichentundra45_m3m/MOSS/tile_09595.png,5
arctic_vegetation/20230724_lichentundra45_m3m/MOSS/tile_09596.png,5
arctic_vegetation/20230724_lichentundra45_m3m/LICH/tile_09601.png,4
arctic_vegetation/20230724_lichentundra45_m3m/LICH/tile_09602.png,4
arctic_vegetation/20230724_lichentundra45_m3m/LICH/tile_09603.png,4
arctic_vegetation/20230724_lichentundra45_m3m/MOSS/tile_09604.png,5
arctic_vegetation/20230724_lichentundra45_m3m/MOSS/tile_09605.png,5
arctic_vegetation/20230724_lichentundra45_m3m/MOSS/tile_09606.png,5
arctic_vegetation/20230724_lichentundra45_m3m/SEDG/tile_09607.png,9
arctic_vegetation/20230724_lichentundra45_m3m/SEDG/tile_09608.png,9
arctic_vegetation/20230724_lichentundra45_m3m/MOSS/tile_09609.png,5
arctic_vegetation/20230724_lichentundra45_m3m/MOSS/tile_09610.png,5
arctic_vegetation/20230724_lichentundra45_m3m/MOSS/tile_09611.png,5
arctic_vegetation/20230724_lichentundra45_m3m/MOSS/tile_09612.png,5
arctic_vegetation/20230724_lichentundra45_m3m/MOSS/tile_09613.png,5
arctic_vegetation/20230724_lichentundra45_m3m/MOSS/tile_09614.png,5
arctic_vegetation/20230724_lichentundra45_m3m/MOSS/tile_09615.png,5
arctic_vegetation/20230724_lichentundra45_m3m/LICH/tile_09618.png,4
arctic_vegetation/20230724_lichentundra45_m3m/LICH/tile_09619.png,4
arctic_vegetation/20230724_lichentundra45_m3m/MOSS/tile_09620.png,5
arctic_vegetation/20230724_lichentundra45_m3m/LICH/tile_09633.png,4
arctic_vegetation/20230724_lichentundra45_m3m/LICH/tile_09634.png,4
arctic_vegetation/20230724_lichentundra45_m3m/SEDG/tile_09636.png,9
arctic_vegetation/20230724_lichentundra45_m3m/SEDG/tile_09637.png,9
arctic_vegetation/20230724_lichentundra45_m3m/SEDG/tile_09638.png,9
arctic_vegetation/20230724_lichentundra45_m3m/MOSS/tile_09652.png,5
arctic_vegetation/20230724_lichentundra45_m3m/MOSS/tile_09653.png,5
arctic_vegetation/20230724_lichentundra45_m3m/MOSS/tile_09654.png,5
arctic_vegetation/20230724_lichentundra45_m3m/MOSS/tile_09655.png,5
arctic_vegetation/20230724_lichentundra45_m3m/MOSS/tile_09656.png,5
arctic_vegetation/20230724_lichentundra45_m3m/MOSS/tile_09657.png,5
arctic_vegetation/20230724_lichentundra45_m3m/MOSS/tile_09658.png,5
arctic_vegetation/20230724_lichentundra45_m3m/RHOL/tile_09668.png,7
arctic_vegetation/20230724_lichentundra45_m3m/RHOL/tile_09669.png,7
arctic_vegetation/20230724_lichentundra45_m3m/RHOL/tile_09670.png,7
arctic_vegetation/20230724_lichentundra45_m3m/LICH/tile_09671.png,4
arctic_vegetation/20230724_lichentundra45_m3m/LICH/tile_09672.png,4
arctic_vegetation/20230724_lichentundra45_m3m/RHOL/tile_09673.png,7
arctic_vegetation/20230724_lichentundra45_m3m/LICH/tile_09800.png,4
arctic_vegetation/20230724_lichentundra45_m3m/LICH/tile_09801.png,4
arctic_vegetation/20230724_lichentundra45_m3m/LICH/tile_09802.png,4
arctic_vegetation/20230724_lichentundra45_m3m/MOSS/tile_09803.png,5
arctic_vegetation/20230724_lichentundra45_m3m/MOSS/tile_09804.png,5
arctic_vegetation/20230724_lichentundra45_m3m/MOSS/tile_09805.png,5
arctic_vegetation/20230724_lichentundra45_m3m/MOSS/tile_09806.png,5
arctic_vegetation/20230724_lichentundra45_m3m/MOSS/tile_09807.png,5
arctic_vegetation/20230724_lichentundra45_m3m/MOSS/tile_09808.png,5
arctic_vegetation/20230724_lichentundra45_m3m/MOSS/tile_09809.png,5
arctic_vegetation/20230724_lichentundra45_m3m/MOSS/tile_09811.png,5
arctic_vegetation/20230724_lichentundra45_m3m/MOSS/tile_09812.png,5
arctic_vegetation/20230724_lichentundra45_m3m/MOSS/tile_09813.png,5
arctic_vegetation/20230724_lichentundra45_m3m/LICH/tile_09817.png,4
arctic_vegetation/20230724_lichentundra45_m3m/LICH/tile_09818.png,4
arctic_vegetation/20230724_lichentundra45_m3m/LICH/tile_09819.png,4
arctic_vegetation/20230724_lichentundra45_m3m/MOSS/tile_09820.png,5
arctic_vegetation/20230724_lichentundra45_m3m/MOSS/tile_09821.png,5
arctic_vegetation/20230724_lichentundra45_m3m/MOSS/tile_09822.png,5
arctic_vegetation/20230724_lichentundra45_m3m/MOSS/tile_09823.png,5
arctic_vegetation/20230724_lichentundra45_m3m/SEDG/tile_09824.png,9
arctic_vegetation/20230724_lichentundra45_m3m/MOSS/tile_09825.png,5
arctic_vegetation/20230724_lichentundra45_m3m/MOSS/tile_09826.png,5
arctic_vegetation/20230724_lichentundra45_m3m/MOSS/tile_09827.png,5
arctic_vegetation/20230724_lichentundra45_m3m/MOSS/tile_09828.png,5
arctic_vegetation/20230724_lichentundra45_m3m/MOSS/tile_09829.png,5
arctic_vegetation/20230724_lichentundra45_m3m/ARCA/tile_09830.png,1
arctic_vegetation/20230724_lichentundra45_m3m/LICH/tile_09833.png,4
arctic_vegetation/20230724_lichentundra45_m3m/LICH/tile_09834.png,4
arctic_vegetation/20230724_lichentundra45_m3m/LICH/tile_09835.png,4
arctic_vegetation/20230724_lichentundra45_m3m/MOSS/tile_09836.png,5
arctic_vegetation/20230724_lichentundra45_m3m/MOSS/tile_09843.png,5
arctic_vegetation/20230724_lichentundra45_m3m/MOSS/tile_09844.png,5
arctic_vegetation/20230724_lichentundra45_m3m/LICH/tile_09849.png,4
arctic_vegetation/20230724_lichentundra45_m3m/LICH/tile_09850.png,4
arctic_vegetation/20230724_lichentundra45_m3m/SEDG/tile_09852.png,9
arctic_vegetation/20230724_lichentundra45_m3m/SEDG/tile_09853.png,9
arctic_vegetation/20230724_lichentundra45_m3m/SEDG/tile_09854.png,9
arctic_vegetation/20230724_lichentundra45_m3m/MOSS/tile_09868.png,5
arctic_vegetation/20230724_lichentundra45_m3m/MOSS/tile_09869.png,5
arctic_vegetation/20230724_lichentundra45_m3m/MOSS/tile_09870.png,5
arctic_vegetation/20230724_lichentundra45_m3m/MOSS/tile_09871.png,5
arctic_vegetation/20230724_lichentundra45_m3m/MOSS/tile_09872.png,5
arctic_vegetation/20230724_lichentundra45_m3m/MOSS/tile_09873.png,5
arctic_vegetation/20230724_lichentundra45_m3m/RHOL/tile_09884.png,7
arctic_vegetation/20230724_lichentundra45_m3m/RHOL/tile_09885.png,7
arctic_vegetation/20230724_lichentundra45_m3m/RHOL/tile_09886.png,7
arctic_vegetation/20230724_lichentundra45_m3m/RHOL/tile_09888.png,7
arctic_vegetation/20230724_lichentundra45_m3m/RHOL/tile_09889.png,7
arctic_vegetation/20230724_lichentundra45_m3m/LICH/tile_10016.png,4
arctic_vegetation/20230724_lichentundra45_m3m/LICH/tile_10017.png,4
arctic_vegetation/20230724_lichentundra45_m3m/LICH/tile_10018.png,4
arctic_vegetation/20230724_lichentundra45_m3m/MOSS/tile_10019.png,5
arctic_vegetation/20230724_lichentundra45_m3m/MOSS/tile_10020.png,5
arctic_vegetation/20230724_lichentundra45_m3m/MOSS/tile_10021.png,5
arctic_vegetation/20230724_lichentundra45_m3m/MOSS/tile_10027.png,5
arctic_vegetation/20230724_lichentundra45_m3m/MOSS/tile_10028.png,5
arctic_vegetation/20230724_lichentundra45_m3m/MOSS/tile_10029.png,5
arctic_vegetation/20230724_lichentundra45_m3m/MOSS/tile_10036.png,5
arctic_vegetation/20230724_lichentundra45_m3m/MOSS/tile_10037.png,5
arctic_vegetation/20230724_lichentundra45_m3m/MOSS/tile_10038.png,5
arctic_vegetation/20230724_lichentundra45_m3m/MOSS/tile_10039.png,5
arctic_vegetation/20230724_lichentundra45_m3m/MOSS/tile_10040.png,5
arctic_vegetation/20230724_lichentundra45_m3m/MOSS/tile_10041.png,5
arctic_vegetation/20230724_lichentundra45_m3m/MOSS/tile_10042.png,5
arctic_vegetation/20230724_lichentundra45_m3m/MOSS/tile_10043.png,5
arctic_vegetation/20230724_lichentundra45_m3m/ARCA/tile_10044.png,1
arctic_vegetation/20230724_lichentundra45_m3m/ARCA/tile_10045.png,1
arctic_vegetation/20230724_lichentundra45_m3m/ARCA/tile_10046.png,1
arctic_vegetation/20230724_lichentundra45_m3m/LICH/tile_10049.png,4
arctic_vegetation/20230724_lichentundra45_m3m/LICH/tile_10050.png,4
arctic_vegetation/20230724_lichentundra45_m3m/LICH/tile_10051.png,4
arctic_vegetation/20230724_lichentundra45_m3m/MOSS/tile_10052.png,5
arctic_vegetation/20230724_lichentundra45_m3m/MOSS/tile_10059.png,5
arctic_vegetation/20230724_lichentundra45_m3m/MOSS/tile_10060.png,5
arctic_vegetation/20230724_lichentundra45_m3m/SEDG/tile_10061.png,9
arctic_vegetation/20230724_lichentundra45_m3m/SEDG/tile_10062.png,9
arctic_vegetation/20230724_lichentundra45_m3m/SEDG/tile_10063.png,9
arctic_vegetation/20230724_lichentundra45_m3m/SEDG/tile_10068.png,9
arctic_vegetation/20230724_lichentundra45_m3m/SEDG/tile_10069.png,9
arctic_vegetation/20230724_lichentundra45_m3m/SEDG/tile_10070.png,9
arctic_vegetation/20230724_lichentundra45_m3m/MOSS/tile_10084.png,5
arctic_vegetation/20230724_lichentundra45_m3m/MOSS/tile_10085.png,5
arctic_vegetation/20230724_lichentundra45_m3m/MOSS/tile_10086.png,5
arctic_vegetation/20230724_lichentundra45_m3m/MOSS/tile_10087.png,5
arctic_vegetation/20230724_lichentundra45_m3m/MOSS/tile_10088.png,5
arctic_vegetation/20230724_lichentundra45_m3m/LICH/tile_10233.png,4
arctic_vegetation/20230724_lichentundra45_m3m/LICH/tile_10234.png,4
arctic_vegetation/20230724_lichentundra45_m3m/LICH/tile_10235.png,4
arctic_vegetation/20230724_lichentundra45_m3m/MOSS/tile_10236.png,5
arctic_vegetation/20230724_lichentundra45_m3m/MOSS/tile_10237.png,5
arctic_vegetation/20230724_lichentundra45_m3m/LICH/tile_10238.png,4
arctic_vegetation/20230724_lichentundra45_m3m/MOSS/tile_10256.png,5
arctic_vegetation/20230724_lichentundra45_m3m/MOSS/tile_10257.png,5
arctic_vegetation/20230724_lichentundra45_m3m/MOSS/tile_10258.png,5
arctic_vegetation/20230724_lichentundra45_m3m/MOSS/tile_10259.png,5
arctic_vegetation/20230724_lichentundra45_m3m/MOSS/tile_10260.png,5
arctic_vegetation/20230724_lichentundra45_m3m/MOSS/tile_10261.png,5
arctic_vegetation/20230724_lichentundra45_m3m/ARCA/tile_10262.png,1
arctic_vegetation/20230724_lichentundra45_m3m/ARCA/tile_10263.png,1
arctic_vegetation/20230724_lichentundra45_m3m/LICH/tile_10264.png,4
arctic_vegetation/20230724_lichentundra45_m3m/LICH/tile_10265.png,4
arctic_vegetation/20230724_lichentundra45_m3m/LICH/tile_10266.png,4
arctic_vegetation/20230724_lichentundra45_m3m/MOSS/tile_10276.png,5
arctic_vegetation/20230724_lichentundra45_m3m/MOSS/tile_10277.png,5
arctic_vegetation/20230724_lichentundra45_m3m/MOSS/tile_10278.png,5
arctic_vegetation/20230724_lichentundra45_m3m/SEDG/tile_10279.png,9
arctic_vegetation/20230724_lichentundra45_m3m/SEDG/tile_10280.png,9
arctic_vegetation/20230724_lichentundra45_m3m/MOSS/tile_10289.png,5
arctic_vegetation/20230724_lichentundra45_m3m/MOSS/tile_10290.png,5
arctic_vegetation/20230724_lichentundra45_m3m/MOSS/tile_10292.png,5
arctic_vegetation/20230724_lichentundra45_m3m/MOSS/tile_10293.png,5
arctic_vegetation/20230724_lichentundra45_m3m/MOSS/tile_10294.png,5
arctic_vegetation/20230724_lichentundra45_m3m/MOSS/tile_10295.png,5
arctic_vegetation/20230724_lichentundra45_m3m/MOSS/tile_10303.png,5
arctic_vegetation/20230724_lichentundra45_m3m/MOSS/tile_10304.png,5
arctic_vegetation/20230724_lichentundra45_m3m/SEDG/tile_10342.png,9
arctic_vegetation/20230724_lichentundra45_m3m/SEDG/tile_10343.png,9
arctic_vegetation/20230724_lichentundra45_m3m/LICH/tile_10451.png,4
arctic_vegetation/20230724_lichentundra45_m3m/LICH/tile_10452.png,4
arctic_vegetation/20230724_lichentundra45_m3m/MOSS/tile_10453.png,5
arctic_vegetation/20230724_lichentundra45_m3m/MOSS/tile_10454.png,5
arctic_vegetation/20230724_lichentundra45_m3m/LICH/tile_10470.png,4
arctic_vegetation/20230724_lichentundra45_m3m/LICH/tile_10471.png,4
arctic_vegetation/20230724_lichentundra45_m3m/LICH/tile_10472.png,4
arctic_vegetation/20230724_lichentundra45_m3m/MOSS/tile_10473.png,5
arctic_vegetation/20230724_lichentundra45_m3m/MOSS/tile_10474.png,5
arctic_vegetation/20230724_lichentundra45_m3m/MOSS/tile_10475.png,5
arctic_vegetation/20230724_lichentundra45_m3m/MOSS/tile_10476.png,5
arctic_vegetation/20230724_lichentundra45_m3m/MOSS/tile_10477.png,5
arctic_vegetation/20230724_lichentundra45_m3m/SEDG/tile_10478.png,9
arctic_vegetation/20230724_lichentundra45_m3m/SEDG/tile_10479.png,9
arctic_vegetation/20230724_lichentundra45_m3m/SEDG/tile_10480.png,9
arctic_vegetation/20230724_lichentundra45_m3m/SEDG/tile_10481.png,9
arctic_vegetation/20230724_lichentundra45_m3m/SEDG/tile_10482.png,9
arctic_vegetation/20230724_lichentundra45_m3m/SEDG/tile_10483.png,9
arctic_vegetation/20230724_lichentundra45_m3m/SEDG/tile_10484.png,9
arctic_vegetation/20230724_lichentundra45_m3m/LICH/tile_10485.png,4
arctic_vegetation/20230724_lichentundra45_m3m/MOSS/tile_10493.png,5
arctic_vegetation/20230724_lichentundra45_m3m/MOSS/tile_10494.png,5
arctic_vegetation/20230724_lichentundra45_m3m/MOSS/tile_10495.png,5
arctic_vegetation/20230724_lichentundra45_m3m/MOSS/tile_10506.png,5
arctic_vegetation/20230724_lichentundra45_m3m/MOSS/tile_10507.png,5
arctic_vegetation/20230724_lichentundra45_m3m/MOSS/tile_10508.png,5
arctic_vegetation/20230724_lichentundra45_m3m/MOSS/tile_10509.png,5
arctic_vegetation/20230724_lichentundra45_m3m/MOSS/tile_10510.png,5
arctic_vegetation/20230724_lichentundra45_m3m/MOSS/tile_10511.png,5
arctic_vegetation/20230724_lichentundra45_m3m/MOSS/tile_10512.png,5
arctic_vegetation/20230724_lichentundra45_m3m/RHOL/tile_10551.png,7
arctic_vegetation/20230724_lichentundra45_m3m/RHOL/tile_10552.png,7
arctic_vegetation/20230724_lichentundra45_m3m/SEDG/tile_10559.png,9
arctic_vegetation/20230724_lichentundra45_m3m/SEDG/tile_10560.png,9
arctic_vegetation/20230724_lichentundra45_m3m/SEDG/tile_10561.png,9
arctic_vegetation/20230724_lichentundra45_m3m/SEDG/tile_10562.png,9
arctic_vegetation/20230724_lichentundra45_m3m/MOSS/tile_10669.png,5
arctic_vegetation/20230724_lichentundra45_m3m/MOSS/tile_10670.png,5
arctic_vegetation/20230724_lichentundra45_m3m/MOSS/tile_10671.png,5
arctic_vegetation/20230724_lichentundra45_m3m/MOSS/tile_10672.png,5
arctic_vegetation/20230724_lichentundra45_m3m/LICH/tile_10687.png,4
arctic_vegetation/20230724_lichentundra45_m3m/LICH/tile_10688.png,4
arctic_vegetation/20230724_lichentundra45_m3m/LICH/tile_10689.png,4
arctic_vegetation/20230724_lichentundra45_m3m/MOSS/tile_10690.png,5
arctic_vegetation/20230724_lichentundra45_m3m/MOSS/tile_10691.png,5
arctic_vegetation/20230724_lichentundra45_m3m/LICH/tile_10692.png,4
arctic_vegetation/20230724_lichentundra45_m3m/SEDG/tile_10694.png,9
arctic_vegetation/20230724_lichentundra45_m3m/SEDG/tile_10695.png,9
arctic_vegetation/20230724_lichentundra45_m3m/SEDG/tile_10696.png,9
arctic_vegetation/20230724_lichentundra45_m3m/SEDG/tile_10697.png,9
arctic_vegetation/20230724_lichentundra45_m3m/SEDG/tile_10698.png,9
arctic_vegetation/20230724_lichentundra45_m3m/SEDG/tile_10699.png,9
arctic_vegetation/20230724_lichentundra45_m3m/SEDG/tile_10700.png,9
arctic_vegetation/20230724_lichentundra45_m3m/SEDG/tile_10701.png,9
arctic_vegetation/20230724_lichentundra45_m3m/MOSS/tile_10702.png,5
arctic_vegetation/20230724_lichentundra45_m3m/MOSS/tile_10703.png,5
arctic_vegetation/20230724_lichentundra45_m3m/MOSS/tile_10704.png,5
arctic_vegetation/20230724_lichentundra45_m3m/MOSS/tile_10705.png,5
arctic_vegetation/20230724_lichentundra45_m3m/MOSS/tile_10710.png,5
arctic_vegetation/20230724_lichentundra45_m3m/MOSS/tile_10711.png,5
arctic_vegetation/20230724_lichentundra45_m3m/MOSS/tile_10712.png,5
arctic_vegetation/20230724_lichentundra45_m3m/MOSS/tile_10723.png,5
arctic_vegetation/20230724_lichentundra45_m3m/MOSS/tile_10724.png,5
arctic_vegetation/20230724_lichentundra45_m3m/MOSS/tile_10725.png,5
arctic_vegetation/20230724_lichentundra45_m3m/MOSS/tile_10726.png,5
arctic_vegetation/20230724_lichentundra45_m3m/MOSS/tile_10727.png,5
arctic_vegetation/20230724_lichentundra45_m3m/RHOL/tile_10768.png,7
arctic_vegetation/20230724_lichentundra45_m3m/RHOL/tile_10769.png,7
arctic_vegetation/20230724_lichentundra45_m3m/SEDG/tile_10776.png,9
arctic_vegetation/20230724_lichentundra45_m3m/SEDG/tile_10777.png,9
arctic_vegetation/20230724_lichentundra45_m3m/SEDG/tile_10778.png,9
arctic_vegetation/20230724_lichentundra45_m3m/SEDG/tile_10779.png,9
arctic_vegetation/20230724_lichentundra45_m3m/MOSS/tile_10884.png,5
arctic_vegetation/20230724_lichentundra45_m3m/MOSS/tile_10885.png,5
arctic_vegetation/20230724_lichentundra45_m3m/MOSS/tile_10886.png,5
arctic_vegetation/20230724_lichentundra45_m3m/MOSS/tile_10887.png,5
arctic_vegetation/20230724_lichentundra45_m3m/MOSS/tile_10888.png,5
arctic_vegetation/20230724_lichentundra45_m3m/MOSS/tile_10889.png,5
arctic_vegetation/20230724_lichentundra45_m3m/MOSS/tile_10890.png,5
arctic_vegetation/20230724_lichentundra45_m3m/LICH/tile_10902.png,4
arctic_vegetation/20230724_lichentundra45_m3m/LICH/tile_10903.png,4
arctic_vegetation/20230724_lichentundra45_m3m/LICH/tile_10905.png,4
arctic_vegetation/20230724_lichentundra45_m3m/LICH/tile_10906.png,4
arctic_vegetation/20230724_lichentundra45_m3m/LICH/tile_10907.png,4
arctic_vegetation/20230724_lichentundra45_m3m/LICH/tile_10908.png,4
arctic_vegetation/20230724_lichentundra45_m3m/LICH/tile_10909.png,4
arctic_vegetation/20230724_lichentundra45_m3m/SEDG/tile_10913.png,9
arctic_vegetation/20230724_lichentundra45_m3m/SEDG/tile_10914.png,9
arctic_vegetation/20230724_lichentundra45_m3m/SEDG/tile_10915.png,9
arctic_vegetation/20230724_lichentundra45_m3m/SEDG/tile_10916.png,9
arctic_vegetation/20230724_lichentundra45_m3m/SEDG/tile_10917.png,9
arctic_vegetation/20230724_lichentundra45_m3m/LICH/tile_10918.png,4
arctic_vegetation/20230724_lichentundra45_m3m/LICH/tile_10919.png,4
arctic_vegetation/20230724_lichentundra45_m3m/LICH/tile_10920.png,4
arctic_vegetation/20230724_lichentundra45_m3m/LICH/tile_10921.png,4
arctic_vegetation/20230724_lichentundra45_m3m/MOSS/tile_10922.png,5
arctic_vegetation/20230724_lichentundra45_m3m/MOSS/tile_10940.png,5
arctic_vegetation/20230724_lichentundra45_m3m/MOSS/tile_10941.png,5
arctic_vegetation/20230724_lichentundra45_m3m/MOSS/tile_10942.png,5
arctic_vegetation/20230724_lichentundra45_m3m/MOSS/tile_10943.png,5
arctic_vegetation/20230724_lichentundra45_m3m/RHOL/tile_10972.png,7
arctic_vegetation/20230724_lichentundra45_m3m/RHOL/tile_10973.png,7
arctic_vegetation/20230724_lichentundra45_m3m/RHOL/tile_10985.png,7
arctic_vegetation/20230724_lichentundra45_m3m/RHOL/tile_10986.png,7
arctic_vegetation/20230724_lichentundra45_m3m/SEDG/tile_10993.png,9
arctic_vegetation/20230724_lichentundra45_m3m/SEDG/tile_10994.png,9
arctic_vegetation/20230724_lichentundra45_m3m/SEDG/tile_10995.png,9
arctic_vegetation/20230724_lichentundra45_m3m/SEDG/tile_10996.png,9
arctic_vegetation/20230724_lichentundra45_m3m/MOSS/tile_11101.png,5
arctic_vegetation/20230724_lichentundra45_m3m/MOSS/tile_11102.png,5
arctic_vegetation/20230724_lichentundra45_m3m/MOSS/tile_11103.png,5
arctic_vegetation/20230724_lichentundra45_m3m/LICH/tile_11104.png,4
arctic_vegetation/20230724_lichentundra45_m3m/LICH/tile_11105.png,4
arctic_vegetation/20230724_lichentundra45_m3m/MOSS/tile_11106.png,5
arctic_vegetation/20230724_lichentundra45_m3m/MOSS/tile_11107.png,5
arctic_vegetation/20230724_lichentundra45_m3m/MOSS/tile_11108.png,5
arctic_vegetation/20230724_lichentundra45_m3m/MOSS/tile_11110.png,5
arctic_vegetation/20230724_lichentundra45_m3m/MOSS/tile_11111.png,5
arctic_vegetation/20230724_lichentundra45_m3m/MOSS/tile_11112.png,5
arctic_vegetation/20230724_lichentundra45_m3m/RHOL/tile_11114.png,7
arctic_vegetation/20230724_lichentundra45_m3m/RHOL/tile_11115.png,7
arctic_vegetation/20230724_lichentundra45_m3m/RHOL/tile_11116.png,7
arctic_vegetation/20230724_lichentundra45_m3m/RHOL/tile_11117.png,7
arctic_vegetation/20230724_lichentundra45_m3m/RHOL/tile_11118.png,7
arctic_vegetation/20230724_lichentundra45_m3m/LICH/tile_11119.png,4
arctic_vegetation/20230724_lichentundra45_m3m/LICH/tile_11120.png,4
arctic_vegetation/20230724_lichentundra45_m3m/LICH/tile_11121.png,4
arctic_vegetation/20230724_lichentundra45_m3m/LICH/tile_11122.png,4
arctic_vegetation/20230724_lichentundra45_m3m/LICH/tile_11123.png,4
arctic_vegetation/20230724_lichentundra45_m3m/LICH/tile_11124.png,4
arctic_vegetation/20230724_lichentundra45_m3m/LICH/tile_11125.png,4
arctic_vegetation/20230724_lichentundra45_m3m/LICH/tile_11126.png,4
arctic_vegetation/20230724_lichentundra45_m3m/LICH/tile_11127.png,4
arctic_vegetation/20230724_lichentundra45_m3m/SEDG/tile_11130.png,9
arctic_vegetation/20230724_lichentundra45_m3m/SEDG/tile_11131.png,9
arctic_vegetation/20230724_lichentundra45_m3m/SEDG/tile_11132.png,9
arctic_vegetation/20230724_lichentundra45_m3m/SEDG/tile_11133.png,9
arctic_vegetation/20230724_lichentundra45_m3m/SEDG/tile_11134.png,9
arctic_vegetation/20230724_lichentundra45_m3m/SEDG/tile_11135.png,9
arctic_vegetation/20230724_lichentundra45_m3m/LICH/tile_11136.png,4
arctic_vegetation/20230724_lichentundra45_m3m/LICH/tile_11137.png,4
arctic_vegetation/20230724_lichentundra45_m3m/LICH/tile_11138.png,4
arctic_vegetation/20230724_lichentundra45_m3m/MOSS/tile_11157.png,5
arctic_vegetation/20230724_lichentundra45_m3m/MOSS/tile_11158.png,5
arctic_vegetation/20230724_lichentundra45_m3m/MOSS/tile_11159.png,5
arctic_vegetation/20230724_lichentundra45_m3m/MOSS/tile_11160.png,5
arctic_vegetation/20230724_lichentundra45_m3m/RHOL/tile_11189.png,7
arctic_vegetation/20230724_lichentundra45_m3m/RHOL/tile_11190.png,7
arctic_vegetation/20230724_lichentundra45_m3m/RHOL/tile_11191.png,7
arctic_vegetation/20230724_lichentundra45_m3m/LICH/tile_11321.png,4
arctic_vegetation/20230724_lichentundra45_m3m/LICH/tile_11322.png,4
arctic_vegetation/20230724_lichentundra45_m3m/LICH/tile_11323.png,4
arctic_vegetation/20230724_lichentundra45_m3m/LICH/tile_11324.png,4
arctic_vegetation/20230724_lichentundra45_m3m/MOSS/tile_11325.png,5
arctic_vegetation/20230724_lichentundra45_m3m/MOSS/tile_11326.png,5
arctic_vegetation/20230724_lichentundra45_m3m/MOSS/tile_11327.png,5
arctic_vegetation/20230724_lichentundra45_m3m/MOSS/tile_11328.png,5
arctic_vegetation/20230724_lichentundra45_m3m/MOSS/tile_11329.png,5
arctic_vegetation/20230724_lichentundra45_m3m/RHOL/tile_11331.png,7
arctic_vegetation/20230724_lichentundra45_m3m/RHOL/tile_11332.png,7
arctic_vegetation/20230724_lichentundra45_m3m/RHOL/tile_11333.png,7
arctic_vegetation/20230724_lichentundra45_m3m/RHOL/tile_11334.png,7
arctic_vegetation/20230724_lichentundra45_m3m/RHOL/tile_11335.png,7
arctic_vegetation/20230724_lichentundra45_m3m/LICH/tile_11336.png,4
arctic_vegetation/20230724_lichentundra45_m3m/LICH/tile_11337.png,4
arctic_vegetation/20230724_lichentundra45_m3m/LICH/tile_11338.png,4
arctic_vegetation/20230724_lichentundra45_m3m/LICH/tile_11339.png,4
arctic_vegetation/20230724_lichentundra45_m3m/LICH/tile_11340.png,4
arctic_vegetation/20230724_lichentundra45_m3m/LICH/tile_11341.png,4
arctic_vegetation/20230724_lichentundra45_m3m/LICH/tile_11342.png,4
arctic_vegetation/20230724_lichentundra45_m3m/LICH/tile_11343.png,4
arctic_vegetation/20230724_lichentundra45_m3m/LICH/tile_11344.png,4
arctic_vegetation/20230724_lichentundra45_m3m/SEDG/tile_11347.png,9
arctic_vegetation/20230724_lichentundra45_m3m/SEDG/tile_11348.png,9
arctic_vegetation/20230724_lichentundra45_m3m/SEDG/tile_11349.png,9
arctic_vegetation/20230724_lichentundra45_m3m/SEDG/tile_11350.png,9
arctic_vegetation/20230724_lichentundra45_m3m/SEDG/tile_11351.png,9
arctic_vegetation/20230724_lichentundra45_m3m/SEDG/tile_11352.png,9
arctic_vegetation/20230724_lichentundra45_m3m/ARCA/tile_11353.png,1
arctic_vegetation/20230724_lichentundra45_m3m/LICH/tile_11354.png,4
arctic_vegetation/20230724_lichentundra45_m3m/LICH/tile_11355.png,4
arctic_vegetation/20230724_lichentundra45_m3m/MOSS/tile_11374.png,5
arctic_vegetation/20230724_lichentundra45_m3m/MOSS/tile_11375.png,5
arctic_vegetation/20230724_lichentundra45_m3m/RHOL/tile_11406.png,7
arctic_vegetation/20230724_lichentundra45_m3m/RHOL/tile_11407.png,7
arctic_vegetation/20230724_lichentundra45_m3m/RHOL/tile_11408.png,7
arctic_vegetation/20230724_lichentundra45_m3m/LICH/tile_11538.png,4
arctic_vegetation/20230724_lichentundra45_m3m/LICH/tile_11539.png,4
arctic_vegetation/20230724_lichentundra45_m3m/LICH/tile_11540.png,4
arctic_vegetation/20230724_lichentundra45_m3m/LICH/tile_11541.png,4
arctic_vegetation/20230724_lichentundra45_m3m/LICH/tile_11542.png,4
arctic_vegetation/20230724_lichentundra45_m3m/MOSS/tile_11543.png,5
arctic_vegetation/20230724_lichentundra45_m3m/MOSS/tile_11544.png,5
arctic_vegetation/20230724_lichentundra45_m3m/MOSS/tile_11545.png,5
arctic_vegetation/20230724_lichentundra45_m3m/RHOL/tile_11548.png,7
arctic_vegetation/20230724_lichentundra45_m3m/RHOL/tile_11549.png,7
arctic_vegetation/20230724_lichentundra45_m3m/LICH/tile_11554.png,4
arctic_vegetation/20230724_lichentundra45_m3m/LICH/tile_11555.png,4
arctic_vegetation/20230724_lichentundra45_m3m/LICH/tile_11556.png,4
arctic_vegetation/20230724_lichentundra45_m3m/LICH/tile_11557.png,4
arctic_vegetation/20230724_lichentundra45_m3m/LICH/tile_11558.png,4
arctic_vegetation/20230724_lichentundra45_m3m/LICH/tile_11559.png,4
arctic_vegetation/20230724_lichentundra45_m3m/LICH/tile_11560.png,4
arctic_vegetation/20230724_lichentundra45_m3m/MOSS/tile_11570.png,5
arctic_vegetation/20230724_lichentundra45_m3m/LICH/tile_11571.png,4
arctic_vegetation/20230724_lichentundra45_m3m/LICH/tile_11572.png,4
arctic_vegetation/20230724_lichentundra45_m3m/LICH/tile_11755.png,4
arctic_vegetation/20230724_lichentundra45_m3m/LICH/tile_11756.png,4
arctic_vegetation/20230724_lichentundra45_m3m/LICH/tile_11757.png,4
arctic_vegetation/20230724_lichentundra45_m3m/LICH/tile_11758.png,4
arctic_vegetation/20230724_lichentundra45_m3m/LICH/tile_11759.png,4
arctic_vegetation/20230724_lichentundra45_m3m/MOSS/tile_11760.png,5
arctic_vegetation/20230724_lichentundra45_m3m/MOSS/tile_11761.png,5
arctic_vegetation/20230724_lichentundra45_m3m/MOSS/tile_11762.png,5
arctic_vegetation/20230724_lichentundra45_m3m/MOSS/tile_11767.png,5
arctic_vegetation/20230724_lichentundra45_m3m/MOSS/tile_11768.png,5
arctic_vegetation/20230724_lichentundra45_m3m/RHOL/tile_11771.png,7
arctic_vegetation/20230724_lichentundra45_m3m/MOSS/tile_11772.png,5
arctic_vegetation/20230724_lichentundra45_m3m/MOSS/tile_11773.png,5
arctic_vegetation/20230724_lichentundra45_m3m/LICH/tile_11774.png,4
arctic_vegetation/20230724_lichentundra45_m3m/LICH/tile_11775.png,4
arctic_vegetation/20230724_lichentundra45_m3m/MOSS/tile_11776.png,5
arctic_vegetation/20230724_lichentundra45_m3m/MOSS/tile_11777.png,5
arctic_vegetation/20230724_lichentundra45_m3m/MOSS/tile_11778.png,5
arctic_vegetation/20230724_lichentundra45_m3m/MOSS/tile_11784.png,5
arctic_vegetation/20230724_lichentundra45_m3m/MOSS/tile_11785.png,5
arctic_vegetation/20230724_lichentundra45_m3m/MOSS/tile_11787.png,5
arctic_vegetation/20230724_lichentundra45_m3m/MOSS/tile_11788.png,5
arctic_vegetation/20230724_lichentundra45_m3m/LICH/tile_11972.png,4
arctic_vegetation/20230724_lichentundra45_m3m/LICH/tile_11973.png,4
arctic_vegetation/20230724_lichentundra45_m3m/SEDG/tile_11975.png,9
arctic_vegetation/20230724_lichentundra45_m3m/SEDG/tile_11976.png,9
arctic_vegetation/20230724_lichentundra45_m3m/LICH/tile_11977.png,4
arctic_vegetation/20230724_lichentundra45_m3m/MOSS/tile_11984.png,5
arctic_vegetation/20230724_lichentundra45_m3m/MOSS/tile_11985.png,5
arctic_vegetation/20230724_lichentundra45_m3m/RHOL/tile_11988.png,7
arctic_vegetation/20230724_lichentundra45_m3m/RHOL/tile_11989.png,7
arctic_vegetation/20230724_lichentundra45_m3m/MOSS/tile_11991.png,5
arctic_vegetation/20230724_lichentundra45_m3m/MOSS/tile_11992.png,5
arctic_vegetation/20230724_lichentundra45_m3m/MOSS/tile_11993.png,5
arctic_vegetation/20230724_lichentundra45_m3m/MOSS/tile_11994.png,5
arctic_vegetation/20230724_lichentundra45_m3m/MOSS/tile_11995.png,5
arctic_vegetation/20230724_lichentundra45_m3m/MOSS/tile_11997.png,5
arctic_vegetation/20230724_lichentundra45_m3m/MOSS/tile_11998.png,5
arctic_vegetation/20230724_lichentundra45_m3m/MOSS/tile_11999.png,5
arctic_vegetation/20230724_lichentundra45_m3m/MOSS/tile_12001.png,5
arctic_vegetation/20230724_lichentundra45_m3m/MOSS/tile_12002.png,5
arctic_vegetation/20230724_lichentundra45_m3m/MOSS/tile_12003.png,5
arctic_vegetation/20230724_lichentundra45_m3m/MOSS/tile_12004.png,5
arctic_vegetation/20230724_lichentundra45_m3m/MOSS/tile_12005.png,5
arctic_vegetation/20230724_lichentundra45_m3m/ARCA/tile_12010.png,1
arctic_vegetation/20230724_lichentundra45_m3m/ARCA/tile_12011.png,1
arctic_vegetation/20230724_lichentundra45_m3m/SEDG/tile_12012.png,9
arctic_vegetation/20230724_lichentundra45_m3m/SEDG/tile_12013.png,9
arctic_vegetation/20230724_lichentundra45_m3m/SEDG/tile_12014.png,9
arctic_vegetation/20230724_lichentundra45_m3m/SEDG/tile_12015.png,9
arctic_vegetation/20230724_lichentundra45_m3m/MOSS/tile_12046.png,5
arctic_vegetation/20230724_lichentundra45_m3m/MOSS/tile_12047.png,5
arctic_vegetation/20230724_lichentundra45_m3m/ARCA/tile_12186.png,1
arctic_vegetation/20230724_lichentundra45_m3m/ARCA/tile_12187.png,1
arctic_vegetation/20230724_lichentundra45_m3m/MOSS/tile_12189.png,5
arctic_vegetation/20230724_lichentundra45_m3m/MOSS/tile_12190.png,5
arctic_vegetation/20230724_lichentundra45_m3m/SEDG/tile_12192.png,9
arctic_vegetation/20230724_lichentundra45_m3m/SEDG/tile_12193.png,9
arctic_vegetation/20230724_lichentundra45_m3m/LICH/tile_12194.png,4
arctic_vegetation/20230724_lichentundra45_m3m/SEDG/tile_12195.png,9
arctic_vegetation/20230724_lichentundra45_m3m/SEDG/tile_12196.png,9
arctic_vegetation/20230724_lichentundra45_m3m/MOSS/tile_12201.png,5
arctic_vegetation/20230724_lichentundra45_m3m/MOSS/tile_12202.png,5
arctic_vegetation/20230724_lichentundra45_m3m/MOSS/tile_12208.png,5
arctic_vegetation/20230724_lichentundra45_m3m/MOSS/tile_12209.png,5
arctic_vegetation/20230724_lichentundra45_m3m/MOSS/tile_12214.png,5
arctic_vegetation/20230724_lichentundra45_m3m/MOSS/tile_12215.png,5
arctic_vegetation/20230724_lichentundra45_m3m/MOSS/tile_12216.png,5
arctic_vegetation/20230724_lichentundra45_m3m/MOSS/tile_12218.png,5
arctic_vegetation/20230724_lichentundra45_m3m/MOSS/tile_12219.png,5
arctic_vegetation/20230724_lichentundra45_m3m/MOSS/tile_12220.png,5
arctic_vegetation/20230724_lichentundra45_m3m/ARCA/tile_12227.png,1
arctic_vegetation/20230724_lichentundra45_m3m/SEDG/tile_12228.png,9
arctic_vegetation/20230724_lichentundra45_m3m/SEDG/tile_12229.png,9
arctic_vegetation/20230724_lichentundra45_m3m/SEDG/tile_12230.png,9
arctic_vegetation/20230724_lichentundra45_m3m/SEDG/tile_12231.png,9
arctic_vegetation/20230724_lichentundra45_m3m/SEDG/tile_12232.png,9
arctic_vegetation/20230724_lichentundra45_m3m/MOSS/tile_12263.png,5
arctic_vegetation/20230724_lichentundra45_m3m/MOSS/tile_12264.png,5
arctic_vegetation/20230724_lichentundra45_m3m/MOSS/tile_12265.png,5
arctic_vegetation/20230724_lichentundra45_m3m/MOSS/tile_12266.png,5
arctic_vegetation/20230724_lichentundra45_m3m/MOSS/tile_12267.png,5
arctic_vegetation/20230724_lichentundra45_m3m/ARCA/tile_12403.png,1
arctic_vegetation/20230724_lichentundra45_m3m/ARCA/tile_12404.png,1
arctic_vegetation/20230724_lichentundra45_m3m/MOSS/tile_12406.png,5
arctic_vegetation/20230724_lichentundra45_m3m/MOSS/tile_12407.png,5
arctic_vegetation/20230724_lichentundra45_m3m/MOSS/tile_12409.png,5
arctic_vegetation/20230724_lichentundra45_m3m/MOSS/tile_12410.png,5
arctic_vegetation/20230724_lichentundra45_m3m/LICH/tile_12411.png,4
arctic_vegetation/20230724_lichentundra45_m3m/SEDG/tile_12412.png,9
arctic_vegetation/20230724_lichentundra45_m3m/SEDG/tile_12413.png,9
arctic_vegetation/20230724_lichentundra45_m3m/RHOL/tile_12418.png,7
arctic_vegetation/20230724_lichentundra45_m3m/RHOL/tile_12419.png,7
arctic_vegetation/20230724_lichentundra45_m3m/ARCA/tile_12444.png,1
arctic_vegetation/20230724_lichentundra45_m3m/SEDG/tile_12445.png,9
arctic_vegetation/20230724_lichentundra45_m3m/SEDG/tile_12446.png,9
arctic_vegetation/20230724_lichentundra45_m3m/SEDG/tile_12447.png,9
arctic_vegetation/20230724_lichentundra45_m3m/SEDG/tile_12448.png,9
arctic_vegetation/20230724_lichentundra45_m3m/SEDG/tile_12449.png,9
arctic_vegetation/20230724_lichentundra45_m3m/SEDG/tile_12450.png,9
arctic_vegetation/20230724_lichentundra45_m3m/MOSS/tile_12480.png,5
arctic_vegetation/20230724_lichentundra45_m3m/MOSS/tile_12481.png,5
arctic_vegetation/20230724_lichentundra45_m3m/MOSS/tile_12482.png,5
arctic_vegetation/20230724_lichentundra45_m3m/MOSS/tile_12483.png,5
arctic_vegetation/20230724_lichentundra45_m3m/MOSS/tile_12484.png,5
arctic_vegetation/20230724_lichentundra45_m3m/ARCA/tile_12620.png,1
arctic_vegetation/20230724_lichentundra45_m3m/MOSS/tile_12621.png,5
arctic_vegetation/20230724_lichentundra45_m3m/MOSS/tile_12622.png,5
arctic_vegetation/20230724_lichentundra45_m3m/MOSS/tile_12623.png,5
arctic_vegetation/20230724_lichentundra45_m3m/MOSS/tile_12624.png,5
arctic_vegetation/20230724_lichentundra45_m3m/ARCA/tile_12626.png,1
arctic_vegetation/20230724_lichentundra45_m3m/SEDG/tile_12627.png,9
arctic_vegetation/20230724_lichentundra45_m3m/SEDG/tile_12628.png,9
arctic_vegetation/20230724_lichentundra45_m3m/SEDG/tile_12629.png,9
arctic_vegetation/20230724_lichentundra45_m3m/SEDG/tile_12630.png,9
arctic_vegetation/20230724_lichentundra45_m3m/SEDG/tile_12631.png,9
arctic_vegetation/20230724_lichentundra45_m3m/LICH/tile_12635.png,4
arctic_vegetation/20230724_lichentundra45_m3m/MOSS/tile_12636.png,5
arctic_vegetation/20230724_lichentundra45_m3m/MOSS/tile_12637.png,5
arctic_vegetation/20230724_lichentundra45_m3m/SEDG/tile_12643.png,9
arctic_vegetation/20230724_lichentundra45_m3m/SEDG/tile_12644.png,9
arctic_vegetation/20230724_lichentundra45_m3m/SEDG/tile_12645.png,9
arctic_vegetation/20230724_lichentundra45_m3m/RHOL/tile_12653.png,7
arctic_vegetation/20230724_lichentundra45_m3m/RHOL/tile_12654.png,7
arctic_vegetation/20230724_lichentundra45_m3m/MOSS/tile_12660.png,5
arctic_vegetation/20230724_lichentundra45_m3m/ARCA/tile_12661.png,1
arctic_vegetation/20230724_lichentundra45_m3m/SEDG/tile_12662.png,9
arctic_vegetation/20230724_lichentundra45_m3m/SEDG/tile_12663.png,9
arctic_vegetation/20230724_lichentundra45_m3m/SEDG/tile_12664.png,9
arctic_vegetation/20230724_lichentundra45_m3m/SEDG/tile_12665.png,9
arctic_vegetation/20230724_lichentundra45_m3m/SEDG/tile_12666.png,9
arctic_vegetation/20230724_lichentundra45_m3m/SEDG/tile_12667.png,9
arctic_vegetation/20230724_lichentundra45_m3m/MOSS/tile_12697.png,5
arctic_vegetation/20230724_lichentundra45_m3m/MOSS/tile_12698.png,5
arctic_vegetation/20230724_lichentundra45_m3m/RHOL/tile_12699.png,7
arctic_vegetation/20230724_lichentundra45_m3m/MOSS/tile_12700.png,5
arctic_vegetation/20230724_lichentundra45_m3m/MOSS/tile_12701.png,5
arctic_vegetation/20230724_lichentundra45_m3m/MOSS/tile_12838.png,5
arctic_vegetation/20230724_lichentundra45_m3m/MOSS/tile_12839.png,5
arctic_vegetation/20230724_lichentundra45_m3m/MOSS/tile_12840.png,5
arctic_vegetation/20230724_lichentundra45_m3m/MOSS/tile_12841.png,5
arctic_vegetation/20230724_lichentundra45_m3m/MOSS/tile_12842.png,5
arctic_vegetation/20230724_lichentundra45_m3m/ARCA/tile_12843.png,1
arctic_vegetation/20230724_lichentundra45_m3m/SEDG/tile_12844.png,9
arctic_vegetation/20230724_lichentundra45_m3m/SEDG/tile_12845.png,9
arctic_vegetation/20230724_lichentundra45_m3m/SEDG/tile_12846.png,9
arctic_vegetation/20230724_lichentundra45_m3m/SEDG/tile_12847.png,9
arctic_vegetation/20230724_lichentundra45_m3m/SEDG/tile_12848.png,9
arctic_vegetation/20230724_lichentundra45_m3m/SEDG/tile_12849.png,9
arctic_vegetation/20230724_lichentundra45_m3m/SEDG/tile_12850.png,9
arctic_vegetation/20230724_lichentundra45_m3m/SEDG/tile_12851.png,9
arctic_vegetation/20230724_lichentundra45_m3m/MOSS/tile_12852.png,5
arctic_vegetation/20230724_lichentundra45_m3m/MOSS/tile_12853.png,5
arctic_vegetation/20230724_lichentundra45_m3m/MOSS/tile_12854.png,5
arctic_vegetation/20230724_lichentundra45_m3m/SEDG/tile_12858.png,9
arctic_vegetation/20230724_lichentundra45_m3m/SEDG/tile_12859.png,9
arctic_vegetation/20230724_lichentundra45_m3m/SEDG/tile_12860.png,9
arctic_vegetation/20230724_lichentundra45_m3m/SEDG/tile_12861.png,9
arctic_vegetation/20230724_lichentundra45_m3m/SEDG/tile_12862.png,9
arctic_vegetation/20230724_lichentundra45_m3m/SEDG/tile_12863.png,9
arctic_vegetation/20230724_lichentundra45_m3m/RHOL/tile_12870.png,7
arctic_vegetation/20230724_lichentundra45_m3m/RHOL/tile_12871.png,7
arctic_vegetation/20230724_lichentundra45_m3m/MOSS/tile_12877.png,5
arctic_vegetation/20230724_lichentundra45_m3m/MOSS/tile_12878.png,5
arctic_vegetation/20230724_lichentundra45_m3m/SEDG/tile_12879.png,9
arctic_vegetation/20230724_lichentundra45_m3m/SEDG/tile_12880.png,9
arctic_vegetation/20230724_lichentundra45_m3m/SEDG/tile_12881.png,9
arctic_vegetation/20230724_lichentundra45_m3m/SEDG/tile_12882.png,9
arctic_vegetation/20230724_lichentundra45_m3m/SEDG/tile_12883.png,9
arctic_vegetation/20230724_lichentundra45_m3m/SEDG/tile_12884.png,9
arctic_vegetation/20230724_lichentundra45_m3m/ARCA/tile_12885.png,1
arctic_vegetation/20230724_lichentundra45_m3m/ARCA/tile_12886.png,1
arctic_vegetation/20230724_lichentundra45_m3m/MOSS/tile_12887.png,5
arctic_vegetation/20230724_lichentundra45_m3m/RHOL/tile_12915.png,7
arctic_vegetation/20230724_lichentundra45_m3m/RHOL/tile_12916.png,7
arctic_vegetation/20230724_lichentundra45_m3m/MOSS/tile_12917.png,5
arctic_vegetation/20230724_lichentundra45_m3m/MOSS/tile_12918.png,5
arctic_vegetation/20230724_lichentundra45_m3m/MOSS/tile_12919.png,5
arctic_vegetation/20230724_lichentundra45_m3m/MOSS/tile_13054.png,5
arctic_vegetation/20230724_lichentundra45_m3m/MOSS/tile_13055.png,5
arctic_vegetation/20230724_lichentundra45_m3m/MOSS/tile_13056.png,5
arctic_vegetation/20230724_lichentundra45_m3m/MOSS/tile_13057.png,5
arctic_vegetation/20230724_lichentundra45_m3m/MOSS/tile_13058.png,5
arctic_vegetation/20230724_lichentundra45_m3m/MOSS/tile_13059.png,5
arctic_vegetation/20230724_lichentundra45_m3m/ARCA/tile_13060.png,1
arctic_vegetation/20230724_lichentundra45_m3m/ARCA/tile_13061.png,1
arctic_vegetation/20230724_lichentundra45_m3m/ARCA/tile_13062.png,1
arctic_vegetation/20230724_lichentundra45_m3m/SEDG/tile_13064.png,9
arctic_vegetation/20230724_lichentundra45_m3m/SEDG/tile_13065.png,9
arctic_vegetation/20230724_lichentundra45_m3m/SEDG/tile_13066.png,9
arctic_vegetation/20230724_lichentundra45_m3m/SEDG/tile_13067.png,9
arctic_vegetation/20230724_lichentundra45_m3m/SEDG/tile_13068.png,9
arctic_vegetation/20230724_lichentundra45_m3m/MOSS/tile_13069.png,5
arctic_vegetation/20230724_lichentundra45_m3m/MOSS/tile_13070.png,5
arctic_vegetation/20230724_lichentundra45_m3m/MOSS/tile_13071.png,5
arctic_vegetation/20230724_lichentundra45_m3m/SEDG/tile_13075.png,9
arctic_vegetation/20230724_lichentundra45_m3m/SEDG/tile_13076.png,9
arctic_vegetation/20230724_lichentundra45_m3m/SEDG/tile_13077.png,9
arctic_vegetation/20230724_lichentundra45_m3m/SEDG/tile_13078.png,9
arctic_vegetation/20230724_lichentundra45_m3m/SEDG/tile_13079.png,9
arctic_vegetation/20230724_lichentundra45_m3m/SEDG/tile_13080.png,9
arctic_vegetation/20230724_lichentundra45_m3m/RHOL/tile_13087.png,7
arctic_vegetation/20230724_lichentundra45_m3m/RHOL/tile_13088.png,7
arctic_vegetation/20230724_lichentundra45_m3m/MOSS/tile_13094.png,5
arctic_vegetation/20230724_lichentundra45_m3m/MOSS/tile_13095.png,5
arctic_vegetation/20230724_lichentundra45_m3m/SEDG/tile_13096.png,9
arctic_vegetation/20230724_lichentundra45_m3m/SEDG/tile_13097.png,9
arctic_vegetation/20230724_lichentundra45_m3m/SEDG/tile_13098.png,9
arctic_vegetation/20230724_lichentundra45_m3m/SEDG/tile_13099.png,9
arctic_vegetation/20230724_lichentundra45_m3m/SEDG/tile_13100.png,9
arctic_vegetation/20230724_lichentundra45_m3m/SEDG/tile_13101.png,9
arctic_vegetation/20230724_lichentundra45_m3m/ARCA/tile_13102.png,1
arctic_vegetation/20230724_lichentundra45_m3m/ARCA/tile_13103.png,1
arctic_vegetation/20230724_lichentundra45_m3m/MOSS/tile_13104.png,5
arctic_vegetation/20230724_lichentundra45_m3m/MOSS/tile_13134.png,5
arctic_vegetation/20230724_lichentundra45_m3m/MOSS/tile_13135.png,5
arctic_vegetation/20230724_lichentundra45_m3m/MOSS/tile_13136.png,5
arctic_vegetation/20230724_lichentundra45_m3m/MOSS/tile_13271.png,5
arctic_vegetation/20230724_lichentundra45_m3m/MOSS/tile_13272.png,5
arctic_vegetation/20230724_lichentundra45_m3m/MOSS/tile_13273.png,5
arctic_vegetation/20230724_lichentundra45_m3m/MOSS/tile_13274.png,5
arctic_vegetation/20230724_lichentundra45_m3m/MOSS/tile_13275.png,5
arctic_vegetation/20230724_lichentundra45_m3m/ARCA/tile_13276.png,1
arctic_vegetation/20230724_lichentundra45_m3m/ARCA/tile_13277.png,1
arctic_vegetation/20230724_lichentundra45_m3m/ARCA/tile_13278.png,1
arctic_vegetation/20230724_lichentundra45_m3m/ARCA/tile_13279.png,1
arctic_vegetation/20230724_lichentundra45_m3m/ARCA/tile_13280.png,1
arctic_vegetation/20230724_lichentundra45_m3m/ARCA/tile_13281.png,1
arctic_vegetation/20230724_lichentundra45_m3m/ARCA/tile_13282.png,1
arctic_vegetation/20230724_lichentundra45_m3m/SEDG/tile_13283.png,9
arctic_vegetation/20230724_lichentundra45_m3m/SEDG/tile_13284.png,9
arctic_vegetation/20230724_lichentundra45_m3m/SEDG/tile_13285.png,9
arctic_vegetation/20230724_lichentundra45_m3m/MOSS/tile_13286.png,5
arctic_vegetation/20230724_lichentundra45_m3m/MOSS/tile_13287.png,5
arctic_vegetation/20230724_lichentundra45_m3m/MOSS/tile_13288.png,5
arctic_vegetation/20230724_lichentundra45_m3m/MOSS/tile_13289.png,5
arctic_vegetation/20230724_lichentundra45_m3m/MOSS/tile_13290.png,5
arctic_vegetation/20230724_lichentundra45_m3m/ARCA/tile_13291.png,1
arctic_vegetation/20230724_lichentundra45_m3m/RHOL/tile_13292.png,7
arctic_vegetation/20230724_lichentundra45_m3m/SEDG/tile_13293.png,9
arctic_vegetation/20230724_lichentundra45_m3m/SEDG/tile_13294.png,9
arctic_vegetation/20230724_lichentundra45_m3m/SEDG/tile_13295.png,9
arctic_vegetation/20230724_lichentundra45_m3m/SEDG/tile_13296.png,9
arctic_vegetation/20230724_lichentundra45_m3m/SEDG/tile_13297.png,9
arctic_vegetation/20230724_lichentundra45_m3m/RHOL/tile_13301.png,7
arctic_vegetation/20230724_lichentundra45_m3m/RHOL/tile_13302.png,7
arctic_vegetation/20230724_lichentundra45_m3m/MOSS/tile_13311.png,5
arctic_vegetation/20230724_lichentundra45_m3m/SEDG/tile_13312.png,9
arctic_vegetation/20230724_lichentundra45_m3m/SEDG/tile_13313.png,9
arctic_vegetation/20230724_lichentundra45_m3m/SEDG/tile_13314.png,9
arctic_vegetation/20230724_lichentundra45_m3m/SEDG/tile_13315.png,9
arctic_vegetation/20230724_lichentundra45_m3m/SEDG/tile_13316.png,9
arctic_vegetation/20230724_lichentundra45_m3m/SEDG/tile_13317.png,9
arctic_vegetation/20230724_lichentundra45_m3m/SEDG/tile_13318.png,9
arctic_vegetation/20230724_lichentundra45_m3m/ARCA/tile_13319.png,1
arctic_vegetation/20230724_lichentundra45_m3m/ARCA/tile_13320.png,1
arctic_vegetation/20230724_lichentundra45_m3m/MOSS/tile_13490.png,5
arctic_vegetation/20230724_lichentundra45_m3m/MOSS/tile_13491.png,5
arctic_vegetation/20230724_lichentundra45_m3m/MOSS/tile_13493.png,5
arctic_vegetation/20230724_lichentundra45_m3m/MOSS/tile_13494.png,5
arctic_vegetation/20230724_lichentundra45_m3m/MOSS/tile_13495.png,5
arctic_vegetation/20230724_lichentundra45_m3m/MOSS/tile_13496.png,5
arctic_vegetation/20230724_lichentundra45_m3m/ARCA/tile_13497.png,1
arctic_vegetation/20230724_lichentundra45_m3m/ARCA/tile_13498.png,1
arctic_vegetation/20230724_lichentundra45_m3m/ARCA/tile_13499.png,1
arctic_vegetation/20230724_lichentundra45_m3m/ARCA/tile_13500.png,1
arctic_vegetation/20230724_lichentundra45_m3m/MOSS/tile_13502.png,5
arctic_vegetation/20230724_lichentundra45_m3m/MOSS/tile_13503.png,5
arctic_vegetation/20230724_lichentundra45_m3m/MOSS/tile_13504.png,5
arctic_vegetation/20230724_lichentundra45_m3m/MOSS/tile_13505.png,5
arctic_vegetation/20230724_lichentundra45_m3m/MOSS/tile_13506.png,5
arctic_vegetation/20230724_lichentundra45_m3m/MOSS/tile_13507.png,5
arctic_vegetation/20230724_lichentundra45_m3m/ARCA/tile_13508.png,1
arctic_vegetation/20230724_lichentundra45_m3m/RHOL/tile_13509.png,7
arctic_vegetation/20230724_lichentundra45_m3m/SEDG/tile_13510.png,9
arctic_vegetation/20230724_lichentundra45_m3m/SEDG/tile_13511.png,9
arctic_vegetation/20230724_lichentundra45_m3m/SEDG/tile_13512.png,9
arctic_vegetation/20230724_lichentundra45_m3m/SEDG/tile_13513.png,9
arctic_vegetation/20230724_lichentundra45_m3m/SEDG/tile_13514.png,9
arctic_vegetation/20230724_lichentundra45_m3m/RHOL/tile_13518.png,7
arctic_vegetation/20230724_lichentundra45_m3m/RHOL/tile_13519.png,7
arctic_vegetation/20230724_lichentundra45_m3m/SEDG/tile_13529.png,9
arctic_vegetation/20230724_lichentundra45_m3m/SEDG/tile_13530.png,9
arctic_vegetation/20230724_lichentundra45_m3m/SEDG/tile_13531.png,9
arctic_vegetation/20230724_lichentundra45_m3m/SEDG/tile_13532.png,9
arctic_vegetation/20230724_lichentundra45_m3m/SEDG/tile_13533.png,9
arctic_vegetation/20230724_lichentundra45_m3m/SEDG/tile_13534.png,9
arctic_vegetation/20230724_lichentundra45_m3m/SEDG/tile_13535.png,9
arctic_vegetation/20230724_lichentundra45_m3m/SEDG/tile_13536.png,9
arctic_vegetation/20230724_lichentundra45_m3m/MOSS/tile_13708.png,5
arctic_vegetation/20230724_lichentundra45_m3m/MOSS/tile_13709.png,5
arctic_vegetation/20230724_lichentundra45_m3m/MOSS/tile_13710.png,5
arctic_vegetation/20230724_lichentundra45_m3m/MOSS/tile_13711.png,5
arctic_vegetation/20230724_lichentundra45_m3m/MOSS/tile_13712.png,5
arctic_vegetation/20230724_lichentundra45_m3m/MOSS/tile_13713.png,5
arctic_vegetation/20230724_lichentundra45_m3m/ARCA/tile_13714.png,1
arctic_vegetation/20230724_lichentundra45_m3m/MOSS/tile_13720.png,5
arctic_vegetation/20230724_lichentundra45_m3m/MOSS/tile_13721.png,5
arctic_vegetation/20230724_lichentundra45_m3m/MOSS/tile_13722.png,5
arctic_vegetation/20230724_lichentundra45_m3m/MOSS/tile_13723.png,5
arctic_vegetation/20230724_lichentundra45_m3m/MOSS/tile_13724.png,5
arctic_vegetation/20230724_lichentundra45_m3m/SEDG/tile_13727.png,9
arctic_vegetation/20230724_lichentundra45_m3m/SEDG/tile_13728.png,9
arctic_vegetation/20230724_lichentundra45_m3m/SEDG/tile_13729.png,9
arctic_vegetation/20230724_lichentundra45_m3m/SEDG/tile_13730.png,9
arctic_vegetation/20230724_lichentundra45_m3m/MOSS/tile_13731.png,5
arctic_vegetation/20230724_lichentundra45_m3m/RHOL/tile_13735.png,7
arctic_vegetation/20230724_lichentundra45_m3m/RHOL/tile_13736.png,7
arctic_vegetation/20230724_lichentundra45_m3m/SEDG/tile_13746.png,9
arctic_vegetation/20230724_lichentundra45_m3m/SEDG/tile_13747.png,9
arctic_vegetation/20230724_lichentundra45_m3m/SEDG/tile_13748.png,9
arctic_vegetation/20230724_lichentundra45_m3m/SEDG/tile_13749.png,9
arctic_vegetation/20230724_lichentundra45_m3m/SEDG/tile_13750.png,9
arctic_vegetation/20230724_lichentundra45_m3m/SEDG/tile_13751.png,9
arctic_vegetation/20230724_lichentundra45_m3m/SEDG/tile_13752.png,9
arctic_vegetation/20230724_lichentundra45_m3m/SEDG/tile_13753.png,9
arctic_vegetation/20230724_lichentundra45_m3m/MOSS/tile_13925.png,5
arctic_vegetation/20230724_lichentundra45_m3m/MOSS/tile_13926.png,5
arctic_vegetation/20230724_lichentundra45_m3m/MOSS/tile_13927.png,5
arctic_vegetation/20230724_lichentundra45_m3m/MOSS/tile_13928.png,5
arctic_vegetation/20230724_lichentundra45_m3m/MOSS/tile_13929.png,5
arctic_vegetation/20230724_lichentundra45_m3m/MOSS/tile_13930.png,5
arctic_vegetation/20230724_lichentundra45_m3m/MOSS/tile_13931.png,5
arctic_vegetation/20230724_lichentundra45_m3m/MOSS/tile_13932.png,5
arctic_vegetation/20230724_lichentundra45_m3m/MOSS/tile_13933.png,5
arctic_vegetation/20230724_lichentundra45_m3m/MOSS/tile_13943.png,5
arctic_vegetation/20230724_lichentundra45_m3m/SEDG/tile_13944.png,9
arctic_vegetation/20230724_lichentundra45_m3m/SEDG/tile_13945.png,9
arctic_vegetation/20230724_lichentundra45_m3m/SEDG/tile_13946.png,9
arctic_vegetation/20230724_lichentundra45_m3m/MOSS/tile_13947.png,5
arctic_vegetation/20230724_lichentundra45_m3m/MOSS/tile_13948.png,5
arctic_vegetation/20230724_lichentundra45_m3m/SEDG/tile_13963.png,9
arctic_vegetation/20230724_lichentundra45_m3m/SEDG/tile_13964.png,9
arctic_vegetation/20230724_lichentundra45_m3m/SEDG/tile_13965.png,9
arctic_vegetation/20230724_lichentundra45_m3m/MOSS/tile_14142.png,5
arctic_vegetation/20230724_lichentundra45_m3m/MOSS/tile_14143.png,5
arctic_vegetation/20230724_lichentundra45_m3m/MOSS/tile_14144.png,5
arctic_vegetation/20230724_lichentundra45_m3m/MOSS/tile_14145.png,5
arctic_vegetation/20230724_lichentundra45_m3m/MOSS/tile_14146.png,5
arctic_vegetation/20230724_lichentundra45_m3m/MOSS/tile_14147.png,5
arctic_vegetation/20230724_lichentundra45_m3m/MOSS/tile_14148.png,5
arctic_vegetation/20230724_lichentundra45_m3m/MOSS/tile_14149.png,5
arctic_vegetation/20230724_lichentundra45_m3m/MOSS/tile_14150.png,5
arctic_vegetation/20230724_lichentundra45_m3m/MOSS/tile_14160.png,5
arctic_vegetation/20230724_lichentundra45_m3m/MOSS/tile_14161.png,5
arctic_vegetation/20230724_lichentundra45_m3m/MOSS/tile_14162.png,5
arctic_vegetation/20230724_lichentundra45_m3m/MOSS/tile_14164.png,5
arctic_vegetation/20230724_lichentundra45_m3m/MOSS/tile_14165.png,5
arctic_vegetation/20230724_lichentundra45_m3m/MOSS/tile_14356.png,5
arctic_vegetation/20230724_lichentundra45_m3m/MOSS/tile_14357.png,5
arctic_vegetation/20230724_lichentundra45_m3m/MOSS/tile_14358.png,5
arctic_vegetation/20230724_lichentundra45_m3m/MOSS/tile_14359.png,5
arctic_vegetation/20230724_lichentundra45_m3m/MOSS/tile_14360.png,5
arctic_vegetation/20230724_lichentundra45_m3m/MOSS/tile_14361.png,5
arctic_vegetation/20230724_lichentundra45_m3m/MOSS/tile_14362.png,5
arctic_vegetation/20230724_lichentundra45_m3m/MOSS/tile_14363.png,5
arctic_vegetation/20230724_lichentundra45_m3m/MOSS/tile_14364.png,5
arctic_vegetation/20230724_lichentundra45_m3m/MOSS/tile_14365.png,5
arctic_vegetation/20230724_lichentundra45_m3m/MOSS/tile_14366.png,5
arctic_vegetation/20230724_lichentundra45_m3m/MOSS/tile_14367.png,5
arctic_vegetation/20230724_lichentundra45_m3m/MOSS/tile_14573.png,5
arctic_vegetation/20230724_lichentundra45_m3m/MOSS/tile_14574.png,5
arctic_vegetation/20230724_lichentundra45_m3m/MOSS/tile_14575.png,5
arctic_vegetation/20230724_lichentundra45_m3m/MOSS/tile_14576.png,5
arctic_vegetation/20230724_lichentundra45_m3m/MOSS/tile_14577.png,5
arctic_vegetation/20230724_lichentundra45_m3m/MOSS/tile_14578.png,5
arctic_vegetation/20230724_lichentundra45_m3m/MOSS/tile_14579.png,5
arctic_vegetation/20230724_lichentundra45_m3m/MOSS/tile_14580.png,5
arctic_vegetation/20230724_lichentundra45_m3m/MOSS/tile_14581.png,5
arctic_vegetation/20230724_lichentundra45_m3m/MOSS/tile_14584.png,5
arctic_vegetation/20230724_lichentundra45_m3m/MOSS/tile_14585.png,5
arctic_vegetation/20230724_lichentundra45_m3m/SEDG/tile_14596.png,9
arctic_vegetation/20230724_lichentundra45_m3m/SEDG/tile_14597.png,9
arctic_vegetation/20230724_lichentundra45_m3m/SEDG/tile_14598.png,9
arctic_vegetation/20230724_lichentundra45_m3m/SEDG/tile_14599.png,9
arctic_vegetation/20230724_lichentundra45_m3m/SEDG/tile_14600.png,9
arctic_vegetation/20230724_lichentundra45_m3m/SEDG/tile_14601.png,9
arctic_vegetation/20230724_lichentundra45_m3m/SEDG/tile_14602.png,9
arctic_vegetation/20230724_lichentundra45_m3m/MOSS/tile_14605.png,5
arctic_vegetation/20230724_lichentundra45_m3m/MOSS/tile_14606.png,5
arctic_vegetation/20230724_lichentundra45_m3m/MOSS/tile_14791.png,5
arctic_vegetation/20230724_lichentundra45_m3m/MOSS/tile_14792.png,5
arctic_vegetation/20230724_lichentundra45_m3m/MOSS/tile_14793.png,5
arctic_vegetation/20230724_lichentundra45_m3m/MOSS/tile_14794.png,5
arctic_vegetation/20230724_lichentundra45_m3m/MOSS/tile_14795.png,5
arctic_vegetation/20230724_lichentundra45_m3m/MOSS/tile_14796.png,5
arctic_vegetation/20230724_lichentundra45_m3m/MOSS/tile_14797.png,5
arctic_vegetation/20230724_lichentundra45_m3m/MOSS/tile_14798.png,5
arctic_vegetation/20230724_lichentundra45_m3m/MOSS/tile_14800.png,5
arctic_vegetation/20230724_lichentundra45_m3m/MOSS/tile_14801.png,5
arctic_vegetation/20230724_lichentundra45_m3m/MOSS/tile_14802.png,5
arctic_vegetation/20230724_lichentundra45_m3m/MOSS/tile_14803.png,5
arctic_vegetation/20230724_lichentundra45_m3m/SEDG/tile_14813.png,9
arctic_vegetation/20230724_lichentundra45_m3m/SEDG/tile_14814.png,9
arctic_vegetation/20230724_lichentundra45_m3m/SEDG/tile_14815.png,9
arctic_vegetation/20230724_lichentundra45_m3m/SEDG/tile_14816.png,9
arctic_vegetation/20230724_lichentundra45_m3m/SEDG/tile_14817.png,9
arctic_vegetation/20230724_lichentundra45_m3m/SEDG/tile_14818.png,9
arctic_vegetation/20230724_lichentundra45_m3m/SEDG/tile_14819.png,9
arctic_vegetation/20230724_lichentundra45_m3m/MOSS/tile_14820.png,5
arctic_vegetation/20230724_lichentundra45_m3m/MOSS/tile_14821.png,5
arctic_vegetation/20230724_lichentundra45_m3m/MOSS/tile_14822.png,5
arctic_vegetation/20230724_lichentundra45_m3m/MOSS/tile_14823.png,5
arctic_vegetation/20230724_lichentundra45_m3m/LICH/tile_15007.png,4
arctic_vegetation/20230724_lichentundra45_m3m/LICH/tile_15008.png,4
arctic_vegetation/20230724_lichentundra45_m3m/MOSS/tile_15009.png,5
arctic_vegetation/20230724_lichentundra45_m3m/MOSS/tile_15010.png,5
arctic_vegetation/20230724_lichentundra45_m3m/MOSS/tile_15011.png,5
arctic_vegetation/20230724_lichentundra45_m3m/MOSS/tile_15014.png,5
arctic_vegetation/20230724_lichentundra45_m3m/MOSS/tile_15015.png,5
arctic_vegetation/20230724_lichentundra45_m3m/MOSS/tile_15016.png,5
arctic_vegetation/20230724_lichentundra45_m3m/MOSS/tile_15017.png,5
arctic_vegetation/20230724_lichentundra45_m3m/MOSS/tile_15018.png,5
arctic_vegetation/20230724_lichentundra45_m3m/MOSS/tile_15028.png,5
arctic_vegetation/20230724_lichentundra45_m3m/MOSS/tile_15029.png,5
arctic_vegetation/20230724_lichentundra45_m3m/SEDG/tile_15030.png,9
arctic_vegetation/20230724_lichentundra45_m3m/SEDG/tile_15031.png,9
arctic_vegetation/20230724_lichentundra45_m3m/SEDG/tile_15032.png,9
arctic_vegetation/20230724_lichentundra45_m3m/SEDG/tile_15033.png,9
arctic_vegetation/20230724_lichentundra45_m3m/MOSS/tile_15034.png,5
arctic_vegetation/20230724_lichentundra45_m3m/MOSS/tile_15035.png,5
arctic_vegetation/20230724_lichentundra45_m3m/MOSS/tile_15036.png,5
arctic_vegetation/20230724_lichentundra45_m3m/MOSS/tile_15037.png,5
arctic_vegetation/20230724_lichentundra45_m3m/MOSS/tile_15227.png,5
arctic_vegetation/20230724_lichentundra45_m3m/MOSS/tile_15228.png,5
arctic_vegetation/20230724_lichentundra45_m3m/MOSS/tile_15229.png,5
arctic_vegetation/20230724_lichentundra45_m3m/MOSS/tile_15230.png,5
arctic_vegetation/20230724_lichentundra45_m3m/MOSS/tile_15240.png,5
arctic_vegetation/20230724_lichentundra45_m3m/MOSS/tile_15241.png,5
arctic_vegetation/20230724_lichentundra45_m3m/SEDG/tile_15242.png,9
arctic_vegetation/20230724_lichentundra45_m3m/SEDG/tile_15243.png,9
arctic_vegetation/20230724_lichentundra45_m3m/SEDG/tile_15244.png,9
arctic_vegetation/20230724_lichentundra45_m3m/SEDG/tile_15245.png,9
arctic_vegetation/20230724_lichentundra45_m3m/MOSS/tile_15246.png,5
arctic_vegetation/20230724_lichentundra45_m3m/MOSS/tile_15247.png,5
arctic_vegetation/20230724_lichentundra45_m3m/MOSS/tile_15248.png,5
arctic_vegetation/20230724_lichentundra45_m3m/MOSS/tile_15249.png,5
arctic_vegetation/20230724_lichentundra45_m3m/MOSS/tile_15250.png,5
arctic_vegetation/20230724_lichentundra45_m3m/MOSS/tile_15452.png,5
arctic_vegetation/20230724_lichentundra45_m3m/MOSS/tile_15453.png,5
arctic_vegetation/20230724_lichentundra45_m3m/MOSS/tile_15454.png,5
arctic_vegetation/20230724_lichentundra45_m3m/MOSS/tile_15455.png,5
arctic_vegetation/20230724_lichentundra45_m3m/MOSS/tile_15456.png,5
arctic_vegetation/20230724_lichentundra45_m3m/MOSS/tile_15457.png,5
arctic_vegetation/20230724_lichentundra45_m3m/MOSS/tile_15458.png,5
arctic_vegetation/20230724_lichentundra45_m3m/MOSS/tile_15459.png,5
arctic_vegetation/20230724_lichentundra45_m3m/MOSS/tile_15460.png,5
arctic_vegetation/20230724_lichentundra45_m3m/MOSS/tile_15461.png,5
arctic_vegetation/20230724_lichentundra45_m3m/MOSS/tile_15462.png,5
arctic_vegetation/20230724_lichentundra45_m3m/RHOL/tile_15669.png,7
arctic_vegetation/20230724_lichentundra45_m3m/RHOL/tile_15670.png,7
arctic_vegetation/20230724_lichentundra45_m3m/RHOL/tile_15671.png,7
arctic_vegetation/20230724_lichentundra45_m3m/RHOL/tile_15876.png,7
arctic_vegetation/20230724_lichentundra45_m3m/RHOL/tile_15877.png,7
arctic_vegetation/20230724_lichentundra45_m3m/MOSS/tile_15878.png,5
arctic_vegetation/20230724_lichentundra45_m3m/MOSS/tile_15879.png,5
arctic_vegetation/20230724_lichentundra45_m3m/MOSS/tile_15880.png,5
arctic_vegetation/20230724_lichentundra45_m3m/MOSS/tile_16083.png,5
arctic_vegetation/20230724_lichentundra45_m3m/MOSS/tile_16084.png,5
arctic_vegetation/20230724_lichentundra45_m3m/MOSS/tile_16085.png,5
arctic_vegetation/20230724_lichentundra45_m3m/MOSS/tile_16086.png,5
arctic_vegetation/20230724_lichentundra45_m3m/MOSS/tile_16087.png,5
arctic_vegetation/20230724_lichentundra45_m3m/MOSS/tile_16088.png,5
arctic_vegetation/20230724_lichentundra45_m3m/MOSS/tile_16289.png,5
arctic_vegetation/20230724_lichentundra45_m3m/MOSS/tile_16290.png,5
arctic_vegetation/20230724_lichentundra45_m3m/MOSS/tile_16291.png,5
arctic_vegetation/20230724_lichentundra45_m3m/MOSS/tile_16292.png,5
arctic_vegetation/20230724_lichentundra45_m3m/MOSS/tile_16293.png,5
arctic_vegetation/20230724_lichentundra45_m3m/MOSS/tile_16460.png,5
arctic_vegetation/20230724_lichentundra45_m3m/MOSS/tile_16461.png,5
arctic_vegetation/20230724_lichentundra45_m3m/MOSS/tile_16462.png,5
arctic_vegetation/20230724_lichentundra45_m3m/MOSS/tile_16464.png,5
arctic_vegetation/20230724_lichentundra45_m3m/MOSS/tile_16465.png,5
arctic_vegetation/20230724_lichentundra45_m3m/MOSS/tile_16495.png,5
arctic_vegetation/20230724_lichentundra45_m3m/MOSS/tile_16496.png,5
arctic_vegetation/20230724_lichentundra45_m3m/MOSS/tile_16497.png,5
arctic_vegetation/20230724_lichentundra45_m3m/MOSS/tile_16667.png,5
arctic_vegetation/20230724_lichentundra45_m3m/MOSS/tile_16668.png,5
arctic_vegetation/20230724_lichentundra45_m3m/MOSS/tile_16669.png,5
arctic_vegetation/20230724_lichentundra45_m3m/MOSS/tile_16671.png,5
arctic_vegetation/20230724_lichentundra45_m3m/MOSS/tile_16672.png,5
arctic_vegetation/20230724_lichentundra45_m3m/MOSS/tile_16673.png,5
arctic_vegetation/20230724_lichentundra45_m3m/SEDG/tile_16681.png,9
arctic_vegetation/20230724_lichentundra45_m3m/SEDG/tile_16682.png,9
arctic_vegetation/20230724_lichentundra45_m3m/RHOL/tile_16697.png,7
arctic_vegetation/20230724_lichentundra45_m3m/RHOL/tile_16698.png,7
arctic_vegetation/20230724_lichentundra45_m3m/MOSS/tile_16877.png,5
arctic_vegetation/20230724_lichentundra45_m3m/MOSS/tile_16878.png,5
arctic_vegetation/20230724_lichentundra45_m3m/MOSS/tile_16879.png,5
arctic_vegetation/20230724_lichentundra45_m3m/MOSS/tile_16881.png,5
arctic_vegetation/20230724_lichentundra45_m3m/MOSS/tile_16882.png,5
arctic_vegetation/20230724_lichentundra45_m3m/MOSS/tile_16883.png,5
arctic_vegetation/20230724_lichentundra45_m3m/MOSS/tile_16884.png,5
arctic_vegetation/20230724_lichentundra45_m3m/MOSS/tile_16885.png,5
arctic_vegetation/20230724_lichentundra45_m3m/SEDG/tile_16890.png,9
arctic_vegetation/20230724_lichentundra45_m3m/SEDG/tile_16891.png,9
arctic_vegetation/20230724_lichentundra45_m3m/SEDG/tile_16892.png,9
arctic_vegetation/20230724_lichentundra45_m3m/SEDG/tile_16893.png,9
arctic_vegetation/20230724_lichentundra45_m3m/SEDG/tile_16894.png,9
arctic_vegetation/20230724_lichentundra45_m3m/SEDG/tile_16895.png,9
arctic_vegetation/20230724_lichentundra45_m3m/SEDG/tile_16896.png,9
arctic_vegetation/20230724_lichentundra45_m3m/RHOL/tile_16907.png,7
arctic_vegetation/20230724_lichentundra45_m3m/RHOL/tile_16908.png,7
arctic_vegetation/20230724_lichentundra45_m3m/MOSS/tile_17096.png,5
arctic_vegetation/20230724_lichentundra45_m3m/MOSS/tile_17097.png,5
arctic_vegetation/20230724_lichentundra45_m3m/MOSS/tile_17098.png,5
arctic_vegetation/20230724_lichentundra45_m3m/MOSS/tile_17099.png,5
arctic_vegetation/20230724_lichentundra45_m3m/SEDG/tile_17104.png,9
arctic_vegetation/20230724_lichentundra45_m3m/SEDG/tile_17105.png,9
arctic_vegetation/20230724_lichentundra45_m3m/SEDG/tile_17106.png,9
arctic_vegetation/20230724_lichentundra45_m3m/SEDG/tile_17107.png,9
arctic_vegetation/20230724_lichentundra45_m3m/SEDG/tile_17108.png,9
arctic_vegetation/20230724_lichentundra45_m3m/SEDG/tile_17109.png,9
arctic_vegetation/20230724_lichentundra45_m3m/SEDG/tile_17110.png,9
arctic_vegetation/20230724_lichentundra45_m3m/RHOL/tile_17125.png,7
arctic_vegetation/20230724_lichentundra45_m3m/RHOL/tile_17126.png,7
arctic_vegetation/20230724_lichentundra45_m3m/RHOL/tile_17132.png,7
arctic_vegetation/20230724_lichentundra45_m3m/RHOL/tile_17133.png,7
arctic_vegetation/20230724_lichentundra45_m3m/MOSS/tile_17310.png,5
arctic_vegetation/20230724_lichentundra45_m3m/MOSS/tile_17311.png,5
arctic_vegetation/20230724_lichentundra45_m3m/MOSS/tile_17312.png,5
arctic_vegetation/20230724_lichentundra45_m3m/SEDG/tile_17318.png,9
arctic_vegetation/20230724_lichentundra45_m3m/SEDG/tile_17319.png,9
arctic_vegetation/20230724_lichentundra45_m3m/SEDG/tile_17320.png,9
arctic_vegetation/20230724_lichentundra45_m3m/SEDG/tile_17321.png,9
arctic_vegetation/20230724_lichentundra45_m3m/SEDG/tile_17322.png,9
arctic_vegetation/20230724_lichentundra45_m3m/SEDG/tile_17323.png,9
arctic_vegetation/20230724_lichentundra45_m3m/SEDG/tile_17324.png,9
arctic_vegetation/20230724_lichentundra45_m3m/RHOL/tile_17339.png,7
arctic_vegetation/20230724_lichentundra45_m3m/RHOL/tile_17340.png,7
arctic_vegetation/20230724_lichentundra45_m3m/RHOL/tile_17346.png,7
arctic_vegetation/20230724_lichentundra45_m3m/RHOL/tile_17347.png,7
arctic_vegetation/20230724_lichentundra45_m3m/SEDG/tile_17527.png,9
arctic_vegetation/20230724_lichentundra45_m3m/SEDG/tile_17528.png,9
arctic_vegetation/20230724_lichentundra45_m3m/SEDG/tile_17529.png,9
arctic_vegetation/20230724_lichentundra45_m3m/SEDG/tile_17530.png,9
arctic_vegetation/20230724_lichentundra45_m3m/SEDG/tile_17531.png,9
arctic_vegetation/20230724_lichentundra45_m3m/SEDG/tile_17532.png,9
arctic_vegetation/20230724_lichentundra45_m3m/SEDG/tile_17533.png,9
arctic_vegetation/20230724_lichentundra45_m3m/SEDG/tile_17534.png,9
arctic_vegetation/20230724_lichentundra45_m3m/SEDG/tile_17535.png,9
arctic_vegetation/20230724_lichentundra45_m3m/RHOL/tile_17550.png,7
arctic_vegetation/20230724_lichentundra45_m3m/RHOL/tile_17551.png,7
arctic_vegetation/20230724_lichentundra45_m3m/RHOL/tile_17552.png,7
arctic_vegetation/20230724_lichentundra45_m3m/RHOL/tile_17553.png,7
arctic_vegetation/20230724_lichentundra45_m3m/RHOL/tile_17554.png,7
arctic_vegetation/20230724_lichentundra45_m3m/RHOL/tile_17560.png,7
arctic_vegetation/20230724_lichentundra45_m3m/RHOL/tile_17561.png,7
arctic_vegetation/20230724_lichentundra45_m3m/SEDG/tile_17740.png,9
arctic_vegetation/20230724_lichentundra45_m3m/SEDG/tile_17741.png,9
arctic_vegetation/20230724_lichentundra45_m3m/SEDG/tile_17742.png,9
arctic_vegetation/20230724_lichentundra45_m3m/SEDG/tile_17743.png,9
arctic_vegetation/20230724_lichentundra45_m3m/SEDG/tile_17744.png,9
arctic_vegetation/20230724_lichentundra45_m3m/SEDG/tile_17745.png,9
arctic_vegetation/20230724_lichentundra45_m3m/SEDG/tile_17746.png,9
arctic_vegetation/20230724_lichentundra45_m3m/SEDG/tile_17747.png,9
arctic_vegetation/20230724_lichentundra45_m3m/SEDG/tile_17748.png,9
arctic_vegetation/20230724_lichentundra45_m3m/RHOL/tile_17753.png,7
arctic_vegetation/20230724_lichentundra45_m3m/RHOL/tile_17754.png,7
arctic_vegetation/20230724_lichentundra45_m3m/RHOL/tile_17764.png,7
arctic_vegetation/20230724_lichentundra45_m3m/RHOL/tile_17765.png,7
arctic_vegetation/20230724_lichentundra45_m3m/RHOL/tile_17766.png,7
arctic_vegetation/20230724_lichentundra45_m3m/RHOL/tile_17767.png,7
arctic_vegetation/20230724_lichentundra45_m3m/SEDG/tile_17947.png,9
arctic_vegetation/20230724_lichentundra45_m3m/SEDG/tile_17948.png,9
arctic_vegetation/20230724_lichentundra45_m3m/SEDG/tile_17949.png,9
arctic_vegetation/20230724_lichentundra45_m3m/SEDG/tile_17954.png,9
arctic_vegetation/20230724_lichentundra45_m3m/SEDG/tile_17955.png,9
arctic_vegetation/20230724_lichentundra45_m3m/SEDG/tile_17956.png,9
arctic_vegetation/20230724_lichentundra45_m3m/SEDG/tile_17957.png,9
arctic_vegetation/20230724_lichentundra45_m3m/SEDG/tile_17958.png,9
arctic_vegetation/20230724_lichentundra45_m3m/SEDG/tile_17959.png,9
arctic_vegetation/20230724_lichentundra45_m3m/SEDG/tile_17960.png,9
arctic_vegetation/20230724_lichentundra45_m3m/RHOL/tile_17967.png,7
arctic_vegetation/20230724_lichentundra45_m3m/RHOL/tile_17968.png,7
arctic_vegetation/20230724_lichentundra45_m3m/RHOL/tile_17969.png,7
arctic_vegetation/20230724_lichentundra45_m3m/RHOL/tile_17978.png,7
arctic_vegetation/20230724_lichentundra45_m3m/RHOL/tile_17979.png,7
arctic_vegetation/20230724_lichentundra45_m3m/SEDG/tile_18161.png,9
arctic_vegetation/20230724_lichentundra45_m3m/SEDG/tile_18162.png,9
arctic_vegetation/20230724_lichentundra45_m3m/SEDG/tile_18163.png,9
arctic_vegetation/20230724_lichentundra45_m3m/SEDG/tile_18164.png,9
arctic_vegetation/20230724_lichentundra45_m3m/SEDG/tile_18165.png,9
arctic_vegetation/20230724_lichentundra45_m3m/SEDG/tile_18168.png,9
arctic_vegetation/20230724_lichentundra45_m3m/SEDG/tile_18169.png,9
arctic_vegetation/20230724_lichentundra45_m3m/SEDG/tile_18170.png,9
arctic_vegetation/20230724_lichentundra45_m3m/SEDG/tile_18171.png,9
arctic_vegetation/20230724_lichentundra45_m3m/SEDG/tile_18172.png,9
arctic_vegetation/20230724_lichentundra45_m3m/SEDG/tile_18173.png,9
arctic_vegetation/20230724_lichentundra45_m3m/SEDG/tile_18174.png,9
arctic_vegetation/20230724_lichentundra45_m3m/MOSS/tile_18180.png,5
arctic_vegetation/20230724_lichentundra45_m3m/RHOL/tile_18181.png,7
arctic_vegetation/20230724_lichentundra45_m3m/RHOL/tile_18182.png,7
arctic_vegetation/20230724_lichentundra45_m3m/RHOL/tile_18183.png,7
arctic_vegetation/20230724_lichentundra45_m3m/SEDG/tile_18376.png,9
arctic_vegetation/20230724_lichentundra45_m3m/SEDG/tile_18377.png,9
arctic_vegetation/20230724_lichentundra45_m3m/SEDG/tile_18378.png,9
arctic_vegetation/20230724_lichentundra45_m3m/SEDG/tile_18379.png,9
arctic_vegetation/20230724_lichentundra45_m3m/SEDG/tile_18380.png,9
arctic_vegetation/20230724_lichentundra45_m3m/RHOL/tile_18381.png,7
arctic_vegetation/20230724_lichentundra45_m3m/ARCA/tile_18382.png,1
arctic_vegetation/20230724_lichentundra45_m3m/ARCA/tile_18383.png,1
arctic_vegetation/20230724_lichentundra45_m3m/ARCA/tile_18384.png,1
arctic_vegetation/20230724_lichentundra45_m3m/SEDG/tile_18385.png,9
arctic_vegetation/20230724_lichentundra45_m3m/SEDG/tile_18386.png,9
arctic_vegetation/20230724_lichentundra45_m3m/SEDG/tile_18387.png,9
arctic_vegetation/20230724_lichentundra45_m3m/SEDG/tile_18388.png,9
arctic_vegetation/20230724_lichentundra45_m3m/SEDG/tile_18389.png,9
arctic_vegetation/20230724_lichentundra45_m3m/MOSS/tile_18395.png,5
arctic_vegetation/20230724_lichentundra45_m3m/MOSS/tile_18396.png,5
arctic_vegetation/20230724_lichentundra45_m3m/MOSS/tile_18397.png,5
arctic_vegetation/20230724_lichentundra45_m3m/MOSS/tile_18591.png,5
arctic_vegetation/20230724_lichentundra45_m3m/SEDG/tile_18592.png,9
arctic_vegetation/20230724_lichentundra45_m3m/SEDG/tile_18593.png,9
arctic_vegetation/20230724_lichentundra45_m3m/SEDG/tile_18594.png,9
arctic_vegetation/20230724_lichentundra45_m3m/SEDG/tile_18595.png,9
arctic_vegetation/20230724_lichentundra45_m3m/SEDG/tile_18596.png,9
arctic_vegetation/20230724_lichentundra45_m3m/ARCA/tile_18597.png,1
arctic_vegetation/20230724_lichentundra45_m3m/ARCA/tile_18598.png,1
arctic_vegetation/20230724_lichentundra45_m3m/ARCA/tile_18599.png,1
arctic_vegetation/20230724_lichentundra45_m3m/ARCA/tile_18600.png,1
arctic_vegetation/20230724_lichentundra45_m3m/SEDG/tile_18601.png,9
arctic_vegetation/20230724_lichentundra45_m3m/SEDG/tile_18602.png,9
arctic_vegetation/20230724_lichentundra45_m3m/SEDG/tile_18603.png,9
arctic_vegetation/20230724_lichentundra45_m3m/SEDG/tile_18604.png,9
arctic_vegetation/20230724_lichentundra45_m3m/MOSS/tile_18610.png,5
arctic_vegetation/20230724_lichentundra45_m3m/MOSS/tile_18611.png,5
arctic_vegetation/20230724_lichentundra45_m3m/MOSS/tile_18612.png,5
arctic_vegetation/20230724_lichentundra45_m3m/MOSS/tile_18807.png,5
arctic_vegetation/20230724_lichentundra45_m3m/SEDG/tile_18808.png,9
arctic_vegetation/20230724_lichentundra45_m3m/SEDG/tile_18809.png,9
arctic_vegetation/20230724_lichentundra45_m3m/SEDG/tile_18810.png,9
arctic_vegetation/20230724_lichentundra45_m3m/MOSS/tile_18811.png,5
arctic_vegetation/20230724_lichentundra45_m3m/SEDG/tile_18812.png,9
arctic_vegetation/20230724_lichentundra45_m3m/ARCA/tile_18813.png,1
arctic_vegetation/20230724_lichentundra45_m3m/ARCA/tile_18814.png,1
arctic_vegetation/20230724_lichentundra45_m3m/ARCA/tile_18815.png,1
arctic_vegetation/20230724_lichentundra45_m3m/ARCA/tile_18816.png,1
arctic_vegetation/20230724_lichentundra45_m3m/ARCA/tile_18817.png,1
arctic_vegetation/20230724_lichentundra45_m3m/MOSS/tile_18818.png,5
arctic_vegetation/20230724_lichentundra45_m3m/MOSS/tile_19023.png,5
arctic_vegetation/20230724_lichentundra45_m3m/MOSS/tile_19024.png,5
arctic_vegetation/20230724_lichentundra45_m3m/MOSS/tile_19025.png,5
arctic_vegetation/20230724_lichentundra45_m3m/MOSS/tile_19026.png,5
arctic_vegetation/20230724_lichentundra45_m3m/MOSS/tile_19027.png,5
arctic_vegetation/20230724_lichentundra45_m3m/SEDG/tile_19028.png,9
arctic_vegetation/20230724_lichentundra45_m3m/SEDG/tile_19029.png,9
arctic_vegetation/20230724_lichentundra45_m3m/SEDG/tile_19030.png,9
arctic_vegetation/20230724_lichentundra45_m3m/SEDG/tile_19031.png,9
arctic_vegetation/20230724_lichentundra45_m3m/ARCA/tile_19032.png,1
arctic_vegetation/20230724_lichentundra45_m3m/ARCA/tile_19033.png,1
arctic_vegetation/20230724_lichentundra45_m3m/MOSS/tile_19239.png,5
arctic_vegetation/20230724_lichentundra45_m3m/MOSS/tile_19240.png,5
arctic_vegetation/20230724_lichentundra45_m3m/MOSS/tile_19241.png,5
arctic_vegetation/20230724_lichentundra45_m3m/MOSS/tile_19242.png,5
arctic_vegetation/20230724_lichentundra45_m3m/MOSS/tile_19243.png,5
arctic_vegetation/20230724_lichentundra45_m3m/RHOL/tile_19244.png,7
arctic_vegetation/20230724_lichentundra45_m3m/SEDG/tile_19245.png,9
arctic_vegetation/20230724_lichentundra45_m3m/SEDG/tile_19246.png,9
arctic_vegetation/20230724_lichentundra45_m3m/SEDG/tile_19247.png,9
arctic_vegetation/20230724_lichentundra45_m3m/MOSS/tile_19250.png,5
arctic_vegetation/20230724_lichentundra45_m3m/MOSS/tile_19251.png,5
arctic_vegetation/20230724_lichentundra45_m3m/WILL/tile_19459.png,11
arctic_vegetation/20230724_lichentundra45_m3m/WILL/tile_19460.png,11
arctic_vegetation/20230724_lichentundra45_m3m/WILL/tile_19461.png,11
arctic_vegetation/20230724_lichentundra45_m3m/WILL/tile_19462.png,11
arctic_vegetation/20230724_lichentundra45_m3m/MOSS/tile_19463.png,5
arctic_vegetation/20230724_lichentundra45_m3m/MOSS/tile_19464.png,5
arctic_vegetation/20230724_lichentundra45_m3m/MOSS/tile_19465.png,5
arctic_vegetation/20230724_lichentundra45_m3m/MOSS/tile_19467.png,5
arctic_vegetation/20230724_lichentundra45_m3m/MOSS/tile_19468.png,5
arctic_vegetation/20230724_lichentundra45_m3m/MOSS/tile_19475.png,5
arctic_vegetation/20230724_lichentundra45_m3m/MOSS/tile_19476.png,5
arctic_vegetation/20230724_lichentundra45_m3m/WILL/tile_19676.png,11
arctic_vegetation/20230724_lichentundra45_m3m/WILL/tile_19677.png,11
arctic_vegetation/20230724_lichentundra45_m3m/WILL/tile_19678.png,11
arctic_vegetation/20230724_lichentundra45_m3m/WILL/tile_19679.png,11
arctic_vegetation/20230724_lichentundra45_m3m/MOSS/tile_19680.png,5
arctic_vegetation/20230724_lichentundra45_m3m/MOSS/tile_19681.png,5
arctic_vegetation/20230724_lichentundra45_m3m/MOSS/tile_19682.png,5
arctic_vegetation/20230724_lichentundra45_m3m/MOSS/tile_19683.png,5
arctic_vegetation/20230724_lichentundra45_m3m/MOSS/tile_19684.png,5
arctic_vegetation/20230724_lichentundra45_m3m/MOSS/tile_19685.png,5
arctic_vegetation/20230724_lichentundra45_m3m/MOSS/tile_19692.png,5
arctic_vegetation/20230724_lichentundra45_m3m/MOSS/tile_19693.png,5
arctic_vegetation/20230724_lichentundra45_m3m/MOSS/tile_19694.png,5
arctic_vegetation/20230724_lichentundra45_m3m/WILL/tile_19895.png,11
arctic_vegetation/20230724_lichentundra45_m3m/WILL/tile_19896.png,11
arctic_vegetation/20230724_lichentundra45_m3m/MOSS/tile_19898.png,5
arctic_vegetation/20230724_lichentundra45_m3m/MOSS/tile_19899.png,5
arctic_vegetation/20230724_lichentundra45_m3m/MOSS/tile_19900.png,5
arctic_vegetation/20230724_lichentundra45_m3m/MOSS/tile_19901.png,5
arctic_vegetation/20230724_lichentundra45_m3m/MOSS/tile_19902.png,5
arctic_vegetation/20230724_lichentundra45_m3m/MOSS/tile_19909.png,5
arctic_vegetation/20230724_lichentundra45_m3m/MOSS/tile_19910.png,5
arctic_vegetation/20230724_lichentundra45_m3m/MOSS/tile_19911.png,5
arctic_vegetation/20230724_lichentundra45_m3m/MOSS/tile_19912.png,5
arctic_vegetation/20230724_lichentundra45_m3m/MOSS/tile_19913.png,5
arctic_vegetation/20230724_lichentundra45_m3m/MOSS/tile_19914.png,5
arctic_vegetation/20230724_lichentundra45_m3m/MOSS/tile_19915.png,5
arctic_vegetation/20230724_lichentundra45_m3m/MOSS/tile_19916.png,5
arctic_vegetation/20230724_lichentundra45_m3m/WILL/tile_20112.png,11
arctic_vegetation/20230724_lichentundra45_m3m/WILL/tile_20113.png,11
arctic_vegetation/20230724_lichentundra45_m3m/MOSS/tile_20115.png,5
arctic_vegetation/20230724_lichentundra45_m3m/MOSS/tile_20116.png,5
arctic_vegetation/20230724_lichentundra45_m3m/MOSS/tile_20117.png,5
arctic_vegetation/20230724_lichentundra45_m3m/MOSS/tile_20118.png,5
arctic_vegetation/20230724_lichentundra45_m3m/MOSS/tile_20126.png,5
arctic_vegetation/20230724_lichentundra45_m3m/MOSS/tile_20127.png,5
arctic_vegetation/20230724_lichentundra45_m3m/MOSS/tile_20128.png,5
arctic_vegetation/20230724_lichentundra45_m3m/MOSS/tile_20129.png,5
arctic_vegetation/20230724_lichentundra45_m3m/MOSS/tile_20130.png,5
arctic_vegetation/20230724_lichentundra45_m3m/MOSS/tile_20131.png,5
arctic_vegetation/20230724_lichentundra45_m3m/MOSS/tile_20132.png,5
arctic_vegetation/20230724_lichentundra45_m3m/MOSS/tile_20133.png,5
arctic_vegetation/20230724_lichentundra45_m3m/MOSS/tile_20344.png,5
arctic_vegetation/20230724_lichentundra45_m3m/MOSS/tile_20345.png,5
arctic_vegetation/20230724_lichentundra45_m3m/MOSS/tile_20346.png,5
arctic_vegetation/20230724_lichentundra45_m3m/MOSS/tile_20347.png,5
arctic_vegetation/20230724_lichentundra45_m3m/MOSS/tile_20348.png,5
arctic_vegetation/20230724_lichentundra45_m3m/MOSS/tile_20349.png,5
arctic_vegetation/20230724_lichentundra45_m3m/LICH/tile_20358.png,4
arctic_vegetation/20230724_lichentundra45_m3m/LICH/tile_20359.png,4
arctic_vegetation/20230724_lichentundra45_m3m/LICH/tile_20360.png,4
arctic_vegetation/20230724_lichentundra45_m3m/MOSS/tile_20561.png,5
arctic_vegetation/20230724_lichentundra45_m3m/MOSS/tile_20562.png,5
arctic_vegetation/20230724_lichentundra45_m3m/MOSS/tile_20563.png,5
arctic_vegetation/20230724_lichentundra45_m3m/LICH/tile_20571.png,4
arctic_vegetation/20230724_lichentundra45_m3m/LICH/tile_20572.png,4
arctic_vegetation/20230724_lichentundra45_m3m/LICH/tile_20573.png,4
arctic_vegetation/20230724_lichentundra45_m3m/LICH/tile_20574.png,4
arctic_vegetation/20230724_lichentundra45_m3m/LICH/tile_20575.png,4
arctic_vegetation/20230724_lichentundra45_m3m/LICH/tile_20576.png,4
arctic_vegetation/20230724_lichentundra45_m3m/LICH/tile_20577.png,4
arctic_vegetation/20230724_lichentundra45_m3m/LICH/tile_20578.png,4
arctic_vegetation/20230724_lichentundra45_m3m/LICH/tile_20788.png,4
arctic_vegetation/20230724_lichentundra45_m3m/LICH/tile_20789.png,4
arctic_vegetation/20230724_lichentundra45_m3m/LICH/tile_20790.png,4
arctic_vegetation/20230724_lichentundra45_m3m/LICH/tile_20791.png,4
arctic_vegetation/20230724_lichentundra45_m3m/LICH/tile_20792.png,4
arctic_vegetation/20230724_lichentundra45_m3m/LICH/tile_20793.png,4
arctic_vegetation/20230724_lichentundra45_m3m/LICH/tile_20794.png,4
arctic_vegetation/20230724_lichentundra45_m3m/LICH/tile_20795.png,4
arctic_vegetation/20230724_lichentundra45_m3m/LICH/tile_21006.png,4
arctic_vegetation/20230724_lichentundra45_m3m/LICH/tile_21007.png,4
arctic_vegetation/20230724_lichentundra45_m3m/MOSS/tile_21008.png,5
arctic_vegetation/20230724_lichentundra45_m3m/LICH/tile_21011.png,4
arctic_vegetation/20230724_lichentundra45_m3m/LICH/tile_21012.png,4
arctic_vegetation/20230724_lichentundra45_m3m/MOSS/tile_21223.png,5
arctic_vegetation/20230724_lichentundra45_m3m/MOSS/tile_21224.png,5
arctic_vegetation/20230724_lichentundra45_m3m/MOSS/tile_21225.png,5
