filepath,label
arctic_vegetation/20230724_birch24_m3m/BIRC/tile_24347.png,2
arctic_vegetation/20230724_birch24_m3m/BIRC/tile_24348.png,2
arctic_vegetation/20230724_birch24_m3m/BIRC/tile_24349.png,2
arctic_vegetation/20230724_birch24_m3m/BIRC/tile_24350.png,2
arctic_vegetation/20230724_birch24_m3m/BIRC/tile_24351.png,2
arctic_vegetation/20230724_birch24_m3m/BIRC/tile_24352.png,2
arctic_vegetation/20230724_birch24_m3m/BIRC/tile_24353.png,2
arctic_vegetation/20230724_birch24_m3m/BIRC/tile_24354.png,2
arctic_vegetation/20230724_birch24_m3m/BIRC/tile_24355.png,2
arctic_vegetation/20230724_birch24_m3m/BIRC/tile_24356.png,2
arctic_vegetation/20230724_birch24_m3m/BIRC/tile_24357.png,2
arctic_vegetation/20230724_birch24_m3m/BIRC/tile_24358.png,2
arctic_vegetation/20230724_birch24_m3m/BIRC/tile_24359.png,2
arctic_vegetation/20230724_birch24_m3m/BIRC/tile_24360.png,2
arctic_vegetation/20230724_birch24_m3m/BIRC/tile_24361.png,2
arctic_vegetation/20230724_birch24_m3m/BIRC/tile_24362.png,2
arctic_vegetation/20230724_birch24_m3m/BIRC/tile_24363.png,2
arctic_vegetation/20230724_birch24_m3m/BIRC/tile_24364.png,2
arctic_vegetation/20230724_birch24_m3m/BIRC/tile_24365.png,2
arctic_vegetation/20230724_birch24_m3m/BIRC/tile_24366.png,2
arctic_vegetation/20230724_birch24_m3m/BIRC/tile_24367.png,2
arctic_vegetation/20230724_birch24_m3m/BIRC/tile_24368.png,2
arctic_vegetation/20230724_birch24_m3m/BIRC/tile_24369.png,2
arctic_vegetation/20230724_birch24_m3m/BIRC/tile_24370.png,2
arctic_vegetation/20230724_birch24_m3m/BIRC/tile_24371.png,2
arctic_vegetation/20230724_birch24_m3m/BIRC/tile_24372.png,2
arctic_vegetation/20230724_birch24_m3m/BIRC/tile_24373.png,2
arctic_vegetation/20230724_birch24_m3m/BIRC/tile_24374.png,2
arctic_vegetation/20230724_birch24_m3m/BIRC/tile_24375.png,2
arctic_vegetation/20230724_birch24_m3m/PETF/tile_24376.png,6
arctic_vegetation/20230724_birch24_m3m/PETF/tile_24377.png,6
arctic_vegetation/20230724_birch24_m3m/PETF/tile_24378.png,6
arctic_vegetation/20230724_birch24_m3m/BIRC/tile_24379.png,2
arctic_vegetation/20230724_birch24_m3m/BIRC/tile_24380.png,2
arctic_vegetation/20230724_birch24_m3m/BIRC/tile_24381.png,2
arctic_vegetation/20230724_birch24_m3m/BIRC/tile_24382.png,2
arctic_vegetation/20230724_birch24_m3m/BIRC/tile_24383.png,2
arctic_vegetation/20230724_birch24_m3m/BIRC/tile_24384.png,2
arctic_vegetation/20230724_birch24_m3m/BIRC/tile_24385.png,2
arctic_vegetation/20230724_birch24_m3m/BIRC/tile_24386.png,2
arctic_vegetation/20230724_birch24_m3m/BIRC/tile_24387.png,2
arctic_vegetation/20230724_birch24_m3m/BIRC/tile_24388.png,2
arctic_vegetation/20230724_birch24_m3m/BIRC/tile_24389.png,2
arctic_vegetation/20230724_birch24_m3m/BIRC/tile_24390.png,2
arctic_vegetation/20230724_birch24_m3m/BIRC/tile_24391.png,2
arctic_vegetation/20230724_birch24_m3m/BIRC/tile_24392.png,2
arctic_vegetation/20230724_birch24_m3m/BIRC/tile_24393.png,2
arctic_vegetation/20230724_birch24_m3m/BIRC/tile_24394.png,2
arctic_vegetation/20230724_birch24_m3m/BIRC/tile_24395.png,2
arctic_vegetation/20230724_birch24_m3m/BIRC/tile_24396.png,2
arctic_vegetation/20230724_birch24_m3m/BIRC/tile_24397.png,2
arctic_vegetation/20230724_birch24_m3m/BIRC/tile_24398.png,2
arctic_vegetation/20230724_birch24_m3m/BIRC/tile_24399.png,2
arctic_vegetation/20230724_birch24_m3m/PETF/tile_24400.png,6
arctic_vegetation/20230724_birch24_m3m/BIRC/tile_24401.png,2
arctic_vegetation/20230724_birch24_m3m/BIRC/tile_24402.png,2
arctic_vegetation/20230724_birch24_m3m/BIRC/tile_24403.png,2
arctic_vegetation/20230724_birch24_m3m/BIRC/tile_24404.png,2
arctic_vegetation/20230724_birch24_m3m/BIRC/tile_24405.png,2
arctic_vegetation/20230724_birch24_m3m/BIRC/tile_24406.png,2
arctic_vegetation/20230724_birch24_m3m/BIRC/tile_24407.png,2
arctic_vegetation/20230724_birch24_m3m/BIRC/tile_24504.png,2
arctic_vegetation/20230724_birch24_m3m/BIRC/tile_24505.png,2
arctic_vegetation/20230724_birch24_m3m/BIRC/tile_24506.png,2
arctic_vegetation/20230724_birch24_m3m/BIRC/tile_24507.png,2
arctic_vegetation/20230724_birch24_m3m/BIRC/tile_24508.png,2
arctic_vegetation/20230724_birch24_m3m/BIRC/tile_24509.png,2
arctic_vegetation/20230724_birch24_m3m/BIRC/tile_24510.png,2
arctic_vegetation/20230724_birch24_m3m/BIRC/tile_24512.png,2
arctic_vegetation/20230724_birch24_m3m/BIRC/tile_24513.png,2
arctic_vegetation/20230724_birch24_m3m/BIRC/tile_24514.png,2
arctic_vegetation/20230724_birch24_m3m/BIRC/tile_24515.png,2
arctic_vegetation/20230724_birch24_m3m/BIRC/tile_24516.png,2
arctic_vegetation/20230724_birch24_m3m/BIRC/tile_24517.png,2
arctic_vegetation/20230724_birch24_m3m/BIRC/tile_24518.png,2
arctic_vegetation/20230724_birch24_m3m/BIRC/tile_24519.png,2
arctic_vegetation/20230724_birch24_m3m/BIRC/tile_24520.png,2
arctic_vegetation/20230724_birch24_m3m/BIRC/tile_24521.png,2
arctic_vegetation/20230724_birch24_m3m/BIRC/tile_24524.png,2
arctic_vegetation/20230724_birch24_m3m/BIRC/tile_24525.png,2
arctic_vegetation/20230724_birch24_m3m/BIRC/tile_24526.png,2
arctic_vegetation/20230724_birch24_m3m/BIRC/tile_24527.png,2
arctic_vegetation/20230724_birch24_m3m/BIRC/tile_24528.png,2
arctic_vegetation/20230724_birch24_m3m/BIRC/tile_24529.png,2
arctic_vegetation/20230724_birch24_m3m/BIRC/tile_24530.png,2
arctic_vegetation/20230724_birch24_m3m/BIRC/tile_24531.png,2
arctic_vegetation/20230724_birch24_m3m/BIRC/tile_24532.png,2
arctic_vegetation/20230724_birch24_m3m/BIRC/tile_24533.png,2
arctic_vegetation/20230724_birch24_m3m/BIRC/tile_24534.png,2
arctic_vegetation/20230724_birch24_m3m/BIRC/tile_24535.png,2
arctic_vegetation/20230724_birch24_m3m/LICH/tile_24536.png,4
arctic_vegetation/20230724_birch24_m3m/LICH/tile_24537.png,4
arctic_vegetation/20230724_birch24_m3m/BIRC/tile_24538.png,2
arctic_vegetation/20230724_birch24_m3m/BIRC/tile_24539.png,2
arctic_vegetation/20230724_birch24_m3m/LICH/tile_24540.png,4
arctic_vegetation/20230724_birch24_m3m/PETF/tile_24541.png,6
arctic_vegetation/20230724_birch24_m3m/PETF/tile_24542.png,6
arctic_vegetation/20230724_birch24_m3m/PETF/tile_24543.png,6
arctic_vegetation/20230724_birch24_m3m/BIRC/tile_24544.png,2
arctic_vegetation/20230724_birch24_m3m/BIRC/tile_24545.png,2
arctic_vegetation/20230724_birch24_m3m/BIRC/tile_24546.png,2
arctic_vegetation/20230724_birch24_m3m/BIRC/tile_24547.png,2
arctic_vegetation/20230724_birch24_m3m/BIRC/tile_24548.png,2
arctic_vegetation/20230724_birch24_m3m/BIRC/tile_24549.png,2
arctic_vegetation/20230724_birch24_m3m/BIRC/tile_24550.png,2
arctic_vegetation/20230724_birch24_m3m/BIRC/tile_24551.png,2
arctic_vegetation/20230724_birch24_m3m/BIRC/tile_24552.png,2
arctic_vegetation/20230724_birch24_m3m/LICH/tile_24553.png,4
arctic_vegetation/20230724_birch24_m3m/LICH/tile_24554.png,4
arctic_vegetation/20230724_birch24_m3m/BIRC/tile_24555.png,2
arctic_vegetation/20230724_birch24_m3m/BIRC/tile_24556.png,2
arctic_vegetation/20230724_birch24_m3m/BIRC/tile_24557.png,2
arctic_vegetation/20230724_birch24_m3m/BIRC/tile_24558.png,2
arctic_vegetation/20230724_birch24_m3m/BIRC/tile_24559.png,2
arctic_vegetation/20230724_birch24_m3m/BIRC/tile_24560.png,2
arctic_vegetation/20230724_birch24_m3m/BIRC/tile_24561.png,2
arctic_vegetation/20230724_birch24_m3m/BIRC/tile_24562.png,2
arctic_vegetation/20230724_birch24_m3m/BIRC/tile_24563.png,2
arctic_vegetation/20230724_birch24_m3m/BIRC/tile_24564.png,2
arctic_vegetation/20230724_birch24_m3m/BIRC/tile_24565.png,2
arctic_vegetation/20230724_birch24_m3m/BIRC/tile_24566.png,2
arctic_vegetation/20230724_birch24_m3m/BIRC/tile_24567.png,2
arctic_vegetation/20230724_birch24_m3m/BIRC/tile_24568.png,2
arctic_vegetation/20230724_birch24_m3m/BIRC/tile_24569.png,2
arctic_vegetation/20230724_birch24_m3m/BIRC/tile_24570.png,2
arctic_vegetation/20230724_birch24_m3m/BIRC/tile_24571.png,2
arctic_vegetation/20230724_birch24_m3m/BIRC/tile_24572.png,2
arctic_vegetation/20230724_birch24_m3m/BIRC/tile_24573.png,2
arctic_vegetation/20230724_birch24_m3m/BIRC/tile_24574.png,2
arctic_vegetation/20230724_birch24_m3m/BIRC/tile_24575.png,2
arctic_vegetation/20230724_birch24_m3m/BIRC/tile_24576.png,2
arctic_vegetation/20230724_birch24_m3m/BIRC/tile_24577.png,2
arctic_vegetation/20230724_birch24_m3m/BIRC/tile_24578.png,2
arctic_vegetation/20230724_birch24_m3m/BIRC/tile_24579.png,2
arctic_vegetation/20230724_birch24_m3m/BIRC/tile_24580.png,2
arctic_vegetation/20230724_birch24_m3m/BIRC/tile_24581.png,2
arctic_vegetation/20230724_birch24_m3m/BIRC/tile_24582.png,2
arctic_vegetation/20230724_birch24_m3m/BIRC/tile_24583.png,2
arctic_vegetation/20230724_birch24_m3m/BIRC/tile_24584.png,2
arctic_vegetation/20230724_birch24_m3m/BIRC/tile_24585.png,2
arctic_vegetation/20230724_birch24_m3m/BIRC/tile_24586.png,2
arctic_vegetation/20230724_birch24_m3m/BIRC/tile_24587.png,2
arctic_vegetation/20230724_birch24_m3m/BIRC/tile_24588.png,2
arctic_vegetation/20230724_birch24_m3m/PETF/tile_24589.png,6
arctic_vegetation/20230724_birch24_m3m/PETF/tile_24590.png,6
arctic_vegetation/20230724_birch24_m3m/BIRC/tile_24591.png,2
arctic_vegetation/20230724_birch24_m3m/BIRC/tile_24592.png,2
arctic_vegetation/20230724_birch24_m3m/BIRC/tile_24593.png,2
arctic_vegetation/20230724_birch24_m3m/BIRC/tile_24594.png,2
arctic_vegetation/20230724_birch24_m3m/BIRC/tile_24595.png,2
arctic_vegetation/20230724_birch24_m3m/BIRC/tile_24596.png,2
arctic_vegetation/20230724_birch24_m3m/BIRC/tile_24597.png,2
arctic_vegetation/20230724_birch24_m3m/BIRC/tile_24598.png,2
arctic_vegetation/20230724_birch24_m3m/BIRC/tile_24599.png,2
arctic_vegetation/20230724_birch24_m3m/BIRC/tile_24600.png,2
arctic_vegetation/20230724_birch24_m3m/BIRC/tile_24601.png,2
arctic_vegetation/20230724_birch24_m3m/BIRC/tile_24602.png,2
arctic_vegetation/20230724_birch24_m3m/BIRC/tile_24603.png,2
arctic_vegetation/20230724_birch24_m3m/BIRC/tile_24604.png,2
arctic_vegetation/20230724_birch24_m3m/BIRC/tile_24605.png,2
arctic_vegetation/20230724_birch24_m3m/BIRC/tile_24606.png,2
arctic_vegetation/20230724_birch24_m3m/BIRC/tile_24607.png,2
arctic_vegetation/20230724_birch24_m3m/BIRC/tile_24608.png,2
arctic_vegetation/20230724_birch24_m3m/BIRC/tile_24609.png,2
arctic_vegetation/20230724_birch24_m3m/BIRC/tile_24610.png,2
arctic_vegetation/20230724_birch24_m3m/BIRC/tile_24611.png,2
arctic_vegetation/20230724_birch24_m3m/BIRC/tile_24612.png,2
arctic_vegetation/20230724_birch24_m3m/BIRC/tile_24613.png,2
arctic_vegetation/20230724_birch24_m3m/BIRC/tile_24614.png,2
arctic_vegetation/20230724_birch24_m3m/BIRC/tile_24615.png,2
arctic_vegetation/20230724_birch24_m3m/BIRC/tile_24616.png,2
arctic_vegetation/20230724_birch24_m3m/BIRC/tile_24617.png,2
arctic_vegetation/20230724_birch24_m3m/BIRC/tile_24618.png,2
arctic_vegetation/20230724_birch24_m3m/BIRC/tile_24619.png,2
arctic_vegetation/20230724_birch24_m3m/BIRC/tile_24620.png,2
arctic_vegetation/20230724_birch24_m3m/BIRC/tile_24718.png,2
arctic_vegetation/20230724_birch24_m3m/BIRC/tile_24719.png,2
arctic_vegetation/20230724_birch24_m3m/BIRC/tile_24720.png,2
arctic_vegetation/20230724_birch24_m3m/BIRC/tile_24721.png,2
arctic_vegetation/20230724_birch24_m3m/BIRC/tile_24722.png,2
arctic_vegetation/20230724_birch24_m3m/BIRC/tile_24723.png,2
arctic_vegetation/20230724_birch24_m3m/BIRC/tile_24724.png,2
arctic_vegetation/20230724_birch24_m3m/BIRC/tile_24726.png,2
arctic_vegetation/20230724_birch24_m3m/BIRC/tile_24727.png,2
arctic_vegetation/20230724_birch24_m3m/BIRC/tile_24728.png,2
arctic_vegetation/20230724_birch24_m3m/BIRC/tile_24729.png,2
arctic_vegetation/20230724_birch24_m3m/BIRC/tile_24730.png,2
arctic_vegetation/20230724_birch24_m3m/BIRC/tile_24731.png,2
arctic_vegetation/20230724_birch24_m3m/BIRC/tile_24733.png,2
arctic_vegetation/20230724_birch24_m3m/BIRC/tile_24734.png,2
arctic_vegetation/20230724_birch24_m3m/BIRC/tile_24735.png,2
arctic_vegetation/20230724_birch24_m3m/BIRC/tile_24738.png,2
arctic_vegetation/20230724_birch24_m3m/BIRC/tile_24739.png,2
arctic_vegetation/20230724_birch24_m3m/BIRC/tile_24740.png,2
arctic_vegetation/20230724_birch24_m3m/BIRC/tile_24741.png,2
arctic_vegetation/20230724_birch24_m3m/BIRC/tile_24742.png,2
arctic_vegetation/20230724_birch24_m3m/BIRC/tile_24743.png,2
arctic_vegetation/20230724_birch24_m3m/BIRC/tile_24744.png,2
arctic_vegetation/20230724_birch24_m3m/BIRC/tile_24745.png,2
arctic_vegetation/20230724_birch24_m3m/BIRC/tile_24746.png,2
arctic_vegetation/20230724_birch24_m3m/BIRC/tile_24747.png,2
arctic_vegetation/20230724_birch24_m3m/BIRC/tile_24748.png,2
arctic_vegetation/20230724_birch24_m3m/BIRC/tile_24749.png,2
arctic_vegetation/20230724_birch24_m3m/BIRC/tile_24750.png,2
arctic_vegetation/20230724_birch24_m3m/LICH/tile_24751.png,4
arctic_vegetation/20230724_birch24_m3m/LICH/tile_24752.png,4
arctic_vegetation/20230724_birch24_m3m/LICH/tile_24753.png,4
arctic_vegetation/20230724_birch24_m3m/LICH/tile_24754.png,4
arctic_vegetation/20230724_birch24_m3m/PETF/tile_24755.png,6
arctic_vegetation/20230724_birch24_m3m/LICH/tile_24756.png,4
arctic_vegetation/20230724_birch24_m3m/LICH/tile_24757.png,4
arctic_vegetation/20230724_birch24_m3m/BIRC/tile_24758.png,2
arctic_vegetation/20230724_birch24_m3m/BIRC/tile_24759.png,2
arctic_vegetation/20230724_birch24_m3m/BIRC/tile_24760.png,2
arctic_vegetation/20230724_birch24_m3m/BIRC/tile_24761.png,2
arctic_vegetation/20230724_birch24_m3m/BIRC/tile_24762.png,2
arctic_vegetation/20230724_birch24_m3m/BIRC/tile_24763.png,2
arctic_vegetation/20230724_birch24_m3m/BIRC/tile_24764.png,2
arctic_vegetation/20230724_birch24_m3m/BIRC/tile_24765.png,2
arctic_vegetation/20230724_birch24_m3m/BIRC/tile_24766.png,2
arctic_vegetation/20230724_birch24_m3m/BIRC/tile_24767.png,2
arctic_vegetation/20230724_birch24_m3m/BIRC/tile_24768.png,2
arctic_vegetation/20230724_birch24_m3m/BIRC/tile_24769.png,2
arctic_vegetation/20230724_birch24_m3m/BIRC/tile_24770.png,2
arctic_vegetation/20230724_birch24_m3m/BIRC/tile_24771.png,2
arctic_vegetation/20230724_birch24_m3m/BIRC/tile_24772.png,2
arctic_vegetation/20230724_birch24_m3m/BIRC/tile_24773.png,2
arctic_vegetation/20230724_birch24_m3m/BIRC/tile_24774.png,2
arctic_vegetation/20230724_birch24_m3m/BIRC/tile_24775.png,2
arctic_vegetation/20230724_birch24_m3m/BIRC/tile_24776.png,2
arctic_vegetation/20230724_birch24_m3m/BIRC/tile_24777.png,2
arctic_vegetation/20230724_birch24_m3m/BIRC/tile_24778.png,2
arctic_vegetation/20230724_birch24_m3m/BIRC/tile_24779.png,2
arctic_vegetation/20230724_birch24_m3m/BIRC/tile_24780.png,2
arctic_vegetation/20230724_birch24_m3m/BIRC/tile_24781.png,2
arctic_vegetation/20230724_birch24_m3m/BIRC/tile_24782.png,2
arctic_vegetation/20230724_birch24_m3m/BIRC/tile_24783.png,2
arctic_vegetation/20230724_birch24_m3m/BIRC/tile_24784.png,2
arctic_vegetation/20230724_birch24_m3m/BIRC/tile_24785.png,2
arctic_vegetation/20230724_birch24_m3m/BIRC/tile_24786.png,2
arctic_vegetation/20230724_birch24_m3m/BIRC/tile_24787.png,2
arctic_vegetation/20230724_birch24_m3m/BIRC/tile_24788.png,2
arctic_vegetation/20230724_birch24_m3m/BIRC/tile_24789.png,2
arctic_vegetation/20230724_birch24_m3m/BIRC/tile_24790.png,2
arctic_vegetation/20230724_birch24_m3m/BIRC/tile_24791.png,2
arctic_vegetation/20230724_birch24_m3m/BIRC/tile_24792.png,2
arctic_vegetation/20230724_birch24_m3m/BIRC/tile_24793.png,2
arctic_vegetation/20230724_birch24_m3m/BIRC/tile_24794.png,2
arctic_vegetation/20230724_birch24_m3m/BIRC/tile_24795.png,2
arctic_vegetation/20230724_birch24_m3m/BIRC/tile_24796.png,2
arctic_vegetation/20230724_birch24_m3m/BIRC/tile_24797.png,2
arctic_vegetation/20230724_birch24_m3m/BIRC/tile_24798.png,2
arctic_vegetation/20230724_birch24_m3m/BIRC/tile_24799.png,2
arctic_vegetation/20230724_birch24_m3m/BIRC/tile_24800.png,2
arctic_vegetation/20230724_birch24_m3m/BIRC/tile_24801.png,2
arctic_vegetation/20230724_birch24_m3m/BIRC/tile_24802.png,2
arctic_vegetation/20230724_birch24_m3m/BIRC/tile_24803.png,2
arctic_vegetation/20230724_birch24_m3m/PETF/tile_24804.png,6
arctic_vegetation/20230724_birch24_m3m/BIRC/tile_24805.png,2
arctic_vegetation/20230724_birch24_m3m/BIRC/tile_24806.png,2
arctic_vegetation/20230724_birch24_m3m/BIRC/tile_24807.png,2
arctic_vegetation/20230724_birch24_m3m/BIRC/tile_24808.png,2
arctic_vegetation/20230724_birch24_m3m/BIRC/tile_24809.png,2
arctic_vegetation/20230724_birch24_m3m/BIRC/tile_24810.png,2
arctic_vegetation/20230724_birch24_m3m/BIRC/tile_24811.png,2
arctic_vegetation/20230724_birch24_m3m/BIRC/tile_24812.png,2
arctic_vegetation/20230724_birch24_m3m/BIRC/tile_24813.png,2
arctic_vegetation/20230724_birch24_m3m/BIRC/tile_24814.png,2
arctic_vegetation/20230724_birch24_m3m/BIRC/tile_24815.png,2
arctic_vegetation/20230724_birch24_m3m/BIRC/tile_24816.png,2
arctic_vegetation/20230724_birch24_m3m/BIRC/tile_24817.png,2
arctic_vegetation/20230724_birch24_m3m/BIRC/tile_24818.png,2
arctic_vegetation/20230724_birch24_m3m/BIRC/tile_24819.png,2
arctic_vegetation/20230724_birch24_m3m/BIRC/tile_24820.png,2
arctic_vegetation/20230724_birch24_m3m/BIRC/tile_24821.png,2
arctic_vegetation/20230724_birch24_m3m/BIRC/tile_24822.png,2
arctic_vegetation/20230724_birch24_m3m/BIRC/tile_24823.png,2
arctic_vegetation/20230724_birch24_m3m/PETF/tile_24824.png,6
arctic_vegetation/20230724_birch24_m3m/BIRC/tile_24825.png,2
arctic_vegetation/20230724_birch24_m3m/BIRC/tile_24826.png,2
arctic_vegetation/20230724_birch24_m3m/BIRC/tile_24827.png,2
arctic_vegetation/20230724_birch24_m3m/BIRC/tile_24828.png,2
arctic_vegetation/20230724_birch24_m3m/BIRC/tile_24829.png,2
arctic_vegetation/20230724_birch24_m3m/BIRC/tile_24830.png,2
arctic_vegetation/20230724_birch24_m3m/BIRC/tile_24831.png,2
arctic_vegetation/20230724_birch24_m3m/BIRC/tile_24832.png,2
arctic_vegetation/20230724_birch24_m3m/BIRC/tile_24833.png,2
arctic_vegetation/20230724_birch24_m3m/BIRC/tile_24834.png,2
arctic_vegetation/20230724_birch24_m3m/PETF/tile_24835.png,6
arctic_vegetation/20230724_birch24_m3m/BIRC/tile_24932.png,2
arctic_vegetation/20230724_birch24_m3m/BIRC/tile_24933.png,2
arctic_vegetation/20230724_birch24_m3m/BIRC/tile_24934.png,2
arctic_vegetation/20230724_birch24_m3m/BIRC/tile_24935.png,2
arctic_vegetation/20230724_birch24_m3m/BIRC/tile_24936.png,2
arctic_vegetation/20230724_birch24_m3m/BIRC/tile_24937.png,2
arctic_vegetation/20230724_birch24_m3m/BIRC/tile_24938.png,2
arctic_vegetation/20230724_birch24_m3m/BIRC/tile_24951.png,2
arctic_vegetation/20230724_birch24_m3m/BIRC/tile_24952.png,2
arctic_vegetation/20230724_birch24_m3m/BIRC/tile_24953.png,2
arctic_vegetation/20230724_birch24_m3m/BIRC/tile_24954.png,2
arctic_vegetation/20230724_birch24_m3m/BIRC/tile_24955.png,2
arctic_vegetation/20230724_birch24_m3m/BIRC/tile_24956.png,2
arctic_vegetation/20230724_birch24_m3m/BIRC/tile_24957.png,2
arctic_vegetation/20230724_birch24_m3m/BIRC/tile_24958.png,2
arctic_vegetation/20230724_birch24_m3m/BIRC/tile_24959.png,2
arctic_vegetation/20230724_birch24_m3m/BIRC/tile_24960.png,2
arctic_vegetation/20230724_birch24_m3m/BIRC/tile_24961.png,2
arctic_vegetation/20230724_birch24_m3m/BIRC/tile_24962.png,2
arctic_vegetation/20230724_birch24_m3m/BIRC/tile_24963.png,2
arctic_vegetation/20230724_birch24_m3m/BIRC/tile_24964.png,2
arctic_vegetation/20230724_birch24_m3m/BIRC/tile_24965.png,2
arctic_vegetation/20230724_birch24_m3m/BIRC/tile_24966.png,2
arctic_vegetation/20230724_birch24_m3m/BIRC/tile_24967.png,2
arctic_vegetation/20230724_birch24_m3m/LICH/tile_24968.png,4
arctic_vegetation/20230724_birch24_m3m/LICH/tile_24969.png,4
arctic_vegetation/20230724_birch24_m3m/LICH/tile_24970.png,4
arctic_vegetation/20230724_birch24_m3m/LICH/tile_24971.png,4
arctic_vegetation/20230724_birch24_m3m/LICH/tile_24973.png,4
arctic_vegetation/20230724_birch24_m3m/BIRC/tile_24974.png,2
arctic_vegetation/20230724_birch24_m3m/BIRC/tile_24975.png,2
arctic_vegetation/20230724_birch24_m3m/BIRC/tile_24976.png,2
arctic_vegetation/20230724_birch24_m3m/BIRC/tile_24977.png,2
arctic_vegetation/20230724_birch24_m3m/BIRC/tile_24978.png,2
arctic_vegetation/20230724_birch24_m3m/BIRC/tile_24979.png,2
arctic_vegetation/20230724_birch24_m3m/BIRC/tile_24980.png,2
arctic_vegetation/20230724_birch24_m3m/BIRC/tile_24981.png,2
arctic_vegetation/20230724_birch24_m3m/BIRC/tile_24982.png,2
arctic_vegetation/20230724_birch24_m3m/BIRC/tile_24983.png,2
arctic_vegetation/20230724_birch24_m3m/BIRC/tile_24984.png,2
arctic_vegetation/20230724_birch24_m3m/BIRC/tile_24985.png,2
arctic_vegetation/20230724_birch24_m3m/BIRC/tile_24986.png,2
arctic_vegetation/20230724_birch24_m3m/BIRC/tile_24987.png,2
arctic_vegetation/20230724_birch24_m3m/BIRC/tile_24988.png,2
arctic_vegetation/20230724_birch24_m3m/BIRC/tile_24989.png,2
arctic_vegetation/20230724_birch24_m3m/BIRC/tile_24990.png,2
arctic_vegetation/20230724_birch24_m3m/BIRC/tile_24991.png,2
arctic_vegetation/20230724_birch24_m3m/BIRC/tile_24992.png,2
arctic_vegetation/20230724_birch24_m3m/BIRC/tile_24993.png,2
arctic_vegetation/20230724_birch24_m3m/BIRC/tile_24994.png,2
arctic_vegetation/20230724_birch24_m3m/BIRC/tile_24995.png,2
arctic_vegetation/20230724_birch24_m3m/BIRC/tile_24996.png,2
arctic_vegetation/20230724_birch24_m3m/BIRC/tile_24997.png,2
arctic_vegetation/20230724_birch24_m3m/BIRC/tile_24998.png,2
arctic_vegetation/20230724_birch24_m3m/BIRC/tile_24999.png,2
arctic_vegetation/20230724_birch24_m3m/BIRC/tile_25000.png,2
arctic_vegetation/20230724_birch24_m3m/BIRC/tile_25001.png,2
arctic_vegetation/20230724_birch24_m3m/BIRC/tile_25002.png,2
arctic_vegetation/20230724_birch24_m3m/BIRC/tile_25003.png,2
arctic_vegetation/20230724_birch24_m3m/BIRC/tile_25004.png,2
arctic_vegetation/20230724_birch24_m3m/BIRC/tile_25005.png,2
arctic_vegetation/20230724_birch24_m3m/BIRC/tile_25006.png,2
arctic_vegetation/20230724_birch24_m3m/BIRC/tile_25007.png,2
arctic_vegetation/20230724_birch24_m3m/BIRC/tile_25008.png,2
arctic_vegetation/20230724_birch24_m3m/BIRC/tile_25009.png,2
arctic_vegetation/20230724_birch24_m3m/BIRC/tile_25010.png,2
arctic_vegetation/20230724_birch24_m3m/BIRC/tile_25011.png,2
arctic_vegetation/20230724_birch24_m3m/BIRC/tile_25012.png,2
arctic_vegetation/20230724_birch24_m3m/BIRC/tile_25013.png,2
arctic_vegetation/20230724_birch24_m3m/BIRC/tile_25014.png,2
arctic_vegetation/20230724_birch24_m3m/BIRC/tile_25015.png,2
arctic_vegetation/20230724_birch24_m3m/BIRC/tile_25016.png,2
arctic_vegetation/20230724_birch24_m3m/BIRC/tile_25017.png,2
arctic_vegetation/20230724_birch24_m3m/PETF/tile_25018.png,6
arctic_vegetation/20230724_birch24_m3m/BIRC/tile_25019.png,2
arctic_vegetation/20230724_birch24_m3m/BIRC/tile_25020.png,2
arctic_vegetation/20230724_birch24_m3m/BIRC/tile_25021.png,2
arctic_vegetation/20230724_birch24_m3m/BIRC/tile_25022.png,2
arctic_vegetation/20230724_birch24_m3m/BIRC/tile_25023.png,2
arctic_vegetation/20230724_birch24_m3m/BIRC/tile_25024.png,2
arctic_vegetation/20230724_birch24_m3m/BIRC/tile_25025.png,2
arctic_vegetation/20230724_birch24_m3m/BIRC/tile_25026.png,2
arctic_vegetation/20230724_birch24_m3m/BIRC/tile_25027.png,2
arctic_vegetation/20230724_birch24_m3m/BIRC/tile_25028.png,2
arctic_vegetation/20230724_birch24_m3m/BIRC/tile_25029.png,2
arctic_vegetation/20230724_birch24_m3m/BIRC/tile_25030.png,2
arctic_vegetation/20230724_birch24_m3m/BIRC/tile_25031.png,2
arctic_vegetation/20230724_birch24_m3m/BIRC/tile_25032.png,2
arctic_vegetation/20230724_birch24_m3m/BIRC/tile_25033.png,2
arctic_vegetation/20230724_birch24_m3m/BIRC/tile_25034.png,2
arctic_vegetation/20230724_birch24_m3m/BIRC/tile_25035.png,2
arctic_vegetation/20230724_birch24_m3m/BIRC/tile_25036.png,2
arctic_vegetation/20230724_birch24_m3m/BIRC/tile_25037.png,2
arctic_vegetation/20230724_birch24_m3m/PETF/tile_25038.png,6
arctic_vegetation/20230724_birch24_m3m/BIRC/tile_25039.png,2
arctic_vegetation/20230724_birch24_m3m/BIRC/tile_25040.png,2
arctic_vegetation/20230724_birch24_m3m/BIRC/tile_25041.png,2
arctic_vegetation/20230724_birch24_m3m/BIRC/tile_25042.png,2
arctic_vegetation/20230724_birch24_m3m/BIRC/tile_25043.png,2
arctic_vegetation/20230724_birch24_m3m/BIRC/tile_25044.png,2
arctic_vegetation/20230724_birch24_m3m/BIRC/tile_25045.png,2
arctic_vegetation/20230724_birch24_m3m/BIRC/tile_25046.png,2
arctic_vegetation/20230724_birch24_m3m/BIRC/tile_25047.png,2
arctic_vegetation/20230724_birch24_m3m/BIRC/tile_25048.png,2
arctic_vegetation/20230724_birch24_m3m/PETF/tile_25049.png,6
arctic_vegetation/20230724_birch24_m3m/BIRC/tile_25146.png,2
arctic_vegetation/20230724_birch24_m3m/BIRC/tile_25147.png,2
arctic_vegetation/20230724_birch24_m3m/BIRC/tile_25148.png,2
arctic_vegetation/20230724_birch24_m3m/BIRC/tile_25149.png,2
arctic_vegetation/20230724_birch24_m3m/BIRC/tile_25150.png,2
arctic_vegetation/20230724_birch24_m3m/BIRC/tile_25151.png,2
arctic_vegetation/20230724_birch24_m3m/BIRC/tile_25152.png,2
arctic_vegetation/20230724_birch24_m3m/BIRC/tile_25153.png,2
arctic_vegetation/20230724_birch24_m3m/BIRC/tile_25154.png,2
arctic_vegetation/20230724_birch24_m3m/BIRC/tile_25155.png,2
arctic_vegetation/20230724_birch24_m3m/BIRC/tile_25165.png,2
arctic_vegetation/20230724_birch24_m3m/BIRC/tile_25166.png,2
arctic_vegetation/20230724_birch24_m3m/BIRC/tile_25167.png,2
arctic_vegetation/20230724_birch24_m3m/BIRC/tile_25168.png,2
arctic_vegetation/20230724_birch24_m3m/BIRC/tile_25169.png,2
arctic_vegetation/20230724_birch24_m3m/BIRC/tile_25170.png,2
arctic_vegetation/20230724_birch24_m3m/BIRC/tile_25171.png,2
arctic_vegetation/20230724_birch24_m3m/BIRC/tile_25172.png,2
arctic_vegetation/20230724_birch24_m3m/BIRC/tile_25173.png,2
arctic_vegetation/20230724_birch24_m3m/BIRC/tile_25174.png,2
arctic_vegetation/20230724_birch24_m3m/BIRC/tile_25175.png,2
arctic_vegetation/20230724_birch24_m3m/BIRC/tile_25176.png,2
arctic_vegetation/20230724_birch24_m3m/BIRC/tile_25177.png,2
arctic_vegetation/20230724_birch24_m3m/BIRC/tile_25178.png,2
arctic_vegetation/20230724_birch24_m3m/BIRC/tile_25179.png,2
arctic_vegetation/20230724_birch24_m3m/BIRC/tile_25180.png,2
arctic_vegetation/20230724_birch24_m3m/BIRC/tile_25181.png,2
arctic_vegetation/20230724_birch24_m3m/LICH/tile_25182.png,4
arctic_vegetation/20230724_birch24_m3m/LICH/tile_25183.png,4
arctic_vegetation/20230724_birch24_m3m/LICH/tile_25184.png,4
arctic_vegetation/20230724_birch24_m3m/LICH/tile_25185.png,4
arctic_vegetation/20230724_birch24_m3m/LICH/tile_25186.png,4
arctic_vegetation/20230724_birch24_m3m/LICH/tile_25187.png,4
arctic_vegetation/20230724_birch24_m3m/BIRC/tile_25188.png,2
arctic_vegetation/20230724_birch24_m3m/BIRC/tile_25189.png,2
arctic_vegetation/20230724_birch24_m3m/BIRC/tile_25190.png,2
arctic_vegetation/20230724_birch24_m3m/BIRC/tile_25191.png,2
arctic_vegetation/20230724_birch24_m3m/LICH/tile_25192.png,4
arctic_vegetation/20230724_birch24_m3m/BIRC/tile_25193.png,2
arctic_vegetation/20230724_birch24_m3m/BIRC/tile_25194.png,2
arctic_vegetation/20230724_birch24_m3m/BIRC/tile_25195.png,2
arctic_vegetation/20230724_birch24_m3m/BIRC/tile_25196.png,2
arctic_vegetation/20230724_birch24_m3m/BIRC/tile_25197.png,2
arctic_vegetation/20230724_birch24_m3m/BIRC/tile_25198.png,2
arctic_vegetation/20230724_birch24_m3m/BIRC/tile_25199.png,2
arctic_vegetation/20230724_birch24_m3m/BIRC/tile_25200.png,2
arctic_vegetation/20230724_birch24_m3m/BIRC/tile_25201.png,2
arctic_vegetation/20230724_birch24_m3m/BIRC/tile_25202.png,2
arctic_vegetation/20230724_birch24_m3m/BIRC/tile_25203.png,2
arctic_vegetation/20230724_birch24_m3m/BIRC/tile_25204.png,2
arctic_vegetation/20230724_birch24_m3m/BIRC/tile_25205.png,2
arctic_vegetation/20230724_birch24_m3m/BIRC/tile_25206.png,2
arctic_vegetation/20230724_birch24_m3m/BIRC/tile_25207.png,2
arctic_vegetation/20230724_birch24_m3m/BIRC/tile_25208.png,2
arctic_vegetation/20230724_birch24_m3m/BIRC/tile_25209.png,2
arctic_vegetation/20230724_birch24_m3m/BIRC/tile_25210.png,2
arctic_vegetation/20230724_birch24_m3m/BIRC/tile_25211.png,2
arctic_vegetation/20230724_birch24_m3m/BIRC/tile_25212.png,2
arctic_vegetation/20230724_birch24_m3m/BIRC/tile_25213.png,2
arctic_vegetation/20230724_birch24_m3m/BIRC/tile_25214.png,2
arctic_vegetation/20230724_birch24_m3m/BIRC/tile_25215.png,2
arctic_vegetation/20230724_birch24_m3m/BIRC/tile_25216.png,2
arctic_vegetation/20230724_birch24_m3m/BIRC/tile_25217.png,2
arctic_vegetation/20230724_birch24_m3m/BIRC/tile_25218.png,2
arctic_vegetation/20230724_birch24_m3m/BIRC/tile_25219.png,2
arctic_vegetation/20230724_birch24_m3m/BIRC/tile_25220.png,2
arctic_vegetation/20230724_birch24_m3m/BIRC/tile_25221.png,2
arctic_vegetation/20230724_birch24_m3m/BIRC/tile_25222.png,2
arctic_vegetation/20230724_birch24_m3m/BIRC/tile_25223.png,2
arctic_vegetation/20230724_birch24_m3m/BIRC/tile_25224.png,2
arctic_vegetation/20230724_birch24_m3m/BIRC/tile_25225.png,2
arctic_vegetation/20230724_birch24_m3m/BIRC/tile_25226.png,2
arctic_vegetation/20230724_birch24_m3m/BIRC/tile_25227.png,2
arctic_vegetation/20230724_birch24_m3m/BIRC/tile_25228.png,2
arctic_vegetation/20230724_birch24_m3m/BIRC/tile_25229.png,2
arctic_vegetation/20230724_birch24_m3m/BIRC/tile_25230.png,2
arctic_vegetation/20230724_birch24_m3m/BIRC/tile_25231.png,2
arctic_vegetation/20230724_birch24_m3m/BIRC/tile_25232.png,2
arctic_vegetation/20230724_birch24_m3m/BIRC/tile_25233.png,2
arctic_vegetation/20230724_birch24_m3m/BIRC/tile_25234.png,2
arctic_vegetation/20230724_birch24_m3m/BIRC/tile_25235.png,2
arctic_vegetation/20230724_birch24_m3m/BIRC/tile_25236.png,2
arctic_vegetation/20230724_birch24_m3m/BIRC/tile_25237.png,2
arctic_vegetation/20230724_birch24_m3m/BIRC/tile_25238.png,2
arctic_vegetation/20230724_birch24_m3m/BIRC/tile_25239.png,2
arctic_vegetation/20230724_birch24_m3m/BIRC/tile_25240.png,2
arctic_vegetation/20230724_birch24_m3m/BIRC/tile_25241.png,2
arctic_vegetation/20230724_birch24_m3m/BIRC/tile_25242.png,2
arctic_vegetation/20230724_birch24_m3m/BIRC/tile_25243.png,2
arctic_vegetation/20230724_birch24_m3m/BIRC/tile_25244.png,2
arctic_vegetation/20230724_birch24_m3m/BIRC/tile_25245.png,2
arctic_vegetation/20230724_birch24_m3m/BIRC/tile_25246.png,2
arctic_vegetation/20230724_birch24_m3m/BIRC/tile_25247.png,2
arctic_vegetation/20230724_birch24_m3m/BIRC/tile_25248.png,2
arctic_vegetation/20230724_birch24_m3m/BIRC/tile_25249.png,2
arctic_vegetation/20230724_birch24_m3m/BIRC/tile_25250.png,2
arctic_vegetation/20230724_birch24_m3m/BIRC/tile_25251.png,2
arctic_vegetation/20230724_birch24_m3m/PETF/tile_25252.png,6
arctic_vegetation/20230724_birch24_m3m/BIRC/tile_25253.png,2
arctic_vegetation/20230724_birch24_m3m/BIRC/tile_25254.png,2
arctic_vegetation/20230724_birch24_m3m/BIRC/tile_25255.png,2
arctic_vegetation/20230724_birch24_m3m/BIRC/tile_25256.png,2
arctic_vegetation/20230724_birch24_m3m/BIRC/tile_25257.png,2
arctic_vegetation/20230724_birch24_m3m/BIRC/tile_25258.png,2
arctic_vegetation/20230724_birch24_m3m/BIRC/tile_25259.png,2
arctic_vegetation/20230724_birch24_m3m/BIRC/tile_25260.png,2
arctic_vegetation/20230724_birch24_m3m/BIRC/tile_25261.png,2
arctic_vegetation/20230724_birch24_m3m/BIRC/tile_25262.png,2
arctic_vegetation/20230724_birch24_m3m/BIRC/tile_25361.png,2
arctic_vegetation/20230724_birch24_m3m/BIRC/tile_25362.png,2
arctic_vegetation/20230724_birch24_m3m/BIRC/tile_25363.png,2
arctic_vegetation/20230724_birch24_m3m/BIRC/tile_25364.png,2
arctic_vegetation/20230724_birch24_m3m/BIRC/tile_25365.png,2
arctic_vegetation/20230724_birch24_m3m/BIRC/tile_25366.png,2
arctic_vegetation/20230724_birch24_m3m/BIRC/tile_25367.png,2
arctic_vegetation/20230724_birch24_m3m/BIRC/tile_25368.png,2
arctic_vegetation/20230724_birch24_m3m/BIRC/tile_25369.png,2
arctic_vegetation/20230724_birch24_m3m/SEDG/tile_25381.png,9
arctic_vegetation/20230724_birch24_m3m/BIRC/tile_25382.png,2
arctic_vegetation/20230724_birch24_m3m/BIRC/tile_25383.png,2
arctic_vegetation/20230724_birch24_m3m/BIRC/tile_25384.png,2
arctic_vegetation/20230724_birch24_m3m/BIRC/tile_25385.png,2
arctic_vegetation/20230724_birch24_m3m/BIRC/tile_25386.png,2
arctic_vegetation/20230724_birch24_m3m/BIRC/tile_25387.png,2
arctic_vegetation/20230724_birch24_m3m/BIRC/tile_25388.png,2
arctic_vegetation/20230724_birch24_m3m/PETF/tile_25390.png,6
arctic_vegetation/20230724_birch24_m3m/BIRC/tile_25391.png,2
arctic_vegetation/20230724_birch24_m3m/BIRC/tile_25392.png,2
arctic_vegetation/20230724_birch24_m3m/BIRC/tile_25393.png,2
arctic_vegetation/20230724_birch24_m3m/BIRC/tile_25394.png,2
arctic_vegetation/20230724_birch24_m3m/BIRC/tile_25395.png,2
arctic_vegetation/20230724_birch24_m3m/BIRC/tile_25396.png,2
arctic_vegetation/20230724_birch24_m3m/BIRC/tile_25397.png,2
arctic_vegetation/20230724_birch24_m3m/BIRC/tile_25398.png,2
arctic_vegetation/20230724_birch24_m3m/LICH/tile_25399.png,4
arctic_vegetation/20230724_birch24_m3m/LICH/tile_25400.png,4
arctic_vegetation/20230724_birch24_m3m/LICH/tile_25401.png,4
arctic_vegetation/20230724_birch24_m3m/BIRC/tile_25402.png,2
arctic_vegetation/20230724_birch24_m3m/BIRC/tile_25403.png,2
arctic_vegetation/20230724_birch24_m3m/BIRC/tile_25404.png,2
arctic_vegetation/20230724_birch24_m3m/BIRC/tile_25405.png,2
arctic_vegetation/20230724_birch24_m3m/BIRC/tile_25406.png,2
arctic_vegetation/20230724_birch24_m3m/BIRC/tile_25407.png,2
arctic_vegetation/20230724_birch24_m3m/BIRC/tile_25408.png,2
arctic_vegetation/20230724_birch24_m3m/BIRC/tile_25409.png,2
arctic_vegetation/20230724_birch24_m3m/BIRC/tile_25410.png,2
arctic_vegetation/20230724_birch24_m3m/BIRC/tile_25411.png,2
arctic_vegetation/20230724_birch24_m3m/BIRC/tile_25412.png,2
arctic_vegetation/20230724_birch24_m3m/BIRC/tile_25413.png,2
arctic_vegetation/20230724_birch24_m3m/BIRC/tile_25414.png,2
arctic_vegetation/20230724_birch24_m3m/BIRC/tile_25415.png,2
arctic_vegetation/20230724_birch24_m3m/BIRC/tile_25416.png,2
arctic_vegetation/20230724_birch24_m3m/BIRC/tile_25417.png,2
arctic_vegetation/20230724_birch24_m3m/BIRC/tile_25418.png,2
arctic_vegetation/20230724_birch24_m3m/BIRC/tile_25419.png,2
arctic_vegetation/20230724_birch24_m3m/BIRC/tile_25420.png,2
arctic_vegetation/20230724_birch24_m3m/BIRC/tile_25421.png,2
arctic_vegetation/20230724_birch24_m3m/BIRC/tile_25422.png,2
arctic_vegetation/20230724_birch24_m3m/BIRC/tile_25423.png,2
arctic_vegetation/20230724_birch24_m3m/BIRC/tile_25424.png,2
arctic_vegetation/20230724_birch24_m3m/BIRC/tile_25425.png,2
arctic_vegetation/20230724_birch24_m3m/BIRC/tile_25426.png,2
arctic_vegetation/20230724_birch24_m3m/BIRC/tile_25427.png,2
arctic_vegetation/20230724_birch24_m3m/BIRC/tile_25428.png,2
arctic_vegetation/20230724_birch24_m3m/BIRC/tile_25429.png,2
arctic_vegetation/20230724_birch24_m3m/BIRC/tile_25430.png,2
arctic_vegetation/20230724_birch24_m3m/BIRC/tile_25431.png,2
arctic_vegetation/20230724_birch24_m3m/BIRC/tile_25432.png,2
arctic_vegetation/20230724_birch24_m3m/BIRC/tile_25433.png,2
arctic_vegetation/20230724_birch24_m3m/BIRC/tile_25434.png,2
arctic_vegetation/20230724_birch24_m3m/BIRC/tile_25435.png,2
arctic_vegetation/20230724_birch24_m3m/BIRC/tile_25436.png,2
arctic_vegetation/20230724_birch24_m3m/BIRC/tile_25437.png,2
arctic_vegetation/20230724_birch24_m3m/BIRC/tile_25438.png,2
arctic_vegetation/20230724_birch24_m3m/BIRC/tile_25439.png,2
arctic_vegetation/20230724_birch24_m3m/BIRC/tile_25440.png,2
arctic_vegetation/20230724_birch24_m3m/BIRC/tile_25441.png,2
arctic_vegetation/20230724_birch24_m3m/BIRC/tile_25442.png,2
arctic_vegetation/20230724_birch24_m3m/BIRC/tile_25443.png,2
arctic_vegetation/20230724_birch24_m3m/BIRC/tile_25444.png,2
arctic_vegetation/20230724_birch24_m3m/BIRC/tile_25445.png,2
arctic_vegetation/20230724_birch24_m3m/BIRC/tile_25446.png,2
arctic_vegetation/20230724_birch24_m3m/BIRC/tile_25447.png,2
arctic_vegetation/20230724_birch24_m3m/BIRC/tile_25448.png,2
arctic_vegetation/20230724_birch24_m3m/BIRC/tile_25449.png,2
arctic_vegetation/20230724_birch24_m3m/BIRC/tile_25450.png,2
arctic_vegetation/20230724_birch24_m3m/BIRC/tile_25451.png,2
arctic_vegetation/20230724_birch24_m3m/BIRC/tile_25452.png,2
arctic_vegetation/20230724_birch24_m3m/BIRC/tile_25453.png,2
arctic_vegetation/20230724_birch24_m3m/BIRC/tile_25454.png,2
arctic_vegetation/20230724_birch24_m3m/BIRC/tile_25455.png,2
arctic_vegetation/20230724_birch24_m3m/BIRC/tile_25456.png,2
arctic_vegetation/20230724_birch24_m3m/BIRC/tile_25457.png,2
arctic_vegetation/20230724_birch24_m3m/BIRC/tile_25458.png,2
arctic_vegetation/20230724_birch24_m3m/BIRC/tile_25459.png,2
arctic_vegetation/20230724_birch24_m3m/BIRC/tile_25460.png,2
arctic_vegetation/20230724_birch24_m3m/BIRC/tile_25461.png,2
arctic_vegetation/20230724_birch24_m3m/BIRC/tile_25462.png,2
arctic_vegetation/20230724_birch24_m3m/BIRC/tile_25463.png,2
arctic_vegetation/20230724_birch24_m3m/BIRC/tile_25464.png,2
arctic_vegetation/20230724_birch24_m3m/PETF/tile_25465.png,6
arctic_vegetation/20230724_birch24_m3m/PETF/tile_25466.png,6
arctic_vegetation/20230724_birch24_m3m/PETF/tile_25467.png,6
arctic_vegetation/20230724_birch24_m3m/BIRC/tile_25468.png,2
arctic_vegetation/20230724_birch24_m3m/BIRC/tile_25469.png,2
arctic_vegetation/20230724_birch24_m3m/BIRC/tile_25470.png,2
arctic_vegetation/20230724_birch24_m3m/BIRC/tile_25471.png,2
arctic_vegetation/20230724_birch24_m3m/BIRC/tile_25472.png,2
arctic_vegetation/20230724_birch24_m3m/BIRC/tile_25473.png,2
arctic_vegetation/20230724_birch24_m3m/BIRC/tile_25474.png,2
arctic_vegetation/20230724_birch24_m3m/BIRC/tile_25475.png,2
arctic_vegetation/20230724_birch24_m3m/BIRC/tile_25476.png,2
arctic_vegetation/20230724_birch24_m3m/BIRC/tile_25575.png,2
arctic_vegetation/20230724_birch24_m3m/BIRC/tile_25576.png,2
arctic_vegetation/20230724_birch24_m3m/BIRC/tile_25577.png,2
arctic_vegetation/20230724_birch24_m3m/BIRC/tile_25578.png,2
arctic_vegetation/20230724_birch24_m3m/BIRC/tile_25579.png,2
arctic_vegetation/20230724_birch24_m3m/BIRC/tile_25580.png,2
arctic_vegetation/20230724_birch24_m3m/BIRC/tile_25581.png,2
arctic_vegetation/20230724_birch24_m3m/BIRC/tile_25582.png,2
arctic_vegetation/20230724_birch24_m3m/BIRC/tile_25583.png,2
arctic_vegetation/20230724_birch24_m3m/BIRC/tile_25584.png,2
arctic_vegetation/20230724_birch24_m3m/BIRC/tile_25585.png,2
arctic_vegetation/20230724_birch24_m3m/SEDG/tile_25595.png,9
arctic_vegetation/20230724_birch24_m3m/BIRC/tile_25596.png,2
arctic_vegetation/20230724_birch24_m3m/BIRC/tile_25597.png,2
arctic_vegetation/20230724_birch24_m3m/BIRC/tile_25598.png,2
arctic_vegetation/20230724_birch24_m3m/BIRC/tile_25599.png,2
arctic_vegetation/20230724_birch24_m3m/BIRC/tile_25600.png,2
arctic_vegetation/20230724_birch24_m3m/BIRC/tile_25601.png,2
arctic_vegetation/20230724_birch24_m3m/BIRC/tile_25602.png,2
arctic_vegetation/20230724_birch24_m3m/LICH/tile_25603.png,4
arctic_vegetation/20230724_birch24_m3m/LICH/tile_25604.png,4
arctic_vegetation/20230724_birch24_m3m/BIRC/tile_25605.png,2
arctic_vegetation/20230724_birch24_m3m/BIRC/tile_25606.png,2
arctic_vegetation/20230724_birch24_m3m/BIRC/tile_25607.png,2
arctic_vegetation/20230724_birch24_m3m/BIRC/tile_25608.png,2
arctic_vegetation/20230724_birch24_m3m/BIRC/tile_25609.png,2
arctic_vegetation/20230724_birch24_m3m/BIRC/tile_25610.png,2
arctic_vegetation/20230724_birch24_m3m/BIRC/tile_25611.png,2
arctic_vegetation/20230724_birch24_m3m/BIRC/tile_25612.png,2
arctic_vegetation/20230724_birch24_m3m/BIRC/tile_25613.png,2
arctic_vegetation/20230724_birch24_m3m/BIRC/tile_25614.png,2
arctic_vegetation/20230724_birch24_m3m/BIRC/tile_25615.png,2
arctic_vegetation/20230724_birch24_m3m/BIRC/tile_25616.png,2
arctic_vegetation/20230724_birch24_m3m/BIRC/tile_25617.png,2
arctic_vegetation/20230724_birch24_m3m/BIRC/tile_25618.png,2
arctic_vegetation/20230724_birch24_m3m/BIRC/tile_25619.png,2
arctic_vegetation/20230724_birch24_m3m/BIRC/tile_25620.png,2
arctic_vegetation/20230724_birch24_m3m/BIRC/tile_25621.png,2
arctic_vegetation/20230724_birch24_m3m/BIRC/tile_25622.png,2
arctic_vegetation/20230724_birch24_m3m/BIRC/tile_25623.png,2
arctic_vegetation/20230724_birch24_m3m/BIRC/tile_25624.png,2
arctic_vegetation/20230724_birch24_m3m/BIRC/tile_25625.png,2
arctic_vegetation/20230724_birch24_m3m/BIRC/tile_25626.png,2
arctic_vegetation/20230724_birch24_m3m/BIRC/tile_25627.png,2
arctic_vegetation/20230724_birch24_m3m/BIRC/tile_25628.png,2
arctic_vegetation/20230724_birch24_m3m/BIRC/tile_25629.png,2
arctic_vegetation/20230724_birch24_m3m/BIRC/tile_25630.png,2
arctic_vegetation/20230724_birch24_m3m/BIRC/tile_25631.png,2
arctic_vegetation/20230724_birch24_m3m/BIRC/tile_25632.png,2
arctic_vegetation/20230724_birch24_m3m/BIRC/tile_25633.png,2
arctic_vegetation/20230724_birch24_m3m/BIRC/tile_25634.png,2
arctic_vegetation/20230724_birch24_m3m/BIRC/tile_25635.png,2
arctic_vegetation/20230724_birch24_m3m/BIRC/tile_25636.png,2
arctic_vegetation/20230724_birch24_m3m/BIRC/tile_25637.png,2
arctic_vegetation/20230724_birch24_m3m/BIRC/tile_25638.png,2
arctic_vegetation/20230724_birch24_m3m/BIRC/tile_25639.png,2
arctic_vegetation/20230724_birch24_m3m/BIRC/tile_25640.png,2
arctic_vegetation/20230724_birch24_m3m/BIRC/tile_25641.png,2
arctic_vegetation/20230724_birch24_m3m/BIRC/tile_25642.png,2
arctic_vegetation/20230724_birch24_m3m/BIRC/tile_25643.png,2
arctic_vegetation/20230724_birch24_m3m/BIRC/tile_25644.png,2
arctic_vegetation/20230724_birch24_m3m/BIRC/tile_25645.png,2
arctic_vegetation/20230724_birch24_m3m/BIRC/tile_25646.png,2
arctic_vegetation/20230724_birch24_m3m/BIRC/tile_25647.png,2
arctic_vegetation/20230724_birch24_m3m/BIRC/tile_25648.png,2
arctic_vegetation/20230724_birch24_m3m/BIRC/tile_25649.png,2
arctic_vegetation/20230724_birch24_m3m/BIRC/tile_25650.png,2
arctic_vegetation/20230724_birch24_m3m/BIRC/tile_25651.png,2
arctic_vegetation/20230724_birch24_m3m/BIRC/tile_25652.png,2
arctic_vegetation/20230724_birch24_m3m/BIRC/tile_25653.png,2
arctic_vegetation/20230724_birch24_m3m/BIRC/tile_25654.png,2
arctic_vegetation/20230724_birch24_m3m/BIRC/tile_25655.png,2
arctic_vegetation/20230724_birch24_m3m/BIRC/tile_25656.png,2
arctic_vegetation/20230724_birch24_m3m/BIRC/tile_25657.png,2
arctic_vegetation/20230724_birch24_m3m/BIRC/tile_25658.png,2
arctic_vegetation/20230724_birch24_m3m/BIRC/tile_25659.png,2
arctic_vegetation/20230724_birch24_m3m/BIRC/tile_25660.png,2
arctic_vegetation/20230724_birch24_m3m/BIRC/tile_25661.png,2
arctic_vegetation/20230724_birch24_m3m/BIRC/tile_25662.png,2
arctic_vegetation/20230724_birch24_m3m/BIRC/tile_25663.png,2
arctic_vegetation/20230724_birch24_m3m/BIRC/tile_25664.png,2
arctic_vegetation/20230724_birch24_m3m/BIRC/tile_25665.png,2
arctic_vegetation/20230724_birch24_m3m/BIRC/tile_25666.png,2
arctic_vegetation/20230724_birch24_m3m/BIRC/tile_25667.png,2
arctic_vegetation/20230724_birch24_m3m/BIRC/tile_25668.png,2
arctic_vegetation/20230724_birch24_m3m/BIRC/tile_25669.png,2
arctic_vegetation/20230724_birch24_m3m/BIRC/tile_25670.png,2
arctic_vegetation/20230724_birch24_m3m/BIRC/tile_25671.png,2
arctic_vegetation/20230724_birch24_m3m/BIRC/tile_25672.png,2
arctic_vegetation/20230724_birch24_m3m/BIRC/tile_25673.png,2
arctic_vegetation/20230724_birch24_m3m/BIRC/tile_25674.png,2
arctic_vegetation/20230724_birch24_m3m/BIRC/tile_25675.png,2
arctic_vegetation/20230724_birch24_m3m/BIRC/tile_25676.png,2
arctic_vegetation/20230724_birch24_m3m/BIRC/tile_25677.png,2
arctic_vegetation/20230724_birch24_m3m/BIRC/tile_25678.png,2
arctic_vegetation/20230724_birch24_m3m/BIRC/tile_25679.png,2
arctic_vegetation/20230724_birch24_m3m/BIRC/tile_25680.png,2
arctic_vegetation/20230724_birch24_m3m/BIRC/tile_25681.png,2
arctic_vegetation/20230724_birch24_m3m/BIRC/tile_25682.png,2
arctic_vegetation/20230724_birch24_m3m/BIRC/tile_25683.png,2
arctic_vegetation/20230724_birch24_m3m/BIRC/tile_25684.png,2
arctic_vegetation/20230724_birch24_m3m/BIRC/tile_25685.png,2
arctic_vegetation/20230724_birch24_m3m/BIRC/tile_25686.png,2
arctic_vegetation/20230724_birch24_m3m/BIRC/tile_25687.png,2
arctic_vegetation/20230724_birch24_m3m/BIRC/tile_25688.png,2
arctic_vegetation/20230724_birch24_m3m/BIRC/tile_25689.png,2
arctic_vegetation/20230724_birch24_m3m/BIRC/tile_25690.png,2
arctic_vegetation/20230724_birch24_m3m/BIRC/tile_25789.png,2
arctic_vegetation/20230724_birch24_m3m/BIRC/tile_25790.png,2
arctic_vegetation/20230724_birch24_m3m/BIRC/tile_25791.png,2
arctic_vegetation/20230724_birch24_m3m/BIRC/tile_25792.png,2
arctic_vegetation/20230724_birch24_m3m/BIRC/tile_25793.png,2
arctic_vegetation/20230724_birch24_m3m/BIRC/tile_25794.png,2
arctic_vegetation/20230724_birch24_m3m/BIRC/tile_25795.png,2
arctic_vegetation/20230724_birch24_m3m/BIRC/tile_25796.png,2
arctic_vegetation/20230724_birch24_m3m/BIRC/tile_25797.png,2
arctic_vegetation/20230724_birch24_m3m/BIRC/tile_25798.png,2
arctic_vegetation/20230724_birch24_m3m/BIRC/tile_25799.png,2
arctic_vegetation/20230724_birch24_m3m/BIRC/tile_25801.png,2
arctic_vegetation/20230724_birch24_m3m/BIRC/tile_25802.png,2
arctic_vegetation/20230724_birch24_m3m/BIRC/tile_25810.png,2
arctic_vegetation/20230724_birch24_m3m/BIRC/tile_25811.png,2
arctic_vegetation/20230724_birch24_m3m/BIRC/tile_25812.png,2
arctic_vegetation/20230724_birch24_m3m/BIRC/tile_25813.png,2
arctic_vegetation/20230724_birch24_m3m/BIRC/tile_25814.png,2
arctic_vegetation/20230724_birch24_m3m/BIRC/tile_25815.png,2
arctic_vegetation/20230724_birch24_m3m/BIRC/tile_25816.png,2
arctic_vegetation/20230724_birch24_m3m/LICH/tile_25817.png,4
arctic_vegetation/20230724_birch24_m3m/LICH/tile_25818.png,4
arctic_vegetation/20230724_birch24_m3m/BIRC/tile_25819.png,2
arctic_vegetation/20230724_birch24_m3m/BIRC/tile_25820.png,2
arctic_vegetation/20230724_birch24_m3m/BIRC/tile_25821.png,2
arctic_vegetation/20230724_birch24_m3m/BIRC/tile_25823.png,2
arctic_vegetation/20230724_birch24_m3m/BIRC/tile_25824.png,2
arctic_vegetation/20230724_birch24_m3m/BIRC/tile_25825.png,2
arctic_vegetation/20230724_birch24_m3m/LICH/tile_25826.png,4
arctic_vegetation/20230724_birch24_m3m/LICH/tile_25827.png,4
arctic_vegetation/20230724_birch24_m3m/BIRC/tile_25828.png,2
arctic_vegetation/20230724_birch24_m3m/BIRC/tile_25829.png,2
arctic_vegetation/20230724_birch24_m3m/BIRC/tile_25830.png,2
arctic_vegetation/20230724_birch24_m3m/BIRC/tile_25831.png,2
arctic_vegetation/20230724_birch24_m3m/BIRC/tile_25832.png,2
arctic_vegetation/20230724_birch24_m3m/BIRC/tile_25833.png,2
arctic_vegetation/20230724_birch24_m3m/BIRC/tile_25834.png,2
arctic_vegetation/20230724_birch24_m3m/BIRC/tile_25835.png,2
arctic_vegetation/20230724_birch24_m3m/BIRC/tile_25836.png,2
arctic_vegetation/20230724_birch24_m3m/BIRC/tile_25837.png,2
arctic_vegetation/20230724_birch24_m3m/BIRC/tile_25838.png,2
arctic_vegetation/20230724_birch24_m3m/BIRC/tile_25839.png,2
arctic_vegetation/20230724_birch24_m3m/BIRC/tile_25840.png,2
arctic_vegetation/20230724_birch24_m3m/BIRC/tile_25841.png,2
arctic_vegetation/20230724_birch24_m3m/BIRC/tile_25842.png,2
arctic_vegetation/20230724_birch24_m3m/BIRC/tile_25843.png,2
arctic_vegetation/20230724_birch24_m3m/BIRC/tile_25844.png,2
arctic_vegetation/20230724_birch24_m3m/BIRC/tile_25845.png,2
arctic_vegetation/20230724_birch24_m3m/BIRC/tile_25846.png,2
arctic_vegetation/20230724_birch24_m3m/BIRC/tile_25847.png,2
arctic_vegetation/20230724_birch24_m3m/BIRC/tile_25848.png,2
arctic_vegetation/20230724_birch24_m3m/BIRC/tile_25849.png,2
arctic_vegetation/20230724_birch24_m3m/BIRC/tile_25850.png,2
arctic_vegetation/20230724_birch24_m3m/BIRC/tile_25851.png,2
arctic_vegetation/20230724_birch24_m3m/BIRC/tile_25852.png,2
arctic_vegetation/20230724_birch24_m3m/BIRC/tile_25853.png,2
arctic_vegetation/20230724_birch24_m3m/BIRC/tile_25854.png,2
arctic_vegetation/20230724_birch24_m3m/BIRC/tile_25855.png,2
arctic_vegetation/20230724_birch24_m3m/BIRC/tile_25856.png,2
arctic_vegetation/20230724_birch24_m3m/BIRC/tile_25857.png,2
arctic_vegetation/20230724_birch24_m3m/BIRC/tile_25858.png,2
arctic_vegetation/20230724_birch24_m3m/BIRC/tile_25859.png,2
arctic_vegetation/20230724_birch24_m3m/BIRC/tile_25860.png,2
arctic_vegetation/20230724_birch24_m3m/BIRC/tile_25861.png,2
arctic_vegetation/20230724_birch24_m3m/BIRC/tile_25862.png,2
arctic_vegetation/20230724_birch24_m3m/BIRC/tile_25863.png,2
arctic_vegetation/20230724_birch24_m3m/BIRC/tile_25864.png,2
arctic_vegetation/20230724_birch24_m3m/BIRC/tile_25865.png,2
arctic_vegetation/20230724_birch24_m3m/BIRC/tile_25866.png,2
arctic_vegetation/20230724_birch24_m3m/BIRC/tile_25867.png,2
arctic_vegetation/20230724_birch24_m3m/BIRC/tile_25868.png,2
arctic_vegetation/20230724_birch24_m3m/BIRC/tile_25869.png,2
arctic_vegetation/20230724_birch24_m3m/BIRC/tile_25870.png,2
arctic_vegetation/20230724_birch24_m3m/BIRC/tile_25871.png,2
arctic_vegetation/20230724_birch24_m3m/BIRC/tile_25872.png,2
arctic_vegetation/20230724_birch24_m3m/BIRC/tile_25873.png,2
arctic_vegetation/20230724_birch24_m3m/BIRC/tile_25874.png,2
arctic_vegetation/20230724_birch24_m3m/BIRC/tile_25875.png,2
arctic_vegetation/20230724_birch24_m3m/BIRC/tile_25876.png,2
arctic_vegetation/20230724_birch24_m3m/BIRC/tile_25877.png,2
arctic_vegetation/20230724_birch24_m3m/BIRC/tile_25878.png,2
arctic_vegetation/20230724_birch24_m3m/BIRC/tile_25879.png,2
arctic_vegetation/20230724_birch24_m3m/BIRC/tile_25880.png,2
arctic_vegetation/20230724_birch24_m3m/BIRC/tile_25881.png,2
arctic_vegetation/20230724_birch24_m3m/BIRC/tile_25882.png,2
arctic_vegetation/20230724_birch24_m3m/BIRC/tile_25883.png,2
arctic_vegetation/20230724_birch24_m3m/BIRC/tile_25884.png,2
arctic_vegetation/20230724_birch24_m3m/BIRC/tile_25885.png,2
arctic_vegetation/20230724_birch24_m3m/BIRC/tile_25886.png,2
arctic_vegetation/20230724_birch24_m3m/BIRC/tile_25887.png,2
arctic_vegetation/20230724_birch24_m3m/BIRC/tile_25888.png,2
arctic_vegetation/20230724_birch24_m3m/BIRC/tile_25889.png,2
arctic_vegetation/20230724_birch24_m3m/BIRC/tile_25890.png,2
arctic_vegetation/20230724_birch24_m3m/BIRC/tile_25891.png,2
arctic_vegetation/20230724_birch24_m3m/BIRC/tile_25892.png,2
arctic_vegetation/20230724_birch24_m3m/BIRC/tile_25893.png,2
arctic_vegetation/20230724_birch24_m3m/BIRC/tile_25894.png,2
arctic_vegetation/20230724_birch24_m3m/BIRC/tile_25895.png,2
arctic_vegetation/20230724_birch24_m3m/BIRC/tile_25896.png,2
arctic_vegetation/20230724_birch24_m3m/BIRC/tile_25897.png,2
arctic_vegetation/20230724_birch24_m3m/BIRC/tile_25898.png,2
arctic_vegetation/20230724_birch24_m3m/BIRC/tile_25899.png,2
arctic_vegetation/20230724_birch24_m3m/BIRC/tile_25900.png,2
arctic_vegetation/20230724_birch24_m3m/BIRC/tile_25901.png,2
arctic_vegetation/20230724_birch24_m3m/BIRC/tile_25902.png,2
arctic_vegetation/20230724_birch24_m3m/BIRC/tile_25903.png,2
arctic_vegetation/20230724_birch24_m3m/BIRC/tile_25904.png,2
arctic_vegetation/20230724_birch24_m3m/BIRC/tile_26004.png,2
arctic_vegetation/20230724_birch24_m3m/BIRC/tile_26005.png,2
arctic_vegetation/20230724_birch24_m3m/BIRC/tile_26006.png,2
arctic_vegetation/20230724_birch24_m3m/BIRC/tile_26007.png,2
arctic_vegetation/20230724_birch24_m3m/BIRC/tile_26008.png,2
arctic_vegetation/20230724_birch24_m3m/BIRC/tile_26009.png,2
arctic_vegetation/20230724_birch24_m3m/BIRC/tile_26010.png,2
arctic_vegetation/20230724_birch24_m3m/BIRC/tile_26011.png,2
arctic_vegetation/20230724_birch24_m3m/BIRC/tile_26012.png,2
arctic_vegetation/20230724_birch24_m3m/BIRC/tile_26013.png,2
arctic_vegetation/20230724_birch24_m3m/BIRC/tile_26014.png,2
arctic_vegetation/20230724_birch24_m3m/BIRC/tile_26015.png,2
arctic_vegetation/20230724_birch24_m3m/BIRC/tile_26016.png,2
arctic_vegetation/20230724_birch24_m3m/BIRC/tile_26017.png,2
arctic_vegetation/20230724_birch24_m3m/BIRC/tile_26018.png,2
arctic_vegetation/20230724_birch24_m3m/BIRC/tile_26021.png,2
arctic_vegetation/20230724_birch24_m3m/BIRC/tile_26022.png,2
arctic_vegetation/20230724_birch24_m3m/BIRC/tile_26023.png,2
arctic_vegetation/20230724_birch24_m3m/BIRC/tile_26024.png,2
arctic_vegetation/20230724_birch24_m3m/BIRC/tile_26025.png,2
arctic_vegetation/20230724_birch24_m3m/BIRC/tile_26026.png,2
arctic_vegetation/20230724_birch24_m3m/BIRC/tile_26027.png,2
arctic_vegetation/20230724_birch24_m3m/BIRC/tile_26028.png,2
arctic_vegetation/20230724_birch24_m3m/BIRC/tile_26029.png,2
arctic_vegetation/20230724_birch24_m3m/BIRC/tile_26030.png,2
arctic_vegetation/20230724_birch24_m3m/BIRC/tile_26031.png,2
arctic_vegetation/20230724_birch24_m3m/BIRC/tile_26032.png,2
arctic_vegetation/20230724_birch24_m3m/BIRC/tile_26033.png,2
arctic_vegetation/20230724_birch24_m3m/LICH/tile_26034.png,4
arctic_vegetation/20230724_birch24_m3m/LICH/tile_26035.png,4
arctic_vegetation/20230724_birch24_m3m/BIRC/tile_26036.png,2
arctic_vegetation/20230724_birch24_m3m/BIRC/tile_26037.png,2
arctic_vegetation/20230724_birch24_m3m/LICH/tile_26038.png,4
arctic_vegetation/20230724_birch24_m3m/LICH/tile_26039.png,4
arctic_vegetation/20230724_birch24_m3m/LICH/tile_26040.png,4
arctic_vegetation/20230724_birch24_m3m/LICH/tile_26041.png,4
arctic_vegetation/20230724_birch24_m3m/BIRC/tile_26042.png,2
arctic_vegetation/20230724_birch24_m3m/BIRC/tile_26043.png,2
arctic_vegetation/20230724_birch24_m3m/BIRC/tile_26044.png,2
arctic_vegetation/20230724_birch24_m3m/BIRC/tile_26045.png,2
arctic_vegetation/20230724_birch24_m3m/BIRC/tile_26046.png,2
arctic_vegetation/20230724_birch24_m3m/BIRC/tile_26047.png,2
arctic_vegetation/20230724_birch24_m3m/BIRC/tile_26048.png,2
arctic_vegetation/20230724_birch24_m3m/BIRC/tile_26049.png,2
arctic_vegetation/20230724_birch24_m3m/BIRC/tile_26050.png,2
arctic_vegetation/20230724_birch24_m3m/BIRC/tile_26051.png,2
arctic_vegetation/20230724_birch24_m3m/BIRC/tile_26052.png,2
arctic_vegetation/20230724_birch24_m3m/BIRC/tile_26053.png,2
arctic_vegetation/20230724_birch24_m3m/BIRC/tile_26054.png,2
arctic_vegetation/20230724_birch24_m3m/BIRC/tile_26055.png,2
arctic_vegetation/20230724_birch24_m3m/BIRC/tile_26056.png,2
arctic_vegetation/20230724_birch24_m3m/BIRC/tile_26057.png,2
arctic_vegetation/20230724_birch24_m3m/BIRC/tile_26058.png,2
arctic_vegetation/20230724_birch24_m3m/BIRC/tile_26059.png,2
arctic_vegetation/20230724_birch24_m3m/BIRC/tile_26060.png,2
arctic_vegetation/20230724_birch24_m3m/PETF/tile_26061.png,6
arctic_vegetation/20230724_birch24_m3m/BIRC/tile_26062.png,2
arctic_vegetation/20230724_birch24_m3m/BIRC/tile_26063.png,2
arctic_vegetation/20230724_birch24_m3m/BIRC/tile_26064.png,2
arctic_vegetation/20230724_birch24_m3m/BIRC/tile_26065.png,2
arctic_vegetation/20230724_birch24_m3m/BIRC/tile_26066.png,2
arctic_vegetation/20230724_birch24_m3m/BIRC/tile_26067.png,2
arctic_vegetation/20230724_birch24_m3m/BIRC/tile_26068.png,2
arctic_vegetation/20230724_birch24_m3m/BIRC/tile_26069.png,2
arctic_vegetation/20230724_birch24_m3m/BIRC/tile_26070.png,2
arctic_vegetation/20230724_birch24_m3m/BIRC/tile_26071.png,2
arctic_vegetation/20230724_birch24_m3m/BIRC/tile_26072.png,2
arctic_vegetation/20230724_birch24_m3m/BIRC/tile_26073.png,2
arctic_vegetation/20230724_birch24_m3m/BIRC/tile_26074.png,2
arctic_vegetation/20230724_birch24_m3m/BIRC/tile_26075.png,2
arctic_vegetation/20230724_birch24_m3m/BIRC/tile_26076.png,2
arctic_vegetation/20230724_birch24_m3m/BIRC/tile_26081.png,2
arctic_vegetation/20230724_birch24_m3m/BIRC/tile_26082.png,2
arctic_vegetation/20230724_birch24_m3m/BIRC/tile_26083.png,2
arctic_vegetation/20230724_birch24_m3m/BIRC/tile_26084.png,2
arctic_vegetation/20230724_birch24_m3m/BIRC/tile_26085.png,2
arctic_vegetation/20230724_birch24_m3m/BIRC/tile_26086.png,2
arctic_vegetation/20230724_birch24_m3m/BIRC/tile_26087.png,2
arctic_vegetation/20230724_birch24_m3m/BIRC/tile_26088.png,2
arctic_vegetation/20230724_birch24_m3m/BIRC/tile_26089.png,2
arctic_vegetation/20230724_birch24_m3m/BIRC/tile_26090.png,2
arctic_vegetation/20230724_birch24_m3m/BIRC/tile_26091.png,2
arctic_vegetation/20230724_birch24_m3m/BIRC/tile_26092.png,2
arctic_vegetation/20230724_birch24_m3m/BIRC/tile_26093.png,2
arctic_vegetation/20230724_birch24_m3m/BIRC/tile_26094.png,2
arctic_vegetation/20230724_birch24_m3m/BIRC/tile_26095.png,2
arctic_vegetation/20230724_birch24_m3m/BIRC/tile_26096.png,2
arctic_vegetation/20230724_birch24_m3m/BIRC/tile_26097.png,2
arctic_vegetation/20230724_birch24_m3m/BIRC/tile_26098.png,2
arctic_vegetation/20230724_birch24_m3m/BIRC/tile_26099.png,2
arctic_vegetation/20230724_birch24_m3m/BIRC/tile_26100.png,2
arctic_vegetation/20230724_birch24_m3m/BIRC/tile_26101.png,2
arctic_vegetation/20230724_birch24_m3m/BIRC/tile_26102.png,2
arctic_vegetation/20230724_birch24_m3m/BIRC/tile_26103.png,2
arctic_vegetation/20230724_birch24_m3m/BIRC/tile_26104.png,2
arctic_vegetation/20230724_birch24_m3m/BIRC/tile_26105.png,2
arctic_vegetation/20230724_birch24_m3m/BIRC/tile_26106.png,2
arctic_vegetation/20230724_birch24_m3m/BIRC/tile_26107.png,2
arctic_vegetation/20230724_birch24_m3m/BIRC/tile_26108.png,2
arctic_vegetation/20230724_birch24_m3m/BIRC/tile_26109.png,2
arctic_vegetation/20230724_birch24_m3m/PETF/tile_26110.png,6
arctic_vegetation/20230724_birch24_m3m/BIRC/tile_26111.png,2
arctic_vegetation/20230724_birch24_m3m/BIRC/tile_26112.png,2
arctic_vegetation/20230724_birch24_m3m/BIRC/tile_26113.png,2
arctic_vegetation/20230724_birch24_m3m/BIRC/tile_26114.png,2
arctic_vegetation/20230724_birch24_m3m/BIRC/tile_26115.png,2
arctic_vegetation/20230724_birch24_m3m/BIRC/tile_26116.png,2
arctic_vegetation/20230724_birch24_m3m/BIRC/tile_26117.png,2
arctic_vegetation/20230724_birch24_m3m/BIRC/tile_26215.png,2
arctic_vegetation/20230724_birch24_m3m/BIRC/tile_26216.png,2
arctic_vegetation/20230724_birch24_m3m/BIRC/tile_26217.png,2
arctic_vegetation/20230724_birch24_m3m/BIRC/tile_26218.png,2
arctic_vegetation/20230724_birch24_m3m/BIRC/tile_26219.png,2
arctic_vegetation/20230724_birch24_m3m/BIRC/tile_26220.png,2
arctic_vegetation/20230724_birch24_m3m/BIRC/tile_26221.png,2
arctic_vegetation/20230724_birch24_m3m/BIRC/tile_26222.png,2
arctic_vegetation/20230724_birch24_m3m/BIRC/tile_26223.png,2
arctic_vegetation/20230724_birch24_m3m/BIRC/tile_26224.png,2
arctic_vegetation/20230724_birch24_m3m/BIRC/tile_26225.png,2
arctic_vegetation/20230724_birch24_m3m/BIRC/tile_26226.png,2
arctic_vegetation/20230724_birch24_m3m/BIRC/tile_26227.png,2
arctic_vegetation/20230724_birch24_m3m/BIRC/tile_26228.png,2
arctic_vegetation/20230724_birch24_m3m/BIRC/tile_26229.png,2
arctic_vegetation/20230724_birch24_m3m/BIRC/tile_26230.png,2
arctic_vegetation/20230724_birch24_m3m/BIRC/tile_26231.png,2
arctic_vegetation/20230724_birch24_m3m/BIRC/tile_26232.png,2
arctic_vegetation/20230724_birch24_m3m/BIRC/tile_26235.png,2
arctic_vegetation/20230724_birch24_m3m/BIRC/tile_26236.png,2
arctic_vegetation/20230724_birch24_m3m/BIRC/tile_26237.png,2
arctic_vegetation/20230724_birch24_m3m/BIRC/tile_26238.png,2
arctic_vegetation/20230724_birch24_m3m/BIRC/tile_26239.png,2
arctic_vegetation/20230724_birch24_m3m/BIRC/tile_26240.png,2
arctic_vegetation/20230724_birch24_m3m/BIRC/tile_26241.png,2
arctic_vegetation/20230724_birch24_m3m/BIRC/tile_26242.png,2
arctic_vegetation/20230724_birch24_m3m/BIRC/tile_26243.png,2
arctic_vegetation/20230724_birch24_m3m/BIRC/tile_26244.png,2
arctic_vegetation/20230724_birch24_m3m/BIRC/tile_26245.png,2
arctic_vegetation/20230724_birch24_m3m/BIRC/tile_26246.png,2
arctic_vegetation/20230724_birch24_m3m/BIRC/tile_26247.png,2
arctic_vegetation/20230724_birch24_m3m/LICH/tile_26248.png,4
arctic_vegetation/20230724_birch24_m3m/LICH/tile_26249.png,4
arctic_vegetation/20230724_birch24_m3m/LICH/tile_26250.png,4
arctic_vegetation/20230724_birch24_m3m/LICH/tile_26251.png,4
arctic_vegetation/20230724_birch24_m3m/LICH/tile_26252.png,4
arctic_vegetation/20230724_birch24_m3m/LICH/tile_26253.png,4
arctic_vegetation/20230724_birch24_m3m/LICH/tile_26254.png,4
arctic_vegetation/20230724_birch24_m3m/LICH/tile_26255.png,4
arctic_vegetation/20230724_birch24_m3m/LICH/tile_26256.png,4
arctic_vegetation/20230724_birch24_m3m/LICH/tile_26257.png,4
arctic_vegetation/20230724_birch24_m3m/LICH/tile_26258.png,4
arctic_vegetation/20230724_birch24_m3m/LICH/tile_26259.png,4
arctic_vegetation/20230724_birch24_m3m/BIRC/tile_26260.png,2
arctic_vegetation/20230724_birch24_m3m/BIRC/tile_26261.png,2
arctic_vegetation/20230724_birch24_m3m/BIRC/tile_26262.png,2
arctic_vegetation/20230724_birch24_m3m/BIRC/tile_26263.png,2
arctic_vegetation/20230724_birch24_m3m/BIRC/tile_26264.png,2
arctic_vegetation/20230724_birch24_m3m/BIRC/tile_26265.png,2
arctic_vegetation/20230724_birch24_m3m/BIRC/tile_26266.png,2
arctic_vegetation/20230724_birch24_m3m/BIRC/tile_26267.png,2
arctic_vegetation/20230724_birch24_m3m/BIRC/tile_26268.png,2
arctic_vegetation/20230724_birch24_m3m/BIRC/tile_26269.png,2
arctic_vegetation/20230724_birch24_m3m/BIRC/tile_26270.png,2
arctic_vegetation/20230724_birch24_m3m/BIRC/tile_26271.png,2
arctic_vegetation/20230724_birch24_m3m/BIRC/tile_26272.png,2
arctic_vegetation/20230724_birch24_m3m/BIRC/tile_26273.png,2
arctic_vegetation/20230724_birch24_m3m/BIRC/tile_26274.png,2
arctic_vegetation/20230724_birch24_m3m/BIRC/tile_26276.png,2
arctic_vegetation/20230724_birch24_m3m/BIRC/tile_26277.png,2
arctic_vegetation/20230724_birch24_m3m/BIRC/tile_26278.png,2
arctic_vegetation/20230724_birch24_m3m/BIRC/tile_26279.png,2
arctic_vegetation/20230724_birch24_m3m/BIRC/tile_26280.png,2
arctic_vegetation/20230724_birch24_m3m/BIRC/tile_26281.png,2
arctic_vegetation/20230724_birch24_m3m/BIRC/tile_26282.png,2
arctic_vegetation/20230724_birch24_m3m/BIRC/tile_26283.png,2
arctic_vegetation/20230724_birch24_m3m/BIRC/tile_26284.png,2
arctic_vegetation/20230724_birch24_m3m/BIRC/tile_26285.png,2
arctic_vegetation/20230724_birch24_m3m/BIRC/tile_26286.png,2
arctic_vegetation/20230724_birch24_m3m/BIRC/tile_26287.png,2
arctic_vegetation/20230724_birch24_m3m/BIRC/tile_26288.png,2
arctic_vegetation/20230724_birch24_m3m/BIRC/tile_26289.png,2
arctic_vegetation/20230724_birch24_m3m/BIRC/tile_26290.png,2
arctic_vegetation/20230724_birch24_m3m/BIRC/tile_26295.png,2
arctic_vegetation/20230724_birch24_m3m/BIRC/tile_26296.png,2
arctic_vegetation/20230724_birch24_m3m/BIRC/tile_26297.png,2
arctic_vegetation/20230724_birch24_m3m/BIRC/tile_26298.png,2
arctic_vegetation/20230724_birch24_m3m/BIRC/tile_26299.png,2
arctic_vegetation/20230724_birch24_m3m/BIRC/tile_26300.png,2
arctic_vegetation/20230724_birch24_m3m/BIRC/tile_26301.png,2
arctic_vegetation/20230724_birch24_m3m/BIRC/tile_26302.png,2
arctic_vegetation/20230724_birch24_m3m/BIRC/tile_26303.png,2
arctic_vegetation/20230724_birch24_m3m/BIRC/tile_26304.png,2
arctic_vegetation/20230724_birch24_m3m/BIRC/tile_26305.png,2
arctic_vegetation/20230724_birch24_m3m/BIRC/tile_26306.png,2
arctic_vegetation/20230724_birch24_m3m/BIRC/tile_26307.png,2
arctic_vegetation/20230724_birch24_m3m/BIRC/tile_26308.png,2
arctic_vegetation/20230724_birch24_m3m/BIRC/tile_26309.png,2
arctic_vegetation/20230724_birch24_m3m/BIRC/tile_26310.png,2
arctic_vegetation/20230724_birch24_m3m/BIRC/tile_26311.png,2
arctic_vegetation/20230724_birch24_m3m/BIRC/tile_26312.png,2
arctic_vegetation/20230724_birch24_m3m/BIRC/tile_26313.png,2
arctic_vegetation/20230724_birch24_m3m/BIRC/tile_26314.png,2
arctic_vegetation/20230724_birch24_m3m/BIRC/tile_26315.png,2
arctic_vegetation/20230724_birch24_m3m/BIRC/tile_26316.png,2
arctic_vegetation/20230724_birch24_m3m/BIRC/tile_26317.png,2
arctic_vegetation/20230724_birch24_m3m/BIRC/tile_26318.png,2
arctic_vegetation/20230724_birch24_m3m/BIRC/tile_26319.png,2
arctic_vegetation/20230724_birch24_m3m/BIRC/tile_26320.png,2
arctic_vegetation/20230724_birch24_m3m/BIRC/tile_26321.png,2
arctic_vegetation/20230724_birch24_m3m/BIRC/tile_26322.png,2
arctic_vegetation/20230724_birch24_m3m/BIRC/tile_26323.png,2
arctic_vegetation/20230724_birch24_m3m/BIRC/tile_26324.png,2
arctic_vegetation/20230724_birch24_m3m/BIRC/tile_26325.png,2
arctic_vegetation/20230724_birch24_m3m/BIRC/tile_26326.png,2
arctic_vegetation/20230724_birch24_m3m/BIRC/tile_26327.png,2
arctic_vegetation/20230724_birch24_m3m/BIRC/tile_26328.png,2
arctic_vegetation/20230724_birch24_m3m/BIRC/tile_26329.png,2
arctic_vegetation/20230724_birch24_m3m/BIRC/tile_26330.png,2
arctic_vegetation/20230724_birch24_m3m/BIRC/tile_26331.png,2
arctic_vegetation/20230724_birch24_m3m/BIRC/tile_26429.png,2
arctic_vegetation/20230724_birch24_m3m/BIRC/tile_26430.png,2
arctic_vegetation/20230724_birch24_m3m/BIRC/tile_26431.png,2
arctic_vegetation/20230724_birch24_m3m/BIRC/tile_26432.png,2
arctic_vegetation/20230724_birch24_m3m/BIRC/tile_26433.png,2
arctic_vegetation/20230724_birch24_m3m/BIRC/tile_26434.png,2
arctic_vegetation/20230724_birch24_m3m/BIRC/tile_26435.png,2
arctic_vegetation/20230724_birch24_m3m/BIRC/tile_26436.png,2
arctic_vegetation/20230724_birch24_m3m/BIRC/tile_26437.png,2
arctic_vegetation/20230724_birch24_m3m/BIRC/tile_26438.png,2
arctic_vegetation/20230724_birch24_m3m/BIRC/tile_26439.png,2
arctic_vegetation/20230724_birch24_m3m/BIRC/tile_26440.png,2
arctic_vegetation/20230724_birch24_m3m/BIRC/tile_26441.png,2
arctic_vegetation/20230724_birch24_m3m/BIRC/tile_26442.png,2
arctic_vegetation/20230724_birch24_m3m/BIRC/tile_26443.png,2
arctic_vegetation/20230724_birch24_m3m/BIRC/tile_26444.png,2
arctic_vegetation/20230724_birch24_m3m/BIRC/tile_26445.png,2
arctic_vegetation/20230724_birch24_m3m/BIRC/tile_26447.png,2
arctic_vegetation/20230724_birch24_m3m/BIRC/tile_26448.png,2
arctic_vegetation/20230724_birch24_m3m/BIRC/tile_26449.png,2
arctic_vegetation/20230724_birch24_m3m/BIRC/tile_26450.png,2
arctic_vegetation/20230724_birch24_m3m/BIRC/tile_26452.png,2
arctic_vegetation/20230724_birch24_m3m/BIRC/tile_26453.png,2
arctic_vegetation/20230724_birch24_m3m/BIRC/tile_26454.png,2
arctic_vegetation/20230724_birch24_m3m/BIRC/tile_26455.png,2
arctic_vegetation/20230724_birch24_m3m/BIRC/tile_26456.png,2
arctic_vegetation/20230724_birch24_m3m/BIRC/tile_26457.png,2
arctic_vegetation/20230724_birch24_m3m/BIRC/tile_26458.png,2
arctic_vegetation/20230724_birch24_m3m/BIRC/tile_26459.png,2
arctic_vegetation/20230724_birch24_m3m/LICH/tile_26460.png,4
arctic_vegetation/20230724_birch24_m3m/LICH/tile_26461.png,4
arctic_vegetation/20230724_birch24_m3m/LICH/tile_26462.png,4
arctic_vegetation/20230724_birch24_m3m/LICH/tile_26463.png,4
arctic_vegetation/20230724_birch24_m3m/LICH/tile_26464.png,4
arctic_vegetation/20230724_birch24_m3m/LICH/tile_26465.png,4
arctic_vegetation/20230724_birch24_m3m/LICH/tile_26466.png,4
arctic_vegetation/20230724_birch24_m3m/LICH/tile_26467.png,4
arctic_vegetation/20230724_birch24_m3m/LICH/tile_26468.png,4
arctic_vegetation/20230724_birch24_m3m/LICH/tile_26469.png,4
arctic_vegetation/20230724_birch24_m3m/LICH/tile_26470.png,4
arctic_vegetation/20230724_birch24_m3m/LICH/tile_26471.png,4
arctic_vegetation/20230724_birch24_m3m/LICH/tile_26472.png,4
arctic_vegetation/20230724_birch24_m3m/LICH/tile_26473.png,4
arctic_vegetation/20230724_birch24_m3m/BIRC/tile_26474.png,2
arctic_vegetation/20230724_birch24_m3m/BIRC/tile_26475.png,2
arctic_vegetation/20230724_birch24_m3m/BIRC/tile_26476.png,2
arctic_vegetation/20230724_birch24_m3m/BIRC/tile_26477.png,2
arctic_vegetation/20230724_birch24_m3m/BIRC/tile_26478.png,2
arctic_vegetation/20230724_birch24_m3m/BIRC/tile_26479.png,2
arctic_vegetation/20230724_birch24_m3m/BIRC/tile_26480.png,2
arctic_vegetation/20230724_birch24_m3m/BIRC/tile_26481.png,2
arctic_vegetation/20230724_birch24_m3m/BIRC/tile_26482.png,2
arctic_vegetation/20230724_birch24_m3m/BIRC/tile_26483.png,2
arctic_vegetation/20230724_birch24_m3m/BIRC/tile_26484.png,2
arctic_vegetation/20230724_birch24_m3m/BIRC/tile_26485.png,2
arctic_vegetation/20230724_birch24_m3m/BIRC/tile_26486.png,2
arctic_vegetation/20230724_birch24_m3m/BIRC/tile_26487.png,2
arctic_vegetation/20230724_birch24_m3m/BIRC/tile_26488.png,2
arctic_vegetation/20230724_birch24_m3m/BIRC/tile_26490.png,2
arctic_vegetation/20230724_birch24_m3m/BIRC/tile_26491.png,2
arctic_vegetation/20230724_birch24_m3m/BIRC/tile_26492.png,2
arctic_vegetation/20230724_birch24_m3m/BIRC/tile_26493.png,2
arctic_vegetation/20230724_birch24_m3m/BIRC/tile_26494.png,2
arctic_vegetation/20230724_birch24_m3m/BIRC/tile_26495.png,2
arctic_vegetation/20230724_birch24_m3m/BIRC/tile_26496.png,2
arctic_vegetation/20230724_birch24_m3m/BIRC/tile_26497.png,2
arctic_vegetation/20230724_birch24_m3m/BIRC/tile_26498.png,2
arctic_vegetation/20230724_birch24_m3m/BIRC/tile_26499.png,2
arctic_vegetation/20230724_birch24_m3m/BIRC/tile_26500.png,2
arctic_vegetation/20230724_birch24_m3m/BIRC/tile_26501.png,2
arctic_vegetation/20230724_birch24_m3m/BIRC/tile_26502.png,2
arctic_vegetation/20230724_birch24_m3m/BIRC/tile_26503.png,2
arctic_vegetation/20230724_birch24_m3m/BIRC/tile_26504.png,2
arctic_vegetation/20230724_birch24_m3m/BIRC/tile_26505.png,2
arctic_vegetation/20230724_birch24_m3m/BIRC/tile_26506.png,2
arctic_vegetation/20230724_birch24_m3m/BIRC/tile_26507.png,2
arctic_vegetation/20230724_birch24_m3m/BIRC/tile_26508.png,2
arctic_vegetation/20230724_birch24_m3m/BIRC/tile_26509.png,2
arctic_vegetation/20230724_birch24_m3m/BIRC/tile_26510.png,2
arctic_vegetation/20230724_birch24_m3m/BIRC/tile_26511.png,2
arctic_vegetation/20230724_birch24_m3m/BIRC/tile_26512.png,2
arctic_vegetation/20230724_birch24_m3m/BIRC/tile_26513.png,2
arctic_vegetation/20230724_birch24_m3m/BIRC/tile_26514.png,2
arctic_vegetation/20230724_birch24_m3m/BIRC/tile_26515.png,2
arctic_vegetation/20230724_birch24_m3m/BIRC/tile_26516.png,2
arctic_vegetation/20230724_birch24_m3m/BIRC/tile_26517.png,2
arctic_vegetation/20230724_birch24_m3m/BIRC/tile_26518.png,2
arctic_vegetation/20230724_birch24_m3m/BIRC/tile_26519.png,2
arctic_vegetation/20230724_birch24_m3m/BIRC/tile_26520.png,2
arctic_vegetation/20230724_birch24_m3m/BIRC/tile_26521.png,2
arctic_vegetation/20230724_birch24_m3m/BIRC/tile_26522.png,2
arctic_vegetation/20230724_birch24_m3m/BIRC/tile_26523.png,2
arctic_vegetation/20230724_birch24_m3m/BIRC/tile_26524.png,2
arctic_vegetation/20230724_birch24_m3m/BIRC/tile_26525.png,2
arctic_vegetation/20230724_birch24_m3m/BIRC/tile_26526.png,2
arctic_vegetation/20230724_birch24_m3m/BIRC/tile_26527.png,2
arctic_vegetation/20230724_birch24_m3m/BIRC/tile_26528.png,2
arctic_vegetation/20230724_birch24_m3m/BIRC/tile_26529.png,2
arctic_vegetation/20230724_birch24_m3m/BIRC/tile_26530.png,2
arctic_vegetation/20230724_birch24_m3m/BIRC/tile_26531.png,2
arctic_vegetation/20230724_birch24_m3m/BIRC/tile_26532.png,2
arctic_vegetation/20230724_birch24_m3m/BIRC/tile_26533.png,2
arctic_vegetation/20230724_birch24_m3m/BIRC/tile_26534.png,2
arctic_vegetation/20230724_birch24_m3m/BIRC/tile_26535.png,2
arctic_vegetation/20230724_birch24_m3m/BIRC/tile_26536.png,2
arctic_vegetation/20230724_birch24_m3m/BIRC/tile_26537.png,2
arctic_vegetation/20230724_birch24_m3m/BIRC/tile_26538.png,2
arctic_vegetation/20230724_birch24_m3m/BIRC/tile_26539.png,2
arctic_vegetation/20230724_birch24_m3m/BIRC/tile_26540.png,2
arctic_vegetation/20230724_birch24_m3m/BIRC/tile_26541.png,2
arctic_vegetation/20230724_birch24_m3m/BIRC/tile_26542.png,2
arctic_vegetation/20230724_birch24_m3m/BIRC/tile_26543.png,2
arctic_vegetation/20230724_birch24_m3m/BIRC/tile_26544.png,2
arctic_vegetation/20230724_birch24_m3m/BIRC/tile_26545.png,2
arctic_vegetation/20230724_birch24_m3m/BIRC/tile_26643.png,2
arctic_vegetation/20230724_birch24_m3m/BIRC/tile_26644.png,2
arctic_vegetation/20230724_birch24_m3m/BIRC/tile_26645.png,2
arctic_vegetation/20230724_birch24_m3m/BIRC/tile_26646.png,2
arctic_vegetation/20230724_birch24_m3m/BIRC/tile_26647.png,2
arctic_vegetation/20230724_birch24_m3m/BIRC/tile_26648.png,2
arctic_vegetation/20230724_birch24_m3m/BIRC/tile_26649.png,2
arctic_vegetation/20230724_birch24_m3m/BIRC/tile_26650.png,2
arctic_vegetation/20230724_birch24_m3m/BIRC/tile_26651.png,2
arctic_vegetation/20230724_birch24_m3m/WILL/tile_26652.png,11
arctic_vegetation/20230724_birch24_m3m/WILL/tile_26653.png,11
arctic_vegetation/20230724_birch24_m3m/BIRC/tile_26654.png,2
arctic_vegetation/20230724_birch24_m3m/BIRC/tile_26655.png,2
arctic_vegetation/20230724_birch24_m3m/BIRC/tile_26656.png,2
arctic_vegetation/20230724_birch24_m3m/BIRC/tile_26657.png,2
arctic_vegetation/20230724_birch24_m3m/BIRC/tile_26658.png,2
arctic_vegetation/20230724_birch24_m3m/BIRC/tile_26659.png,2
arctic_vegetation/20230724_birch24_m3m/BIRC/tile_26660.png,2
arctic_vegetation/20230724_birch24_m3m/BIRC/tile_26661.png,2
arctic_vegetation/20230724_birch24_m3m/BIRC/tile_26662.png,2
arctic_vegetation/20230724_birch24_m3m/BIRC/tile_26663.png,2
arctic_vegetation/20230724_birch24_m3m/BIRC/tile_26664.png,2
arctic_vegetation/20230724_birch24_m3m/PETF/tile_26665.png,6
arctic_vegetation/20230724_birch24_m3m/BIRC/tile_26666.png,2
arctic_vegetation/20230724_birch24_m3m/BIRC/tile_26667.png,2
arctic_vegetation/20230724_birch24_m3m/BIRC/tile_26668.png,2
arctic_vegetation/20230724_birch24_m3m/BIRC/tile_26669.png,2
arctic_vegetation/20230724_birch24_m3m/BIRC/tile_26670.png,2
arctic_vegetation/20230724_birch24_m3m/BIRC/tile_26671.png,2
arctic_vegetation/20230724_birch24_m3m/BIRC/tile_26672.png,2
arctic_vegetation/20230724_birch24_m3m/BIRC/tile_26673.png,2
arctic_vegetation/20230724_birch24_m3m/LICH/tile_26674.png,4
arctic_vegetation/20230724_birch24_m3m/LICH/tile_26675.png,4
arctic_vegetation/20230724_birch24_m3m/LICH/tile_26676.png,4
arctic_vegetation/20230724_birch24_m3m/LICH/tile_26677.png,4
arctic_vegetation/20230724_birch24_m3m/LICH/tile_26678.png,4
arctic_vegetation/20230724_birch24_m3m/LICH/tile_26679.png,4
arctic_vegetation/20230724_birch24_m3m/BIRC/tile_26680.png,2
arctic_vegetation/20230724_birch24_m3m/BIRC/tile_26681.png,2
arctic_vegetation/20230724_birch24_m3m/BIRC/tile_26682.png,2
arctic_vegetation/20230724_birch24_m3m/BIRC/tile_26683.png,2
arctic_vegetation/20230724_birch24_m3m/BIRC/tile_26684.png,2
arctic_vegetation/20230724_birch24_m3m/BIRC/tile_26685.png,2
arctic_vegetation/20230724_birch24_m3m/BIRC/tile_26686.png,2
arctic_vegetation/20230724_birch24_m3m/BIRC/tile_26687.png,2
arctic_vegetation/20230724_birch24_m3m/BIRC/tile_26688.png,2
arctic_vegetation/20230724_birch24_m3m/BIRC/tile_26689.png,2
arctic_vegetation/20230724_birch24_m3m/BIRC/tile_26690.png,2
arctic_vegetation/20230724_birch24_m3m/BIRC/tile_26691.png,2
arctic_vegetation/20230724_birch24_m3m/BIRC/tile_26692.png,2
arctic_vegetation/20230724_birch24_m3m/BIRC/tile_26693.png,2
arctic_vegetation/20230724_birch24_m3m/BIRC/tile_26694.png,2
arctic_vegetation/20230724_birch24_m3m/BIRC/tile_26695.png,2
arctic_vegetation/20230724_birch24_m3m/BIRC/tile_26696.png,2
arctic_vegetation/20230724_birch24_m3m/BIRC/tile_26697.png,2
arctic_vegetation/20230724_birch24_m3m/BIRC/tile_26698.png,2
arctic_vegetation/20230724_birch24_m3m/BIRC/tile_26699.png,2
arctic_vegetation/20230724_birch24_m3m/BIRC/tile_26700.png,2
arctic_vegetation/20230724_birch24_m3m/BIRC/tile_26701.png,2
arctic_vegetation/20230724_birch24_m3m/BIRC/tile_26702.png,2
arctic_vegetation/20230724_birch24_m3m/BIRC/tile_26703.png,2
arctic_vegetation/20230724_birch24_m3m/BIRC/tile_26704.png,2
arctic_vegetation/20230724_birch24_m3m/BIRC/tile_26705.png,2
arctic_vegetation/20230724_birch24_m3m/BIRC/tile_26706.png,2
arctic_vegetation/20230724_birch24_m3m/BIRC/tile_26707.png,2
arctic_vegetation/20230724_birch24_m3m/BIRC/tile_26708.png,2
arctic_vegetation/20230724_birch24_m3m/BIRC/tile_26709.png,2
arctic_vegetation/20230724_birch24_m3m/BIRC/tile_26710.png,2
arctic_vegetation/20230724_birch24_m3m/BIRC/tile_26711.png,2
arctic_vegetation/20230724_birch24_m3m/BIRC/tile_26712.png,2
arctic_vegetation/20230724_birch24_m3m/BIRC/tile_26713.png,2
arctic_vegetation/20230724_birch24_m3m/BIRC/tile_26714.png,2
arctic_vegetation/20230724_birch24_m3m/BIRC/tile_26715.png,2
arctic_vegetation/20230724_birch24_m3m/BIRC/tile_26716.png,2
arctic_vegetation/20230724_birch24_m3m/BIRC/tile_26717.png,2
arctic_vegetation/20230724_birch24_m3m/BIRC/tile_26718.png,2
arctic_vegetation/20230724_birch24_m3m/BIRC/tile_26719.png,2
arctic_vegetation/20230724_birch24_m3m/BIRC/tile_26720.png,2
arctic_vegetation/20230724_birch24_m3m/BIRC/tile_26721.png,2
arctic_vegetation/20230724_birch24_m3m/BIRC/tile_26722.png,2
arctic_vegetation/20230724_birch24_m3m/BIRC/tile_26723.png,2
arctic_vegetation/20230724_birch24_m3m/BIRC/tile_26724.png,2
arctic_vegetation/20230724_birch24_m3m/BIRC/tile_26725.png,2
arctic_vegetation/20230724_birch24_m3m/BIRC/tile_26726.png,2
arctic_vegetation/20230724_birch24_m3m/BIRC/tile_26727.png,2
arctic_vegetation/20230724_birch24_m3m/BIRC/tile_26728.png,2
arctic_vegetation/20230724_birch24_m3m/BIRC/tile_26729.png,2
arctic_vegetation/20230724_birch24_m3m/BIRC/tile_26730.png,2
arctic_vegetation/20230724_birch24_m3m/BIRC/tile_26731.png,2
arctic_vegetation/20230724_birch24_m3m/BIRC/tile_26732.png,2
arctic_vegetation/20230724_birch24_m3m/BIRC/tile_26733.png,2
arctic_vegetation/20230724_birch24_m3m/BIRC/tile_26734.png,2
arctic_vegetation/20230724_birch24_m3m/BIRC/tile_26735.png,2
arctic_vegetation/20230724_birch24_m3m/BIRC/tile_26736.png,2
arctic_vegetation/20230724_birch24_m3m/BIRC/tile_26737.png,2
arctic_vegetation/20230724_birch24_m3m/BIRC/tile_26738.png,2
arctic_vegetation/20230724_birch24_m3m/BIRC/tile_26739.png,2
arctic_vegetation/20230724_birch24_m3m/BIRC/tile_26740.png,2
arctic_vegetation/20230724_birch24_m3m/BIRC/tile_26741.png,2
arctic_vegetation/20230724_birch24_m3m/BIRC/tile_26742.png,2
arctic_vegetation/20230724_birch24_m3m/BIRC/tile_26743.png,2
arctic_vegetation/20230724_birch24_m3m/BIRC/tile_26744.png,2
arctic_vegetation/20230724_birch24_m3m/BIRC/tile_26745.png,2
arctic_vegetation/20230724_birch24_m3m/BIRC/tile_26746.png,2
arctic_vegetation/20230724_birch24_m3m/BIRC/tile_26747.png,2
arctic_vegetation/20230724_birch24_m3m/BIRC/tile_26748.png,2
arctic_vegetation/20230724_birch24_m3m/BIRC/tile_26749.png,2
arctic_vegetation/20230724_birch24_m3m/BIRC/tile_26750.png,2
arctic_vegetation/20230724_birch24_m3m/BIRC/tile_26751.png,2
arctic_vegetation/20230724_birch24_m3m/BIRC/tile_26752.png,2
arctic_vegetation/20230724_birch24_m3m/BIRC/tile_26753.png,2
arctic_vegetation/20230724_birch24_m3m/BIRC/tile_26754.png,2
arctic_vegetation/20230724_birch24_m3m/BIRC/tile_26755.png,2
arctic_vegetation/20230724_birch24_m3m/BIRC/tile_26756.png,2
arctic_vegetation/20230724_birch24_m3m/BIRC/tile_26757.png,2
arctic_vegetation/20230724_birch24_m3m/BIRC/tile_26758.png,2
arctic_vegetation/20230724_birch24_m3m/BIRC/tile_26759.png,2
arctic_vegetation/20230724_birch24_m3m/BIRC/tile_26857.png,2
arctic_vegetation/20230724_birch24_m3m/BIRC/tile_26858.png,2
arctic_vegetation/20230724_birch24_m3m/BIRC/tile_26859.png,2
arctic_vegetation/20230724_birch24_m3m/BIRC/tile_26860.png,2
arctic_vegetation/20230724_birch24_m3m/BIRC/tile_26861.png,2
arctic_vegetation/20230724_birch24_m3m/BIRC/tile_26862.png,2
arctic_vegetation/20230724_birch24_m3m/BIRC/tile_26863.png,2
arctic_vegetation/20230724_birch24_m3m/BIRC/tile_26864.png,2
arctic_vegetation/20230724_birch24_m3m/BIRC/tile_26865.png,2
arctic_vegetation/20230724_birch24_m3m/WILL/tile_26866.png,11
arctic_vegetation/20230724_birch24_m3m/WILL/tile_26867.png,11
arctic_vegetation/20230724_birch24_m3m/BIRC/tile_26868.png,2
arctic_vegetation/20230724_birch24_m3m/BIRC/tile_26869.png,2
arctic_vegetation/20230724_birch24_m3m/BIRC/tile_26870.png,2
arctic_vegetation/20230724_birch24_m3m/BIRC/tile_26871.png,2
arctic_vegetation/20230724_birch24_m3m/BIRC/tile_26872.png,2
arctic_vegetation/20230724_birch24_m3m/BIRC/tile_26873.png,2
arctic_vegetation/20230724_birch24_m3m/BIRC/tile_26874.png,2
arctic_vegetation/20230724_birch24_m3m/BIRC/tile_26875.png,2
arctic_vegetation/20230724_birch24_m3m/BIRC/tile_26876.png,2
arctic_vegetation/20230724_birch24_m3m/BIRC/tile_26877.png,2
arctic_vegetation/20230724_birch24_m3m/BIRC/tile_26878.png,2
arctic_vegetation/20230724_birch24_m3m/PETF/tile_26879.png,6
arctic_vegetation/20230724_birch24_m3m/BIRC/tile_26880.png,2
arctic_vegetation/20230724_birch24_m3m/BIRC/tile_26881.png,2
arctic_vegetation/20230724_birch24_m3m/BIRC/tile_26882.png,2
arctic_vegetation/20230724_birch24_m3m/BIRC/tile_26883.png,2
arctic_vegetation/20230724_birch24_m3m/BIRC/tile_26884.png,2
arctic_vegetation/20230724_birch24_m3m/BIRC/tile_26885.png,2
arctic_vegetation/20230724_birch24_m3m/BIRC/tile_26886.png,2
arctic_vegetation/20230724_birch24_m3m/BIRC/tile_26887.png,2
arctic_vegetation/20230724_birch24_m3m/LICH/tile_26888.png,4
arctic_vegetation/20230724_birch24_m3m/LICH/tile_26889.png,4
arctic_vegetation/20230724_birch24_m3m/BIRC/tile_26890.png,2
arctic_vegetation/20230724_birch24_m3m/BIRC/tile_26891.png,2
arctic_vegetation/20230724_birch24_m3m/BIRC/tile_26892.png,2
arctic_vegetation/20230724_birch24_m3m/BIRC/tile_26893.png,2
arctic_vegetation/20230724_birch24_m3m/BIRC/tile_26894.png,2
arctic_vegetation/20230724_birch24_m3m/BIRC/tile_26895.png,2
arctic_vegetation/20230724_birch24_m3m/BIRC/tile_26896.png,2
arctic_vegetation/20230724_birch24_m3m/BIRC/tile_26897.png,2
arctic_vegetation/20230724_birch24_m3m/BIRC/tile_26898.png,2
arctic_vegetation/20230724_birch24_m3m/BIRC/tile_26899.png,2
arctic_vegetation/20230724_birch24_m3m/BIRC/tile_26900.png,2
arctic_vegetation/20230724_birch24_m3m/BIRC/tile_26901.png,2
arctic_vegetation/20230724_birch24_m3m/BIRC/tile_26902.png,2
arctic_vegetation/20230724_birch24_m3m/BIRC/tile_26903.png,2
arctic_vegetation/20230724_birch24_m3m/BIRC/tile_26904.png,2
arctic_vegetation/20230724_birch24_m3m/BIRC/tile_26905.png,2
arctic_vegetation/20230724_birch24_m3m/BIRC/tile_26906.png,2
arctic_vegetation/20230724_birch24_m3m/BIRC/tile_26907.png,2
arctic_vegetation/20230724_birch24_m3m/BIRC/tile_26908.png,2
arctic_vegetation/20230724_birch24_m3m/BIRC/tile_26909.png,2
arctic_vegetation/20230724_birch24_m3m/BIRC/tile_26910.png,2
arctic_vegetation/20230724_birch24_m3m/BIRC/tile_26911.png,2
arctic_vegetation/20230724_birch24_m3m/BIRC/tile_26912.png,2
arctic_vegetation/20230724_birch24_m3m/BIRC/tile_26913.png,2
arctic_vegetation/20230724_birch24_m3m/BIRC/tile_26914.png,2
arctic_vegetation/20230724_birch24_m3m/BIRC/tile_26915.png,2
arctic_vegetation/20230724_birch24_m3m/BIRC/tile_26916.png,2
arctic_vegetation/20230724_birch24_m3m/BIRC/tile_26917.png,2
arctic_vegetation/20230724_birch24_m3m/BIRC/tile_26918.png,2
arctic_vegetation/20230724_birch24_m3m/BIRC/tile_26919.png,2
arctic_vegetation/20230724_birch24_m3m/BIRC/tile_26920.png,2
arctic_vegetation/20230724_birch24_m3m/BIRC/tile_26921.png,2
arctic_vegetation/20230724_birch24_m3m/BIRC/tile_26922.png,2
arctic_vegetation/20230724_birch24_m3m/BIRC/tile_26923.png,2
arctic_vegetation/20230724_birch24_m3m/BIRC/tile_26924.png,2
arctic_vegetation/20230724_birch24_m3m/BIRC/tile_26925.png,2
arctic_vegetation/20230724_birch24_m3m/BIRC/tile_26926.png,2
arctic_vegetation/20230724_birch24_m3m/BIRC/tile_26927.png,2
arctic_vegetation/20230724_birch24_m3m/BIRC/tile_26928.png,2
arctic_vegetation/20230724_birch24_m3m/BIRC/tile_26929.png,2
arctic_vegetation/20230724_birch24_m3m/BIRC/tile_26930.png,2
arctic_vegetation/20230724_birch24_m3m/BIRC/tile_26931.png,2
arctic_vegetation/20230724_birch24_m3m/BIRC/tile_26932.png,2
arctic_vegetation/20230724_birch24_m3m/BIRC/tile_26933.png,2
arctic_vegetation/20230724_birch24_m3m/BIRC/tile_26934.png,2
arctic_vegetation/20230724_birch24_m3m/BIRC/tile_26935.png,2
arctic_vegetation/20230724_birch24_m3m/BIRC/tile_26936.png,2
arctic_vegetation/20230724_birch24_m3m/BIRC/tile_26937.png,2
arctic_vegetation/20230724_birch24_m3m/BIRC/tile_26938.png,2
arctic_vegetation/20230724_birch24_m3m/BIRC/tile_26939.png,2
arctic_vegetation/20230724_birch24_m3m/BIRC/tile_26940.png,2
arctic_vegetation/20230724_birch24_m3m/BIRC/tile_26941.png,2
arctic_vegetation/20230724_birch24_m3m/BIRC/tile_26942.png,2
arctic_vegetation/20230724_birch24_m3m/BIRC/tile_26943.png,2
arctic_vegetation/20230724_birch24_m3m/BIRC/tile_26944.png,2
arctic_vegetation/20230724_birch24_m3m/BIRC/tile_26945.png,2
arctic_vegetation/20230724_birch24_m3m/BIRC/tile_26946.png,2
arctic_vegetation/20230724_birch24_m3m/BIRC/tile_26947.png,2
arctic_vegetation/20230724_birch24_m3m/PETF/tile_26948.png,6
arctic_vegetation/20230724_birch24_m3m/BIRC/tile_26949.png,2
arctic_vegetation/20230724_birch24_m3m/BIRC/tile_26950.png,2
arctic_vegetation/20230724_birch24_m3m/BIRC/tile_26951.png,2
arctic_vegetation/20230724_birch24_m3m/BIRC/tile_26952.png,2
arctic_vegetation/20230724_birch24_m3m/BIRC/tile_26953.png,2
arctic_vegetation/20230724_birch24_m3m/BIRC/tile_26954.png,2
arctic_vegetation/20230724_birch24_m3m/BIRC/tile_26955.png,2
arctic_vegetation/20230724_birch24_m3m/BIRC/tile_26956.png,2
arctic_vegetation/20230724_birch24_m3m/BIRC/tile_26957.png,2
arctic_vegetation/20230724_birch24_m3m/BIRC/tile_26958.png,2
arctic_vegetation/20230724_birch24_m3m/BIRC/tile_26959.png,2
arctic_vegetation/20230724_birch24_m3m/BIRC/tile_26960.png,2
arctic_vegetation/20230724_birch24_m3m/BIRC/tile_26961.png,2
arctic_vegetation/20230724_birch24_m3m/BIRC/tile_26962.png,2
arctic_vegetation/20230724_birch24_m3m/BIRC/tile_26963.png,2
arctic_vegetation/20230724_birch24_m3m/BIRC/tile_26964.png,2
arctic_vegetation/20230724_birch24_m3m/BIRC/tile_26965.png,2
arctic_vegetation/20230724_birch24_m3m/BIRC/tile_26966.png,2
arctic_vegetation/20230724_birch24_m3m/BIRC/tile_26967.png,2
arctic_vegetation/20230724_birch24_m3m/BIRC/tile_26968.png,2
arctic_vegetation/20230724_birch24_m3m/BIRC/tile_26969.png,2
arctic_vegetation/20230724_birch24_m3m/BIRC/tile_26970.png,2
arctic_vegetation/20230724_birch24_m3m/BIRC/tile_26971.png,2
arctic_vegetation/20230724_birch24_m3m/BIRC/tile_26972.png,2
arctic_vegetation/20230724_birch24_m3m/BIRC/tile_26973.png,2
arctic_vegetation/20230724_birch24_m3m/BIRC/tile_27071.png,2
arctic_vegetation/20230724_birch24_m3m/BIRC/tile_27072.png,2
arctic_vegetation/20230724_birch24_m3m/BIRC/tile_27073.png,2
arctic_vegetation/20230724_birch24_m3m/BIRC/tile_27074.png,2
arctic_vegetation/20230724_birch24_m3m/BIRC/tile_27075.png,2
arctic_vegetation/20230724_birch24_m3m/BIRC/tile_27076.png,2
arctic_vegetation/20230724_birch24_m3m/BIRC/tile_27077.png,2
arctic_vegetation/20230724_birch24_m3m/BIRC/tile_27078.png,2
arctic_vegetation/20230724_birch24_m3m/BIRC/tile_27079.png,2
arctic_vegetation/20230724_birch24_m3m/BIRC/tile_27082.png,2
arctic_vegetation/20230724_birch24_m3m/BIRC/tile_27083.png,2
arctic_vegetation/20230724_birch24_m3m/BIRC/tile_27084.png,2
arctic_vegetation/20230724_birch24_m3m/BIRC/tile_27085.png,2
arctic_vegetation/20230724_birch24_m3m/BIRC/tile_27086.png,2
arctic_vegetation/20230724_birch24_m3m/BIRC/tile_27087.png,2
arctic_vegetation/20230724_birch24_m3m/BIRC/tile_27088.png,2
arctic_vegetation/20230724_birch24_m3m/BIRC/tile_27089.png,2
arctic_vegetation/20230724_birch24_m3m/BIRC/tile_27090.png,2
arctic_vegetation/20230724_birch24_m3m/BIRC/tile_27091.png,2
arctic_vegetation/20230724_birch24_m3m/BIRC/tile_27092.png,2
arctic_vegetation/20230724_birch24_m3m/BIRC/tile_27094.png,2
arctic_vegetation/20230724_birch24_m3m/BIRC/tile_27095.png,2
arctic_vegetation/20230724_birch24_m3m/BIRC/tile_27096.png,2
arctic_vegetation/20230724_birch24_m3m/BIRC/tile_27097.png,2
arctic_vegetation/20230724_birch24_m3m/BIRC/tile_27098.png,2
arctic_vegetation/20230724_birch24_m3m/BIRC/tile_27099.png,2
arctic_vegetation/20230724_birch24_m3m/BIRC/tile_27100.png,2
arctic_vegetation/20230724_birch24_m3m/BIRC/tile_27101.png,2
arctic_vegetation/20230724_birch24_m3m/BIRC/tile_27102.png,2
arctic_vegetation/20230724_birch24_m3m/BIRC/tile_27103.png,2
arctic_vegetation/20230724_birch24_m3m/BIRC/tile_27104.png,2
arctic_vegetation/20230724_birch24_m3m/BIRC/tile_27105.png,2
arctic_vegetation/20230724_birch24_m3m/BIRC/tile_27106.png,2
arctic_vegetation/20230724_birch24_m3m/BIRC/tile_27107.png,2
arctic_vegetation/20230724_birch24_m3m/BIRC/tile_27108.png,2
arctic_vegetation/20230724_birch24_m3m/BIRC/tile_27109.png,2
arctic_vegetation/20230724_birch24_m3m/BIRC/tile_27110.png,2
arctic_vegetation/20230724_birch24_m3m/BIRC/tile_27111.png,2
arctic_vegetation/20230724_birch24_m3m/BIRC/tile_27112.png,2
arctic_vegetation/20230724_birch24_m3m/BIRC/tile_27113.png,2
arctic_vegetation/20230724_birch24_m3m/BIRC/tile_27114.png,2
arctic_vegetation/20230724_birch24_m3m/BIRC/tile_27115.png,2
arctic_vegetation/20230724_birch24_m3m/BIRC/tile_27116.png,2
arctic_vegetation/20230724_birch24_m3m/BIRC/tile_27117.png,2
arctic_vegetation/20230724_birch24_m3m/BIRC/tile_27118.png,2
arctic_vegetation/20230724_birch24_m3m/BIRC/tile_27119.png,2
arctic_vegetation/20230724_birch24_m3m/LICH/tile_27120.png,4
arctic_vegetation/20230724_birch24_m3m/PETF/tile_27123.png,6
arctic_vegetation/20230724_birch24_m3m/BIRC/tile_27124.png,2
arctic_vegetation/20230724_birch24_m3m/BIRC/tile_27125.png,2
arctic_vegetation/20230724_birch24_m3m/BIRC/tile_27126.png,2
arctic_vegetation/20230724_birch24_m3m/BIRC/tile_27127.png,2
arctic_vegetation/20230724_birch24_m3m/BIRC/tile_27128.png,2
arctic_vegetation/20230724_birch24_m3m/BIRC/tile_27129.png,2
arctic_vegetation/20230724_birch24_m3m/BIRC/tile_27130.png,2
arctic_vegetation/20230724_birch24_m3m/BIRC/tile_27131.png,2
arctic_vegetation/20230724_birch24_m3m/BIRC/tile_27132.png,2
arctic_vegetation/20230724_birch24_m3m/BIRC/tile_27133.png,2
arctic_vegetation/20230724_birch24_m3m/BIRC/tile_27134.png,2
arctic_vegetation/20230724_birch24_m3m/BIRC/tile_27135.png,2
arctic_vegetation/20230724_birch24_m3m/BIRC/tile_27136.png,2
arctic_vegetation/20230724_birch24_m3m/BIRC/tile_27137.png,2
arctic_vegetation/20230724_birch24_m3m/BIRC/tile_27138.png,2
arctic_vegetation/20230724_birch24_m3m/BIRC/tile_27139.png,2
arctic_vegetation/20230724_birch24_m3m/BIRC/tile_27140.png,2
arctic_vegetation/20230724_birch24_m3m/BIRC/tile_27141.png,2
arctic_vegetation/20230724_birch24_m3m/BIRC/tile_27142.png,2
arctic_vegetation/20230724_birch24_m3m/BIRC/tile_27143.png,2
arctic_vegetation/20230724_birch24_m3m/BIRC/tile_27144.png,2
arctic_vegetation/20230724_birch24_m3m/BIRC/tile_27145.png,2
arctic_vegetation/20230724_birch24_m3m/BIRC/tile_27146.png,2
arctic_vegetation/20230724_birch24_m3m/BIRC/tile_27147.png,2
arctic_vegetation/20230724_birch24_m3m/BIRC/tile_27148.png,2
arctic_vegetation/20230724_birch24_m3m/BIRC/tile_27149.png,2
arctic_vegetation/20230724_birch24_m3m/BIRC/tile_27150.png,2
arctic_vegetation/20230724_birch24_m3m/BIRC/tile_27151.png,2
arctic_vegetation/20230724_birch24_m3m/BIRC/tile_27152.png,2
arctic_vegetation/20230724_birch24_m3m/BIRC/tile_27153.png,2
arctic_vegetation/20230724_birch24_m3m/BIRC/tile_27154.png,2
arctic_vegetation/20230724_birch24_m3m/BIRC/tile_27155.png,2
arctic_vegetation/20230724_birch24_m3m/BIRC/tile_27156.png,2
arctic_vegetation/20230724_birch24_m3m/BIRC/tile_27157.png,2
arctic_vegetation/20230724_birch24_m3m/BIRC/tile_27158.png,2
arctic_vegetation/20230724_birch24_m3m/BIRC/tile_27159.png,2
arctic_vegetation/20230724_birch24_m3m/BIRC/tile_27160.png,2
arctic_vegetation/20230724_birch24_m3m/BIRC/tile_27161.png,2
arctic_vegetation/20230724_birch24_m3m/BIRC/tile_27162.png,2
arctic_vegetation/20230724_birch24_m3m/BIRC/tile_27163.png,2
arctic_vegetation/20230724_birch24_m3m/BIRC/tile_27164.png,2
arctic_vegetation/20230724_birch24_m3m/BIRC/tile_27165.png,2
arctic_vegetation/20230724_birch24_m3m/BIRC/tile_27166.png,2
arctic_vegetation/20230724_birch24_m3m/BIRC/tile_27167.png,2
arctic_vegetation/20230724_birch24_m3m/BIRC/tile_27168.png,2
arctic_vegetation/20230724_birch24_m3m/BIRC/tile_27169.png,2
arctic_vegetation/20230724_birch24_m3m/BIRC/tile_27170.png,2
arctic_vegetation/20230724_birch24_m3m/BIRC/tile_27171.png,2
arctic_vegetation/20230724_birch24_m3m/BIRC/tile_27172.png,2
arctic_vegetation/20230724_birch24_m3m/BIRC/tile_27173.png,2
arctic_vegetation/20230724_birch24_m3m/BIRC/tile_27174.png,2
arctic_vegetation/20230724_birch24_m3m/BIRC/tile_27175.png,2
arctic_vegetation/20230724_birch24_m3m/BIRC/tile_27176.png,2
arctic_vegetation/20230724_birch24_m3m/BIRC/tile_27177.png,2
arctic_vegetation/20230724_birch24_m3m/BIRC/tile_27178.png,2
arctic_vegetation/20230724_birch24_m3m/BIRC/tile_27179.png,2
arctic_vegetation/20230724_birch24_m3m/BIRC/tile_27180.png,2
arctic_vegetation/20230724_birch24_m3m/BIRC/tile_27181.png,2
arctic_vegetation/20230724_birch24_m3m/BIRC/tile_27182.png,2
arctic_vegetation/20230724_birch24_m3m/BIRC/tile_27183.png,2
arctic_vegetation/20230724_birch24_m3m/BIRC/tile_27184.png,2
arctic_vegetation/20230724_birch24_m3m/BIRC/tile_27185.png,2
arctic_vegetation/20230724_birch24_m3m/BIRC/tile_27186.png,2
arctic_vegetation/20230724_birch24_m3m/BIRC/tile_27187.png,2
arctic_vegetation/20230724_birch24_m3m/BIRC/tile_27285.png,2
arctic_vegetation/20230724_birch24_m3m/BIRC/tile_27286.png,2
arctic_vegetation/20230724_birch24_m3m/BIRC/tile_27287.png,2
arctic_vegetation/20230724_birch24_m3m/BIRC/tile_27288.png,2
arctic_vegetation/20230724_birch24_m3m/BIRC/tile_27289.png,2
arctic_vegetation/20230724_birch24_m3m/BIRC/tile_27290.png,2
arctic_vegetation/20230724_birch24_m3m/BIRC/tile_27291.png,2
arctic_vegetation/20230724_birch24_m3m/BIRC/tile_27292.png,2
arctic_vegetation/20230724_birch24_m3m/BIRC/tile_27296.png,2
arctic_vegetation/20230724_birch24_m3m/BIRC/tile_27297.png,2
arctic_vegetation/20230724_birch24_m3m/BIRC/tile_27298.png,2
arctic_vegetation/20230724_birch24_m3m/BIRC/tile_27299.png,2
arctic_vegetation/20230724_birch24_m3m/BIRC/tile_27300.png,2
arctic_vegetation/20230724_birch24_m3m/BIRC/tile_27301.png,2
arctic_vegetation/20230724_birch24_m3m/BIRC/tile_27302.png,2
arctic_vegetation/20230724_birch24_m3m/BIRC/tile_27303.png,2
arctic_vegetation/20230724_birch24_m3m/BIRC/tile_27304.png,2
arctic_vegetation/20230724_birch24_m3m/BIRC/tile_27305.png,2
arctic_vegetation/20230724_birch24_m3m/BIRC/tile_27306.png,2
arctic_vegetation/20230724_birch24_m3m/BIRC/tile_27307.png,2
arctic_vegetation/20230724_birch24_m3m/BIRC/tile_27308.png,2
arctic_vegetation/20230724_birch24_m3m/BIRC/tile_27309.png,2
arctic_vegetation/20230724_birch24_m3m/BIRC/tile_27310.png,2
arctic_vegetation/20230724_birch24_m3m/BIRC/tile_27311.png,2
arctic_vegetation/20230724_birch24_m3m/BIRC/tile_27312.png,2
arctic_vegetation/20230724_birch24_m3m/BIRC/tile_27313.png,2
arctic_vegetation/20230724_birch24_m3m/BIRC/tile_27314.png,2
arctic_vegetation/20230724_birch24_m3m/BIRC/tile_27315.png,2
arctic_vegetation/20230724_birch24_m3m/BIRC/tile_27316.png,2
arctic_vegetation/20230724_birch24_m3m/BIRC/tile_27317.png,2
arctic_vegetation/20230724_birch24_m3m/BIRC/tile_27318.png,2
arctic_vegetation/20230724_birch24_m3m/BIRC/tile_27319.png,2
arctic_vegetation/20230724_birch24_m3m/BIRC/tile_27320.png,2
arctic_vegetation/20230724_birch24_m3m/BIRC/tile_27321.png,2
arctic_vegetation/20230724_birch24_m3m/LICH/tile_27322.png,4
arctic_vegetation/20230724_birch24_m3m/LICH/tile_27323.png,4
arctic_vegetation/20230724_birch24_m3m/BIRC/tile_27324.png,2
arctic_vegetation/20230724_birch24_m3m/BIRC/tile_27325.png,2
arctic_vegetation/20230724_birch24_m3m/BIRC/tile_27326.png,2
arctic_vegetation/20230724_birch24_m3m/BIRC/tile_27327.png,2
arctic_vegetation/20230724_birch24_m3m/BIRC/tile_27328.png,2
arctic_vegetation/20230724_birch24_m3m/BIRC/tile_27329.png,2
arctic_vegetation/20230724_birch24_m3m/BIRC/tile_27330.png,2
arctic_vegetation/20230724_birch24_m3m/BIRC/tile_27331.png,2
arctic_vegetation/20230724_birch24_m3m/BIRC/tile_27332.png,2
arctic_vegetation/20230724_birch24_m3m/BIRC/tile_27333.png,2
arctic_vegetation/20230724_birch24_m3m/LICH/tile_27334.png,4
arctic_vegetation/20230724_birch24_m3m/LICH/tile_27335.png,4
arctic_vegetation/20230724_birch24_m3m/LICH/tile_27336.png,4
arctic_vegetation/20230724_birch24_m3m/PETF/tile_27337.png,6
arctic_vegetation/20230724_birch24_m3m/BIRC/tile_27338.png,2
arctic_vegetation/20230724_birch24_m3m/BIRC/tile_27339.png,2
arctic_vegetation/20230724_birch24_m3m/BIRC/tile_27340.png,2
arctic_vegetation/20230724_birch24_m3m/BIRC/tile_27341.png,2
arctic_vegetation/20230724_birch24_m3m/BIRC/tile_27342.png,2
arctic_vegetation/20230724_birch24_m3m/BIRC/tile_27343.png,2
arctic_vegetation/20230724_birch24_m3m/BIRC/tile_27344.png,2
arctic_vegetation/20230724_birch24_m3m/BIRC/tile_27345.png,2
arctic_vegetation/20230724_birch24_m3m/BIRC/tile_27346.png,2
arctic_vegetation/20230724_birch24_m3m/BIRC/tile_27347.png,2
arctic_vegetation/20230724_birch24_m3m/BIRC/tile_27348.png,2
arctic_vegetation/20230724_birch24_m3m/BIRC/tile_27349.png,2
arctic_vegetation/20230724_birch24_m3m/BIRC/tile_27350.png,2
arctic_vegetation/20230724_birch24_m3m/BIRC/tile_27351.png,2
arctic_vegetation/20230724_birch24_m3m/BIRC/tile_27352.png,2
arctic_vegetation/20230724_birch24_m3m/BIRC/tile_27353.png,2
arctic_vegetation/20230724_birch24_m3m/BIRC/tile_27354.png,2
arctic_vegetation/20230724_birch24_m3m/BIRC/tile_27355.png,2
arctic_vegetation/20230724_birch24_m3m/BIRC/tile_27356.png,2
arctic_vegetation/20230724_birch24_m3m/BIRC/tile_27357.png,2
arctic_vegetation/20230724_birch24_m3m/BIRC/tile_27358.png,2
arctic_vegetation/20230724_birch24_m3m/BIRC/tile_27359.png,2
arctic_vegetation/20230724_birch24_m3m/BIRC/tile_27360.png,2
arctic_vegetation/20230724_birch24_m3m/BIRC/tile_27361.png,2
arctic_vegetation/20230724_birch24_m3m/BIRC/tile_27362.png,2
arctic_vegetation/20230724_birch24_m3m/BIRC/tile_27363.png,2
arctic_vegetation/20230724_birch24_m3m/BIRC/tile_27364.png,2
arctic_vegetation/20230724_birch24_m3m/BIRC/tile_27365.png,2
arctic_vegetation/20230724_birch24_m3m/BIRC/tile_27366.png,2
arctic_vegetation/20230724_birch24_m3m/BIRC/tile_27367.png,2
arctic_vegetation/20230724_birch24_m3m/BIRC/tile_27368.png,2
arctic_vegetation/20230724_birch24_m3m/BIRC/tile_27369.png,2
arctic_vegetation/20230724_birch24_m3m/BIRC/tile_27370.png,2
arctic_vegetation/20230724_birch24_m3m/BIRC/tile_27371.png,2
arctic_vegetation/20230724_birch24_m3m/BIRC/tile_27372.png,2
arctic_vegetation/20230724_birch24_m3m/BIRC/tile_27373.png,2
arctic_vegetation/20230724_birch24_m3m/BIRC/tile_27374.png,2
arctic_vegetation/20230724_birch24_m3m/BIRC/tile_27375.png,2
arctic_vegetation/20230724_birch24_m3m/BIRC/tile_27376.png,2
arctic_vegetation/20230724_birch24_m3m/BIRC/tile_27377.png,2
arctic_vegetation/20230724_birch24_m3m/BIRC/tile_27378.png,2
arctic_vegetation/20230724_birch24_m3m/BIRC/tile_27379.png,2
arctic_vegetation/20230724_birch24_m3m/BIRC/tile_27380.png,2
arctic_vegetation/20230724_birch24_m3m/BIRC/tile_27381.png,2
arctic_vegetation/20230724_birch24_m3m/BIRC/tile_27382.png,2
arctic_vegetation/20230724_birch24_m3m/BIRC/tile_27383.png,2
arctic_vegetation/20230724_birch24_m3m/BIRC/tile_27384.png,2
arctic_vegetation/20230724_birch24_m3m/BIRC/tile_27385.png,2
arctic_vegetation/20230724_birch24_m3m/BIRC/tile_27386.png,2
arctic_vegetation/20230724_birch24_m3m/BIRC/tile_27387.png,2
arctic_vegetation/20230724_birch24_m3m/BIRC/tile_27388.png,2
arctic_vegetation/20230724_birch24_m3m/BIRC/tile_27389.png,2
arctic_vegetation/20230724_birch24_m3m/BIRC/tile_27390.png,2
arctic_vegetation/20230724_birch24_m3m/BIRC/tile_27391.png,2
arctic_vegetation/20230724_birch24_m3m/BIRC/tile_27392.png,2
arctic_vegetation/20230724_birch24_m3m/BIRC/tile_27393.png,2
arctic_vegetation/20230724_birch24_m3m/BIRC/tile_27394.png,2
arctic_vegetation/20230724_birch24_m3m/BIRC/tile_27395.png,2
arctic_vegetation/20230724_birch24_m3m/BIRC/tile_27396.png,2
arctic_vegetation/20230724_birch24_m3m/BIRC/tile_27397.png,2
arctic_vegetation/20230724_birch24_m3m/BIRC/tile_27398.png,2
arctic_vegetation/20230724_birch24_m3m/BIRC/tile_27399.png,2
arctic_vegetation/20230724_birch24_m3m/BIRC/tile_27400.png,2
arctic_vegetation/20230724_birch24_m3m/BIRC/tile_27401.png,2
arctic_vegetation/20230724_birch24_m3m/BIRC/tile_27499.png,2
arctic_vegetation/20230724_birch24_m3m/BIRC/tile_27500.png,2
arctic_vegetation/20230724_birch24_m3m/BIRC/tile_27501.png,2
arctic_vegetation/20230724_birch24_m3m/BIRC/tile_27502.png,2
arctic_vegetation/20230724_birch24_m3m/BIRC/tile_27503.png,2
arctic_vegetation/20230724_birch24_m3m/BIRC/tile_27505.png,2
arctic_vegetation/20230724_birch24_m3m/BIRC/tile_27506.png,2
arctic_vegetation/20230724_birch24_m3m/BIRC/tile_27507.png,2
arctic_vegetation/20230724_birch24_m3m/BIRC/tile_27508.png,2
arctic_vegetation/20230724_birch24_m3m/BIRC/tile_27509.png,2
arctic_vegetation/20230724_birch24_m3m/BIRC/tile_27510.png,2
arctic_vegetation/20230724_birch24_m3m/BIRC/tile_27511.png,2
arctic_vegetation/20230724_birch24_m3m/BIRC/tile_27512.png,2
arctic_vegetation/20230724_birch24_m3m/BIRC/tile_27513.png,2
arctic_vegetation/20230724_birch24_m3m/BIRC/tile_27514.png,2
arctic_vegetation/20230724_birch24_m3m/BIRC/tile_27515.png,2
arctic_vegetation/20230724_birch24_m3m/BIRC/tile_27516.png,2
arctic_vegetation/20230724_birch24_m3m/BIRC/tile_27517.png,2
arctic_vegetation/20230724_birch24_m3m/BIRC/tile_27518.png,2
arctic_vegetation/20230724_birch24_m3m/BIRC/tile_27519.png,2
arctic_vegetation/20230724_birch24_m3m/BIRC/tile_27520.png,2
arctic_vegetation/20230724_birch24_m3m/DRYI/tile_27521.png,3
arctic_vegetation/20230724_birch24_m3m/BIRC/tile_27522.png,2
arctic_vegetation/20230724_birch24_m3m/BIRC/tile_27523.png,2
arctic_vegetation/20230724_birch24_m3m/BIRC/tile_27524.png,2
arctic_vegetation/20230724_birch24_m3m/BIRC/tile_27525.png,2
arctic_vegetation/20230724_birch24_m3m/BIRC/tile_27526.png,2
arctic_vegetation/20230724_birch24_m3m/BIRC/tile_27527.png,2
arctic_vegetation/20230724_birch24_m3m/BIRC/tile_27528.png,2
arctic_vegetation/20230724_birch24_m3m/BIRC/tile_27529.png,2
arctic_vegetation/20230724_birch24_m3m/BIRC/tile_27530.png,2
arctic_vegetation/20230724_birch24_m3m/BIRC/tile_27531.png,2
arctic_vegetation/20230724_birch24_m3m/BIRC/tile_27532.png,2
arctic_vegetation/20230724_birch24_m3m/BIRC/tile_27533.png,2
arctic_vegetation/20230724_birch24_m3m/BIRC/tile_27534.png,2
arctic_vegetation/20230724_birch24_m3m/BIRC/tile_27535.png,2
arctic_vegetation/20230724_birch24_m3m/BIRC/tile_27536.png,2
arctic_vegetation/20230724_birch24_m3m/BIRC/tile_27537.png,2
arctic_vegetation/20230724_birch24_m3m/BIRC/tile_27538.png,2
arctic_vegetation/20230724_birch24_m3m/BIRC/tile_27539.png,2
arctic_vegetation/20230724_birch24_m3m/BIRC/tile_27540.png,2
arctic_vegetation/20230724_birch24_m3m/BIRC/tile_27541.png,2
arctic_vegetation/20230724_birch24_m3m/BIRC/tile_27542.png,2
arctic_vegetation/20230724_birch24_m3m/BIRC/tile_27543.png,2
arctic_vegetation/20230724_birch24_m3m/BIRC/tile_27544.png,2
arctic_vegetation/20230724_birch24_m3m/BIRC/tile_27545.png,2
arctic_vegetation/20230724_birch24_m3m/BIRC/tile_27546.png,2
arctic_vegetation/20230724_birch24_m3m/BIRC/tile_27547.png,2
arctic_vegetation/20230724_birch24_m3m/BIRC/tile_27548.png,2
arctic_vegetation/20230724_birch24_m3m/LICH/tile_27549.png,4
arctic_vegetation/20230724_birch24_m3m/BIRC/tile_27550.png,2
arctic_vegetation/20230724_birch24_m3m/BIRC/tile_27551.png,2
arctic_vegetation/20230724_birch24_m3m/BIRC/tile_27552.png,2
arctic_vegetation/20230724_birch24_m3m/BIRC/tile_27553.png,2
arctic_vegetation/20230724_birch24_m3m/BIRC/tile_27554.png,2
arctic_vegetation/20230724_birch24_m3m/BIRC/tile_27555.png,2
arctic_vegetation/20230724_birch24_m3m/BIRC/tile_27556.png,2
arctic_vegetation/20230724_birch24_m3m/BIRC/tile_27557.png,2
arctic_vegetation/20230724_birch24_m3m/BIRC/tile_27558.png,2
arctic_vegetation/20230724_birch24_m3m/BIRC/tile_27559.png,2
arctic_vegetation/20230724_birch24_m3m/BIRC/tile_27560.png,2
arctic_vegetation/20230724_birch24_m3m/BIRC/tile_27561.png,2
arctic_vegetation/20230724_birch24_m3m/BIRC/tile_27562.png,2
arctic_vegetation/20230724_birch24_m3m/BIRC/tile_27563.png,2
arctic_vegetation/20230724_birch24_m3m/BIRC/tile_27564.png,2
arctic_vegetation/20230724_birch24_m3m/BIRC/tile_27565.png,2
arctic_vegetation/20230724_birch24_m3m/BIRC/tile_27566.png,2
arctic_vegetation/20230724_birch24_m3m/BIRC/tile_27567.png,2
arctic_vegetation/20230724_birch24_m3m/BIRC/tile_27568.png,2
arctic_vegetation/20230724_birch24_m3m/BIRC/tile_27569.png,2
arctic_vegetation/20230724_birch24_m3m/BIRC/tile_27570.png,2
arctic_vegetation/20230724_birch24_m3m/BIRC/tile_27571.png,2
arctic_vegetation/20230724_birch24_m3m/BIRC/tile_27572.png,2
arctic_vegetation/20230724_birch24_m3m/BIRC/tile_27573.png,2
arctic_vegetation/20230724_birch24_m3m/BIRC/tile_27574.png,2
arctic_vegetation/20230724_birch24_m3m/BIRC/tile_27575.png,2
arctic_vegetation/20230724_birch24_m3m/BIRC/tile_27576.png,2
arctic_vegetation/20230724_birch24_m3m/BIRC/tile_27577.png,2
arctic_vegetation/20230724_birch24_m3m/BIRC/tile_27578.png,2
arctic_vegetation/20230724_birch24_m3m/BIRC/tile_27579.png,2
arctic_vegetation/20230724_birch24_m3m/BIRC/tile_27580.png,2
arctic_vegetation/20230724_birch24_m3m/BIRC/tile_27581.png,2
arctic_vegetation/20230724_birch24_m3m/BIRC/tile_27582.png,2
arctic_vegetation/20230724_birch24_m3m/BIRC/tile_27583.png,2
arctic_vegetation/20230724_birch24_m3m/BIRC/tile_27584.png,2
arctic_vegetation/20230724_birch24_m3m/BIRC/tile_27585.png,2
arctic_vegetation/20230724_birch24_m3m/BIRC/tile_27586.png,2
arctic_vegetation/20230724_birch24_m3m/BIRC/tile_27587.png,2
arctic_vegetation/20230724_birch24_m3m/BIRC/tile_27588.png,2
arctic_vegetation/20230724_birch24_m3m/BIRC/tile_27589.png,2
arctic_vegetation/20230724_birch24_m3m/BIRC/tile_27590.png,2
arctic_vegetation/20230724_birch24_m3m/BIRC/tile_27591.png,2
arctic_vegetation/20230724_birch24_m3m/BIRC/tile_27592.png,2
arctic_vegetation/20230724_birch24_m3m/BIRC/tile_27593.png,2
arctic_vegetation/20230724_birch24_m3m/BIRC/tile_27594.png,2
arctic_vegetation/20230724_birch24_m3m/BIRC/tile_27595.png,2
arctic_vegetation/20230724_birch24_m3m/BIRC/tile_27596.png,2
arctic_vegetation/20230724_birch24_m3m/BIRC/tile_27597.png,2
arctic_vegetation/20230724_birch24_m3m/BIRC/tile_27598.png,2
arctic_vegetation/20230724_birch24_m3m/BIRC/tile_27599.png,2
arctic_vegetation/20230724_birch24_m3m/BIRC/tile_27600.png,2
arctic_vegetation/20230724_birch24_m3m/BIRC/tile_27601.png,2
arctic_vegetation/20230724_birch24_m3m/BIRC/tile_27602.png,2
arctic_vegetation/20230724_birch24_m3m/BIRC/tile_27603.png,2
arctic_vegetation/20230724_birch24_m3m/BIRC/tile_27604.png,2
arctic_vegetation/20230724_birch24_m3m/BIRC/tile_27605.png,2
arctic_vegetation/20230724_birch24_m3m/BIRC/tile_27606.png,2
arctic_vegetation/20230724_birch24_m3m/BIRC/tile_27607.png,2
arctic_vegetation/20230724_birch24_m3m/BIRC/tile_27608.png,2
arctic_vegetation/20230724_birch24_m3m/BIRC/tile_27609.png,2
arctic_vegetation/20230724_birch24_m3m/BIRC/tile_27610.png,2
arctic_vegetation/20230724_birch24_m3m/BIRC/tile_27611.png,2
arctic_vegetation/20230724_birch24_m3m/BIRC/tile_27612.png,2
arctic_vegetation/20230724_birch24_m3m/BIRC/tile_27613.png,2
arctic_vegetation/20230724_birch24_m3m/BIRC/tile_27614.png,2
arctic_vegetation/20230724_birch24_m3m/BIRC/tile_27615.png,2
arctic_vegetation/20230724_birch24_m3m/BIRC/tile_27713.png,2
arctic_vegetation/20230724_birch24_m3m/BIRC/tile_27714.png,2
arctic_vegetation/20230724_birch24_m3m/BIRC/tile_27715.png,2
arctic_vegetation/20230724_birch24_m3m/BIRC/tile_27716.png,2
arctic_vegetation/20230724_birch24_m3m/BIRC/tile_27717.png,2
arctic_vegetation/20230724_birch24_m3m/BIRC/tile_27719.png,2
arctic_vegetation/20230724_birch24_m3m/BIRC/tile_27720.png,2
arctic_vegetation/20230724_birch24_m3m/BIRC/tile_27721.png,2
arctic_vegetation/20230724_birch24_m3m/BIRC/tile_27722.png,2
arctic_vegetation/20230724_birch24_m3m/BIRC/tile_27723.png,2
arctic_vegetation/20230724_birch24_m3m/BIRC/tile_27724.png,2
arctic_vegetation/20230724_birch24_m3m/BIRC/tile_27725.png,2
arctic_vegetation/20230724_birch24_m3m/BIRC/tile_27726.png,2
arctic_vegetation/20230724_birch24_m3m/BIRC/tile_27727.png,2
arctic_vegetation/20230724_birch24_m3m/WILL/tile_27728.png,11
arctic_vegetation/20230724_birch24_m3m/WILL/tile_27729.png,11
arctic_vegetation/20230724_birch24_m3m/WILL/tile_27730.png,11
arctic_vegetation/20230724_birch24_m3m/BIRC/tile_27732.png,2
arctic_vegetation/20230724_birch24_m3m/BIRC/tile_27733.png,2
arctic_vegetation/20230724_birch24_m3m/BIRC/tile_27734.png,2
arctic_vegetation/20230724_birch24_m3m/DRYI/tile_27735.png,3
arctic_vegetation/20230724_birch24_m3m/BIRC/tile_27736.png,2
arctic_vegetation/20230724_birch24_m3m/BIRC/tile_27737.png,2
arctic_vegetation/20230724_birch24_m3m/BIRC/tile_27738.png,2
arctic_vegetation/20230724_birch24_m3m/BIRC/tile_27739.png,2
arctic_vegetation/20230724_birch24_m3m/BIRC/tile_27740.png,2
arctic_vegetation/20230724_birch24_m3m/BIRC/tile_27741.png,2
arctic_vegetation/20230724_birch24_m3m/BIRC/tile_27742.png,2
arctic_vegetation/20230724_birch24_m3m/BIRC/tile_27743.png,2
arctic_vegetation/20230724_birch24_m3m/BIRC/tile_27744.png,2
arctic_vegetation/20230724_birch24_m3m/BIRC/tile_27745.png,2
arctic_vegetation/20230724_birch24_m3m/BIRC/tile_27746.png,2
arctic_vegetation/20230724_birch24_m3m/BIRC/tile_27747.png,2
arctic_vegetation/20230724_birch24_m3m/BIRC/tile_27748.png,2
arctic_vegetation/20230724_birch24_m3m/BIRC/tile_27749.png,2
arctic_vegetation/20230724_birch24_m3m/BIRC/tile_27750.png,2
arctic_vegetation/20230724_birch24_m3m/BIRC/tile_27751.png,2
arctic_vegetation/20230724_birch24_m3m/BIRC/tile_27752.png,2
arctic_vegetation/20230724_birch24_m3m/BIRC/tile_27753.png,2
arctic_vegetation/20230724_birch24_m3m/BIRC/tile_27754.png,2
arctic_vegetation/20230724_birch24_m3m/BIRC/tile_27755.png,2
arctic_vegetation/20230724_birch24_m3m/BIRC/tile_27756.png,2
arctic_vegetation/20230724_birch24_m3m/BIRC/tile_27757.png,2
arctic_vegetation/20230724_birch24_m3m/BIRC/tile_27758.png,2
arctic_vegetation/20230724_birch24_m3m/BIRC/tile_27759.png,2
arctic_vegetation/20230724_birch24_m3m/BIRC/tile_27760.png,2
arctic_vegetation/20230724_birch24_m3m/BIRC/tile_27761.png,2
arctic_vegetation/20230724_birch24_m3m/BIRC/tile_27762.png,2
arctic_vegetation/20230724_birch24_m3m/BIRC/tile_27763.png,2
arctic_vegetation/20230724_birch24_m3m/BIRC/tile_27764.png,2
arctic_vegetation/20230724_birch24_m3m/BIRC/tile_27765.png,2
arctic_vegetation/20230724_birch24_m3m/BIRC/tile_27766.png,2
arctic_vegetation/20230724_birch24_m3m/BIRC/tile_27767.png,2
arctic_vegetation/20230724_birch24_m3m/BIRC/tile_27768.png,2
arctic_vegetation/20230724_birch24_m3m/BIRC/tile_27769.png,2
arctic_vegetation/20230724_birch24_m3m/BIRC/tile_27770.png,2
arctic_vegetation/20230724_birch24_m3m/BIRC/tile_27771.png,2
arctic_vegetation/20230724_birch24_m3m/BIRC/tile_27772.png,2
arctic_vegetation/20230724_birch24_m3m/BIRC/tile_27773.png,2
arctic_vegetation/20230724_birch24_m3m/BIRC/tile_27774.png,2
arctic_vegetation/20230724_birch24_m3m/BIRC/tile_27775.png,2
arctic_vegetation/20230724_birch24_m3m/BIRC/tile_27776.png,2
arctic_vegetation/20230724_birch24_m3m/BIRC/tile_27777.png,2
arctic_vegetation/20230724_birch24_m3m/BIRC/tile_27778.png,2
arctic_vegetation/20230724_birch24_m3m/BIRC/tile_27779.png,2
arctic_vegetation/20230724_birch24_m3m/BIRC/tile_27780.png,2
arctic_vegetation/20230724_birch24_m3m/BIRC/tile_27781.png,2
arctic_vegetation/20230724_birch24_m3m/BIRC/tile_27782.png,2
arctic_vegetation/20230724_birch24_m3m/BIRC/tile_27783.png,2
arctic_vegetation/20230724_birch24_m3m/BIRC/tile_27784.png,2
arctic_vegetation/20230724_birch24_m3m/BIRC/tile_27785.png,2
arctic_vegetation/20230724_birch24_m3m/BIRC/tile_27786.png,2
arctic_vegetation/20230724_birch24_m3m/BIRC/tile_27787.png,2
arctic_vegetation/20230724_birch24_m3m/BIRC/tile_27788.png,2
arctic_vegetation/20230724_birch24_m3m/BIRC/tile_27789.png,2
arctic_vegetation/20230724_birch24_m3m/BIRC/tile_27790.png,2
arctic_vegetation/20230724_birch24_m3m/BIRC/tile_27791.png,2
arctic_vegetation/20230724_birch24_m3m/BIRC/tile_27792.png,2
arctic_vegetation/20230724_birch24_m3m/BIRC/tile_27793.png,2
arctic_vegetation/20230724_birch24_m3m/BIRC/tile_27794.png,2
arctic_vegetation/20230724_birch24_m3m/BIRC/tile_27795.png,2
arctic_vegetation/20230724_birch24_m3m/BIRC/tile_27796.png,2
arctic_vegetation/20230724_birch24_m3m/BIRC/tile_27797.png,2
arctic_vegetation/20230724_birch24_m3m/BIRC/tile_27798.png,2
arctic_vegetation/20230724_birch24_m3m/BIRC/tile_27799.png,2
arctic_vegetation/20230724_birch24_m3m/BIRC/tile_27800.png,2
arctic_vegetation/20230724_birch24_m3m/BIRC/tile_27801.png,2
arctic_vegetation/20230724_birch24_m3m/BIRC/tile_27802.png,2
arctic_vegetation/20230724_birch24_m3m/WILL/tile_27803.png,11
arctic_vegetation/20230724_birch24_m3m/WILL/tile_27804.png,11
arctic_vegetation/20230724_birch24_m3m/WILL/tile_27805.png,11
arctic_vegetation/20230724_birch24_m3m/BIRC/tile_27806.png,2
arctic_vegetation/20230724_birch24_m3m/BIRC/tile_27807.png,2
arctic_vegetation/20230724_birch24_m3m/BIRC/tile_27808.png,2
arctic_vegetation/20230724_birch24_m3m/BIRC/tile_27809.png,2
arctic_vegetation/20230724_birch24_m3m/BIRC/tile_27810.png,2
arctic_vegetation/20230724_birch24_m3m/BIRC/tile_27811.png,2
arctic_vegetation/20230724_birch24_m3m/BIRC/tile_27812.png,2
arctic_vegetation/20230724_birch24_m3m/BIRC/tile_27813.png,2
arctic_vegetation/20230724_birch24_m3m/BIRC/tile_27814.png,2
arctic_vegetation/20230724_birch24_m3m/BIRC/tile_27815.png,2
arctic_vegetation/20230724_birch24_m3m/BIRC/tile_27816.png,2
arctic_vegetation/20230724_birch24_m3m/BIRC/tile_27817.png,2
arctic_vegetation/20230724_birch24_m3m/BIRC/tile_27818.png,2
arctic_vegetation/20230724_birch24_m3m/BIRC/tile_27819.png,2
arctic_vegetation/20230724_birch24_m3m/BIRC/tile_27820.png,2
arctic_vegetation/20230724_birch24_m3m/BIRC/tile_27821.png,2
arctic_vegetation/20230724_birch24_m3m/BIRC/tile_27822.png,2
arctic_vegetation/20230724_birch24_m3m/BIRC/tile_27823.png,2
arctic_vegetation/20230724_birch24_m3m/BIRC/tile_27824.png,2
arctic_vegetation/20230724_birch24_m3m/BIRC/tile_27825.png,2
arctic_vegetation/20230724_birch24_m3m/BIRC/tile_27826.png,2
arctic_vegetation/20230724_birch24_m3m/BIRC/tile_27827.png,2
arctic_vegetation/20230724_birch24_m3m/BIRC/tile_27828.png,2
arctic_vegetation/20230724_birch24_m3m/BIRC/tile_27829.png,2
arctic_vegetation/20230724_birch24_m3m/BIRC/tile_27927.png,2
arctic_vegetation/20230724_birch24_m3m/BIRC/tile_27928.png,2
arctic_vegetation/20230724_birch24_m3m/BIRC/tile_27929.png,2
arctic_vegetation/20230724_birch24_m3m/BIRC/tile_27930.png,2
arctic_vegetation/20230724_birch24_m3m/BIRC/tile_27931.png,2
arctic_vegetation/20230724_birch24_m3m/BIRC/tile_27932.png,2
arctic_vegetation/20230724_birch24_m3m/BIRC/tile_27933.png,2
arctic_vegetation/20230724_birch24_m3m/BIRC/tile_27934.png,2
arctic_vegetation/20230724_birch24_m3m/BIRC/tile_27935.png,2
arctic_vegetation/20230724_birch24_m3m/BIRC/tile_27936.png,2
arctic_vegetation/20230724_birch24_m3m/BIRC/tile_27937.png,2
arctic_vegetation/20230724_birch24_m3m/BIRC/tile_27938.png,2
arctic_vegetation/20230724_birch24_m3m/BIRC/tile_27939.png,2
arctic_vegetation/20230724_birch24_m3m/BIRC/tile_27940.png,2
arctic_vegetation/20230724_birch24_m3m/BIRC/tile_27941.png,2
arctic_vegetation/20230724_birch24_m3m/BIRC/tile_27942.png,2
arctic_vegetation/20230724_birch24_m3m/BIRC/tile_27943.png,2
arctic_vegetation/20230724_birch24_m3m/BIRC/tile_27944.png,2
arctic_vegetation/20230724_birch24_m3m/BIRC/tile_27945.png,2
arctic_vegetation/20230724_birch24_m3m/BIRC/tile_27946.png,2
arctic_vegetation/20230724_birch24_m3m/BIRC/tile_27947.png,2
arctic_vegetation/20230724_birch24_m3m/BIRC/tile_27948.png,2
arctic_vegetation/20230724_birch24_m3m/DRYI/tile_27949.png,3
arctic_vegetation/20230724_birch24_m3m/BIRC/tile_27950.png,2
arctic_vegetation/20230724_birch24_m3m/BIRC/tile_27951.png,2
arctic_vegetation/20230724_birch24_m3m/BIRC/tile_27952.png,2
arctic_vegetation/20230724_birch24_m3m/BIRC/tile_27953.png,2
arctic_vegetation/20230724_birch24_m3m/BIRC/tile_27954.png,2
arctic_vegetation/20230724_birch24_m3m/BIRC/tile_27955.png,2
arctic_vegetation/20230724_birch24_m3m/BIRC/tile_27956.png,2
arctic_vegetation/20230724_birch24_m3m/BIRC/tile_27957.png,2
arctic_vegetation/20230724_birch24_m3m/BIRC/tile_27958.png,2
arctic_vegetation/20230724_birch24_m3m/BIRC/tile_27959.png,2
arctic_vegetation/20230724_birch24_m3m/BIRC/tile_27960.png,2
arctic_vegetation/20230724_birch24_m3m/BIRC/tile_27961.png,2
arctic_vegetation/20230724_birch24_m3m/BIRC/tile_27962.png,2
arctic_vegetation/20230724_birch24_m3m/BIRC/tile_27963.png,2
arctic_vegetation/20230724_birch24_m3m/LICH/tile_27964.png,4
arctic_vegetation/20230724_birch24_m3m/BIRC/tile_27965.png,2
arctic_vegetation/20230724_birch24_m3m/BIRC/tile_27966.png,2
arctic_vegetation/20230724_birch24_m3m/BIRC/tile_27967.png,2
arctic_vegetation/20230724_birch24_m3m/BIRC/tile_27968.png,2
arctic_vegetation/20230724_birch24_m3m/BIRC/tile_27969.png,2
arctic_vegetation/20230724_birch24_m3m/BIRC/tile_27970.png,2
arctic_vegetation/20230724_birch24_m3m/BIRC/tile_27971.png,2
arctic_vegetation/20230724_birch24_m3m/BIRC/tile_27972.png,2
arctic_vegetation/20230724_birch24_m3m/BIRC/tile_27973.png,2
arctic_vegetation/20230724_birch24_m3m/BIRC/tile_27974.png,2
arctic_vegetation/20230724_birch24_m3m/BIRC/tile_27975.png,2
arctic_vegetation/20230724_birch24_m3m/BIRC/tile_27976.png,2
arctic_vegetation/20230724_birch24_m3m/BIRC/tile_27977.png,2
arctic_vegetation/20230724_birch24_m3m/BIRC/tile_27978.png,2
arctic_vegetation/20230724_birch24_m3m/BIRC/tile_27979.png,2
arctic_vegetation/20230724_birch24_m3m/BIRC/tile_27980.png,2
arctic_vegetation/20230724_birch24_m3m/BIRC/tile_27981.png,2
arctic_vegetation/20230724_birch24_m3m/BIRC/tile_27982.png,2
arctic_vegetation/20230724_birch24_m3m/BIRC/tile_27983.png,2
arctic_vegetation/20230724_birch24_m3m/BIRC/tile_27984.png,2
arctic_vegetation/20230724_birch24_m3m/BIRC/tile_27985.png,2
arctic_vegetation/20230724_birch24_m3m/BIRC/tile_27986.png,2
arctic_vegetation/20230724_birch24_m3m/BIRC/tile_27987.png,2
arctic_vegetation/20230724_birch24_m3m/BIRC/tile_27988.png,2
arctic_vegetation/20230724_birch24_m3m/BIRC/tile_27989.png,2
arctic_vegetation/20230724_birch24_m3m/BIRC/tile_27990.png,2
arctic_vegetation/20230724_birch24_m3m/BIRC/tile_27991.png,2
arctic_vegetation/20230724_birch24_m3m/BIRC/tile_27992.png,2
arctic_vegetation/20230724_birch24_m3m/BIRC/tile_27993.png,2
arctic_vegetation/20230724_birch24_m3m/BIRC/tile_27994.png,2
arctic_vegetation/20230724_birch24_m3m/BIRC/tile_27995.png,2
arctic_vegetation/20230724_birch24_m3m/BIRC/tile_27996.png,2
arctic_vegetation/20230724_birch24_m3m/BIRC/tile_27997.png,2
arctic_vegetation/20230724_birch24_m3m/BIRC/tile_27998.png,2
arctic_vegetation/20230724_birch24_m3m/BIRC/tile_27999.png,2
arctic_vegetation/20230724_birch24_m3m/BIRC/tile_28000.png,2
arctic_vegetation/20230724_birch24_m3m/BIRC/tile_28001.png,2
arctic_vegetation/20230724_birch24_m3m/BIRC/tile_28002.png,2
arctic_vegetation/20230724_birch24_m3m/BIRC/tile_28003.png,2
arctic_vegetation/20230724_birch24_m3m/BIRC/tile_28004.png,2
arctic_vegetation/20230724_birch24_m3m/BIRC/tile_28005.png,2
arctic_vegetation/20230724_birch24_m3m/BIRC/tile_28006.png,2
arctic_vegetation/20230724_birch24_m3m/BIRC/tile_28007.png,2
arctic_vegetation/20230724_birch24_m3m/BIRC/tile_28008.png,2
arctic_vegetation/20230724_birch24_m3m/BIRC/tile_28009.png,2
arctic_vegetation/20230724_birch24_m3m/BIRC/tile_28010.png,2
arctic_vegetation/20230724_birch24_m3m/BIRC/tile_28011.png,2
arctic_vegetation/20230724_birch24_m3m/BIRC/tile_28012.png,2
arctic_vegetation/20230724_birch24_m3m/BIRC/tile_28013.png,2
arctic_vegetation/20230724_birch24_m3m/BIRC/tile_28014.png,2
arctic_vegetation/20230724_birch24_m3m/BIRC/tile_28015.png,2
arctic_vegetation/20230724_birch24_m3m/BIRC/tile_28016.png,2
arctic_vegetation/20230724_birch24_m3m/WILL/tile_28017.png,11
arctic_vegetation/20230724_birch24_m3m/WILL/tile_28018.png,11
arctic_vegetation/20230724_birch24_m3m/WILL/tile_28019.png,11
arctic_vegetation/20230724_birch24_m3m/PETF/tile_28020.png,6
arctic_vegetation/20230724_birch24_m3m/BIRC/tile_28021.png,2
arctic_vegetation/20230724_birch24_m3m/BIRC/tile_28022.png,2
arctic_vegetation/20230724_birch24_m3m/BIRC/tile_28023.png,2
arctic_vegetation/20230724_birch24_m3m/BIRC/tile_28024.png,2
arctic_vegetation/20230724_birch24_m3m/BIRC/tile_28025.png,2
arctic_vegetation/20230724_birch24_m3m/BIRC/tile_28026.png,2
arctic_vegetation/20230724_birch24_m3m/BIRC/tile_28027.png,2
arctic_vegetation/20230724_birch24_m3m/BIRC/tile_28028.png,2
arctic_vegetation/20230724_birch24_m3m/BIRC/tile_28029.png,2
arctic_vegetation/20230724_birch24_m3m/BIRC/tile_28030.png,2
arctic_vegetation/20230724_birch24_m3m/BIRC/tile_28031.png,2
arctic_vegetation/20230724_birch24_m3m/BIRC/tile_28032.png,2
arctic_vegetation/20230724_birch24_m3m/BIRC/tile_28033.png,2
arctic_vegetation/20230724_birch24_m3m/BIRC/tile_28034.png,2
arctic_vegetation/20230724_birch24_m3m/BIRC/tile_28035.png,2
arctic_vegetation/20230724_birch24_m3m/BIRC/tile_28036.png,2
arctic_vegetation/20230724_birch24_m3m/BIRC/tile_28037.png,2
arctic_vegetation/20230724_birch24_m3m/BIRC/tile_28038.png,2
arctic_vegetation/20230724_birch24_m3m/BIRC/tile_28039.png,2
arctic_vegetation/20230724_birch24_m3m/BIRC/tile_28040.png,2
arctic_vegetation/20230724_birch24_m3m/BIRC/tile_28041.png,2
arctic_vegetation/20230724_birch24_m3m/BIRC/tile_28042.png,2
arctic_vegetation/20230724_birch24_m3m/BIRC/tile_28043.png,2
arctic_vegetation/20230724_birch24_m3m/BIRC/tile_28141.png,2
arctic_vegetation/20230724_birch24_m3m/BIRC/tile_28142.png,2
arctic_vegetation/20230724_birch24_m3m/BIRC/tile_28143.png,2
arctic_vegetation/20230724_birch24_m3m/BIRC/tile_28144.png,2
arctic_vegetation/20230724_birch24_m3m/BIRC/tile_28145.png,2
arctic_vegetation/20230724_birch24_m3m/BIRC/tile_28146.png,2
arctic_vegetation/20230724_birch24_m3m/BIRC/tile_28147.png,2
arctic_vegetation/20230724_birch24_m3m/BIRC/tile_28148.png,2
arctic_vegetation/20230724_birch24_m3m/BIRC/tile_28149.png,2
arctic_vegetation/20230724_birch24_m3m/BIRC/tile_28150.png,2
arctic_vegetation/20230724_birch24_m3m/BIRC/tile_28151.png,2
arctic_vegetation/20230724_birch24_m3m/BIRC/tile_28152.png,2
arctic_vegetation/20230724_birch24_m3m/BIRC/tile_28153.png,2
arctic_vegetation/20230724_birch24_m3m/BIRC/tile_28154.png,2
arctic_vegetation/20230724_birch24_m3m/BIRC/tile_28155.png,2
arctic_vegetation/20230724_birch24_m3m/BIRC/tile_28156.png,2
arctic_vegetation/20230724_birch24_m3m/BIRC/tile_28157.png,2
arctic_vegetation/20230724_birch24_m3m/BIRC/tile_28158.png,2
arctic_vegetation/20230724_birch24_m3m/BIRC/tile_28159.png,2
arctic_vegetation/20230724_birch24_m3m/BIRC/tile_28160.png,2
arctic_vegetation/20230724_birch24_m3m/BIRC/tile_28161.png,2
arctic_vegetation/20230724_birch24_m3m/BIRC/tile_28162.png,2
arctic_vegetation/20230724_birch24_m3m/BIRC/tile_28163.png,2
arctic_vegetation/20230724_birch24_m3m/BIRC/tile_28164.png,2
arctic_vegetation/20230724_birch24_m3m/BIRC/tile_28165.png,2
arctic_vegetation/20230724_birch24_m3m/BIRC/tile_28166.png,2
arctic_vegetation/20230724_birch24_m3m/BIRC/tile_28167.png,2
arctic_vegetation/20230724_birch24_m3m/BIRC/tile_28168.png,2
arctic_vegetation/20230724_birch24_m3m/BIRC/tile_28169.png,2
arctic_vegetation/20230724_birch24_m3m/BIRC/tile_28170.png,2
arctic_vegetation/20230724_birch24_m3m/BIRC/tile_28171.png,2
arctic_vegetation/20230724_birch24_m3m/BIRC/tile_28172.png,2
arctic_vegetation/20230724_birch24_m3m/BIRC/tile_28173.png,2
arctic_vegetation/20230724_birch24_m3m/BIRC/tile_28174.png,2
arctic_vegetation/20230724_birch24_m3m/BIRC/tile_28175.png,2
arctic_vegetation/20230724_birch24_m3m/BIRC/tile_28176.png,2
arctic_vegetation/20230724_birch24_m3m/LICH/tile_28177.png,4
arctic_vegetation/20230724_birch24_m3m/BIRC/tile_28178.png,2
arctic_vegetation/20230724_birch24_m3m/BIRC/tile_28179.png,2
arctic_vegetation/20230724_birch24_m3m/BIRC/tile_28180.png,2
arctic_vegetation/20230724_birch24_m3m/BIRC/tile_28181.png,2
arctic_vegetation/20230724_birch24_m3m/BIRC/tile_28182.png,2
arctic_vegetation/20230724_birch24_m3m/BIRC/tile_28183.png,2
arctic_vegetation/20230724_birch24_m3m/BIRC/tile_28184.png,2
arctic_vegetation/20230724_birch24_m3m/BIRC/tile_28185.png,2
arctic_vegetation/20230724_birch24_m3m/BIRC/tile_28186.png,2
arctic_vegetation/20230724_birch24_m3m/BIRC/tile_28187.png,2
arctic_vegetation/20230724_birch24_m3m/BIRC/tile_28188.png,2
arctic_vegetation/20230724_birch24_m3m/BIRC/tile_28189.png,2
arctic_vegetation/20230724_birch24_m3m/BIRC/tile_28190.png,2
arctic_vegetation/20230724_birch24_m3m/BIRC/tile_28191.png,2
arctic_vegetation/20230724_birch24_m3m/BIRC/tile_28192.png,2
arctic_vegetation/20230724_birch24_m3m/BIRC/tile_28193.png,2
arctic_vegetation/20230724_birch24_m3m/BIRC/tile_28194.png,2
arctic_vegetation/20230724_birch24_m3m/BIRC/tile_28195.png,2
arctic_vegetation/20230724_birch24_m3m/BIRC/tile_28196.png,2
arctic_vegetation/20230724_birch24_m3m/BIRC/tile_28197.png,2
arctic_vegetation/20230724_birch24_m3m/BIRC/tile_28198.png,2
arctic_vegetation/20230724_birch24_m3m/BIRC/tile_28199.png,2
arctic_vegetation/20230724_birch24_m3m/BIRC/tile_28200.png,2
arctic_vegetation/20230724_birch24_m3m/BIRC/tile_28201.png,2
arctic_vegetation/20230724_birch24_m3m/BIRC/tile_28202.png,2
arctic_vegetation/20230724_birch24_m3m/BIRC/tile_28203.png,2
arctic_vegetation/20230724_birch24_m3m/BIRC/tile_28204.png,2
arctic_vegetation/20230724_birch24_m3m/BIRC/tile_28205.png,2
arctic_vegetation/20230724_birch24_m3m/BIRC/tile_28206.png,2
arctic_vegetation/20230724_birch24_m3m/BIRC/tile_28207.png,2
arctic_vegetation/20230724_birch24_m3m/BIRC/tile_28208.png,2
arctic_vegetation/20230724_birch24_m3m/BIRC/tile_28209.png,2
arctic_vegetation/20230724_birch24_m3m/BIRC/tile_28210.png,2
arctic_vegetation/20230724_birch24_m3m/BIRC/tile_28211.png,2
arctic_vegetation/20230724_birch24_m3m/BIRC/tile_28212.png,2
arctic_vegetation/20230724_birch24_m3m/BIRC/tile_28213.png,2
arctic_vegetation/20230724_birch24_m3m/BIRC/tile_28214.png,2
arctic_vegetation/20230724_birch24_m3m/BIRC/tile_28215.png,2
arctic_vegetation/20230724_birch24_m3m/BIRC/tile_28216.png,2
arctic_vegetation/20230724_birch24_m3m/BIRC/tile_28217.png,2
arctic_vegetation/20230724_birch24_m3m/BIRC/tile_28218.png,2
arctic_vegetation/20230724_birch24_m3m/BIRC/tile_28219.png,2
arctic_vegetation/20230724_birch24_m3m/BIRC/tile_28221.png,2
arctic_vegetation/20230724_birch24_m3m/BIRC/tile_28222.png,2
arctic_vegetation/20230724_birch24_m3m/BIRC/tile_28223.png,2
arctic_vegetation/20230724_birch24_m3m/BIRC/tile_28224.png,2
arctic_vegetation/20230724_birch24_m3m/PETF/tile_28225.png,6
arctic_vegetation/20230724_birch24_m3m/BIRC/tile_28226.png,2
arctic_vegetation/20230724_birch24_m3m/BIRC/tile_28227.png,2
arctic_vegetation/20230724_birch24_m3m/BIRC/tile_28228.png,2
arctic_vegetation/20230724_birch24_m3m/BIRC/tile_28229.png,2
arctic_vegetation/20230724_birch24_m3m/BIRC/tile_28230.png,2
arctic_vegetation/20230724_birch24_m3m/BIRC/tile_28231.png,2
arctic_vegetation/20230724_birch24_m3m/BIRC/tile_28232.png,2
arctic_vegetation/20230724_birch24_m3m/PETF/tile_28233.png,6
arctic_vegetation/20230724_birch24_m3m/PETF/tile_28234.png,6
arctic_vegetation/20230724_birch24_m3m/PETF/tile_28235.png,6
arctic_vegetation/20230724_birch24_m3m/BIRC/tile_28236.png,2
arctic_vegetation/20230724_birch24_m3m/BIRC/tile_28237.png,2
arctic_vegetation/20230724_birch24_m3m/BIRC/tile_28238.png,2
arctic_vegetation/20230724_birch24_m3m/BIRC/tile_28239.png,2
arctic_vegetation/20230724_birch24_m3m/BIRC/tile_28240.png,2
arctic_vegetation/20230724_birch24_m3m/BIRC/tile_28241.png,2
arctic_vegetation/20230724_birch24_m3m/BIRC/tile_28242.png,2
arctic_vegetation/20230724_birch24_m3m/BIRC/tile_28243.png,2
arctic_vegetation/20230724_birch24_m3m/BIRC/tile_28244.png,2
arctic_vegetation/20230724_birch24_m3m/BIRC/tile_28245.png,2
arctic_vegetation/20230724_birch24_m3m/BIRC/tile_28246.png,2
arctic_vegetation/20230724_birch24_m3m/BIRC/tile_28247.png,2
arctic_vegetation/20230724_birch24_m3m/BIRC/tile_28248.png,2
arctic_vegetation/20230724_birch24_m3m/BIRC/tile_28249.png,2
arctic_vegetation/20230724_birch24_m3m/BIRC/tile_28250.png,2
arctic_vegetation/20230724_birch24_m3m/BIRC/tile_28251.png,2
arctic_vegetation/20230724_birch24_m3m/BIRC/tile_28252.png,2
arctic_vegetation/20230724_birch24_m3m/BIRC/tile_28253.png,2
arctic_vegetation/20230724_birch24_m3m/BIRC/tile_28254.png,2
arctic_vegetation/20230724_birch24_m3m/BIRC/tile_28255.png,2
arctic_vegetation/20230724_birch24_m3m/BIRC/tile_28256.png,2
arctic_vegetation/20230724_birch24_m3m/BIRC/tile_28257.png,2
arctic_vegetation/20230724_birch24_m3m/PETF/tile_28258.png,6
arctic_vegetation/20230724_birch24_m3m/BIRC/tile_28355.png,2
arctic_vegetation/20230724_birch24_m3m/BIRC/tile_28356.png,2
arctic_vegetation/20230724_birch24_m3m/BIRC/tile_28357.png,2
arctic_vegetation/20230724_birch24_m3m/BIRC/tile_28358.png,2
arctic_vegetation/20230724_birch24_m3m/BIRC/tile_28359.png,2
arctic_vegetation/20230724_birch24_m3m/BIRC/tile_28360.png,2
arctic_vegetation/20230724_birch24_m3m/BIRC/tile_28361.png,2
arctic_vegetation/20230724_birch24_m3m/BIRC/tile_28362.png,2
arctic_vegetation/20230724_birch24_m3m/BIRC/tile_28363.png,2
arctic_vegetation/20230724_birch24_m3m/BIRC/tile_28364.png,2
arctic_vegetation/20230724_birch24_m3m/BIRC/tile_28365.png,2
arctic_vegetation/20230724_birch24_m3m/BIRC/tile_28366.png,2
arctic_vegetation/20230724_birch24_m3m/BIRC/tile_28367.png,2
arctic_vegetation/20230724_birch24_m3m/BIRC/tile_28368.png,2
arctic_vegetation/20230724_birch24_m3m/BIRC/tile_28369.png,2
arctic_vegetation/20230724_birch24_m3m/BIRC/tile_28370.png,2
arctic_vegetation/20230724_birch24_m3m/BIRC/tile_28371.png,2
arctic_vegetation/20230724_birch24_m3m/BIRC/tile_28372.png,2
arctic_vegetation/20230724_birch24_m3m/BIRC/tile_28373.png,2
arctic_vegetation/20230724_birch24_m3m/BIRC/tile_28374.png,2
arctic_vegetation/20230724_birch24_m3m/BIRC/tile_28375.png,2
arctic_vegetation/20230724_birch24_m3m/BIRC/tile_28376.png,2
arctic_vegetation/20230724_birch24_m3m/BIRC/tile_28377.png,2
arctic_vegetation/20230724_birch24_m3m/BIRC/tile_28378.png,2
arctic_vegetation/20230724_birch24_m3m/BIRC/tile_28379.png,2
arctic_vegetation/20230724_birch24_m3m/BIRC/tile_28380.png,2
arctic_vegetation/20230724_birch24_m3m/BIRC/tile_28381.png,2
arctic_vegetation/20230724_birch24_m3m/DRYI/tile_28382.png,3
arctic_vegetation/20230724_birch24_m3m/BIRC/tile_28383.png,2
arctic_vegetation/20230724_birch24_m3m/BIRC/tile_28384.png,2
arctic_vegetation/20230724_birch24_m3m/BIRC/tile_28385.png,2
arctic_vegetation/20230724_birch24_m3m/BIRC/tile_28386.png,2
arctic_vegetation/20230724_birch24_m3m/BIRC/tile_28387.png,2
arctic_vegetation/20230724_birch24_m3m/BIRC/tile_28388.png,2
arctic_vegetation/20230724_birch24_m3m/BIRC/tile_28389.png,2
arctic_vegetation/20230724_birch24_m3m/BIRC/tile_28390.png,2
arctic_vegetation/20230724_birch24_m3m/LICH/tile_28391.png,4
arctic_vegetation/20230724_birch24_m3m/BIRC/tile_28392.png,2
arctic_vegetation/20230724_birch24_m3m/BIRC/tile_28393.png,2
arctic_vegetation/20230724_birch24_m3m/BIRC/tile_28394.png,2
arctic_vegetation/20230724_birch24_m3m/BIRC/tile_28395.png,2
arctic_vegetation/20230724_birch24_m3m/BIRC/tile_28396.png,2
arctic_vegetation/20230724_birch24_m3m/BIRC/tile_28397.png,2
arctic_vegetation/20230724_birch24_m3m/BIRC/tile_28398.png,2
arctic_vegetation/20230724_birch24_m3m/BIRC/tile_28399.png,2
arctic_vegetation/20230724_birch24_m3m/BIRC/tile_28400.png,2
arctic_vegetation/20230724_birch24_m3m/BIRC/tile_28401.png,2
arctic_vegetation/20230724_birch24_m3m/DRYI/tile_28402.png,3
arctic_vegetation/20230724_birch24_m3m/BIRC/tile_28404.png,2
arctic_vegetation/20230724_birch24_m3m/BIRC/tile_28405.png,2
arctic_vegetation/20230724_birch24_m3m/BIRC/tile_28407.png,2
arctic_vegetation/20230724_birch24_m3m/BIRC/tile_28408.png,2
arctic_vegetation/20230724_birch24_m3m/BIRC/tile_28409.png,2
arctic_vegetation/20230724_birch24_m3m/BIRC/tile_28410.png,2
arctic_vegetation/20230724_birch24_m3m/BIRC/tile_28411.png,2
arctic_vegetation/20230724_birch24_m3m/BIRC/tile_28412.png,2
arctic_vegetation/20230724_birch24_m3m/BIRC/tile_28413.png,2
arctic_vegetation/20230724_birch24_m3m/BIRC/tile_28414.png,2
arctic_vegetation/20230724_birch24_m3m/BIRC/tile_28415.png,2
arctic_vegetation/20230724_birch24_m3m/BIRC/tile_28416.png,2
arctic_vegetation/20230724_birch24_m3m/BIRC/tile_28417.png,2
arctic_vegetation/20230724_birch24_m3m/BIRC/tile_28418.png,2
arctic_vegetation/20230724_birch24_m3m/BIRC/tile_28419.png,2
arctic_vegetation/20230724_birch24_m3m/BIRC/tile_28420.png,2
arctic_vegetation/20230724_birch24_m3m/BIRC/tile_28421.png,2
arctic_vegetation/20230724_birch24_m3m/BIRC/tile_28422.png,2
arctic_vegetation/20230724_birch24_m3m/BIRC/tile_28423.png,2
arctic_vegetation/20230724_birch24_m3m/BIRC/tile_28424.png,2
arctic_vegetation/20230724_birch24_m3m/BIRC/tile_28425.png,2
arctic_vegetation/20230724_birch24_m3m/BIRC/tile_28426.png,2
arctic_vegetation/20230724_birch24_m3m/BIRC/tile_28427.png,2
arctic_vegetation/20230724_birch24_m3m/BIRC/tile_28428.png,2
arctic_vegetation/20230724_birch24_m3m/BIRC/tile_28429.png,2
arctic_vegetation/20230724_birch24_m3m/BIRC/tile_28430.png,2
arctic_vegetation/20230724_birch24_m3m/BIRC/tile_28431.png,2
arctic_vegetation/20230724_birch24_m3m/BIRC/tile_28432.png,2
arctic_vegetation/20230724_birch24_m3m/BIRC/tile_28433.png,2
arctic_vegetation/20230724_birch24_m3m/BIRC/tile_28435.png,2
arctic_vegetation/20230724_birch24_m3m/BIRC/tile_28436.png,2
arctic_vegetation/20230724_birch24_m3m/BIRC/tile_28437.png,2
arctic_vegetation/20230724_birch24_m3m/BIRC/tile_28438.png,2
arctic_vegetation/20230724_birch24_m3m/BIRC/tile_28439.png,2
arctic_vegetation/20230724_birch24_m3m/BIRC/tile_28440.png,2
arctic_vegetation/20230724_birch24_m3m/BIRC/tile_28441.png,2
arctic_vegetation/20230724_birch24_m3m/BIRC/tile_28442.png,2
arctic_vegetation/20230724_birch24_m3m/BIRC/tile_28443.png,2
arctic_vegetation/20230724_birch24_m3m/BIRC/tile_28444.png,2
arctic_vegetation/20230724_birch24_m3m/BIRC/tile_28445.png,2
arctic_vegetation/20230724_birch24_m3m/BIRC/tile_28446.png,2
arctic_vegetation/20230724_birch24_m3m/BIRC/tile_28447.png,2
arctic_vegetation/20230724_birch24_m3m/BIRC/tile_28448.png,2
arctic_vegetation/20230724_birch24_m3m/BIRC/tile_28449.png,2
arctic_vegetation/20230724_birch24_m3m/BIRC/tile_28450.png,2
arctic_vegetation/20230724_birch24_m3m/BIRC/tile_28451.png,2
arctic_vegetation/20230724_birch24_m3m/BIRC/tile_28452.png,2
arctic_vegetation/20230724_birch24_m3m/PETF/tile_28453.png,6
arctic_vegetation/20230724_birch24_m3m/PETF/tile_28454.png,6
arctic_vegetation/20230724_birch24_m3m/BIRC/tile_28455.png,2
arctic_vegetation/20230724_birch24_m3m/BIRC/tile_28456.png,2
arctic_vegetation/20230724_birch24_m3m/BIRC/tile_28457.png,2
arctic_vegetation/20230724_birch24_m3m/BIRC/tile_28458.png,2
arctic_vegetation/20230724_birch24_m3m/BIRC/tile_28459.png,2
arctic_vegetation/20230724_birch24_m3m/BIRC/tile_28460.png,2
arctic_vegetation/20230724_birch24_m3m/BIRC/tile_28461.png,2
arctic_vegetation/20230724_birch24_m3m/BIRC/tile_28462.png,2
arctic_vegetation/20230724_birch24_m3m/BIRC/tile_28463.png,2
arctic_vegetation/20230724_birch24_m3m/BIRC/tile_28464.png,2
arctic_vegetation/20230724_birch24_m3m/BIRC/tile_28465.png,2
arctic_vegetation/20230724_birch24_m3m/BIRC/tile_28466.png,2
arctic_vegetation/20230724_birch24_m3m/BIRC/tile_28467.png,2
arctic_vegetation/20230724_birch24_m3m/BIRC/tile_28468.png,2
arctic_vegetation/20230724_birch24_m3m/BIRC/tile_28469.png,2
arctic_vegetation/20230724_birch24_m3m/BIRC/tile_28470.png,2
arctic_vegetation/20230724_birch24_m3m/BIRC/tile_28471.png,2
arctic_vegetation/20230724_birch24_m3m/PETF/tile_28472.png,6
arctic_vegetation/20230724_birch24_m3m/BIRC/tile_28569.png,2
arctic_vegetation/20230724_birch24_m3m/BIRC/tile_28570.png,2
arctic_vegetation/20230724_birch24_m3m/BIRC/tile_28571.png,2
arctic_vegetation/20230724_birch24_m3m/BIRC/tile_28572.png,2
arctic_vegetation/20230724_birch24_m3m/BIRC/tile_28578.png,2
arctic_vegetation/20230724_birch24_m3m/BIRC/tile_28579.png,2
arctic_vegetation/20230724_birch24_m3m/BIRC/tile_28580.png,2
arctic_vegetation/20230724_birch24_m3m/BIRC/tile_28581.png,2
arctic_vegetation/20230724_birch24_m3m/BIRC/tile_28582.png,2
arctic_vegetation/20230724_birch24_m3m/BIRC/tile_28583.png,2
arctic_vegetation/20230724_birch24_m3m/BIRC/tile_28584.png,2
arctic_vegetation/20230724_birch24_m3m/BIRC/tile_28585.png,2
arctic_vegetation/20230724_birch24_m3m/BIRC/tile_28586.png,2
arctic_vegetation/20230724_birch24_m3m/BIRC/tile_28587.png,2
arctic_vegetation/20230724_birch24_m3m/BIRC/tile_28588.png,2
arctic_vegetation/20230724_birch24_m3m/BIRC/tile_28589.png,2
arctic_vegetation/20230724_birch24_m3m/BIRC/tile_28590.png,2
arctic_vegetation/20230724_birch24_m3m/BIRC/tile_28591.png,2
arctic_vegetation/20230724_birch24_m3m/BIRC/tile_28592.png,2
arctic_vegetation/20230724_birch24_m3m/BIRC/tile_28593.png,2
arctic_vegetation/20230724_birch24_m3m/BIRC/tile_28594.png,2
arctic_vegetation/20230724_birch24_m3m/DRYI/tile_28595.png,3
arctic_vegetation/20230724_birch24_m3m/DRYI/tile_28596.png,3
arctic_vegetation/20230724_birch24_m3m/BIRC/tile_28597.png,2
arctic_vegetation/20230724_birch24_m3m/BIRC/tile_28598.png,2
arctic_vegetation/20230724_birch24_m3m/BIRC/tile_28599.png,2
arctic_vegetation/20230724_birch24_m3m/BIRC/tile_28600.png,2
arctic_vegetation/20230724_birch24_m3m/BIRC/tile_28601.png,2
arctic_vegetation/20230724_birch24_m3m/BIRC/tile_28602.png,2
arctic_vegetation/20230724_birch24_m3m/BIRC/tile_28603.png,2
arctic_vegetation/20230724_birch24_m3m/BIRC/tile_28604.png,2
arctic_vegetation/20230724_birch24_m3m/BIRC/tile_28605.png,2
arctic_vegetation/20230724_birch24_m3m/BIRC/tile_28606.png,2
arctic_vegetation/20230724_birch24_m3m/BIRC/tile_28607.png,2
arctic_vegetation/20230724_birch24_m3m/BIRC/tile_28608.png,2
arctic_vegetation/20230724_birch24_m3m/BIRC/tile_28609.png,2
arctic_vegetation/20230724_birch24_m3m/BIRC/tile_28610.png,2
arctic_vegetation/20230724_birch24_m3m/BIRC/tile_28611.png,2
arctic_vegetation/20230724_birch24_m3m/BIRC/tile_28612.png,2
arctic_vegetation/20230724_birch24_m3m/BIRC/tile_28613.png,2
arctic_vegetation/20230724_birch24_m3m/BIRC/tile_28614.png,2
arctic_vegetation/20230724_birch24_m3m/BIRC/tile_28615.png,2
arctic_vegetation/20230724_birch24_m3m/DRYI/tile_28616.png,3
arctic_vegetation/20230724_birch24_m3m/DRYI/tile_28617.png,3
arctic_vegetation/20230724_birch24_m3m/BIRC/tile_28618.png,2
arctic_vegetation/20230724_birch24_m3m/BIRC/tile_28619.png,2
arctic_vegetation/20230724_birch24_m3m/BIRC/tile_28621.png,2
arctic_vegetation/20230724_birch24_m3m/BIRC/tile_28622.png,2
arctic_vegetation/20230724_birch24_m3m/BIRC/tile_28623.png,2
arctic_vegetation/20230724_birch24_m3m/BIRC/tile_28624.png,2
arctic_vegetation/20230724_birch24_m3m/BIRC/tile_28625.png,2
arctic_vegetation/20230724_birch24_m3m/BIRC/tile_28626.png,2
arctic_vegetation/20230724_birch24_m3m/BIRC/tile_28627.png,2
arctic_vegetation/20230724_birch24_m3m/BIRC/tile_28628.png,2
arctic_vegetation/20230724_birch24_m3m/BIRC/tile_28629.png,2
arctic_vegetation/20230724_birch24_m3m/BIRC/tile_28630.png,2
arctic_vegetation/20230724_birch24_m3m/BIRC/tile_28631.png,2
arctic_vegetation/20230724_birch24_m3m/BIRC/tile_28632.png,2
arctic_vegetation/20230724_birch24_m3m/BIRC/tile_28633.png,2
arctic_vegetation/20230724_birch24_m3m/BIRC/tile_28634.png,2
arctic_vegetation/20230724_birch24_m3m/BIRC/tile_28635.png,2
arctic_vegetation/20230724_birch24_m3m/BIRC/tile_28636.png,2
arctic_vegetation/20230724_birch24_m3m/BIRC/tile_28637.png,2
arctic_vegetation/20230724_birch24_m3m/BIRC/tile_28638.png,2
arctic_vegetation/20230724_birch24_m3m/BIRC/tile_28639.png,2
arctic_vegetation/20230724_birch24_m3m/BIRC/tile_28640.png,2
arctic_vegetation/20230724_birch24_m3m/BIRC/tile_28641.png,2
arctic_vegetation/20230724_birch24_m3m/BIRC/tile_28642.png,2
arctic_vegetation/20230724_birch24_m3m/BIRC/tile_28643.png,2
arctic_vegetation/20230724_birch24_m3m/BIRC/tile_28644.png,2
arctic_vegetation/20230724_birch24_m3m/BIRC/tile_28645.png,2
arctic_vegetation/20230724_birch24_m3m/BIRC/tile_28646.png,2
arctic_vegetation/20230724_birch24_m3m/BIRC/tile_28647.png,2
arctic_vegetation/20230724_birch24_m3m/BIRC/tile_28648.png,2
arctic_vegetation/20230724_birch24_m3m/BIRC/tile_28649.png,2
arctic_vegetation/20230724_birch24_m3m/BIRC/tile_28650.png,2
arctic_vegetation/20230724_birch24_m3m/BIRC/tile_28651.png,2
arctic_vegetation/20230724_birch24_m3m/BIRC/tile_28652.png,2
arctic_vegetation/20230724_birch24_m3m/BIRC/tile_28653.png,2
arctic_vegetation/20230724_birch24_m3m/BIRC/tile_28654.png,2
arctic_vegetation/20230724_birch24_m3m/BIRC/tile_28655.png,2
arctic_vegetation/20230724_birch24_m3m/BIRC/tile_28656.png,2
arctic_vegetation/20230724_birch24_m3m/BIRC/tile_28657.png,2
arctic_vegetation/20230724_birch24_m3m/BIRC/tile_28658.png,2
arctic_vegetation/20230724_birch24_m3m/BIRC/tile_28659.png,2
arctic_vegetation/20230724_birch24_m3m/BIRC/tile_28660.png,2
arctic_vegetation/20230724_birch24_m3m/BIRC/tile_28661.png,2
arctic_vegetation/20230724_birch24_m3m/BIRC/tile_28662.png,2
arctic_vegetation/20230724_birch24_m3m/BIRC/tile_28663.png,2
arctic_vegetation/20230724_birch24_m3m/BIRC/tile_28664.png,2
arctic_vegetation/20230724_birch24_m3m/BIRC/tile_28665.png,2
arctic_vegetation/20230724_birch24_m3m/BIRC/tile_28666.png,2
arctic_vegetation/20230724_birch24_m3m/BIRC/tile_28667.png,2
arctic_vegetation/20230724_birch24_m3m/BIRC/tile_28668.png,2
arctic_vegetation/20230724_birch24_m3m/BIRC/tile_28669.png,2
arctic_vegetation/20230724_birch24_m3m/BIRC/tile_28670.png,2
arctic_vegetation/20230724_birch24_m3m/BIRC/tile_28671.png,2
arctic_vegetation/20230724_birch24_m3m/BIRC/tile_28672.png,2
arctic_vegetation/20230724_birch24_m3m/BIRC/tile_28673.png,2
arctic_vegetation/20230724_birch24_m3m/BIRC/tile_28674.png,2
arctic_vegetation/20230724_birch24_m3m/BIRC/tile_28675.png,2
arctic_vegetation/20230724_birch24_m3m/BIRC/tile_28676.png,2
arctic_vegetation/20230724_birch24_m3m/BIRC/tile_28677.png,2
arctic_vegetation/20230724_birch24_m3m/BIRC/tile_28678.png,2
arctic_vegetation/20230724_birch24_m3m/BIRC/tile_28679.png,2
arctic_vegetation/20230724_birch24_m3m/BIRC/tile_28680.png,2
arctic_vegetation/20230724_birch24_m3m/BIRC/tile_28681.png,2
arctic_vegetation/20230724_birch24_m3m/BIRC/tile_28682.png,2
arctic_vegetation/20230724_birch24_m3m/BIRC/tile_28683.png,2
arctic_vegetation/20230724_birch24_m3m/BIRC/tile_28684.png,2
arctic_vegetation/20230724_birch24_m3m/BIRC/tile_28685.png,2
arctic_vegetation/20230724_birch24_m3m/BIRC/tile_28686.png,2
arctic_vegetation/20230724_birch24_m3m/BIRC/tile_28687.png,2
arctic_vegetation/20230724_birch24_m3m/BIRC/tile_28688.png,2
arctic_vegetation/20230724_birch24_m3m/BIRC/tile_28689.png,2
arctic_vegetation/20230724_birch24_m3m/BIRC/tile_28690.png,2
arctic_vegetation/20230724_birch24_m3m/DRYI/tile_28691.png,3
arctic_vegetation/20230724_birch24_m3m/DRYI/tile_28692.png,3
arctic_vegetation/20230724_birch24_m3m/BIRC/tile_28693.png,2
arctic_vegetation/20230724_birch24_m3m/BIRC/tile_28694.png,2
arctic_vegetation/20230724_birch24_m3m/BIRC/tile_28792.png,2
arctic_vegetation/20230724_birch24_m3m/BIRC/tile_28793.png,2
arctic_vegetation/20230724_birch24_m3m/BIRC/tile_28794.png,2
arctic_vegetation/20230724_birch24_m3m/BIRC/tile_28795.png,2
arctic_vegetation/20230724_birch24_m3m/BIRC/tile_28796.png,2
arctic_vegetation/20230724_birch24_m3m/BIRC/tile_28797.png,2
arctic_vegetation/20230724_birch24_m3m/BIRC/tile_28798.png,2
arctic_vegetation/20230724_birch24_m3m/BIRC/tile_28799.png,2
arctic_vegetation/20230724_birch24_m3m/WILL/tile_28800.png,11
arctic_vegetation/20230724_birch24_m3m/BIRC/tile_28801.png,2
arctic_vegetation/20230724_birch24_m3m/BIRC/tile_28802.png,2
arctic_vegetation/20230724_birch24_m3m/BIRC/tile_28803.png,2
arctic_vegetation/20230724_birch24_m3m/BIRC/tile_28804.png,2
arctic_vegetation/20230724_birch24_m3m/BIRC/tile_28805.png,2
arctic_vegetation/20230724_birch24_m3m/BIRC/tile_28806.png,2
arctic_vegetation/20230724_birch24_m3m/BIRC/tile_28807.png,2
arctic_vegetation/20230724_birch24_m3m/BIRC/tile_28808.png,2
arctic_vegetation/20230724_birch24_m3m/BIRC/tile_28809.png,2
arctic_vegetation/20230724_birch24_m3m/BIRC/tile_28810.png,2
arctic_vegetation/20230724_birch24_m3m/BIRC/tile_28811.png,2
arctic_vegetation/20230724_birch24_m3m/BIRC/tile_28812.png,2
arctic_vegetation/20230724_birch24_m3m/BIRC/tile_28813.png,2
arctic_vegetation/20230724_birch24_m3m/BIRC/tile_28814.png,2
arctic_vegetation/20230724_birch24_m3m/BIRC/tile_28815.png,2
arctic_vegetation/20230724_birch24_m3m/BIRC/tile_28816.png,2
arctic_vegetation/20230724_birch24_m3m/BIRC/tile_28817.png,2
arctic_vegetation/20230724_birch24_m3m/BIRC/tile_28818.png,2
arctic_vegetation/20230724_birch24_m3m/BIRC/tile_28819.png,2
arctic_vegetation/20230724_birch24_m3m/BIRC/tile_28820.png,2
arctic_vegetation/20230724_birch24_m3m/BIRC/tile_28821.png,2
arctic_vegetation/20230724_birch24_m3m/BIRC/tile_28822.png,2
arctic_vegetation/20230724_birch24_m3m/BIRC/tile_28823.png,2
arctic_vegetation/20230724_birch24_m3m/BIRC/tile_28824.png,2
arctic_vegetation/20230724_birch24_m3m/BIRC/tile_28825.png,2
arctic_vegetation/20230724_birch24_m3m/BIRC/tile_28826.png,2
arctic_vegetation/20230724_birch24_m3m/BIRC/tile_28827.png,2
arctic_vegetation/20230724_birch24_m3m/BIRC/tile_28828.png,2
arctic_vegetation/20230724_birch24_m3m/BIRC/tile_28829.png,2
arctic_vegetation/20230724_birch24_m3m/DRYI/tile_28830.png,3
arctic_vegetation/20230724_birch24_m3m/DRYI/tile_28831.png,3
arctic_vegetation/20230724_birch24_m3m/BIRC/tile_28832.png,2
arctic_vegetation/20230724_birch24_m3m/BIRC/tile_28833.png,2
arctic_vegetation/20230724_birch24_m3m/BIRC/tile_28834.png,2
arctic_vegetation/20230724_birch24_m3m/BIRC/tile_28835.png,2
arctic_vegetation/20230724_birch24_m3m/BIRC/tile_28836.png,2
arctic_vegetation/20230724_birch24_m3m/BIRC/tile_28837.png,2
arctic_vegetation/20230724_birch24_m3m/BIRC/tile_28838.png,2
arctic_vegetation/20230724_birch24_m3m/BIRC/tile_28839.png,2
arctic_vegetation/20230724_birch24_m3m/BIRC/tile_28840.png,2
arctic_vegetation/20230724_birch24_m3m/BIRC/tile_28841.png,2
arctic_vegetation/20230724_birch24_m3m/BIRC/tile_28842.png,2
arctic_vegetation/20230724_birch24_m3m/BIRC/tile_28843.png,2
arctic_vegetation/20230724_birch24_m3m/BIRC/tile_28844.png,2
arctic_vegetation/20230724_birch24_m3m/BIRC/tile_28845.png,2
arctic_vegetation/20230724_birch24_m3m/BIRC/tile_28846.png,2
arctic_vegetation/20230724_birch24_m3m/BIRC/tile_28847.png,2
arctic_vegetation/20230724_birch24_m3m/BIRC/tile_28848.png,2
arctic_vegetation/20230724_birch24_m3m/BIRC/tile_28849.png,2
arctic_vegetation/20230724_birch24_m3m/BIRC/tile_28850.png,2
arctic_vegetation/20230724_birch24_m3m/BIRC/tile_28851.png,2
arctic_vegetation/20230724_birch24_m3m/BIRC/tile_28852.png,2
arctic_vegetation/20230724_birch24_m3m/BIRC/tile_28853.png,2
arctic_vegetation/20230724_birch24_m3m/BIRC/tile_28854.png,2
arctic_vegetation/20230724_birch24_m3m/BIRC/tile_28855.png,2
arctic_vegetation/20230724_birch24_m3m/BIRC/tile_28856.png,2
arctic_vegetation/20230724_birch24_m3m/BIRC/tile_28857.png,2
arctic_vegetation/20230724_birch24_m3m/BIRC/tile_28858.png,2
arctic_vegetation/20230724_birch24_m3m/BIRC/tile_28859.png,2
arctic_vegetation/20230724_birch24_m3m/BIRC/tile_28860.png,2
arctic_vegetation/20230724_birch24_m3m/BIRC/tile_28861.png,2
arctic_vegetation/20230724_birch24_m3m/BIRC/tile_28862.png,2
arctic_vegetation/20230724_birch24_m3m/BIRC/tile_28863.png,2
arctic_vegetation/20230724_birch24_m3m/BIRC/tile_28864.png,2
arctic_vegetation/20230724_birch24_m3m/BIRC/tile_28865.png,2
arctic_vegetation/20230724_birch24_m3m/BIRC/tile_28866.png,2
arctic_vegetation/20230724_birch24_m3m/BIRC/tile_28867.png,2
arctic_vegetation/20230724_birch24_m3m/BIRC/tile_28868.png,2
arctic_vegetation/20230724_birch24_m3m/BIRC/tile_28869.png,2
arctic_vegetation/20230724_birch24_m3m/BIRC/tile_28870.png,2
arctic_vegetation/20230724_birch24_m3m/BIRC/tile_28871.png,2
arctic_vegetation/20230724_birch24_m3m/BIRC/tile_28872.png,2
arctic_vegetation/20230724_birch24_m3m/BIRC/tile_28873.png,2
arctic_vegetation/20230724_birch24_m3m/BIRC/tile_28874.png,2
arctic_vegetation/20230724_birch24_m3m/BIRC/tile_28875.png,2
arctic_vegetation/20230724_birch24_m3m/BIRC/tile_28876.png,2
arctic_vegetation/20230724_birch24_m3m/BIRC/tile_28877.png,2
arctic_vegetation/20230724_birch24_m3m/BIRC/tile_28878.png,2
arctic_vegetation/20230724_birch24_m3m/BIRC/tile_28879.png,2
arctic_vegetation/20230724_birch24_m3m/BIRC/tile_28880.png,2
arctic_vegetation/20230724_birch24_m3m/BIRC/tile_28881.png,2
arctic_vegetation/20230724_birch24_m3m/BIRC/tile_28882.png,2
arctic_vegetation/20230724_birch24_m3m/BIRC/tile_28883.png,2
arctic_vegetation/20230724_birch24_m3m/BIRC/tile_28884.png,2
arctic_vegetation/20230724_birch24_m3m/BIRC/tile_28885.png,2
arctic_vegetation/20230724_birch24_m3m/BIRC/tile_28886.png,2
arctic_vegetation/20230724_birch24_m3m/BIRC/tile_28887.png,2
arctic_vegetation/20230724_birch24_m3m/BIRC/tile_28888.png,2
arctic_vegetation/20230724_birch24_m3m/BIRC/tile_28889.png,2
arctic_vegetation/20230724_birch24_m3m/BIRC/tile_28890.png,2
arctic_vegetation/20230724_birch24_m3m/BIRC/tile_28891.png,2
arctic_vegetation/20230724_birch24_m3m/BIRC/tile_28892.png,2
arctic_vegetation/20230724_birch24_m3m/BIRC/tile_28893.png,2
arctic_vegetation/20230724_birch24_m3m/BIRC/tile_28894.png,2
arctic_vegetation/20230724_birch24_m3m/BIRC/tile_28895.png,2
arctic_vegetation/20230724_birch24_m3m/BIRC/tile_28896.png,2
arctic_vegetation/20230724_birch24_m3m/BIRC/tile_28897.png,2
arctic_vegetation/20230724_birch24_m3m/BIRC/tile_28898.png,2
arctic_vegetation/20230724_birch24_m3m/BIRC/tile_28899.png,2
arctic_vegetation/20230724_birch24_m3m/BIRC/tile_28900.png,2
arctic_vegetation/20230724_birch24_m3m/BIRC/tile_28901.png,2
arctic_vegetation/20230724_birch24_m3m/BIRC/tile_28902.png,2
arctic_vegetation/20230724_birch24_m3m/BIRC/tile_28903.png,2
arctic_vegetation/20230724_birch24_m3m/BIRC/tile_28904.png,2
arctic_vegetation/20230724_birch24_m3m/DRYI/tile_28905.png,3
arctic_vegetation/20230724_birch24_m3m/DRYI/tile_28906.png,3
arctic_vegetation/20230724_birch24_m3m/DRYI/tile_28907.png,3
arctic_vegetation/20230724_birch24_m3m/BIRC/tile_28908.png,2
arctic_vegetation/20230724_birch24_m3m/BIRC/tile_28999.png,2
arctic_vegetation/20230724_birch24_m3m/BIRC/tile_29000.png,2
arctic_vegetation/20230724_birch24_m3m/BIRC/tile_29001.png,2
arctic_vegetation/20230724_birch24_m3m/BIRC/tile_29002.png,2
arctic_vegetation/20230724_birch24_m3m/BIRC/tile_29003.png,2
arctic_vegetation/20230724_birch24_m3m/BIRC/tile_29004.png,2
arctic_vegetation/20230724_birch24_m3m/BIRC/tile_29008.png,2
arctic_vegetation/20230724_birch24_m3m/BIRC/tile_29009.png,2
arctic_vegetation/20230724_birch24_m3m/BIRC/tile_29010.png,2
arctic_vegetation/20230724_birch24_m3m/BIRC/tile_29011.png,2
arctic_vegetation/20230724_birch24_m3m/BIRC/tile_29013.png,2
arctic_vegetation/20230724_birch24_m3m/BIRC/tile_29014.png,2
arctic_vegetation/20230724_birch24_m3m/BIRC/tile_29015.png,2
arctic_vegetation/20230724_birch24_m3m/BIRC/tile_29016.png,2
arctic_vegetation/20230724_birch24_m3m/BIRC/tile_29017.png,2
arctic_vegetation/20230724_birch24_m3m/BIRC/tile_29018.png,2
arctic_vegetation/20230724_birch24_m3m/BIRC/tile_29019.png,2
arctic_vegetation/20230724_birch24_m3m/BIRC/tile_29020.png,2
arctic_vegetation/20230724_birch24_m3m/BIRC/tile_29021.png,2
arctic_vegetation/20230724_birch24_m3m/BIRC/tile_29022.png,2
arctic_vegetation/20230724_birch24_m3m/BIRC/tile_29023.png,2
arctic_vegetation/20230724_birch24_m3m/BIRC/tile_29024.png,2
arctic_vegetation/20230724_birch24_m3m/BIRC/tile_29025.png,2
arctic_vegetation/20230724_birch24_m3m/BIRC/tile_29026.png,2
arctic_vegetation/20230724_birch24_m3m/BIRC/tile_29027.png,2
arctic_vegetation/20230724_birch24_m3m/BIRC/tile_29028.png,2
arctic_vegetation/20230724_birch24_m3m/BIRC/tile_29029.png,2
arctic_vegetation/20230724_birch24_m3m/BIRC/tile_29030.png,2
arctic_vegetation/20230724_birch24_m3m/BIRC/tile_29031.png,2
arctic_vegetation/20230724_birch24_m3m/BIRC/tile_29032.png,2
arctic_vegetation/20230724_birch24_m3m/BIRC/tile_29033.png,2
arctic_vegetation/20230724_birch24_m3m/BIRC/tile_29034.png,2
arctic_vegetation/20230724_birch24_m3m/BIRC/tile_29035.png,2
arctic_vegetation/20230724_birch24_m3m/BIRC/tile_29036.png,2
arctic_vegetation/20230724_birch24_m3m/BIRC/tile_29037.png,2
arctic_vegetation/20230724_birch24_m3m/BIRC/tile_29038.png,2
arctic_vegetation/20230724_birch24_m3m/BIRC/tile_29039.png,2
arctic_vegetation/20230724_birch24_m3m/BIRC/tile_29040.png,2
arctic_vegetation/20230724_birch24_m3m/DRYI/tile_29041.png,3
arctic_vegetation/20230724_birch24_m3m/DRYI/tile_29042.png,3
arctic_vegetation/20230724_birch24_m3m/DRYI/tile_29043.png,3
arctic_vegetation/20230724_birch24_m3m/DRYI/tile_29044.png,3
arctic_vegetation/20230724_birch24_m3m/DRYI/tile_29045.png,3
arctic_vegetation/20230724_birch24_m3m/BIRC/tile_29046.png,2
arctic_vegetation/20230724_birch24_m3m/BIRC/tile_29047.png,2
arctic_vegetation/20230724_birch24_m3m/BIRC/tile_29048.png,2
arctic_vegetation/20230724_birch24_m3m/BIRC/tile_29049.png,2
arctic_vegetation/20230724_birch24_m3m/BIRC/tile_29050.png,2
arctic_vegetation/20230724_birch24_m3m/BIRC/tile_29051.png,2
arctic_vegetation/20230724_birch24_m3m/BIRC/tile_29052.png,2
arctic_vegetation/20230724_birch24_m3m/BIRC/tile_29053.png,2
arctic_vegetation/20230724_birch24_m3m/BIRC/tile_29054.png,2
arctic_vegetation/20230724_birch24_m3m/BIRC/tile_29055.png,2
arctic_vegetation/20230724_birch24_m3m/BIRC/tile_29056.png,2
arctic_vegetation/20230724_birch24_m3m/BIRC/tile_29057.png,2
arctic_vegetation/20230724_birch24_m3m/BIRC/tile_29058.png,2
arctic_vegetation/20230724_birch24_m3m/BIRC/tile_29059.png,2
arctic_vegetation/20230724_birch24_m3m/BIRC/tile_29060.png,2
arctic_vegetation/20230724_birch24_m3m/BIRC/tile_29061.png,2
arctic_vegetation/20230724_birch24_m3m/BIRC/tile_29062.png,2
arctic_vegetation/20230724_birch24_m3m/BIRC/tile_29063.png,2
arctic_vegetation/20230724_birch24_m3m/BIRC/tile_29064.png,2
arctic_vegetation/20230724_birch24_m3m/BIRC/tile_29065.png,2
arctic_vegetation/20230724_birch24_m3m/BIRC/tile_29066.png,2
arctic_vegetation/20230724_birch24_m3m/BIRC/tile_29067.png,2
arctic_vegetation/20230724_birch24_m3m/BIRC/tile_29068.png,2
arctic_vegetation/20230724_birch24_m3m/BIRC/tile_29069.png,2
arctic_vegetation/20230724_birch24_m3m/PETF/tile_29070.png,6
arctic_vegetation/20230724_birch24_m3m/PETF/tile_29071.png,6
arctic_vegetation/20230724_birch24_m3m/BIRC/tile_29072.png,2
arctic_vegetation/20230724_birch24_m3m/BIRC/tile_29073.png,2
arctic_vegetation/20230724_birch24_m3m/BIRC/tile_29074.png,2
arctic_vegetation/20230724_birch24_m3m/BIRC/tile_29075.png,2
arctic_vegetation/20230724_birch24_m3m/BIRC/tile_29076.png,2
arctic_vegetation/20230724_birch24_m3m/BIRC/tile_29077.png,2
arctic_vegetation/20230724_birch24_m3m/BIRC/tile_29078.png,2
arctic_vegetation/20230724_birch24_m3m/BIRC/tile_29079.png,2
arctic_vegetation/20230724_birch24_m3m/BIRC/tile_29080.png,2
arctic_vegetation/20230724_birch24_m3m/BIRC/tile_29081.png,2
arctic_vegetation/20230724_birch24_m3m/BIRC/tile_29082.png,2
arctic_vegetation/20230724_birch24_m3m/BIRC/tile_29083.png,2
arctic_vegetation/20230724_birch24_m3m/BIRC/tile_29084.png,2
arctic_vegetation/20230724_birch24_m3m/BIRC/tile_29085.png,2
arctic_vegetation/20230724_birch24_m3m/BIRC/tile_29086.png,2
arctic_vegetation/20230724_birch24_m3m/BIRC/tile_29087.png,2
arctic_vegetation/20230724_birch24_m3m/BIRC/tile_29088.png,2
arctic_vegetation/20230724_birch24_m3m/BIRC/tile_29089.png,2
arctic_vegetation/20230724_birch24_m3m/BIRC/tile_29090.png,2
arctic_vegetation/20230724_birch24_m3m/BIRC/tile_29091.png,2
arctic_vegetation/20230724_birch24_m3m/BIRC/tile_29092.png,2
arctic_vegetation/20230724_birch24_m3m/BIRC/tile_29093.png,2
arctic_vegetation/20230724_birch24_m3m/BIRC/tile_29094.png,2
arctic_vegetation/20230724_birch24_m3m/BIRC/tile_29095.png,2
arctic_vegetation/20230724_birch24_m3m/BIRC/tile_29096.png,2
arctic_vegetation/20230724_birch24_m3m/BIRC/tile_29097.png,2
arctic_vegetation/20230724_birch24_m3m/BIRC/tile_29098.png,2
arctic_vegetation/20230724_birch24_m3m/BIRC/tile_29099.png,2
arctic_vegetation/20230724_birch24_m3m/BIRC/tile_29100.png,2
arctic_vegetation/20230724_birch24_m3m/BIRC/tile_29101.png,2
arctic_vegetation/20230724_birch24_m3m/BIRC/tile_29102.png,2
arctic_vegetation/20230724_birch24_m3m/BIRC/tile_29103.png,2
arctic_vegetation/20230724_birch24_m3m/BIRC/tile_29104.png,2
arctic_vegetation/20230724_birch24_m3m/BIRC/tile_29105.png,2
arctic_vegetation/20230724_birch24_m3m/BIRC/tile_29106.png,2
arctic_vegetation/20230724_birch24_m3m/BIRC/tile_29107.png,2
arctic_vegetation/20230724_birch24_m3m/BIRC/tile_29108.png,2
arctic_vegetation/20230724_birch24_m3m/BIRC/tile_29109.png,2
arctic_vegetation/20230724_birch24_m3m/BIRC/tile_29110.png,2
arctic_vegetation/20230724_birch24_m3m/BIRC/tile_29111.png,2
arctic_vegetation/20230724_birch24_m3m/BIRC/tile_29112.png,2
arctic_vegetation/20230724_birch24_m3m/BIRC/tile_29113.png,2
arctic_vegetation/20230724_birch24_m3m/BIRC/tile_29114.png,2
arctic_vegetation/20230724_birch24_m3m/BIRC/tile_29115.png,2
arctic_vegetation/20230724_birch24_m3m/BIRC/tile_29116.png,2
arctic_vegetation/20230724_birch24_m3m/BIRC/tile_29117.png,2
arctic_vegetation/20230724_birch24_m3m/BIRC/tile_29118.png,2
arctic_vegetation/20230724_birch24_m3m/BIRC/tile_29119.png,2
arctic_vegetation/20230724_birch24_m3m/BIRC/tile_29120.png,2
arctic_vegetation/20230724_birch24_m3m/DRYI/tile_29121.png,3
arctic_vegetation/20230724_birch24_m3m/LICH/tile_29122.png,4
arctic_vegetation/20230724_birch24_m3m/BIRC/tile_29211.png,2
arctic_vegetation/20230724_birch24_m3m/BIRC/tile_29212.png,2
arctic_vegetation/20230724_birch24_m3m/BIRC/tile_29213.png,2
arctic_vegetation/20230724_birch24_m3m/BIRC/tile_29214.png,2
arctic_vegetation/20230724_birch24_m3m/BIRC/tile_29215.png,2
arctic_vegetation/20230724_birch24_m3m/BIRC/tile_29216.png,2
arctic_vegetation/20230724_birch24_m3m/BIRC/tile_29217.png,2
arctic_vegetation/20230724_birch24_m3m/BIRC/tile_29218.png,2
arctic_vegetation/20230724_birch24_m3m/BIRC/tile_29224.png,2
arctic_vegetation/20230724_birch24_m3m/BIRC/tile_29225.png,2
arctic_vegetation/20230724_birch24_m3m/BIRC/tile_29227.png,2
arctic_vegetation/20230724_birch24_m3m/BIRC/tile_29228.png,2
arctic_vegetation/20230724_birch24_m3m/BIRC/tile_29229.png,2
arctic_vegetation/20230724_birch24_m3m/BIRC/tile_29230.png,2
arctic_vegetation/20230724_birch24_m3m/BIRC/tile_29231.png,2
arctic_vegetation/20230724_birch24_m3m/BIRC/tile_29232.png,2
arctic_vegetation/20230724_birch24_m3m/BIRC/tile_29233.png,2
arctic_vegetation/20230724_birch24_m3m/BIRC/tile_29234.png,2
arctic_vegetation/20230724_birch24_m3m/BIRC/tile_29235.png,2
arctic_vegetation/20230724_birch24_m3m/BIRC/tile_29236.png,2
arctic_vegetation/20230724_birch24_m3m/BIRC/tile_29237.png,2
arctic_vegetation/20230724_birch24_m3m/BIRC/tile_29238.png,2
arctic_vegetation/20230724_birch24_m3m/BIRC/tile_29239.png,2
arctic_vegetation/20230724_birch24_m3m/BIRC/tile_29240.png,2
arctic_vegetation/20230724_birch24_m3m/BIRC/tile_29241.png,2
arctic_vegetation/20230724_birch24_m3m/BIRC/tile_29242.png,2
arctic_vegetation/20230724_birch24_m3m/BIRC/tile_29243.png,2
arctic_vegetation/20230724_birch24_m3m/BIRC/tile_29244.png,2
arctic_vegetation/20230724_birch24_m3m/LICH/tile_29245.png,4
arctic_vegetation/20230724_birch24_m3m/LICH/tile_29246.png,4
arctic_vegetation/20230724_birch24_m3m/LICH/tile_29247.png,4
arctic_vegetation/20230724_birch24_m3m/BIRC/tile_29248.png,2
arctic_vegetation/20230724_birch24_m3m/BIRC/tile_29249.png,2
arctic_vegetation/20230724_birch24_m3m/BIRC/tile_29250.png,2
arctic_vegetation/20230724_birch24_m3m/BIRC/tile_29251.png,2
arctic_vegetation/20230724_birch24_m3m/BIRC/tile_29252.png,2
arctic_vegetation/20230724_birch24_m3m/BIRC/tile_29253.png,2
arctic_vegetation/20230724_birch24_m3m/BIRC/tile_29254.png,2
arctic_vegetation/20230724_birch24_m3m/BIRC/tile_29255.png,2
arctic_vegetation/20230724_birch24_m3m/DRYI/tile_29256.png,3
arctic_vegetation/20230724_birch24_m3m/DRYI/tile_29257.png,3
arctic_vegetation/20230724_birch24_m3m/DRYI/tile_29258.png,3
arctic_vegetation/20230724_birch24_m3m/DRYI/tile_29259.png,3
arctic_vegetation/20230724_birch24_m3m/BIRC/tile_29260.png,2
arctic_vegetation/20230724_birch24_m3m/BIRC/tile_29261.png,2
arctic_vegetation/20230724_birch24_m3m/BIRC/tile_29262.png,2
arctic_vegetation/20230724_birch24_m3m/BIRC/tile_29263.png,2
arctic_vegetation/20230724_birch24_m3m/BIRC/tile_29264.png,2
arctic_vegetation/20230724_birch24_m3m/BIRC/tile_29265.png,2
arctic_vegetation/20230724_birch24_m3m/BIRC/tile_29266.png,2
arctic_vegetation/20230724_birch24_m3m/BIRC/tile_29267.png,2
arctic_vegetation/20230724_birch24_m3m/BIRC/tile_29268.png,2
arctic_vegetation/20230724_birch24_m3m/BIRC/tile_29269.png,2
arctic_vegetation/20230724_birch24_m3m/BIRC/tile_29270.png,2
arctic_vegetation/20230724_birch24_m3m/BIRC/tile_29271.png,2
arctic_vegetation/20230724_birch24_m3m/BIRC/tile_29272.png,2
arctic_vegetation/20230724_birch24_m3m/BIRC/tile_29273.png,2
arctic_vegetation/20230724_birch24_m3m/BIRC/tile_29274.png,2
arctic_vegetation/20230724_birch24_m3m/BIRC/tile_29275.png,2
arctic_vegetation/20230724_birch24_m3m/BIRC/tile_29276.png,2
arctic_vegetation/20230724_birch24_m3m/BIRC/tile_29277.png,2
arctic_vegetation/20230724_birch24_m3m/BIRC/tile_29278.png,2
arctic_vegetation/20230724_birch24_m3m/BIRC/tile_29279.png,2
arctic_vegetation/20230724_birch24_m3m/BIRC/tile_29280.png,2
arctic_vegetation/20230724_birch24_m3m/BIRC/tile_29281.png,2
arctic_vegetation/20230724_birch24_m3m/BIRC/tile_29282.png,2
arctic_vegetation/20230724_birch24_m3m/BIRC/tile_29283.png,2
arctic_vegetation/20230724_birch24_m3m/BIRC/tile_29284.png,2
arctic_vegetation/20230724_birch24_m3m/BIRC/tile_29285.png,2
arctic_vegetation/20230724_birch24_m3m/BIRC/tile_29286.png,2
arctic_vegetation/20230724_birch24_m3m/BIRC/tile_29287.png,2
arctic_vegetation/20230724_birch24_m3m/BIRC/tile_29288.png,2
arctic_vegetation/20230724_birch24_m3m/BIRC/tile_29289.png,2
arctic_vegetation/20230724_birch24_m3m/BIRC/tile_29290.png,2
arctic_vegetation/20230724_birch24_m3m/BIRC/tile_29291.png,2
arctic_vegetation/20230724_birch24_m3m/BIRC/tile_29292.png,2
arctic_vegetation/20230724_birch24_m3m/BIRC/tile_29293.png,2
arctic_vegetation/20230724_birch24_m3m/BIRC/tile_29294.png,2
arctic_vegetation/20230724_birch24_m3m/BIRC/tile_29295.png,2
arctic_vegetation/20230724_birch24_m3m/BIRC/tile_29296.png,2
arctic_vegetation/20230724_birch24_m3m/BIRC/tile_29297.png,2
arctic_vegetation/20230724_birch24_m3m/BIRC/tile_29298.png,2
arctic_vegetation/20230724_birch24_m3m/BIRC/tile_29299.png,2
arctic_vegetation/20230724_birch24_m3m/BIRC/tile_29300.png,2
arctic_vegetation/20230724_birch24_m3m/BIRC/tile_29301.png,2
arctic_vegetation/20230724_birch24_m3m/BIRC/tile_29302.png,2
arctic_vegetation/20230724_birch24_m3m/BIRC/tile_29303.png,2
arctic_vegetation/20230724_birch24_m3m/BIRC/tile_29304.png,2
arctic_vegetation/20230724_birch24_m3m/BIRC/tile_29305.png,2
arctic_vegetation/20230724_birch24_m3m/BIRC/tile_29306.png,2
arctic_vegetation/20230724_birch24_m3m/BIRC/tile_29307.png,2
arctic_vegetation/20230724_birch24_m3m/BIRC/tile_29308.png,2
arctic_vegetation/20230724_birch24_m3m/BIRC/tile_29309.png,2
arctic_vegetation/20230724_birch24_m3m/BIRC/tile_29310.png,2
arctic_vegetation/20230724_birch24_m3m/BIRC/tile_29311.png,2
arctic_vegetation/20230724_birch24_m3m/BIRC/tile_29312.png,2
arctic_vegetation/20230724_birch24_m3m/PETF/tile_29313.png,6
arctic_vegetation/20230724_birch24_m3m/BIRC/tile_29314.png,2
arctic_vegetation/20230724_birch24_m3m/BIRC/tile_29315.png,2
arctic_vegetation/20230724_birch24_m3m/BIRC/tile_29316.png,2
arctic_vegetation/20230724_birch24_m3m/BIRC/tile_29317.png,2
arctic_vegetation/20230724_birch24_m3m/BIRC/tile_29318.png,2
arctic_vegetation/20230724_birch24_m3m/BIRC/tile_29319.png,2
arctic_vegetation/20230724_birch24_m3m/BIRC/tile_29320.png,2
arctic_vegetation/20230724_birch24_m3m/BIRC/tile_29321.png,2
arctic_vegetation/20230724_birch24_m3m/BIRC/tile_29322.png,2
arctic_vegetation/20230724_birch24_m3m/BIRC/tile_29323.png,2
arctic_vegetation/20230724_birch24_m3m/BIRC/tile_29324.png,2
arctic_vegetation/20230724_birch24_m3m/BIRC/tile_29325.png,2
arctic_vegetation/20230724_birch24_m3m/BIRC/tile_29326.png,2
arctic_vegetation/20230724_birch24_m3m/BIRC/tile_29327.png,2
arctic_vegetation/20230724_birch24_m3m/BIRC/tile_29328.png,2
arctic_vegetation/20230724_birch24_m3m/BIRC/tile_29329.png,2
arctic_vegetation/20230724_birch24_m3m/BIRC/tile_29330.png,2
arctic_vegetation/20230724_birch24_m3m/BIRC/tile_29331.png,2
arctic_vegetation/20230724_birch24_m3m/BIRC/tile_29332.png,2
arctic_vegetation/20230724_birch24_m3m/BIRC/tile_29333.png,2
arctic_vegetation/20230724_birch24_m3m/BIRC/tile_29334.png,2
arctic_vegetation/20230724_birch24_m3m/LICH/tile_29335.png,4
arctic_vegetation/20230724_birch24_m3m/LICH/tile_29336.png,4
arctic_vegetation/20230724_birch24_m3m/BIRC/tile_29425.png,2
arctic_vegetation/20230724_birch24_m3m/BIRC/tile_29426.png,2
arctic_vegetation/20230724_birch24_m3m/BIRC/tile_29427.png,2
arctic_vegetation/20230724_birch24_m3m/BIRC/tile_29428.png,2
arctic_vegetation/20230724_birch24_m3m/BIRC/tile_29429.png,2
arctic_vegetation/20230724_birch24_m3m/BIRC/tile_29430.png,2
arctic_vegetation/20230724_birch24_m3m/BIRC/tile_29431.png,2
arctic_vegetation/20230724_birch24_m3m/BIRC/tile_29432.png,2
arctic_vegetation/20230724_birch24_m3m/BIRC/tile_29433.png,2
arctic_vegetation/20230724_birch24_m3m/BIRC/tile_29434.png,2
arctic_vegetation/20230724_birch24_m3m/BIRC/tile_29435.png,2
arctic_vegetation/20230724_birch24_m3m/BIRC/tile_29436.png,2
arctic_vegetation/20230724_birch24_m3m/BIRC/tile_29437.png,2
arctic_vegetation/20230724_birch24_m3m/BIRC/tile_29438.png,2
arctic_vegetation/20230724_birch24_m3m/BIRC/tile_29439.png,2
arctic_vegetation/20230724_birch24_m3m/BIRC/tile_29440.png,2
arctic_vegetation/20230724_birch24_m3m/BIRC/tile_29441.png,2
arctic_vegetation/20230724_birch24_m3m/BIRC/tile_29442.png,2
arctic_vegetation/20230724_birch24_m3m/BIRC/tile_29443.png,2
arctic_vegetation/20230724_birch24_m3m/BIRC/tile_29444.png,2
arctic_vegetation/20230724_birch24_m3m/BIRC/tile_29445.png,2
arctic_vegetation/20230724_birch24_m3m/BIRC/tile_29446.png,2
arctic_vegetation/20230724_birch24_m3m/BIRC/tile_29447.png,2
arctic_vegetation/20230724_birch24_m3m/BIRC/tile_29448.png,2
arctic_vegetation/20230724_birch24_m3m/BIRC/tile_29449.png,2
arctic_vegetation/20230724_birch24_m3m/BIRC/tile_29450.png,2
arctic_vegetation/20230724_birch24_m3m/BIRC/tile_29451.png,2
arctic_vegetation/20230724_birch24_m3m/BIRC/tile_29452.png,2
arctic_vegetation/20230724_birch24_m3m/BIRC/tile_29453.png,2
arctic_vegetation/20230724_birch24_m3m/LICH/tile_29454.png,4
arctic_vegetation/20230724_birch24_m3m/LICH/tile_29455.png,4
arctic_vegetation/20230724_birch24_m3m/BIRC/tile_29456.png,2
arctic_vegetation/20230724_birch24_m3m/BIRC/tile_29457.png,2
arctic_vegetation/20230724_birch24_m3m/BIRC/tile_29458.png,2
arctic_vegetation/20230724_birch24_m3m/BIRC/tile_29459.png,2
arctic_vegetation/20230724_birch24_m3m/BIRC/tile_29460.png,2
arctic_vegetation/20230724_birch24_m3m/BIRC/tile_29461.png,2
arctic_vegetation/20230724_birch24_m3m/BIRC/tile_29462.png,2
arctic_vegetation/20230724_birch24_m3m/BIRC/tile_29463.png,2
arctic_vegetation/20230724_birch24_m3m/BIRC/tile_29464.png,2
arctic_vegetation/20230724_birch24_m3m/BIRC/tile_29465.png,2
arctic_vegetation/20230724_birch24_m3m/BIRC/tile_29466.png,2
arctic_vegetation/20230724_birch24_m3m/BIRC/tile_29467.png,2
arctic_vegetation/20230724_birch24_m3m/BIRC/tile_29468.png,2
arctic_vegetation/20230724_birch24_m3m/BIRC/tile_29469.png,2
arctic_vegetation/20230724_birch24_m3m/DRYI/tile_29470.png,3
arctic_vegetation/20230724_birch24_m3m/DRYI/tile_29471.png,3
arctic_vegetation/20230724_birch24_m3m/BIRC/tile_29473.png,2
arctic_vegetation/20230724_birch24_m3m/BIRC/tile_29474.png,2
arctic_vegetation/20230724_birch24_m3m/BIRC/tile_29475.png,2
arctic_vegetation/20230724_birch24_m3m/BIRC/tile_29476.png,2
arctic_vegetation/20230724_birch24_m3m/BIRC/tile_29477.png,2
arctic_vegetation/20230724_birch24_m3m/BIRC/tile_29478.png,2
arctic_vegetation/20230724_birch24_m3m/BIRC/tile_29479.png,2
arctic_vegetation/20230724_birch24_m3m/BIRC/tile_29480.png,2
arctic_vegetation/20230724_birch24_m3m/BIRC/tile_29481.png,2
arctic_vegetation/20230724_birch24_m3m/BIRC/tile_29482.png,2
arctic_vegetation/20230724_birch24_m3m/BIRC/tile_29483.png,2
arctic_vegetation/20230724_birch24_m3m/BIRC/tile_29484.png,2
arctic_vegetation/20230724_birch24_m3m/BIRC/tile_29485.png,2
arctic_vegetation/20230724_birch24_m3m/BIRC/tile_29486.png,2
arctic_vegetation/20230724_birch24_m3m/BIRC/tile_29487.png,2
arctic_vegetation/20230724_birch24_m3m/BIRC/tile_29488.png,2
arctic_vegetation/20230724_birch24_m3m/BIRC/tile_29489.png,2
arctic_vegetation/20230724_birch24_m3m/BIRC/tile_29490.png,2
arctic_vegetation/20230724_birch24_m3m/BIRC/tile_29491.png,2
arctic_vegetation/20230724_birch24_m3m/BIRC/tile_29492.png,2
arctic_vegetation/20230724_birch24_m3m/BIRC/tile_29493.png,2
arctic_vegetation/20230724_birch24_m3m/BIRC/tile_29494.png,2
arctic_vegetation/20230724_birch24_m3m/BIRC/tile_29495.png,2
arctic_vegetation/20230724_birch24_m3m/BIRC/tile_29496.png,2
arctic_vegetation/20230724_birch24_m3m/BIRC/tile_29497.png,2
arctic_vegetation/20230724_birch24_m3m/BIRC/tile_29498.png,2
arctic_vegetation/20230724_birch24_m3m/BIRC/tile_29499.png,2
arctic_vegetation/20230724_birch24_m3m/BIRC/tile_29500.png,2
arctic_vegetation/20230724_birch24_m3m/BIRC/tile_29501.png,2
arctic_vegetation/20230724_birch24_m3m/BIRC/tile_29502.png,2
arctic_vegetation/20230724_birch24_m3m/BIRC/tile_29503.png,2
arctic_vegetation/20230724_birch24_m3m/BIRC/tile_29504.png,2
arctic_vegetation/20230724_birch24_m3m/BIRC/tile_29505.png,2
arctic_vegetation/20230724_birch24_m3m/BIRC/tile_29506.png,2
arctic_vegetation/20230724_birch24_m3m/BIRC/tile_29507.png,2
arctic_vegetation/20230724_birch24_m3m/BIRC/tile_29508.png,2
arctic_vegetation/20230724_birch24_m3m/BIRC/tile_29509.png,2
arctic_vegetation/20230724_birch24_m3m/BIRC/tile_29510.png,2
arctic_vegetation/20230724_birch24_m3m/BIRC/tile_29511.png,2
arctic_vegetation/20230724_birch24_m3m/BIRC/tile_29512.png,2
arctic_vegetation/20230724_birch24_m3m/BIRC/tile_29513.png,2
arctic_vegetation/20230724_birch24_m3m/BIRC/tile_29514.png,2
arctic_vegetation/20230724_birch24_m3m/BIRC/tile_29515.png,2
arctic_vegetation/20230724_birch24_m3m/BIRC/tile_29516.png,2
arctic_vegetation/20230724_birch24_m3m/BIRC/tile_29517.png,2
arctic_vegetation/20230724_birch24_m3m/BIRC/tile_29518.png,2
arctic_vegetation/20230724_birch24_m3m/BIRC/tile_29519.png,2
arctic_vegetation/20230724_birch24_m3m/BIRC/tile_29520.png,2
arctic_vegetation/20230724_birch24_m3m/BIRC/tile_29521.png,2
arctic_vegetation/20230724_birch24_m3m/BIRC/tile_29522.png,2
arctic_vegetation/20230724_birch24_m3m/BIRC/tile_29523.png,2
arctic_vegetation/20230724_birch24_m3m/BIRC/tile_29524.png,2
arctic_vegetation/20230724_birch24_m3m/BIRC/tile_29525.png,2
arctic_vegetation/20230724_birch24_m3m/BIRC/tile_29526.png,2
arctic_vegetation/20230724_birch24_m3m/BIRC/tile_29527.png,2
arctic_vegetation/20230724_birch24_m3m/PETF/tile_29528.png,6
arctic_vegetation/20230724_birch24_m3m/BIRC/tile_29529.png,2
arctic_vegetation/20230724_birch24_m3m/BIRC/tile_29530.png,2
arctic_vegetation/20230724_birch24_m3m/BIRC/tile_29531.png,2
arctic_vegetation/20230724_birch24_m3m/BIRC/tile_29532.png,2
arctic_vegetation/20230724_birch24_m3m/BIRC/tile_29533.png,2
arctic_vegetation/20230724_birch24_m3m/BIRC/tile_29534.png,2
arctic_vegetation/20230724_birch24_m3m/BIRC/tile_29535.png,2
arctic_vegetation/20230724_birch24_m3m/BIRC/tile_29536.png,2
arctic_vegetation/20230724_birch24_m3m/BIRC/tile_29537.png,2
arctic_vegetation/20230724_birch24_m3m/BIRC/tile_29538.png,2
arctic_vegetation/20230724_birch24_m3m/PETF/tile_29539.png,6
arctic_vegetation/20230724_birch24_m3m/BIRC/tile_29540.png,2
arctic_vegetation/20230724_birch24_m3m/BIRC/tile_29541.png,2
arctic_vegetation/20230724_birch24_m3m/BIRC/tile_29542.png,2
arctic_vegetation/20230724_birch24_m3m/BIRC/tile_29543.png,2
arctic_vegetation/20230724_birch24_m3m/BIRC/tile_29544.png,2
arctic_vegetation/20230724_birch24_m3m/BIRC/tile_29545.png,2
arctic_vegetation/20230724_birch24_m3m/BIRC/tile_29546.png,2
arctic_vegetation/20230724_birch24_m3m/BIRC/tile_29547.png,2
arctic_vegetation/20230724_birch24_m3m/BIRC/tile_29548.png,2
arctic_vegetation/20230724_birch24_m3m/LICH/tile_29549.png,4
arctic_vegetation/20230724_birch24_m3m/LICH/tile_29550.png,4
arctic_vegetation/20230724_birch24_m3m/BIRC/tile_29639.png,2
arctic_vegetation/20230724_birch24_m3m/BIRC/tile_29640.png,2
arctic_vegetation/20230724_birch24_m3m/BIRC/tile_29641.png,2
arctic_vegetation/20230724_birch24_m3m/BIRC/tile_29642.png,2
arctic_vegetation/20230724_birch24_m3m/BIRC/tile_29643.png,2
arctic_vegetation/20230724_birch24_m3m/BIRC/tile_29644.png,2
arctic_vegetation/20230724_birch24_m3m/BIRC/tile_29645.png,2
arctic_vegetation/20230724_birch24_m3m/BIRC/tile_29646.png,2
arctic_vegetation/20230724_birch24_m3m/BIRC/tile_29647.png,2
arctic_vegetation/20230724_birch24_m3m/BIRC/tile_29648.png,2
arctic_vegetation/20230724_birch24_m3m/BIRC/tile_29649.png,2
arctic_vegetation/20230724_birch24_m3m/BIRC/tile_29650.png,2
arctic_vegetation/20230724_birch24_m3m/BIRC/tile_29651.png,2
arctic_vegetation/20230724_birch24_m3m/BIRC/tile_29652.png,2
arctic_vegetation/20230724_birch24_m3m/BIRC/tile_29653.png,2
arctic_vegetation/20230724_birch24_m3m/BIRC/tile_29654.png,2
arctic_vegetation/20230724_birch24_m3m/BIRC/tile_29655.png,2
arctic_vegetation/20230724_birch24_m3m/BIRC/tile_29656.png,2
arctic_vegetation/20230724_birch24_m3m/BIRC/tile_29657.png,2
arctic_vegetation/20230724_birch24_m3m/BIRC/tile_29658.png,2
arctic_vegetation/20230724_birch24_m3m/BIRC/tile_29659.png,2
arctic_vegetation/20230724_birch24_m3m/BIRC/tile_29660.png,2
arctic_vegetation/20230724_birch24_m3m/BIRC/tile_29661.png,2
arctic_vegetation/20230724_birch24_m3m/BIRC/tile_29662.png,2
arctic_vegetation/20230724_birch24_m3m/BIRC/tile_29663.png,2
arctic_vegetation/20230724_birch24_m3m/BIRC/tile_29664.png,2
arctic_vegetation/20230724_birch24_m3m/BIRC/tile_29665.png,2
arctic_vegetation/20230724_birch24_m3m/BIRC/tile_29666.png,2
arctic_vegetation/20230724_birch24_m3m/BIRC/tile_29667.png,2
arctic_vegetation/20230724_birch24_m3m/BIRC/tile_29668.png,2
arctic_vegetation/20230724_birch24_m3m/BIRC/tile_29669.png,2
arctic_vegetation/20230724_birch24_m3m/BIRC/tile_29670.png,2
arctic_vegetation/20230724_birch24_m3m/BIRC/tile_29671.png,2
arctic_vegetation/20230724_birch24_m3m/BIRC/tile_29672.png,2
arctic_vegetation/20230724_birch24_m3m/BIRC/tile_29673.png,2
arctic_vegetation/20230724_birch24_m3m/BIRC/tile_29674.png,2
arctic_vegetation/20230724_birch24_m3m/BIRC/tile_29675.png,2
arctic_vegetation/20230724_birch24_m3m/BIRC/tile_29676.png,2
arctic_vegetation/20230724_birch24_m3m/BIRC/tile_29677.png,2
arctic_vegetation/20230724_birch24_m3m/BIRC/tile_29678.png,2
arctic_vegetation/20230724_birch24_m3m/BIRC/tile_29679.png,2
arctic_vegetation/20230724_birch24_m3m/BIRC/tile_29680.png,2
arctic_vegetation/20230724_birch24_m3m/BIRC/tile_29681.png,2
arctic_vegetation/20230724_birch24_m3m/BIRC/tile_29682.png,2
arctic_vegetation/20230724_birch24_m3m/BIRC/tile_29683.png,2
arctic_vegetation/20230724_birch24_m3m/BIRC/tile_29684.png,2
arctic_vegetation/20230724_birch24_m3m/BIRC/tile_29685.png,2
arctic_vegetation/20230724_birch24_m3m/BIRC/tile_29686.png,2
arctic_vegetation/20230724_birch24_m3m/BIRC/tile_29687.png,2
arctic_vegetation/20230724_birch24_m3m/BIRC/tile_29688.png,2
arctic_vegetation/20230724_birch24_m3m/BIRC/tile_29689.png,2
arctic_vegetation/20230724_birch24_m3m/BIRC/tile_29690.png,2
arctic_vegetation/20230724_birch24_m3m/BIRC/tile_29691.png,2
arctic_vegetation/20230724_birch24_m3m/BIRC/tile_29692.png,2
arctic_vegetation/20230724_birch24_m3m/BIRC/tile_29693.png,2
arctic_vegetation/20230724_birch24_m3m/BIRC/tile_29694.png,2
arctic_vegetation/20230724_birch24_m3m/BIRC/tile_29695.png,2
arctic_vegetation/20230724_birch24_m3m/BIRC/tile_29696.png,2
arctic_vegetation/20230724_birch24_m3m/BIRC/tile_29697.png,2
arctic_vegetation/20230724_birch24_m3m/BIRC/tile_29698.png,2
arctic_vegetation/20230724_birch24_m3m/BIRC/tile_29699.png,2
arctic_vegetation/20230724_birch24_m3m/BIRC/tile_29700.png,2
arctic_vegetation/20230724_birch24_m3m/BIRC/tile_29701.png,2
arctic_vegetation/20230724_birch24_m3m/BIRC/tile_29702.png,2
arctic_vegetation/20230724_birch24_m3m/BIRC/tile_29703.png,2
arctic_vegetation/20230724_birch24_m3m/BIRC/tile_29704.png,2
arctic_vegetation/20230724_birch24_m3m/BIRC/tile_29705.png,2
arctic_vegetation/20230724_birch24_m3m/BIRC/tile_29706.png,2
arctic_vegetation/20230724_birch24_m3m/BIRC/tile_29707.png,2
arctic_vegetation/20230724_birch24_m3m/BIRC/tile_29708.png,2
arctic_vegetation/20230724_birch24_m3m/BIRC/tile_29709.png,2
arctic_vegetation/20230724_birch24_m3m/BIRC/tile_29710.png,2
arctic_vegetation/20230724_birch24_m3m/BIRC/tile_29711.png,2
arctic_vegetation/20230724_birch24_m3m/BIRC/tile_29712.png,2
arctic_vegetation/20230724_birch24_m3m/BIRC/tile_29713.png,2
arctic_vegetation/20230724_birch24_m3m/BIRC/tile_29714.png,2
arctic_vegetation/20230724_birch24_m3m/BIRC/tile_29715.png,2
arctic_vegetation/20230724_birch24_m3m/BIRC/tile_29716.png,2
arctic_vegetation/20230724_birch24_m3m/BIRC/tile_29717.png,2
arctic_vegetation/20230724_birch24_m3m/BIRC/tile_29718.png,2
arctic_vegetation/20230724_birch24_m3m/BIRC/tile_29719.png,2
arctic_vegetation/20230724_birch24_m3m/BIRC/tile_29720.png,2
arctic_vegetation/20230724_birch24_m3m/BIRC/tile_29721.png,2
arctic_vegetation/20230724_birch24_m3m/BIRC/tile_29722.png,2
arctic_vegetation/20230724_birch24_m3m/BIRC/tile_29723.png,2
arctic_vegetation/20230724_birch24_m3m/BIRC/tile_29724.png,2
arctic_vegetation/20230724_birch24_m3m/BIRC/tile_29725.png,2
arctic_vegetation/20230724_birch24_m3m/BIRC/tile_29726.png,2
arctic_vegetation/20230724_birch24_m3m/BIRC/tile_29727.png,2
arctic_vegetation/20230724_birch24_m3m/BIRC/tile_29728.png,2
arctic_vegetation/20230724_birch24_m3m/BIRC/tile_29729.png,2
arctic_vegetation/20230724_birch24_m3m/BIRC/tile_29730.png,2
arctic_vegetation/20230724_birch24_m3m/BIRC/tile_29731.png,2
arctic_vegetation/20230724_birch24_m3m/BIRC/tile_29732.png,2
arctic_vegetation/20230724_birch24_m3m/BIRC/tile_29733.png,2
arctic_vegetation/20230724_birch24_m3m/BIRC/tile_29734.png,2
arctic_vegetation/20230724_birch24_m3m/BIRC/tile_29735.png,2
arctic_vegetation/20230724_birch24_m3m/BIRC/tile_29736.png,2
arctic_vegetation/20230724_birch24_m3m/BIRC/tile_29737.png,2
arctic_vegetation/20230724_birch24_m3m/BIRC/tile_29738.png,2
arctic_vegetation/20230724_birch24_m3m/BIRC/tile_29739.png,2
arctic_vegetation/20230724_birch24_m3m/BIRC/tile_29740.png,2
arctic_vegetation/20230724_birch24_m3m/BIRC/tile_29741.png,2
arctic_vegetation/20230724_birch24_m3m/BIRC/tile_29743.png,2
arctic_vegetation/20230724_birch24_m3m/BIRC/tile_29744.png,2
arctic_vegetation/20230724_birch24_m3m/BIRC/tile_29745.png,2
arctic_vegetation/20230724_birch24_m3m/BIRC/tile_29746.png,2
arctic_vegetation/20230724_birch24_m3m/BIRC/tile_29747.png,2
arctic_vegetation/20230724_birch24_m3m/BIRC/tile_29748.png,2
arctic_vegetation/20230724_birch24_m3m/BIRC/tile_29749.png,2
arctic_vegetation/20230724_birch24_m3m/BIRC/tile_29750.png,2
arctic_vegetation/20230724_birch24_m3m/BIRC/tile_29751.png,2
arctic_vegetation/20230724_birch24_m3m/BIRC/tile_29752.png,2
arctic_vegetation/20230724_birch24_m3m/PETF/tile_29753.png,6
arctic_vegetation/20230724_birch24_m3m/BIRC/tile_29754.png,2
arctic_vegetation/20230724_birch24_m3m/BIRC/tile_29755.png,2
arctic_vegetation/20230724_birch24_m3m/BIRC/tile_29756.png,2
arctic_vegetation/20230724_birch24_m3m/BIRC/tile_29757.png,2
arctic_vegetation/20230724_birch24_m3m/BIRC/tile_29758.png,2
arctic_vegetation/20230724_birch24_m3m/BIRC/tile_29759.png,2
arctic_vegetation/20230724_birch24_m3m/BIRC/tile_29760.png,2
arctic_vegetation/20230724_birch24_m3m/BIRC/tile_29761.png,2
arctic_vegetation/20230724_birch24_m3m/BIRC/tile_29762.png,2
arctic_vegetation/20230724_birch24_m3m/BIRC/tile_29763.png,2
arctic_vegetation/20230724_birch24_m3m/BIRC/tile_29855.png,2
arctic_vegetation/20230724_birch24_m3m/BIRC/tile_29856.png,2
arctic_vegetation/20230724_birch24_m3m/BIRC/tile_29857.png,2
arctic_vegetation/20230724_birch24_m3m/BIRC/tile_29858.png,2
arctic_vegetation/20230724_birch24_m3m/BIRC/tile_29859.png,2
arctic_vegetation/20230724_birch24_m3m/BIRC/tile_29860.png,2
arctic_vegetation/20230724_birch24_m3m/BIRC/tile_29861.png,2
arctic_vegetation/20230724_birch24_m3m/BIRC/tile_29862.png,2
arctic_vegetation/20230724_birch24_m3m/BIRC/tile_29863.png,2
arctic_vegetation/20230724_birch24_m3m/BIRC/tile_29864.png,2
arctic_vegetation/20230724_birch24_m3m/BIRC/tile_29865.png,2
arctic_vegetation/20230724_birch24_m3m/BIRC/tile_29866.png,2
arctic_vegetation/20230724_birch24_m3m/BIRC/tile_29867.png,2
arctic_vegetation/20230724_birch24_m3m/BIRC/tile_29868.png,2
arctic_vegetation/20230724_birch24_m3m/BIRC/tile_29869.png,2
arctic_vegetation/20230724_birch24_m3m/BIRC/tile_29870.png,2
arctic_vegetation/20230724_birch24_m3m/BIRC/tile_29871.png,2
arctic_vegetation/20230724_birch24_m3m/BIRC/tile_29872.png,2
arctic_vegetation/20230724_birch24_m3m/BIRC/tile_29873.png,2
arctic_vegetation/20230724_birch24_m3m/LICH/tile_29874.png,4
arctic_vegetation/20230724_birch24_m3m/LICH/tile_29875.png,4
arctic_vegetation/20230724_birch24_m3m/LICH/tile_29876.png,4
arctic_vegetation/20230724_birch24_m3m/LICH/tile_29877.png,4
arctic_vegetation/20230724_birch24_m3m/LICH/tile_29878.png,4
arctic_vegetation/20230724_birch24_m3m/LICH/tile_29879.png,4
arctic_vegetation/20230724_birch24_m3m/BIRC/tile_29880.png,2
arctic_vegetation/20230724_birch24_m3m/BIRC/tile_29881.png,2
arctic_vegetation/20230724_birch24_m3m/BIRC/tile_29882.png,2
arctic_vegetation/20230724_birch24_m3m/BIRC/tile_29883.png,2
arctic_vegetation/20230724_birch24_m3m/BIRC/tile_29884.png,2
arctic_vegetation/20230724_birch24_m3m/BIRC/tile_29885.png,2
arctic_vegetation/20230724_birch24_m3m/BIRC/tile_29886.png,2
arctic_vegetation/20230724_birch24_m3m/BIRC/tile_29887.png,2
arctic_vegetation/20230724_birch24_m3m/BIRC/tile_29888.png,2
arctic_vegetation/20230724_birch24_m3m/BIRC/tile_29889.png,2
arctic_vegetation/20230724_birch24_m3m/BIRC/tile_29890.png,2
arctic_vegetation/20230724_birch24_m3m/BIRC/tile_29891.png,2
arctic_vegetation/20230724_birch24_m3m/BIRC/tile_29892.png,2
arctic_vegetation/20230724_birch24_m3m/BIRC/tile_29893.png,2
arctic_vegetation/20230724_birch24_m3m/BIRC/tile_29894.png,2
arctic_vegetation/20230724_birch24_m3m/BIRC/tile_29895.png,2
arctic_vegetation/20230724_birch24_m3m/BIRC/tile_29896.png,2
arctic_vegetation/20230724_birch24_m3m/BIRC/tile_29897.png,2
arctic_vegetation/20230724_birch24_m3m/BIRC/tile_29898.png,2
arctic_vegetation/20230724_birch24_m3m/BIRC/tile_29899.png,2
arctic_vegetation/20230724_birch24_m3m/BIRC/tile_29900.png,2
arctic_vegetation/20230724_birch24_m3m/BIRC/tile_29901.png,2
arctic_vegetation/20230724_birch24_m3m/BIRC/tile_29902.png,2
arctic_vegetation/20230724_birch24_m3m/BIRC/tile_29903.png,2
arctic_vegetation/20230724_birch24_m3m/BIRC/tile_29904.png,2
arctic_vegetation/20230724_birch24_m3m/BIRC/tile_29905.png,2
arctic_vegetation/20230724_birch24_m3m/BIRC/tile_29906.png,2
arctic_vegetation/20230724_birch24_m3m/BIRC/tile_29907.png,2
arctic_vegetation/20230724_birch24_m3m/BIRC/tile_29908.png,2
arctic_vegetation/20230724_birch24_m3m/BIRC/tile_29909.png,2
arctic_vegetation/20230724_birch24_m3m/BIRC/tile_29910.png,2
arctic_vegetation/20230724_birch24_m3m/BIRC/tile_29911.png,2
arctic_vegetation/20230724_birch24_m3m/BIRC/tile_29912.png,2
arctic_vegetation/20230724_birch24_m3m/BIRC/tile_29913.png,2
arctic_vegetation/20230724_birch24_m3m/BIRC/tile_29914.png,2
arctic_vegetation/20230724_birch24_m3m/BIRC/tile_29915.png,2
arctic_vegetation/20230724_birch24_m3m/BIRC/tile_29916.png,2
arctic_vegetation/20230724_birch24_m3m/BIRC/tile_29917.png,2
arctic_vegetation/20230724_birch24_m3m/BIRC/tile_29918.png,2
arctic_vegetation/20230724_birch24_m3m/BIRC/tile_29919.png,2
arctic_vegetation/20230724_birch24_m3m/BIRC/tile_29920.png,2
arctic_vegetation/20230724_birch24_m3m/BIRC/tile_29921.png,2
arctic_vegetation/20230724_birch24_m3m/BIRC/tile_29922.png,2
arctic_vegetation/20230724_birch24_m3m/BIRC/tile_29923.png,2
arctic_vegetation/20230724_birch24_m3m/BIRC/tile_29924.png,2
arctic_vegetation/20230724_birch24_m3m/BIRC/tile_29925.png,2
arctic_vegetation/20230724_birch24_m3m/BIRC/tile_29926.png,2
arctic_vegetation/20230724_birch24_m3m/BIRC/tile_29927.png,2
arctic_vegetation/20230724_birch24_m3m/BIRC/tile_29928.png,2
arctic_vegetation/20230724_birch24_m3m/BIRC/tile_29929.png,2
arctic_vegetation/20230724_birch24_m3m/BIRC/tile_29930.png,2
arctic_vegetation/20230724_birch24_m3m/BIRC/tile_29931.png,2
arctic_vegetation/20230724_birch24_m3m/BIRC/tile_29932.png,2
arctic_vegetation/20230724_birch24_m3m/BIRC/tile_29933.png,2
arctic_vegetation/20230724_birch24_m3m/BIRC/tile_29934.png,2
arctic_vegetation/20230724_birch24_m3m/BIRC/tile_29935.png,2
arctic_vegetation/20230724_birch24_m3m/BIRC/tile_29936.png,2
arctic_vegetation/20230724_birch24_m3m/BIRC/tile_29937.png,2
arctic_vegetation/20230724_birch24_m3m/BIRC/tile_29938.png,2
arctic_vegetation/20230724_birch24_m3m/BIRC/tile_29939.png,2
arctic_vegetation/20230724_birch24_m3m/BIRC/tile_29940.png,2
arctic_vegetation/20230724_birch24_m3m/BIRC/tile_29941.png,2
arctic_vegetation/20230724_birch24_m3m/BIRC/tile_29942.png,2
arctic_vegetation/20230724_birch24_m3m/BIRC/tile_29943.png,2
arctic_vegetation/20230724_birch24_m3m/BIRC/tile_29944.png,2
arctic_vegetation/20230724_birch24_m3m/BIRC/tile_29945.png,2
arctic_vegetation/20230724_birch24_m3m/BIRC/tile_29946.png,2
arctic_vegetation/20230724_birch24_m3m/BIRC/tile_29947.png,2
arctic_vegetation/20230724_birch24_m3m/BIRC/tile_29948.png,2
arctic_vegetation/20230724_birch24_m3m/BIRC/tile_29949.png,2
arctic_vegetation/20230724_birch24_m3m/BIRC/tile_29950.png,2
arctic_vegetation/20230724_birch24_m3m/BIRC/tile_29951.png,2
arctic_vegetation/20230724_birch24_m3m/BIRC/tile_29952.png,2
arctic_vegetation/20230724_birch24_m3m/BIRC/tile_29953.png,2
arctic_vegetation/20230724_birch24_m3m/BIRC/tile_29954.png,2
arctic_vegetation/20230724_birch24_m3m/BIRC/tile_29955.png,2
arctic_vegetation/20230724_birch24_m3m/BIRC/tile_29956.png,2
arctic_vegetation/20230724_birch24_m3m/BIRC/tile_29957.png,2
arctic_vegetation/20230724_birch24_m3m/BIRC/tile_29958.png,2
arctic_vegetation/20230724_birch24_m3m/BIRC/tile_29959.png,2
arctic_vegetation/20230724_birch24_m3m/BIRC/tile_29960.png,2
arctic_vegetation/20230724_birch24_m3m/BIRC/tile_29961.png,2
arctic_vegetation/20230724_birch24_m3m/BIRC/tile_29962.png,2
arctic_vegetation/20230724_birch24_m3m/BIRC/tile_29963.png,2
arctic_vegetation/20230724_birch24_m3m/BIRC/tile_29964.png,2
arctic_vegetation/20230724_birch24_m3m/BIRC/tile_29965.png,2
arctic_vegetation/20230724_birch24_m3m/BIRC/tile_29966.png,2
arctic_vegetation/20230724_birch24_m3m/BIRC/tile_29967.png,2
arctic_vegetation/20230724_birch24_m3m/BIRC/tile_29968.png,2
arctic_vegetation/20230724_birch24_m3m/BIRC/tile_29969.png,2
arctic_vegetation/20230724_birch24_m3m/BIRC/tile_29970.png,2
arctic_vegetation/20230724_birch24_m3m/BIRC/tile_29971.png,2
arctic_vegetation/20230724_birch24_m3m/BIRC/tile_29972.png,2
arctic_vegetation/20230724_birch24_m3m/BIRC/tile_29973.png,2
arctic_vegetation/20230724_birch24_m3m/BIRC/tile_29974.png,2
arctic_vegetation/20230724_birch24_m3m/BIRC/tile_29975.png,2
arctic_vegetation/20230724_birch24_m3m/BIRC/tile_29976.png,2
arctic_vegetation/20230724_birch24_m3m/BIRC/tile_29977.png,2
arctic_vegetation/20230724_birch24_m3m/BIRC/tile_30069.png,2
arctic_vegetation/20230724_birch24_m3m/BIRC/tile_30070.png,2
arctic_vegetation/20230724_birch24_m3m/BIRC/tile_30071.png,2
arctic_vegetation/20230724_birch24_m3m/BIRC/tile_30072.png,2
arctic_vegetation/20230724_birch24_m3m/BIRC/tile_30073.png,2
arctic_vegetation/20230724_birch24_m3m/BIRC/tile_30074.png,2
arctic_vegetation/20230724_birch24_m3m/BIRC/tile_30075.png,2
arctic_vegetation/20230724_birch24_m3m/BIRC/tile_30076.png,2
arctic_vegetation/20230724_birch24_m3m/BIRC/tile_30077.png,2
arctic_vegetation/20230724_birch24_m3m/BIRC/tile_30078.png,2
arctic_vegetation/20230724_birch24_m3m/BIRC/tile_30079.png,2
arctic_vegetation/20230724_birch24_m3m/BIRC/tile_30080.png,2
arctic_vegetation/20230724_birch24_m3m/BIRC/tile_30081.png,2
arctic_vegetation/20230724_birch24_m3m/BIRC/tile_30082.png,2
arctic_vegetation/20230724_birch24_m3m/BIRC/tile_30083.png,2
arctic_vegetation/20230724_birch24_m3m/BIRC/tile_30084.png,2
arctic_vegetation/20230724_birch24_m3m/BIRC/tile_30085.png,2
arctic_vegetation/20230724_birch24_m3m/BIRC/tile_30086.png,2
arctic_vegetation/20230724_birch24_m3m/BIRC/tile_30087.png,2
arctic_vegetation/20230724_birch24_m3m/LICH/tile_30088.png,4
arctic_vegetation/20230724_birch24_m3m/LICH/tile_30089.png,4
arctic_vegetation/20230724_birch24_m3m/LICH/tile_30090.png,4
arctic_vegetation/20230724_birch24_m3m/LICH/tile_30091.png,4
arctic_vegetation/20230724_birch24_m3m/LICH/tile_30092.png,4
arctic_vegetation/20230724_birch24_m3m/BIRC/tile_30093.png,2
arctic_vegetation/20230724_birch24_m3m/BIRC/tile_30094.png,2
arctic_vegetation/20230724_birch24_m3m/BIRC/tile_30095.png,2
arctic_vegetation/20230724_birch24_m3m/BIRC/tile_30096.png,2
arctic_vegetation/20230724_birch24_m3m/BIRC/tile_30097.png,2
arctic_vegetation/20230724_birch24_m3m/BIRC/tile_30098.png,2
arctic_vegetation/20230724_birch24_m3m/BIRC/tile_30099.png,2
arctic_vegetation/20230724_birch24_m3m/BIRC/tile_30100.png,2
arctic_vegetation/20230724_birch24_m3m/BIRC/tile_30101.png,2
arctic_vegetation/20230724_birch24_m3m/BIRC/tile_30102.png,2
arctic_vegetation/20230724_birch24_m3m/LICH/tile_30103.png,4
arctic_vegetation/20230724_birch24_m3m/BIRC/tile_30104.png,2
arctic_vegetation/20230724_birch24_m3m/BIRC/tile_30105.png,2
arctic_vegetation/20230724_birch24_m3m/BIRC/tile_30106.png,2
arctic_vegetation/20230724_birch24_m3m/BIRC/tile_30107.png,2
arctic_vegetation/20230724_birch24_m3m/BIRC/tile_30108.png,2
arctic_vegetation/20230724_birch24_m3m/BIRC/tile_30109.png,2
arctic_vegetation/20230724_birch24_m3m/BIRC/tile_30110.png,2
arctic_vegetation/20230724_birch24_m3m/BIRC/tile_30111.png,2
arctic_vegetation/20230724_birch24_m3m/BIRC/tile_30112.png,2
arctic_vegetation/20230724_birch24_m3m/BIRC/tile_30113.png,2
arctic_vegetation/20230724_birch24_m3m/BIRC/tile_30114.png,2
arctic_vegetation/20230724_birch24_m3m/BIRC/tile_30115.png,2
arctic_vegetation/20230724_birch24_m3m/BIRC/tile_30116.png,2
arctic_vegetation/20230724_birch24_m3m/BIRC/tile_30117.png,2
arctic_vegetation/20230724_birch24_m3m/BIRC/tile_30118.png,2
arctic_vegetation/20230724_birch24_m3m/BIRC/tile_30119.png,2
arctic_vegetation/20230724_birch24_m3m/BIRC/tile_30120.png,2
arctic_vegetation/20230724_birch24_m3m/BIRC/tile_30121.png,2
arctic_vegetation/20230724_birch24_m3m/BIRC/tile_30122.png,2
arctic_vegetation/20230724_birch24_m3m/BIRC/tile_30123.png,2
arctic_vegetation/20230724_birch24_m3m/BIRC/tile_30124.png,2
arctic_vegetation/20230724_birch24_m3m/BIRC/tile_30125.png,2
arctic_vegetation/20230724_birch24_m3m/BIRC/tile_30126.png,2
arctic_vegetation/20230724_birch24_m3m/BIRC/tile_30127.png,2
arctic_vegetation/20230724_birch24_m3m/BIRC/tile_30128.png,2
arctic_vegetation/20230724_birch24_m3m/BIRC/tile_30129.png,2
arctic_vegetation/20230724_birch24_m3m/BIRC/tile_30130.png,2
arctic_vegetation/20230724_birch24_m3m/BIRC/tile_30131.png,2
arctic_vegetation/20230724_birch24_m3m/BIRC/tile_30133.png,2
arctic_vegetation/20230724_birch24_m3m/BIRC/tile_30134.png,2
arctic_vegetation/20230724_birch24_m3m/BIRC/tile_30135.png,2
arctic_vegetation/20230724_birch24_m3m/BIRC/tile_30136.png,2
arctic_vegetation/20230724_birch24_m3m/BIRC/tile_30137.png,2
arctic_vegetation/20230724_birch24_m3m/BIRC/tile_30138.png,2
arctic_vegetation/20230724_birch24_m3m/BIRC/tile_30139.png,2
arctic_vegetation/20230724_birch24_m3m/PETF/tile_30140.png,6
arctic_vegetation/20230724_birch24_m3m/BIRC/tile_30141.png,2
arctic_vegetation/20230724_birch24_m3m/BIRC/tile_30142.png,2
arctic_vegetation/20230724_birch24_m3m/BIRC/tile_30143.png,2
arctic_vegetation/20230724_birch24_m3m/BIRC/tile_30144.png,2
arctic_vegetation/20230724_birch24_m3m/BIRC/tile_30145.png,2
arctic_vegetation/20230724_birch24_m3m/BIRC/tile_30146.png,2
arctic_vegetation/20230724_birch24_m3m/BIRC/tile_30147.png,2
arctic_vegetation/20230724_birch24_m3m/BIRC/tile_30148.png,2
arctic_vegetation/20230724_birch24_m3m/BIRC/tile_30149.png,2
arctic_vegetation/20230724_birch24_m3m/BIRC/tile_30150.png,2
arctic_vegetation/20230724_birch24_m3m/BIRC/tile_30151.png,2
arctic_vegetation/20230724_birch24_m3m/BIRC/tile_30152.png,2
arctic_vegetation/20230724_birch24_m3m/BIRC/tile_30153.png,2
arctic_vegetation/20230724_birch24_m3m/BIRC/tile_30154.png,2
arctic_vegetation/20230724_birch24_m3m/BIRC/tile_30155.png,2
arctic_vegetation/20230724_birch24_m3m/BIRC/tile_30156.png,2
arctic_vegetation/20230724_birch24_m3m/BIRC/tile_30157.png,2
arctic_vegetation/20230724_birch24_m3m/BIRC/tile_30158.png,2
arctic_vegetation/20230724_birch24_m3m/BIRC/tile_30159.png,2
arctic_vegetation/20230724_birch24_m3m/BIRC/tile_30160.png,2
arctic_vegetation/20230724_birch24_m3m/BIRC/tile_30161.png,2
arctic_vegetation/20230724_birch24_m3m/BIRC/tile_30162.png,2
arctic_vegetation/20230724_birch24_m3m/BIRC/tile_30163.png,2
arctic_vegetation/20230724_birch24_m3m/BIRC/tile_30164.png,2
arctic_vegetation/20230724_birch24_m3m/BIRC/tile_30165.png,2
arctic_vegetation/20230724_birch24_m3m/BIRC/tile_30166.png,2
arctic_vegetation/20230724_birch24_m3m/BIRC/tile_30167.png,2
arctic_vegetation/20230724_birch24_m3m/BIRC/tile_30168.png,2
arctic_vegetation/20230724_birch24_m3m/BIRC/tile_30169.png,2
arctic_vegetation/20230724_birch24_m3m/BIRC/tile_30170.png,2
arctic_vegetation/20230724_birch24_m3m/BIRC/tile_30171.png,2
arctic_vegetation/20230724_birch24_m3m/BIRC/tile_30172.png,2
arctic_vegetation/20230724_birch24_m3m/BIRC/tile_30173.png,2
arctic_vegetation/20230724_birch24_m3m/BIRC/tile_30174.png,2
arctic_vegetation/20230724_birch24_m3m/BIRC/tile_30175.png,2
arctic_vegetation/20230724_birch24_m3m/BIRC/tile_30176.png,2
arctic_vegetation/20230724_birch24_m3m/BIRC/tile_30177.png,2
arctic_vegetation/20230724_birch24_m3m/BIRC/tile_30178.png,2
arctic_vegetation/20230724_birch24_m3m/BIRC/tile_30179.png,2
arctic_vegetation/20230724_birch24_m3m/BIRC/tile_30180.png,2
arctic_vegetation/20230724_birch24_m3m/BIRC/tile_30181.png,2
arctic_vegetation/20230724_birch24_m3m/BIRC/tile_30182.png,2
arctic_vegetation/20230724_birch24_m3m/BIRC/tile_30183.png,2
arctic_vegetation/20230724_birch24_m3m/BIRC/tile_30283.png,2
arctic_vegetation/20230724_birch24_m3m/BIRC/tile_30284.png,2
arctic_vegetation/20230724_birch24_m3m/BIRC/tile_30285.png,2
arctic_vegetation/20230724_birch24_m3m/BIRC/tile_30286.png,2
arctic_vegetation/20230724_birch24_m3m/BIRC/tile_30287.png,2
arctic_vegetation/20230724_birch24_m3m/BIRC/tile_30288.png,2
arctic_vegetation/20230724_birch24_m3m/BIRC/tile_30289.png,2
arctic_vegetation/20230724_birch24_m3m/BIRC/tile_30290.png,2
arctic_vegetation/20230724_birch24_m3m/BIRC/tile_30291.png,2
arctic_vegetation/20230724_birch24_m3m/BIRC/tile_30292.png,2
arctic_vegetation/20230724_birch24_m3m/BIRC/tile_30293.png,2
arctic_vegetation/20230724_birch24_m3m/BIRC/tile_30294.png,2
arctic_vegetation/20230724_birch24_m3m/BIRC/tile_30295.png,2
arctic_vegetation/20230724_birch24_m3m/BIRC/tile_30296.png,2
arctic_vegetation/20230724_birch24_m3m/BIRC/tile_30297.png,2
arctic_vegetation/20230724_birch24_m3m/BIRC/tile_30298.png,2
arctic_vegetation/20230724_birch24_m3m/BIRC/tile_30299.png,2
arctic_vegetation/20230724_birch24_m3m/BIRC/tile_30300.png,2
arctic_vegetation/20230724_birch24_m3m/BIRC/tile_30301.png,2
arctic_vegetation/20230724_birch24_m3m/LICH/tile_30303.png,4
arctic_vegetation/20230724_birch24_m3m/LICH/tile_30304.png,4
arctic_vegetation/20230724_birch24_m3m/LICH/tile_30305.png,4
arctic_vegetation/20230724_birch24_m3m/LICH/tile_30306.png,4
arctic_vegetation/20230724_birch24_m3m/BIRC/tile_30307.png,2
arctic_vegetation/20230724_birch24_m3m/BIRC/tile_30308.png,2
arctic_vegetation/20230724_birch24_m3m/BIRC/tile_30309.png,2
arctic_vegetation/20230724_birch24_m3m/LICH/tile_30310.png,4
arctic_vegetation/20230724_birch24_m3m/BIRC/tile_30311.png,2
arctic_vegetation/20230724_birch24_m3m/BIRC/tile_30312.png,2
arctic_vegetation/20230724_birch24_m3m/BIRC/tile_30313.png,2
arctic_vegetation/20230724_birch24_m3m/BIRC/tile_30314.png,2
arctic_vegetation/20230724_birch24_m3m/LICH/tile_30316.png,4
arctic_vegetation/20230724_birch24_m3m/LICH/tile_30317.png,4
arctic_vegetation/20230724_birch24_m3m/BIRC/tile_30318.png,2
arctic_vegetation/20230724_birch24_m3m/BIRC/tile_30319.png,2
arctic_vegetation/20230724_birch24_m3m/BIRC/tile_30320.png,2
arctic_vegetation/20230724_birch24_m3m/BIRC/tile_30321.png,2
arctic_vegetation/20230724_birch24_m3m/BIRC/tile_30322.png,2
arctic_vegetation/20230724_birch24_m3m/BIRC/tile_30323.png,2
arctic_vegetation/20230724_birch24_m3m/BIRC/tile_30324.png,2
arctic_vegetation/20230724_birch24_m3m/BIRC/tile_30325.png,2
arctic_vegetation/20230724_birch24_m3m/BIRC/tile_30326.png,2
arctic_vegetation/20230724_birch24_m3m/BIRC/tile_30327.png,2
arctic_vegetation/20230724_birch24_m3m/BIRC/tile_30328.png,2
arctic_vegetation/20230724_birch24_m3m/BIRC/tile_30329.png,2
arctic_vegetation/20230724_birch24_m3m/BIRC/tile_30330.png,2
arctic_vegetation/20230724_birch24_m3m/BIRC/tile_30331.png,2
arctic_vegetation/20230724_birch24_m3m/BIRC/tile_30332.png,2
arctic_vegetation/20230724_birch24_m3m/BIRC/tile_30333.png,2
arctic_vegetation/20230724_birch24_m3m/BIRC/tile_30334.png,2
arctic_vegetation/20230724_birch24_m3m/BIRC/tile_30335.png,2
arctic_vegetation/20230724_birch24_m3m/BIRC/tile_30336.png,2
arctic_vegetation/20230724_birch24_m3m/BIRC/tile_30337.png,2
arctic_vegetation/20230724_birch24_m3m/BIRC/tile_30338.png,2
arctic_vegetation/20230724_birch24_m3m/BIRC/tile_30339.png,2
arctic_vegetation/20230724_birch24_m3m/BIRC/tile_30340.png,2
arctic_vegetation/20230724_birch24_m3m/BIRC/tile_30341.png,2
arctic_vegetation/20230724_birch24_m3m/BIRC/tile_30342.png,2
arctic_vegetation/20230724_birch24_m3m/BIRC/tile_30343.png,2
arctic_vegetation/20230724_birch24_m3m/BIRC/tile_30344.png,2
arctic_vegetation/20230724_birch24_m3m/BIRC/tile_30346.png,2
arctic_vegetation/20230724_birch24_m3m/BIRC/tile_30347.png,2
arctic_vegetation/20230724_birch24_m3m/BIRC/tile_30348.png,2
arctic_vegetation/20230724_birch24_m3m/BIRC/tile_30349.png,2
arctic_vegetation/20230724_birch24_m3m/BIRC/tile_30350.png,2
arctic_vegetation/20230724_birch24_m3m/BIRC/tile_30351.png,2
arctic_vegetation/20230724_birch24_m3m/BIRC/tile_30352.png,2
arctic_vegetation/20230724_birch24_m3m/BIRC/tile_30353.png,2
arctic_vegetation/20230724_birch24_m3m/BIRC/tile_30354.png,2
arctic_vegetation/20230724_birch24_m3m/BIRC/tile_30355.png,2
arctic_vegetation/20230724_birch24_m3m/BIRC/tile_30356.png,2
arctic_vegetation/20230724_birch24_m3m/BIRC/tile_30357.png,2
arctic_vegetation/20230724_birch24_m3m/BIRC/tile_30358.png,2
arctic_vegetation/20230724_birch24_m3m/BIRC/tile_30359.png,2
arctic_vegetation/20230724_birch24_m3m/BIRC/tile_30360.png,2
arctic_vegetation/20230724_birch24_m3m/BIRC/tile_30361.png,2
arctic_vegetation/20230724_birch24_m3m/BIRC/tile_30362.png,2
arctic_vegetation/20230724_birch24_m3m/BIRC/tile_30363.png,2
arctic_vegetation/20230724_birch24_m3m/BIRC/tile_30364.png,2
arctic_vegetation/20230724_birch24_m3m/BIRC/tile_30365.png,2
arctic_vegetation/20230724_birch24_m3m/BIRC/tile_30366.png,2
arctic_vegetation/20230724_birch24_m3m/BIRC/tile_30367.png,2
arctic_vegetation/20230724_birch24_m3m/BIRC/tile_30368.png,2
arctic_vegetation/20230724_birch24_m3m/BIRC/tile_30369.png,2
arctic_vegetation/20230724_birch24_m3m/BIRC/tile_30370.png,2
arctic_vegetation/20230724_birch24_m3m/BIRC/tile_30371.png,2
arctic_vegetation/20230724_birch24_m3m/BIRC/tile_30372.png,2
arctic_vegetation/20230724_birch24_m3m/BIRC/tile_30373.png,2
arctic_vegetation/20230724_birch24_m3m/BIRC/tile_30374.png,2
arctic_vegetation/20230724_birch24_m3m/BIRC/tile_30375.png,2
arctic_vegetation/20230724_birch24_m3m/BIRC/tile_30376.png,2
arctic_vegetation/20230724_birch24_m3m/BIRC/tile_30377.png,2
arctic_vegetation/20230724_birch24_m3m/BIRC/tile_30378.png,2
arctic_vegetation/20230724_birch24_m3m/BIRC/tile_30379.png,2
arctic_vegetation/20230724_birch24_m3m/BIRC/tile_30380.png,2
arctic_vegetation/20230724_birch24_m3m/BIRC/tile_30381.png,2
arctic_vegetation/20230724_birch24_m3m/BIRC/tile_30382.png,2
arctic_vegetation/20230724_birch24_m3m/BIRC/tile_30383.png,2
arctic_vegetation/20230724_birch24_m3m/BIRC/tile_30384.png,2
arctic_vegetation/20230724_birch24_m3m/BIRC/tile_30385.png,2
arctic_vegetation/20230724_birch24_m3m/BIRC/tile_30386.png,2
arctic_vegetation/20230724_birch24_m3m/BIRC/tile_30387.png,2
arctic_vegetation/20230724_birch24_m3m/BIRC/tile_30388.png,2
arctic_vegetation/20230724_birch24_m3m/BIRC/tile_30389.png,2
arctic_vegetation/20230724_birch24_m3m/BIRC/tile_30390.png,2
arctic_vegetation/20230724_birch24_m3m/BIRC/tile_30391.png,2
arctic_vegetation/20230724_birch24_m3m/BIRC/tile_30392.png,2
arctic_vegetation/20230724_birch24_m3m/BIRC/tile_30393.png,2
arctic_vegetation/20230724_birch24_m3m/BIRC/tile_30394.png,2
arctic_vegetation/20230724_birch24_m3m/BIRC/tile_30395.png,2
arctic_vegetation/20230724_birch24_m3m/BIRC/tile_30396.png,2
arctic_vegetation/20230724_birch24_m3m/BIRC/tile_30397.png,2
arctic_vegetation/20230724_birch24_m3m/BIRC/tile_30496.png,2
arctic_vegetation/20230724_birch24_m3m/BIRC/tile_30497.png,2
arctic_vegetation/20230724_birch24_m3m/BIRC/tile_30498.png,2
arctic_vegetation/20230724_birch24_m3m/BIRC/tile_30499.png,2
arctic_vegetation/20230724_birch24_m3m/BIRC/tile_30500.png,2
arctic_vegetation/20230724_birch24_m3m/BIRC/tile_30501.png,2
arctic_vegetation/20230724_birch24_m3m/BIRC/tile_30502.png,2
arctic_vegetation/20230724_birch24_m3m/BIRC/tile_30503.png,2
arctic_vegetation/20230724_birch24_m3m/BIRC/tile_30504.png,2
arctic_vegetation/20230724_birch24_m3m/BIRC/tile_30505.png,2
arctic_vegetation/20230724_birch24_m3m/BIRC/tile_30506.png,2
arctic_vegetation/20230724_birch24_m3m/BIRC/tile_30507.png,2
arctic_vegetation/20230724_birch24_m3m/BIRC/tile_30508.png,2
arctic_vegetation/20230724_birch24_m3m/BIRC/tile_30509.png,2
arctic_vegetation/20230724_birch24_m3m/BIRC/tile_30510.png,2
arctic_vegetation/20230724_birch24_m3m/BIRC/tile_30511.png,2
arctic_vegetation/20230724_birch24_m3m/BIRC/tile_30512.png,2
arctic_vegetation/20230724_birch24_m3m/BIRC/tile_30513.png,2
arctic_vegetation/20230724_birch24_m3m/BIRC/tile_30514.png,2
arctic_vegetation/20230724_birch24_m3m/BIRC/tile_30515.png,2
arctic_vegetation/20230724_birch24_m3m/BIRC/tile_30516.png,2
arctic_vegetation/20230724_birch24_m3m/LICH/tile_30517.png,4
arctic_vegetation/20230724_birch24_m3m/LICH/tile_30518.png,4
arctic_vegetation/20230724_birch24_m3m/LICH/tile_30519.png,4
arctic_vegetation/20230724_birch24_m3m/LICH/tile_30520.png,4
arctic_vegetation/20230724_birch24_m3m/LICH/tile_30521.png,4
arctic_vegetation/20230724_birch24_m3m/LICH/tile_30522.png,4
arctic_vegetation/20230724_birch24_m3m/LICH/tile_30523.png,4
arctic_vegetation/20230724_birch24_m3m/LICH/tile_30524.png,4
arctic_vegetation/20230724_birch24_m3m/BIRC/tile_30525.png,2
arctic_vegetation/20230724_birch24_m3m/BIRC/tile_30526.png,2
arctic_vegetation/20230724_birch24_m3m/BIRC/tile_30527.png,2
arctic_vegetation/20230724_birch24_m3m/BIRC/tile_30528.png,2
arctic_vegetation/20230724_birch24_m3m/BIRC/tile_30529.png,2
arctic_vegetation/20230724_birch24_m3m/BIRC/tile_30530.png,2
arctic_vegetation/20230724_birch24_m3m/LICH/tile_30531.png,4
arctic_vegetation/20230724_birch24_m3m/BIRC/tile_30532.png,2
arctic_vegetation/20230724_birch24_m3m/BIRC/tile_30533.png,2
arctic_vegetation/20230724_birch24_m3m/BIRC/tile_30534.png,2
arctic_vegetation/20230724_birch24_m3m/BIRC/tile_30535.png,2
arctic_vegetation/20230724_birch24_m3m/BIRC/tile_30536.png,2
arctic_vegetation/20230724_birch24_m3m/BIRC/tile_30537.png,2
arctic_vegetation/20230724_birch24_m3m/BIRC/tile_30538.png,2
arctic_vegetation/20230724_birch24_m3m/BIRC/tile_30539.png,2
arctic_vegetation/20230724_birch24_m3m/BIRC/tile_30540.png,2
arctic_vegetation/20230724_birch24_m3m/BIRC/tile_30541.png,2
arctic_vegetation/20230724_birch24_m3m/BIRC/tile_30542.png,2
arctic_vegetation/20230724_birch24_m3m/BIRC/tile_30543.png,2
arctic_vegetation/20230724_birch24_m3m/BIRC/tile_30544.png,2
arctic_vegetation/20230724_birch24_m3m/BIRC/tile_30545.png,2
arctic_vegetation/20230724_birch24_m3m/BIRC/tile_30546.png,2
arctic_vegetation/20230724_birch24_m3m/BIRC/tile_30547.png,2
arctic_vegetation/20230724_birch24_m3m/BIRC/tile_30548.png,2
arctic_vegetation/20230724_birch24_m3m/BIRC/tile_30549.png,2
arctic_vegetation/20230724_birch24_m3m/BIRC/tile_30550.png,2
arctic_vegetation/20230724_birch24_m3m/BIRC/tile_30551.png,2
arctic_vegetation/20230724_birch24_m3m/BIRC/tile_30552.png,2
arctic_vegetation/20230724_birch24_m3m/BIRC/tile_30553.png,2
arctic_vegetation/20230724_birch24_m3m/BIRC/tile_30554.png,2
arctic_vegetation/20230724_birch24_m3m/BIRC/tile_30555.png,2
arctic_vegetation/20230724_birch24_m3m/BIRC/tile_30556.png,2
arctic_vegetation/20230724_birch24_m3m/PETF/tile_30557.png,6
arctic_vegetation/20230724_birch24_m3m/BIRC/tile_30560.png,2
arctic_vegetation/20230724_birch24_m3m/BIRC/tile_30561.png,2
arctic_vegetation/20230724_birch24_m3m/BIRC/tile_30562.png,2
arctic_vegetation/20230724_birch24_m3m/BIRC/tile_30563.png,2
arctic_vegetation/20230724_birch24_m3m/BIRC/tile_30564.png,2
arctic_vegetation/20230724_birch24_m3m/BIRC/tile_30565.png,2
arctic_vegetation/20230724_birch24_m3m/BIRC/tile_30566.png,2
arctic_vegetation/20230724_birch24_m3m/BIRC/tile_30567.png,2
arctic_vegetation/20230724_birch24_m3m/BIRC/tile_30568.png,2
arctic_vegetation/20230724_birch24_m3m/BIRC/tile_30569.png,2
arctic_vegetation/20230724_birch24_m3m/BIRC/tile_30570.png,2
arctic_vegetation/20230724_birch24_m3m/BIRC/tile_30571.png,2
arctic_vegetation/20230724_birch24_m3m/BIRC/tile_30572.png,2
arctic_vegetation/20230724_birch24_m3m/BIRC/tile_30573.png,2
arctic_vegetation/20230724_birch24_m3m/BIRC/tile_30574.png,2
arctic_vegetation/20230724_birch24_m3m/BIRC/tile_30575.png,2
arctic_vegetation/20230724_birch24_m3m/BIRC/tile_30576.png,2
arctic_vegetation/20230724_birch24_m3m/BIRC/tile_30577.png,2
arctic_vegetation/20230724_birch24_m3m/BIRC/tile_30578.png,2
arctic_vegetation/20230724_birch24_m3m/BIRC/tile_30579.png,2
arctic_vegetation/20230724_birch24_m3m/BIRC/tile_30580.png,2
arctic_vegetation/20230724_birch24_m3m/BIRC/tile_30581.png,2
arctic_vegetation/20230724_birch24_m3m/BIRC/tile_30582.png,2
arctic_vegetation/20230724_birch24_m3m/BIRC/tile_30583.png,2
arctic_vegetation/20230724_birch24_m3m/BIRC/tile_30584.png,2
arctic_vegetation/20230724_birch24_m3m/PETF/tile_30585.png,6
arctic_vegetation/20230724_birch24_m3m/BIRC/tile_30586.png,2
arctic_vegetation/20230724_birch24_m3m/BIRC/tile_30587.png,2
arctic_vegetation/20230724_birch24_m3m/BIRC/tile_30588.png,2
arctic_vegetation/20230724_birch24_m3m/BIRC/tile_30589.png,2
arctic_vegetation/20230724_birch24_m3m/BIRC/tile_30590.png,2
arctic_vegetation/20230724_birch24_m3m/BIRC/tile_30591.png,2
arctic_vegetation/20230724_birch24_m3m/BIRC/tile_30592.png,2
arctic_vegetation/20230724_birch24_m3m/BIRC/tile_30593.png,2
arctic_vegetation/20230724_birch24_m3m/BIRC/tile_30594.png,2
arctic_vegetation/20230724_birch24_m3m/BIRC/tile_30595.png,2
arctic_vegetation/20230724_birch24_m3m/BIRC/tile_30596.png,2
arctic_vegetation/20230724_birch24_m3m/BIRC/tile_30597.png,2
arctic_vegetation/20230724_birch24_m3m/BIRC/tile_30598.png,2
arctic_vegetation/20230724_birch24_m3m/BIRC/tile_30599.png,2
arctic_vegetation/20230724_birch24_m3m/BIRC/tile_30600.png,2
arctic_vegetation/20230724_birch24_m3m/BIRC/tile_30601.png,2
arctic_vegetation/20230724_birch24_m3m/BIRC/tile_30602.png,2
arctic_vegetation/20230724_birch24_m3m/BIRC/tile_30603.png,2
arctic_vegetation/20230724_birch24_m3m/BIRC/tile_30604.png,2
arctic_vegetation/20230724_birch24_m3m/BIRC/tile_30605.png,2
arctic_vegetation/20230724_birch24_m3m/BIRC/tile_30606.png,2
arctic_vegetation/20230724_birch24_m3m/BIRC/tile_30607.png,2
arctic_vegetation/20230724_birch24_m3m/BIRC/tile_30608.png,2
arctic_vegetation/20230724_birch24_m3m/BIRC/tile_30609.png,2
arctic_vegetation/20230724_birch24_m3m/BIRC/tile_30610.png,2
arctic_vegetation/20230724_birch24_m3m/BIRC/tile_30611.png,2
arctic_vegetation/20230724_birch24_m3m/BIRC/tile_30612.png,2
arctic_vegetation/20230724_birch24_m3m/BIRC/tile_30709.png,2
arctic_vegetation/20230724_birch24_m3m/BIRC/tile_30710.png,2
arctic_vegetation/20230724_birch24_m3m/BIRC/tile_30711.png,2
arctic_vegetation/20230724_birch24_m3m/BIRC/tile_30712.png,2
arctic_vegetation/20230724_birch24_m3m/BIRC/tile_30713.png,2
arctic_vegetation/20230724_birch24_m3m/BIRC/tile_30714.png,2
arctic_vegetation/20230724_birch24_m3m/BIRC/tile_30715.png,2
arctic_vegetation/20230724_birch24_m3m/BIRC/tile_30716.png,2
arctic_vegetation/20230724_birch24_m3m/BIRC/tile_30717.png,2
arctic_vegetation/20230724_birch24_m3m/BIRC/tile_30718.png,2
arctic_vegetation/20230724_birch24_m3m/BIRC/tile_30719.png,2
arctic_vegetation/20230724_birch24_m3m/BIRC/tile_30720.png,2
arctic_vegetation/20230724_birch24_m3m/BIRC/tile_30721.png,2
arctic_vegetation/20230724_birch24_m3m/BIRC/tile_30722.png,2
arctic_vegetation/20230724_birch24_m3m/BIRC/tile_30723.png,2
arctic_vegetation/20230724_birch24_m3m/BIRC/tile_30724.png,2
arctic_vegetation/20230724_birch24_m3m/BIRC/tile_30725.png,2
arctic_vegetation/20230724_birch24_m3m/BIRC/tile_30726.png,2
arctic_vegetation/20230724_birch24_m3m/BIRC/tile_30727.png,2
arctic_vegetation/20230724_birch24_m3m/BIRC/tile_30728.png,2
arctic_vegetation/20230724_birch24_m3m/BIRC/tile_30729.png,2
arctic_vegetation/20230724_birch24_m3m/BIRC/tile_30730.png,2
arctic_vegetation/20230724_birch24_m3m/BIRC/tile_30731.png,2
arctic_vegetation/20230724_birch24_m3m/BIRC/tile_30732.png,2
arctic_vegetation/20230724_birch24_m3m/BIRC/tile_30733.png,2
arctic_vegetation/20230724_birch24_m3m/LICH/tile_30734.png,4
arctic_vegetation/20230724_birch24_m3m/LICH/tile_30735.png,4
arctic_vegetation/20230724_birch24_m3m/LICH/tile_30736.png,4
arctic_vegetation/20230724_birch24_m3m/LICH/tile_30737.png,4
arctic_vegetation/20230724_birch24_m3m/BIRC/tile_30738.png,2
arctic_vegetation/20230724_birch24_m3m/BIRC/tile_30739.png,2
arctic_vegetation/20230724_birch24_m3m/BIRC/tile_30740.png,2
arctic_vegetation/20230724_birch24_m3m/BIRC/tile_30741.png,2
arctic_vegetation/20230724_birch24_m3m/BIRC/tile_30742.png,2
arctic_vegetation/20230724_birch24_m3m/BIRC/tile_30743.png,2
arctic_vegetation/20230724_birch24_m3m/LICH/tile_30744.png,4
arctic_vegetation/20230724_birch24_m3m/BIRC/tile_30745.png,2
arctic_vegetation/20230724_birch24_m3m/BIRC/tile_30746.png,2
arctic_vegetation/20230724_birch24_m3m/BIRC/tile_30747.png,2
arctic_vegetation/20230724_birch24_m3m/BIRC/tile_30748.png,2
arctic_vegetation/20230724_birch24_m3m/BIRC/tile_30749.png,2
arctic_vegetation/20230724_birch24_m3m/BIRC/tile_30750.png,2
arctic_vegetation/20230724_birch24_m3m/BIRC/tile_30751.png,2
arctic_vegetation/20230724_birch24_m3m/BIRC/tile_30752.png,2
arctic_vegetation/20230724_birch24_m3m/BIRC/tile_30753.png,2
arctic_vegetation/20230724_birch24_m3m/BIRC/tile_30754.png,2
arctic_vegetation/20230724_birch24_m3m/BIRC/tile_30755.png,2
arctic_vegetation/20230724_birch24_m3m/BIRC/tile_30756.png,2
arctic_vegetation/20230724_birch24_m3m/BIRC/tile_30757.png,2
arctic_vegetation/20230724_birch24_m3m/BIRC/tile_30758.png,2
arctic_vegetation/20230724_birch24_m3m/BIRC/tile_30759.png,2
arctic_vegetation/20230724_birch24_m3m/BIRC/tile_30760.png,2
arctic_vegetation/20230724_birch24_m3m/BIRC/tile_30761.png,2
arctic_vegetation/20230724_birch24_m3m/BIRC/tile_30762.png,2
arctic_vegetation/20230724_birch24_m3m/BIRC/tile_30763.png,2
arctic_vegetation/20230724_birch24_m3m/BIRC/tile_30764.png,2
arctic_vegetation/20230724_birch24_m3m/BIRC/tile_30765.png,2
arctic_vegetation/20230724_birch24_m3m/BIRC/tile_30766.png,2
arctic_vegetation/20230724_birch24_m3m/BIRC/tile_30767.png,2
arctic_vegetation/20230724_birch24_m3m/BIRC/tile_30768.png,2
arctic_vegetation/20230724_birch24_m3m/BIRC/tile_30769.png,2
arctic_vegetation/20230724_birch24_m3m/BIRC/tile_30770.png,2
arctic_vegetation/20230724_birch24_m3m/BIRC/tile_30771.png,2
arctic_vegetation/20230724_birch24_m3m/BIRC/tile_30772.png,2
arctic_vegetation/20230724_birch24_m3m/BIRC/tile_30773.png,2
arctic_vegetation/20230724_birch24_m3m/BIRC/tile_30774.png,2
arctic_vegetation/20230724_birch24_m3m/BIRC/tile_30775.png,2
arctic_vegetation/20230724_birch24_m3m/BIRC/tile_30776.png,2
arctic_vegetation/20230724_birch24_m3m/BIRC/tile_30777.png,2
arctic_vegetation/20230724_birch24_m3m/BIRC/tile_30778.png,2
arctic_vegetation/20230724_birch24_m3m/BIRC/tile_30779.png,2
arctic_vegetation/20230724_birch24_m3m/BIRC/tile_30780.png,2
arctic_vegetation/20230724_birch24_m3m/BIRC/tile_30781.png,2
arctic_vegetation/20230724_birch24_m3m/BIRC/tile_30782.png,2
arctic_vegetation/20230724_birch24_m3m/BIRC/tile_30783.png,2
arctic_vegetation/20230724_birch24_m3m/BIRC/tile_30784.png,2
arctic_vegetation/20230724_birch24_m3m/BIRC/tile_30785.png,2
arctic_vegetation/20230724_birch24_m3m/BIRC/tile_30786.png,2
arctic_vegetation/20230724_birch24_m3m/BIRC/tile_30787.png,2
arctic_vegetation/20230724_birch24_m3m/BIRC/tile_30788.png,2
arctic_vegetation/20230724_birch24_m3m/BIRC/tile_30789.png,2
arctic_vegetation/20230724_birch24_m3m/BIRC/tile_30790.png,2
arctic_vegetation/20230724_birch24_m3m/BIRC/tile_30791.png,2
arctic_vegetation/20230724_birch24_m3m/BIRC/tile_30792.png,2
arctic_vegetation/20230724_birch24_m3m/BIRC/tile_30793.png,2
arctic_vegetation/20230724_birch24_m3m/BIRC/tile_30794.png,2
arctic_vegetation/20230724_birch24_m3m/BIRC/tile_30795.png,2
arctic_vegetation/20230724_birch24_m3m/BIRC/tile_30796.png,2
arctic_vegetation/20230724_birch24_m3m/BIRC/tile_30797.png,2
arctic_vegetation/20230724_birch24_m3m/BIRC/tile_30798.png,2
arctic_vegetation/20230724_birch24_m3m/BIRC/tile_30799.png,2
arctic_vegetation/20230724_birch24_m3m/BIRC/tile_30800.png,2
arctic_vegetation/20230724_birch24_m3m/BIRC/tile_30801.png,2
arctic_vegetation/20230724_birch24_m3m/BIRC/tile_30802.png,2
arctic_vegetation/20230724_birch24_m3m/BIRC/tile_30803.png,2
arctic_vegetation/20230724_birch24_m3m/BIRC/tile_30804.png,2
arctic_vegetation/20230724_birch24_m3m/BIRC/tile_30805.png,2
arctic_vegetation/20230724_birch24_m3m/BIRC/tile_30806.png,2
arctic_vegetation/20230724_birch24_m3m/BIRC/tile_30807.png,2
arctic_vegetation/20230724_birch24_m3m/BIRC/tile_30808.png,2
arctic_vegetation/20230724_birch24_m3m/BIRC/tile_30809.png,2
arctic_vegetation/20230724_birch24_m3m/BIRC/tile_30810.png,2
arctic_vegetation/20230724_birch24_m3m/BIRC/tile_30811.png,2
arctic_vegetation/20230724_birch24_m3m/BIRC/tile_30812.png,2
arctic_vegetation/20230724_birch24_m3m/BIRC/tile_30813.png,2
arctic_vegetation/20230724_birch24_m3m/BIRC/tile_30814.png,2
arctic_vegetation/20230724_birch24_m3m/BIRC/tile_30815.png,2
arctic_vegetation/20230724_birch24_m3m/BIRC/tile_30816.png,2
arctic_vegetation/20230724_birch24_m3m/BIRC/tile_30817.png,2
arctic_vegetation/20230724_birch24_m3m/BIRC/tile_30818.png,2
arctic_vegetation/20230724_birch24_m3m/BIRC/tile_30819.png,2
arctic_vegetation/20230724_birch24_m3m/BIRC/tile_30820.png,2
arctic_vegetation/20230724_birch24_m3m/BIRC/tile_30821.png,2
arctic_vegetation/20230724_birch24_m3m/BIRC/tile_30822.png,2
arctic_vegetation/20230724_birch24_m3m/BIRC/tile_30823.png,2
arctic_vegetation/20230724_birch24_m3m/BIRC/tile_30824.png,2
arctic_vegetation/20230724_birch24_m3m/BIRC/tile_30825.png,2
arctic_vegetation/20230724_birch24_m3m/BIRC/tile_30922.png,2
arctic_vegetation/20230724_birch24_m3m/BIRC/tile_30923.png,2
arctic_vegetation/20230724_birch24_m3m/BIRC/tile_30924.png,2
arctic_vegetation/20230724_birch24_m3m/BIRC/tile_30925.png,2
arctic_vegetation/20230724_birch24_m3m/BIRC/tile_30926.png,2
arctic_vegetation/20230724_birch24_m3m/BIRC/tile_30927.png,2
arctic_vegetation/20230724_birch24_m3m/BIRC/tile_30928.png,2
arctic_vegetation/20230724_birch24_m3m/BIRC/tile_30929.png,2
arctic_vegetation/20230724_birch24_m3m/BIRC/tile_30930.png,2
arctic_vegetation/20230724_birch24_m3m/BIRC/tile_30931.png,2
arctic_vegetation/20230724_birch24_m3m/BIRC/tile_30932.png,2
arctic_vegetation/20230724_birch24_m3m/BIRC/tile_30933.png,2
arctic_vegetation/20230724_birch24_m3m/BIRC/tile_30934.png,2
arctic_vegetation/20230724_birch24_m3m/BIRC/tile_30935.png,2
arctic_vegetation/20230724_birch24_m3m/BIRC/tile_30936.png,2
arctic_vegetation/20230724_birch24_m3m/BIRC/tile_30937.png,2
arctic_vegetation/20230724_birch24_m3m/BIRC/tile_30938.png,2
arctic_vegetation/20230724_birch24_m3m/BIRC/tile_30939.png,2
arctic_vegetation/20230724_birch24_m3m/BIRC/tile_30940.png,2
arctic_vegetation/20230724_birch24_m3m/BIRC/tile_30941.png,2
arctic_vegetation/20230724_birch24_m3m/BIRC/tile_30942.png,2
arctic_vegetation/20230724_birch24_m3m/BIRC/tile_30943.png,2
arctic_vegetation/20230724_birch24_m3m/WILL/tile_30944.png,11
arctic_vegetation/20230724_birch24_m3m/BIRC/tile_30945.png,2
arctic_vegetation/20230724_birch24_m3m/BIRC/tile_30946.png,2
arctic_vegetation/20230724_birch24_m3m/BIRC/tile_30947.png,2
arctic_vegetation/20230724_birch24_m3m/BIRC/tile_30948.png,2
arctic_vegetation/20230724_birch24_m3m/BIRC/tile_30949.png,2
arctic_vegetation/20230724_birch24_m3m/BIRC/tile_30950.png,2
arctic_vegetation/20230724_birch24_m3m/BIRC/tile_30951.png,2
arctic_vegetation/20230724_birch24_m3m/BIRC/tile_30952.png,2
arctic_vegetation/20230724_birch24_m3m/BIRC/tile_30953.png,2
arctic_vegetation/20230724_birch24_m3m/BIRC/tile_30954.png,2
arctic_vegetation/20230724_birch24_m3m/BIRC/tile_30955.png,2
arctic_vegetation/20230724_birch24_m3m/LICH/tile_30956.png,4
arctic_vegetation/20230724_birch24_m3m/BIRC/tile_30957.png,2
arctic_vegetation/20230724_birch24_m3m/BIRC/tile_30958.png,2
arctic_vegetation/20230724_birch24_m3m/BIRC/tile_30959.png,2
arctic_vegetation/20230724_birch24_m3m/BIRC/tile_30960.png,2
arctic_vegetation/20230724_birch24_m3m/BIRC/tile_30961.png,2
arctic_vegetation/20230724_birch24_m3m/BIRC/tile_30962.png,2
arctic_vegetation/20230724_birch24_m3m/BIRC/tile_30963.png,2
arctic_vegetation/20230724_birch24_m3m/BIRC/tile_30964.png,2
arctic_vegetation/20230724_birch24_m3m/BIRC/tile_30965.png,2
arctic_vegetation/20230724_birch24_m3m/BIRC/tile_30966.png,2
arctic_vegetation/20230724_birch24_m3m/BIRC/tile_30967.png,2
arctic_vegetation/20230724_birch24_m3m/BIRC/tile_30968.png,2
arctic_vegetation/20230724_birch24_m3m/BIRC/tile_30969.png,2
arctic_vegetation/20230724_birch24_m3m/BIRC/tile_30970.png,2
arctic_vegetation/20230724_birch24_m3m/BIRC/tile_30971.png,2
arctic_vegetation/20230724_birch24_m3m/BIRC/tile_30972.png,2
arctic_vegetation/20230724_birch24_m3m/BIRC/tile_30973.png,2
arctic_vegetation/20230724_birch24_m3m/BIRC/tile_30974.png,2
arctic_vegetation/20230724_birch24_m3m/BIRC/tile_30975.png,2
arctic_vegetation/20230724_birch24_m3m/BIRC/tile_30976.png,2
arctic_vegetation/20230724_birch24_m3m/BIRC/tile_30977.png,2
arctic_vegetation/20230724_birch24_m3m/BIRC/tile_30978.png,2
arctic_vegetation/20230724_birch24_m3m/BIRC/tile_30979.png,2
arctic_vegetation/20230724_birch24_m3m/BIRC/tile_30980.png,2
arctic_vegetation/20230724_birch24_m3m/BIRC/tile_30981.png,2
arctic_vegetation/20230724_birch24_m3m/BIRC/tile_30982.png,2
arctic_vegetation/20230724_birch24_m3m/BIRC/tile_30983.png,2
arctic_vegetation/20230724_birch24_m3m/BIRC/tile_30984.png,2
arctic_vegetation/20230724_birch24_m3m/BIRC/tile_30985.png,2
arctic_vegetation/20230724_birch24_m3m/BIRC/tile_30986.png,2
arctic_vegetation/20230724_birch24_m3m/BIRC/tile_30987.png,2
arctic_vegetation/20230724_birch24_m3m/BIRC/tile_30988.png,2
arctic_vegetation/20230724_birch24_m3m/BIRC/tile_30989.png,2
arctic_vegetation/20230724_birch24_m3m/BIRC/tile_30990.png,2
arctic_vegetation/20230724_birch24_m3m/BIRC/tile_30991.png,2
arctic_vegetation/20230724_birch24_m3m/BIRC/tile_30992.png,2
arctic_vegetation/20230724_birch24_m3m/BIRC/tile_30993.png,2
arctic_vegetation/20230724_birch24_m3m/BIRC/tile_30994.png,2
arctic_vegetation/20230724_birch24_m3m/BIRC/tile_30995.png,2
arctic_vegetation/20230724_birch24_m3m/BIRC/tile_30996.png,2
arctic_vegetation/20230724_birch24_m3m/BIRC/tile_30997.png,2
arctic_vegetation/20230724_birch24_m3m/BIRC/tile_30998.png,2
arctic_vegetation/20230724_birch24_m3m/BIRC/tile_30999.png,2
arctic_vegetation/20230724_birch24_m3m/BIRC/tile_31000.png,2
arctic_vegetation/20230724_birch24_m3m/BIRC/tile_31001.png,2
arctic_vegetation/20230724_birch24_m3m/BIRC/tile_31002.png,2
arctic_vegetation/20230724_birch24_m3m/BIRC/tile_31003.png,2
arctic_vegetation/20230724_birch24_m3m/BIRC/tile_31004.png,2
arctic_vegetation/20230724_birch24_m3m/BIRC/tile_31005.png,2
arctic_vegetation/20230724_birch24_m3m/BIRC/tile_31006.png,2
arctic_vegetation/20230724_birch24_m3m/BIRC/tile_31007.png,2
arctic_vegetation/20230724_birch24_m3m/BIRC/tile_31008.png,2
arctic_vegetation/20230724_birch24_m3m/BIRC/tile_31009.png,2
arctic_vegetation/20230724_birch24_m3m/BIRC/tile_31010.png,2
arctic_vegetation/20230724_birch24_m3m/BIRC/tile_31011.png,2
arctic_vegetation/20230724_birch24_m3m/BIRC/tile_31012.png,2
arctic_vegetation/20230724_birch24_m3m/BIRC/tile_31013.png,2
arctic_vegetation/20230724_birch24_m3m/BIRC/tile_31014.png,2
arctic_vegetation/20230724_birch24_m3m/BIRC/tile_31015.png,2
arctic_vegetation/20230724_birch24_m3m/BIRC/tile_31016.png,2
arctic_vegetation/20230724_birch24_m3m/BIRC/tile_31017.png,2
arctic_vegetation/20230724_birch24_m3m/BIRC/tile_31018.png,2
arctic_vegetation/20230724_birch24_m3m/BIRC/tile_31019.png,2
arctic_vegetation/20230724_birch24_m3m/BIRC/tile_31020.png,2
arctic_vegetation/20230724_birch24_m3m/BIRC/tile_31021.png,2
arctic_vegetation/20230724_birch24_m3m/BIRC/tile_31022.png,2
arctic_vegetation/20230724_birch24_m3m/BIRC/tile_31023.png,2
arctic_vegetation/20230724_birch24_m3m/BIRC/tile_31024.png,2
arctic_vegetation/20230724_birch24_m3m/BIRC/tile_31025.png,2
arctic_vegetation/20230724_birch24_m3m/BIRC/tile_31026.png,2
arctic_vegetation/20230724_birch24_m3m/BIRC/tile_31027.png,2
arctic_vegetation/20230724_birch24_m3m/BIRC/tile_31028.png,2
arctic_vegetation/20230724_birch24_m3m/BIRC/tile_31029.png,2
arctic_vegetation/20230724_birch24_m3m/BIRC/tile_31030.png,2
arctic_vegetation/20230724_birch24_m3m/BIRC/tile_31031.png,2
arctic_vegetation/20230724_birch24_m3m/BIRC/tile_31032.png,2
arctic_vegetation/20230724_birch24_m3m/BIRC/tile_31033.png,2
arctic_vegetation/20230724_birch24_m3m/BIRC/tile_31034.png,2
arctic_vegetation/20230724_birch24_m3m/BIRC/tile_31035.png,2
arctic_vegetation/20230724_birch24_m3m/BIRC/tile_31036.png,2
arctic_vegetation/20230724_birch24_m3m/BIRC/tile_31037.png,2
arctic_vegetation/20230724_birch24_m3m/BIRC/tile_31039.png,2
arctic_vegetation/20230724_birch24_m3m/BIRC/tile_31040.png,2
arctic_vegetation/20230724_birch24_m3m/BIRC/tile_31041.png,2
arctic_vegetation/20230724_birch24_m3m/BIRC/tile_31042.png,2
arctic_vegetation/20230724_birch24_m3m/BIRC/tile_31043.png,2
arctic_vegetation/20230724_birch24_m3m/BIRC/tile_31044.png,2
arctic_vegetation/20230724_birch24_m3m/BIRC/tile_31045.png,2
arctic_vegetation/20230724_birch24_m3m/BIRC/tile_31133.png,2
arctic_vegetation/20230724_birch24_m3m/BIRC/tile_31134.png,2
arctic_vegetation/20230724_birch24_m3m/BIRC/tile_31135.png,2
arctic_vegetation/20230724_birch24_m3m/BIRC/tile_31136.png,2
arctic_vegetation/20230724_birch24_m3m/BIRC/tile_31137.png,2
arctic_vegetation/20230724_birch24_m3m/BIRC/tile_31138.png,2
arctic_vegetation/20230724_birch24_m3m/BIRC/tile_31139.png,2
arctic_vegetation/20230724_birch24_m3m/BIRC/tile_31140.png,2
arctic_vegetation/20230724_birch24_m3m/BIRC/tile_31141.png,2
arctic_vegetation/20230724_birch24_m3m/BIRC/tile_31142.png,2
arctic_vegetation/20230724_birch24_m3m/WILL/tile_31143.png,11
arctic_vegetation/20230724_birch24_m3m/BIRC/tile_31144.png,2
arctic_vegetation/20230724_birch24_m3m/BIRC/tile_31145.png,2
arctic_vegetation/20230724_birch24_m3m/BIRC/tile_31146.png,2
arctic_vegetation/20230724_birch24_m3m/BIRC/tile_31147.png,2
arctic_vegetation/20230724_birch24_m3m/BIRC/tile_31148.png,2
arctic_vegetation/20230724_birch24_m3m/BIRC/tile_31149.png,2
arctic_vegetation/20230724_birch24_m3m/BIRC/tile_31150.png,2
arctic_vegetation/20230724_birch24_m3m/BIRC/tile_31151.png,2
arctic_vegetation/20230724_birch24_m3m/BIRC/tile_31152.png,2
arctic_vegetation/20230724_birch24_m3m/BIRC/tile_31153.png,2
arctic_vegetation/20230724_birch24_m3m/BIRC/tile_31154.png,2
arctic_vegetation/20230724_birch24_m3m/BIRC/tile_31155.png,2
arctic_vegetation/20230724_birch24_m3m/BIRC/tile_31156.png,2
arctic_vegetation/20230724_birch24_m3m/BIRC/tile_31157.png,2
arctic_vegetation/20230724_birch24_m3m/BIRC/tile_31158.png,2
arctic_vegetation/20230724_birch24_m3m/BIRC/tile_31159.png,2
arctic_vegetation/20230724_birch24_m3m/BIRC/tile_31160.png,2
arctic_vegetation/20230724_birch24_m3m/BIRC/tile_31161.png,2
arctic_vegetation/20230724_birch24_m3m/BIRC/tile_31162.png,2
arctic_vegetation/20230724_birch24_m3m/BIRC/tile_31163.png,2
arctic_vegetation/20230724_birch24_m3m/BIRC/tile_31164.png,2
arctic_vegetation/20230724_birch24_m3m/BIRC/tile_31165.png,2
arctic_vegetation/20230724_birch24_m3m/BIRC/tile_31166.png,2
arctic_vegetation/20230724_birch24_m3m/PETF/tile_31167.png,6
arctic_vegetation/20230724_birch24_m3m/BIRC/tile_31169.png,2
arctic_vegetation/20230724_birch24_m3m/BIRC/tile_31170.png,2
arctic_vegetation/20230724_birch24_m3m/BIRC/tile_31171.png,2
arctic_vegetation/20230724_birch24_m3m/BIRC/tile_31172.png,2
arctic_vegetation/20230724_birch24_m3m/BIRC/tile_31173.png,2
arctic_vegetation/20230724_birch24_m3m/BIRC/tile_31174.png,2
arctic_vegetation/20230724_birch24_m3m/BIRC/tile_31175.png,2
arctic_vegetation/20230724_birch24_m3m/BIRC/tile_31176.png,2
arctic_vegetation/20230724_birch24_m3m/BIRC/tile_31177.png,2
arctic_vegetation/20230724_birch24_m3m/BIRC/tile_31178.png,2
arctic_vegetation/20230724_birch24_m3m/BIRC/tile_31179.png,2
arctic_vegetation/20230724_birch24_m3m/BIRC/tile_31180.png,2
arctic_vegetation/20230724_birch24_m3m/BIRC/tile_31181.png,2
arctic_vegetation/20230724_birch24_m3m/BIRC/tile_31182.png,2
arctic_vegetation/20230724_birch24_m3m/LICH/tile_31183.png,4
arctic_vegetation/20230724_birch24_m3m/BIRC/tile_31184.png,2
arctic_vegetation/20230724_birch24_m3m/BIRC/tile_31185.png,2
arctic_vegetation/20230724_birch24_m3m/BIRC/tile_31186.png,2
arctic_vegetation/20230724_birch24_m3m/BIRC/tile_31187.png,2
arctic_vegetation/20230724_birch24_m3m/BIRC/tile_31188.png,2
arctic_vegetation/20230724_birch24_m3m/LICH/tile_31189.png,4
arctic_vegetation/20230724_birch24_m3m/BIRC/tile_31190.png,2
arctic_vegetation/20230724_birch24_m3m/BIRC/tile_31191.png,2
arctic_vegetation/20230724_birch24_m3m/BIRC/tile_31192.png,2
arctic_vegetation/20230724_birch24_m3m/BIRC/tile_31193.png,2
arctic_vegetation/20230724_birch24_m3m/BIRC/tile_31194.png,2
arctic_vegetation/20230724_birch24_m3m/BIRC/tile_31195.png,2
arctic_vegetation/20230724_birch24_m3m/BIRC/tile_31196.png,2
arctic_vegetation/20230724_birch24_m3m/BIRC/tile_31197.png,2
arctic_vegetation/20230724_birch24_m3m/BIRC/tile_31198.png,2
arctic_vegetation/20230724_birch24_m3m/BIRC/tile_31199.png,2
arctic_vegetation/20230724_birch24_m3m/BIRC/tile_31200.png,2
arctic_vegetation/20230724_birch24_m3m/BIRC/tile_31201.png,2
arctic_vegetation/20230724_birch24_m3m/BIRC/tile_31202.png,2
arctic_vegetation/20230724_birch24_m3m/PETF/tile_31203.png,6
arctic_vegetation/20230724_birch24_m3m/PETF/tile_31204.png,6
arctic_vegetation/20230724_birch24_m3m/BIRC/tile_31205.png,2
arctic_vegetation/20230724_birch24_m3m/BIRC/tile_31206.png,2
arctic_vegetation/20230724_birch24_m3m/BIRC/tile_31207.png,2
arctic_vegetation/20230724_birch24_m3m/BIRC/tile_31208.png,2
arctic_vegetation/20230724_birch24_m3m/BIRC/tile_31209.png,2
arctic_vegetation/20230724_birch24_m3m/BIRC/tile_31210.png,2
arctic_vegetation/20230724_birch24_m3m/BIRC/tile_31211.png,2
arctic_vegetation/20230724_birch24_m3m/BIRC/tile_31212.png,2
arctic_vegetation/20230724_birch24_m3m/BIRC/tile_31213.png,2
arctic_vegetation/20230724_birch24_m3m/BIRC/tile_31214.png,2
arctic_vegetation/20230724_birch24_m3m/BIRC/tile_31215.png,2
arctic_vegetation/20230724_birch24_m3m/PETF/tile_31216.png,6
arctic_vegetation/20230724_birch24_m3m/BIRC/tile_31217.png,2
arctic_vegetation/20230724_birch24_m3m/BIRC/tile_31218.png,2
arctic_vegetation/20230724_birch24_m3m/BIRC/tile_31219.png,2
arctic_vegetation/20230724_birch24_m3m/BIRC/tile_31220.png,2
arctic_vegetation/20230724_birch24_m3m/BIRC/tile_31221.png,2
arctic_vegetation/20230724_birch24_m3m/BIRC/tile_31222.png,2
arctic_vegetation/20230724_birch24_m3m/BIRC/tile_31223.png,2
arctic_vegetation/20230724_birch24_m3m/BIRC/tile_31224.png,2
arctic_vegetation/20230724_birch24_m3m/BIRC/tile_31225.png,2
arctic_vegetation/20230724_birch24_m3m/BIRC/tile_31226.png,2
arctic_vegetation/20230724_birch24_m3m/BIRC/tile_31227.png,2
arctic_vegetation/20230724_birch24_m3m/BIRC/tile_31228.png,2
arctic_vegetation/20230724_birch24_m3m/BIRC/tile_31229.png,2
arctic_vegetation/20230724_birch24_m3m/BIRC/tile_31230.png,2
arctic_vegetation/20230724_birch24_m3m/BIRC/tile_31231.png,2
arctic_vegetation/20230724_birch24_m3m/BIRC/tile_31232.png,2
arctic_vegetation/20230724_birch24_m3m/BIRC/tile_31233.png,2
arctic_vegetation/20230724_birch24_m3m/BIRC/tile_31234.png,2
arctic_vegetation/20230724_birch24_m3m/BIRC/tile_31235.png,2
arctic_vegetation/20230724_birch24_m3m/BIRC/tile_31236.png,2
arctic_vegetation/20230724_birch24_m3m/BIRC/tile_31237.png,2
arctic_vegetation/20230724_birch24_m3m/BIRC/tile_31238.png,2
arctic_vegetation/20230724_birch24_m3m/BIRC/tile_31239.png,2
arctic_vegetation/20230724_birch24_m3m/BIRC/tile_31240.png,2
arctic_vegetation/20230724_birch24_m3m/BIRC/tile_31241.png,2
arctic_vegetation/20230724_birch24_m3m/BIRC/tile_31242.png,2
arctic_vegetation/20230724_birch24_m3m/BIRC/tile_31243.png,2
arctic_vegetation/20230724_birch24_m3m/BIRC/tile_31244.png,2
arctic_vegetation/20230724_birch24_m3m/BIRC/tile_31245.png,2
arctic_vegetation/20230724_birch24_m3m/BIRC/tile_31246.png,2
arctic_vegetation/20230724_birch24_m3m/BIRC/tile_31247.png,2
arctic_vegetation/20230724_birch24_m3m/BIRC/tile_31248.png,2
arctic_vegetation/20230724_birch24_m3m/BIRC/tile_31249.png,2
arctic_vegetation/20230724_birch24_m3m/BIRC/tile_31250.png,2
arctic_vegetation/20230724_birch24_m3m/BIRC/tile_31251.png,2
arctic_vegetation/20230724_birch24_m3m/BIRC/tile_31252.png,2
arctic_vegetation/20230724_birch24_m3m/BIRC/tile_31253.png,2
arctic_vegetation/20230724_birch24_m3m/BIRC/tile_31254.png,2
arctic_vegetation/20230724_birch24_m3m/BIRC/tile_31255.png,2
arctic_vegetation/20230724_birch24_m3m/BIRC/tile_31256.png,2
arctic_vegetation/20230724_birch24_m3m/BIRC/tile_31342.png,2
arctic_vegetation/20230724_birch24_m3m/BIRC/tile_31343.png,2
arctic_vegetation/20230724_birch24_m3m/BIRC/tile_31344.png,2
arctic_vegetation/20230724_birch24_m3m/BIRC/tile_31345.png,2
arctic_vegetation/20230724_birch24_m3m/BIRC/tile_31346.png,2
arctic_vegetation/20230724_birch24_m3m/BIRC/tile_31347.png,2
arctic_vegetation/20230724_birch24_m3m/BIRC/tile_31348.png,2
arctic_vegetation/20230724_birch24_m3m/BIRC/tile_31349.png,2
arctic_vegetation/20230724_birch24_m3m/BIRC/tile_31350.png,2
arctic_vegetation/20230724_birch24_m3m/BIRC/tile_31351.png,2
arctic_vegetation/20230724_birch24_m3m/WILL/tile_31353.png,11
arctic_vegetation/20230724_birch24_m3m/BIRC/tile_31354.png,2
arctic_vegetation/20230724_birch24_m3m/BIRC/tile_31355.png,2
arctic_vegetation/20230724_birch24_m3m/BIRC/tile_31356.png,2
arctic_vegetation/20230724_birch24_m3m/BIRC/tile_31357.png,2
arctic_vegetation/20230724_birch24_m3m/BIRC/tile_31358.png,2
arctic_vegetation/20230724_birch24_m3m/BIRC/tile_31359.png,2
arctic_vegetation/20230724_birch24_m3m/BIRC/tile_31360.png,2
arctic_vegetation/20230724_birch24_m3m/BIRC/tile_31361.png,2
arctic_vegetation/20230724_birch24_m3m/BIRC/tile_31362.png,2
arctic_vegetation/20230724_birch24_m3m/BIRC/tile_31363.png,2
arctic_vegetation/20230724_birch24_m3m/BIRC/tile_31364.png,2
arctic_vegetation/20230724_birch24_m3m/BIRC/tile_31365.png,2
arctic_vegetation/20230724_birch24_m3m/BIRC/tile_31366.png,2
arctic_vegetation/20230724_birch24_m3m/BIRC/tile_31367.png,2
arctic_vegetation/20230724_birch24_m3m/BIRC/tile_31368.png,2
arctic_vegetation/20230724_birch24_m3m/BIRC/tile_31369.png,2
arctic_vegetation/20230724_birch24_m3m/BIRC/tile_31370.png,2
arctic_vegetation/20230724_birch24_m3m/BIRC/tile_31371.png,2
arctic_vegetation/20230724_birch24_m3m/PETF/tile_31372.png,6
arctic_vegetation/20230724_birch24_m3m/BIRC/tile_31373.png,2
arctic_vegetation/20230724_birch24_m3m/BIRC/tile_31374.png,2
arctic_vegetation/20230724_birch24_m3m/PETF/tile_31375.png,6
arctic_vegetation/20230724_birch24_m3m/PETF/tile_31376.png,6
arctic_vegetation/20230724_birch24_m3m/BIRC/tile_31380.png,2
arctic_vegetation/20230724_birch24_m3m/BIRC/tile_31381.png,2
arctic_vegetation/20230724_birch24_m3m/BIRC/tile_31384.png,2
arctic_vegetation/20230724_birch24_m3m/BIRC/tile_31385.png,2
arctic_vegetation/20230724_birch24_m3m/BIRC/tile_31386.png,2
arctic_vegetation/20230724_birch24_m3m/BIRC/tile_31387.png,2
arctic_vegetation/20230724_birch24_m3m/BIRC/tile_31388.png,2
arctic_vegetation/20230724_birch24_m3m/BIRC/tile_31389.png,2
arctic_vegetation/20230724_birch24_m3m/BIRC/tile_31390.png,2
arctic_vegetation/20230724_birch24_m3m/BIRC/tile_31391.png,2
arctic_vegetation/20230724_birch24_m3m/BIRC/tile_31392.png,2
arctic_vegetation/20230724_birch24_m3m/BIRC/tile_31393.png,2
arctic_vegetation/20230724_birch24_m3m/BIRC/tile_31394.png,2
arctic_vegetation/20230724_birch24_m3m/BIRC/tile_31395.png,2
arctic_vegetation/20230724_birch24_m3m/BIRC/tile_31396.png,2
arctic_vegetation/20230724_birch24_m3m/BIRC/tile_31397.png,2
arctic_vegetation/20230724_birch24_m3m/BIRC/tile_31398.png,2
arctic_vegetation/20230724_birch24_m3m/BIRC/tile_31399.png,2
arctic_vegetation/20230724_birch24_m3m/BIRC/tile_31400.png,2
arctic_vegetation/20230724_birch24_m3m/BIRC/tile_31401.png,2
arctic_vegetation/20230724_birch24_m3m/PETF/tile_31402.png,6
arctic_vegetation/20230724_birch24_m3m/BIRC/tile_31403.png,2
arctic_vegetation/20230724_birch24_m3m/BIRC/tile_31404.png,2
arctic_vegetation/20230724_birch24_m3m/BIRC/tile_31405.png,2
arctic_vegetation/20230724_birch24_m3m/BIRC/tile_31406.png,2
arctic_vegetation/20230724_birch24_m3m/BIRC/tile_31407.png,2
arctic_vegetation/20230724_birch24_m3m/BIRC/tile_31408.png,2
arctic_vegetation/20230724_birch24_m3m/BIRC/tile_31409.png,2
arctic_vegetation/20230724_birch24_m3m/BIRC/tile_31410.png,2
arctic_vegetation/20230724_birch24_m3m/BIRC/tile_31411.png,2
arctic_vegetation/20230724_birch24_m3m/BIRC/tile_31412.png,2
arctic_vegetation/20230724_birch24_m3m/BIRC/tile_31413.png,2
arctic_vegetation/20230724_birch24_m3m/BIRC/tile_31414.png,2
arctic_vegetation/20230724_birch24_m3m/BIRC/tile_31415.png,2
arctic_vegetation/20230724_birch24_m3m/BIRC/tile_31416.png,2
arctic_vegetation/20230724_birch24_m3m/BIRC/tile_31417.png,2
arctic_vegetation/20230724_birch24_m3m/BIRC/tile_31418.png,2
arctic_vegetation/20230724_birch24_m3m/BIRC/tile_31419.png,2
arctic_vegetation/20230724_birch24_m3m/BIRC/tile_31420.png,2
arctic_vegetation/20230724_birch24_m3m/BIRC/tile_31421.png,2
arctic_vegetation/20230724_birch24_m3m/BIRC/tile_31422.png,2
arctic_vegetation/20230724_birch24_m3m/BIRC/tile_31423.png,2
arctic_vegetation/20230724_birch24_m3m/BIRC/tile_31424.png,2
arctic_vegetation/20230724_birch24_m3m/BIRC/tile_31425.png,2
arctic_vegetation/20230724_birch24_m3m/BIRC/tile_31426.png,2
arctic_vegetation/20230724_birch24_m3m/BIRC/tile_31427.png,2
arctic_vegetation/20230724_birch24_m3m/BIRC/tile_31428.png,2
arctic_vegetation/20230724_birch24_m3m/BIRC/tile_31429.png,2
arctic_vegetation/20230724_birch24_m3m/BIRC/tile_31430.png,2
arctic_vegetation/20230724_birch24_m3m/BIRC/tile_31431.png,2
arctic_vegetation/20230724_birch24_m3m/BIRC/tile_31432.png,2
arctic_vegetation/20230724_birch24_m3m/BIRC/tile_31433.png,2
arctic_vegetation/20230724_birch24_m3m/BIRC/tile_31434.png,2
arctic_vegetation/20230724_birch24_m3m/BIRC/tile_31435.png,2
arctic_vegetation/20230724_birch24_m3m/BIRC/tile_31436.png,2
arctic_vegetation/20230724_birch24_m3m/BIRC/tile_31437.png,2
arctic_vegetation/20230724_birch24_m3m/BIRC/tile_31438.png,2
arctic_vegetation/20230724_birch24_m3m/BIRC/tile_31439.png,2
arctic_vegetation/20230724_birch24_m3m/BIRC/tile_31440.png,2
arctic_vegetation/20230724_birch24_m3m/BIRC/tile_31441.png,2
arctic_vegetation/20230724_birch24_m3m/BIRC/tile_31442.png,2
arctic_vegetation/20230724_birch24_m3m/BIRC/tile_31443.png,2
arctic_vegetation/20230724_birch24_m3m/BIRC/tile_31444.png,2
arctic_vegetation/20230724_birch24_m3m/BIRC/tile_31445.png,2
arctic_vegetation/20230724_birch24_m3m/BIRC/tile_31446.png,2
arctic_vegetation/20230724_birch24_m3m/BIRC/tile_31447.png,2
arctic_vegetation/20230724_birch24_m3m/BIRC/tile_31448.png,2
arctic_vegetation/20230724_birch24_m3m/BIRC/tile_31449.png,2
arctic_vegetation/20230724_birch24_m3m/BIRC/tile_31450.png,2
arctic_vegetation/20230724_birch24_m3m/BIRC/tile_31451.png,2
arctic_vegetation/20230724_birch24_m3m/BIRC/tile_31452.png,2
arctic_vegetation/20230724_birch24_m3m/BIRC/tile_31453.png,2
arctic_vegetation/20230724_birch24_m3m/BIRC/tile_31454.png,2
arctic_vegetation/20230724_birch24_m3m/BIRC/tile_31455.png,2
arctic_vegetation/20230724_birch24_m3m/BIRC/tile_31456.png,2
arctic_vegetation/20230724_birch24_m3m/BIRC/tile_31457.png,2
arctic_vegetation/20230724_birch24_m3m/BIRC/tile_31458.png,2
arctic_vegetation/20230724_birch24_m3m/BIRC/tile_31459.png,2
arctic_vegetation/20230724_birch24_m3m/BIRC/tile_31460.png,2
arctic_vegetation/20230724_birch24_m3m/BIRC/tile_31461.png,2
arctic_vegetation/20230724_birch24_m3m/BIRC/tile_31462.png,2
arctic_vegetation/20230724_birch24_m3m/BIRC/tile_31463.png,2
arctic_vegetation/20230724_birch24_m3m/BIRC/tile_31464.png,2
arctic_vegetation/20230724_birch24_m3m/BIRC/tile_31465.png,2
arctic_vegetation/20230724_birch24_m3m/BIRC/tile_31553.png,2
arctic_vegetation/20230724_birch24_m3m/BIRC/tile_31554.png,2
arctic_vegetation/20230724_birch24_m3m/BIRC/tile_31555.png,2
arctic_vegetation/20230724_birch24_m3m/BIRC/tile_31556.png,2
arctic_vegetation/20230724_birch24_m3m/BIRC/tile_31557.png,2
arctic_vegetation/20230724_birch24_m3m/BIRC/tile_31558.png,2
arctic_vegetation/20230724_birch24_m3m/BIRC/tile_31559.png,2
arctic_vegetation/20230724_birch24_m3m/WILL/tile_31561.png,11
arctic_vegetation/20230724_birch24_m3m/WILL/tile_31562.png,11
arctic_vegetation/20230724_birch24_m3m/BIRC/tile_31563.png,2
arctic_vegetation/20230724_birch24_m3m/BIRC/tile_31564.png,2
arctic_vegetation/20230724_birch24_m3m/BIRC/tile_31565.png,2
arctic_vegetation/20230724_birch24_m3m/BIRC/tile_31566.png,2
arctic_vegetation/20230724_birch24_m3m/BIRC/tile_31567.png,2
arctic_vegetation/20230724_birch24_m3m/BIRC/tile_31568.png,2
arctic_vegetation/20230724_birch24_m3m/BIRC/tile_31569.png,2
arctic_vegetation/20230724_birch24_m3m/BIRC/tile_31570.png,2
arctic_vegetation/20230724_birch24_m3m/BIRC/tile_31571.png,2
arctic_vegetation/20230724_birch24_m3m/BIRC/tile_31572.png,2
arctic_vegetation/20230724_birch24_m3m/BIRC/tile_31573.png,2
arctic_vegetation/20230724_birch24_m3m/BIRC/tile_31574.png,2
arctic_vegetation/20230724_birch24_m3m/BIRC/tile_31575.png,2
arctic_vegetation/20230724_birch24_m3m/BIRC/tile_31576.png,2
arctic_vegetation/20230724_birch24_m3m/BIRC/tile_31577.png,2
arctic_vegetation/20230724_birch24_m3m/BIRC/tile_31578.png,2
arctic_vegetation/20230724_birch24_m3m/BIRC/tile_31579.png,2
arctic_vegetation/20230724_birch24_m3m/PETF/tile_31580.png,6
arctic_vegetation/20230724_birch24_m3m/PETF/tile_31582.png,6
arctic_vegetation/20230724_birch24_m3m/PETF/tile_31583.png,6
arctic_vegetation/20230724_birch24_m3m/BIRC/tile_31584.png,2
arctic_vegetation/20230724_birch24_m3m/BIRC/tile_31585.png,2
arctic_vegetation/20230724_birch24_m3m/BIRC/tile_31586.png,2
arctic_vegetation/20230724_birch24_m3m/BIRC/tile_31587.png,2
arctic_vegetation/20230724_birch24_m3m/BIRC/tile_31588.png,2
arctic_vegetation/20230724_birch24_m3m/BIRC/tile_31589.png,2
arctic_vegetation/20230724_birch24_m3m/BIRC/tile_31590.png,2
arctic_vegetation/20230724_birch24_m3m/BIRC/tile_31591.png,2
arctic_vegetation/20230724_birch24_m3m/BIRC/tile_31592.png,2
arctic_vegetation/20230724_birch24_m3m/BIRC/tile_31593.png,2
arctic_vegetation/20230724_birch24_m3m/BIRC/tile_31594.png,2
arctic_vegetation/20230724_birch24_m3m/BIRC/tile_31595.png,2
arctic_vegetation/20230724_birch24_m3m/BIRC/tile_31596.png,2
arctic_vegetation/20230724_birch24_m3m/BIRC/tile_31597.png,2
arctic_vegetation/20230724_birch24_m3m/BIRC/tile_31598.png,2
arctic_vegetation/20230724_birch24_m3m/BIRC/tile_31599.png,2
arctic_vegetation/20230724_birch24_m3m/BIRC/tile_31600.png,2
arctic_vegetation/20230724_birch24_m3m/BIRC/tile_31601.png,2
arctic_vegetation/20230724_birch24_m3m/BIRC/tile_31602.png,2
arctic_vegetation/20230724_birch24_m3m/BIRC/tile_31603.png,2
arctic_vegetation/20230724_birch24_m3m/BIRC/tile_31604.png,2
arctic_vegetation/20230724_birch24_m3m/BIRC/tile_31605.png,2
arctic_vegetation/20230724_birch24_m3m/BIRC/tile_31606.png,2
arctic_vegetation/20230724_birch24_m3m/BIRC/tile_31607.png,2
arctic_vegetation/20230724_birch24_m3m/BIRC/tile_31608.png,2
arctic_vegetation/20230724_birch24_m3m/BIRC/tile_31609.png,2
arctic_vegetation/20230724_birch24_m3m/BIRC/tile_31610.png,2
arctic_vegetation/20230724_birch24_m3m/BIRC/tile_31611.png,2
arctic_vegetation/20230724_birch24_m3m/BIRC/tile_31612.png,2
arctic_vegetation/20230724_birch24_m3m/BIRC/tile_31613.png,2
arctic_vegetation/20230724_birch24_m3m/BIRC/tile_31614.png,2
arctic_vegetation/20230724_birch24_m3m/BIRC/tile_31615.png,2
arctic_vegetation/20230724_birch24_m3m/BIRC/tile_31616.png,2
arctic_vegetation/20230724_birch24_m3m/BIRC/tile_31617.png,2
arctic_vegetation/20230724_birch24_m3m/BIRC/tile_31618.png,2
arctic_vegetation/20230724_birch24_m3m/BIRC/tile_31619.png,2
arctic_vegetation/20230724_birch24_m3m/BIRC/tile_31620.png,2
arctic_vegetation/20230724_birch24_m3m/BIRC/tile_31621.png,2
arctic_vegetation/20230724_birch24_m3m/BIRC/tile_31622.png,2
arctic_vegetation/20230724_birch24_m3m/BIRC/tile_31623.png,2
arctic_vegetation/20230724_birch24_m3m/BIRC/tile_31624.png,2
arctic_vegetation/20230724_birch24_m3m/BIRC/tile_31625.png,2
arctic_vegetation/20230724_birch24_m3m/BIRC/tile_31626.png,2
arctic_vegetation/20230724_birch24_m3m/BIRC/tile_31627.png,2
arctic_vegetation/20230724_birch24_m3m/BIRC/tile_31628.png,2
arctic_vegetation/20230724_birch24_m3m/BIRC/tile_31629.png,2
arctic_vegetation/20230724_birch24_m3m/BIRC/tile_31630.png,2
arctic_vegetation/20230724_birch24_m3m/BIRC/tile_31631.png,2
arctic_vegetation/20230724_birch24_m3m/BIRC/tile_31632.png,2
arctic_vegetation/20230724_birch24_m3m/BIRC/tile_31633.png,2
arctic_vegetation/20230724_birch24_m3m/BIRC/tile_31634.png,2
arctic_vegetation/20230724_birch24_m3m/BIRC/tile_31635.png,2
arctic_vegetation/20230724_birch24_m3m/BIRC/tile_31636.png,2
arctic_vegetation/20230724_birch24_m3m/BIRC/tile_31637.png,2
arctic_vegetation/20230724_birch24_m3m/BIRC/tile_31638.png,2
arctic_vegetation/20230724_birch24_m3m/BIRC/tile_31639.png,2
arctic_vegetation/20230724_birch24_m3m/BIRC/tile_31640.png,2
arctic_vegetation/20230724_birch24_m3m/BIRC/tile_31641.png,2
arctic_vegetation/20230724_birch24_m3m/BIRC/tile_31642.png,2
arctic_vegetation/20230724_birch24_m3m/BIRC/tile_31643.png,2
arctic_vegetation/20230724_birch24_m3m/BIRC/tile_31644.png,2
arctic_vegetation/20230724_birch24_m3m/BIRC/tile_31645.png,2
arctic_vegetation/20230724_birch24_m3m/BIRC/tile_31646.png,2
arctic_vegetation/20230724_birch24_m3m/BIRC/tile_31647.png,2
arctic_vegetation/20230724_birch24_m3m/BIRC/tile_31648.png,2
arctic_vegetation/20230724_birch24_m3m/BIRC/tile_31649.png,2
arctic_vegetation/20230724_birch24_m3m/BIRC/tile_31650.png,2
arctic_vegetation/20230724_birch24_m3m/BIRC/tile_31651.png,2
arctic_vegetation/20230724_birch24_m3m/BIRC/tile_31652.png,2
arctic_vegetation/20230724_birch24_m3m/BIRC/tile_31653.png,2
arctic_vegetation/20230724_birch24_m3m/BIRC/tile_31654.png,2
arctic_vegetation/20230724_birch24_m3m/BIRC/tile_31655.png,2
arctic_vegetation/20230724_birch24_m3m/BIRC/tile_31656.png,2
arctic_vegetation/20230724_birch24_m3m/BIRC/tile_31657.png,2
arctic_vegetation/20230724_birch24_m3m/BIRC/tile_31658.png,2
arctic_vegetation/20230724_birch24_m3m/BIRC/tile_31659.png,2
arctic_vegetation/20230724_birch24_m3m/BIRC/tile_31660.png,2
arctic_vegetation/20230724_birch24_m3m/BIRC/tile_31661.png,2
arctic_vegetation/20230724_birch24_m3m/BIRC/tile_31662.png,2
arctic_vegetation/20230724_birch24_m3m/BIRC/tile_31663.png,2
arctic_vegetation/20230724_birch24_m3m/BIRC/tile_31664.png,2
arctic_vegetation/20230724_birch24_m3m/BIRC/tile_31665.png,2
arctic_vegetation/20230724_birch24_m3m/BIRC/tile_31666.png,2
arctic_vegetation/20230724_birch24_m3m/BIRC/tile_31667.png,2
arctic_vegetation/20230724_birch24_m3m/BIRC/tile_31668.png,2
arctic_vegetation/20230724_birch24_m3m/BIRC/tile_31669.png,2
arctic_vegetation/20230724_birch24_m3m/BIRC/tile_31670.png,2
arctic_vegetation/20230724_birch24_m3m/BIRC/tile_31671.png,2
arctic_vegetation/20230724_birch24_m3m/BIRC/tile_31672.png,2
arctic_vegetation/20230724_birch24_m3m/BIRC/tile_31673.png,2
arctic_vegetation/20230724_birch24_m3m/BIRC/tile_31761.png,2
arctic_vegetation/20230724_birch24_m3m/BIRC/tile_31762.png,2
arctic_vegetation/20230724_birch24_m3m/BIRC/tile_31763.png,2
arctic_vegetation/20230724_birch24_m3m/BIRC/tile_31764.png,2
arctic_vegetation/20230724_birch24_m3m/BIRC/tile_31765.png,2
arctic_vegetation/20230724_birch24_m3m/BIRC/tile_31766.png,2
arctic_vegetation/20230724_birch24_m3m/BIRC/tile_31769.png,2
arctic_vegetation/20230724_birch24_m3m/BIRC/tile_31770.png,2
arctic_vegetation/20230724_birch24_m3m/BIRC/tile_31771.png,2
arctic_vegetation/20230724_birch24_m3m/BIRC/tile_31772.png,2
arctic_vegetation/20230724_birch24_m3m/BIRC/tile_31773.png,2
arctic_vegetation/20230724_birch24_m3m/BIRC/tile_31774.png,2
arctic_vegetation/20230724_birch24_m3m/BIRC/tile_31775.png,2
arctic_vegetation/20230724_birch24_m3m/BIRC/tile_31776.png,2
arctic_vegetation/20230724_birch24_m3m/BIRC/tile_31777.png,2
arctic_vegetation/20230724_birch24_m3m/BIRC/tile_31778.png,2
arctic_vegetation/20230724_birch24_m3m/BIRC/tile_31779.png,2
arctic_vegetation/20230724_birch24_m3m/BIRC/tile_31780.png,2
arctic_vegetation/20230724_birch24_m3m/BIRC/tile_31781.png,2
arctic_vegetation/20230724_birch24_m3m/BIRC/tile_31782.png,2
arctic_vegetation/20230724_birch24_m3m/BIRC/tile_31783.png,2
arctic_vegetation/20230724_birch24_m3m/BIRC/tile_31784.png,2
arctic_vegetation/20230724_birch24_m3m/BIRC/tile_31785.png,2
arctic_vegetation/20230724_birch24_m3m/BIRC/tile_31786.png,2
arctic_vegetation/20230724_birch24_m3m/PETF/tile_31787.png,6
arctic_vegetation/20230724_birch24_m3m/PETF/tile_31789.png,6
arctic_vegetation/20230724_birch24_m3m/PETF/tile_31790.png,6
arctic_vegetation/20230724_birch24_m3m/BIRC/tile_31791.png,2
arctic_vegetation/20230724_birch24_m3m/BIRC/tile_31792.png,2
arctic_vegetation/20230724_birch24_m3m/BIRC/tile_31793.png,2
arctic_vegetation/20230724_birch24_m3m/BIRC/tile_31794.png,2
arctic_vegetation/20230724_birch24_m3m/BIRC/tile_31795.png,2
arctic_vegetation/20230724_birch24_m3m/BIRC/tile_31796.png,2
arctic_vegetation/20230724_birch24_m3m/BIRC/tile_31797.png,2
arctic_vegetation/20230724_birch24_m3m/BIRC/tile_31798.png,2
arctic_vegetation/20230724_birch24_m3m/BIRC/tile_31799.png,2
arctic_vegetation/20230724_birch24_m3m/BIRC/tile_31800.png,2
arctic_vegetation/20230724_birch24_m3m/BIRC/tile_31801.png,2
arctic_vegetation/20230724_birch24_m3m/BIRC/tile_31802.png,2
arctic_vegetation/20230724_birch24_m3m/BIRC/tile_31803.png,2
arctic_vegetation/20230724_birch24_m3m/LICH/tile_31804.png,4
arctic_vegetation/20230724_birch24_m3m/BIRC/tile_31805.png,2
arctic_vegetation/20230724_birch24_m3m/BIRC/tile_31806.png,2
arctic_vegetation/20230724_birch24_m3m/BIRC/tile_31807.png,2
arctic_vegetation/20230724_birch24_m3m/BIRC/tile_31808.png,2
arctic_vegetation/20230724_birch24_m3m/BIRC/tile_31809.png,2
arctic_vegetation/20230724_birch24_m3m/BIRC/tile_31810.png,2
arctic_vegetation/20230724_birch24_m3m/BIRC/tile_31811.png,2
arctic_vegetation/20230724_birch24_m3m/BIRC/tile_31812.png,2
arctic_vegetation/20230724_birch24_m3m/BIRC/tile_31813.png,2
arctic_vegetation/20230724_birch24_m3m/BIRC/tile_31814.png,2
arctic_vegetation/20230724_birch24_m3m/BIRC/tile_31815.png,2
arctic_vegetation/20230724_birch24_m3m/BIRC/tile_31816.png,2
arctic_vegetation/20230724_birch24_m3m/BIRC/tile_31817.png,2
arctic_vegetation/20230724_birch24_m3m/BIRC/tile_31818.png,2
arctic_vegetation/20230724_birch24_m3m/BIRC/tile_31819.png,2
arctic_vegetation/20230724_birch24_m3m/BIRC/tile_31820.png,2
arctic_vegetation/20230724_birch24_m3m/BIRC/tile_31821.png,2
arctic_vegetation/20230724_birch24_m3m/BIRC/tile_31822.png,2
arctic_vegetation/20230724_birch24_m3m/BIRC/tile_31823.png,2
arctic_vegetation/20230724_birch24_m3m/BIRC/tile_31824.png,2
arctic_vegetation/20230724_birch24_m3m/BIRC/tile_31825.png,2
arctic_vegetation/20230724_birch24_m3m/BIRC/tile_31826.png,2
arctic_vegetation/20230724_birch24_m3m/BIRC/tile_31827.png,2
arctic_vegetation/20230724_birch24_m3m/BIRC/tile_31828.png,2
arctic_vegetation/20230724_birch24_m3m/BIRC/tile_31829.png,2
arctic_vegetation/20230724_birch24_m3m/BIRC/tile_31830.png,2
arctic_vegetation/20230724_birch24_m3m/BIRC/tile_31831.png,2
arctic_vegetation/20230724_birch24_m3m/BIRC/tile_31832.png,2
arctic_vegetation/20230724_birch24_m3m/BIRC/tile_31833.png,2
arctic_vegetation/20230724_birch24_m3m/BIRC/tile_31834.png,2
arctic_vegetation/20230724_birch24_m3m/BIRC/tile_31835.png,2
arctic_vegetation/20230724_birch24_m3m/BIRC/tile_31836.png,2
arctic_vegetation/20230724_birch24_m3m/BIRC/tile_31837.png,2
arctic_vegetation/20230724_birch24_m3m/BIRC/tile_31838.png,2
arctic_vegetation/20230724_birch24_m3m/BIRC/tile_31839.png,2
arctic_vegetation/20230724_birch24_m3m/BIRC/tile_31840.png,2
arctic_vegetation/20230724_birch24_m3m/BIRC/tile_31841.png,2
arctic_vegetation/20230724_birch24_m3m/BIRC/tile_31842.png,2
arctic_vegetation/20230724_birch24_m3m/BIRC/tile_31843.png,2
arctic_vegetation/20230724_birch24_m3m/BIRC/tile_31844.png,2
arctic_vegetation/20230724_birch24_m3m/BIRC/tile_31845.png,2
arctic_vegetation/20230724_birch24_m3m/BIRC/tile_31846.png,2
arctic_vegetation/20230724_birch24_m3m/BIRC/tile_31847.png,2
arctic_vegetation/20230724_birch24_m3m/BIRC/tile_31848.png,2
arctic_vegetation/20230724_birch24_m3m/BIRC/tile_31849.png,2
arctic_vegetation/20230724_birch24_m3m/BIRC/tile_31850.png,2
arctic_vegetation/20230724_birch24_m3m/BIRC/tile_31851.png,2
arctic_vegetation/20230724_birch24_m3m/BIRC/tile_31852.png,2
arctic_vegetation/20230724_birch24_m3m/BIRC/tile_31853.png,2
arctic_vegetation/20230724_birch24_m3m/BIRC/tile_31854.png,2
arctic_vegetation/20230724_birch24_m3m/BIRC/tile_31855.png,2
arctic_vegetation/20230724_birch24_m3m/BIRC/tile_31856.png,2
arctic_vegetation/20230724_birch24_m3m/BIRC/tile_31857.png,2
arctic_vegetation/20230724_birch24_m3m/BIRC/tile_31858.png,2
arctic_vegetation/20230724_birch24_m3m/BIRC/tile_31859.png,2
arctic_vegetation/20230724_birch24_m3m/BIRC/tile_31860.png,2
arctic_vegetation/20230724_birch24_m3m/BIRC/tile_31861.png,2
arctic_vegetation/20230724_birch24_m3m/BIRC/tile_31862.png,2
arctic_vegetation/20230724_birch24_m3m/BIRC/tile_31863.png,2
arctic_vegetation/20230724_birch24_m3m/BIRC/tile_31864.png,2
arctic_vegetation/20230724_birch24_m3m/BIRC/tile_31865.png,2
arctic_vegetation/20230724_birch24_m3m/BIRC/tile_31866.png,2
arctic_vegetation/20230724_birch24_m3m/BIRC/tile_31867.png,2
arctic_vegetation/20230724_birch24_m3m/BIRC/tile_31868.png,2
arctic_vegetation/20230724_birch24_m3m/BIRC/tile_31869.png,2
arctic_vegetation/20230724_birch24_m3m/BIRC/tile_31870.png,2
arctic_vegetation/20230724_birch24_m3m/BIRC/tile_31871.png,2
arctic_vegetation/20230724_birch24_m3m/BIRC/tile_31872.png,2
arctic_vegetation/20230724_birch24_m3m/BIRC/tile_31873.png,2
arctic_vegetation/20230724_birch24_m3m/BIRC/tile_31874.png,2
arctic_vegetation/20230724_birch24_m3m/BIRC/tile_31875.png,2
arctic_vegetation/20230724_birch24_m3m/BIRC/tile_31876.png,2
arctic_vegetation/20230724_birch24_m3m/BIRC/tile_31877.png,2
arctic_vegetation/20230724_birch24_m3m/BIRC/tile_31878.png,2
arctic_vegetation/20230724_birch24_m3m/BIRC/tile_31879.png,2
arctic_vegetation/20230724_birch24_m3m/BIRC/tile_31880.png,2
arctic_vegetation/20230724_birch24_m3m/BIRC/tile_31979.png,2
arctic_vegetation/20230724_birch24_m3m/BIRC/tile_31980.png,2
arctic_vegetation/20230724_birch24_m3m/BIRC/tile_31981.png,2
arctic_vegetation/20230724_birch24_m3m/BIRC/tile_31982.png,2
arctic_vegetation/20230724_birch24_m3m/BIRC/tile_31983.png,2
arctic_vegetation/20230724_birch24_m3m/BIRC/tile_31984.png,2
arctic_vegetation/20230724_birch24_m3m/WILL/tile_31985.png,11
arctic_vegetation/20230724_birch24_m3m/BIRC/tile_31986.png,2
arctic_vegetation/20230724_birch24_m3m/BIRC/tile_31987.png,2
arctic_vegetation/20230724_birch24_m3m/BIRC/tile_31988.png,2
arctic_vegetation/20230724_birch24_m3m/BIRC/tile_31989.png,2
arctic_vegetation/20230724_birch24_m3m/BIRC/tile_31990.png,2
arctic_vegetation/20230724_birch24_m3m/BIRC/tile_31991.png,2
arctic_vegetation/20230724_birch24_m3m/BIRC/tile_31992.png,2
arctic_vegetation/20230724_birch24_m3m/BIRC/tile_31993.png,2
arctic_vegetation/20230724_birch24_m3m/BIRC/tile_31994.png,2
arctic_vegetation/20230724_birch24_m3m/BIRC/tile_31995.png,2
arctic_vegetation/20230724_birch24_m3m/LICH/tile_31996.png,4
arctic_vegetation/20230724_birch24_m3m/PETF/tile_31998.png,6
arctic_vegetation/20230724_birch24_m3m/BIRC/tile_31999.png,2
arctic_vegetation/20230724_birch24_m3m/BIRC/tile_32000.png,2
arctic_vegetation/20230724_birch24_m3m/BIRC/tile_32001.png,2
arctic_vegetation/20230724_birch24_m3m/BIRC/tile_32002.png,2
arctic_vegetation/20230724_birch24_m3m/BIRC/tile_32003.png,2
arctic_vegetation/20230724_birch24_m3m/BIRC/tile_32004.png,2
arctic_vegetation/20230724_birch24_m3m/BIRC/tile_32005.png,2
arctic_vegetation/20230724_birch24_m3m/BIRC/tile_32006.png,2
arctic_vegetation/20230724_birch24_m3m/BIRC/tile_32007.png,2
arctic_vegetation/20230724_birch24_m3m/BIRC/tile_32008.png,2
arctic_vegetation/20230724_birch24_m3m/BIRC/tile_32009.png,2
arctic_vegetation/20230724_birch24_m3m/BIRC/tile_32010.png,2
arctic_vegetation/20230724_birch24_m3m/BIRC/tile_32011.png,2
arctic_vegetation/20230724_birch24_m3m/BIRC/tile_32012.png,2
arctic_vegetation/20230724_birch24_m3m/BIRC/tile_32013.png,2
arctic_vegetation/20230724_birch24_m3m/BIRC/tile_32016.png,2
arctic_vegetation/20230724_birch24_m3m/BIRC/tile_32017.png,2
arctic_vegetation/20230724_birch24_m3m/BIRC/tile_32018.png,2
arctic_vegetation/20230724_birch24_m3m/BIRC/tile_32019.png,2
arctic_vegetation/20230724_birch24_m3m/BIRC/tile_32020.png,2
arctic_vegetation/20230724_birch24_m3m/BIRC/tile_32021.png,2
arctic_vegetation/20230724_birch24_m3m/BIRC/tile_32022.png,2
arctic_vegetation/20230724_birch24_m3m/BIRC/tile_32023.png,2
arctic_vegetation/20230724_birch24_m3m/BIRC/tile_32024.png,2
arctic_vegetation/20230724_birch24_m3m/BIRC/tile_32025.png,2
arctic_vegetation/20230724_birch24_m3m/BIRC/tile_32026.png,2
arctic_vegetation/20230724_birch24_m3m/BIRC/tile_32027.png,2
arctic_vegetation/20230724_birch24_m3m/BIRC/tile_32028.png,2
arctic_vegetation/20230724_birch24_m3m/BIRC/tile_32029.png,2
arctic_vegetation/20230724_birch24_m3m/BIRC/tile_32030.png,2
arctic_vegetation/20230724_birch24_m3m/BIRC/tile_32031.png,2
arctic_vegetation/20230724_birch24_m3m/BIRC/tile_32032.png,2
arctic_vegetation/20230724_birch24_m3m/BIRC/tile_32033.png,2
arctic_vegetation/20230724_birch24_m3m/BIRC/tile_32034.png,2
arctic_vegetation/20230724_birch24_m3m/BIRC/tile_32035.png,2
arctic_vegetation/20230724_birch24_m3m/BIRC/tile_32036.png,2
arctic_vegetation/20230724_birch24_m3m/BIRC/tile_32037.png,2
arctic_vegetation/20230724_birch24_m3m/BIRC/tile_32038.png,2
arctic_vegetation/20230724_birch24_m3m/BIRC/tile_32039.png,2
arctic_vegetation/20230724_birch24_m3m/BIRC/tile_32040.png,2
arctic_vegetation/20230724_birch24_m3m/BIRC/tile_32041.png,2
arctic_vegetation/20230724_birch24_m3m/BIRC/tile_32042.png,2
arctic_vegetation/20230724_birch24_m3m/BIRC/tile_32043.png,2
arctic_vegetation/20230724_birch24_m3m/BIRC/tile_32044.png,2
arctic_vegetation/20230724_birch24_m3m/BIRC/tile_32045.png,2
arctic_vegetation/20230724_birch24_m3m/BIRC/tile_32046.png,2
arctic_vegetation/20230724_birch24_m3m/BIRC/tile_32047.png,2
arctic_vegetation/20230724_birch24_m3m/BIRC/tile_32048.png,2
arctic_vegetation/20230724_birch24_m3m/BIRC/tile_32049.png,2
arctic_vegetation/20230724_birch24_m3m/BIRC/tile_32050.png,2
arctic_vegetation/20230724_birch24_m3m/BIRC/tile_32051.png,2
arctic_vegetation/20230724_birch24_m3m/BIRC/tile_32052.png,2
arctic_vegetation/20230724_birch24_m3m/BIRC/tile_32053.png,2
arctic_vegetation/20230724_birch24_m3m/BIRC/tile_32054.png,2
arctic_vegetation/20230724_birch24_m3m/BIRC/tile_32055.png,2
arctic_vegetation/20230724_birch24_m3m/BIRC/tile_32056.png,2
arctic_vegetation/20230724_birch24_m3m/BIRC/tile_32057.png,2
arctic_vegetation/20230724_birch24_m3m/BIRC/tile_32058.png,2
arctic_vegetation/20230724_birch24_m3m/BIRC/tile_32059.png,2
arctic_vegetation/20230724_birch24_m3m/BIRC/tile_32060.png,2
arctic_vegetation/20230724_birch24_m3m/BIRC/tile_32061.png,2
arctic_vegetation/20230724_birch24_m3m/BIRC/tile_32062.png,2
arctic_vegetation/20230724_birch24_m3m/BIRC/tile_32063.png,2
arctic_vegetation/20230724_birch24_m3m/BIRC/tile_32064.png,2
arctic_vegetation/20230724_birch24_m3m/BIRC/tile_32065.png,2
arctic_vegetation/20230724_birch24_m3m/BIRC/tile_32066.png,2
arctic_vegetation/20230724_birch24_m3m/BIRC/tile_32067.png,2
arctic_vegetation/20230724_birch24_m3m/BIRC/tile_32068.png,2
arctic_vegetation/20230724_birch24_m3m/BIRC/tile_32069.png,2
arctic_vegetation/20230724_birch24_m3m/BIRC/tile_32070.png,2
arctic_vegetation/20230724_birch24_m3m/BIRC/tile_32071.png,2
arctic_vegetation/20230724_birch24_m3m/BIRC/tile_32072.png,2
arctic_vegetation/20230724_birch24_m3m/BIRC/tile_32073.png,2
arctic_vegetation/20230724_birch24_m3m/BIRC/tile_32074.png,2
arctic_vegetation/20230724_birch24_m3m/BIRC/tile_32075.png,2
arctic_vegetation/20230724_birch24_m3m/BIRC/tile_32076.png,2
arctic_vegetation/20230724_birch24_m3m/BIRC/tile_32077.png,2
arctic_vegetation/20230724_birch24_m3m/BIRC/tile_32078.png,2
arctic_vegetation/20230724_birch24_m3m/BIRC/tile_32079.png,2
arctic_vegetation/20230724_birch24_m3m/BIRC/tile_32080.png,2
arctic_vegetation/20230724_birch24_m3m/BIRC/tile_32081.png,2
arctic_vegetation/20230724_birch24_m3m/BIRC/tile_32082.png,2
arctic_vegetation/20230724_birch24_m3m/BIRC/tile_32083.png,2
arctic_vegetation/20230724_birch24_m3m/BIRC/tile_32084.png,2
arctic_vegetation/20230724_birch24_m3m/BIRC/tile_32085.png,2
arctic_vegetation/20230724_birch24_m3m/BIRC/tile_32086.png,2
arctic_vegetation/20230724_birch24_m3m/BIRC/tile_32087.png,2
arctic_vegetation/20230724_birch24_m3m/BIRC/tile_32088.png,2
arctic_vegetation/20230724_birch24_m3m/BIRC/tile_32089.png,2
arctic_vegetation/20230724_birch24_m3m/BIRC/tile_32090.png,2
arctic_vegetation/20230724_birch24_m3m/BIRC/tile_32191.png,2
arctic_vegetation/20230724_birch24_m3m/BIRC/tile_32192.png,2
arctic_vegetation/20230724_birch24_m3m/BIRC/tile_32193.png,2
arctic_vegetation/20230724_birch24_m3m/BIRC/tile_32194.png,2
arctic_vegetation/20230724_birch24_m3m/BIRC/tile_32195.png,2
arctic_vegetation/20230724_birch24_m3m/BIRC/tile_32196.png,2
arctic_vegetation/20230724_birch24_m3m/SEDG/tile_32197.png,9
arctic_vegetation/20230724_birch24_m3m/BIRC/tile_32198.png,2
arctic_vegetation/20230724_birch24_m3m/BIRC/tile_32199.png,2
arctic_vegetation/20230724_birch24_m3m/BIRC/tile_32200.png,2
arctic_vegetation/20230724_birch24_m3m/BIRC/tile_32201.png,2
arctic_vegetation/20230724_birch24_m3m/BIRC/tile_32202.png,2
arctic_vegetation/20230724_birch24_m3m/BIRC/tile_32203.png,2
arctic_vegetation/20230724_birch24_m3m/BIRC/tile_32204.png,2
arctic_vegetation/20230724_birch24_m3m/BIRC/tile_32205.png,2
arctic_vegetation/20230724_birch24_m3m/BIRC/tile_32206.png,2
arctic_vegetation/20230724_birch24_m3m/BIRC/tile_32207.png,2
arctic_vegetation/20230724_birch24_m3m/LICH/tile_32208.png,4
arctic_vegetation/20230724_birch24_m3m/PETF/tile_32209.png,6
arctic_vegetation/20230724_birch24_m3m/PETF/tile_32210.png,6
arctic_vegetation/20230724_birch24_m3m/BIRC/tile_32211.png,2
arctic_vegetation/20230724_birch24_m3m/BIRC/tile_32212.png,2
arctic_vegetation/20230724_birch24_m3m/BIRC/tile_32213.png,2
arctic_vegetation/20230724_birch24_m3m/BIRC/tile_32214.png,2
arctic_vegetation/20230724_birch24_m3m/BIRC/tile_32215.png,2
arctic_vegetation/20230724_birch24_m3m/BIRC/tile_32216.png,2
arctic_vegetation/20230724_birch24_m3m/BIRC/tile_32217.png,2
arctic_vegetation/20230724_birch24_m3m/BIRC/tile_32218.png,2
arctic_vegetation/20230724_birch24_m3m/BIRC/tile_32219.png,2
arctic_vegetation/20230724_birch24_m3m/BIRC/tile_32220.png,2
arctic_vegetation/20230724_birch24_m3m/BIRC/tile_32221.png,2
arctic_vegetation/20230724_birch24_m3m/BIRC/tile_32222.png,2
arctic_vegetation/20230724_birch24_m3m/BIRC/tile_32223.png,2
arctic_vegetation/20230724_birch24_m3m/BIRC/tile_32224.png,2
arctic_vegetation/20230724_birch24_m3m/BIRC/tile_32225.png,2
arctic_vegetation/20230724_birch24_m3m/BIRC/tile_32226.png,2
arctic_vegetation/20230724_birch24_m3m/BIRC/tile_32227.png,2
arctic_vegetation/20230724_birch24_m3m/BIRC/tile_32228.png,2
arctic_vegetation/20230724_birch24_m3m/BIRC/tile_32229.png,2
arctic_vegetation/20230724_birch24_m3m/BIRC/tile_32230.png,2
arctic_vegetation/20230724_birch24_m3m/BIRC/tile_32231.png,2
arctic_vegetation/20230724_birch24_m3m/BIRC/tile_32232.png,2
arctic_vegetation/20230724_birch24_m3m/PETF/tile_32233.png,6
arctic_vegetation/20230724_birch24_m3m/BIRC/tile_32234.png,2
arctic_vegetation/20230724_birch24_m3m/BIRC/tile_32235.png,2
arctic_vegetation/20230724_birch24_m3m/BIRC/tile_32236.png,2
arctic_vegetation/20230724_birch24_m3m/BIRC/tile_32237.png,2
arctic_vegetation/20230724_birch24_m3m/BIRC/tile_32238.png,2
arctic_vegetation/20230724_birch24_m3m/BIRC/tile_32239.png,2
arctic_vegetation/20230724_birch24_m3m/BIRC/tile_32240.png,2
arctic_vegetation/20230724_birch24_m3m/BIRC/tile_32241.png,2
arctic_vegetation/20230724_birch24_m3m/BIRC/tile_32242.png,2
arctic_vegetation/20230724_birch24_m3m/BIRC/tile_32243.png,2
arctic_vegetation/20230724_birch24_m3m/BIRC/tile_32244.png,2
arctic_vegetation/20230724_birch24_m3m/BIRC/tile_32245.png,2
arctic_vegetation/20230724_birch24_m3m/BIRC/tile_32246.png,2
arctic_vegetation/20230724_birch24_m3m/BIRC/tile_32247.png,2
arctic_vegetation/20230724_birch24_m3m/BIRC/tile_32248.png,2
arctic_vegetation/20230724_birch24_m3m/BIRC/tile_32249.png,2
arctic_vegetation/20230724_birch24_m3m/BIRC/tile_32250.png,2
arctic_vegetation/20230724_birch24_m3m/BIRC/tile_32251.png,2
arctic_vegetation/20230724_birch24_m3m/BIRC/tile_32252.png,2
arctic_vegetation/20230724_birch24_m3m/BIRC/tile_32253.png,2
arctic_vegetation/20230724_birch24_m3m/BIRC/tile_32254.png,2
arctic_vegetation/20230724_birch24_m3m/BIRC/tile_32255.png,2
arctic_vegetation/20230724_birch24_m3m/BIRC/tile_32256.png,2
arctic_vegetation/20230724_birch24_m3m/BIRC/tile_32257.png,2
arctic_vegetation/20230724_birch24_m3m/BIRC/tile_32258.png,2
arctic_vegetation/20230724_birch24_m3m/BIRC/tile_32259.png,2
arctic_vegetation/20230724_birch24_m3m/BIRC/tile_32260.png,2
arctic_vegetation/20230724_birch24_m3m/BIRC/tile_32261.png,2
arctic_vegetation/20230724_birch24_m3m/BIRC/tile_32262.png,2
arctic_vegetation/20230724_birch24_m3m/BIRC/tile_32263.png,2
arctic_vegetation/20230724_birch24_m3m/BIRC/tile_32264.png,2
arctic_vegetation/20230724_birch24_m3m/BIRC/tile_32265.png,2
arctic_vegetation/20230724_birch24_m3m/BIRC/tile_32266.png,2
arctic_vegetation/20230724_birch24_m3m/BIRC/tile_32267.png,2
arctic_vegetation/20230724_birch24_m3m/BIRC/tile_32268.png,2
arctic_vegetation/20230724_birch24_m3m/BIRC/tile_32269.png,2
arctic_vegetation/20230724_birch24_m3m/BIRC/tile_32270.png,2
arctic_vegetation/20230724_birch24_m3m/BIRC/tile_32271.png,2
arctic_vegetation/20230724_birch24_m3m/BIRC/tile_32272.png,2
arctic_vegetation/20230724_birch24_m3m/BIRC/tile_32273.png,2
arctic_vegetation/20230724_birch24_m3m/BIRC/tile_32274.png,2
arctic_vegetation/20230724_birch24_m3m/BIRC/tile_32275.png,2
arctic_vegetation/20230724_birch24_m3m/BIRC/tile_32276.png,2
arctic_vegetation/20230724_birch24_m3m/BIRC/tile_32277.png,2
arctic_vegetation/20230724_birch24_m3m/BIRC/tile_32278.png,2
arctic_vegetation/20230724_birch24_m3m/BIRC/tile_32279.png,2
arctic_vegetation/20230724_birch24_m3m/BIRC/tile_32280.png,2
arctic_vegetation/20230724_birch24_m3m/BIRC/tile_32281.png,2
arctic_vegetation/20230724_birch24_m3m/BIRC/tile_32285.png,2
arctic_vegetation/20230724_birch24_m3m/BIRC/tile_32286.png,2
arctic_vegetation/20230724_birch24_m3m/BIRC/tile_32287.png,2
arctic_vegetation/20230724_birch24_m3m/BIRC/tile_32288.png,2
arctic_vegetation/20230724_birch24_m3m/BIRC/tile_32289.png,2
arctic_vegetation/20230724_birch24_m3m/BIRC/tile_32290.png,2
arctic_vegetation/20230724_birch24_m3m/BIRC/tile_32291.png,2
arctic_vegetation/20230724_birch24_m3m/BIRC/tile_32292.png,2
arctic_vegetation/20230724_birch24_m3m/BIRC/tile_32293.png,2
arctic_vegetation/20230724_birch24_m3m/BIRC/tile_32294.png,2
arctic_vegetation/20230724_birch24_m3m/BIRC/tile_32295.png,2
arctic_vegetation/20230724_birch24_m3m/BIRC/tile_32296.png,2
arctic_vegetation/20230724_birch24_m3m/BIRC/tile_32297.png,2
arctic_vegetation/20230724_birch24_m3m/BIRC/tile_32298.png,2
arctic_vegetation/20230724_birch24_m3m/BIRC/tile_32299.png,2
arctic_vegetation/20230724_birch24_m3m/BIRC/tile_32300.png,2
arctic_vegetation/20230724_birch24_m3m/BIRC/tile_32301.png,2
arctic_vegetation/20230724_birch24_m3m/BIRC/tile_32302.png,2
arctic_vegetation/20230724_birch24_m3m/BIRC/tile_32405.png,2
arctic_vegetation/20230724_birch24_m3m/BIRC/tile_32406.png,2
arctic_vegetation/20230724_birch24_m3m/BIRC/tile_32407.png,2
arctic_vegetation/20230724_birch24_m3m/SEDG/tile_32408.png,9
arctic_vegetation/20230724_birch24_m3m/SEDG/tile_32409.png,9
arctic_vegetation/20230724_birch24_m3m/SEDG/tile_32410.png,9
arctic_vegetation/20230724_birch24_m3m/SEDG/tile_32411.png,9
arctic_vegetation/20230724_birch24_m3m/BIRC/tile_32412.png,2
arctic_vegetation/20230724_birch24_m3m/BIRC/tile_32413.png,2
arctic_vegetation/20230724_birch24_m3m/BIRC/tile_32414.png,2
arctic_vegetation/20230724_birch24_m3m/BIRC/tile_32415.png,2
arctic_vegetation/20230724_birch24_m3m/BIRC/tile_32416.png,2
arctic_vegetation/20230724_birch24_m3m/BIRC/tile_32417.png,2
arctic_vegetation/20230724_birch24_m3m/BIRC/tile_32418.png,2
arctic_vegetation/20230724_birch24_m3m/BIRC/tile_32419.png,2
arctic_vegetation/20230724_birch24_m3m/BIRC/tile_32420.png,2
arctic_vegetation/20230724_birch24_m3m/BIRC/tile_32421.png,2
arctic_vegetation/20230724_birch24_m3m/PETF/tile_32423.png,6
arctic_vegetation/20230724_birch24_m3m/PETF/tile_32424.png,6
arctic_vegetation/20230724_birch24_m3m/BIRC/tile_32425.png,2
arctic_vegetation/20230724_birch24_m3m/BIRC/tile_32426.png,2
arctic_vegetation/20230724_birch24_m3m/BIRC/tile_32427.png,2
arctic_vegetation/20230724_birch24_m3m/BIRC/tile_32428.png,2
arctic_vegetation/20230724_birch24_m3m/BIRC/tile_32429.png,2
arctic_vegetation/20230724_birch24_m3m/BIRC/tile_32430.png,2
arctic_vegetation/20230724_birch24_m3m/BIRC/tile_32431.png,2
arctic_vegetation/20230724_birch24_m3m/BIRC/tile_32432.png,2
arctic_vegetation/20230724_birch24_m3m/BIRC/tile_32433.png,2
arctic_vegetation/20230724_birch24_m3m/BIRC/tile_32434.png,2
arctic_vegetation/20230724_birch24_m3m/BIRC/tile_32435.png,2
arctic_vegetation/20230724_birch24_m3m/BIRC/tile_32436.png,2
arctic_vegetation/20230724_birch24_m3m/BIRC/tile_32437.png,2
arctic_vegetation/20230724_birch24_m3m/BIRC/tile_32438.png,2
arctic_vegetation/20230724_birch24_m3m/BIRC/tile_32439.png,2
arctic_vegetation/20230724_birch24_m3m/BIRC/tile_32440.png,2
arctic_vegetation/20230724_birch24_m3m/BIRC/tile_32441.png,2
arctic_vegetation/20230724_birch24_m3m/BIRC/tile_32442.png,2
arctic_vegetation/20230724_birch24_m3m/BIRC/tile_32443.png,2
arctic_vegetation/20230724_birch24_m3m/BIRC/tile_32444.png,2
arctic_vegetation/20230724_birch24_m3m/BIRC/tile_32445.png,2
arctic_vegetation/20230724_birch24_m3m/BIRC/tile_32446.png,2
arctic_vegetation/20230724_birch24_m3m/PETF/tile_32447.png,6
arctic_vegetation/20230724_birch24_m3m/BIRC/tile_32448.png,2
arctic_vegetation/20230724_birch24_m3m/BIRC/tile_32449.png,2
arctic_vegetation/20230724_birch24_m3m/BIRC/tile_32450.png,2
arctic_vegetation/20230724_birch24_m3m/BIRC/tile_32467.png,2
arctic_vegetation/20230724_birch24_m3m/BIRC/tile_32468.png,2
arctic_vegetation/20230724_birch24_m3m/BIRC/tile_32469.png,2
arctic_vegetation/20230724_birch24_m3m/BIRC/tile_32470.png,2
arctic_vegetation/20230724_birch24_m3m/BIRC/tile_32471.png,2
arctic_vegetation/20230724_birch24_m3m/BIRC/tile_32472.png,2
arctic_vegetation/20230724_birch24_m3m/BIRC/tile_32473.png,2
arctic_vegetation/20230724_birch24_m3m/BIRC/tile_32475.png,2
arctic_vegetation/20230724_birch24_m3m/BIRC/tile_32476.png,2
arctic_vegetation/20230724_birch24_m3m/BIRC/tile_32477.png,2
arctic_vegetation/20230724_birch24_m3m/BIRC/tile_32506.png,2
arctic_vegetation/20230724_birch24_m3m/BIRC/tile_32507.png,2
arctic_vegetation/20230724_birch24_m3m/BIRC/tile_32508.png,2
arctic_vegetation/20230724_birch24_m3m/BIRC/tile_32509.png,2
arctic_vegetation/20230724_birch24_m3m/BIRC/tile_32510.png,2
arctic_vegetation/20230724_birch24_m3m/BIRC/tile_32511.png,2
arctic_vegetation/20230724_birch24_m3m/BIRC/tile_32512.png,2
arctic_vegetation/20230724_birch24_m3m/BIRC/tile_32513.png,2
arctic_vegetation/20230724_birch24_m3m/BIRC/tile_32514.png,2
arctic_vegetation/20230724_birch24_m3m/BIRC/tile_32515.png,2
arctic_vegetation/20230724_birch24_m3m/BIRC/tile_32516.png,2
arctic_vegetation/20230724_birch24_m3m/BIRC/tile_32612.png,2
arctic_vegetation/20230724_birch24_m3m/BIRC/tile_32613.png,2
arctic_vegetation/20230724_birch24_m3m/BIRC/tile_32614.png,2
arctic_vegetation/20230724_birch24_m3m/BIRC/tile_32615.png,2
arctic_vegetation/20230724_birch24_m3m/BIRC/tile_32616.png,2
arctic_vegetation/20230724_birch24_m3m/BIRC/tile_32617.png,2
arctic_vegetation/20230724_birch24_m3m/BIRC/tile_32618.png,2
arctic_vegetation/20230724_birch24_m3m/BIRC/tile_32619.png,2
arctic_vegetation/20230724_birch24_m3m/BIRC/tile_32620.png,2
arctic_vegetation/20230724_birch24_m3m/BIRC/tile_32621.png,2
arctic_vegetation/20230724_birch24_m3m/BIRC/tile_32622.png,2
arctic_vegetation/20230724_birch24_m3m/BIRC/tile_32623.png,2
arctic_vegetation/20230724_birch24_m3m/SEDG/tile_32624.png,9
arctic_vegetation/20230724_birch24_m3m/BIRC/tile_32626.png,2
arctic_vegetation/20230724_birch24_m3m/BIRC/tile_32627.png,2
arctic_vegetation/20230724_birch24_m3m/BIRC/tile_32628.png,2
arctic_vegetation/20230724_birch24_m3m/BIRC/tile_32629.png,2
arctic_vegetation/20230724_birch24_m3m/BIRC/tile_32630.png,2
arctic_vegetation/20230724_birch24_m3m/BIRC/tile_32631.png,2
arctic_vegetation/20230724_birch24_m3m/BIRC/tile_32632.png,2
arctic_vegetation/20230724_birch24_m3m/BIRC/tile_32633.png,2
arctic_vegetation/20230724_birch24_m3m/BIRC/tile_32634.png,2
arctic_vegetation/20230724_birch24_m3m/BIRC/tile_32635.png,2
arctic_vegetation/20230724_birch24_m3m/BIRC/tile_32636.png,2
arctic_vegetation/20230724_birch24_m3m/LICH/tile_32637.png,4
arctic_vegetation/20230724_birch24_m3m/LICH/tile_32638.png,4
arctic_vegetation/20230724_birch24_m3m/BIRC/tile_32639.png,2
arctic_vegetation/20230724_birch24_m3m/BIRC/tile_32640.png,2
arctic_vegetation/20230724_birch24_m3m/BIRC/tile_32641.png,2
arctic_vegetation/20230724_birch24_m3m/BIRC/tile_32642.png,2
arctic_vegetation/20230724_birch24_m3m/BIRC/tile_32643.png,2
arctic_vegetation/20230724_birch24_m3m/BIRC/tile_32644.png,2
arctic_vegetation/20230724_birch24_m3m/BIRC/tile_32645.png,2
arctic_vegetation/20230724_birch24_m3m/BIRC/tile_32646.png,2
arctic_vegetation/20230724_birch24_m3m/BIRC/tile_32647.png,2
arctic_vegetation/20230724_birch24_m3m/BIRC/tile_32648.png,2
arctic_vegetation/20230724_birch24_m3m/BIRC/tile_32649.png,2
arctic_vegetation/20230724_birch24_m3m/BIRC/tile_32650.png,2
arctic_vegetation/20230724_birch24_m3m/BIRC/tile_32651.png,2
arctic_vegetation/20230724_birch24_m3m/BIRC/tile_32652.png,2
arctic_vegetation/20230724_birch24_m3m/BIRC/tile_32653.png,2
arctic_vegetation/20230724_birch24_m3m/BIRC/tile_32654.png,2
arctic_vegetation/20230724_birch24_m3m/BIRC/tile_32655.png,2
arctic_vegetation/20230724_birch24_m3m/BIRC/tile_32656.png,2
arctic_vegetation/20230724_birch24_m3m/BIRC/tile_32657.png,2
arctic_vegetation/20230724_birch24_m3m/BIRC/tile_32658.png,2
arctic_vegetation/20230724_birch24_m3m/BIRC/tile_32659.png,2
arctic_vegetation/20230724_birch24_m3m/BIRC/tile_32660.png,2
arctic_vegetation/20230724_birch24_m3m/BIRC/tile_32661.png,2
arctic_vegetation/20230724_birch24_m3m/BIRC/tile_32662.png,2
arctic_vegetation/20230724_birch24_m3m/BIRC/tile_32663.png,2
arctic_vegetation/20230724_birch24_m3m/PETF/tile_32664.png,6
arctic_vegetation/20230724_birch24_m3m/BIRC/tile_32720.png,2
arctic_vegetation/20230724_birch24_m3m/BIRC/tile_32721.png,2
arctic_vegetation/20230724_birch24_m3m/BIRC/tile_32722.png,2
arctic_vegetation/20230724_birch24_m3m/BIRC/tile_32723.png,2
arctic_vegetation/20230724_birch24_m3m/BIRC/tile_32724.png,2
arctic_vegetation/20230724_birch24_m3m/BIRC/tile_32725.png,2
arctic_vegetation/20230724_birch24_m3m/BIRC/tile_32726.png,2
arctic_vegetation/20230724_birch24_m3m/BIRC/tile_32727.png,2
arctic_vegetation/20230724_birch24_m3m/BIRC/tile_32728.png,2
arctic_vegetation/20230724_birch24_m3m/BIRC/tile_32729.png,2
arctic_vegetation/20230724_birch24_m3m/BIRC/tile_32730.png,2
arctic_vegetation/20230724_birch24_m3m/BIRC/tile_32825.png,2
arctic_vegetation/20230724_birch24_m3m/BIRC/tile_32826.png,2
arctic_vegetation/20230724_birch24_m3m/BIRC/tile_32827.png,2
arctic_vegetation/20230724_birch24_m3m/BIRC/tile_32828.png,2
arctic_vegetation/20230724_birch24_m3m/BIRC/tile_32829.png,2
arctic_vegetation/20230724_birch24_m3m/BIRC/tile_32830.png,2
arctic_vegetation/20230724_birch24_m3m/BIRC/tile_32831.png,2
arctic_vegetation/20230724_birch24_m3m/BIRC/tile_32832.png,2
arctic_vegetation/20230724_birch24_m3m/BIRC/tile_32833.png,2
arctic_vegetation/20230724_birch24_m3m/BIRC/tile_32834.png,2
arctic_vegetation/20230724_birch24_m3m/BIRC/tile_32835.png,2
arctic_vegetation/20230724_birch24_m3m/BIRC/tile_32836.png,2
arctic_vegetation/20230724_birch24_m3m/BIRC/tile_32837.png,2
arctic_vegetation/20230724_birch24_m3m/BIRC/tile_32840.png,2
arctic_vegetation/20230724_birch24_m3m/BIRC/tile_32841.png,2
arctic_vegetation/20230724_birch24_m3m/BIRC/tile_32842.png,2
arctic_vegetation/20230724_birch24_m3m/BIRC/tile_32843.png,2
arctic_vegetation/20230724_birch24_m3m/BIRC/tile_32844.png,2
arctic_vegetation/20230724_birch24_m3m/BIRC/tile_32845.png,2
arctic_vegetation/20230724_birch24_m3m/BIRC/tile_32846.png,2
arctic_vegetation/20230724_birch24_m3m/BIRC/tile_32847.png,2
arctic_vegetation/20230724_birch24_m3m/BIRC/tile_32848.png,2
arctic_vegetation/20230724_birch24_m3m/BIRC/tile_32849.png,2
arctic_vegetation/20230724_birch24_m3m/BIRC/tile_32850.png,2
arctic_vegetation/20230724_birch24_m3m/LICH/tile_32851.png,4
arctic_vegetation/20230724_birch24_m3m/LICH/tile_32852.png,4
arctic_vegetation/20230724_birch24_m3m/LICH/tile_32853.png,4
arctic_vegetation/20230724_birch24_m3m/BIRC/tile_32854.png,2
arctic_vegetation/20230724_birch24_m3m/BIRC/tile_32855.png,2
arctic_vegetation/20230724_birch24_m3m/BIRC/tile_32856.png,2
arctic_vegetation/20230724_birch24_m3m/BIRC/tile_32857.png,2
arctic_vegetation/20230724_birch24_m3m/BIRC/tile_32858.png,2
arctic_vegetation/20230724_birch24_m3m/BIRC/tile_32859.png,2
arctic_vegetation/20230724_birch24_m3m/BIRC/tile_32860.png,2
arctic_vegetation/20230724_birch24_m3m/BIRC/tile_32861.png,2
arctic_vegetation/20230724_birch24_m3m/BIRC/tile_32862.png,2
arctic_vegetation/20230724_birch24_m3m/BIRC/tile_32863.png,2
arctic_vegetation/20230724_birch24_m3m/BIRC/tile_32864.png,2
arctic_vegetation/20230724_birch24_m3m/BIRC/tile_32865.png,2
arctic_vegetation/20230724_birch24_m3m/BIRC/tile_32866.png,2
arctic_vegetation/20230724_birch24_m3m/BIRC/tile_32867.png,2
arctic_vegetation/20230724_birch24_m3m/WILL/tile_32868.png,11
arctic_vegetation/20230724_birch24_m3m/BIRC/tile_32869.png,2
arctic_vegetation/20230724_birch24_m3m/BIRC/tile_32870.png,2
arctic_vegetation/20230724_birch24_m3m/BIRC/tile_32871.png,2
arctic_vegetation/20230724_birch24_m3m/BIRC/tile_32872.png,2
arctic_vegetation/20230724_birch24_m3m/BIRC/tile_32873.png,2
arctic_vegetation/20230724_birch24_m3m/BIRC/tile_32874.png,2
arctic_vegetation/20230724_birch24_m3m/BIRC/tile_32875.png,2
arctic_vegetation/20230724_birch24_m3m/BIRC/tile_32876.png,2
arctic_vegetation/20230724_birch24_m3m/BIRC/tile_32877.png,2
arctic_vegetation/20230724_birch24_m3m/BIRC/tile_32878.png,2
arctic_vegetation/20230724_birch24_m3m/BIRC/tile_32879.png,2
arctic_vegetation/20230724_birch24_m3m/BIRC/tile_32880.png,2
arctic_vegetation/20230724_birch24_m3m/BIRC/tile_32881.png,2
arctic_vegetation/20230724_birch24_m3m/BIRC/tile_32882.png,2
arctic_vegetation/20230724_birch24_m3m/BIRC/tile_32883.png,2
arctic_vegetation/20230724_birch24_m3m/BIRC/tile_32934.png,2
arctic_vegetation/20230724_birch24_m3m/BIRC/tile_32935.png,2
arctic_vegetation/20230724_birch24_m3m/BIRC/tile_32936.png,2
arctic_vegetation/20230724_birch24_m3m/BIRC/tile_32937.png,2
arctic_vegetation/20230724_birch24_m3m/BIRC/tile_32938.png,2
arctic_vegetation/20230724_birch24_m3m/BIRC/tile_32939.png,2
arctic_vegetation/20230724_birch24_m3m/BIRC/tile_32940.png,2
arctic_vegetation/20230724_birch24_m3m/BIRC/tile_32941.png,2
arctic_vegetation/20230724_birch24_m3m/BIRC/tile_32942.png,2
arctic_vegetation/20230724_birch24_m3m/BIRC/tile_32943.png,2
arctic_vegetation/20230724_birch24_m3m/BIRC/tile_32944.png,2
arctic_vegetation/20230724_birch24_m3m/BIRC/tile_33039.png,2
arctic_vegetation/20230724_birch24_m3m/BIRC/tile_33040.png,2
arctic_vegetation/20230724_birch24_m3m/BIRC/tile_33041.png,2
arctic_vegetation/20230724_birch24_m3m/BIRC/tile_33042.png,2
arctic_vegetation/20230724_birch24_m3m/BIRC/tile_33043.png,2
arctic_vegetation/20230724_birch24_m3m/BIRC/tile_33044.png,2
arctic_vegetation/20230724_birch24_m3m/BIRC/tile_33045.png,2
arctic_vegetation/20230724_birch24_m3m/BIRC/tile_33046.png,2
arctic_vegetation/20230724_birch24_m3m/BIRC/tile_33047.png,2
arctic_vegetation/20230724_birch24_m3m/BIRC/tile_33048.png,2
arctic_vegetation/20230724_birch24_m3m/BIRC/tile_33049.png,2
arctic_vegetation/20230724_birch24_m3m/BIRC/tile_33050.png,2
arctic_vegetation/20230724_birch24_m3m/BIRC/tile_33051.png,2
arctic_vegetation/20230724_birch24_m3m/BIRC/tile_33052.png,2
arctic_vegetation/20230724_birch24_m3m/BIRC/tile_33054.png,2
arctic_vegetation/20230724_birch24_m3m/BIRC/tile_33055.png,2
arctic_vegetation/20230724_birch24_m3m/BIRC/tile_33056.png,2
arctic_vegetation/20230724_birch24_m3m/BIRC/tile_33057.png,2
arctic_vegetation/20230724_birch24_m3m/BIRC/tile_33058.png,2
arctic_vegetation/20230724_birch24_m3m/BIRC/tile_33059.png,2
arctic_vegetation/20230724_birch24_m3m/BIRC/tile_33060.png,2
arctic_vegetation/20230724_birch24_m3m/BIRC/tile_33061.png,2
arctic_vegetation/20230724_birch24_m3m/BIRC/tile_33062.png,2
arctic_vegetation/20230724_birch24_m3m/BIRC/tile_33063.png,2
arctic_vegetation/20230724_birch24_m3m/BIRC/tile_33064.png,2
arctic_vegetation/20230724_birch24_m3m/BIRC/tile_33065.png,2
arctic_vegetation/20230724_birch24_m3m/BIRC/tile_33066.png,2
arctic_vegetation/20230724_birch24_m3m/BIRC/tile_33067.png,2
arctic_vegetation/20230724_birch24_m3m/BIRC/tile_33068.png,2
arctic_vegetation/20230724_birch24_m3m/BIRC/tile_33069.png,2
arctic_vegetation/20230724_birch24_m3m/BIRC/tile_33070.png,2
arctic_vegetation/20230724_birch24_m3m/BIRC/tile_33071.png,2
arctic_vegetation/20230724_birch24_m3m/BIRC/tile_33072.png,2
arctic_vegetation/20230724_birch24_m3m/BIRC/tile_33073.png,2
arctic_vegetation/20230724_birch24_m3m/BIRC/tile_33074.png,2
arctic_vegetation/20230724_birch24_m3m/BIRC/tile_33075.png,2
arctic_vegetation/20230724_birch24_m3m/BIRC/tile_33076.png,2
arctic_vegetation/20230724_birch24_m3m/BIRC/tile_33077.png,2
arctic_vegetation/20230724_birch24_m3m/BIRC/tile_33078.png,2
arctic_vegetation/20230724_birch24_m3m/BIRC/tile_33079.png,2
arctic_vegetation/20230724_birch24_m3m/BIRC/tile_33080.png,2
arctic_vegetation/20230724_birch24_m3m/BIRC/tile_33081.png,2
arctic_vegetation/20230724_birch24_m3m/BIRC/tile_33082.png,2
arctic_vegetation/20230724_birch24_m3m/BIRC/tile_33083.png,2
arctic_vegetation/20230724_birch24_m3m/BIRC/tile_33084.png,2
arctic_vegetation/20230724_birch24_m3m/BIRC/tile_33085.png,2
arctic_vegetation/20230724_birch24_m3m/BIRC/tile_33086.png,2
arctic_vegetation/20230724_birch24_m3m/BIRC/tile_33087.png,2
arctic_vegetation/20230724_birch24_m3m/BIRC/tile_33088.png,2
arctic_vegetation/20230724_birch24_m3m/BIRC/tile_33089.png,2
arctic_vegetation/20230724_birch24_m3m/BIRC/tile_33090.png,2
arctic_vegetation/20230724_birch24_m3m/BIRC/tile_33091.png,2
arctic_vegetation/20230724_birch24_m3m/BIRC/tile_33092.png,2
arctic_vegetation/20230724_birch24_m3m/BIRC/tile_33093.png,2
arctic_vegetation/20230724_birch24_m3m/BIRC/tile_33094.png,2
arctic_vegetation/20230724_birch24_m3m/BIRC/tile_33095.png,2
arctic_vegetation/20230724_birch24_m3m/BIRC/tile_33096.png,2
arctic_vegetation/20230724_birch24_m3m/BIRC/tile_33097.png,2
arctic_vegetation/20230724_birch24_m3m/BIRC/tile_33148.png,2
arctic_vegetation/20230724_birch24_m3m/BIRC/tile_33149.png,2
arctic_vegetation/20230724_birch24_m3m/BIRC/tile_33150.png,2
arctic_vegetation/20230724_birch24_m3m/BIRC/tile_33151.png,2
arctic_vegetation/20230724_birch24_m3m/BIRC/tile_33152.png,2
arctic_vegetation/20230724_birch24_m3m/BIRC/tile_33153.png,2
arctic_vegetation/20230724_birch24_m3m/BIRC/tile_33154.png,2
arctic_vegetation/20230724_birch24_m3m/BIRC/tile_33155.png,2
arctic_vegetation/20230724_birch24_m3m/BIRC/tile_33156.png,2
arctic_vegetation/20230724_birch24_m3m/BIRC/tile_33157.png,2
arctic_vegetation/20230724_birch24_m3m/BIRC/tile_33158.png,2
arctic_vegetation/20230724_birch24_m3m/BIRC/tile_33253.png,2
arctic_vegetation/20230724_birch24_m3m/BIRC/tile_33254.png,2
arctic_vegetation/20230724_birch24_m3m/BIRC/tile_33255.png,2
arctic_vegetation/20230724_birch24_m3m/BIRC/tile_33256.png,2
arctic_vegetation/20230724_birch24_m3m/BIRC/tile_33257.png,2
arctic_vegetation/20230724_birch24_m3m/BIRC/tile_33258.png,2
arctic_vegetation/20230724_birch24_m3m/BIRC/tile_33259.png,2
arctic_vegetation/20230724_birch24_m3m/BIRC/tile_33260.png,2
arctic_vegetation/20230724_birch24_m3m/BIRC/tile_33261.png,2
arctic_vegetation/20230724_birch24_m3m/BIRC/tile_33262.png,2
arctic_vegetation/20230724_birch24_m3m/BIRC/tile_33263.png,2
arctic_vegetation/20230724_birch24_m3m/BIRC/tile_33264.png,2
arctic_vegetation/20230724_birch24_m3m/BIRC/tile_33265.png,2
arctic_vegetation/20230724_birch24_m3m/BIRC/tile_33266.png,2
arctic_vegetation/20230724_birch24_m3m/BIRC/tile_33268.png,2
arctic_vegetation/20230724_birch24_m3m/BIRC/tile_33269.png,2
arctic_vegetation/20230724_birch24_m3m/BIRC/tile_33270.png,2
arctic_vegetation/20230724_birch24_m3m/BIRC/tile_33271.png,2
arctic_vegetation/20230724_birch24_m3m/BIRC/tile_33272.png,2
arctic_vegetation/20230724_birch24_m3m/BIRC/tile_33273.png,2
arctic_vegetation/20230724_birch24_m3m/BIRC/tile_33274.png,2
arctic_vegetation/20230724_birch24_m3m/BIRC/tile_33275.png,2
arctic_vegetation/20230724_birch24_m3m/BIRC/tile_33276.png,2
arctic_vegetation/20230724_birch24_m3m/BIRC/tile_33277.png,2
arctic_vegetation/20230724_birch24_m3m/BIRC/tile_33278.png,2
arctic_vegetation/20230724_birch24_m3m/BIRC/tile_33279.png,2
arctic_vegetation/20230724_birch24_m3m/BIRC/tile_33280.png,2
arctic_vegetation/20230724_birch24_m3m/BIRC/tile_33281.png,2
arctic_vegetation/20230724_birch24_m3m/BIRC/tile_33282.png,2
arctic_vegetation/20230724_birch24_m3m/BIRC/tile_33283.png,2
arctic_vegetation/20230724_birch24_m3m/BIRC/tile_33284.png,2
arctic_vegetation/20230724_birch24_m3m/BIRC/tile_33285.png,2
arctic_vegetation/20230724_birch24_m3m/BIRC/tile_33286.png,2
arctic_vegetation/20230724_birch24_m3m/BIRC/tile_33287.png,2
arctic_vegetation/20230724_birch24_m3m/BIRC/tile_33288.png,2
arctic_vegetation/20230724_birch24_m3m/BIRC/tile_33289.png,2
arctic_vegetation/20230724_birch24_m3m/BIRC/tile_33290.png,2
arctic_vegetation/20230724_birch24_m3m/BIRC/tile_33291.png,2
arctic_vegetation/20230724_birch24_m3m/BIRC/tile_33292.png,2
arctic_vegetation/20230724_birch24_m3m/BIRC/tile_33293.png,2
arctic_vegetation/20230724_birch24_m3m/BIRC/tile_33294.png,2
arctic_vegetation/20230724_birch24_m3m/BIRC/tile_33295.png,2
arctic_vegetation/20230724_birch24_m3m/BIRC/tile_33296.png,2
arctic_vegetation/20230724_birch24_m3m/BIRC/tile_33297.png,2
arctic_vegetation/20230724_birch24_m3m/BIRC/tile_33298.png,2
arctic_vegetation/20230724_birch24_m3m/BIRC/tile_33299.png,2
arctic_vegetation/20230724_birch24_m3m/BIRC/tile_33300.png,2
arctic_vegetation/20230724_birch24_m3m/BIRC/tile_33301.png,2
arctic_vegetation/20230724_birch24_m3m/BIRC/tile_33302.png,2
arctic_vegetation/20230724_birch24_m3m/BIRC/tile_33303.png,2
arctic_vegetation/20230724_birch24_m3m/BIRC/tile_33304.png,2
arctic_vegetation/20230724_birch24_m3m/BIRC/tile_33305.png,2
arctic_vegetation/20230724_birch24_m3m/BIRC/tile_33306.png,2
arctic_vegetation/20230724_birch24_m3m/BIRC/tile_33307.png,2
arctic_vegetation/20230724_birch24_m3m/BIRC/tile_33308.png,2
arctic_vegetation/20230724_birch24_m3m/BIRC/tile_33309.png,2
arctic_vegetation/20230724_birch24_m3m/BIRC/tile_33310.png,2
arctic_vegetation/20230724_birch24_m3m/BIRC/tile_33311.png,2
arctic_vegetation/20230724_birch24_m3m/LICH/tile_33312.png,4
arctic_vegetation/20230724_birch24_m3m/BIRC/tile_33333.png,2
arctic_vegetation/20230724_birch24_m3m/BIRC/tile_33334.png,2
arctic_vegetation/20230724_birch24_m3m/BIRC/tile_33335.png,2
arctic_vegetation/20230724_birch24_m3m/BIRC/tile_33345.png,2
arctic_vegetation/20230724_birch24_m3m/BIRC/tile_33346.png,2
arctic_vegetation/20230724_birch24_m3m/BIRC/tile_33347.png,2
arctic_vegetation/20230724_birch24_m3m/BIRC/tile_33348.png,2
arctic_vegetation/20230724_birch24_m3m/BIRC/tile_33349.png,2
arctic_vegetation/20230724_birch24_m3m/BIRC/tile_33350.png,2
arctic_vegetation/20230724_birch24_m3m/BIRC/tile_33362.png,2
arctic_vegetation/20230724_birch24_m3m/BIRC/tile_33363.png,2
arctic_vegetation/20230724_birch24_m3m/BIRC/tile_33364.png,2
arctic_vegetation/20230724_birch24_m3m/BIRC/tile_33365.png,2
arctic_vegetation/20230724_birch24_m3m/BIRC/tile_33366.png,2
arctic_vegetation/20230724_birch24_m3m/BIRC/tile_33367.png,2
arctic_vegetation/20230724_birch24_m3m/BIRC/tile_33368.png,2
arctic_vegetation/20230724_birch24_m3m/BIRC/tile_33369.png,2
arctic_vegetation/20230724_birch24_m3m/BIRC/tile_33370.png,2
arctic_vegetation/20230724_birch24_m3m/BIRC/tile_33371.png,2
arctic_vegetation/20230724_birch24_m3m/BIRC/tile_33372.png,2
arctic_vegetation/20230724_birch24_m3m/BIRC/tile_33466.png,2
arctic_vegetation/20230724_birch24_m3m/BIRC/tile_33467.png,2
arctic_vegetation/20230724_birch24_m3m/BIRC/tile_33468.png,2
arctic_vegetation/20230724_birch24_m3m/BIRC/tile_33469.png,2
arctic_vegetation/20230724_birch24_m3m/BIRC/tile_33470.png,2
arctic_vegetation/20230724_birch24_m3m/BIRC/tile_33471.png,2
arctic_vegetation/20230724_birch24_m3m/BIRC/tile_33472.png,2
arctic_vegetation/20230724_birch24_m3m/BIRC/tile_33473.png,2
arctic_vegetation/20230724_birch24_m3m/BIRC/tile_33474.png,2
arctic_vegetation/20230724_birch24_m3m/BIRC/tile_33475.png,2
arctic_vegetation/20230724_birch24_m3m/BIRC/tile_33476.png,2
arctic_vegetation/20230724_birch24_m3m/BIRC/tile_33477.png,2
arctic_vegetation/20230724_birch24_m3m/BIRC/tile_33478.png,2
arctic_vegetation/20230724_birch24_m3m/BIRC/tile_33479.png,2
arctic_vegetation/20230724_birch24_m3m/BIRC/tile_33480.png,2
arctic_vegetation/20230724_birch24_m3m/BIRC/tile_33481.png,2
arctic_vegetation/20230724_birch24_m3m/BIRC/tile_33482.png,2
arctic_vegetation/20230724_birch24_m3m/BIRC/tile_33483.png,2
arctic_vegetation/20230724_birch24_m3m/BIRC/tile_33484.png,2
arctic_vegetation/20230724_birch24_m3m/LICH/tile_33485.png,4
arctic_vegetation/20230724_birch24_m3m/BIRC/tile_33486.png,2
arctic_vegetation/20230724_birch24_m3m/BIRC/tile_33487.png,2
arctic_vegetation/20230724_birch24_m3m/BIRC/tile_33488.png,2
arctic_vegetation/20230724_birch24_m3m/BIRC/tile_33489.png,2
arctic_vegetation/20230724_birch24_m3m/BIRC/tile_33490.png,2
arctic_vegetation/20230724_birch24_m3m/BIRC/tile_33491.png,2
arctic_vegetation/20230724_birch24_m3m/BIRC/tile_33492.png,2
arctic_vegetation/20230724_birch24_m3m/BIRC/tile_33493.png,2
arctic_vegetation/20230724_birch24_m3m/BIRC/tile_33494.png,2
arctic_vegetation/20230724_birch24_m3m/BIRC/tile_33495.png,2
arctic_vegetation/20230724_birch24_m3m/BIRC/tile_33496.png,2
arctic_vegetation/20230724_birch24_m3m/BIRC/tile_33497.png,2
arctic_vegetation/20230724_birch24_m3m/BIRC/tile_33498.png,2
arctic_vegetation/20230724_birch24_m3m/BIRC/tile_33499.png,2
arctic_vegetation/20230724_birch24_m3m/BIRC/tile_33500.png,2
arctic_vegetation/20230724_birch24_m3m/BIRC/tile_33501.png,2
arctic_vegetation/20230724_birch24_m3m/BIRC/tile_33502.png,2
arctic_vegetation/20230724_birch24_m3m/BIRC/tile_33503.png,2
arctic_vegetation/20230724_birch24_m3m/BIRC/tile_33504.png,2
arctic_vegetation/20230724_birch24_m3m/BIRC/tile_33505.png,2
arctic_vegetation/20230724_birch24_m3m/BIRC/tile_33506.png,2
arctic_vegetation/20230724_birch24_m3m/BIRC/tile_33507.png,2
arctic_vegetation/20230724_birch24_m3m/BIRC/tile_33508.png,2
arctic_vegetation/20230724_birch24_m3m/BIRC/tile_33509.png,2
arctic_vegetation/20230724_birch24_m3m/BIRC/tile_33510.png,2
arctic_vegetation/20230724_birch24_m3m/BIRC/tile_33511.png,2
arctic_vegetation/20230724_birch24_m3m/BIRC/tile_33512.png,2
arctic_vegetation/20230724_birch24_m3m/BIRC/tile_33513.png,2
arctic_vegetation/20230724_birch24_m3m/BIRC/tile_33514.png,2
arctic_vegetation/20230724_birch24_m3m/BIRC/tile_33515.png,2
arctic_vegetation/20230724_birch24_m3m/BIRC/tile_33516.png,2
arctic_vegetation/20230724_birch24_m3m/BIRC/tile_33517.png,2
arctic_vegetation/20230724_birch24_m3m/BIRC/tile_33518.png,2
arctic_vegetation/20230724_birch24_m3m/BIRC/tile_33519.png,2
arctic_vegetation/20230724_birch24_m3m/BIRC/tile_33520.png,2
arctic_vegetation/20230724_birch24_m3m/BIRC/tile_33521.png,2
arctic_vegetation/20230724_birch24_m3m/BIRC/tile_33522.png,2
arctic_vegetation/20230724_birch24_m3m/BIRC/tile_33523.png,2
arctic_vegetation/20230724_birch24_m3m/BIRC/tile_33524.png,2
arctic_vegetation/20230724_birch24_m3m/BIRC/tile_33525.png,2
arctic_vegetation/20230724_birch24_m3m/LICH/tile_33526.png,4
arctic_vegetation/20230724_birch24_m3m/BIRC/tile_33547.png,2
arctic_vegetation/20230724_birch24_m3m/BIRC/tile_33548.png,2
arctic_vegetation/20230724_birch24_m3m/BIRC/tile_33549.png,2
arctic_vegetation/20230724_birch24_m3m/BIRC/tile_33559.png,2
arctic_vegetation/20230724_birch24_m3m/BIRC/tile_33560.png,2
arctic_vegetation/20230724_birch24_m3m/BIRC/tile_33561.png,2
arctic_vegetation/20230724_birch24_m3m/BIRC/tile_33562.png,2
arctic_vegetation/20230724_birch24_m3m/BIRC/tile_33563.png,2
arctic_vegetation/20230724_birch24_m3m/BIRC/tile_33564.png,2
arctic_vegetation/20230724_birch24_m3m/BIRC/tile_33576.png,2
arctic_vegetation/20230724_birch24_m3m/BIRC/tile_33577.png,2
arctic_vegetation/20230724_birch24_m3m/BIRC/tile_33578.png,2
arctic_vegetation/20230724_birch24_m3m/BIRC/tile_33579.png,2
arctic_vegetation/20230724_birch24_m3m/BIRC/tile_33580.png,2
arctic_vegetation/20230724_birch24_m3m/BIRC/tile_33581.png,2
arctic_vegetation/20230724_birch24_m3m/BIRC/tile_33582.png,2
arctic_vegetation/20230724_birch24_m3m/BIRC/tile_33583.png,2
arctic_vegetation/20230724_birch24_m3m/BIRC/tile_33584.png,2
arctic_vegetation/20230724_birch24_m3m/BIRC/tile_33585.png,2
arctic_vegetation/20230724_birch24_m3m/BIRC/tile_33586.png,2
arctic_vegetation/20230724_birch24_m3m/BIRC/tile_33680.png,2
arctic_vegetation/20230724_birch24_m3m/BIRC/tile_33681.png,2
arctic_vegetation/20230724_birch24_m3m/BIRC/tile_33682.png,2
arctic_vegetation/20230724_birch24_m3m/BIRC/tile_33683.png,2
arctic_vegetation/20230724_birch24_m3m/BIRC/tile_33684.png,2
arctic_vegetation/20230724_birch24_m3m/BIRC/tile_33685.png,2
arctic_vegetation/20230724_birch24_m3m/BIRC/tile_33686.png,2
arctic_vegetation/20230724_birch24_m3m/BIRC/tile_33687.png,2
arctic_vegetation/20230724_birch24_m3m/BIRC/tile_33688.png,2
arctic_vegetation/20230724_birch24_m3m/BIRC/tile_33689.png,2
arctic_vegetation/20230724_birch24_m3m/BIRC/tile_33690.png,2
arctic_vegetation/20230724_birch24_m3m/BIRC/tile_33691.png,2
arctic_vegetation/20230724_birch24_m3m/BIRC/tile_33692.png,2
arctic_vegetation/20230724_birch24_m3m/BIRC/tile_33693.png,2
arctic_vegetation/20230724_birch24_m3m/BIRC/tile_33694.png,2
arctic_vegetation/20230724_birch24_m3m/BIRC/tile_33695.png,2
arctic_vegetation/20230724_birch24_m3m/BIRC/tile_33696.png,2
arctic_vegetation/20230724_birch24_m3m/BIRC/tile_33697.png,2
arctic_vegetation/20230724_birch24_m3m/BIRC/tile_33698.png,2
arctic_vegetation/20230724_birch24_m3m/BIRC/tile_33699.png,2
arctic_vegetation/20230724_birch24_m3m/BIRC/tile_33700.png,2
arctic_vegetation/20230724_birch24_m3m/BIRC/tile_33701.png,2
arctic_vegetation/20230724_birch24_m3m/BIRC/tile_33702.png,2
arctic_vegetation/20230724_birch24_m3m/BIRC/tile_33703.png,2
arctic_vegetation/20230724_birch24_m3m/BIRC/tile_33704.png,2
arctic_vegetation/20230724_birch24_m3m/BIRC/tile_33705.png,2
arctic_vegetation/20230724_birch24_m3m/BIRC/tile_33706.png,2
arctic_vegetation/20230724_birch24_m3m/BIRC/tile_33707.png,2
arctic_vegetation/20230724_birch24_m3m/BIRC/tile_33708.png,2
arctic_vegetation/20230724_birch24_m3m/BIRC/tile_33709.png,2
arctic_vegetation/20230724_birch24_m3m/BIRC/tile_33710.png,2
arctic_vegetation/20230724_birch24_m3m/BIRC/tile_33711.png,2
arctic_vegetation/20230724_birch24_m3m/BIRC/tile_33712.png,2
arctic_vegetation/20230724_birch24_m3m/BIRC/tile_33713.png,2
arctic_vegetation/20230724_birch24_m3m/BIRC/tile_33714.png,2
arctic_vegetation/20230724_birch24_m3m/BIRC/tile_33715.png,2
arctic_vegetation/20230724_birch24_m3m/BIRC/tile_33716.png,2
arctic_vegetation/20230724_birch24_m3m/BIRC/tile_33717.png,2
arctic_vegetation/20230724_birch24_m3m/BIRC/tile_33718.png,2
arctic_vegetation/20230724_birch24_m3m/BIRC/tile_33719.png,2
arctic_vegetation/20230724_birch24_m3m/BIRC/tile_33720.png,2
arctic_vegetation/20230724_birch24_m3m/BIRC/tile_33721.png,2
arctic_vegetation/20230724_birch24_m3m/BIRC/tile_33722.png,2
arctic_vegetation/20230724_birch24_m3m/BIRC/tile_33723.png,2
arctic_vegetation/20230724_birch24_m3m/BIRC/tile_33724.png,2
arctic_vegetation/20230724_birch24_m3m/BIRC/tile_33725.png,2
arctic_vegetation/20230724_birch24_m3m/BIRC/tile_33726.png,2
arctic_vegetation/20230724_birch24_m3m/BIRC/tile_33727.png,2
arctic_vegetation/20230724_birch24_m3m/BIRC/tile_33728.png,2
arctic_vegetation/20230724_birch24_m3m/BIRC/tile_33729.png,2
arctic_vegetation/20230724_birch24_m3m/BIRC/tile_33732.png,2
arctic_vegetation/20230724_birch24_m3m/BIRC/tile_33733.png,2
arctic_vegetation/20230724_birch24_m3m/BIRC/tile_33734.png,2
arctic_vegetation/20230724_birch24_m3m/BIRC/tile_33735.png,2
arctic_vegetation/20230724_birch24_m3m/BIRC/tile_33736.png,2
arctic_vegetation/20230724_birch24_m3m/BIRC/tile_33737.png,2
arctic_vegetation/20230724_birch24_m3m/BIRC/tile_33738.png,2
arctic_vegetation/20230724_birch24_m3m/BIRC/tile_33739.png,2
arctic_vegetation/20230724_birch24_m3m/BIRC/tile_33740.png,2
arctic_vegetation/20230724_birch24_m3m/BIRC/tile_33743.png,2
arctic_vegetation/20230724_birch24_m3m/BIRC/tile_33744.png,2
arctic_vegetation/20230724_birch24_m3m/BIRC/tile_33745.png,2
arctic_vegetation/20230724_birch24_m3m/BIRC/tile_33747.png,2
arctic_vegetation/20230724_birch24_m3m/BIRC/tile_33748.png,2
arctic_vegetation/20230724_birch24_m3m/BIRC/tile_33749.png,2
arctic_vegetation/20230724_birch24_m3m/BIRC/tile_33761.png,2
arctic_vegetation/20230724_birch24_m3m/BIRC/tile_33762.png,2
arctic_vegetation/20230724_birch24_m3m/BIRC/tile_33763.png,2
arctic_vegetation/20230724_birch24_m3m/BIRC/tile_33764.png,2
arctic_vegetation/20230724_birch24_m3m/BIRC/tile_33765.png,2
arctic_vegetation/20230724_birch24_m3m/BIRC/tile_33766.png,2
arctic_vegetation/20230724_birch24_m3m/BIRC/tile_33767.png,2
arctic_vegetation/20230724_birch24_m3m/BIRC/tile_33773.png,2
arctic_vegetation/20230724_birch24_m3m/BIRC/tile_33774.png,2
arctic_vegetation/20230724_birch24_m3m/BIRC/tile_33775.png,2
arctic_vegetation/20230724_birch24_m3m/BIRC/tile_33776.png,2
arctic_vegetation/20230724_birch24_m3m/BIRC/tile_33777.png,2
arctic_vegetation/20230724_birch24_m3m/BIRC/tile_33778.png,2
arctic_vegetation/20230724_birch24_m3m/BIRC/tile_33789.png,2
arctic_vegetation/20230724_birch24_m3m/BIRC/tile_33790.png,2
arctic_vegetation/20230724_birch24_m3m/BIRC/tile_33791.png,2
arctic_vegetation/20230724_birch24_m3m/BIRC/tile_33792.png,2
arctic_vegetation/20230724_birch24_m3m/BIRC/tile_33793.png,2
arctic_vegetation/20230724_birch24_m3m/BIRC/tile_33794.png,2
arctic_vegetation/20230724_birch24_m3m/BIRC/tile_33795.png,2
arctic_vegetation/20230724_birch24_m3m/BIRC/tile_33894.png,2
arctic_vegetation/20230724_birch24_m3m/BIRC/tile_33895.png,2
arctic_vegetation/20230724_birch24_m3m/BIRC/tile_33896.png,2
arctic_vegetation/20230724_birch24_m3m/BIRC/tile_33897.png,2
arctic_vegetation/20230724_birch24_m3m/BIRC/tile_33898.png,2
arctic_vegetation/20230724_birch24_m3m/BIRC/tile_33899.png,2
arctic_vegetation/20230724_birch24_m3m/BIRC/tile_33900.png,2
arctic_vegetation/20230724_birch24_m3m/BIRC/tile_33901.png,2
arctic_vegetation/20230724_birch24_m3m/BIRC/tile_33902.png,2
arctic_vegetation/20230724_birch24_m3m/BIRC/tile_33903.png,2
arctic_vegetation/20230724_birch24_m3m/BIRC/tile_33904.png,2
arctic_vegetation/20230724_birch24_m3m/BIRC/tile_33905.png,2
arctic_vegetation/20230724_birch24_m3m/BIRC/tile_33906.png,2
arctic_vegetation/20230724_birch24_m3m/BIRC/tile_33907.png,2
arctic_vegetation/20230724_birch24_m3m/BIRC/tile_33908.png,2
arctic_vegetation/20230724_birch24_m3m/BIRC/tile_33910.png,2
arctic_vegetation/20230724_birch24_m3m/BIRC/tile_33911.png,2
arctic_vegetation/20230724_birch24_m3m/BIRC/tile_33912.png,2
arctic_vegetation/20230724_birch24_m3m/BIRC/tile_33913.png,2
arctic_vegetation/20230724_birch24_m3m/BIRC/tile_33914.png,2
arctic_vegetation/20230724_birch24_m3m/BIRC/tile_33915.png,2
arctic_vegetation/20230724_birch24_m3m/BIRC/tile_33916.png,2
arctic_vegetation/20230724_birch24_m3m/BIRC/tile_33917.png,2
arctic_vegetation/20230724_birch24_m3m/BIRC/tile_33918.png,2
arctic_vegetation/20230724_birch24_m3m/BIRC/tile_33919.png,2
arctic_vegetation/20230724_birch24_m3m/BIRC/tile_33920.png,2
arctic_vegetation/20230724_birch24_m3m/BIRC/tile_33921.png,2
arctic_vegetation/20230724_birch24_m3m/LICH/tile_33922.png,4
arctic_vegetation/20230724_birch24_m3m/BIRC/tile_33923.png,2
arctic_vegetation/20230724_birch24_m3m/BIRC/tile_33924.png,2
arctic_vegetation/20230724_birch24_m3m/BIRC/tile_33925.png,2
arctic_vegetation/20230724_birch24_m3m/BIRC/tile_33926.png,2
arctic_vegetation/20230724_birch24_m3m/BIRC/tile_33927.png,2
arctic_vegetation/20230724_birch24_m3m/BIRC/tile_33928.png,2
arctic_vegetation/20230724_birch24_m3m/BIRC/tile_33929.png,2
arctic_vegetation/20230724_birch24_m3m/BIRC/tile_33930.png,2
arctic_vegetation/20230724_birch24_m3m/BIRC/tile_33931.png,2
arctic_vegetation/20230724_birch24_m3m/BIRC/tile_33932.png,2
arctic_vegetation/20230724_birch24_m3m/BIRC/tile_33933.png,2
arctic_vegetation/20230724_birch24_m3m/BIRC/tile_33934.png,2
arctic_vegetation/20230724_birch24_m3m/BIRC/tile_33935.png,2
arctic_vegetation/20230724_birch24_m3m/BIRC/tile_33936.png,2
arctic_vegetation/20230724_birch24_m3m/BIRC/tile_33938.png,2
arctic_vegetation/20230724_birch24_m3m/BIRC/tile_33939.png,2
arctic_vegetation/20230724_birch24_m3m/BIRC/tile_33940.png,2
arctic_vegetation/20230724_birch24_m3m/BIRC/tile_33941.png,2
arctic_vegetation/20230724_birch24_m3m/BIRC/tile_33942.png,2
arctic_vegetation/20230724_birch24_m3m/PETF/tile_33943.png,6
arctic_vegetation/20230724_birch24_m3m/PETF/tile_33944.png,6
arctic_vegetation/20230724_birch24_m3m/PETF/tile_33945.png,6
arctic_vegetation/20230724_birch24_m3m/BIRC/tile_33946.png,2
arctic_vegetation/20230724_birch24_m3m/BIRC/tile_33947.png,2
arctic_vegetation/20230724_birch24_m3m/BIRC/tile_33948.png,2
arctic_vegetation/20230724_birch24_m3m/BIRC/tile_33949.png,2
arctic_vegetation/20230724_birch24_m3m/BIRC/tile_33950.png,2
arctic_vegetation/20230724_birch24_m3m/BIRC/tile_33951.png,2
arctic_vegetation/20230724_birch24_m3m/BIRC/tile_33952.png,2
arctic_vegetation/20230724_birch24_m3m/BIRC/tile_33953.png,2
arctic_vegetation/20230724_birch24_m3m/BIRC/tile_33954.png,2
arctic_vegetation/20230724_birch24_m3m/BIRC/tile_33957.png,2
arctic_vegetation/20230724_birch24_m3m/BIRC/tile_33958.png,2
arctic_vegetation/20230724_birch24_m3m/BIRC/tile_33959.png,2
arctic_vegetation/20230724_birch24_m3m/BIRC/tile_33961.png,2
arctic_vegetation/20230724_birch24_m3m/BIRC/tile_33962.png,2
arctic_vegetation/20230724_birch24_m3m/BIRC/tile_33963.png,2
arctic_vegetation/20230724_birch24_m3m/BIRC/tile_33964.png,2
arctic_vegetation/20230724_birch24_m3m/BIRC/tile_33975.png,2
arctic_vegetation/20230724_birch24_m3m/BIRC/tile_33976.png,2
arctic_vegetation/20230724_birch24_m3m/BIRC/tile_33977.png,2
arctic_vegetation/20230724_birch24_m3m/BIRC/tile_33978.png,2
arctic_vegetation/20230724_birch24_m3m/BIRC/tile_33979.png,2
arctic_vegetation/20230724_birch24_m3m/BIRC/tile_33980.png,2
arctic_vegetation/20230724_birch24_m3m/BIRC/tile_33981.png,2
arctic_vegetation/20230724_birch24_m3m/BIRC/tile_33987.png,2
arctic_vegetation/20230724_birch24_m3m/BIRC/tile_33988.png,2
arctic_vegetation/20230724_birch24_m3m/BIRC/tile_33989.png,2
arctic_vegetation/20230724_birch24_m3m/BIRC/tile_33990.png,2
arctic_vegetation/20230724_birch24_m3m/BIRC/tile_33991.png,2
arctic_vegetation/20230724_birch24_m3m/BIRC/tile_33992.png,2
arctic_vegetation/20230724_birch24_m3m/BIRC/tile_34003.png,2
arctic_vegetation/20230724_birch24_m3m/BIRC/tile_34004.png,2
arctic_vegetation/20230724_birch24_m3m/BIRC/tile_34005.png,2
arctic_vegetation/20230724_birch24_m3m/BIRC/tile_34006.png,2
arctic_vegetation/20230724_birch24_m3m/BIRC/tile_34007.png,2
arctic_vegetation/20230724_birch24_m3m/BIRC/tile_34008.png,2
arctic_vegetation/20230724_birch24_m3m/BIRC/tile_34009.png,2
arctic_vegetation/20230724_birch24_m3m/BIRC/tile_34108.png,2
arctic_vegetation/20230724_birch24_m3m/BIRC/tile_34109.png,2
arctic_vegetation/20230724_birch24_m3m/BIRC/tile_34110.png,2
arctic_vegetation/20230724_birch24_m3m/BIRC/tile_34111.png,2
arctic_vegetation/20230724_birch24_m3m/BIRC/tile_34112.png,2
arctic_vegetation/20230724_birch24_m3m/BIRC/tile_34113.png,2
arctic_vegetation/20230724_birch24_m3m/BIRC/tile_34114.png,2
arctic_vegetation/20230724_birch24_m3m/BIRC/tile_34115.png,2
arctic_vegetation/20230724_birch24_m3m/BIRC/tile_34116.png,2
arctic_vegetation/20230724_birch24_m3m/BIRC/tile_34117.png,2
arctic_vegetation/20230724_birch24_m3m/BIRC/tile_34118.png,2
arctic_vegetation/20230724_birch24_m3m/BIRC/tile_34119.png,2
arctic_vegetation/20230724_birch24_m3m/BIRC/tile_34120.png,2
arctic_vegetation/20230724_birch24_m3m/BIRC/tile_34121.png,2
arctic_vegetation/20230724_birch24_m3m/BIRC/tile_34122.png,2
arctic_vegetation/20230724_birch24_m3m/BIRC/tile_34123.png,2
arctic_vegetation/20230724_birch24_m3m/BIRC/tile_34124.png,2
arctic_vegetation/20230724_birch24_m3m/BIRC/tile_34125.png,2
arctic_vegetation/20230724_birch24_m3m/BIRC/tile_34126.png,2
arctic_vegetation/20230724_birch24_m3m/BIRC/tile_34127.png,2
arctic_vegetation/20230724_birch24_m3m/BIRC/tile_34128.png,2
arctic_vegetation/20230724_birch24_m3m/BIRC/tile_34129.png,2
arctic_vegetation/20230724_birch24_m3m/BIRC/tile_34130.png,2
arctic_vegetation/20230724_birch24_m3m/BIRC/tile_34131.png,2
arctic_vegetation/20230724_birch24_m3m/BIRC/tile_34132.png,2
arctic_vegetation/20230724_birch24_m3m/BIRC/tile_34133.png,2
arctic_vegetation/20230724_birch24_m3m/BIRC/tile_34134.png,2
arctic_vegetation/20230724_birch24_m3m/BIRC/tile_34135.png,2
arctic_vegetation/20230724_birch24_m3m/BIRC/tile_34136.png,2
