filepath,label
arctic_vegetation/20230724_birch24_m3m/BIRC/tile_08498.png,2
arctic_vegetation/20230724_birch24_m3m/BIRC/tile_08499.png,2
arctic_vegetation/20230724_birch24_m3m/BIRC/tile_08500.png,2
arctic_vegetation/20230724_birch24_m3m/BIRC/tile_08501.png,2
arctic_vegetation/20230724_birch24_m3m/BIRC/tile_08502.png,2
arctic_vegetation/20230724_birch24_m3m/BIRC/tile_08503.png,2
arctic_vegetation/20230724_birch24_m3m/BIRC/tile_08504.png,2
arctic_vegetation/20230724_birch24_m3m/PETF/tile_08505.png,6
arctic_vegetation/20230724_birch24_m3m/BIRC/tile_08507.png,2
arctic_vegetation/20230724_birch24_m3m/BIRC/tile_08508.png,2
arctic_vegetation/20230724_birch24_m3m/BIRC/tile_08509.png,2
arctic_vegetation/20230724_birch24_m3m/BIRC/tile_08510.png,2
arctic_vegetation/20230724_birch24_m3m/BIRC/tile_08511.png,2
arctic_vegetation/20230724_birch24_m3m/BIRC/tile_08512.png,2
arctic_vegetation/20230724_birch24_m3m/BIRC/tile_08513.png,2
arctic_vegetation/20230724_birch24_m3m/BIRC/tile_08514.png,2
arctic_vegetation/20230724_birch24_m3m/BIRC/tile_08515.png,2
arctic_vegetation/20230724_birch24_m3m/BIRC/tile_08516.png,2
arctic_vegetation/20230724_birch24_m3m/BIRC/tile_08517.png,2
arctic_vegetation/20230724_birch24_m3m/BIRC/tile_08518.png,2
arctic_vegetation/20230724_birch24_m3m/BIRC/tile_08519.png,2
arctic_vegetation/20230724_birch24_m3m/BIRC/tile_08520.png,2
arctic_vegetation/20230724_birch24_m3m/BIRC/tile_08527.png,2
arctic_vegetation/20230724_birch24_m3m/BIRC/tile_08528.png,2
arctic_vegetation/20230724_birch24_m3m/BIRC/tile_08529.png,2
arctic_vegetation/20230724_birch24_m3m/BIRC/tile_08712.png,2
arctic_vegetation/20230724_birch24_m3m/BIRC/tile_08713.png,2
arctic_vegetation/20230724_birch24_m3m/BIRC/tile_08714.png,2
arctic_vegetation/20230724_birch24_m3m/BIRC/tile_08715.png,2
arctic_vegetation/20230724_birch24_m3m/BIRC/tile_08716.png,2
arctic_vegetation/20230724_birch24_m3m/BIRC/tile_08717.png,2
arctic_vegetation/20230724_birch24_m3m/BIRC/tile_08718.png,2
arctic_vegetation/20230724_birch24_m3m/BIRC/tile_08719.png,2
arctic_vegetation/20230724_birch24_m3m/BIRC/tile_08721.png,2
arctic_vegetation/20230724_birch24_m3m/BIRC/tile_08722.png,2
arctic_vegetation/20230724_birch24_m3m/BIRC/tile_08723.png,2
arctic_vegetation/20230724_birch24_m3m/BIRC/tile_08724.png,2
arctic_vegetation/20230724_birch24_m3m/BIRC/tile_08725.png,2
arctic_vegetation/20230724_birch24_m3m/BIRC/tile_08726.png,2
arctic_vegetation/20230724_birch24_m3m/BIRC/tile_08727.png,2
arctic_vegetation/20230724_birch24_m3m/BIRC/tile_08728.png,2
arctic_vegetation/20230724_birch24_m3m/BIRC/tile_08729.png,2
arctic_vegetation/20230724_birch24_m3m/BIRC/tile_08730.png,2
arctic_vegetation/20230724_birch24_m3m/BIRC/tile_08731.png,2
arctic_vegetation/20230724_birch24_m3m/BIRC/tile_08732.png,2
arctic_vegetation/20230724_birch24_m3m/BIRC/tile_08733.png,2
arctic_vegetation/20230724_birch24_m3m/BIRC/tile_08734.png,2
arctic_vegetation/20230724_birch24_m3m/BIRC/tile_08735.png,2
arctic_vegetation/20230724_birch24_m3m/BIRC/tile_08739.png,2
arctic_vegetation/20230724_birch24_m3m/BIRC/tile_08740.png,2
arctic_vegetation/20230724_birch24_m3m/BIRC/tile_08741.png,2
arctic_vegetation/20230724_birch24_m3m/BIRC/tile_08742.png,2
arctic_vegetation/20230724_birch24_m3m/BIRC/tile_08743.png,2
arctic_vegetation/20230724_birch24_m3m/BIRC/tile_08926.png,2
arctic_vegetation/20230724_birch24_m3m/BIRC/tile_08927.png,2
arctic_vegetation/20230724_birch24_m3m/BIRC/tile_08928.png,2
arctic_vegetation/20230724_birch24_m3m/BIRC/tile_08929.png,2
arctic_vegetation/20230724_birch24_m3m/BIRC/tile_08930.png,2
arctic_vegetation/20230724_birch24_m3m/BIRC/tile_08931.png,2
arctic_vegetation/20230724_birch24_m3m/BIRC/tile_08932.png,2
arctic_vegetation/20230724_birch24_m3m/BIRC/tile_08933.png,2
arctic_vegetation/20230724_birch24_m3m/BIRC/tile_08934.png,2
arctic_vegetation/20230724_birch24_m3m/BIRC/tile_08935.png,2
arctic_vegetation/20230724_birch24_m3m/BIRC/tile_08936.png,2
arctic_vegetation/20230724_birch24_m3m/BIRC/tile_08937.png,2
arctic_vegetation/20230724_birch24_m3m/BIRC/tile_08938.png,2
arctic_vegetation/20230724_birch24_m3m/BIRC/tile_08939.png,2
arctic_vegetation/20230724_birch24_m3m/BIRC/tile_08940.png,2
arctic_vegetation/20230724_birch24_m3m/BIRC/tile_08941.png,2
arctic_vegetation/20230724_birch24_m3m/BIRC/tile_08942.png,2
arctic_vegetation/20230724_birch24_m3m/BIRC/tile_08943.png,2
arctic_vegetation/20230724_birch24_m3m/BIRC/tile_08944.png,2
arctic_vegetation/20230724_birch24_m3m/BIRC/tile_08945.png,2
arctic_vegetation/20230724_birch24_m3m/BIRC/tile_08946.png,2
arctic_vegetation/20230724_birch24_m3m/BIRC/tile_08947.png,2
arctic_vegetation/20230724_birch24_m3m/BIRC/tile_08948.png,2
arctic_vegetation/20230724_birch24_m3m/BIRC/tile_08949.png,2
arctic_vegetation/20230724_birch24_m3m/BIRC/tile_08953.png,2
arctic_vegetation/20230724_birch24_m3m/BIRC/tile_08954.png,2
arctic_vegetation/20230724_birch24_m3m/BIRC/tile_08955.png,2
arctic_vegetation/20230724_birch24_m3m/BIRC/tile_08956.png,2
arctic_vegetation/20230724_birch24_m3m/BIRC/tile_08957.png,2
arctic_vegetation/20230724_birch24_m3m/BIRC/tile_09140.png,2
arctic_vegetation/20230724_birch24_m3m/BIRC/tile_09141.png,2
arctic_vegetation/20230724_birch24_m3m/BIRC/tile_09142.png,2
arctic_vegetation/20230724_birch24_m3m/BIRC/tile_09143.png,2
arctic_vegetation/20230724_birch24_m3m/BIRC/tile_09144.png,2
arctic_vegetation/20230724_birch24_m3m/BIRC/tile_09145.png,2
arctic_vegetation/20230724_birch24_m3m/BIRC/tile_09146.png,2
arctic_vegetation/20230724_birch24_m3m/BIRC/tile_09147.png,2
arctic_vegetation/20230724_birch24_m3m/BIRC/tile_09148.png,2
arctic_vegetation/20230724_birch24_m3m/BIRC/tile_09149.png,2
arctic_vegetation/20230724_birch24_m3m/BIRC/tile_09150.png,2
arctic_vegetation/20230724_birch24_m3m/BIRC/tile_09151.png,2
arctic_vegetation/20230724_birch24_m3m/BIRC/tile_09152.png,2
arctic_vegetation/20230724_birch24_m3m/BIRC/tile_09153.png,2
arctic_vegetation/20230724_birch24_m3m/BIRC/tile_09154.png,2
arctic_vegetation/20230724_birch24_m3m/BIRC/tile_09155.png,2
arctic_vegetation/20230724_birch24_m3m/BIRC/tile_09156.png,2
arctic_vegetation/20230724_birch24_m3m/BIRC/tile_09157.png,2
arctic_vegetation/20230724_birch24_m3m/BIRC/tile_09158.png,2
arctic_vegetation/20230724_birch24_m3m/BIRC/tile_09159.png,2
arctic_vegetation/20230724_birch24_m3m/BIRC/tile_09160.png,2
arctic_vegetation/20230724_birch24_m3m/BIRC/tile_09161.png,2
arctic_vegetation/20230724_birch24_m3m/BIRC/tile_09162.png,2
arctic_vegetation/20230724_birch24_m3m/BIRC/tile_09163.png,2
arctic_vegetation/20230724_birch24_m3m/BIRC/tile_09167.png,2
arctic_vegetation/20230724_birch24_m3m/BIRC/tile_09168.png,2
arctic_vegetation/20230724_birch24_m3m/BIRC/tile_09169.png,2
arctic_vegetation/20230724_birch24_m3m/BIRC/tile_09170.png,2
arctic_vegetation/20230724_birch24_m3m/BIRC/tile_09171.png,2
arctic_vegetation/20230724_birch24_m3m/BIRC/tile_09172.png,2
arctic_vegetation/20230724_birch24_m3m/BIRC/tile_09354.png,2
arctic_vegetation/20230724_birch24_m3m/BIRC/tile_09355.png,2
arctic_vegetation/20230724_birch24_m3m/BIRC/tile_09356.png,2
arctic_vegetation/20230724_birch24_m3m/BIRC/tile_09357.png,2
arctic_vegetation/20230724_birch24_m3m/BIRC/tile_09358.png,2
arctic_vegetation/20230724_birch24_m3m/BIRC/tile_09359.png,2
arctic_vegetation/20230724_birch24_m3m/BIRC/tile_09360.png,2
arctic_vegetation/20230724_birch24_m3m/BIRC/tile_09361.png,2
arctic_vegetation/20230724_birch24_m3m/BIRC/tile_09362.png,2
arctic_vegetation/20230724_birch24_m3m/BIRC/tile_09363.png,2
arctic_vegetation/20230724_birch24_m3m/BIRC/tile_09364.png,2
arctic_vegetation/20230724_birch24_m3m/BIRC/tile_09365.png,2
arctic_vegetation/20230724_birch24_m3m/BIRC/tile_09366.png,2
arctic_vegetation/20230724_birch24_m3m/BIRC/tile_09367.png,2
arctic_vegetation/20230724_birch24_m3m/BIRC/tile_09368.png,2
arctic_vegetation/20230724_birch24_m3m/BIRC/tile_09369.png,2
arctic_vegetation/20230724_birch24_m3m/BIRC/tile_09370.png,2
arctic_vegetation/20230724_birch24_m3m/BIRC/tile_09371.png,2
arctic_vegetation/20230724_birch24_m3m/BIRC/tile_09372.png,2
arctic_vegetation/20230724_birch24_m3m/BIRC/tile_09373.png,2
arctic_vegetation/20230724_birch24_m3m/BIRC/tile_09374.png,2
arctic_vegetation/20230724_birch24_m3m/BIRC/tile_09375.png,2
arctic_vegetation/20230724_birch24_m3m/BIRC/tile_09376.png,2
arctic_vegetation/20230724_birch24_m3m/BIRC/tile_09377.png,2
arctic_vegetation/20230724_birch24_m3m/BIRC/tile_09381.png,2
arctic_vegetation/20230724_birch24_m3m/BIRC/tile_09382.png,2
arctic_vegetation/20230724_birch24_m3m/BIRC/tile_09383.png,2
arctic_vegetation/20230724_birch24_m3m/BIRC/tile_09384.png,2
arctic_vegetation/20230724_birch24_m3m/BIRC/tile_09385.png,2
arctic_vegetation/20230724_birch24_m3m/BIRC/tile_09386.png,2
arctic_vegetation/20230724_birch24_m3m/BIRC/tile_09420.png,2
arctic_vegetation/20230724_birch24_m3m/BIRC/tile_09421.png,2
arctic_vegetation/20230724_birch24_m3m/BIRC/tile_09422.png,2
arctic_vegetation/20230724_birch24_m3m/BIRC/tile_09423.png,2
arctic_vegetation/20230724_birch24_m3m/BIRC/tile_09424.png,2
arctic_vegetation/20230724_birch24_m3m/BIRC/tile_09425.png,2
arctic_vegetation/20230724_birch24_m3m/BIRC/tile_09426.png,2
arctic_vegetation/20230724_birch24_m3m/BIRC/tile_09427.png,2
arctic_vegetation/20230724_birch24_m3m/BIRC/tile_09428.png,2
arctic_vegetation/20230724_birch24_m3m/BIRC/tile_09429.png,2
arctic_vegetation/20230724_birch24_m3m/BIRC/tile_09568.png,2
arctic_vegetation/20230724_birch24_m3m/BIRC/tile_09569.png,2
arctic_vegetation/20230724_birch24_m3m/BIRC/tile_09570.png,2
arctic_vegetation/20230724_birch24_m3m/BIRC/tile_09571.png,2
arctic_vegetation/20230724_birch24_m3m/BIRC/tile_09572.png,2
arctic_vegetation/20230724_birch24_m3m/BIRC/tile_09573.png,2
arctic_vegetation/20230724_birch24_m3m/BIRC/tile_09574.png,2
arctic_vegetation/20230724_birch24_m3m/BIRC/tile_09575.png,2
arctic_vegetation/20230724_birch24_m3m/BIRC/tile_09576.png,2
arctic_vegetation/20230724_birch24_m3m/BIRC/tile_09577.png,2
arctic_vegetation/20230724_birch24_m3m/BIRC/tile_09578.png,2
arctic_vegetation/20230724_birch24_m3m/BIRC/tile_09579.png,2
arctic_vegetation/20230724_birch24_m3m/BIRC/tile_09580.png,2
arctic_vegetation/20230724_birch24_m3m/BIRC/tile_09581.png,2
arctic_vegetation/20230724_birch24_m3m/BIRC/tile_09582.png,2
arctic_vegetation/20230724_birch24_m3m/BIRC/tile_09583.png,2
arctic_vegetation/20230724_birch24_m3m/BIRC/tile_09584.png,2
arctic_vegetation/20230724_birch24_m3m/BIRC/tile_09585.png,2
arctic_vegetation/20230724_birch24_m3m/BIRC/tile_09586.png,2
arctic_vegetation/20230724_birch24_m3m/BIRC/tile_09587.png,2
arctic_vegetation/20230724_birch24_m3m/BIRC/tile_09588.png,2
arctic_vegetation/20230724_birch24_m3m/BIRC/tile_09589.png,2
arctic_vegetation/20230724_birch24_m3m/BIRC/tile_09590.png,2
arctic_vegetation/20230724_birch24_m3m/BIRC/tile_09595.png,2
arctic_vegetation/20230724_birch24_m3m/BIRC/tile_09596.png,2
arctic_vegetation/20230724_birch24_m3m/BIRC/tile_09597.png,2
arctic_vegetation/20230724_birch24_m3m/BIRC/tile_09598.png,2
arctic_vegetation/20230724_birch24_m3m/BIRC/tile_09599.png,2
arctic_vegetation/20230724_birch24_m3m/BIRC/tile_09600.png,2
arctic_vegetation/20230724_birch24_m3m/BIRC/tile_09634.png,2
arctic_vegetation/20230724_birch24_m3m/BIRC/tile_09635.png,2
arctic_vegetation/20230724_birch24_m3m/BIRC/tile_09636.png,2
arctic_vegetation/20230724_birch24_m3m/BIRC/tile_09637.png,2
arctic_vegetation/20230724_birch24_m3m/BIRC/tile_09638.png,2
arctic_vegetation/20230724_birch24_m3m/BIRC/tile_09639.png,2
arctic_vegetation/20230724_birch24_m3m/BIRC/tile_09640.png,2
arctic_vegetation/20230724_birch24_m3m/BIRC/tile_09641.png,2
arctic_vegetation/20230724_birch24_m3m/BIRC/tile_09642.png,2
arctic_vegetation/20230724_birch24_m3m/BIRC/tile_09643.png,2
arctic_vegetation/20230724_birch24_m3m/BIRC/tile_09782.png,2
arctic_vegetation/20230724_birch24_m3m/BIRC/tile_09783.png,2
arctic_vegetation/20230724_birch24_m3m/BIRC/tile_09784.png,2
arctic_vegetation/20230724_birch24_m3m/BIRC/tile_09785.png,2
arctic_vegetation/20230724_birch24_m3m/PETF/tile_09786.png,6
arctic_vegetation/20230724_birch24_m3m/BIRC/tile_09787.png,2
arctic_vegetation/20230724_birch24_m3m/BIRC/tile_09788.png,2
arctic_vegetation/20230724_birch24_m3m/BIRC/tile_09789.png,2
arctic_vegetation/20230724_birch24_m3m/BIRC/tile_09790.png,2
arctic_vegetation/20230724_birch24_m3m/BIRC/tile_09791.png,2
arctic_vegetation/20230724_birch24_m3m/BIRC/tile_09792.png,2
arctic_vegetation/20230724_birch24_m3m/BIRC/tile_09793.png,2
arctic_vegetation/20230724_birch24_m3m/BIRC/tile_09794.png,2
arctic_vegetation/20230724_birch24_m3m/BIRC/tile_09795.png,2
arctic_vegetation/20230724_birch24_m3m/BIRC/tile_09796.png,2
arctic_vegetation/20230724_birch24_m3m/BIRC/tile_09797.png,2
arctic_vegetation/20230724_birch24_m3m/BIRC/tile_09798.png,2
arctic_vegetation/20230724_birch24_m3m/BIRC/tile_09799.png,2
arctic_vegetation/20230724_birch24_m3m/BIRC/tile_09800.png,2
arctic_vegetation/20230724_birch24_m3m/BIRC/tile_09801.png,2
arctic_vegetation/20230724_birch24_m3m/BIRC/tile_09802.png,2
arctic_vegetation/20230724_birch24_m3m/BIRC/tile_09803.png,2
arctic_vegetation/20230724_birch24_m3m/BIRC/tile_09804.png,2
arctic_vegetation/20230724_birch24_m3m/BIRC/tile_09848.png,2
arctic_vegetation/20230724_birch24_m3m/BIRC/tile_09849.png,2
arctic_vegetation/20230724_birch24_m3m/BIRC/tile_09850.png,2
arctic_vegetation/20230724_birch24_m3m/BIRC/tile_09851.png,2
arctic_vegetation/20230724_birch24_m3m/BIRC/tile_09852.png,2
arctic_vegetation/20230724_birch24_m3m/BIRC/tile_09853.png,2
arctic_vegetation/20230724_birch24_m3m/BIRC/tile_09854.png,2
arctic_vegetation/20230724_birch24_m3m/WILL/tile_09855.png,11
arctic_vegetation/20230724_birch24_m3m/WILL/tile_09856.png,11
arctic_vegetation/20230724_birch24_m3m/WILL/tile_09857.png,11
arctic_vegetation/20230724_birch24_m3m/BIRC/tile_09996.png,2
arctic_vegetation/20230724_birch24_m3m/BIRC/tile_09997.png,2
arctic_vegetation/20230724_birch24_m3m/BIRC/tile_09998.png,2
arctic_vegetation/20230724_birch24_m3m/BIRC/tile_09999.png,2
arctic_vegetation/20230724_birch24_m3m/BIRC/tile_10000.png,2
arctic_vegetation/20230724_birch24_m3m/BIRC/tile_10001.png,2
arctic_vegetation/20230724_birch24_m3m/BIRC/tile_10002.png,2
arctic_vegetation/20230724_birch24_m3m/BIRC/tile_10003.png,2
arctic_vegetation/20230724_birch24_m3m/BIRC/tile_10004.png,2
arctic_vegetation/20230724_birch24_m3m/BIRC/tile_10005.png,2
arctic_vegetation/20230724_birch24_m3m/BIRC/tile_10006.png,2
arctic_vegetation/20230724_birch24_m3m/BIRC/tile_10007.png,2
arctic_vegetation/20230724_birch24_m3m/BIRC/tile_10008.png,2
arctic_vegetation/20230724_birch24_m3m/BIRC/tile_10009.png,2
arctic_vegetation/20230724_birch24_m3m/BIRC/tile_10010.png,2
arctic_vegetation/20230724_birch24_m3m/BIRC/tile_10011.png,2
arctic_vegetation/20230724_birch24_m3m/BIRC/tile_10012.png,2
arctic_vegetation/20230724_birch24_m3m/BIRC/tile_10013.png,2
arctic_vegetation/20230724_birch24_m3m/BIRC/tile_10014.png,2
arctic_vegetation/20230724_birch24_m3m/BIRC/tile_10015.png,2
arctic_vegetation/20230724_birch24_m3m/BIRC/tile_10016.png,2
arctic_vegetation/20230724_birch24_m3m/BIRC/tile_10017.png,2
arctic_vegetation/20230724_birch24_m3m/BIRC/tile_10018.png,2
arctic_vegetation/20230724_birch24_m3m/BIRC/tile_10062.png,2
arctic_vegetation/20230724_birch24_m3m/BIRC/tile_10063.png,2
arctic_vegetation/20230724_birch24_m3m/BIRC/tile_10064.png,2
arctic_vegetation/20230724_birch24_m3m/BIRC/tile_10065.png,2
arctic_vegetation/20230724_birch24_m3m/BIRC/tile_10066.png,2
arctic_vegetation/20230724_birch24_m3m/BIRC/tile_10067.png,2
arctic_vegetation/20230724_birch24_m3m/BIRC/tile_10068.png,2
arctic_vegetation/20230724_birch24_m3m/BIRC/tile_10069.png,2
arctic_vegetation/20230724_birch24_m3m/BIRC/tile_10070.png,2
arctic_vegetation/20230724_birch24_m3m/BIRC/tile_10071.png,2
arctic_vegetation/20230724_birch24_m3m/BIRC/tile_10210.png,2
arctic_vegetation/20230724_birch24_m3m/BIRC/tile_10211.png,2
arctic_vegetation/20230724_birch24_m3m/BIRC/tile_10212.png,2
arctic_vegetation/20230724_birch24_m3m/BIRC/tile_10213.png,2
arctic_vegetation/20230724_birch24_m3m/BIRC/tile_10214.png,2
arctic_vegetation/20230724_birch24_m3m/BIRC/tile_10215.png,2
arctic_vegetation/20230724_birch24_m3m/BIRC/tile_10216.png,2
arctic_vegetation/20230724_birch24_m3m/BIRC/tile_10217.png,2
arctic_vegetation/20230724_birch24_m3m/BIRC/tile_10218.png,2
arctic_vegetation/20230724_birch24_m3m/BIRC/tile_10219.png,2
arctic_vegetation/20230724_birch24_m3m/BIRC/tile_10220.png,2
arctic_vegetation/20230724_birch24_m3m/BIRC/tile_10221.png,2
arctic_vegetation/20230724_birch24_m3m/BIRC/tile_10222.png,2
arctic_vegetation/20230724_birch24_m3m/BIRC/tile_10223.png,2
arctic_vegetation/20230724_birch24_m3m/BIRC/tile_10224.png,2
arctic_vegetation/20230724_birch24_m3m/WILL/tile_10225.png,11
arctic_vegetation/20230724_birch24_m3m/WILL/tile_10226.png,11
arctic_vegetation/20230724_birch24_m3m/WILL/tile_10227.png,11
arctic_vegetation/20230724_birch24_m3m/BIRC/tile_10228.png,2
arctic_vegetation/20230724_birch24_m3m/BIRC/tile_10229.png,2
arctic_vegetation/20230724_birch24_m3m/BIRC/tile_10230.png,2
arctic_vegetation/20230724_birch24_m3m/BIRC/tile_10231.png,2
arctic_vegetation/20230724_birch24_m3m/BIRC/tile_10232.png,2
arctic_vegetation/20230724_birch24_m3m/BIRC/tile_10276.png,2
arctic_vegetation/20230724_birch24_m3m/BIRC/tile_10277.png,2
arctic_vegetation/20230724_birch24_m3m/BIRC/tile_10278.png,2
arctic_vegetation/20230724_birch24_m3m/WILL/tile_10279.png,11
arctic_vegetation/20230724_birch24_m3m/BIRC/tile_10280.png,2
arctic_vegetation/20230724_birch24_m3m/BIRC/tile_10281.png,2
arctic_vegetation/20230724_birch24_m3m/BIRC/tile_10282.png,2
arctic_vegetation/20230724_birch24_m3m/BIRC/tile_10283.png,2
arctic_vegetation/20230724_birch24_m3m/BIRC/tile_10284.png,2
arctic_vegetation/20230724_birch24_m3m/BIRC/tile_10285.png,2
arctic_vegetation/20230724_birch24_m3m/BIRC/tile_10424.png,2
arctic_vegetation/20230724_birch24_m3m/BIRC/tile_10425.png,2
arctic_vegetation/20230724_birch24_m3m/BIRC/tile_10426.png,2
arctic_vegetation/20230724_birch24_m3m/BIRC/tile_10427.png,2
arctic_vegetation/20230724_birch24_m3m/BIRC/tile_10428.png,2
arctic_vegetation/20230724_birch24_m3m/BIRC/tile_10429.png,2
arctic_vegetation/20230724_birch24_m3m/BIRC/tile_10430.png,2
arctic_vegetation/20230724_birch24_m3m/BIRC/tile_10431.png,2
arctic_vegetation/20230724_birch24_m3m/BIRC/tile_10432.png,2
arctic_vegetation/20230724_birch24_m3m/BIRC/tile_10433.png,2
arctic_vegetation/20230724_birch24_m3m/BIRC/tile_10434.png,2
arctic_vegetation/20230724_birch24_m3m/BIRC/tile_10435.png,2
arctic_vegetation/20230724_birch24_m3m/BIRC/tile_10436.png,2
arctic_vegetation/20230724_birch24_m3m/BIRC/tile_10437.png,2
arctic_vegetation/20230724_birch24_m3m/BIRC/tile_10438.png,2
arctic_vegetation/20230724_birch24_m3m/WILL/tile_10439.png,11
arctic_vegetation/20230724_birch24_m3m/WILL/tile_10440.png,11
arctic_vegetation/20230724_birch24_m3m/WILL/tile_10441.png,11
arctic_vegetation/20230724_birch24_m3m/BIRC/tile_10442.png,2
arctic_vegetation/20230724_birch24_m3m/BIRC/tile_10443.png,2
arctic_vegetation/20230724_birch24_m3m/BIRC/tile_10444.png,2
arctic_vegetation/20230724_birch24_m3m/BIRC/tile_10445.png,2
arctic_vegetation/20230724_birch24_m3m/PETF/tile_10449.png,6
arctic_vegetation/20230724_birch24_m3m/PETF/tile_10450.png,6
arctic_vegetation/20230724_birch24_m3m/BIRC/tile_10490.png,2
arctic_vegetation/20230724_birch24_m3m/BIRC/tile_10491.png,2
arctic_vegetation/20230724_birch24_m3m/BIRC/tile_10492.png,2
arctic_vegetation/20230724_birch24_m3m/WILL/tile_10493.png,11
arctic_vegetation/20230724_birch24_m3m/BIRC/tile_10494.png,2
arctic_vegetation/20230724_birch24_m3m/BIRC/tile_10495.png,2
arctic_vegetation/20230724_birch24_m3m/BIRC/tile_10496.png,2
arctic_vegetation/20230724_birch24_m3m/BIRC/tile_10497.png,2
arctic_vegetation/20230724_birch24_m3m/BIRC/tile_10498.png,2
arctic_vegetation/20230724_birch24_m3m/BIRC/tile_10499.png,2
arctic_vegetation/20230724_birch24_m3m/BIRC/tile_10638.png,2
arctic_vegetation/20230724_birch24_m3m/BIRC/tile_10639.png,2
arctic_vegetation/20230724_birch24_m3m/BIRC/tile_10640.png,2
arctic_vegetation/20230724_birch24_m3m/BIRC/tile_10641.png,2
arctic_vegetation/20230724_birch24_m3m/BIRC/tile_10642.png,2
arctic_vegetation/20230724_birch24_m3m/BIRC/tile_10643.png,2
arctic_vegetation/20230724_birch24_m3m/BIRC/tile_10644.png,2
arctic_vegetation/20230724_birch24_m3m/BIRC/tile_10645.png,2
arctic_vegetation/20230724_birch24_m3m/WILL/tile_10646.png,11
arctic_vegetation/20230724_birch24_m3m/BIRC/tile_10647.png,2
arctic_vegetation/20230724_birch24_m3m/BIRC/tile_10648.png,2
arctic_vegetation/20230724_birch24_m3m/BIRC/tile_10649.png,2
arctic_vegetation/20230724_birch24_m3m/BIRC/tile_10650.png,2
arctic_vegetation/20230724_birch24_m3m/BIRC/tile_10651.png,2
arctic_vegetation/20230724_birch24_m3m/BIRC/tile_10652.png,2
arctic_vegetation/20230724_birch24_m3m/BIRC/tile_10653.png,2
arctic_vegetation/20230724_birch24_m3m/BIRC/tile_10654.png,2
arctic_vegetation/20230724_birch24_m3m/BIRC/tile_10655.png,2
arctic_vegetation/20230724_birch24_m3m/BIRC/tile_10656.png,2
arctic_vegetation/20230724_birch24_m3m/BIRC/tile_10657.png,2
arctic_vegetation/20230724_birch24_m3m/BIRC/tile_10658.png,2
arctic_vegetation/20230724_birch24_m3m/BIRC/tile_10659.png,2
arctic_vegetation/20230724_birch24_m3m/PETF/tile_10660.png,6
arctic_vegetation/20230724_birch24_m3m/PETF/tile_10663.png,6
arctic_vegetation/20230724_birch24_m3m/PETF/tile_10664.png,6
arctic_vegetation/20230724_birch24_m3m/BIRC/tile_10704.png,2
arctic_vegetation/20230724_birch24_m3m/BIRC/tile_10705.png,2
arctic_vegetation/20230724_birch24_m3m/WILL/tile_10706.png,11
arctic_vegetation/20230724_birch24_m3m/WILL/tile_10707.png,11
arctic_vegetation/20230724_birch24_m3m/BIRC/tile_10708.png,2
arctic_vegetation/20230724_birch24_m3m/BIRC/tile_10709.png,2
arctic_vegetation/20230724_birch24_m3m/BIRC/tile_10710.png,2
arctic_vegetation/20230724_birch24_m3m/BIRC/tile_10711.png,2
arctic_vegetation/20230724_birch24_m3m/BIRC/tile_10712.png,2
arctic_vegetation/20230724_birch24_m3m/BIRC/tile_10713.png,2
arctic_vegetation/20230724_birch24_m3m/BIRC/tile_10853.png,2
arctic_vegetation/20230724_birch24_m3m/BIRC/tile_10854.png,2
arctic_vegetation/20230724_birch24_m3m/BIRC/tile_10855.png,2
arctic_vegetation/20230724_birch24_m3m/BIRC/tile_10856.png,2
arctic_vegetation/20230724_birch24_m3m/BIRC/tile_10857.png,2
arctic_vegetation/20230724_birch24_m3m/BIRC/tile_10858.png,2
arctic_vegetation/20230724_birch24_m3m/BIRC/tile_10859.png,2
arctic_vegetation/20230724_birch24_m3m/BIRC/tile_10860.png,2
arctic_vegetation/20230724_birch24_m3m/BIRC/tile_10861.png,2
arctic_vegetation/20230724_birch24_m3m/BIRC/tile_10862.png,2
arctic_vegetation/20230724_birch24_m3m/BIRC/tile_10863.png,2
arctic_vegetation/20230724_birch24_m3m/WILL/tile_10864.png,11
arctic_vegetation/20230724_birch24_m3m/BIRC/tile_10865.png,2
arctic_vegetation/20230724_birch24_m3m/BIRC/tile_10866.png,2
arctic_vegetation/20230724_birch24_m3m/BIRC/tile_10867.png,2
arctic_vegetation/20230724_birch24_m3m/BIRC/tile_10868.png,2
arctic_vegetation/20230724_birch24_m3m/BIRC/tile_10869.png,2
arctic_vegetation/20230724_birch24_m3m/BIRC/tile_10870.png,2
arctic_vegetation/20230724_birch24_m3m/BIRC/tile_10871.png,2
arctic_vegetation/20230724_birch24_m3m/BIRC/tile_10872.png,2
arctic_vegetation/20230724_birch24_m3m/BIRC/tile_10873.png,2
arctic_vegetation/20230724_birch24_m3m/PETF/tile_10874.png,6
arctic_vegetation/20230724_birch24_m3m/PETF/tile_10875.png,6
arctic_vegetation/20230724_birch24_m3m/BIRC/tile_10918.png,2
arctic_vegetation/20230724_birch24_m3m/BIRC/tile_10919.png,2
arctic_vegetation/20230724_birch24_m3m/BIRC/tile_10920.png,2
arctic_vegetation/20230724_birch24_m3m/WILL/tile_10921.png,11
arctic_vegetation/20230724_birch24_m3m/BIRC/tile_10922.png,2
arctic_vegetation/20230724_birch24_m3m/BIRC/tile_10923.png,2
arctic_vegetation/20230724_birch24_m3m/BIRC/tile_10924.png,2
arctic_vegetation/20230724_birch24_m3m/BIRC/tile_10925.png,2
arctic_vegetation/20230724_birch24_m3m/BIRC/tile_10926.png,2
arctic_vegetation/20230724_birch24_m3m/BIRC/tile_10927.png,2
arctic_vegetation/20230724_birch24_m3m/BIRC/tile_11067.png,2
arctic_vegetation/20230724_birch24_m3m/BIRC/tile_11068.png,2
arctic_vegetation/20230724_birch24_m3m/BIRC/tile_11069.png,2
arctic_vegetation/20230724_birch24_m3m/BIRC/tile_11070.png,2
arctic_vegetation/20230724_birch24_m3m/BIRC/tile_11071.png,2
arctic_vegetation/20230724_birch24_m3m/BIRC/tile_11072.png,2
arctic_vegetation/20230724_birch24_m3m/BIRC/tile_11073.png,2
arctic_vegetation/20230724_birch24_m3m/BIRC/tile_11074.png,2
arctic_vegetation/20230724_birch24_m3m/BIRC/tile_11075.png,2
arctic_vegetation/20230724_birch24_m3m/BIRC/tile_11076.png,2
arctic_vegetation/20230724_birch24_m3m/BIRC/tile_11077.png,2
arctic_vegetation/20230724_birch24_m3m/BIRC/tile_11078.png,2
arctic_vegetation/20230724_birch24_m3m/BIRC/tile_11079.png,2
arctic_vegetation/20230724_birch24_m3m/BIRC/tile_11080.png,2
arctic_vegetation/20230724_birch24_m3m/BIRC/tile_11081.png,2
arctic_vegetation/20230724_birch24_m3m/BIRC/tile_11082.png,2
arctic_vegetation/20230724_birch24_m3m/BIRC/tile_11083.png,2
arctic_vegetation/20230724_birch24_m3m/BIRC/tile_11084.png,2
arctic_vegetation/20230724_birch24_m3m/BIRC/tile_11085.png,2
arctic_vegetation/20230724_birch24_m3m/BIRC/tile_11086.png,2
arctic_vegetation/20230724_birch24_m3m/BIRC/tile_11087.png,2
arctic_vegetation/20230724_birch24_m3m/BIRC/tile_11088.png,2
arctic_vegetation/20230724_birch24_m3m/PETF/tile_11089.png,6
arctic_vegetation/20230724_birch24_m3m/PETF/tile_11135.png,6
arctic_vegetation/20230724_birch24_m3m/PETF/tile_11136.png,6
arctic_vegetation/20230724_birch24_m3m/BIRC/tile_11279.png,2
arctic_vegetation/20230724_birch24_m3m/BIRC/tile_11280.png,2
arctic_vegetation/20230724_birch24_m3m/BIRC/tile_11281.png,2
arctic_vegetation/20230724_birch24_m3m/BIRC/tile_11282.png,2
arctic_vegetation/20230724_birch24_m3m/BIRC/tile_11283.png,2
arctic_vegetation/20230724_birch24_m3m/BIRC/tile_11284.png,2
arctic_vegetation/20230724_birch24_m3m/BIRC/tile_11285.png,2
arctic_vegetation/20230724_birch24_m3m/BIRC/tile_11286.png,2
arctic_vegetation/20230724_birch24_m3m/BIRC/tile_11287.png,2
arctic_vegetation/20230724_birch24_m3m/BIRC/tile_11288.png,2
arctic_vegetation/20230724_birch24_m3m/BIRC/tile_11289.png,2
arctic_vegetation/20230724_birch24_m3m/BIRC/tile_11290.png,2
arctic_vegetation/20230724_birch24_m3m/BIRC/tile_11291.png,2
arctic_vegetation/20230724_birch24_m3m/BIRC/tile_11292.png,2
arctic_vegetation/20230724_birch24_m3m/BIRC/tile_11293.png,2
arctic_vegetation/20230724_birch24_m3m/BIRC/tile_11294.png,2
arctic_vegetation/20230724_birch24_m3m/BIRC/tile_11295.png,2
arctic_vegetation/20230724_birch24_m3m/BIRC/tile_11296.png,2
arctic_vegetation/20230724_birch24_m3m/BIRC/tile_11297.png,2
arctic_vegetation/20230724_birch24_m3m/BIRC/tile_11298.png,2
arctic_vegetation/20230724_birch24_m3m/BIRC/tile_11299.png,2
arctic_vegetation/20230724_birch24_m3m/BIRC/tile_11300.png,2
arctic_vegetation/20230724_birch24_m3m/BIRC/tile_11301.png,2
arctic_vegetation/20230724_birch24_m3m/BIRC/tile_11302.png,2
arctic_vegetation/20230724_birch24_m3m/BIRC/tile_11493.png,2
arctic_vegetation/20230724_birch24_m3m/BIRC/tile_11494.png,2
arctic_vegetation/20230724_birch24_m3m/BIRC/tile_11495.png,2
arctic_vegetation/20230724_birch24_m3m/BIRC/tile_11496.png,2
arctic_vegetation/20230724_birch24_m3m/BIRC/tile_11497.png,2
arctic_vegetation/20230724_birch24_m3m/BIRC/tile_11498.png,2
arctic_vegetation/20230724_birch24_m3m/BIRC/tile_11499.png,2
arctic_vegetation/20230724_birch24_m3m/BIRC/tile_11501.png,2
arctic_vegetation/20230724_birch24_m3m/BIRC/tile_11502.png,2
arctic_vegetation/20230724_birch24_m3m/BIRC/tile_11503.png,2
arctic_vegetation/20230724_birch24_m3m/BIRC/tile_11504.png,2
arctic_vegetation/20230724_birch24_m3m/BIRC/tile_11505.png,2
arctic_vegetation/20230724_birch24_m3m/BIRC/tile_11506.png,2
arctic_vegetation/20230724_birch24_m3m/BIRC/tile_11507.png,2
arctic_vegetation/20230724_birch24_m3m/BIRC/tile_11508.png,2
arctic_vegetation/20230724_birch24_m3m/BIRC/tile_11509.png,2
arctic_vegetation/20230724_birch24_m3m/BIRC/tile_11510.png,2
arctic_vegetation/20230724_birch24_m3m/BIRC/tile_11511.png,2
arctic_vegetation/20230724_birch24_m3m/BIRC/tile_11512.png,2
arctic_vegetation/20230724_birch24_m3m/BIRC/tile_11513.png,2
arctic_vegetation/20230724_birch24_m3m/BIRC/tile_11514.png,2
arctic_vegetation/20230724_birch24_m3m/BIRC/tile_11515.png,2
arctic_vegetation/20230724_birch24_m3m/BIRC/tile_11516.png,2
arctic_vegetation/20230724_birch24_m3m/BIRC/tile_11708.png,2
arctic_vegetation/20230724_birch24_m3m/BIRC/tile_11709.png,2
arctic_vegetation/20230724_birch24_m3m/BIRC/tile_11710.png,2
arctic_vegetation/20230724_birch24_m3m/BIRC/tile_11711.png,2
arctic_vegetation/20230724_birch24_m3m/BIRC/tile_11712.png,2
arctic_vegetation/20230724_birch24_m3m/BIRC/tile_11713.png,2
arctic_vegetation/20230724_birch24_m3m/BIRC/tile_11714.png,2
arctic_vegetation/20230724_birch24_m3m/BIRC/tile_11715.png,2
arctic_vegetation/20230724_birch24_m3m/BIRC/tile_11716.png,2
arctic_vegetation/20230724_birch24_m3m/BIRC/tile_11717.png,2
arctic_vegetation/20230724_birch24_m3m/BIRC/tile_11718.png,2
arctic_vegetation/20230724_birch24_m3m/BIRC/tile_11719.png,2
arctic_vegetation/20230724_birch24_m3m/BIRC/tile_11720.png,2
arctic_vegetation/20230724_birch24_m3m/BIRC/tile_11721.png,2
arctic_vegetation/20230724_birch24_m3m/BIRC/tile_11722.png,2
arctic_vegetation/20230724_birch24_m3m/BIRC/tile_11723.png,2
arctic_vegetation/20230724_birch24_m3m/BIRC/tile_11724.png,2
arctic_vegetation/20230724_birch24_m3m/BIRC/tile_11725.png,2
arctic_vegetation/20230724_birch24_m3m/BIRC/tile_11726.png,2
arctic_vegetation/20230724_birch24_m3m/BIRC/tile_11727.png,2
arctic_vegetation/20230724_birch24_m3m/BIRC/tile_11728.png,2
arctic_vegetation/20230724_birch24_m3m/BIRC/tile_11729.png,2
arctic_vegetation/20230724_birch24_m3m/BIRC/tile_11730.png,2
arctic_vegetation/20230724_birch24_m3m/BIRC/tile_11922.png,2
arctic_vegetation/20230724_birch24_m3m/BIRC/tile_11923.png,2
arctic_vegetation/20230724_birch24_m3m/BIRC/tile_11924.png,2
arctic_vegetation/20230724_birch24_m3m/BIRC/tile_11925.png,2
arctic_vegetation/20230724_birch24_m3m/BIRC/tile_11926.png,2
arctic_vegetation/20230724_birch24_m3m/BIRC/tile_11927.png,2
arctic_vegetation/20230724_birch24_m3m/BIRC/tile_11928.png,2
arctic_vegetation/20230724_birch24_m3m/BIRC/tile_11929.png,2
arctic_vegetation/20230724_birch24_m3m/BIRC/tile_11930.png,2
arctic_vegetation/20230724_birch24_m3m/BIRC/tile_11931.png,2
arctic_vegetation/20230724_birch24_m3m/BIRC/tile_11932.png,2
arctic_vegetation/20230724_birch24_m3m/BIRC/tile_11933.png,2
arctic_vegetation/20230724_birch24_m3m/BIRC/tile_11934.png,2
arctic_vegetation/20230724_birch24_m3m/BIRC/tile_11935.png,2
arctic_vegetation/20230724_birch24_m3m/BIRC/tile_11936.png,2
arctic_vegetation/20230724_birch24_m3m/BIRC/tile_11937.png,2
arctic_vegetation/20230724_birch24_m3m/BIRC/tile_11938.png,2
arctic_vegetation/20230724_birch24_m3m/BIRC/tile_11939.png,2
arctic_vegetation/20230724_birch24_m3m/BIRC/tile_11940.png,2
arctic_vegetation/20230724_birch24_m3m/BIRC/tile_11941.png,2
arctic_vegetation/20230724_birch24_m3m/BIRC/tile_11942.png,2
arctic_vegetation/20230724_birch24_m3m/BIRC/tile_11943.png,2
arctic_vegetation/20230724_birch24_m3m/BIRC/tile_11944.png,2
arctic_vegetation/20230724_birch24_m3m/BIRC/tile_12004.png,2
arctic_vegetation/20230724_birch24_m3m/BIRC/tile_12005.png,2
arctic_vegetation/20230724_birch24_m3m/BIRC/tile_12006.png,2
arctic_vegetation/20230724_birch24_m3m/BIRC/tile_12007.png,2
arctic_vegetation/20230724_birch24_m3m/BIRC/tile_12008.png,2
arctic_vegetation/20230724_birch24_m3m/BIRC/tile_12009.png,2
arctic_vegetation/20230724_birch24_m3m/BIRC/tile_12010.png,2
arctic_vegetation/20230724_birch24_m3m/BIRC/tile_12011.png,2
arctic_vegetation/20230724_birch24_m3m/BIRC/tile_12012.png,2
arctic_vegetation/20230724_birch24_m3m/BIRC/tile_12013.png,2
arctic_vegetation/20230724_birch24_m3m/BIRC/tile_12136.png,2
arctic_vegetation/20230724_birch24_m3m/BIRC/tile_12137.png,2
arctic_vegetation/20230724_birch24_m3m/BIRC/tile_12138.png,2
arctic_vegetation/20230724_birch24_m3m/BIRC/tile_12139.png,2
arctic_vegetation/20230724_birch24_m3m/BIRC/tile_12140.png,2
arctic_vegetation/20230724_birch24_m3m/BIRC/tile_12141.png,2
arctic_vegetation/20230724_birch24_m3m/BIRC/tile_12142.png,2
arctic_vegetation/20230724_birch24_m3m/BIRC/tile_12143.png,2
arctic_vegetation/20230724_birch24_m3m/BIRC/tile_12144.png,2
arctic_vegetation/20230724_birch24_m3m/BIRC/tile_12145.png,2
arctic_vegetation/20230724_birch24_m3m/BIRC/tile_12146.png,2
arctic_vegetation/20230724_birch24_m3m/BIRC/tile_12147.png,2
arctic_vegetation/20230724_birch24_m3m/BIRC/tile_12148.png,2
arctic_vegetation/20230724_birch24_m3m/BIRC/tile_12149.png,2
arctic_vegetation/20230724_birch24_m3m/BIRC/tile_12150.png,2
arctic_vegetation/20230724_birch24_m3m/BIRC/tile_12151.png,2
arctic_vegetation/20230724_birch24_m3m/BIRC/tile_12152.png,2
arctic_vegetation/20230724_birch24_m3m/BIRC/tile_12156.png,2
arctic_vegetation/20230724_birch24_m3m/BIRC/tile_12157.png,2
arctic_vegetation/20230724_birch24_m3m/BIRC/tile_12158.png,2
arctic_vegetation/20230724_birch24_m3m/BIRC/tile_12209.png,2
arctic_vegetation/20230724_birch24_m3m/BIRC/tile_12210.png,2
arctic_vegetation/20230724_birch24_m3m/BIRC/tile_12211.png,2
arctic_vegetation/20230724_birch24_m3m/BIRC/tile_12212.png,2
arctic_vegetation/20230724_birch24_m3m/BIRC/tile_12213.png,2
arctic_vegetation/20230724_birch24_m3m/BIRC/tile_12214.png,2
arctic_vegetation/20230724_birch24_m3m/BIRC/tile_12215.png,2
arctic_vegetation/20230724_birch24_m3m/BIRC/tile_12216.png,2
arctic_vegetation/20230724_birch24_m3m/BIRC/tile_12217.png,2
arctic_vegetation/20230724_birch24_m3m/BIRC/tile_12218.png,2
arctic_vegetation/20230724_birch24_m3m/BIRC/tile_12219.png,2
arctic_vegetation/20230724_birch24_m3m/BIRC/tile_12220.png,2
arctic_vegetation/20230724_birch24_m3m/BIRC/tile_12221.png,2
arctic_vegetation/20230724_birch24_m3m/BIRC/tile_12222.png,2
arctic_vegetation/20230724_birch24_m3m/BIRC/tile_12223.png,2
arctic_vegetation/20230724_birch24_m3m/BIRC/tile_12224.png,2
arctic_vegetation/20230724_birch24_m3m/BIRC/tile_12225.png,2
arctic_vegetation/20230724_birch24_m3m/BIRC/tile_12226.png,2
arctic_vegetation/20230724_birch24_m3m/BIRC/tile_12227.png,2
arctic_vegetation/20230724_birch24_m3m/BIRC/tile_12228.png,2
arctic_vegetation/20230724_birch24_m3m/BIRC/tile_12229.png,2
arctic_vegetation/20230724_birch24_m3m/BIRC/tile_12350.png,2
arctic_vegetation/20230724_birch24_m3m/BIRC/tile_12351.png,2
arctic_vegetation/20230724_birch24_m3m/BIRC/tile_12352.png,2
arctic_vegetation/20230724_birch24_m3m/BIRC/tile_12353.png,2
arctic_vegetation/20230724_birch24_m3m/BIRC/tile_12354.png,2
arctic_vegetation/20230724_birch24_m3m/BIRC/tile_12355.png,2
arctic_vegetation/20230724_birch24_m3m/BIRC/tile_12356.png,2
arctic_vegetation/20230724_birch24_m3m/BIRC/tile_12357.png,2
arctic_vegetation/20230724_birch24_m3m/BIRC/tile_12358.png,2
arctic_vegetation/20230724_birch24_m3m/BIRC/tile_12359.png,2
arctic_vegetation/20230724_birch24_m3m/BIRC/tile_12360.png,2
arctic_vegetation/20230724_birch24_m3m/BIRC/tile_12361.png,2
arctic_vegetation/20230724_birch24_m3m/BIRC/tile_12362.png,2
arctic_vegetation/20230724_birch24_m3m/BIRC/tile_12363.png,2
arctic_vegetation/20230724_birch24_m3m/BIRC/tile_12364.png,2
arctic_vegetation/20230724_birch24_m3m/BIRC/tile_12365.png,2
arctic_vegetation/20230724_birch24_m3m/BIRC/tile_12366.png,2
arctic_vegetation/20230724_birch24_m3m/PETF/tile_12367.png,6
arctic_vegetation/20230724_birch24_m3m/WILL/tile_12369.png,11
arctic_vegetation/20230724_birch24_m3m/WILL/tile_12370.png,11
arctic_vegetation/20230724_birch24_m3m/WILL/tile_12371.png,11
arctic_vegetation/20230724_birch24_m3m/WILL/tile_12372.png,11
arctic_vegetation/20230724_birch24_m3m/BIRC/tile_12423.png,2
arctic_vegetation/20230724_birch24_m3m/BIRC/tile_12424.png,2
arctic_vegetation/20230724_birch24_m3m/BIRC/tile_12425.png,2
arctic_vegetation/20230724_birch24_m3m/BIRC/tile_12426.png,2
arctic_vegetation/20230724_birch24_m3m/BIRC/tile_12427.png,2
arctic_vegetation/20230724_birch24_m3m/BIRC/tile_12428.png,2
arctic_vegetation/20230724_birch24_m3m/BIRC/tile_12429.png,2
arctic_vegetation/20230724_birch24_m3m/BIRC/tile_12430.png,2
arctic_vegetation/20230724_birch24_m3m/BIRC/tile_12431.png,2
arctic_vegetation/20230724_birch24_m3m/BIRC/tile_12432.png,2
arctic_vegetation/20230724_birch24_m3m/BIRC/tile_12433.png,2
arctic_vegetation/20230724_birch24_m3m/BIRC/tile_12434.png,2
arctic_vegetation/20230724_birch24_m3m/BIRC/tile_12435.png,2
arctic_vegetation/20230724_birch24_m3m/BIRC/tile_12436.png,2
arctic_vegetation/20230724_birch24_m3m/BIRC/tile_12437.png,2
arctic_vegetation/20230724_birch24_m3m/BIRC/tile_12438.png,2
arctic_vegetation/20230724_birch24_m3m/BIRC/tile_12439.png,2
arctic_vegetation/20230724_birch24_m3m/BIRC/tile_12440.png,2
arctic_vegetation/20230724_birch24_m3m/BIRC/tile_12441.png,2
arctic_vegetation/20230724_birch24_m3m/BIRC/tile_12442.png,2
arctic_vegetation/20230724_birch24_m3m/BIRC/tile_12443.png,2
arctic_vegetation/20230724_birch24_m3m/BIRC/tile_12563.png,2
arctic_vegetation/20230724_birch24_m3m/BIRC/tile_12564.png,2
arctic_vegetation/20230724_birch24_m3m/BIRC/tile_12565.png,2
arctic_vegetation/20230724_birch24_m3m/BIRC/tile_12566.png,2
arctic_vegetation/20230724_birch24_m3m/BIRC/tile_12567.png,2
arctic_vegetation/20230724_birch24_m3m/BIRC/tile_12568.png,2
arctic_vegetation/20230724_birch24_m3m/BIRC/tile_12569.png,2
arctic_vegetation/20230724_birch24_m3m/BIRC/tile_12570.png,2
arctic_vegetation/20230724_birch24_m3m/BIRC/tile_12571.png,2
arctic_vegetation/20230724_birch24_m3m/PETF/tile_12572.png,6
arctic_vegetation/20230724_birch24_m3m/BIRC/tile_12573.png,2
arctic_vegetation/20230724_birch24_m3m/BIRC/tile_12574.png,2
arctic_vegetation/20230724_birch24_m3m/BIRC/tile_12575.png,2
arctic_vegetation/20230724_birch24_m3m/BIRC/tile_12576.png,2
arctic_vegetation/20230724_birch24_m3m/BIRC/tile_12577.png,2
arctic_vegetation/20230724_birch24_m3m/BIRC/tile_12578.png,2
arctic_vegetation/20230724_birch24_m3m/BIRC/tile_12579.png,2
arctic_vegetation/20230724_birch24_m3m/BIRC/tile_12580.png,2
arctic_vegetation/20230724_birch24_m3m/PETF/tile_12581.png,6
arctic_vegetation/20230724_birch24_m3m/BIRC/tile_12582.png,2
arctic_vegetation/20230724_birch24_m3m/BIRC/tile_12583.png,2
arctic_vegetation/20230724_birch24_m3m/WILL/tile_12584.png,11
arctic_vegetation/20230724_birch24_m3m/WILL/tile_12585.png,11
arctic_vegetation/20230724_birch24_m3m/WILL/tile_12586.png,11
arctic_vegetation/20230724_birch24_m3m/BIRC/tile_12637.png,2
arctic_vegetation/20230724_birch24_m3m/BIRC/tile_12638.png,2
arctic_vegetation/20230724_birch24_m3m/BIRC/tile_12639.png,2
arctic_vegetation/20230724_birch24_m3m/BIRC/tile_12640.png,2
arctic_vegetation/20230724_birch24_m3m/BIRC/tile_12641.png,2
arctic_vegetation/20230724_birch24_m3m/BIRC/tile_12642.png,2
arctic_vegetation/20230724_birch24_m3m/BIRC/tile_12643.png,2
arctic_vegetation/20230724_birch24_m3m/BIRC/tile_12644.png,2
arctic_vegetation/20230724_birch24_m3m/BIRC/tile_12645.png,2
arctic_vegetation/20230724_birch24_m3m/BIRC/tile_12646.png,2
arctic_vegetation/20230724_birch24_m3m/BIRC/tile_12647.png,2
arctic_vegetation/20230724_birch24_m3m/BIRC/tile_12648.png,2
arctic_vegetation/20230724_birch24_m3m/BIRC/tile_12649.png,2
arctic_vegetation/20230724_birch24_m3m/BIRC/tile_12650.png,2
arctic_vegetation/20230724_birch24_m3m/BIRC/tile_12651.png,2
arctic_vegetation/20230724_birch24_m3m/BIRC/tile_12652.png,2
arctic_vegetation/20230724_birch24_m3m/BIRC/tile_12653.png,2
arctic_vegetation/20230724_birch24_m3m/BIRC/tile_12654.png,2
arctic_vegetation/20230724_birch24_m3m/BIRC/tile_12655.png,2
arctic_vegetation/20230724_birch24_m3m/BIRC/tile_12656.png,2
arctic_vegetation/20230724_birch24_m3m/BIRC/tile_12657.png,2
arctic_vegetation/20230724_birch24_m3m/BIRC/tile_12777.png,2
arctic_vegetation/20230724_birch24_m3m/BIRC/tile_12778.png,2
arctic_vegetation/20230724_birch24_m3m/BIRC/tile_12779.png,2
arctic_vegetation/20230724_birch24_m3m/BIRC/tile_12780.png,2
arctic_vegetation/20230724_birch24_m3m/BIRC/tile_12781.png,2
arctic_vegetation/20230724_birch24_m3m/BIRC/tile_12782.png,2
arctic_vegetation/20230724_birch24_m3m/BIRC/tile_12783.png,2
arctic_vegetation/20230724_birch24_m3m/BIRC/tile_12784.png,2
arctic_vegetation/20230724_birch24_m3m/BIRC/tile_12785.png,2
arctic_vegetation/20230724_birch24_m3m/BIRC/tile_12787.png,2
arctic_vegetation/20230724_birch24_m3m/BIRC/tile_12788.png,2
arctic_vegetation/20230724_birch24_m3m/BIRC/tile_12789.png,2
arctic_vegetation/20230724_birch24_m3m/BIRC/tile_12790.png,2
arctic_vegetation/20230724_birch24_m3m/BIRC/tile_12791.png,2
arctic_vegetation/20230724_birch24_m3m/BIRC/tile_12792.png,2
arctic_vegetation/20230724_birch24_m3m/BIRC/tile_12793.png,2
arctic_vegetation/20230724_birch24_m3m/BIRC/tile_12794.png,2
arctic_vegetation/20230724_birch24_m3m/BIRC/tile_12795.png,2
arctic_vegetation/20230724_birch24_m3m/BIRC/tile_12796.png,2
arctic_vegetation/20230724_birch24_m3m/BIRC/tile_12797.png,2
arctic_vegetation/20230724_birch24_m3m/WILL/tile_12798.png,11
arctic_vegetation/20230724_birch24_m3m/PETF/tile_12799.png,6
arctic_vegetation/20230724_birch24_m3m/BIRC/tile_12800.png,2
arctic_vegetation/20230724_birch24_m3m/BIRC/tile_12801.png,2
arctic_vegetation/20230724_birch24_m3m/BIRC/tile_12851.png,2
arctic_vegetation/20230724_birch24_m3m/BIRC/tile_12852.png,2
arctic_vegetation/20230724_birch24_m3m/BIRC/tile_12853.png,2
arctic_vegetation/20230724_birch24_m3m/BIRC/tile_12854.png,2
arctic_vegetation/20230724_birch24_m3m/BIRC/tile_12855.png,2
arctic_vegetation/20230724_birch24_m3m/BIRC/tile_12856.png,2
arctic_vegetation/20230724_birch24_m3m/BIRC/tile_12857.png,2
arctic_vegetation/20230724_birch24_m3m/BIRC/tile_12858.png,2
arctic_vegetation/20230724_birch24_m3m/BIRC/tile_12859.png,2
arctic_vegetation/20230724_birch24_m3m/BIRC/tile_12860.png,2
arctic_vegetation/20230724_birch24_m3m/BIRC/tile_12861.png,2
arctic_vegetation/20230724_birch24_m3m/BIRC/tile_12862.png,2
arctic_vegetation/20230724_birch24_m3m/BIRC/tile_12863.png,2
arctic_vegetation/20230724_birch24_m3m/BIRC/tile_12864.png,2
arctic_vegetation/20230724_birch24_m3m/BIRC/tile_12865.png,2
arctic_vegetation/20230724_birch24_m3m/BIRC/tile_12866.png,2
arctic_vegetation/20230724_birch24_m3m/BIRC/tile_12867.png,2
arctic_vegetation/20230724_birch24_m3m/BIRC/tile_12868.png,2
arctic_vegetation/20230724_birch24_m3m/BIRC/tile_12869.png,2
arctic_vegetation/20230724_birch24_m3m/BIRC/tile_12870.png,2
arctic_vegetation/20230724_birch24_m3m/BIRC/tile_12871.png,2
arctic_vegetation/20230724_birch24_m3m/BIRC/tile_12992.png,2
arctic_vegetation/20230724_birch24_m3m/BIRC/tile_12993.png,2
arctic_vegetation/20230724_birch24_m3m/BIRC/tile_12994.png,2
arctic_vegetation/20230724_birch24_m3m/BIRC/tile_12995.png,2
arctic_vegetation/20230724_birch24_m3m/BIRC/tile_12996.png,2
arctic_vegetation/20230724_birch24_m3m/BIRC/tile_12997.png,2
arctic_vegetation/20230724_birch24_m3m/BIRC/tile_12998.png,2
arctic_vegetation/20230724_birch24_m3m/BIRC/tile_12999.png,2
arctic_vegetation/20230724_birch24_m3m/BIRC/tile_13000.png,2
arctic_vegetation/20230724_birch24_m3m/BIRC/tile_13001.png,2
arctic_vegetation/20230724_birch24_m3m/BIRC/tile_13002.png,2
arctic_vegetation/20230724_birch24_m3m/BIRC/tile_13003.png,2
arctic_vegetation/20230724_birch24_m3m/BIRC/tile_13004.png,2
arctic_vegetation/20230724_birch24_m3m/BIRC/tile_13005.png,2
arctic_vegetation/20230724_birch24_m3m/BIRC/tile_13006.png,2
arctic_vegetation/20230724_birch24_m3m/BIRC/tile_13007.png,2
arctic_vegetation/20230724_birch24_m3m/BIRC/tile_13008.png,2
arctic_vegetation/20230724_birch24_m3m/BIRC/tile_13009.png,2
arctic_vegetation/20230724_birch24_m3m/BIRC/tile_13010.png,2
arctic_vegetation/20230724_birch24_m3m/BIRC/tile_13011.png,2
arctic_vegetation/20230724_birch24_m3m/PETF/tile_13013.png,6
arctic_vegetation/20230724_birch24_m3m/BIRC/tile_13014.png,2
arctic_vegetation/20230724_birch24_m3m/BIRC/tile_13015.png,2
arctic_vegetation/20230724_birch24_m3m/BIRC/tile_13065.png,2
arctic_vegetation/20230724_birch24_m3m/BIRC/tile_13066.png,2
arctic_vegetation/20230724_birch24_m3m/BIRC/tile_13067.png,2
arctic_vegetation/20230724_birch24_m3m/BIRC/tile_13068.png,2
arctic_vegetation/20230724_birch24_m3m/BIRC/tile_13069.png,2
arctic_vegetation/20230724_birch24_m3m/BIRC/tile_13070.png,2
arctic_vegetation/20230724_birch24_m3m/BIRC/tile_13071.png,2
arctic_vegetation/20230724_birch24_m3m/BIRC/tile_13072.png,2
arctic_vegetation/20230724_birch24_m3m/BIRC/tile_13073.png,2
arctic_vegetation/20230724_birch24_m3m/BIRC/tile_13074.png,2
arctic_vegetation/20230724_birch24_m3m/BIRC/tile_13075.png,2
arctic_vegetation/20230724_birch24_m3m/BIRC/tile_13076.png,2
arctic_vegetation/20230724_birch24_m3m/BIRC/tile_13077.png,2
arctic_vegetation/20230724_birch24_m3m/BIRC/tile_13078.png,2
arctic_vegetation/20230724_birch24_m3m/BIRC/tile_13079.png,2
arctic_vegetation/20230724_birch24_m3m/PETF/tile_13080.png,6
arctic_vegetation/20230724_birch24_m3m/PETF/tile_13081.png,6
arctic_vegetation/20230724_birch24_m3m/BIRC/tile_13082.png,2
arctic_vegetation/20230724_birch24_m3m/BIRC/tile_13083.png,2
arctic_vegetation/20230724_birch24_m3m/BIRC/tile_13203.png,2
arctic_vegetation/20230724_birch24_m3m/BIRC/tile_13204.png,2
arctic_vegetation/20230724_birch24_m3m/BIRC/tile_13205.png,2
arctic_vegetation/20230724_birch24_m3m/BIRC/tile_13206.png,2
arctic_vegetation/20230724_birch24_m3m/BIRC/tile_13207.png,2
arctic_vegetation/20230724_birch24_m3m/BIRC/tile_13208.png,2
arctic_vegetation/20230724_birch24_m3m/BIRC/tile_13209.png,2
arctic_vegetation/20230724_birch24_m3m/BIRC/tile_13210.png,2
arctic_vegetation/20230724_birch24_m3m/BIRC/tile_13211.png,2
arctic_vegetation/20230724_birch24_m3m/BIRC/tile_13212.png,2
arctic_vegetation/20230724_birch24_m3m/BIRC/tile_13213.png,2
arctic_vegetation/20230724_birch24_m3m/BIRC/tile_13214.png,2
arctic_vegetation/20230724_birch24_m3m/BIRC/tile_13215.png,2
arctic_vegetation/20230724_birch24_m3m/BIRC/tile_13216.png,2
arctic_vegetation/20230724_birch24_m3m/BIRC/tile_13217.png,2
arctic_vegetation/20230724_birch24_m3m/BIRC/tile_13218.png,2
arctic_vegetation/20230724_birch24_m3m/BIRC/tile_13219.png,2
arctic_vegetation/20230724_birch24_m3m/BIRC/tile_13220.png,2
arctic_vegetation/20230724_birch24_m3m/BIRC/tile_13221.png,2
arctic_vegetation/20230724_birch24_m3m/BIRC/tile_13222.png,2
arctic_vegetation/20230724_birch24_m3m/BIRC/tile_13223.png,2
arctic_vegetation/20230724_birch24_m3m/BIRC/tile_13224.png,2
arctic_vegetation/20230724_birch24_m3m/BIRC/tile_13225.png,2
arctic_vegetation/20230724_birch24_m3m/BIRC/tile_13226.png,2
arctic_vegetation/20230724_birch24_m3m/BIRC/tile_13227.png,2
arctic_vegetation/20230724_birch24_m3m/BIRC/tile_13277.png,2
arctic_vegetation/20230724_birch24_m3m/BIRC/tile_13278.png,2
arctic_vegetation/20230724_birch24_m3m/BIRC/tile_13279.png,2
arctic_vegetation/20230724_birch24_m3m/BIRC/tile_13280.png,2
arctic_vegetation/20230724_birch24_m3m/BIRC/tile_13281.png,2
arctic_vegetation/20230724_birch24_m3m/BIRC/tile_13282.png,2
arctic_vegetation/20230724_birch24_m3m/BIRC/tile_13283.png,2
arctic_vegetation/20230724_birch24_m3m/BIRC/tile_13284.png,2
arctic_vegetation/20230724_birch24_m3m/BIRC/tile_13285.png,2
arctic_vegetation/20230724_birch24_m3m/BIRC/tile_13286.png,2
arctic_vegetation/20230724_birch24_m3m/BIRC/tile_13287.png,2
arctic_vegetation/20230724_birch24_m3m/BIRC/tile_13288.png,2
arctic_vegetation/20230724_birch24_m3m/BIRC/tile_13289.png,2
arctic_vegetation/20230724_birch24_m3m/BIRC/tile_13290.png,2
arctic_vegetation/20230724_birch24_m3m/BIRC/tile_13291.png,2
arctic_vegetation/20230724_birch24_m3m/LICH/tile_13294.png,4
arctic_vegetation/20230724_birch24_m3m/LICH/tile_13295.png,4
arctic_vegetation/20230724_birch24_m3m/LICH/tile_13296.png,4
arctic_vegetation/20230724_birch24_m3m/PETF/tile_13299.png,6
arctic_vegetation/20230724_birch24_m3m/PETF/tile_13300.png,6
arctic_vegetation/20230724_birch24_m3m/BIRC/tile_13415.png,2
arctic_vegetation/20230724_birch24_m3m/BIRC/tile_13416.png,2
arctic_vegetation/20230724_birch24_m3m/BIRC/tile_13417.png,2
arctic_vegetation/20230724_birch24_m3m/BIRC/tile_13418.png,2
arctic_vegetation/20230724_birch24_m3m/BIRC/tile_13419.png,2
arctic_vegetation/20230724_birch24_m3m/BIRC/tile_13420.png,2
arctic_vegetation/20230724_birch24_m3m/BIRC/tile_13421.png,2
arctic_vegetation/20230724_birch24_m3m/BIRC/tile_13422.png,2
arctic_vegetation/20230724_birch24_m3m/BIRC/tile_13423.png,2
arctic_vegetation/20230724_birch24_m3m/BIRC/tile_13424.png,2
arctic_vegetation/20230724_birch24_m3m/BIRC/tile_13425.png,2
arctic_vegetation/20230724_birch24_m3m/BIRC/tile_13426.png,2
arctic_vegetation/20230724_birch24_m3m/BIRC/tile_13427.png,2
arctic_vegetation/20230724_birch24_m3m/BIRC/tile_13428.png,2
arctic_vegetation/20230724_birch24_m3m/BIRC/tile_13429.png,2
arctic_vegetation/20230724_birch24_m3m/BIRC/tile_13430.png,2
arctic_vegetation/20230724_birch24_m3m/BIRC/tile_13431.png,2
arctic_vegetation/20230724_birch24_m3m/BIRC/tile_13432.png,2
arctic_vegetation/20230724_birch24_m3m/BIRC/tile_13433.png,2
arctic_vegetation/20230724_birch24_m3m/BIRC/tile_13434.png,2
arctic_vegetation/20230724_birch24_m3m/BIRC/tile_13435.png,2
arctic_vegetation/20230724_birch24_m3m/BIRC/tile_13436.png,2
arctic_vegetation/20230724_birch24_m3m/BIRC/tile_13437.png,2
arctic_vegetation/20230724_birch24_m3m/BIRC/tile_13438.png,2
arctic_vegetation/20230724_birch24_m3m/BIRC/tile_13439.png,2
arctic_vegetation/20230724_birch24_m3m/BIRC/tile_13489.png,2
arctic_vegetation/20230724_birch24_m3m/BIRC/tile_13490.png,2
arctic_vegetation/20230724_birch24_m3m/BIRC/tile_13491.png,2
arctic_vegetation/20230724_birch24_m3m/BIRC/tile_13492.png,2
arctic_vegetation/20230724_birch24_m3m/BIRC/tile_13493.png,2
arctic_vegetation/20230724_birch24_m3m/BIRC/tile_13494.png,2
arctic_vegetation/20230724_birch24_m3m/BIRC/tile_13495.png,2
arctic_vegetation/20230724_birch24_m3m/BIRC/tile_13496.png,2
arctic_vegetation/20230724_birch24_m3m/BIRC/tile_13497.png,2
arctic_vegetation/20230724_birch24_m3m/BIRC/tile_13498.png,2
arctic_vegetation/20230724_birch24_m3m/BIRC/tile_13499.png,2
arctic_vegetation/20230724_birch24_m3m/BIRC/tile_13500.png,2
arctic_vegetation/20230724_birch24_m3m/BIRC/tile_13501.png,2
arctic_vegetation/20230724_birch24_m3m/BIRC/tile_13502.png,2
arctic_vegetation/20230724_birch24_m3m/BIRC/tile_13503.png,2
arctic_vegetation/20230724_birch24_m3m/PETF/tile_13504.png,6
arctic_vegetation/20230724_birch24_m3m/LICH/tile_13506.png,4
arctic_vegetation/20230724_birch24_m3m/LICH/tile_13507.png,4
arctic_vegetation/20230724_birch24_m3m/LICH/tile_13508.png,4
arctic_vegetation/20230724_birch24_m3m/PETF/tile_13511.png,6
arctic_vegetation/20230724_birch24_m3m/PETF/tile_13512.png,6
arctic_vegetation/20230724_birch24_m3m/BIRC/tile_13627.png,2
arctic_vegetation/20230724_birch24_m3m/BIRC/tile_13628.png,2
arctic_vegetation/20230724_birch24_m3m/BIRC/tile_13629.png,2
arctic_vegetation/20230724_birch24_m3m/BIRC/tile_13630.png,2
arctic_vegetation/20230724_birch24_m3m/BIRC/tile_13631.png,2
arctic_vegetation/20230724_birch24_m3m/BIRC/tile_13632.png,2
arctic_vegetation/20230724_birch24_m3m/BIRC/tile_13633.png,2
arctic_vegetation/20230724_birch24_m3m/BIRC/tile_13634.png,2
arctic_vegetation/20230724_birch24_m3m/BIRC/tile_13635.png,2
arctic_vegetation/20230724_birch24_m3m/BIRC/tile_13636.png,2
arctic_vegetation/20230724_birch24_m3m/BIRC/tile_13637.png,2
arctic_vegetation/20230724_birch24_m3m/BIRC/tile_13638.png,2
arctic_vegetation/20230724_birch24_m3m/BIRC/tile_13639.png,2
arctic_vegetation/20230724_birch24_m3m/BIRC/tile_13640.png,2
arctic_vegetation/20230724_birch24_m3m/BIRC/tile_13641.png,2
arctic_vegetation/20230724_birch24_m3m/BIRC/tile_13642.png,2
arctic_vegetation/20230724_birch24_m3m/BIRC/tile_13643.png,2
arctic_vegetation/20230724_birch24_m3m/BIRC/tile_13644.png,2
arctic_vegetation/20230724_birch24_m3m/BIRC/tile_13645.png,2
arctic_vegetation/20230724_birch24_m3m/BIRC/tile_13646.png,2
arctic_vegetation/20230724_birch24_m3m/BIRC/tile_13647.png,2
arctic_vegetation/20230724_birch24_m3m/BIRC/tile_13648.png,2
arctic_vegetation/20230724_birch24_m3m/BIRC/tile_13649.png,2
arctic_vegetation/20230724_birch24_m3m/BIRC/tile_13650.png,2
arctic_vegetation/20230724_birch24_m3m/BIRC/tile_13700.png,2
arctic_vegetation/20230724_birch24_m3m/BIRC/tile_13701.png,2
arctic_vegetation/20230724_birch24_m3m/BIRC/tile_13702.png,2
arctic_vegetation/20230724_birch24_m3m/BIRC/tile_13703.png,2
arctic_vegetation/20230724_birch24_m3m/BIRC/tile_13704.png,2
arctic_vegetation/20230724_birch24_m3m/BIRC/tile_13705.png,2
arctic_vegetation/20230724_birch24_m3m/BIRC/tile_13706.png,2
arctic_vegetation/20230724_birch24_m3m/BIRC/tile_13707.png,2
arctic_vegetation/20230724_birch24_m3m/BIRC/tile_13708.png,2
arctic_vegetation/20230724_birch24_m3m/BIRC/tile_13709.png,2
arctic_vegetation/20230724_birch24_m3m/BIRC/tile_13710.png,2
arctic_vegetation/20230724_birch24_m3m/BIRC/tile_13711.png,2
arctic_vegetation/20230724_birch24_m3m/BIRC/tile_13712.png,2
arctic_vegetation/20230724_birch24_m3m/BIRC/tile_13713.png,2
arctic_vegetation/20230724_birch24_m3m/BIRC/tile_13714.png,2
arctic_vegetation/20230724_birch24_m3m/BIRC/tile_13715.png,2
arctic_vegetation/20230724_birch24_m3m/LICH/tile_13716.png,4
arctic_vegetation/20230724_birch24_m3m/LICH/tile_13717.png,4
arctic_vegetation/20230724_birch24_m3m/LICH/tile_13718.png,4
arctic_vegetation/20230724_birch24_m3m/LICH/tile_13719.png,4
arctic_vegetation/20230724_birch24_m3m/BIRC/tile_13838.png,2
arctic_vegetation/20230724_birch24_m3m/BIRC/tile_13839.png,2
arctic_vegetation/20230724_birch24_m3m/BIRC/tile_13840.png,2
arctic_vegetation/20230724_birch24_m3m/BIRC/tile_13841.png,2
arctic_vegetation/20230724_birch24_m3m/BIRC/tile_13842.png,2
arctic_vegetation/20230724_birch24_m3m/BIRC/tile_13843.png,2
arctic_vegetation/20230724_birch24_m3m/BIRC/tile_13844.png,2
arctic_vegetation/20230724_birch24_m3m/PETF/tile_13845.png,6
arctic_vegetation/20230724_birch24_m3m/PETF/tile_13846.png,6
arctic_vegetation/20230724_birch24_m3m/BIRC/tile_13847.png,2
arctic_vegetation/20230724_birch24_m3m/BIRC/tile_13848.png,2
arctic_vegetation/20230724_birch24_m3m/BIRC/tile_13849.png,2
arctic_vegetation/20230724_birch24_m3m/BIRC/tile_13850.png,2
arctic_vegetation/20230724_birch24_m3m/BIRC/tile_13851.png,2
arctic_vegetation/20230724_birch24_m3m/BIRC/tile_13852.png,2
arctic_vegetation/20230724_birch24_m3m/BIRC/tile_13853.png,2
arctic_vegetation/20230724_birch24_m3m/BIRC/tile_13854.png,2
arctic_vegetation/20230724_birch24_m3m/BIRC/tile_13855.png,2
arctic_vegetation/20230724_birch24_m3m/BIRC/tile_13856.png,2
arctic_vegetation/20230724_birch24_m3m/BIRC/tile_13857.png,2
arctic_vegetation/20230724_birch24_m3m/BIRC/tile_13858.png,2
arctic_vegetation/20230724_birch24_m3m/BIRC/tile_13859.png,2
arctic_vegetation/20230724_birch24_m3m/BIRC/tile_13860.png,2
arctic_vegetation/20230724_birch24_m3m/BIRC/tile_13911.png,2
arctic_vegetation/20230724_birch24_m3m/BIRC/tile_13912.png,2
arctic_vegetation/20230724_birch24_m3m/BIRC/tile_13913.png,2
arctic_vegetation/20230724_birch24_m3m/BIRC/tile_13914.png,2
arctic_vegetation/20230724_birch24_m3m/BIRC/tile_13915.png,2
arctic_vegetation/20230724_birch24_m3m/BIRC/tile_13916.png,2
arctic_vegetation/20230724_birch24_m3m/BIRC/tile_13917.png,2
arctic_vegetation/20230724_birch24_m3m/BIRC/tile_13918.png,2
arctic_vegetation/20230724_birch24_m3m/BIRC/tile_13919.png,2
arctic_vegetation/20230724_birch24_m3m/BIRC/tile_13920.png,2
arctic_vegetation/20230724_birch24_m3m/BIRC/tile_13921.png,2
arctic_vegetation/20230724_birch24_m3m/BIRC/tile_13922.png,2
arctic_vegetation/20230724_birch24_m3m/BIRC/tile_13923.png,2
arctic_vegetation/20230724_birch24_m3m/BIRC/tile_13924.png,2
arctic_vegetation/20230724_birch24_m3m/BIRC/tile_13925.png,2
arctic_vegetation/20230724_birch24_m3m/BIRC/tile_13926.png,2
arctic_vegetation/20230724_birch24_m3m/BIRC/tile_13927.png,2
arctic_vegetation/20230724_birch24_m3m/BIRC/tile_13928.png,2
arctic_vegetation/20230724_birch24_m3m/LICH/tile_13929.png,4
arctic_vegetation/20230724_birch24_m3m/BIRC/tile_14049.png,2
arctic_vegetation/20230724_birch24_m3m/BIRC/tile_14050.png,2
arctic_vegetation/20230724_birch24_m3m/BIRC/tile_14051.png,2
arctic_vegetation/20230724_birch24_m3m/BIRC/tile_14052.png,2
arctic_vegetation/20230724_birch24_m3m/BIRC/tile_14053.png,2
arctic_vegetation/20230724_birch24_m3m/BIRC/tile_14054.png,2
arctic_vegetation/20230724_birch24_m3m/BIRC/tile_14055.png,2
arctic_vegetation/20230724_birch24_m3m/BIRC/tile_14056.png,2
arctic_vegetation/20230724_birch24_m3m/BIRC/tile_14057.png,2
arctic_vegetation/20230724_birch24_m3m/BIRC/tile_14058.png,2
arctic_vegetation/20230724_birch24_m3m/BIRC/tile_14059.png,2
arctic_vegetation/20230724_birch24_m3m/BIRC/tile_14060.png,2
arctic_vegetation/20230724_birch24_m3m/BIRC/tile_14061.png,2
arctic_vegetation/20230724_birch24_m3m/BIRC/tile_14062.png,2
arctic_vegetation/20230724_birch24_m3m/BIRC/tile_14063.png,2
arctic_vegetation/20230724_birch24_m3m/BIRC/tile_14064.png,2
arctic_vegetation/20230724_birch24_m3m/BIRC/tile_14065.png,2
arctic_vegetation/20230724_birch24_m3m/BIRC/tile_14066.png,2
arctic_vegetation/20230724_birch24_m3m/BIRC/tile_14067.png,2
arctic_vegetation/20230724_birch24_m3m/BIRC/tile_14068.png,2
arctic_vegetation/20230724_birch24_m3m/BIRC/tile_14069.png,2
arctic_vegetation/20230724_birch24_m3m/BIRC/tile_14070.png,2
arctic_vegetation/20230724_birch24_m3m/BIRC/tile_14071.png,2
arctic_vegetation/20230724_birch24_m3m/BIRC/tile_14072.png,2
arctic_vegetation/20230724_birch24_m3m/BIRC/tile_14122.png,2
arctic_vegetation/20230724_birch24_m3m/BIRC/tile_14123.png,2
arctic_vegetation/20230724_birch24_m3m/BIRC/tile_14124.png,2
arctic_vegetation/20230724_birch24_m3m/BIRC/tile_14125.png,2
arctic_vegetation/20230724_birch24_m3m/BIRC/tile_14126.png,2
arctic_vegetation/20230724_birch24_m3m/BIRC/tile_14127.png,2
arctic_vegetation/20230724_birch24_m3m/BIRC/tile_14128.png,2
arctic_vegetation/20230724_birch24_m3m/BIRC/tile_14129.png,2
arctic_vegetation/20230724_birch24_m3m/BIRC/tile_14130.png,2
arctic_vegetation/20230724_birch24_m3m/BIRC/tile_14131.png,2
arctic_vegetation/20230724_birch24_m3m/BIRC/tile_14132.png,2
arctic_vegetation/20230724_birch24_m3m/BIRC/tile_14133.png,2
arctic_vegetation/20230724_birch24_m3m/BIRC/tile_14134.png,2
arctic_vegetation/20230724_birch24_m3m/BIRC/tile_14135.png,2
arctic_vegetation/20230724_birch24_m3m/BIRC/tile_14136.png,2
arctic_vegetation/20230724_birch24_m3m/BIRC/tile_14137.png,2
arctic_vegetation/20230724_birch24_m3m/BIRC/tile_14138.png,2
arctic_vegetation/20230724_birch24_m3m/BIRC/tile_14139.png,2
arctic_vegetation/20230724_birch24_m3m/BIRC/tile_14140.png,2
arctic_vegetation/20230724_birch24_m3m/BIRC/tile_14141.png,2
arctic_vegetation/20230724_birch24_m3m/BIRC/tile_14259.png,2
arctic_vegetation/20230724_birch24_m3m/BIRC/tile_14260.png,2
arctic_vegetation/20230724_birch24_m3m/BIRC/tile_14261.png,2
arctic_vegetation/20230724_birch24_m3m/BIRC/tile_14262.png,2
arctic_vegetation/20230724_birch24_m3m/BIRC/tile_14263.png,2
arctic_vegetation/20230724_birch24_m3m/BIRC/tile_14264.png,2
arctic_vegetation/20230724_birch24_m3m/BIRC/tile_14265.png,2
arctic_vegetation/20230724_birch24_m3m/BIRC/tile_14266.png,2
arctic_vegetation/20230724_birch24_m3m/BIRC/tile_14267.png,2
arctic_vegetation/20230724_birch24_m3m/BIRC/tile_14268.png,2
arctic_vegetation/20230724_birch24_m3m/BIRC/tile_14269.png,2
arctic_vegetation/20230724_birch24_m3m/BIRC/tile_14270.png,2
arctic_vegetation/20230724_birch24_m3m/BIRC/tile_14271.png,2
arctic_vegetation/20230724_birch24_m3m/BIRC/tile_14272.png,2
arctic_vegetation/20230724_birch24_m3m/BIRC/tile_14273.png,2
arctic_vegetation/20230724_birch24_m3m/BIRC/tile_14274.png,2
arctic_vegetation/20230724_birch24_m3m/BIRC/tile_14275.png,2
arctic_vegetation/20230724_birch24_m3m/BIRC/tile_14276.png,2
arctic_vegetation/20230724_birch24_m3m/BIRC/tile_14277.png,2
arctic_vegetation/20230724_birch24_m3m/BIRC/tile_14278.png,2
arctic_vegetation/20230724_birch24_m3m/BIRC/tile_14279.png,2
arctic_vegetation/20230724_birch24_m3m/BIRC/tile_14280.png,2
arctic_vegetation/20230724_birch24_m3m/BIRC/tile_14281.png,2
arctic_vegetation/20230724_birch24_m3m/BIRC/tile_14282.png,2
arctic_vegetation/20230724_birch24_m3m/BIRC/tile_14332.png,2
arctic_vegetation/20230724_birch24_m3m/BIRC/tile_14333.png,2
arctic_vegetation/20230724_birch24_m3m/BIRC/tile_14334.png,2
arctic_vegetation/20230724_birch24_m3m/BIRC/tile_14335.png,2
arctic_vegetation/20230724_birch24_m3m/BIRC/tile_14336.png,2
arctic_vegetation/20230724_birch24_m3m/BIRC/tile_14337.png,2
arctic_vegetation/20230724_birch24_m3m/BIRC/tile_14338.png,2
arctic_vegetation/20230724_birch24_m3m/BIRC/tile_14339.png,2
arctic_vegetation/20230724_birch24_m3m/BIRC/tile_14340.png,2
arctic_vegetation/20230724_birch24_m3m/BIRC/tile_14341.png,2
arctic_vegetation/20230724_birch24_m3m/WILL/tile_14344.png,11
arctic_vegetation/20230724_birch24_m3m/WILL/tile_14345.png,11
arctic_vegetation/20230724_birch24_m3m/PETF/tile_14347.png,6
arctic_vegetation/20230724_birch24_m3m/BIRC/tile_14348.png,2
arctic_vegetation/20230724_birch24_m3m/BIRC/tile_14349.png,2
arctic_vegetation/20230724_birch24_m3m/BIRC/tile_14350.png,2
arctic_vegetation/20230724_birch24_m3m/BIRC/tile_14351.png,2
arctic_vegetation/20230724_birch24_m3m/BIRC/tile_14469.png,2
arctic_vegetation/20230724_birch24_m3m/BIRC/tile_14470.png,2
arctic_vegetation/20230724_birch24_m3m/BIRC/tile_14471.png,2
arctic_vegetation/20230724_birch24_m3m/BIRC/tile_14472.png,2
arctic_vegetation/20230724_birch24_m3m/BIRC/tile_14473.png,2
arctic_vegetation/20230724_birch24_m3m/BIRC/tile_14474.png,2
arctic_vegetation/20230724_birch24_m3m/BIRC/tile_14475.png,2
arctic_vegetation/20230724_birch24_m3m/BIRC/tile_14476.png,2
arctic_vegetation/20230724_birch24_m3m/BIRC/tile_14477.png,2
arctic_vegetation/20230724_birch24_m3m/BIRC/tile_14478.png,2
arctic_vegetation/20230724_birch24_m3m/BIRC/tile_14479.png,2
arctic_vegetation/20230724_birch24_m3m/BIRC/tile_14480.png,2
arctic_vegetation/20230724_birch24_m3m/BIRC/tile_14481.png,2
arctic_vegetation/20230724_birch24_m3m/BIRC/tile_14482.png,2
arctic_vegetation/20230724_birch24_m3m/BIRC/tile_14483.png,2
arctic_vegetation/20230724_birch24_m3m/BIRC/tile_14484.png,2
arctic_vegetation/20230724_birch24_m3m/BIRC/tile_14485.png,2
arctic_vegetation/20230724_birch24_m3m/BIRC/tile_14486.png,2
arctic_vegetation/20230724_birch24_m3m/BIRC/tile_14487.png,2
arctic_vegetation/20230724_birch24_m3m/BIRC/tile_14488.png,2
arctic_vegetation/20230724_birch24_m3m/BIRC/tile_14489.png,2
arctic_vegetation/20230724_birch24_m3m/BIRC/tile_14490.png,2
arctic_vegetation/20230724_birch24_m3m/BIRC/tile_14491.png,2
arctic_vegetation/20230724_birch24_m3m/BIRC/tile_14492.png,2
arctic_vegetation/20230724_birch24_m3m/LICH/tile_14542.png,4
arctic_vegetation/20230724_birch24_m3m/BIRC/tile_14543.png,2
arctic_vegetation/20230724_birch24_m3m/BIRC/tile_14544.png,2
arctic_vegetation/20230724_birch24_m3m/BIRC/tile_14545.png,2
arctic_vegetation/20230724_birch24_m3m/LICH/tile_14546.png,4
arctic_vegetation/20230724_birch24_m3m/BIRC/tile_14547.png,2
arctic_vegetation/20230724_birch24_m3m/BIRC/tile_14548.png,2
arctic_vegetation/20230724_birch24_m3m/LICH/tile_14549.png,4
arctic_vegetation/20230724_birch24_m3m/LICH/tile_14550.png,4
arctic_vegetation/20230724_birch24_m3m/LICH/tile_14551.png,4
arctic_vegetation/20230724_birch24_m3m/BIRC/tile_14679.png,2
arctic_vegetation/20230724_birch24_m3m/BIRC/tile_14680.png,2
arctic_vegetation/20230724_birch24_m3m/BIRC/tile_14681.png,2
arctic_vegetation/20230724_birch24_m3m/BIRC/tile_14682.png,2
arctic_vegetation/20230724_birch24_m3m/BIRC/tile_14683.png,2
arctic_vegetation/20230724_birch24_m3m/BIRC/tile_14684.png,2
arctic_vegetation/20230724_birch24_m3m/BIRC/tile_14685.png,2
arctic_vegetation/20230724_birch24_m3m/BIRC/tile_14686.png,2
arctic_vegetation/20230724_birch24_m3m/BIRC/tile_14687.png,2
arctic_vegetation/20230724_birch24_m3m/BIRC/tile_14689.png,2
arctic_vegetation/20230724_birch24_m3m/BIRC/tile_14690.png,2
arctic_vegetation/20230724_birch24_m3m/BIRC/tile_14691.png,2
arctic_vegetation/20230724_birch24_m3m/BIRC/tile_14692.png,2
arctic_vegetation/20230724_birch24_m3m/BIRC/tile_14693.png,2
arctic_vegetation/20230724_birch24_m3m/BIRC/tile_14694.png,2
arctic_vegetation/20230724_birch24_m3m/BIRC/tile_14695.png,2
arctic_vegetation/20230724_birch24_m3m/BIRC/tile_14696.png,2
arctic_vegetation/20230724_birch24_m3m/BIRC/tile_14697.png,2
arctic_vegetation/20230724_birch24_m3m/BIRC/tile_14698.png,2
arctic_vegetation/20230724_birch24_m3m/BIRC/tile_14699.png,2
arctic_vegetation/20230724_birch24_m3m/BIRC/tile_14700.png,2
arctic_vegetation/20230724_birch24_m3m/BIRC/tile_14701.png,2
arctic_vegetation/20230724_birch24_m3m/BIRC/tile_14702.png,2
arctic_vegetation/20230724_birch24_m3m/BIRC/tile_14703.png,2
arctic_vegetation/20230724_birch24_m3m/BIRC/tile_14704.png,2
arctic_vegetation/20230724_birch24_m3m/BIRC/tile_14705.png,2
arctic_vegetation/20230724_birch24_m3m/LICH/tile_14752.png,4
arctic_vegetation/20230724_birch24_m3m/LICH/tile_14753.png,4
arctic_vegetation/20230724_birch24_m3m/LICH/tile_14754.png,4
arctic_vegetation/20230724_birch24_m3m/LICH/tile_14755.png,4
arctic_vegetation/20230724_birch24_m3m/LICH/tile_14756.png,4
arctic_vegetation/20230724_birch24_m3m/LICH/tile_14757.png,4
arctic_vegetation/20230724_birch24_m3m/LICH/tile_14758.png,4
arctic_vegetation/20230724_birch24_m3m/LICH/tile_14759.png,4
arctic_vegetation/20230724_birch24_m3m/LICH/tile_14760.png,4
arctic_vegetation/20230724_birch24_m3m/LICH/tile_14761.png,4
arctic_vegetation/20230724_birch24_m3m/BIRC/tile_14909.png,2
arctic_vegetation/20230724_birch24_m3m/BIRC/tile_14910.png,2
arctic_vegetation/20230724_birch24_m3m/BIRC/tile_14911.png,2
arctic_vegetation/20230724_birch24_m3m/WILL/tile_14912.png,11
arctic_vegetation/20230724_birch24_m3m/BIRC/tile_14913.png,2
arctic_vegetation/20230724_birch24_m3m/BIRC/tile_14914.png,2
arctic_vegetation/20230724_birch24_m3m/BIRC/tile_14915.png,2
arctic_vegetation/20230724_birch24_m3m/BIRC/tile_14916.png,2
arctic_vegetation/20230724_birch24_m3m/LICH/tile_14965.png,4
arctic_vegetation/20230724_birch24_m3m/LICH/tile_14966.png,4
arctic_vegetation/20230724_birch24_m3m/LICH/tile_14967.png,4
arctic_vegetation/20230724_birch24_m3m/LICH/tile_14968.png,4
arctic_vegetation/20230724_birch24_m3m/LICH/tile_14969.png,4
arctic_vegetation/20230724_birch24_m3m/LICH/tile_14970.png,4
arctic_vegetation/20230724_birch24_m3m/LICH/tile_14971.png,4
arctic_vegetation/20230724_birch24_m3m/LICH/tile_14972.png,4
arctic_vegetation/20230724_birch24_m3m/BIRC/tile_15122.png,2
arctic_vegetation/20230724_birch24_m3m/BIRC/tile_15123.png,2
arctic_vegetation/20230724_birch24_m3m/BIRC/tile_15124.png,2
arctic_vegetation/20230724_birch24_m3m/BIRC/tile_15125.png,2
arctic_vegetation/20230724_birch24_m3m/BIRC/tile_15126.png,2
arctic_vegetation/20230724_birch24_m3m/BIRC/tile_15127.png,2
arctic_vegetation/20230724_birch24_m3m/BIRC/tile_15128.png,2
arctic_vegetation/20230724_birch24_m3m/BIRC/tile_15129.png,2
arctic_vegetation/20230724_birch24_m3m/LICH/tile_15182.png,4
arctic_vegetation/20230724_birch24_m3m/LICH/tile_15183.png,4
arctic_vegetation/20230724_birch24_m3m/DRYI/tile_15332.png,3
arctic_vegetation/20230724_birch24_m3m/DRYI/tile_15333.png,3
arctic_vegetation/20230724_birch24_m3m/DRYI/tile_15334.png,3
arctic_vegetation/20230724_birch24_m3m/DRYI/tile_15335.png,3
arctic_vegetation/20230724_birch24_m3m/BIRC/tile_15336.png,2
arctic_vegetation/20230724_birch24_m3m/BIRC/tile_15337.png,2
arctic_vegetation/20230724_birch24_m3m/BIRC/tile_15338.png,2
arctic_vegetation/20230724_birch24_m3m/BIRC/tile_15339.png,2
arctic_vegetation/20230724_birch24_m3m/BIRC/tile_15340.png,2
arctic_vegetation/20230724_birch24_m3m/BIRC/tile_15341.png,2
arctic_vegetation/20230724_birch24_m3m/BIRC/tile_15342.png,2
arctic_vegetation/20230724_birch24_m3m/BIRC/tile_15343.png,2
arctic_vegetation/20230724_birch24_m3m/LICH/tile_15532.png,4
arctic_vegetation/20230724_birch24_m3m/LICH/tile_15533.png,4
arctic_vegetation/20230724_birch24_m3m/LICH/tile_15534.png,4
arctic_vegetation/20230724_birch24_m3m/LICH/tile_15535.png,4
arctic_vegetation/20230724_birch24_m3m/LICH/tile_15536.png,4
arctic_vegetation/20230724_birch24_m3m/DRYI/tile_15545.png,3
arctic_vegetation/20230724_birch24_m3m/DRYI/tile_15546.png,3
arctic_vegetation/20230724_birch24_m3m/DRYI/tile_15547.png,3
arctic_vegetation/20230724_birch24_m3m/BIRC/tile_15548.png,2
arctic_vegetation/20230724_birch24_m3m/BIRC/tile_15549.png,2
arctic_vegetation/20230724_birch24_m3m/BIRC/tile_15550.png,2
arctic_vegetation/20230724_birch24_m3m/BIRC/tile_15551.png,2
arctic_vegetation/20230724_birch24_m3m/BIRC/tile_15552.png,2
arctic_vegetation/20230724_birch24_m3m/BIRC/tile_15553.png,2
arctic_vegetation/20230724_birch24_m3m/BIRC/tile_15554.png,2
arctic_vegetation/20230724_birch24_m3m/BIRC/tile_15555.png,2
arctic_vegetation/20230724_birch24_m3m/BIRC/tile_15556.png,2
arctic_vegetation/20230724_birch24_m3m/BIRC/tile_15557.png,2
arctic_vegetation/20230724_birch24_m3m/BIRC/tile_15558.png,2
arctic_vegetation/20230724_birch24_m3m/BIRC/tile_15559.png,2
arctic_vegetation/20230724_birch24_m3m/BIRC/tile_15560.png,2
arctic_vegetation/20230724_birch24_m3m/LICH/tile_15746.png,4
arctic_vegetation/20230724_birch24_m3m/LICH/tile_15747.png,4
arctic_vegetation/20230724_birch24_m3m/LICH/tile_15748.png,4
arctic_vegetation/20230724_birch24_m3m/BIRC/tile_15749.png,2
arctic_vegetation/20230724_birch24_m3m/BIRC/tile_15750.png,2
arctic_vegetation/20230724_birch24_m3m/BIRC/tile_15751.png,2
arctic_vegetation/20230724_birch24_m3m/DRYI/tile_15759.png,3
arctic_vegetation/20230724_birch24_m3m/DRYI/tile_15760.png,3
arctic_vegetation/20230724_birch24_m3m/DRYI/tile_15761.png,3
arctic_vegetation/20230724_birch24_m3m/BIRC/tile_15762.png,2
arctic_vegetation/20230724_birch24_m3m/BIRC/tile_15763.png,2
arctic_vegetation/20230724_birch24_m3m/BIRC/tile_15764.png,2
arctic_vegetation/20230724_birch24_m3m/BIRC/tile_15765.png,2
arctic_vegetation/20230724_birch24_m3m/BIRC/tile_15766.png,2
arctic_vegetation/20230724_birch24_m3m/BIRC/tile_15767.png,2
arctic_vegetation/20230724_birch24_m3m/BIRC/tile_15768.png,2
arctic_vegetation/20230724_birch24_m3m/BIRC/tile_15769.png,2
arctic_vegetation/20230724_birch24_m3m/BIRC/tile_15770.png,2
arctic_vegetation/20230724_birch24_m3m/BIRC/tile_15771.png,2
arctic_vegetation/20230724_birch24_m3m/BIRC/tile_15772.png,2
arctic_vegetation/20230724_birch24_m3m/BIRC/tile_15773.png,2
arctic_vegetation/20230724_birch24_m3m/BIRC/tile_15774.png,2
arctic_vegetation/20230724_birch24_m3m/LICH/tile_15960.png,4
arctic_vegetation/20230724_birch24_m3m/LICH/tile_15961.png,4
arctic_vegetation/20230724_birch24_m3m/LICH/tile_15962.png,4
arctic_vegetation/20230724_birch24_m3m/BIRC/tile_15963.png,2
arctic_vegetation/20230724_birch24_m3m/BIRC/tile_15964.png,2
arctic_vegetation/20230724_birch24_m3m/BIRC/tile_15965.png,2
arctic_vegetation/20230724_birch24_m3m/BIRC/tile_15966.png,2
arctic_vegetation/20230724_birch24_m3m/DRYI/tile_15973.png,3
arctic_vegetation/20230724_birch24_m3m/DRYI/tile_15974.png,3
arctic_vegetation/20230724_birch24_m3m/BIRC/tile_15976.png,2
arctic_vegetation/20230724_birch24_m3m/BIRC/tile_15977.png,2
arctic_vegetation/20230724_birch24_m3m/BIRC/tile_15978.png,2
arctic_vegetation/20230724_birch24_m3m/BIRC/tile_15979.png,2
arctic_vegetation/20230724_birch24_m3m/BIRC/tile_15980.png,2
arctic_vegetation/20230724_birch24_m3m/BIRC/tile_15981.png,2
arctic_vegetation/20230724_birch24_m3m/BIRC/tile_15982.png,2
arctic_vegetation/20230724_birch24_m3m/BIRC/tile_15983.png,2
arctic_vegetation/20230724_birch24_m3m/BIRC/tile_15984.png,2
arctic_vegetation/20230724_birch24_m3m/BIRC/tile_15985.png,2
arctic_vegetation/20230724_birch24_m3m/BIRC/tile_15986.png,2
arctic_vegetation/20230724_birch24_m3m/BIRC/tile_15987.png,2
arctic_vegetation/20230724_birch24_m3m/BIRC/tile_15988.png,2
arctic_vegetation/20230724_birch24_m3m/DRYI/tile_16174.png,3
arctic_vegetation/20230724_birch24_m3m/DRYI/tile_16175.png,3
arctic_vegetation/20230724_birch24_m3m/BIRC/tile_16176.png,2
arctic_vegetation/20230724_birch24_m3m/BIRC/tile_16177.png,2
arctic_vegetation/20230724_birch24_m3m/BIRC/tile_16178.png,2
arctic_vegetation/20230724_birch24_m3m/BIRC/tile_16179.png,2
arctic_vegetation/20230724_birch24_m3m/BIRC/tile_16180.png,2
arctic_vegetation/20230724_birch24_m3m/BIRC/tile_16187.png,2
arctic_vegetation/20230724_birch24_m3m/BIRC/tile_16188.png,2
arctic_vegetation/20230724_birch24_m3m/BIRC/tile_16189.png,2
arctic_vegetation/20230724_birch24_m3m/BIRC/tile_16190.png,2
arctic_vegetation/20230724_birch24_m3m/BIRC/tile_16191.png,2
arctic_vegetation/20230724_birch24_m3m/BIRC/tile_16192.png,2
arctic_vegetation/20230724_birch24_m3m/BIRC/tile_16193.png,2
arctic_vegetation/20230724_birch24_m3m/BIRC/tile_16194.png,2
arctic_vegetation/20230724_birch24_m3m/BIRC/tile_16195.png,2
arctic_vegetation/20230724_birch24_m3m/BIRC/tile_16196.png,2
arctic_vegetation/20230724_birch24_m3m/BIRC/tile_16197.png,2
arctic_vegetation/20230724_birch24_m3m/BIRC/tile_16198.png,2
arctic_vegetation/20230724_birch24_m3m/BIRC/tile_16199.png,2
arctic_vegetation/20230724_birch24_m3m/BIRC/tile_16200.png,2
arctic_vegetation/20230724_birch24_m3m/BIRC/tile_16201.png,2
arctic_vegetation/20230724_birch24_m3m/BIRC/tile_16202.png,2
arctic_vegetation/20230724_birch24_m3m/DRYI/tile_16388.png,3
arctic_vegetation/20230724_birch24_m3m/DRYI/tile_16389.png,3
arctic_vegetation/20230724_birch24_m3m/BIRC/tile_16390.png,2
arctic_vegetation/20230724_birch24_m3m/BIRC/tile_16391.png,2
arctic_vegetation/20230724_birch24_m3m/BIRC/tile_16392.png,2
arctic_vegetation/20230724_birch24_m3m/BIRC/tile_16393.png,2
arctic_vegetation/20230724_birch24_m3m/BIRC/tile_16394.png,2
arctic_vegetation/20230724_birch24_m3m/BIRC/tile_16401.png,2
arctic_vegetation/20230724_birch24_m3m/BIRC/tile_16402.png,2
arctic_vegetation/20230724_birch24_m3m/BIRC/tile_16403.png,2
arctic_vegetation/20230724_birch24_m3m/BIRC/tile_16404.png,2
arctic_vegetation/20230724_birch24_m3m/BIRC/tile_16405.png,2
arctic_vegetation/20230724_birch24_m3m/BIRC/tile_16406.png,2
arctic_vegetation/20230724_birch24_m3m/BIRC/tile_16407.png,2
arctic_vegetation/20230724_birch24_m3m/BIRC/tile_16408.png,2
arctic_vegetation/20230724_birch24_m3m/BIRC/tile_16409.png,2
arctic_vegetation/20230724_birch24_m3m/BIRC/tile_16410.png,2
arctic_vegetation/20230724_birch24_m3m/BIRC/tile_16411.png,2
arctic_vegetation/20230724_birch24_m3m/BIRC/tile_16412.png,2
arctic_vegetation/20230724_birch24_m3m/BIRC/tile_16413.png,2
arctic_vegetation/20230724_birch24_m3m/BIRC/tile_16414.png,2
arctic_vegetation/20230724_birch24_m3m/BIRC/tile_16415.png,2
arctic_vegetation/20230724_birch24_m3m/BIRC/tile_16416.png,2
arctic_vegetation/20230724_birch24_m3m/DRYI/tile_16602.png,3
arctic_vegetation/20230724_birch24_m3m/WILL/tile_16603.png,11
arctic_vegetation/20230724_birch24_m3m/BIRC/tile_16604.png,2
arctic_vegetation/20230724_birch24_m3m/BIRC/tile_16605.png,2
arctic_vegetation/20230724_birch24_m3m/BIRC/tile_16606.png,2
arctic_vegetation/20230724_birch24_m3m/BIRC/tile_16615.png,2
arctic_vegetation/20230724_birch24_m3m/BIRC/tile_16616.png,2
arctic_vegetation/20230724_birch24_m3m/BIRC/tile_16617.png,2
arctic_vegetation/20230724_birch24_m3m/BIRC/tile_16618.png,2
arctic_vegetation/20230724_birch24_m3m/BIRC/tile_16619.png,2
arctic_vegetation/20230724_birch24_m3m/BIRC/tile_16620.png,2
arctic_vegetation/20230724_birch24_m3m/BIRC/tile_16621.png,2
arctic_vegetation/20230724_birch24_m3m/BIRC/tile_16622.png,2
arctic_vegetation/20230724_birch24_m3m/BIRC/tile_16623.png,2
arctic_vegetation/20230724_birch24_m3m/BIRC/tile_16624.png,2
arctic_vegetation/20230724_birch24_m3m/BIRC/tile_16625.png,2
arctic_vegetation/20230724_birch24_m3m/BIRC/tile_16626.png,2
arctic_vegetation/20230724_birch24_m3m/BIRC/tile_16627.png,2
arctic_vegetation/20230724_birch24_m3m/BIRC/tile_16628.png,2
arctic_vegetation/20230724_birch24_m3m/BIRC/tile_16629.png,2
arctic_vegetation/20230724_birch24_m3m/BIRC/tile_16630.png,2
arctic_vegetation/20230724_birch24_m3m/BIRC/tile_16815.png,2
arctic_vegetation/20230724_birch24_m3m/BIRC/tile_16816.png,2
arctic_vegetation/20230724_birch24_m3m/BIRC/tile_16817.png,2
arctic_vegetation/20230724_birch24_m3m/WILL/tile_16818.png,11
arctic_vegetation/20230724_birch24_m3m/BIRC/tile_16819.png,2
arctic_vegetation/20230724_birch24_m3m/BIRC/tile_16820.png,2
arctic_vegetation/20230724_birch24_m3m/BIRC/tile_16829.png,2
arctic_vegetation/20230724_birch24_m3m/BIRC/tile_16830.png,2
arctic_vegetation/20230724_birch24_m3m/BIRC/tile_16831.png,2
arctic_vegetation/20230724_birch24_m3m/BIRC/tile_16832.png,2
arctic_vegetation/20230724_birch24_m3m/BIRC/tile_16833.png,2
arctic_vegetation/20230724_birch24_m3m/BIRC/tile_16834.png,2
arctic_vegetation/20230724_birch24_m3m/BIRC/tile_16835.png,2
arctic_vegetation/20230724_birch24_m3m/BIRC/tile_16836.png,2
arctic_vegetation/20230724_birch24_m3m/BIRC/tile_16837.png,2
arctic_vegetation/20230724_birch24_m3m/BIRC/tile_16838.png,2
arctic_vegetation/20230724_birch24_m3m/BIRC/tile_16839.png,2
arctic_vegetation/20230724_birch24_m3m/BIRC/tile_16840.png,2
arctic_vegetation/20230724_birch24_m3m/BIRC/tile_16841.png,2
arctic_vegetation/20230724_birch24_m3m/BIRC/tile_16842.png,2
arctic_vegetation/20230724_birch24_m3m/BIRC/tile_16843.png,2
arctic_vegetation/20230724_birch24_m3m/BIRC/tile_16844.png,2
arctic_vegetation/20230724_birch24_m3m/BIRC/tile_17029.png,2
arctic_vegetation/20230724_birch24_m3m/BIRC/tile_17030.png,2
arctic_vegetation/20230724_birch24_m3m/BIRC/tile_17031.png,2
arctic_vegetation/20230724_birch24_m3m/BIRC/tile_17032.png,2
arctic_vegetation/20230724_birch24_m3m/WILL/tile_17033.png,11
arctic_vegetation/20230724_birch24_m3m/BIRC/tile_17043.png,2
arctic_vegetation/20230724_birch24_m3m/BIRC/tile_17044.png,2
arctic_vegetation/20230724_birch24_m3m/BIRC/tile_17045.png,2
arctic_vegetation/20230724_birch24_m3m/BIRC/tile_17046.png,2
arctic_vegetation/20230724_birch24_m3m/BIRC/tile_17047.png,2
arctic_vegetation/20230724_birch24_m3m/BIRC/tile_17048.png,2
arctic_vegetation/20230724_birch24_m3m/BIRC/tile_17049.png,2
arctic_vegetation/20230724_birch24_m3m/BIRC/tile_17050.png,2
arctic_vegetation/20230724_birch24_m3m/BIRC/tile_17051.png,2
arctic_vegetation/20230724_birch24_m3m/BIRC/tile_17052.png,2
arctic_vegetation/20230724_birch24_m3m/BIRC/tile_17053.png,2
arctic_vegetation/20230724_birch24_m3m/BIRC/tile_17054.png,2
arctic_vegetation/20230724_birch24_m3m/BIRC/tile_17055.png,2
arctic_vegetation/20230724_birch24_m3m/BIRC/tile_17056.png,2
arctic_vegetation/20230724_birch24_m3m/BIRC/tile_17057.png,2
arctic_vegetation/20230724_birch24_m3m/BIRC/tile_17058.png,2
arctic_vegetation/20230724_birch24_m3m/BIRC/tile_17243.png,2
arctic_vegetation/20230724_birch24_m3m/BIRC/tile_17244.png,2
arctic_vegetation/20230724_birch24_m3m/BIRC/tile_17245.png,2
arctic_vegetation/20230724_birch24_m3m/BIRC/tile_17246.png,2
arctic_vegetation/20230724_birch24_m3m/BIRC/tile_17247.png,2
arctic_vegetation/20230724_birch24_m3m/BIRC/tile_17256.png,2
arctic_vegetation/20230724_birch24_m3m/BIRC/tile_17257.png,2
arctic_vegetation/20230724_birch24_m3m/BIRC/tile_17258.png,2
arctic_vegetation/20230724_birch24_m3m/BIRC/tile_17259.png,2
arctic_vegetation/20230724_birch24_m3m/BIRC/tile_17260.png,2
arctic_vegetation/20230724_birch24_m3m/BIRC/tile_17261.png,2
arctic_vegetation/20230724_birch24_m3m/BIRC/tile_17262.png,2
arctic_vegetation/20230724_birch24_m3m/BIRC/tile_17263.png,2
arctic_vegetation/20230724_birch24_m3m/BIRC/tile_17264.png,2
arctic_vegetation/20230724_birch24_m3m/BIRC/tile_17265.png,2
arctic_vegetation/20230724_birch24_m3m/BIRC/tile_17266.png,2
arctic_vegetation/20230724_birch24_m3m/BIRC/tile_17267.png,2
arctic_vegetation/20230724_birch24_m3m/BIRC/tile_17268.png,2
arctic_vegetation/20230724_birch24_m3m/BIRC/tile_17269.png,2
arctic_vegetation/20230724_birch24_m3m/BIRC/tile_17270.png,2
arctic_vegetation/20230724_birch24_m3m/BIRC/tile_17271.png,2
arctic_vegetation/20230724_birch24_m3m/BIRC/tile_17272.png,2
arctic_vegetation/20230724_birch24_m3m/BIRC/tile_17273.png,2
arctic_vegetation/20230724_birch24_m3m/BIRC/tile_17274.png,2
arctic_vegetation/20230724_birch24_m3m/BIRC/tile_17275.png,2
arctic_vegetation/20230724_birch24_m3m/BIRC/tile_17276.png,2
arctic_vegetation/20230724_birch24_m3m/BIRC/tile_17277.png,2
arctic_vegetation/20230724_birch24_m3m/BIRC/tile_17278.png,2
arctic_vegetation/20230724_birch24_m3m/BIRC/tile_17279.png,2
arctic_vegetation/20230724_birch24_m3m/BIRC/tile_17280.png,2
arctic_vegetation/20230724_birch24_m3m/BIRC/tile_17281.png,2
arctic_vegetation/20230724_birch24_m3m/BIRC/tile_17282.png,2
arctic_vegetation/20230724_birch24_m3m/BIRC/tile_17283.png,2
arctic_vegetation/20230724_birch24_m3m/BIRC/tile_17284.png,2
arctic_vegetation/20230724_birch24_m3m/BIRC/tile_17285.png,2
arctic_vegetation/20230724_birch24_m3m/BIRC/tile_17286.png,2
arctic_vegetation/20230724_birch24_m3m/BIRC/tile_17287.png,2
arctic_vegetation/20230724_birch24_m3m/BIRC/tile_17288.png,2
arctic_vegetation/20230724_birch24_m3m/BIRC/tile_17289.png,2
arctic_vegetation/20230724_birch24_m3m/BIRC/tile_17290.png,2
arctic_vegetation/20230724_birch24_m3m/BIRC/tile_17291.png,2
arctic_vegetation/20230724_birch24_m3m/BIRC/tile_17292.png,2
arctic_vegetation/20230724_birch24_m3m/BIRC/tile_17293.png,2
arctic_vegetation/20230724_birch24_m3m/BIRC/tile_17294.png,2
arctic_vegetation/20230724_birch24_m3m/BIRC/tile_17457.png,2
arctic_vegetation/20230724_birch24_m3m/BIRC/tile_17458.png,2
arctic_vegetation/20230724_birch24_m3m/BIRC/tile_17459.png,2
arctic_vegetation/20230724_birch24_m3m/BIRC/tile_17460.png,2
arctic_vegetation/20230724_birch24_m3m/BIRC/tile_17461.png,2
arctic_vegetation/20230724_birch24_m3m/WILL/tile_17467.png,11
arctic_vegetation/20230724_birch24_m3m/WILL/tile_17468.png,11
arctic_vegetation/20230724_birch24_m3m/BIRC/tile_17470.png,2
arctic_vegetation/20230724_birch24_m3m/BIRC/tile_17471.png,2
arctic_vegetation/20230724_birch24_m3m/BIRC/tile_17472.png,2
arctic_vegetation/20230724_birch24_m3m/BIRC/tile_17473.png,2
arctic_vegetation/20230724_birch24_m3m/BIRC/tile_17474.png,2
arctic_vegetation/20230724_birch24_m3m/BIRC/tile_17475.png,2
arctic_vegetation/20230724_birch24_m3m/BIRC/tile_17476.png,2
arctic_vegetation/20230724_birch24_m3m/BIRC/tile_17477.png,2
arctic_vegetation/20230724_birch24_m3m/BIRC/tile_17478.png,2
arctic_vegetation/20230724_birch24_m3m/BIRC/tile_17479.png,2
arctic_vegetation/20230724_birch24_m3m/BIRC/tile_17480.png,2
arctic_vegetation/20230724_birch24_m3m/BIRC/tile_17481.png,2
arctic_vegetation/20230724_birch24_m3m/BIRC/tile_17482.png,2
arctic_vegetation/20230724_birch24_m3m/BIRC/tile_17483.png,2
arctic_vegetation/20230724_birch24_m3m/BIRC/tile_17484.png,2
arctic_vegetation/20230724_birch24_m3m/BIRC/tile_17485.png,2
arctic_vegetation/20230724_birch24_m3m/BIRC/tile_17486.png,2
arctic_vegetation/20230724_birch24_m3m/BIRC/tile_17487.png,2
arctic_vegetation/20230724_birch24_m3m/BIRC/tile_17488.png,2
arctic_vegetation/20230724_birch24_m3m/BIRC/tile_17489.png,2
arctic_vegetation/20230724_birch24_m3m/BIRC/tile_17490.png,2
arctic_vegetation/20230724_birch24_m3m/BIRC/tile_17491.png,2
arctic_vegetation/20230724_birch24_m3m/BIRC/tile_17492.png,2
arctic_vegetation/20230724_birch24_m3m/BIRC/tile_17493.png,2
arctic_vegetation/20230724_birch24_m3m/BIRC/tile_17494.png,2
arctic_vegetation/20230724_birch24_m3m/BIRC/tile_17495.png,2
arctic_vegetation/20230724_birch24_m3m/BIRC/tile_17496.png,2
arctic_vegetation/20230724_birch24_m3m/BIRC/tile_17497.png,2
arctic_vegetation/20230724_birch24_m3m/BIRC/tile_17498.png,2
arctic_vegetation/20230724_birch24_m3m/BIRC/tile_17499.png,2
arctic_vegetation/20230724_birch24_m3m/BIRC/tile_17500.png,2
arctic_vegetation/20230724_birch24_m3m/BIRC/tile_17501.png,2
arctic_vegetation/20230724_birch24_m3m/BIRC/tile_17502.png,2
arctic_vegetation/20230724_birch24_m3m/BIRC/tile_17503.png,2
arctic_vegetation/20230724_birch24_m3m/BIRC/tile_17504.png,2
arctic_vegetation/20230724_birch24_m3m/BIRC/tile_17505.png,2
arctic_vegetation/20230724_birch24_m3m/BIRC/tile_17506.png,2
arctic_vegetation/20230724_birch24_m3m/BIRC/tile_17507.png,2
arctic_vegetation/20230724_birch24_m3m/BIRC/tile_17508.png,2
arctic_vegetation/20230724_birch24_m3m/BIRC/tile_17509.png,2
arctic_vegetation/20230724_birch24_m3m/BIRC/tile_17510.png,2
arctic_vegetation/20230724_birch24_m3m/BIRC/tile_17511.png,2
arctic_vegetation/20230724_birch24_m3m/BIRC/tile_17540.png,2
arctic_vegetation/20230724_birch24_m3m/BIRC/tile_17541.png,2
arctic_vegetation/20230724_birch24_m3m/BIRC/tile_17542.png,2
arctic_vegetation/20230724_birch24_m3m/BIRC/tile_17543.png,2
arctic_vegetation/20230724_birch24_m3m/BIRC/tile_17544.png,2
arctic_vegetation/20230724_birch24_m3m/BIRC/tile_17545.png,2
arctic_vegetation/20230724_birch24_m3m/BIRC/tile_17546.png,2
arctic_vegetation/20230724_birch24_m3m/BIRC/tile_17671.png,2
arctic_vegetation/20230724_birch24_m3m/BIRC/tile_17672.png,2
arctic_vegetation/20230724_birch24_m3m/BIRC/tile_17673.png,2
arctic_vegetation/20230724_birch24_m3m/BIRC/tile_17674.png,2
arctic_vegetation/20230724_birch24_m3m/BIRC/tile_17675.png,2
arctic_vegetation/20230724_birch24_m3m/BIRC/tile_17678.png,2
arctic_vegetation/20230724_birch24_m3m/BIRC/tile_17679.png,2
arctic_vegetation/20230724_birch24_m3m/WILL/tile_17680.png,11
arctic_vegetation/20230724_birch24_m3m/WILL/tile_17681.png,11
arctic_vegetation/20230724_birch24_m3m/WILL/tile_17682.png,11
arctic_vegetation/20230724_birch24_m3m/WILL/tile_17683.png,11
arctic_vegetation/20230724_birch24_m3m/BIRC/tile_17684.png,2
arctic_vegetation/20230724_birch24_m3m/BIRC/tile_17685.png,2
arctic_vegetation/20230724_birch24_m3m/BIRC/tile_17686.png,2
arctic_vegetation/20230724_birch24_m3m/BIRC/tile_17687.png,2
arctic_vegetation/20230724_birch24_m3m/BIRC/tile_17688.png,2
arctic_vegetation/20230724_birch24_m3m/BIRC/tile_17689.png,2
arctic_vegetation/20230724_birch24_m3m/BIRC/tile_17690.png,2
arctic_vegetation/20230724_birch24_m3m/BIRC/tile_17691.png,2
arctic_vegetation/20230724_birch24_m3m/BIRC/tile_17692.png,2
arctic_vegetation/20230724_birch24_m3m/BIRC/tile_17693.png,2
arctic_vegetation/20230724_birch24_m3m/BIRC/tile_17694.png,2
arctic_vegetation/20230724_birch24_m3m/BIRC/tile_17695.png,2
arctic_vegetation/20230724_birch24_m3m/BIRC/tile_17696.png,2
arctic_vegetation/20230724_birch24_m3m/BIRC/tile_17697.png,2
arctic_vegetation/20230724_birch24_m3m/BIRC/tile_17698.png,2
arctic_vegetation/20230724_birch24_m3m/BIRC/tile_17699.png,2
arctic_vegetation/20230724_birch24_m3m/BIRC/tile_17700.png,2
arctic_vegetation/20230724_birch24_m3m/BIRC/tile_17701.png,2
arctic_vegetation/20230724_birch24_m3m/BIRC/tile_17702.png,2
arctic_vegetation/20230724_birch24_m3m/BIRC/tile_17703.png,2
arctic_vegetation/20230724_birch24_m3m/BIRC/tile_17704.png,2
arctic_vegetation/20230724_birch24_m3m/BIRC/tile_17705.png,2
arctic_vegetation/20230724_birch24_m3m/BIRC/tile_17706.png,2
arctic_vegetation/20230724_birch24_m3m/BIRC/tile_17707.png,2
arctic_vegetation/20230724_birch24_m3m/BIRC/tile_17708.png,2
arctic_vegetation/20230724_birch24_m3m/BIRC/tile_17709.png,2
arctic_vegetation/20230724_birch24_m3m/BIRC/tile_17710.png,2
arctic_vegetation/20230724_birch24_m3m/BIRC/tile_17711.png,2
arctic_vegetation/20230724_birch24_m3m/BIRC/tile_17712.png,2
arctic_vegetation/20230724_birch24_m3m/BIRC/tile_17713.png,2
arctic_vegetation/20230724_birch24_m3m/BIRC/tile_17714.png,2
arctic_vegetation/20230724_birch24_m3m/BIRC/tile_17715.png,2
arctic_vegetation/20230724_birch24_m3m/BIRC/tile_17716.png,2
arctic_vegetation/20230724_birch24_m3m/BIRC/tile_17717.png,2
arctic_vegetation/20230724_birch24_m3m/BIRC/tile_17718.png,2
arctic_vegetation/20230724_birch24_m3m/BIRC/tile_17719.png,2
arctic_vegetation/20230724_birch24_m3m/BIRC/tile_17720.png,2
arctic_vegetation/20230724_birch24_m3m/BIRC/tile_17721.png,2
arctic_vegetation/20230724_birch24_m3m/BIRC/tile_17722.png,2
arctic_vegetation/20230724_birch24_m3m/BIRC/tile_17723.png,2
arctic_vegetation/20230724_birch24_m3m/BIRC/tile_17724.png,2
arctic_vegetation/20230724_birch24_m3m/BIRC/tile_17725.png,2
arctic_vegetation/20230724_birch24_m3m/BIRC/tile_17754.png,2
arctic_vegetation/20230724_birch24_m3m/BIRC/tile_17755.png,2
arctic_vegetation/20230724_birch24_m3m/BIRC/tile_17756.png,2
arctic_vegetation/20230724_birch24_m3m/BIRC/tile_17757.png,2
arctic_vegetation/20230724_birch24_m3m/BIRC/tile_17758.png,2
arctic_vegetation/20230724_birch24_m3m/BIRC/tile_17759.png,2
arctic_vegetation/20230724_birch24_m3m/BIRC/tile_17760.png,2
arctic_vegetation/20230724_birch24_m3m/BIRC/tile_17885.png,2
arctic_vegetation/20230724_birch24_m3m/BIRC/tile_17886.png,2
arctic_vegetation/20230724_birch24_m3m/BIRC/tile_17887.png,2
arctic_vegetation/20230724_birch24_m3m/BIRC/tile_17888.png,2
arctic_vegetation/20230724_birch24_m3m/BIRC/tile_17889.png,2
arctic_vegetation/20230724_birch24_m3m/BIRC/tile_17892.png,2
arctic_vegetation/20230724_birch24_m3m/WILL/tile_17893.png,11
arctic_vegetation/20230724_birch24_m3m/WILL/tile_17894.png,11
arctic_vegetation/20230724_birch24_m3m/WILL/tile_17895.png,11
arctic_vegetation/20230724_birch24_m3m/WILL/tile_17896.png,11
arctic_vegetation/20230724_birch24_m3m/BIRC/tile_17897.png,2
arctic_vegetation/20230724_birch24_m3m/BIRC/tile_17898.png,2
arctic_vegetation/20230724_birch24_m3m/BIRC/tile_17899.png,2
arctic_vegetation/20230724_birch24_m3m/BIRC/tile_17900.png,2
arctic_vegetation/20230724_birch24_m3m/BIRC/tile_17901.png,2
arctic_vegetation/20230724_birch24_m3m/BIRC/tile_17902.png,2
arctic_vegetation/20230724_birch24_m3m/BIRC/tile_17903.png,2
arctic_vegetation/20230724_birch24_m3m/BIRC/tile_17904.png,2
arctic_vegetation/20230724_birch24_m3m/BIRC/tile_17905.png,2
arctic_vegetation/20230724_birch24_m3m/BIRC/tile_17906.png,2
arctic_vegetation/20230724_birch24_m3m/BIRC/tile_17907.png,2
arctic_vegetation/20230724_birch24_m3m/BIRC/tile_17908.png,2
arctic_vegetation/20230724_birch24_m3m/BIRC/tile_17909.png,2
arctic_vegetation/20230724_birch24_m3m/BIRC/tile_17910.png,2
arctic_vegetation/20230724_birch24_m3m/BIRC/tile_17911.png,2
arctic_vegetation/20230724_birch24_m3m/BIRC/tile_17912.png,2
arctic_vegetation/20230724_birch24_m3m/BIRC/tile_17913.png,2
arctic_vegetation/20230724_birch24_m3m/BIRC/tile_17914.png,2
arctic_vegetation/20230724_birch24_m3m/BIRC/tile_17915.png,2
arctic_vegetation/20230724_birch24_m3m/BIRC/tile_17916.png,2
arctic_vegetation/20230724_birch24_m3m/BIRC/tile_17917.png,2
arctic_vegetation/20230724_birch24_m3m/BIRC/tile_17918.png,2
arctic_vegetation/20230724_birch24_m3m/BIRC/tile_17919.png,2
arctic_vegetation/20230724_birch24_m3m/BIRC/tile_17920.png,2
arctic_vegetation/20230724_birch24_m3m/BIRC/tile_17921.png,2
arctic_vegetation/20230724_birch24_m3m/BIRC/tile_17922.png,2
arctic_vegetation/20230724_birch24_m3m/BIRC/tile_17923.png,2
arctic_vegetation/20230724_birch24_m3m/BIRC/tile_17924.png,2
arctic_vegetation/20230724_birch24_m3m/BIRC/tile_17925.png,2
arctic_vegetation/20230724_birch24_m3m/BIRC/tile_17926.png,2
arctic_vegetation/20230724_birch24_m3m/BIRC/tile_17927.png,2
arctic_vegetation/20230724_birch24_m3m/BIRC/tile_17928.png,2
arctic_vegetation/20230724_birch24_m3m/BIRC/tile_17929.png,2
arctic_vegetation/20230724_birch24_m3m/BIRC/tile_17930.png,2
arctic_vegetation/20230724_birch24_m3m/BIRC/tile_17931.png,2
arctic_vegetation/20230724_birch24_m3m/BIRC/tile_17932.png,2
arctic_vegetation/20230724_birch24_m3m/BIRC/tile_17933.png,2
arctic_vegetation/20230724_birch24_m3m/BIRC/tile_17934.png,2
arctic_vegetation/20230724_birch24_m3m/BIRC/tile_17935.png,2
arctic_vegetation/20230724_birch24_m3m/BIRC/tile_17936.png,2
arctic_vegetation/20230724_birch24_m3m/BIRC/tile_17937.png,2
arctic_vegetation/20230724_birch24_m3m/BIRC/tile_17938.png,2
arctic_vegetation/20230724_birch24_m3m/BIRC/tile_17939.png,2
arctic_vegetation/20230724_birch24_m3m/BIRC/tile_17968.png,2
arctic_vegetation/20230724_birch24_m3m/BIRC/tile_17969.png,2
arctic_vegetation/20230724_birch24_m3m/BIRC/tile_17970.png,2
arctic_vegetation/20230724_birch24_m3m/BIRC/tile_17971.png,2
arctic_vegetation/20230724_birch24_m3m/BIRC/tile_17972.png,2
arctic_vegetation/20230724_birch24_m3m/BIRC/tile_17973.png,2
arctic_vegetation/20230724_birch24_m3m/BIRC/tile_17974.png,2
arctic_vegetation/20230724_birch24_m3m/BIRC/tile_18099.png,2
arctic_vegetation/20230724_birch24_m3m/BIRC/tile_18100.png,2
arctic_vegetation/20230724_birch24_m3m/BIRC/tile_18101.png,2
arctic_vegetation/20230724_birch24_m3m/BIRC/tile_18102.png,2
arctic_vegetation/20230724_birch24_m3m/BIRC/tile_18103.png,2
arctic_vegetation/20230724_birch24_m3m/BIRC/tile_18104.png,2
arctic_vegetation/20230724_birch24_m3m/BIRC/tile_18106.png,2
arctic_vegetation/20230724_birch24_m3m/WILL/tile_18107.png,11
arctic_vegetation/20230724_birch24_m3m/WILL/tile_18108.png,11
arctic_vegetation/20230724_birch24_m3m/WILL/tile_18109.png,11
arctic_vegetation/20230724_birch24_m3m/BIRC/tile_18110.png,2
arctic_vegetation/20230724_birch24_m3m/BIRC/tile_18111.png,2
arctic_vegetation/20230724_birch24_m3m/BIRC/tile_18112.png,2
arctic_vegetation/20230724_birch24_m3m/BIRC/tile_18113.png,2
arctic_vegetation/20230724_birch24_m3m/BIRC/tile_18114.png,2
arctic_vegetation/20230724_birch24_m3m/BIRC/tile_18115.png,2
arctic_vegetation/20230724_birch24_m3m/BIRC/tile_18116.png,2
arctic_vegetation/20230724_birch24_m3m/BIRC/tile_18117.png,2
arctic_vegetation/20230724_birch24_m3m/BIRC/tile_18118.png,2
arctic_vegetation/20230724_birch24_m3m/BIRC/tile_18119.png,2
arctic_vegetation/20230724_birch24_m3m/BIRC/tile_18120.png,2
arctic_vegetation/20230724_birch24_m3m/BIRC/tile_18121.png,2
arctic_vegetation/20230724_birch24_m3m/BIRC/tile_18122.png,2
arctic_vegetation/20230724_birch24_m3m/BIRC/tile_18123.png,2
arctic_vegetation/20230724_birch24_m3m/BIRC/tile_18124.png,2
arctic_vegetation/20230724_birch24_m3m/BIRC/tile_18125.png,2
arctic_vegetation/20230724_birch24_m3m/BIRC/tile_18126.png,2
arctic_vegetation/20230724_birch24_m3m/BIRC/tile_18127.png,2
arctic_vegetation/20230724_birch24_m3m/BIRC/tile_18128.png,2
arctic_vegetation/20230724_birch24_m3m/BIRC/tile_18129.png,2
arctic_vegetation/20230724_birch24_m3m/BIRC/tile_18130.png,2
arctic_vegetation/20230724_birch24_m3m/BIRC/tile_18131.png,2
arctic_vegetation/20230724_birch24_m3m/BIRC/tile_18132.png,2
arctic_vegetation/20230724_birch24_m3m/BIRC/tile_18133.png,2
arctic_vegetation/20230724_birch24_m3m/BIRC/tile_18134.png,2
arctic_vegetation/20230724_birch24_m3m/BIRC/tile_18135.png,2
arctic_vegetation/20230724_birch24_m3m/BIRC/tile_18136.png,2
arctic_vegetation/20230724_birch24_m3m/BIRC/tile_18137.png,2
arctic_vegetation/20230724_birch24_m3m/BIRC/tile_18138.png,2
arctic_vegetation/20230724_birch24_m3m/BIRC/tile_18139.png,2
arctic_vegetation/20230724_birch24_m3m/BIRC/tile_18140.png,2
arctic_vegetation/20230724_birch24_m3m/BIRC/tile_18141.png,2
arctic_vegetation/20230724_birch24_m3m/BIRC/tile_18142.png,2
arctic_vegetation/20230724_birch24_m3m/BIRC/tile_18143.png,2
arctic_vegetation/20230724_birch24_m3m/BIRC/tile_18144.png,2
arctic_vegetation/20230724_birch24_m3m/BIRC/tile_18145.png,2
arctic_vegetation/20230724_birch24_m3m/BIRC/tile_18146.png,2
arctic_vegetation/20230724_birch24_m3m/BIRC/tile_18147.png,2
arctic_vegetation/20230724_birch24_m3m/BIRC/tile_18148.png,2
arctic_vegetation/20230724_birch24_m3m/BIRC/tile_18149.png,2
arctic_vegetation/20230724_birch24_m3m/BIRC/tile_18150.png,2
arctic_vegetation/20230724_birch24_m3m/BIRC/tile_18151.png,2
arctic_vegetation/20230724_birch24_m3m/BIRC/tile_18152.png,2
arctic_vegetation/20230724_birch24_m3m/BIRC/tile_18153.png,2
arctic_vegetation/20230724_birch24_m3m/BIRC/tile_18182.png,2
arctic_vegetation/20230724_birch24_m3m/BIRC/tile_18183.png,2
arctic_vegetation/20230724_birch24_m3m/BIRC/tile_18184.png,2
arctic_vegetation/20230724_birch24_m3m/BIRC/tile_18185.png,2
arctic_vegetation/20230724_birch24_m3m/BIRC/tile_18186.png,2
arctic_vegetation/20230724_birch24_m3m/BIRC/tile_18187.png,2
arctic_vegetation/20230724_birch24_m3m/BIRC/tile_18188.png,2
arctic_vegetation/20230724_birch24_m3m/BIRC/tile_18314.png,2
arctic_vegetation/20230724_birch24_m3m/BIRC/tile_18315.png,2
arctic_vegetation/20230724_birch24_m3m/BIRC/tile_18316.png,2
arctic_vegetation/20230724_birch24_m3m/BIRC/tile_18317.png,2
arctic_vegetation/20230724_birch24_m3m/BIRC/tile_18318.png,2
arctic_vegetation/20230724_birch24_m3m/BIRC/tile_18319.png,2
arctic_vegetation/20230724_birch24_m3m/BIRC/tile_18320.png,2
arctic_vegetation/20230724_birch24_m3m/WILL/tile_18321.png,11
arctic_vegetation/20230724_birch24_m3m/WILL/tile_18322.png,11
arctic_vegetation/20230724_birch24_m3m/BIRC/tile_18323.png,2
arctic_vegetation/20230724_birch24_m3m/BIRC/tile_18324.png,2
arctic_vegetation/20230724_birch24_m3m/BIRC/tile_18325.png,2
arctic_vegetation/20230724_birch24_m3m/BIRC/tile_18326.png,2
arctic_vegetation/20230724_birch24_m3m/BIRC/tile_18327.png,2
arctic_vegetation/20230724_birch24_m3m/BIRC/tile_18328.png,2
arctic_vegetation/20230724_birch24_m3m/BIRC/tile_18329.png,2
arctic_vegetation/20230724_birch24_m3m/BIRC/tile_18330.png,2
arctic_vegetation/20230724_birch24_m3m/BIRC/tile_18331.png,2
arctic_vegetation/20230724_birch24_m3m/BIRC/tile_18332.png,2
arctic_vegetation/20230724_birch24_m3m/BIRC/tile_18333.png,2
arctic_vegetation/20230724_birch24_m3m/BIRC/tile_18334.png,2
arctic_vegetation/20230724_birch24_m3m/BIRC/tile_18335.png,2
arctic_vegetation/20230724_birch24_m3m/BIRC/tile_18336.png,2
arctic_vegetation/20230724_birch24_m3m/BIRC/tile_18337.png,2
arctic_vegetation/20230724_birch24_m3m/BIRC/tile_18338.png,2
arctic_vegetation/20230724_birch24_m3m/BIRC/tile_18339.png,2
arctic_vegetation/20230724_birch24_m3m/BIRC/tile_18340.png,2
arctic_vegetation/20230724_birch24_m3m/BIRC/tile_18341.png,2
arctic_vegetation/20230724_birch24_m3m/BIRC/tile_18342.png,2
arctic_vegetation/20230724_birch24_m3m/BIRC/tile_18343.png,2
arctic_vegetation/20230724_birch24_m3m/BIRC/tile_18344.png,2
arctic_vegetation/20230724_birch24_m3m/BIRC/tile_18345.png,2
arctic_vegetation/20230724_birch24_m3m/BIRC/tile_18346.png,2
arctic_vegetation/20230724_birch24_m3m/BIRC/tile_18347.png,2
arctic_vegetation/20230724_birch24_m3m/BIRC/tile_18348.png,2
arctic_vegetation/20230724_birch24_m3m/BIRC/tile_18349.png,2
arctic_vegetation/20230724_birch24_m3m/BIRC/tile_18350.png,2
arctic_vegetation/20230724_birch24_m3m/BIRC/tile_18351.png,2
arctic_vegetation/20230724_birch24_m3m/BIRC/tile_18352.png,2
arctic_vegetation/20230724_birch24_m3m/BIRC/tile_18353.png,2
arctic_vegetation/20230724_birch24_m3m/BIRC/tile_18354.png,2
arctic_vegetation/20230724_birch24_m3m/BIRC/tile_18355.png,2
arctic_vegetation/20230724_birch24_m3m/BIRC/tile_18356.png,2
arctic_vegetation/20230724_birch24_m3m/BIRC/tile_18357.png,2
arctic_vegetation/20230724_birch24_m3m/BIRC/tile_18358.png,2
arctic_vegetation/20230724_birch24_m3m/BIRC/tile_18359.png,2
arctic_vegetation/20230724_birch24_m3m/BIRC/tile_18360.png,2
arctic_vegetation/20230724_birch24_m3m/BIRC/tile_18361.png,2
arctic_vegetation/20230724_birch24_m3m/BIRC/tile_18362.png,2
arctic_vegetation/20230724_birch24_m3m/BIRC/tile_18363.png,2
arctic_vegetation/20230724_birch24_m3m/BIRC/tile_18364.png,2
arctic_vegetation/20230724_birch24_m3m/BIRC/tile_18365.png,2
arctic_vegetation/20230724_birch24_m3m/BIRC/tile_18366.png,2
arctic_vegetation/20230724_birch24_m3m/BIRC/tile_18367.png,2
arctic_vegetation/20230724_birch24_m3m/BIRC/tile_18396.png,2
arctic_vegetation/20230724_birch24_m3m/BIRC/tile_18397.png,2
arctic_vegetation/20230724_birch24_m3m/BIRC/tile_18398.png,2
arctic_vegetation/20230724_birch24_m3m/BIRC/tile_18399.png,2
arctic_vegetation/20230724_birch24_m3m/BIRC/tile_18400.png,2
arctic_vegetation/20230724_birch24_m3m/BIRC/tile_18401.png,2
arctic_vegetation/20230724_birch24_m3m/BIRC/tile_18402.png,2
arctic_vegetation/20230724_birch24_m3m/DRYI/tile_18403.png,3
arctic_vegetation/20230724_birch24_m3m/WILL/tile_18528.png,11
arctic_vegetation/20230724_birch24_m3m/BIRC/tile_18529.png,2
arctic_vegetation/20230724_birch24_m3m/BIRC/tile_18530.png,2
arctic_vegetation/20230724_birch24_m3m/BIRC/tile_18531.png,2
arctic_vegetation/20230724_birch24_m3m/BIRC/tile_18532.png,2
arctic_vegetation/20230724_birch24_m3m/BIRC/tile_18533.png,2
arctic_vegetation/20230724_birch24_m3m/BIRC/tile_18534.png,2
arctic_vegetation/20230724_birch24_m3m/BIRC/tile_18535.png,2
arctic_vegetation/20230724_birch24_m3m/BIRC/tile_18536.png,2
arctic_vegetation/20230724_birch24_m3m/BIRC/tile_18537.png,2
arctic_vegetation/20230724_birch24_m3m/BIRC/tile_18538.png,2
arctic_vegetation/20230724_birch24_m3m/BIRC/tile_18539.png,2
arctic_vegetation/20230724_birch24_m3m/BIRC/tile_18540.png,2
arctic_vegetation/20230724_birch24_m3m/BIRC/tile_18541.png,2
arctic_vegetation/20230724_birch24_m3m/BIRC/tile_18542.png,2
arctic_vegetation/20230724_birch24_m3m/BIRC/tile_18543.png,2
arctic_vegetation/20230724_birch24_m3m/BIRC/tile_18544.png,2
arctic_vegetation/20230724_birch24_m3m/BIRC/tile_18545.png,2
arctic_vegetation/20230724_birch24_m3m/BIRC/tile_18546.png,2
arctic_vegetation/20230724_birch24_m3m/BIRC/tile_18547.png,2
arctic_vegetation/20230724_birch24_m3m/BIRC/tile_18548.png,2
arctic_vegetation/20230724_birch24_m3m/BIRC/tile_18549.png,2
arctic_vegetation/20230724_birch24_m3m/BIRC/tile_18550.png,2
arctic_vegetation/20230724_birch24_m3m/BIRC/tile_18551.png,2
arctic_vegetation/20230724_birch24_m3m/BIRC/tile_18552.png,2
arctic_vegetation/20230724_birch24_m3m/BIRC/tile_18553.png,2
arctic_vegetation/20230724_birch24_m3m/BIRC/tile_18554.png,2
arctic_vegetation/20230724_birch24_m3m/BIRC/tile_18555.png,2
arctic_vegetation/20230724_birch24_m3m/BIRC/tile_18556.png,2
arctic_vegetation/20230724_birch24_m3m/BIRC/tile_18557.png,2
arctic_vegetation/20230724_birch24_m3m/BIRC/tile_18558.png,2
arctic_vegetation/20230724_birch24_m3m/BIRC/tile_18559.png,2
arctic_vegetation/20230724_birch24_m3m/BIRC/tile_18560.png,2
arctic_vegetation/20230724_birch24_m3m/BIRC/tile_18561.png,2
arctic_vegetation/20230724_birch24_m3m/BIRC/tile_18562.png,2
arctic_vegetation/20230724_birch24_m3m/BIRC/tile_18563.png,2
arctic_vegetation/20230724_birch24_m3m/BIRC/tile_18564.png,2
arctic_vegetation/20230724_birch24_m3m/BIRC/tile_18565.png,2
arctic_vegetation/20230724_birch24_m3m/BIRC/tile_18566.png,2
arctic_vegetation/20230724_birch24_m3m/BIRC/tile_18567.png,2
arctic_vegetation/20230724_birch24_m3m/BIRC/tile_18568.png,2
arctic_vegetation/20230724_birch24_m3m/BIRC/tile_18569.png,2
arctic_vegetation/20230724_birch24_m3m/BIRC/tile_18570.png,2
arctic_vegetation/20230724_birch24_m3m/BIRC/tile_18571.png,2
arctic_vegetation/20230724_birch24_m3m/BIRC/tile_18572.png,2
arctic_vegetation/20230724_birch24_m3m/BIRC/tile_18573.png,2
arctic_vegetation/20230724_birch24_m3m/BIRC/tile_18574.png,2
arctic_vegetation/20230724_birch24_m3m/BIRC/tile_18575.png,2
arctic_vegetation/20230724_birch24_m3m/BIRC/tile_18576.png,2
arctic_vegetation/20230724_birch24_m3m/BIRC/tile_18577.png,2
arctic_vegetation/20230724_birch24_m3m/BIRC/tile_18578.png,2
arctic_vegetation/20230724_birch24_m3m/BIRC/tile_18579.png,2
arctic_vegetation/20230724_birch24_m3m/BIRC/tile_18580.png,2
arctic_vegetation/20230724_birch24_m3m/BIRC/tile_18581.png,2
arctic_vegetation/20230724_birch24_m3m/DRYI/tile_18614.png,3
arctic_vegetation/20230724_birch24_m3m/DRYI/tile_18615.png,3
arctic_vegetation/20230724_birch24_m3m/DRYI/tile_18616.png,3
arctic_vegetation/20230724_birch24_m3m/DRYI/tile_18617.png,3
arctic_vegetation/20230724_birch24_m3m/DRYI/tile_18618.png,3
arctic_vegetation/20230724_birch24_m3m/DRYI/tile_18619.png,3
arctic_vegetation/20230724_birch24_m3m/DRYI/tile_18620.png,3
arctic_vegetation/20230724_birch24_m3m/BIRC/tile_18741.png,2
arctic_vegetation/20230724_birch24_m3m/BIRC/tile_18742.png,2
arctic_vegetation/20230724_birch24_m3m/BIRC/tile_18743.png,2
arctic_vegetation/20230724_birch24_m3m/BIRC/tile_18744.png,2
arctic_vegetation/20230724_birch24_m3m/BIRC/tile_18745.png,2
arctic_vegetation/20230724_birch24_m3m/BIRC/tile_18746.png,2
arctic_vegetation/20230724_birch24_m3m/BIRC/tile_18747.png,2
arctic_vegetation/20230724_birch24_m3m/BIRC/tile_18748.png,2
arctic_vegetation/20230724_birch24_m3m/BIRC/tile_18749.png,2
arctic_vegetation/20230724_birch24_m3m/BIRC/tile_18750.png,2
arctic_vegetation/20230724_birch24_m3m/BIRC/tile_18751.png,2
arctic_vegetation/20230724_birch24_m3m/BIRC/tile_18752.png,2
arctic_vegetation/20230724_birch24_m3m/BIRC/tile_18753.png,2
arctic_vegetation/20230724_birch24_m3m/BIRC/tile_18754.png,2
arctic_vegetation/20230724_birch24_m3m/BIRC/tile_18755.png,2
arctic_vegetation/20230724_birch24_m3m/BIRC/tile_18756.png,2
arctic_vegetation/20230724_birch24_m3m/BIRC/tile_18757.png,2
arctic_vegetation/20230724_birch24_m3m/BIRC/tile_18758.png,2
arctic_vegetation/20230724_birch24_m3m/BIRC/tile_18759.png,2
arctic_vegetation/20230724_birch24_m3m/BIRC/tile_18760.png,2
arctic_vegetation/20230724_birch24_m3m/BIRC/tile_18761.png,2
arctic_vegetation/20230724_birch24_m3m/BIRC/tile_18762.png,2
arctic_vegetation/20230724_birch24_m3m/BIRC/tile_18763.png,2
arctic_vegetation/20230724_birch24_m3m/BIRC/tile_18764.png,2
arctic_vegetation/20230724_birch24_m3m/BIRC/tile_18765.png,2
arctic_vegetation/20230724_birch24_m3m/BIRC/tile_18766.png,2
arctic_vegetation/20230724_birch24_m3m/BIRC/tile_18767.png,2
arctic_vegetation/20230724_birch24_m3m/BIRC/tile_18768.png,2
arctic_vegetation/20230724_birch24_m3m/BIRC/tile_18769.png,2
arctic_vegetation/20230724_birch24_m3m/BIRC/tile_18770.png,2
arctic_vegetation/20230724_birch24_m3m/BIRC/tile_18771.png,2
arctic_vegetation/20230724_birch24_m3m/BIRC/tile_18772.png,2
arctic_vegetation/20230724_birch24_m3m/BIRC/tile_18773.png,2
arctic_vegetation/20230724_birch24_m3m/BIRC/tile_18774.png,2
arctic_vegetation/20230724_birch24_m3m/BIRC/tile_18775.png,2
arctic_vegetation/20230724_birch24_m3m/BIRC/tile_18776.png,2
arctic_vegetation/20230724_birch24_m3m/BIRC/tile_18777.png,2
arctic_vegetation/20230724_birch24_m3m/BIRC/tile_18778.png,2
arctic_vegetation/20230724_birch24_m3m/BIRC/tile_18779.png,2
arctic_vegetation/20230724_birch24_m3m/BIRC/tile_18780.png,2
arctic_vegetation/20230724_birch24_m3m/BIRC/tile_18781.png,2
arctic_vegetation/20230724_birch24_m3m/BIRC/tile_18782.png,2
arctic_vegetation/20230724_birch24_m3m/BIRC/tile_18783.png,2
arctic_vegetation/20230724_birch24_m3m/BIRC/tile_18784.png,2
arctic_vegetation/20230724_birch24_m3m/BIRC/tile_18785.png,2
arctic_vegetation/20230724_birch24_m3m/BIRC/tile_18786.png,2
arctic_vegetation/20230724_birch24_m3m/BIRC/tile_18787.png,2
arctic_vegetation/20230724_birch24_m3m/BIRC/tile_18788.png,2
arctic_vegetation/20230724_birch24_m3m/BIRC/tile_18789.png,2
arctic_vegetation/20230724_birch24_m3m/BIRC/tile_18790.png,2
arctic_vegetation/20230724_birch24_m3m/BIRC/tile_18791.png,2
arctic_vegetation/20230724_birch24_m3m/BIRC/tile_18792.png,2
arctic_vegetation/20230724_birch24_m3m/BIRC/tile_18793.png,2
arctic_vegetation/20230724_birch24_m3m/BIRC/tile_18794.png,2
arctic_vegetation/20230724_birch24_m3m/BIRC/tile_18795.png,2
arctic_vegetation/20230724_birch24_m3m/BIRC/tile_18812.png,2
arctic_vegetation/20230724_birch24_m3m/BIRC/tile_18813.png,2
arctic_vegetation/20230724_birch24_m3m/BIRC/tile_18814.png,2
arctic_vegetation/20230724_birch24_m3m/DRYI/tile_18828.png,3
arctic_vegetation/20230724_birch24_m3m/DRYI/tile_18829.png,3
arctic_vegetation/20230724_birch24_m3m/DRYI/tile_18830.png,3
arctic_vegetation/20230724_birch24_m3m/DRYI/tile_18831.png,3
arctic_vegetation/20230724_birch24_m3m/DRYI/tile_18832.png,3
arctic_vegetation/20230724_birch24_m3m/DRYI/tile_18833.png,3
arctic_vegetation/20230724_birch24_m3m/DRYI/tile_18834.png,3
arctic_vegetation/20230724_birch24_m3m/BIRC/tile_18955.png,2
arctic_vegetation/20230724_birch24_m3m/BIRC/tile_18956.png,2
arctic_vegetation/20230724_birch24_m3m/BIRC/tile_18957.png,2
arctic_vegetation/20230724_birch24_m3m/BIRC/tile_18958.png,2
arctic_vegetation/20230724_birch24_m3m/BIRC/tile_18959.png,2
arctic_vegetation/20230724_birch24_m3m/BIRC/tile_18960.png,2
arctic_vegetation/20230724_birch24_m3m/BIRC/tile_18961.png,2
arctic_vegetation/20230724_birch24_m3m/BIRC/tile_18962.png,2
arctic_vegetation/20230724_birch24_m3m/BIRC/tile_18963.png,2
arctic_vegetation/20230724_birch24_m3m/BIRC/tile_18964.png,2
arctic_vegetation/20230724_birch24_m3m/LICH/tile_18965.png,4
arctic_vegetation/20230724_birch24_m3m/BIRC/tile_18966.png,2
arctic_vegetation/20230724_birch24_m3m/BIRC/tile_18967.png,2
arctic_vegetation/20230724_birch24_m3m/BIRC/tile_18968.png,2
arctic_vegetation/20230724_birch24_m3m/BIRC/tile_18969.png,2
arctic_vegetation/20230724_birch24_m3m/BIRC/tile_18970.png,2
arctic_vegetation/20230724_birch24_m3m/BIRC/tile_18971.png,2
arctic_vegetation/20230724_birch24_m3m/BIRC/tile_18972.png,2
arctic_vegetation/20230724_birch24_m3m/BIRC/tile_18973.png,2
arctic_vegetation/20230724_birch24_m3m/BIRC/tile_18974.png,2
arctic_vegetation/20230724_birch24_m3m/BIRC/tile_18975.png,2
arctic_vegetation/20230724_birch24_m3m/BIRC/tile_18976.png,2
arctic_vegetation/20230724_birch24_m3m/BIRC/tile_18977.png,2
arctic_vegetation/20230724_birch24_m3m/BIRC/tile_18978.png,2
arctic_vegetation/20230724_birch24_m3m/BIRC/tile_18979.png,2
arctic_vegetation/20230724_birch24_m3m/BIRC/tile_18980.png,2
arctic_vegetation/20230724_birch24_m3m/BIRC/tile_18981.png,2
arctic_vegetation/20230724_birch24_m3m/BIRC/tile_18982.png,2
arctic_vegetation/20230724_birch24_m3m/BIRC/tile_18983.png,2
arctic_vegetation/20230724_birch24_m3m/BIRC/tile_18984.png,2
arctic_vegetation/20230724_birch24_m3m/BIRC/tile_18985.png,2
arctic_vegetation/20230724_birch24_m3m/BIRC/tile_18986.png,2
arctic_vegetation/20230724_birch24_m3m/BIRC/tile_18987.png,2
arctic_vegetation/20230724_birch24_m3m/BIRC/tile_18988.png,2
arctic_vegetation/20230724_birch24_m3m/BIRC/tile_18989.png,2
arctic_vegetation/20230724_birch24_m3m/BIRC/tile_18990.png,2
arctic_vegetation/20230724_birch24_m3m/BIRC/tile_18991.png,2
arctic_vegetation/20230724_birch24_m3m/BIRC/tile_18992.png,2
arctic_vegetation/20230724_birch24_m3m/BIRC/tile_18993.png,2
arctic_vegetation/20230724_birch24_m3m/BIRC/tile_18994.png,2
arctic_vegetation/20230724_birch24_m3m/BIRC/tile_18995.png,2
arctic_vegetation/20230724_birch24_m3m/BIRC/tile_18996.png,2
arctic_vegetation/20230724_birch24_m3m/BIRC/tile_18997.png,2
arctic_vegetation/20230724_birch24_m3m/BIRC/tile_18998.png,2
arctic_vegetation/20230724_birch24_m3m/BIRC/tile_18999.png,2
arctic_vegetation/20230724_birch24_m3m/BIRC/tile_19000.png,2
arctic_vegetation/20230724_birch24_m3m/BIRC/tile_19001.png,2
arctic_vegetation/20230724_birch24_m3m/BIRC/tile_19002.png,2
arctic_vegetation/20230724_birch24_m3m/BIRC/tile_19003.png,2
arctic_vegetation/20230724_birch24_m3m/BIRC/tile_19004.png,2
arctic_vegetation/20230724_birch24_m3m/BIRC/tile_19005.png,2
arctic_vegetation/20230724_birch24_m3m/BIRC/tile_19006.png,2
arctic_vegetation/20230724_birch24_m3m/BIRC/tile_19007.png,2
arctic_vegetation/20230724_birch24_m3m/BIRC/tile_19008.png,2
arctic_vegetation/20230724_birch24_m3m/BIRC/tile_19009.png,2
arctic_vegetation/20230724_birch24_m3m/BIRC/tile_19023.png,2
arctic_vegetation/20230724_birch24_m3m/BIRC/tile_19024.png,2
arctic_vegetation/20230724_birch24_m3m/BIRC/tile_19025.png,2
arctic_vegetation/20230724_birch24_m3m/BIRC/tile_19026.png,2
arctic_vegetation/20230724_birch24_m3m/BIRC/tile_19027.png,2
arctic_vegetation/20230724_birch24_m3m/BIRC/tile_19028.png,2
arctic_vegetation/20230724_birch24_m3m/WILL/tile_19035.png,11
arctic_vegetation/20230724_birch24_m3m/WILL/tile_19036.png,11
arctic_vegetation/20230724_birch24_m3m/BIRC/tile_19041.png,2
arctic_vegetation/20230724_birch24_m3m/DRYI/tile_19042.png,3
arctic_vegetation/20230724_birch24_m3m/DRYI/tile_19043.png,3
arctic_vegetation/20230724_birch24_m3m/DRYI/tile_19044.png,3
arctic_vegetation/20230724_birch24_m3m/DRYI/tile_19045.png,3
arctic_vegetation/20230724_birch24_m3m/DRYI/tile_19046.png,3
arctic_vegetation/20230724_birch24_m3m/DRYI/tile_19047.png,3
arctic_vegetation/20230724_birch24_m3m/DRYI/tile_19048.png,3
arctic_vegetation/20230724_birch24_m3m/BIRC/tile_19049.png,2
arctic_vegetation/20230724_birch24_m3m/BIRC/tile_19169.png,2
arctic_vegetation/20230724_birch24_m3m/BIRC/tile_19170.png,2
arctic_vegetation/20230724_birch24_m3m/BIRC/tile_19171.png,2
arctic_vegetation/20230724_birch24_m3m/BIRC/tile_19172.png,2
arctic_vegetation/20230724_birch24_m3m/BIRC/tile_19173.png,2
arctic_vegetation/20230724_birch24_m3m/BIRC/tile_19174.png,2
arctic_vegetation/20230724_birch24_m3m/BIRC/tile_19175.png,2
arctic_vegetation/20230724_birch24_m3m/BIRC/tile_19176.png,2
arctic_vegetation/20230724_birch24_m3m/BIRC/tile_19177.png,2
arctic_vegetation/20230724_birch24_m3m/LICH/tile_19178.png,4
arctic_vegetation/20230724_birch24_m3m/LICH/tile_19179.png,4
arctic_vegetation/20230724_birch24_m3m/BIRC/tile_19180.png,2
arctic_vegetation/20230724_birch24_m3m/BIRC/tile_19181.png,2
arctic_vegetation/20230724_birch24_m3m/BIRC/tile_19182.png,2
arctic_vegetation/20230724_birch24_m3m/BIRC/tile_19183.png,2
arctic_vegetation/20230724_birch24_m3m/BIRC/tile_19184.png,2
arctic_vegetation/20230724_birch24_m3m/BIRC/tile_19185.png,2
arctic_vegetation/20230724_birch24_m3m/BIRC/tile_19186.png,2
arctic_vegetation/20230724_birch24_m3m/BIRC/tile_19187.png,2
arctic_vegetation/20230724_birch24_m3m/BIRC/tile_19188.png,2
arctic_vegetation/20230724_birch24_m3m/BIRC/tile_19189.png,2
arctic_vegetation/20230724_birch24_m3m/BIRC/tile_19190.png,2
arctic_vegetation/20230724_birch24_m3m/BIRC/tile_19191.png,2
arctic_vegetation/20230724_birch24_m3m/BIRC/tile_19192.png,2
arctic_vegetation/20230724_birch24_m3m/BIRC/tile_19193.png,2
arctic_vegetation/20230724_birch24_m3m/BIRC/tile_19194.png,2
arctic_vegetation/20230724_birch24_m3m/BIRC/tile_19195.png,2
arctic_vegetation/20230724_birch24_m3m/BIRC/tile_19196.png,2
arctic_vegetation/20230724_birch24_m3m/BIRC/tile_19197.png,2
arctic_vegetation/20230724_birch24_m3m/BIRC/tile_19198.png,2
arctic_vegetation/20230724_birch24_m3m/BIRC/tile_19199.png,2
arctic_vegetation/20230724_birch24_m3m/BIRC/tile_19200.png,2
arctic_vegetation/20230724_birch24_m3m/BIRC/tile_19201.png,2
arctic_vegetation/20230724_birch24_m3m/BIRC/tile_19202.png,2
arctic_vegetation/20230724_birch24_m3m/BIRC/tile_19203.png,2
arctic_vegetation/20230724_birch24_m3m/BIRC/tile_19204.png,2
arctic_vegetation/20230724_birch24_m3m/BIRC/tile_19205.png,2
arctic_vegetation/20230724_birch24_m3m/BIRC/tile_19206.png,2
arctic_vegetation/20230724_birch24_m3m/BIRC/tile_19207.png,2
arctic_vegetation/20230724_birch24_m3m/BIRC/tile_19208.png,2
arctic_vegetation/20230724_birch24_m3m/BIRC/tile_19209.png,2
arctic_vegetation/20230724_birch24_m3m/BIRC/tile_19210.png,2
arctic_vegetation/20230724_birch24_m3m/BIRC/tile_19211.png,2
arctic_vegetation/20230724_birch24_m3m/BIRC/tile_19212.png,2
arctic_vegetation/20230724_birch24_m3m/BIRC/tile_19213.png,2
arctic_vegetation/20230724_birch24_m3m/BIRC/tile_19214.png,2
arctic_vegetation/20230724_birch24_m3m/BIRC/tile_19215.png,2
arctic_vegetation/20230724_birch24_m3m/BIRC/tile_19216.png,2
arctic_vegetation/20230724_birch24_m3m/BIRC/tile_19217.png,2
arctic_vegetation/20230724_birch24_m3m/BIRC/tile_19218.png,2
arctic_vegetation/20230724_birch24_m3m/BIRC/tile_19219.png,2
arctic_vegetation/20230724_birch24_m3m/BIRC/tile_19220.png,2
arctic_vegetation/20230724_birch24_m3m/BIRC/tile_19221.png,2
arctic_vegetation/20230724_birch24_m3m/BIRC/tile_19222.png,2
arctic_vegetation/20230724_birch24_m3m/BIRC/tile_19223.png,2
arctic_vegetation/20230724_birch24_m3m/BIRC/tile_19235.png,2
arctic_vegetation/20230724_birch24_m3m/BIRC/tile_19236.png,2
arctic_vegetation/20230724_birch24_m3m/BIRC/tile_19237.png,2
arctic_vegetation/20230724_birch24_m3m/BIRC/tile_19238.png,2
arctic_vegetation/20230724_birch24_m3m/BIRC/tile_19239.png,2
arctic_vegetation/20230724_birch24_m3m/BIRC/tile_19240.png,2
arctic_vegetation/20230724_birch24_m3m/BIRC/tile_19241.png,2
arctic_vegetation/20230724_birch24_m3m/BIRC/tile_19242.png,2
arctic_vegetation/20230724_birch24_m3m/WILL/tile_19249.png,11
arctic_vegetation/20230724_birch24_m3m/WILL/tile_19250.png,11
arctic_vegetation/20230724_birch24_m3m/WILL/tile_19251.png,11
arctic_vegetation/20230724_birch24_m3m/BIRC/tile_19255.png,2
arctic_vegetation/20230724_birch24_m3m/BIRC/tile_19256.png,2
arctic_vegetation/20230724_birch24_m3m/BIRC/tile_19257.png,2
arctic_vegetation/20230724_birch24_m3m/DRYI/tile_19258.png,3
arctic_vegetation/20230724_birch24_m3m/DRYI/tile_19259.png,3
arctic_vegetation/20230724_birch24_m3m/DRYI/tile_19260.png,3
arctic_vegetation/20230724_birch24_m3m/DRYI/tile_19261.png,3
arctic_vegetation/20230724_birch24_m3m/BIRC/tile_19262.png,2
arctic_vegetation/20230724_birch24_m3m/BIRC/tile_19263.png,2
arctic_vegetation/20230724_birch24_m3m/BIRC/tile_19384.png,2
arctic_vegetation/20230724_birch24_m3m/BIRC/tile_19385.png,2
arctic_vegetation/20230724_birch24_m3m/BIRC/tile_19386.png,2
arctic_vegetation/20230724_birch24_m3m/BIRC/tile_19387.png,2
arctic_vegetation/20230724_birch24_m3m/BIRC/tile_19388.png,2
arctic_vegetation/20230724_birch24_m3m/BIRC/tile_19389.png,2
arctic_vegetation/20230724_birch24_m3m/LICH/tile_19391.png,4
arctic_vegetation/20230724_birch24_m3m/LICH/tile_19392.png,4
arctic_vegetation/20230724_birch24_m3m/BIRC/tile_19393.png,2
arctic_vegetation/20230724_birch24_m3m/BIRC/tile_19394.png,2
arctic_vegetation/20230724_birch24_m3m/BIRC/tile_19395.png,2
arctic_vegetation/20230724_birch24_m3m/BIRC/tile_19396.png,2
arctic_vegetation/20230724_birch24_m3m/BIRC/tile_19397.png,2
arctic_vegetation/20230724_birch24_m3m/BIRC/tile_19398.png,2
arctic_vegetation/20230724_birch24_m3m/BIRC/tile_19399.png,2
arctic_vegetation/20230724_birch24_m3m/BIRC/tile_19400.png,2
arctic_vegetation/20230724_birch24_m3m/BIRC/tile_19401.png,2
arctic_vegetation/20230724_birch24_m3m/BIRC/tile_19402.png,2
arctic_vegetation/20230724_birch24_m3m/BIRC/tile_19403.png,2
arctic_vegetation/20230724_birch24_m3m/BIRC/tile_19404.png,2
arctic_vegetation/20230724_birch24_m3m/BIRC/tile_19405.png,2
arctic_vegetation/20230724_birch24_m3m/BIRC/tile_19406.png,2
arctic_vegetation/20230724_birch24_m3m/BIRC/tile_19407.png,2
arctic_vegetation/20230724_birch24_m3m/BIRC/tile_19408.png,2
arctic_vegetation/20230724_birch24_m3m/BIRC/tile_19409.png,2
arctic_vegetation/20230724_birch24_m3m/BIRC/tile_19410.png,2
arctic_vegetation/20230724_birch24_m3m/BIRC/tile_19411.png,2
arctic_vegetation/20230724_birch24_m3m/BIRC/tile_19412.png,2
arctic_vegetation/20230724_birch24_m3m/BIRC/tile_19413.png,2
arctic_vegetation/20230724_birch24_m3m/BIRC/tile_19414.png,2
arctic_vegetation/20230724_birch24_m3m/BIRC/tile_19415.png,2
arctic_vegetation/20230724_birch24_m3m/BIRC/tile_19416.png,2
arctic_vegetation/20230724_birch24_m3m/BIRC/tile_19417.png,2
arctic_vegetation/20230724_birch24_m3m/BIRC/tile_19418.png,2
arctic_vegetation/20230724_birch24_m3m/BIRC/tile_19419.png,2
arctic_vegetation/20230724_birch24_m3m/BIRC/tile_19420.png,2
arctic_vegetation/20230724_birch24_m3m/BIRC/tile_19421.png,2
arctic_vegetation/20230724_birch24_m3m/BIRC/tile_19422.png,2
arctic_vegetation/20230724_birch24_m3m/BIRC/tile_19423.png,2
arctic_vegetation/20230724_birch24_m3m/BIRC/tile_19424.png,2
arctic_vegetation/20230724_birch24_m3m/BIRC/tile_19425.png,2
arctic_vegetation/20230724_birch24_m3m/BIRC/tile_19426.png,2
arctic_vegetation/20230724_birch24_m3m/BIRC/tile_19427.png,2
arctic_vegetation/20230724_birch24_m3m/BIRC/tile_19428.png,2
arctic_vegetation/20230724_birch24_m3m/BIRC/tile_19429.png,2
arctic_vegetation/20230724_birch24_m3m/BIRC/tile_19430.png,2
arctic_vegetation/20230724_birch24_m3m/BIRC/tile_19431.png,2
arctic_vegetation/20230724_birch24_m3m/BIRC/tile_19432.png,2
arctic_vegetation/20230724_birch24_m3m/BIRC/tile_19433.png,2
arctic_vegetation/20230724_birch24_m3m/BIRC/tile_19434.png,2
arctic_vegetation/20230724_birch24_m3m/BIRC/tile_19435.png,2
arctic_vegetation/20230724_birch24_m3m/BIRC/tile_19436.png,2
arctic_vegetation/20230724_birch24_m3m/BIRC/tile_19446.png,2
arctic_vegetation/20230724_birch24_m3m/BIRC/tile_19447.png,2
arctic_vegetation/20230724_birch24_m3m/BIRC/tile_19448.png,2
arctic_vegetation/20230724_birch24_m3m/BIRC/tile_19449.png,2
arctic_vegetation/20230724_birch24_m3m/BIRC/tile_19450.png,2
arctic_vegetation/20230724_birch24_m3m/BIRC/tile_19451.png,2
arctic_vegetation/20230724_birch24_m3m/BIRC/tile_19452.png,2
arctic_vegetation/20230724_birch24_m3m/BIRC/tile_19453.png,2
arctic_vegetation/20230724_birch24_m3m/BIRC/tile_19454.png,2
arctic_vegetation/20230724_birch24_m3m/WILL/tile_19462.png,11
arctic_vegetation/20230724_birch24_m3m/WILL/tile_19463.png,11
arctic_vegetation/20230724_birch24_m3m/WILL/tile_19464.png,11
arctic_vegetation/20230724_birch24_m3m/BIRC/tile_19468.png,2
arctic_vegetation/20230724_birch24_m3m/BIRC/tile_19469.png,2
arctic_vegetation/20230724_birch24_m3m/BIRC/tile_19470.png,2
arctic_vegetation/20230724_birch24_m3m/BIRC/tile_19471.png,2
arctic_vegetation/20230724_birch24_m3m/BIRC/tile_19472.png,2
arctic_vegetation/20230724_birch24_m3m/BIRC/tile_19473.png,2
arctic_vegetation/20230724_birch24_m3m/BIRC/tile_19474.png,2
arctic_vegetation/20230724_birch24_m3m/BIRC/tile_19475.png,2
arctic_vegetation/20230724_birch24_m3m/BIRC/tile_19476.png,2
arctic_vegetation/20230724_birch24_m3m/LICH/tile_19596.png,4
arctic_vegetation/20230724_birch24_m3m/LICH/tile_19597.png,4
arctic_vegetation/20230724_birch24_m3m/BIRC/tile_19598.png,2
arctic_vegetation/20230724_birch24_m3m/BIRC/tile_19599.png,2
arctic_vegetation/20230724_birch24_m3m/BIRC/tile_19600.png,2
arctic_vegetation/20230724_birch24_m3m/BIRC/tile_19601.png,2
arctic_vegetation/20230724_birch24_m3m/BIRC/tile_19602.png,2
arctic_vegetation/20230724_birch24_m3m/BIRC/tile_19603.png,2
arctic_vegetation/20230724_birch24_m3m/BIRC/tile_19609.png,2
arctic_vegetation/20230724_birch24_m3m/BIRC/tile_19610.png,2
arctic_vegetation/20230724_birch24_m3m/BIRC/tile_19611.png,2
arctic_vegetation/20230724_birch24_m3m/BIRC/tile_19612.png,2
arctic_vegetation/20230724_birch24_m3m/BIRC/tile_19613.png,2
arctic_vegetation/20230724_birch24_m3m/BIRC/tile_19614.png,2
arctic_vegetation/20230724_birch24_m3m/BIRC/tile_19615.png,2
arctic_vegetation/20230724_birch24_m3m/BIRC/tile_19616.png,2
arctic_vegetation/20230724_birch24_m3m/BIRC/tile_19617.png,2
arctic_vegetation/20230724_birch24_m3m/BIRC/tile_19618.png,2
arctic_vegetation/20230724_birch24_m3m/BIRC/tile_19619.png,2
arctic_vegetation/20230724_birch24_m3m/BIRC/tile_19620.png,2
arctic_vegetation/20230724_birch24_m3m/BIRC/tile_19621.png,2
arctic_vegetation/20230724_birch24_m3m/BIRC/tile_19622.png,2
arctic_vegetation/20230724_birch24_m3m/BIRC/tile_19623.png,2
arctic_vegetation/20230724_birch24_m3m/BIRC/tile_19624.png,2
arctic_vegetation/20230724_birch24_m3m/BIRC/tile_19625.png,2
arctic_vegetation/20230724_birch24_m3m/BIRC/tile_19626.png,2
arctic_vegetation/20230724_birch24_m3m/BIRC/tile_19627.png,2
arctic_vegetation/20230724_birch24_m3m/BIRC/tile_19628.png,2
arctic_vegetation/20230724_birch24_m3m/BIRC/tile_19629.png,2
arctic_vegetation/20230724_birch24_m3m/BIRC/tile_19630.png,2
arctic_vegetation/20230724_birch24_m3m/BIRC/tile_19631.png,2
arctic_vegetation/20230724_birch24_m3m/BIRC/tile_19632.png,2
arctic_vegetation/20230724_birch24_m3m/BIRC/tile_19633.png,2
arctic_vegetation/20230724_birch24_m3m/BIRC/tile_19634.png,2
arctic_vegetation/20230724_birch24_m3m/BIRC/tile_19635.png,2
arctic_vegetation/20230724_birch24_m3m/BIRC/tile_19636.png,2
arctic_vegetation/20230724_birch24_m3m/BIRC/tile_19637.png,2
arctic_vegetation/20230724_birch24_m3m/BIRC/tile_19638.png,2
arctic_vegetation/20230724_birch24_m3m/BIRC/tile_19639.png,2
arctic_vegetation/20230724_birch24_m3m/BIRC/tile_19640.png,2
arctic_vegetation/20230724_birch24_m3m/BIRC/tile_19641.png,2
arctic_vegetation/20230724_birch24_m3m/BIRC/tile_19642.png,2
arctic_vegetation/20230724_birch24_m3m/BIRC/tile_19643.png,2
arctic_vegetation/20230724_birch24_m3m/BIRC/tile_19644.png,2
arctic_vegetation/20230724_birch24_m3m/BIRC/tile_19645.png,2
arctic_vegetation/20230724_birch24_m3m/BIRC/tile_19646.png,2
arctic_vegetation/20230724_birch24_m3m/BIRC/tile_19647.png,2
arctic_vegetation/20230724_birch24_m3m/BIRC/tile_19648.png,2
arctic_vegetation/20230724_birch24_m3m/BIRC/tile_19649.png,2
arctic_vegetation/20230724_birch24_m3m/BIRC/tile_19650.png,2
arctic_vegetation/20230724_birch24_m3m/LICH/tile_19651.png,4
arctic_vegetation/20230724_birch24_m3m/BIRC/tile_19660.png,2
arctic_vegetation/20230724_birch24_m3m/BIRC/tile_19661.png,2
arctic_vegetation/20230724_birch24_m3m/BIRC/tile_19662.png,2
arctic_vegetation/20230724_birch24_m3m/BIRC/tile_19663.png,2
arctic_vegetation/20230724_birch24_m3m/BIRC/tile_19664.png,2
arctic_vegetation/20230724_birch24_m3m/BIRC/tile_19665.png,2
arctic_vegetation/20230724_birch24_m3m/BIRC/tile_19666.png,2
arctic_vegetation/20230724_birch24_m3m/BIRC/tile_19667.png,2
arctic_vegetation/20230724_birch24_m3m/BIRC/tile_19668.png,2
arctic_vegetation/20230724_birch24_m3m/LICH/tile_19810.png,4
arctic_vegetation/20230724_birch24_m3m/LICH/tile_19811.png,4
arctic_vegetation/20230724_birch24_m3m/BIRC/tile_19812.png,2
arctic_vegetation/20230724_birch24_m3m/BIRC/tile_19813.png,2
arctic_vegetation/20230724_birch24_m3m/BIRC/tile_19814.png,2
arctic_vegetation/20230724_birch24_m3m/BIRC/tile_19815.png,2
arctic_vegetation/20230724_birch24_m3m/BIRC/tile_19816.png,2
arctic_vegetation/20230724_birch24_m3m/BIRC/tile_19817.png,2
arctic_vegetation/20230724_birch24_m3m/PETF/tile_19861.png,6
arctic_vegetation/20230724_birch24_m3m/LICH/tile_19862.png,4
arctic_vegetation/20230724_birch24_m3m/LICH/tile_19863.png,4
arctic_vegetation/20230724_birch24_m3m/LICH/tile_19864.png,4
arctic_vegetation/20230724_birch24_m3m/LICH/tile_19865.png,4
arctic_vegetation/20230724_birch24_m3m/BIRC/tile_19874.png,2
arctic_vegetation/20230724_birch24_m3m/BIRC/tile_19875.png,2
arctic_vegetation/20230724_birch24_m3m/BIRC/tile_19876.png,2
arctic_vegetation/20230724_birch24_m3m/BIRC/tile_19877.png,2
arctic_vegetation/20230724_birch24_m3m/BIRC/tile_19878.png,2
arctic_vegetation/20230724_birch24_m3m/BIRC/tile_19879.png,2
arctic_vegetation/20230724_birch24_m3m/BIRC/tile_19880.png,2
arctic_vegetation/20230724_birch24_m3m/BIRC/tile_19881.png,2
arctic_vegetation/20230724_birch24_m3m/BIRC/tile_19882.png,2
arctic_vegetation/20230724_birch24_m3m/DRYI/tile_19883.png,3
arctic_vegetation/20230724_birch24_m3m/DRYI/tile_19884.png,3
arctic_vegetation/20230724_birch24_m3m/DRYI/tile_19885.png,3
arctic_vegetation/20230724_birch24_m3m/DRYI/tile_19886.png,3
arctic_vegetation/20230724_birch24_m3m/DRYI/tile_19887.png,3
arctic_vegetation/20230724_birch24_m3m/DRYI/tile_19888.png,3
arctic_vegetation/20230724_birch24_m3m/LICH/tile_20024.png,4
arctic_vegetation/20230724_birch24_m3m/DRYI/tile_20025.png,3
arctic_vegetation/20230724_birch24_m3m/DRYI/tile_20026.png,3
arctic_vegetation/20230724_birch24_m3m/DRYI/tile_20027.png,3
arctic_vegetation/20230724_birch24_m3m/DRYI/tile_20028.png,3
arctic_vegetation/20230724_birch24_m3m/BIRC/tile_20029.png,2
arctic_vegetation/20230724_birch24_m3m/BIRC/tile_20030.png,2
arctic_vegetation/20230724_birch24_m3m/LICH/tile_20031.png,4
arctic_vegetation/20230724_birch24_m3m/LICH/tile_20076.png,4
arctic_vegetation/20230724_birch24_m3m/LICH/tile_20077.png,4
arctic_vegetation/20230724_birch24_m3m/LICH/tile_20078.png,4
arctic_vegetation/20230724_birch24_m3m/BIRC/tile_20088.png,2
arctic_vegetation/20230724_birch24_m3m/BIRC/tile_20089.png,2
arctic_vegetation/20230724_birch24_m3m/BIRC/tile_20090.png,2
arctic_vegetation/20230724_birch24_m3m/BIRC/tile_20091.png,2
arctic_vegetation/20230724_birch24_m3m/BIRC/tile_20092.png,2
arctic_vegetation/20230724_birch24_m3m/BIRC/tile_20093.png,2
arctic_vegetation/20230724_birch24_m3m/BIRC/tile_20094.png,2
arctic_vegetation/20230724_birch24_m3m/BIRC/tile_20095.png,2
arctic_vegetation/20230724_birch24_m3m/BIRC/tile_20096.png,2
arctic_vegetation/20230724_birch24_m3m/DRYI/tile_20097.png,3
arctic_vegetation/20230724_birch24_m3m/DRYI/tile_20098.png,3
arctic_vegetation/20230724_birch24_m3m/DRYI/tile_20099.png,3
arctic_vegetation/20230724_birch24_m3m/DRYI/tile_20100.png,3
arctic_vegetation/20230724_birch24_m3m/DRYI/tile_20101.png,3
arctic_vegetation/20230724_birch24_m3m/DRYI/tile_20102.png,3
arctic_vegetation/20230724_birch24_m3m/DRYI/tile_20121.png,3
arctic_vegetation/20230724_birch24_m3m/DRYI/tile_20122.png,3
arctic_vegetation/20230724_birch24_m3m/DRYI/tile_20123.png,3
arctic_vegetation/20230724_birch24_m3m/DRYI/tile_20238.png,3
arctic_vegetation/20230724_birch24_m3m/DRYI/tile_20239.png,3
arctic_vegetation/20230724_birch24_m3m/DRYI/tile_20240.png,3
arctic_vegetation/20230724_birch24_m3m/DRYI/tile_20241.png,3
arctic_vegetation/20230724_birch24_m3m/DRYI/tile_20242.png,3
arctic_vegetation/20230724_birch24_m3m/LICH/tile_20244.png,4
arctic_vegetation/20230724_birch24_m3m/LICH/tile_20245.png,4
arctic_vegetation/20230724_birch24_m3m/BIRC/tile_20248.png,2
arctic_vegetation/20230724_birch24_m3m/BIRC/tile_20249.png,2
arctic_vegetation/20230724_birch24_m3m/BIRC/tile_20250.png,2
arctic_vegetation/20230724_birch24_m3m/BIRC/tile_20251.png,2
arctic_vegetation/20230724_birch24_m3m/BIRC/tile_20252.png,2
arctic_vegetation/20230724_birch24_m3m/BIRC/tile_20253.png,2
arctic_vegetation/20230724_birch24_m3m/BIRC/tile_20254.png,2
arctic_vegetation/20230724_birch24_m3m/BIRC/tile_20255.png,2
arctic_vegetation/20230724_birch24_m3m/BIRC/tile_20256.png,2
arctic_vegetation/20230724_birch24_m3m/DRYI/tile_20269.png,3
arctic_vegetation/20230724_birch24_m3m/DRYI/tile_20270.png,3
arctic_vegetation/20230724_birch24_m3m/DRYI/tile_20271.png,3
arctic_vegetation/20230724_birch24_m3m/DRYI/tile_20272.png,3
arctic_vegetation/20230724_birch24_m3m/DRYI/tile_20273.png,3
arctic_vegetation/20230724_birch24_m3m/BIRC/tile_20274.png,2
arctic_vegetation/20230724_birch24_m3m/BIRC/tile_20275.png,2
arctic_vegetation/20230724_birch24_m3m/BIRC/tile_20276.png,2
arctic_vegetation/20230724_birch24_m3m/BIRC/tile_20277.png,2
arctic_vegetation/20230724_birch24_m3m/BIRC/tile_20278.png,2
arctic_vegetation/20230724_birch24_m3m/BIRC/tile_20279.png,2
arctic_vegetation/20230724_birch24_m3m/BIRC/tile_20280.png,2
arctic_vegetation/20230724_birch24_m3m/LICH/tile_20290.png,4
arctic_vegetation/20230724_birch24_m3m/LICH/tile_20291.png,4
arctic_vegetation/20230724_birch24_m3m/BIRC/tile_20305.png,2
arctic_vegetation/20230724_birch24_m3m/BIRC/tile_20306.png,2
arctic_vegetation/20230724_birch24_m3m/BIRC/tile_20307.png,2
arctic_vegetation/20230724_birch24_m3m/BIRC/tile_20308.png,2
arctic_vegetation/20230724_birch24_m3m/BIRC/tile_20309.png,2
arctic_vegetation/20230724_birch24_m3m/BIRC/tile_20310.png,2
arctic_vegetation/20230724_birch24_m3m/DRYI/tile_20313.png,3
arctic_vegetation/20230724_birch24_m3m/DRYI/tile_20314.png,3
arctic_vegetation/20230724_birch24_m3m/DRYI/tile_20315.png,3
arctic_vegetation/20230724_birch24_m3m/DRYI/tile_20316.png,3
arctic_vegetation/20230724_birch24_m3m/DRYI/tile_20335.png,3
arctic_vegetation/20230724_birch24_m3m/DRYI/tile_20336.png,3
arctic_vegetation/20230724_birch24_m3m/DRYI/tile_20337.png,3
arctic_vegetation/20230724_birch24_m3m/DRYI/tile_20338.png,3
arctic_vegetation/20230724_birch24_m3m/DRYI/tile_20452.png,3
arctic_vegetation/20230724_birch24_m3m/DRYI/tile_20453.png,3
arctic_vegetation/20230724_birch24_m3m/DRYI/tile_20454.png,3
arctic_vegetation/20230724_birch24_m3m/DRYI/tile_20455.png,3
arctic_vegetation/20230724_birch24_m3m/DRYI/tile_20456.png,3
arctic_vegetation/20230724_birch24_m3m/LICH/tile_20458.png,4
arctic_vegetation/20230724_birch24_m3m/LICH/tile_20459.png,4
arctic_vegetation/20230724_birch24_m3m/LICH/tile_20460.png,4
arctic_vegetation/20230724_birch24_m3m/BIRC/tile_20462.png,2
arctic_vegetation/20230724_birch24_m3m/BIRC/tile_20463.png,2
arctic_vegetation/20230724_birch24_m3m/BIRC/tile_20464.png,2
arctic_vegetation/20230724_birch24_m3m/BIRC/tile_20465.png,2
arctic_vegetation/20230724_birch24_m3m/BIRC/tile_20466.png,2
arctic_vegetation/20230724_birch24_m3m/BIRC/tile_20467.png,2
arctic_vegetation/20230724_birch24_m3m/BIRC/tile_20468.png,2
arctic_vegetation/20230724_birch24_m3m/BIRC/tile_20469.png,2
arctic_vegetation/20230724_birch24_m3m/BIRC/tile_20470.png,2
arctic_vegetation/20230724_birch24_m3m/DRYI/tile_20483.png,3
arctic_vegetation/20230724_birch24_m3m/DRYI/tile_20484.png,3
arctic_vegetation/20230724_birch24_m3m/DRYI/tile_20485.png,3
arctic_vegetation/20230724_birch24_m3m/DRYI/tile_20486.png,3
arctic_vegetation/20230724_birch24_m3m/DRYI/tile_20487.png,3
arctic_vegetation/20230724_birch24_m3m/BIRC/tile_20488.png,2
arctic_vegetation/20230724_birch24_m3m/BIRC/tile_20489.png,2
arctic_vegetation/20230724_birch24_m3m/BIRC/tile_20490.png,2
arctic_vegetation/20230724_birch24_m3m/BIRC/tile_20491.png,2
arctic_vegetation/20230724_birch24_m3m/BIRC/tile_20492.png,2
arctic_vegetation/20230724_birch24_m3m/BIRC/tile_20493.png,2
arctic_vegetation/20230724_birch24_m3m/BIRC/tile_20494.png,2
arctic_vegetation/20230724_birch24_m3m/BIRC/tile_20524.png,2
arctic_vegetation/20230724_birch24_m3m/BIRC/tile_20525.png,2
arctic_vegetation/20230724_birch24_m3m/DRYI/tile_20527.png,3
arctic_vegetation/20230724_birch24_m3m/DRYI/tile_20528.png,3
arctic_vegetation/20230724_birch24_m3m/DRYI/tile_20529.png,3
arctic_vegetation/20230724_birch24_m3m/SEDG/tile_20540.png,9
arctic_vegetation/20230724_birch24_m3m/SEDG/tile_20541.png,9
arctic_vegetation/20230724_birch24_m3m/DRYI/tile_20549.png,3
arctic_vegetation/20230724_birch24_m3m/DRYI/tile_20550.png,3
arctic_vegetation/20230724_birch24_m3m/DRYI/tile_20551.png,3
arctic_vegetation/20230724_birch24_m3m/DRYI/tile_20552.png,3
arctic_vegetation/20230724_birch24_m3m/DRYI/tile_20666.png,3
arctic_vegetation/20230724_birch24_m3m/DRYI/tile_20667.png,3
arctic_vegetation/20230724_birch24_m3m/DRYI/tile_20668.png,3
arctic_vegetation/20230724_birch24_m3m/DRYI/tile_20669.png,3
arctic_vegetation/20230724_birch24_m3m/DRYI/tile_20670.png,3
arctic_vegetation/20230724_birch24_m3m/PETF/tile_20671.png,6
arctic_vegetation/20230724_birch24_m3m/LICH/tile_20672.png,4
arctic_vegetation/20230724_birch24_m3m/LICH/tile_20673.png,4
arctic_vegetation/20230724_birch24_m3m/LICH/tile_20674.png,4
arctic_vegetation/20230724_birch24_m3m/BIRC/tile_20676.png,2
arctic_vegetation/20230724_birch24_m3m/BIRC/tile_20677.png,2
arctic_vegetation/20230724_birch24_m3m/BIRC/tile_20678.png,2
arctic_vegetation/20230724_birch24_m3m/BIRC/tile_20679.png,2
arctic_vegetation/20230724_birch24_m3m/BIRC/tile_20680.png,2
arctic_vegetation/20230724_birch24_m3m/BIRC/tile_20681.png,2
arctic_vegetation/20230724_birch24_m3m/BIRC/tile_20682.png,2
arctic_vegetation/20230724_birch24_m3m/BIRC/tile_20683.png,2
arctic_vegetation/20230724_birch24_m3m/BIRC/tile_20684.png,2
arctic_vegetation/20230724_birch24_m3m/DRYI/tile_20698.png,3
arctic_vegetation/20230724_birch24_m3m/DRYI/tile_20699.png,3
arctic_vegetation/20230724_birch24_m3m/DRYI/tile_20700.png,3
arctic_vegetation/20230724_birch24_m3m/BIRC/tile_20701.png,2
arctic_vegetation/20230724_birch24_m3m/BIRC/tile_20702.png,2
arctic_vegetation/20230724_birch24_m3m/BIRC/tile_20703.png,2
arctic_vegetation/20230724_birch24_m3m/BIRC/tile_20704.png,2
arctic_vegetation/20230724_birch24_m3m/BIRC/tile_20705.png,2
arctic_vegetation/20230724_birch24_m3m/BIRC/tile_20706.png,2
arctic_vegetation/20230724_birch24_m3m/BIRC/tile_20707.png,2
arctic_vegetation/20230724_birch24_m3m/BIRC/tile_20708.png,2
arctic_vegetation/20230724_birch24_m3m/BIRC/tile_20723.png,2
arctic_vegetation/20230724_birch24_m3m/BIRC/tile_20724.png,2
arctic_vegetation/20230724_birch24_m3m/BIRC/tile_20725.png,2
arctic_vegetation/20230724_birch24_m3m/BIRC/tile_20726.png,2
arctic_vegetation/20230724_birch24_m3m/BIRC/tile_20727.png,2
arctic_vegetation/20230724_birch24_m3m/BIRC/tile_20728.png,2
arctic_vegetation/20230724_birch24_m3m/BIRC/tile_20738.png,2
arctic_vegetation/20230724_birch24_m3m/BIRC/tile_20739.png,2
arctic_vegetation/20230724_birch24_m3m/BIRC/tile_20740.png,2
arctic_vegetation/20230724_birch24_m3m/BIRC/tile_20741.png,2
arctic_vegetation/20230724_birch24_m3m/DRYI/tile_20742.png,3
arctic_vegetation/20230724_birch24_m3m/DRYI/tile_20743.png,3
arctic_vegetation/20230724_birch24_m3m/DRYI/tile_20744.png,3
arctic_vegetation/20230724_birch24_m3m/DRYI/tile_20745.png,3
arctic_vegetation/20230724_birch24_m3m/DRYI/tile_20746.png,3
arctic_vegetation/20230724_birch24_m3m/BIRC/tile_20747.png,2
arctic_vegetation/20230724_birch24_m3m/BIRC/tile_20748.png,2
arctic_vegetation/20230724_birch24_m3m/BIRC/tile_20749.png,2
arctic_vegetation/20230724_birch24_m3m/BIRC/tile_20750.png,2
arctic_vegetation/20230724_birch24_m3m/SEDG/tile_20754.png,9
arctic_vegetation/20230724_birch24_m3m/SEDG/tile_20755.png,9
arctic_vegetation/20230724_birch24_m3m/SEDG/tile_20756.png,9
arctic_vegetation/20230724_birch24_m3m/BIRC/tile_20783.png,2
arctic_vegetation/20230724_birch24_m3m/BIRC/tile_20784.png,2
arctic_vegetation/20230724_birch24_m3m/BIRC/tile_20785.png,2
arctic_vegetation/20230724_birch24_m3m/BIRC/tile_20786.png,2
arctic_vegetation/20230724_birch24_m3m/BIRC/tile_20787.png,2
arctic_vegetation/20230724_birch24_m3m/BIRC/tile_20788.png,2
arctic_vegetation/20230724_birch24_m3m/DRYI/tile_20880.png,3
arctic_vegetation/20230724_birch24_m3m/DRYI/tile_20881.png,3
arctic_vegetation/20230724_birch24_m3m/DRYI/tile_20882.png,3
arctic_vegetation/20230724_birch24_m3m/DRYI/tile_20883.png,3
arctic_vegetation/20230724_birch24_m3m/WILL/tile_20884.png,11
arctic_vegetation/20230724_birch24_m3m/PETF/tile_20885.png,6
arctic_vegetation/20230724_birch24_m3m/LICH/tile_20886.png,4
arctic_vegetation/20230724_birch24_m3m/LICH/tile_20887.png,4
arctic_vegetation/20230724_birch24_m3m/LICH/tile_20888.png,4
arctic_vegetation/20230724_birch24_m3m/BIRC/tile_20890.png,2
arctic_vegetation/20230724_birch24_m3m/BIRC/tile_20891.png,2
arctic_vegetation/20230724_birch24_m3m/WILL/tile_20892.png,11
arctic_vegetation/20230724_birch24_m3m/BIRC/tile_20893.png,2
arctic_vegetation/20230724_birch24_m3m/BIRC/tile_20894.png,2
arctic_vegetation/20230724_birch24_m3m/BIRC/tile_20895.png,2
arctic_vegetation/20230724_birch24_m3m/BIRC/tile_20896.png,2
arctic_vegetation/20230724_birch24_m3m/BIRC/tile_20897.png,2
arctic_vegetation/20230724_birch24_m3m/DRYI/tile_20912.png,3
arctic_vegetation/20230724_birch24_m3m/DRYI/tile_20913.png,3
arctic_vegetation/20230724_birch24_m3m/DRYI/tile_20914.png,3
arctic_vegetation/20230724_birch24_m3m/BIRC/tile_20915.png,2
arctic_vegetation/20230724_birch24_m3m/BIRC/tile_20916.png,2
arctic_vegetation/20230724_birch24_m3m/BIRC/tile_20917.png,2
arctic_vegetation/20230724_birch24_m3m/BIRC/tile_20918.png,2
arctic_vegetation/20230724_birch24_m3m/BIRC/tile_20919.png,2
arctic_vegetation/20230724_birch24_m3m/BIRC/tile_20920.png,2
arctic_vegetation/20230724_birch24_m3m/BIRC/tile_20921.png,2
arctic_vegetation/20230724_birch24_m3m/BIRC/tile_20922.png,2
arctic_vegetation/20230724_birch24_m3m/BIRC/tile_20937.png,2
arctic_vegetation/20230724_birch24_m3m/BIRC/tile_20938.png,2
arctic_vegetation/20230724_birch24_m3m/BIRC/tile_20939.png,2
arctic_vegetation/20230724_birch24_m3m/BIRC/tile_20940.png,2
arctic_vegetation/20230724_birch24_m3m/BIRC/tile_20941.png,2
arctic_vegetation/20230724_birch24_m3m/BIRC/tile_20942.png,2
arctic_vegetation/20230724_birch24_m3m/BIRC/tile_20952.png,2
arctic_vegetation/20230724_birch24_m3m/BIRC/tile_20953.png,2
arctic_vegetation/20230724_birch24_m3m/BIRC/tile_20954.png,2
arctic_vegetation/20230724_birch24_m3m/BIRC/tile_20955.png,2
arctic_vegetation/20230724_birch24_m3m/DRYI/tile_20956.png,3
arctic_vegetation/20230724_birch24_m3m/DRYI/tile_20957.png,3
arctic_vegetation/20230724_birch24_m3m/DRYI/tile_20958.png,3
arctic_vegetation/20230724_birch24_m3m/DRYI/tile_20959.png,3
arctic_vegetation/20230724_birch24_m3m/DRYI/tile_20960.png,3
arctic_vegetation/20230724_birch24_m3m/BIRC/tile_20961.png,2
arctic_vegetation/20230724_birch24_m3m/BIRC/tile_20962.png,2
arctic_vegetation/20230724_birch24_m3m/BIRC/tile_20963.png,2
arctic_vegetation/20230724_birch24_m3m/BIRC/tile_20964.png,2
arctic_vegetation/20230724_birch24_m3m/SEDG/tile_20968.png,9
arctic_vegetation/20230724_birch24_m3m/SEDG/tile_20969.png,9
arctic_vegetation/20230724_birch24_m3m/SEDG/tile_20970.png,9
arctic_vegetation/20230724_birch24_m3m/BIRC/tile_20997.png,2
arctic_vegetation/20230724_birch24_m3m/BIRC/tile_20998.png,2
arctic_vegetation/20230724_birch24_m3m/BIRC/tile_20999.png,2
arctic_vegetation/20230724_birch24_m3m/BIRC/tile_21000.png,2
arctic_vegetation/20230724_birch24_m3m/BIRC/tile_21001.png,2
arctic_vegetation/20230724_birch24_m3m/BIRC/tile_21002.png,2
arctic_vegetation/20230724_birch24_m3m/DRYI/tile_21094.png,3
arctic_vegetation/20230724_birch24_m3m/DRYI/tile_21095.png,3
arctic_vegetation/20230724_birch24_m3m/DRYI/tile_21096.png,3
arctic_vegetation/20230724_birch24_m3m/DRYI/tile_21097.png,3
arctic_vegetation/20230724_birch24_m3m/PETF/tile_21099.png,6
arctic_vegetation/20230724_birch24_m3m/LICH/tile_21100.png,4
arctic_vegetation/20230724_birch24_m3m/LICH/tile_21101.png,4
arctic_vegetation/20230724_birch24_m3m/BIRC/tile_21104.png,2
arctic_vegetation/20230724_birch24_m3m/BIRC/tile_21105.png,2
arctic_vegetation/20230724_birch24_m3m/WILL/tile_21106.png,11
arctic_vegetation/20230724_birch24_m3m/WILL/tile_21107.png,11
arctic_vegetation/20230724_birch24_m3m/WILL/tile_21108.png,11
arctic_vegetation/20230724_birch24_m3m/BIRC/tile_21109.png,2
arctic_vegetation/20230724_birch24_m3m/BIRC/tile_21110.png,2
arctic_vegetation/20230724_birch24_m3m/BIRC/tile_21111.png,2
arctic_vegetation/20230724_birch24_m3m/BIRC/tile_21127.png,2
arctic_vegetation/20230724_birch24_m3m/BIRC/tile_21128.png,2
arctic_vegetation/20230724_birch24_m3m/BIRC/tile_21129.png,2
arctic_vegetation/20230724_birch24_m3m/BIRC/tile_21130.png,2
arctic_vegetation/20230724_birch24_m3m/BIRC/tile_21131.png,2
arctic_vegetation/20230724_birch24_m3m/BIRC/tile_21132.png,2
arctic_vegetation/20230724_birch24_m3m/BIRC/tile_21133.png,2
arctic_vegetation/20230724_birch24_m3m/BIRC/tile_21134.png,2
arctic_vegetation/20230724_birch24_m3m/BIRC/tile_21135.png,2
arctic_vegetation/20230724_birch24_m3m/BIRC/tile_21136.png,2
arctic_vegetation/20230724_birch24_m3m/BIRC/tile_21151.png,2
arctic_vegetation/20230724_birch24_m3m/BIRC/tile_21152.png,2
arctic_vegetation/20230724_birch24_m3m/BIRC/tile_21153.png,2
arctic_vegetation/20230724_birch24_m3m/BIRC/tile_21154.png,2
arctic_vegetation/20230724_birch24_m3m/BIRC/tile_21155.png,2
arctic_vegetation/20230724_birch24_m3m/BIRC/tile_21156.png,2
arctic_vegetation/20230724_birch24_m3m/BIRC/tile_21166.png,2
arctic_vegetation/20230724_birch24_m3m/BIRC/tile_21167.png,2
arctic_vegetation/20230724_birch24_m3m/BIRC/tile_21168.png,2
arctic_vegetation/20230724_birch24_m3m/BIRC/tile_21169.png,2
arctic_vegetation/20230724_birch24_m3m/BIRC/tile_21170.png,2
arctic_vegetation/20230724_birch24_m3m/BIRC/tile_21171.png,2
arctic_vegetation/20230724_birch24_m3m/BIRC/tile_21172.png,2
arctic_vegetation/20230724_birch24_m3m/BIRC/tile_21173.png,2
arctic_vegetation/20230724_birch24_m3m/BIRC/tile_21174.png,2
arctic_vegetation/20230724_birch24_m3m/BIRC/tile_21175.png,2
arctic_vegetation/20230724_birch24_m3m/BIRC/tile_21176.png,2
arctic_vegetation/20230724_birch24_m3m/BIRC/tile_21177.png,2
arctic_vegetation/20230724_birch24_m3m/BIRC/tile_21178.png,2
arctic_vegetation/20230724_birch24_m3m/SEDG/tile_21182.png,9
arctic_vegetation/20230724_birch24_m3m/SEDG/tile_21183.png,9
arctic_vegetation/20230724_birch24_m3m/SEDG/tile_21184.png,9
arctic_vegetation/20230724_birch24_m3m/BIRC/tile_21211.png,2
arctic_vegetation/20230724_birch24_m3m/BIRC/tile_21212.png,2
arctic_vegetation/20230724_birch24_m3m/BIRC/tile_21213.png,2
arctic_vegetation/20230724_birch24_m3m/BIRC/tile_21214.png,2
arctic_vegetation/20230724_birch24_m3m/BIRC/tile_21215.png,2
arctic_vegetation/20230724_birch24_m3m/BIRC/tile_21216.png,2
arctic_vegetation/20230724_birch24_m3m/BIRC/tile_21318.png,2
arctic_vegetation/20230724_birch24_m3m/BIRC/tile_21319.png,2
arctic_vegetation/20230724_birch24_m3m/BIRC/tile_21320.png,2
arctic_vegetation/20230724_birch24_m3m/WILL/tile_21321.png,11
arctic_vegetation/20230724_birch24_m3m/WILL/tile_21322.png,11
arctic_vegetation/20230724_birch24_m3m/BIRC/tile_21323.png,2
arctic_vegetation/20230724_birch24_m3m/BIRC/tile_21324.png,2
arctic_vegetation/20230724_birch24_m3m/BIRC/tile_21325.png,2
arctic_vegetation/20230724_birch24_m3m/BIRC/tile_21341.png,2
arctic_vegetation/20230724_birch24_m3m/BIRC/tile_21342.png,2
arctic_vegetation/20230724_birch24_m3m/BIRC/tile_21343.png,2
arctic_vegetation/20230724_birch24_m3m/BIRC/tile_21344.png,2
arctic_vegetation/20230724_birch24_m3m/BIRC/tile_21345.png,2
arctic_vegetation/20230724_birch24_m3m/BIRC/tile_21346.png,2
arctic_vegetation/20230724_birch24_m3m/BIRC/tile_21347.png,2
arctic_vegetation/20230724_birch24_m3m/BIRC/tile_21348.png,2
arctic_vegetation/20230724_birch24_m3m/BIRC/tile_21349.png,2
arctic_vegetation/20230724_birch24_m3m/BIRC/tile_21350.png,2
arctic_vegetation/20230724_birch24_m3m/BIRC/tile_21365.png,2
arctic_vegetation/20230724_birch24_m3m/BIRC/tile_21366.png,2
arctic_vegetation/20230724_birch24_m3m/BIRC/tile_21367.png,2
arctic_vegetation/20230724_birch24_m3m/BIRC/tile_21368.png,2
arctic_vegetation/20230724_birch24_m3m/BIRC/tile_21369.png,2
arctic_vegetation/20230724_birch24_m3m/BIRC/tile_21370.png,2
arctic_vegetation/20230724_birch24_m3m/BIRC/tile_21380.png,2
arctic_vegetation/20230724_birch24_m3m/BIRC/tile_21381.png,2
arctic_vegetation/20230724_birch24_m3m/BIRC/tile_21382.png,2
arctic_vegetation/20230724_birch24_m3m/BIRC/tile_21383.png,2
arctic_vegetation/20230724_birch24_m3m/BIRC/tile_21384.png,2
arctic_vegetation/20230724_birch24_m3m/BIRC/tile_21385.png,2
arctic_vegetation/20230724_birch24_m3m/BIRC/tile_21386.png,2
arctic_vegetation/20230724_birch24_m3m/BIRC/tile_21387.png,2
arctic_vegetation/20230724_birch24_m3m/BIRC/tile_21388.png,2
arctic_vegetation/20230724_birch24_m3m/BIRC/tile_21389.png,2
arctic_vegetation/20230724_birch24_m3m/BIRC/tile_21390.png,2
arctic_vegetation/20230724_birch24_m3m/BIRC/tile_21391.png,2
arctic_vegetation/20230724_birch24_m3m/BIRC/tile_21392.png,2
arctic_vegetation/20230724_birch24_m3m/SEDG/tile_21396.png,9
arctic_vegetation/20230724_birch24_m3m/SEDG/tile_21397.png,9
arctic_vegetation/20230724_birch24_m3m/SEDG/tile_21398.png,9
arctic_vegetation/20230724_birch24_m3m/BIRC/tile_21410.png,2
arctic_vegetation/20230724_birch24_m3m/BIRC/tile_21411.png,2
arctic_vegetation/20230724_birch24_m3m/BIRC/tile_21412.png,2
arctic_vegetation/20230724_birch24_m3m/SEDG/tile_21423.png,9
arctic_vegetation/20230724_birch24_m3m/SEDG/tile_21424.png,9
arctic_vegetation/20230724_birch24_m3m/BIRC/tile_21425.png,2
arctic_vegetation/20230724_birch24_m3m/BIRC/tile_21426.png,2
arctic_vegetation/20230724_birch24_m3m/BIRC/tile_21427.png,2
arctic_vegetation/20230724_birch24_m3m/BIRC/tile_21428.png,2
arctic_vegetation/20230724_birch24_m3m/BIRC/tile_21429.png,2
arctic_vegetation/20230724_birch24_m3m/BIRC/tile_21430.png,2
arctic_vegetation/20230724_birch24_m3m/BIRC/tile_21431.png,2
arctic_vegetation/20230724_birch24_m3m/WILL/tile_21535.png,11
arctic_vegetation/20230724_birch24_m3m/WILL/tile_21536.png,11
arctic_vegetation/20230724_birch24_m3m/BIRC/tile_21537.png,2
arctic_vegetation/20230724_birch24_m3m/BIRC/tile_21538.png,2
arctic_vegetation/20230724_birch24_m3m/BIRC/tile_21555.png,2
arctic_vegetation/20230724_birch24_m3m/BIRC/tile_21556.png,2
arctic_vegetation/20230724_birch24_m3m/BIRC/tile_21557.png,2
arctic_vegetation/20230724_birch24_m3m/BIRC/tile_21558.png,2
arctic_vegetation/20230724_birch24_m3m/BIRC/tile_21559.png,2
arctic_vegetation/20230724_birch24_m3m/BIRC/tile_21560.png,2
arctic_vegetation/20230724_birch24_m3m/BIRC/tile_21561.png,2
arctic_vegetation/20230724_birch24_m3m/BIRC/tile_21562.png,2
arctic_vegetation/20230724_birch24_m3m/BIRC/tile_21563.png,2
arctic_vegetation/20230724_birch24_m3m/DRYI/tile_21564.png,3
arctic_vegetation/20230724_birch24_m3m/DRYI/tile_21565.png,3
arctic_vegetation/20230724_birch24_m3m/DRYI/tile_21566.png,3
arctic_vegetation/20230724_birch24_m3m/BIRC/tile_21579.png,2
arctic_vegetation/20230724_birch24_m3m/BIRC/tile_21580.png,2
arctic_vegetation/20230724_birch24_m3m/BIRC/tile_21581.png,2
arctic_vegetation/20230724_birch24_m3m/BIRC/tile_21582.png,2
arctic_vegetation/20230724_birch24_m3m/BIRC/tile_21583.png,2
arctic_vegetation/20230724_birch24_m3m/BIRC/tile_21584.png,2
arctic_vegetation/20230724_birch24_m3m/BIRC/tile_21585.png,2
arctic_vegetation/20230724_birch24_m3m/BIRC/tile_21586.png,2
arctic_vegetation/20230724_birch24_m3m/BIRC/tile_21587.png,2
arctic_vegetation/20230724_birch24_m3m/BIRC/tile_21588.png,2
arctic_vegetation/20230724_birch24_m3m/BIRC/tile_21589.png,2
arctic_vegetation/20230724_birch24_m3m/BIRC/tile_21590.png,2
arctic_vegetation/20230724_birch24_m3m/BIRC/tile_21591.png,2
arctic_vegetation/20230724_birch24_m3m/BIRC/tile_21592.png,2
arctic_vegetation/20230724_birch24_m3m/BIRC/tile_21593.png,2
arctic_vegetation/20230724_birch24_m3m/BIRC/tile_21594.png,2
arctic_vegetation/20230724_birch24_m3m/BIRC/tile_21595.png,2
arctic_vegetation/20230724_birch24_m3m/BIRC/tile_21596.png,2
arctic_vegetation/20230724_birch24_m3m/BIRC/tile_21597.png,2
arctic_vegetation/20230724_birch24_m3m/BIRC/tile_21598.png,2
arctic_vegetation/20230724_birch24_m3m/BIRC/tile_21599.png,2
arctic_vegetation/20230724_birch24_m3m/BIRC/tile_21600.png,2
arctic_vegetation/20230724_birch24_m3m/BIRC/tile_21601.png,2
arctic_vegetation/20230724_birch24_m3m/BIRC/tile_21602.png,2
arctic_vegetation/20230724_birch24_m3m/BIRC/tile_21603.png,2
arctic_vegetation/20230724_birch24_m3m/BIRC/tile_21604.png,2
arctic_vegetation/20230724_birch24_m3m/BIRC/tile_21605.png,2
arctic_vegetation/20230724_birch24_m3m/BIRC/tile_21606.png,2
arctic_vegetation/20230724_birch24_m3m/BIRC/tile_21607.png,2
arctic_vegetation/20230724_birch24_m3m/BIRC/tile_21608.png,2
arctic_vegetation/20230724_birch24_m3m/BIRC/tile_21609.png,2
arctic_vegetation/20230724_birch24_m3m/BIRC/tile_21610.png,2
arctic_vegetation/20230724_birch24_m3m/BIRC/tile_21611.png,2
arctic_vegetation/20230724_birch24_m3m/BIRC/tile_21612.png,2
arctic_vegetation/20230724_birch24_m3m/BIRC/tile_21613.png,2
arctic_vegetation/20230724_birch24_m3m/BIRC/tile_21614.png,2
arctic_vegetation/20230724_birch24_m3m/BIRC/tile_21615.png,2
arctic_vegetation/20230724_birch24_m3m/BIRC/tile_21616.png,2
arctic_vegetation/20230724_birch24_m3m/BIRC/tile_21617.png,2
arctic_vegetation/20230724_birch24_m3m/BIRC/tile_21618.png,2
arctic_vegetation/20230724_birch24_m3m/BIRC/tile_21619.png,2
arctic_vegetation/20230724_birch24_m3m/BIRC/tile_21620.png,2
arctic_vegetation/20230724_birch24_m3m/BIRC/tile_21621.png,2
arctic_vegetation/20230724_birch24_m3m/BIRC/tile_21622.png,2
arctic_vegetation/20230724_birch24_m3m/BIRC/tile_21623.png,2
arctic_vegetation/20230724_birch24_m3m/BIRC/tile_21624.png,2
arctic_vegetation/20230724_birch24_m3m/BIRC/tile_21625.png,2
arctic_vegetation/20230724_birch24_m3m/BIRC/tile_21626.png,2
arctic_vegetation/20230724_birch24_m3m/BIRC/tile_21627.png,2
arctic_vegetation/20230724_birch24_m3m/BIRC/tile_21628.png,2
arctic_vegetation/20230724_birch24_m3m/BIRC/tile_21631.png,2
arctic_vegetation/20230724_birch24_m3m/BIRC/tile_21632.png,2
arctic_vegetation/20230724_birch24_m3m/BIRC/tile_21633.png,2
arctic_vegetation/20230724_birch24_m3m/BIRC/tile_21634.png,2
arctic_vegetation/20230724_birch24_m3m/BIRC/tile_21635.png,2
arctic_vegetation/20230724_birch24_m3m/BIRC/tile_21636.png,2
arctic_vegetation/20230724_birch24_m3m/BIRC/tile_21637.png,2
arctic_vegetation/20230724_birch24_m3m/SEDG/tile_21638.png,9
arctic_vegetation/20230724_birch24_m3m/BIRC/tile_21639.png,2
arctic_vegetation/20230724_birch24_m3m/BIRC/tile_21640.png,2
arctic_vegetation/20230724_birch24_m3m/BIRC/tile_21641.png,2
arctic_vegetation/20230724_birch24_m3m/BIRC/tile_21642.png,2
arctic_vegetation/20230724_birch24_m3m/BIRC/tile_21643.png,2
arctic_vegetation/20230724_birch24_m3m/BIRC/tile_21644.png,2
arctic_vegetation/20230724_birch24_m3m/BIRC/tile_21645.png,2
arctic_vegetation/20230724_birch24_m3m/BIRC/tile_21767.png,2
arctic_vegetation/20230724_birch24_m3m/BIRC/tile_21768.png,2
