filepath,label
arctic_vegetation/20230724_riparianshrub20_m3m/MOSS/tile_01526.png,5
arctic_vegetation/20230724_riparianshrub20_m3m/MOSS/tile_01527.png,5
arctic_vegetation/20230724_riparianshrub20_m3m/BIRC/tile_01646.png,2
arctic_vegetation/20230724_riparianshrub20_m3m/BIRC/tile_01647.png,2
arctic_vegetation/20230724_riparianshrub20_m3m/BIRC/tile_01648.png,2
arctic_vegetation/20230724_riparianshrub20_m3m/BIRC/tile_01649.png,2
arctic_vegetation/20230724_riparianshrub20_m3m/BIRC/tile_01650.png,2
arctic_vegetation/20230724_riparianshrub20_m3m/BIRC/tile_01651.png,2
arctic_vegetation/20230724_riparianshrub20_m3m/BIRC/tile_01652.png,2
arctic_vegetation/20230724_riparianshrub20_m3m/BIRC/tile_01653.png,2
arctic_vegetation/20230724_riparianshrub20_m3m/BIRC/tile_01654.png,2
arctic_vegetation/20230724_riparianshrub20_m3m/BIRC/tile_01655.png,2
arctic_vegetation/20230724_riparianshrub20_m3m/MOSS/tile_01664.png,5
arctic_vegetation/20230724_riparianshrub20_m3m/MOSS/tile_01665.png,5
arctic_vegetation/20230724_riparianshrub20_m3m/MOSS/tile_01666.png,5
arctic_vegetation/20230724_riparianshrub20_m3m/MOSS/tile_01667.png,5
arctic_vegetation/20230724_riparianshrub20_m3m/MOSS/tile_01668.png,5
arctic_vegetation/20230724_riparianshrub20_m3m/MOSS/tile_01669.png,5
arctic_vegetation/20230724_riparianshrub20_m3m/BIRC/tile_01790.png,2
arctic_vegetation/20230724_riparianshrub20_m3m/BIRC/tile_01791.png,2
arctic_vegetation/20230724_riparianshrub20_m3m/BIRC/tile_01792.png,2
arctic_vegetation/20230724_riparianshrub20_m3m/BIRC/tile_01793.png,2
arctic_vegetation/20230724_riparianshrub20_m3m/BIRC/tile_01794.png,2
arctic_vegetation/20230724_riparianshrub20_m3m/BIRC/tile_01795.png,2
arctic_vegetation/20230724_riparianshrub20_m3m/BIRC/tile_01796.png,2
arctic_vegetation/20230724_riparianshrub20_m3m/BIRC/tile_01797.png,2
arctic_vegetation/20230724_riparianshrub20_m3m/BIRC/tile_01798.png,2
arctic_vegetation/20230724_riparianshrub20_m3m/BIRC/tile_01799.png,2
arctic_vegetation/20230724_riparianshrub20_m3m/MOSS/tile_01808.png,5
arctic_vegetation/20230724_riparianshrub20_m3m/MOSS/tile_01809.png,5
arctic_vegetation/20230724_riparianshrub20_m3m/MOSS/tile_01810.png,5
arctic_vegetation/20230724_riparianshrub20_m3m/MOSS/tile_01811.png,5
arctic_vegetation/20230724_riparianshrub20_m3m/MOSS/tile_01812.png,5
arctic_vegetation/20230724_riparianshrub20_m3m/MOSS/tile_01813.png,5
arctic_vegetation/20230724_riparianshrub20_m3m/BIRC/tile_01935.png,2
arctic_vegetation/20230724_riparianshrub20_m3m/BIRC/tile_01936.png,2
arctic_vegetation/20230724_riparianshrub20_m3m/BIRC/tile_01937.png,2
arctic_vegetation/20230724_riparianshrub20_m3m/BIRC/tile_01938.png,2
arctic_vegetation/20230724_riparianshrub20_m3m/BIRC/tile_01939.png,2
arctic_vegetation/20230724_riparianshrub20_m3m/BIRC/tile_01940.png,2
arctic_vegetation/20230724_riparianshrub20_m3m/BIRC/tile_01941.png,2
arctic_vegetation/20230724_riparianshrub20_m3m/BIRC/tile_01942.png,2
arctic_vegetation/20230724_riparianshrub20_m3m/BIRC/tile_01943.png,2
arctic_vegetation/20230724_riparianshrub20_m3m/MOSS/tile_01952.png,5
arctic_vegetation/20230724_riparianshrub20_m3m/MOSS/tile_01953.png,5
arctic_vegetation/20230724_riparianshrub20_m3m/MOSS/tile_01954.png,5
arctic_vegetation/20230724_riparianshrub20_m3m/MOSS/tile_01955.png,5
arctic_vegetation/20230724_riparianshrub20_m3m/MOSS/tile_01956.png,5
arctic_vegetation/20230724_riparianshrub20_m3m/MOSS/tile_01957.png,5
arctic_vegetation/20230724_riparianshrub20_m3m/MOSS/tile_01958.png,5
arctic_vegetation/20230724_riparianshrub20_m3m/BIRC/tile_02082.png,2
arctic_vegetation/20230724_riparianshrub20_m3m/BIRC/tile_02083.png,2
arctic_vegetation/20230724_riparianshrub20_m3m/BIRC/tile_02084.png,2
arctic_vegetation/20230724_riparianshrub20_m3m/BIRC/tile_02085.png,2
arctic_vegetation/20230724_riparianshrub20_m3m/BIRC/tile_02086.png,2
arctic_vegetation/20230724_riparianshrub20_m3m/BIRC/tile_02087.png,2
arctic_vegetation/20230724_riparianshrub20_m3m/BIRC/tile_02088.png,2
arctic_vegetation/20230724_riparianshrub20_m3m/BIRC/tile_02089.png,2
arctic_vegetation/20230724_riparianshrub20_m3m/BIRC/tile_02090.png,2
arctic_vegetation/20230724_riparianshrub20_m3m/MOSS/tile_02099.png,5
arctic_vegetation/20230724_riparianshrub20_m3m/MOSS/tile_02100.png,5
arctic_vegetation/20230724_riparianshrub20_m3m/MOSS/tile_02101.png,5
arctic_vegetation/20230724_riparianshrub20_m3m/MOSS/tile_02102.png,5
arctic_vegetation/20230724_riparianshrub20_m3m/MOSS/tile_02103.png,5
arctic_vegetation/20230724_riparianshrub20_m3m/MOSS/tile_02104.png,5
arctic_vegetation/20230724_riparianshrub20_m3m/MOSS/tile_02109.png,5
arctic_vegetation/20230724_riparianshrub20_m3m/BIRC/tile_02231.png,2
arctic_vegetation/20230724_riparianshrub20_m3m/BIRC/tile_02232.png,2
arctic_vegetation/20230724_riparianshrub20_m3m/BIRC/tile_02233.png,2
arctic_vegetation/20230724_riparianshrub20_m3m/BIRC/tile_02234.png,2
arctic_vegetation/20230724_riparianshrub20_m3m/MOSS/tile_02235.png,5
arctic_vegetation/20230724_riparianshrub20_m3m/MOSS/tile_02236.png,5
arctic_vegetation/20230724_riparianshrub20_m3m/BIRC/tile_02237.png,2
arctic_vegetation/20230724_riparianshrub20_m3m/BIRC/tile_02238.png,2
arctic_vegetation/20230724_riparianshrub20_m3m/BIRC/tile_02239.png,2
arctic_vegetation/20230724_riparianshrub20_m3m/MOSS/tile_02248.png,5
arctic_vegetation/20230724_riparianshrub20_m3m/MOSS/tile_02249.png,5
arctic_vegetation/20230724_riparianshrub20_m3m/MOSS/tile_02250.png,5
arctic_vegetation/20230724_riparianshrub20_m3m/MOSS/tile_02251.png,5
arctic_vegetation/20230724_riparianshrub20_m3m/MOSS/tile_02252.png,5
arctic_vegetation/20230724_riparianshrub20_m3m/MOSS/tile_02258.png,5
arctic_vegetation/20230724_riparianshrub20_m3m/MOSS/tile_02259.png,5
arctic_vegetation/20230724_riparianshrub20_m3m/BIRC/tile_02538.png,2
arctic_vegetation/20230724_riparianshrub20_m3m/BIRC/tile_02539.png,2
arctic_vegetation/20230724_riparianshrub20_m3m/BIRC/tile_02540.png,2
arctic_vegetation/20230724_riparianshrub20_m3m/BIRC/tile_02541.png,2
arctic_vegetation/20230724_riparianshrub20_m3m/BIRC/tile_02692.png,2
arctic_vegetation/20230724_riparianshrub20_m3m/BIRC/tile_02693.png,2
arctic_vegetation/20230724_riparianshrub20_m3m/BIRC/tile_02694.png,2
arctic_vegetation/20230724_riparianshrub20_m3m/BIRC/tile_02695.png,2
arctic_vegetation/20230724_riparianshrub20_m3m/BIRC/tile_02696.png,2
arctic_vegetation/20230724_riparianshrub20_m3m/BIRC/tile_02848.png,2
arctic_vegetation/20230724_riparianshrub20_m3m/BIRC/tile_02849.png,2
arctic_vegetation/20230724_riparianshrub20_m3m/BIRC/tile_02850.png,2
arctic_vegetation/20230724_riparianshrub20_m3m/BIRC/tile_02851.png,2
arctic_vegetation/20230724_riparianshrub20_m3m/BIRC/tile_02852.png,2
arctic_vegetation/20230724_riparianshrub20_m3m/BIRC/tile_03005.png,2
arctic_vegetation/20230724_riparianshrub20_m3m/BIRC/tile_03006.png,2
arctic_vegetation/20230724_riparianshrub20_m3m/BIRC/tile_03007.png,2
arctic_vegetation/20230724_riparianshrub20_m3m/BIRC/tile_03008.png,2
arctic_vegetation/20230724_riparianshrub20_m3m/MOSS/tile_03034.png,5
arctic_vegetation/20230724_riparianshrub20_m3m/ALDE/tile_06051.png,0
arctic_vegetation/20230724_riparianshrub20_m3m/ALDE/tile_06052.png,0
arctic_vegetation/20230724_riparianshrub20_m3m/LICH/tile_06222.png,4
arctic_vegetation/20230724_riparianshrub20_m3m/LICH/tile_06223.png,4
arctic_vegetation/20230724_riparianshrub20_m3m/ALDE/tile_06226.png,0
arctic_vegetation/20230724_riparianshrub20_m3m/ALDE/tile_06227.png,0
arctic_vegetation/20230724_riparianshrub20_m3m/ALDE/tile_06228.png,0
arctic_vegetation/20230724_riparianshrub20_m3m/BIRC/tile_06252.png,2
arctic_vegetation/20230724_riparianshrub20_m3m/BIRC/tile_06253.png,2
arctic_vegetation/20230724_riparianshrub20_m3m/WILL/tile_06254.png,11
arctic_vegetation/20230724_riparianshrub20_m3m/WILL/tile_06255.png,11
arctic_vegetation/20230724_riparianshrub20_m3m/WILL/tile_06256.png,11
arctic_vegetation/20230724_riparianshrub20_m3m/WILL/tile_06257.png,11
arctic_vegetation/20230724_riparianshrub20_m3m/BIRC/tile_06258.png,2
arctic_vegetation/20230724_riparianshrub20_m3m/BIRC/tile_06259.png,2
arctic_vegetation/20230724_riparianshrub20_m3m/BIRC/tile_06260.png,2
arctic_vegetation/20230724_riparianshrub20_m3m/LICH/tile_06395.png,4
arctic_vegetation/20230724_riparianshrub20_m3m/BIRC/tile_06396.png,2
arctic_vegetation/20230724_riparianshrub20_m3m/BIRC/tile_06397.png,2
arctic_vegetation/20230724_riparianshrub20_m3m/BIRC/tile_06398.png,2
arctic_vegetation/20230724_riparianshrub20_m3m/BIRC/tile_06399.png,2
arctic_vegetation/20230724_riparianshrub20_m3m/ALDE/tile_06400.png,0
arctic_vegetation/20230724_riparianshrub20_m3m/ALDE/tile_06401.png,0
arctic_vegetation/20230724_riparianshrub20_m3m/ALDE/tile_06402.png,0
arctic_vegetation/20230724_riparianshrub20_m3m/ALDE/tile_06403.png,0
arctic_vegetation/20230724_riparianshrub20_m3m/BIRC/tile_06426.png,2
arctic_vegetation/20230724_riparianshrub20_m3m/BIRC/tile_06427.png,2
arctic_vegetation/20230724_riparianshrub20_m3m/BIRC/tile_06428.png,2
arctic_vegetation/20230724_riparianshrub20_m3m/BIRC/tile_06429.png,2
arctic_vegetation/20230724_riparianshrub20_m3m/BIRC/tile_06430.png,2
arctic_vegetation/20230724_riparianshrub20_m3m/BIRC/tile_06431.png,2
arctic_vegetation/20230724_riparianshrub20_m3m/BIRC/tile_06432.png,2
arctic_vegetation/20230724_riparianshrub20_m3m/BIRC/tile_06433.png,2
arctic_vegetation/20230724_riparianshrub20_m3m/BIRC/tile_06434.png,2
arctic_vegetation/20230724_riparianshrub20_m3m/BIRC/tile_06435.png,2
arctic_vegetation/20230724_riparianshrub20_m3m/LICH/tile_06570.png,4
arctic_vegetation/20230724_riparianshrub20_m3m/BIRC/tile_06571.png,2
arctic_vegetation/20230724_riparianshrub20_m3m/BIRC/tile_06572.png,2
arctic_vegetation/20230724_riparianshrub20_m3m/BIRC/tile_06573.png,2
arctic_vegetation/20230724_riparianshrub20_m3m/BIRC/tile_06574.png,2
arctic_vegetation/20230724_riparianshrub20_m3m/ALDE/tile_06575.png,0
arctic_vegetation/20230724_riparianshrub20_m3m/ALDE/tile_06576.png,0
arctic_vegetation/20230724_riparianshrub20_m3m/ALDE/tile_06577.png,0
arctic_vegetation/20230724_riparianshrub20_m3m/ALDE/tile_06578.png,0
arctic_vegetation/20230724_riparianshrub20_m3m/ALDE/tile_06579.png,0
arctic_vegetation/20230724_riparianshrub20_m3m/ALDE/tile_06580.png,0
arctic_vegetation/20230724_riparianshrub20_m3m/ALDE/tile_06581.png,0
arctic_vegetation/20230724_riparianshrub20_m3m/ALDE/tile_06582.png,0
arctic_vegetation/20230724_riparianshrub20_m3m/ALDE/tile_06589.png,0
arctic_vegetation/20230724_riparianshrub20_m3m/ALDE/tile_06590.png,0
arctic_vegetation/20230724_riparianshrub20_m3m/BIRC/tile_06601.png,2
arctic_vegetation/20230724_riparianshrub20_m3m/BIRC/tile_06602.png,2
arctic_vegetation/20230724_riparianshrub20_m3m/BIRC/tile_06603.png,2
arctic_vegetation/20230724_riparianshrub20_m3m/BIRC/tile_06604.png,2
arctic_vegetation/20230724_riparianshrub20_m3m/BIRC/tile_06605.png,2
arctic_vegetation/20230724_riparianshrub20_m3m/BIRC/tile_06606.png,2
arctic_vegetation/20230724_riparianshrub20_m3m/BIRC/tile_06607.png,2
arctic_vegetation/20230724_riparianshrub20_m3m/BIRC/tile_06608.png,2
arctic_vegetation/20230724_riparianshrub20_m3m/BIRC/tile_06609.png,2
arctic_vegetation/20230724_riparianshrub20_m3m/BIRC/tile_06610.png,2
arctic_vegetation/20230724_riparianshrub20_m3m/MOSS/tile_06742.png,5
arctic_vegetation/20230724_riparianshrub20_m3m/MOSS/tile_06743.png,5
arctic_vegetation/20230724_riparianshrub20_m3m/MOSS/tile_06744.png,5
arctic_vegetation/20230724_riparianshrub20_m3m/MOSS/tile_06745.png,5
arctic_vegetation/20230724_riparianshrub20_m3m/MOSS/tile_06746.png,5
arctic_vegetation/20230724_riparianshrub20_m3m/BIRC/tile_06747.png,2
arctic_vegetation/20230724_riparianshrub20_m3m/BIRC/tile_06748.png,2
arctic_vegetation/20230724_riparianshrub20_m3m/BIRC/tile_06749.png,2
arctic_vegetation/20230724_riparianshrub20_m3m/ALDE/tile_06750.png,0
arctic_vegetation/20230724_riparianshrub20_m3m/ALDE/tile_06751.png,0
arctic_vegetation/20230724_riparianshrub20_m3m/ALDE/tile_06752.png,0
arctic_vegetation/20230724_riparianshrub20_m3m/ALDE/tile_06753.png,0
arctic_vegetation/20230724_riparianshrub20_m3m/ALDE/tile_06754.png,0
arctic_vegetation/20230724_riparianshrub20_m3m/ALDE/tile_06755.png,0
arctic_vegetation/20230724_riparianshrub20_m3m/ALDE/tile_06756.png,0
arctic_vegetation/20230724_riparianshrub20_m3m/ALDE/tile_06757.png,0
arctic_vegetation/20230724_riparianshrub20_m3m/ALDE/tile_06758.png,0
arctic_vegetation/20230724_riparianshrub20_m3m/ALDE/tile_06759.png,0
arctic_vegetation/20230724_riparianshrub20_m3m/ALDE/tile_06763.png,0
arctic_vegetation/20230724_riparianshrub20_m3m/ALDE/tile_06764.png,0
arctic_vegetation/20230724_riparianshrub20_m3m/ALDE/tile_06765.png,0
arctic_vegetation/20230724_riparianshrub20_m3m/BIRC/tile_06776.png,2
arctic_vegetation/20230724_riparianshrub20_m3m/BIRC/tile_06777.png,2
arctic_vegetation/20230724_riparianshrub20_m3m/BIRC/tile_06778.png,2
arctic_vegetation/20230724_riparianshrub20_m3m/BIRC/tile_06779.png,2
arctic_vegetation/20230724_riparianshrub20_m3m/BIRC/tile_06780.png,2
arctic_vegetation/20230724_riparianshrub20_m3m/BIRC/tile_06781.png,2
arctic_vegetation/20230724_riparianshrub20_m3m/BIRC/tile_06782.png,2
arctic_vegetation/20230724_riparianshrub20_m3m/BIRC/tile_06783.png,2
arctic_vegetation/20230724_riparianshrub20_m3m/BIRC/tile_06784.png,2
arctic_vegetation/20230724_riparianshrub20_m3m/BIRC/tile_06785.png,2
arctic_vegetation/20230724_riparianshrub20_m3m/MOSS/tile_06905.png,5
arctic_vegetation/20230724_riparianshrub20_m3m/MOSS/tile_06906.png,5
arctic_vegetation/20230724_riparianshrub20_m3m/MOSS/tile_06907.png,5
arctic_vegetation/20230724_riparianshrub20_m3m/MOSS/tile_06908.png,5
arctic_vegetation/20230724_riparianshrub20_m3m/MOSS/tile_06909.png,5
arctic_vegetation/20230724_riparianshrub20_m3m/MOSS/tile_06910.png,5
arctic_vegetation/20230724_riparianshrub20_m3m/MOSS/tile_06911.png,5
arctic_vegetation/20230724_riparianshrub20_m3m/MOSS/tile_06912.png,5
arctic_vegetation/20230724_riparianshrub20_m3m/MOSS/tile_06917.png,5
arctic_vegetation/20230724_riparianshrub20_m3m/MOSS/tile_06918.png,5
arctic_vegetation/20230724_riparianshrub20_m3m/MOSS/tile_06919.png,5
arctic_vegetation/20230724_riparianshrub20_m3m/MOSS/tile_06920.png,5
arctic_vegetation/20230724_riparianshrub20_m3m/MOSS/tile_06921.png,5
arctic_vegetation/20230724_riparianshrub20_m3m/BIRC/tile_06922.png,2
arctic_vegetation/20230724_riparianshrub20_m3m/ALDE/tile_06923.png,0
arctic_vegetation/20230724_riparianshrub20_m3m/ALDE/tile_06924.png,0
arctic_vegetation/20230724_riparianshrub20_m3m/ALDE/tile_06925.png,0
arctic_vegetation/20230724_riparianshrub20_m3m/ALDE/tile_06926.png,0
arctic_vegetation/20230724_riparianshrub20_m3m/ALDE/tile_06927.png,0
arctic_vegetation/20230724_riparianshrub20_m3m/ALDE/tile_06928.png,0
arctic_vegetation/20230724_riparianshrub20_m3m/ALDE/tile_06929.png,0
arctic_vegetation/20230724_riparianshrub20_m3m/ALDE/tile_06930.png,0
arctic_vegetation/20230724_riparianshrub20_m3m/ALDE/tile_06931.png,0
arctic_vegetation/20230724_riparianshrub20_m3m/ALDE/tile_06932.png,0
arctic_vegetation/20230724_riparianshrub20_m3m/ALDE/tile_06933.png,0
arctic_vegetation/20230724_riparianshrub20_m3m/ALDE/tile_06934.png,0
arctic_vegetation/20230724_riparianshrub20_m3m/ALDE/tile_06935.png,0
arctic_vegetation/20230724_riparianshrub20_m3m/ALDE/tile_06938.png,0
arctic_vegetation/20230724_riparianshrub20_m3m/ALDE/tile_06939.png,0
arctic_vegetation/20230724_riparianshrub20_m3m/ALDE/tile_06940.png,0
arctic_vegetation/20230724_riparianshrub20_m3m/SEDG/tile_06951.png,9
arctic_vegetation/20230724_riparianshrub20_m3m/SEDG/tile_06952.png,9
arctic_vegetation/20230724_riparianshrub20_m3m/SEDG/tile_06953.png,9
arctic_vegetation/20230724_riparianshrub20_m3m/SEDG/tile_06954.png,9
arctic_vegetation/20230724_riparianshrub20_m3m/SEDG/tile_06955.png,9
arctic_vegetation/20230724_riparianshrub20_m3m/SEDG/tile_06956.png,9
arctic_vegetation/20230724_riparianshrub20_m3m/SEDG/tile_06957.png,9
arctic_vegetation/20230724_riparianshrub20_m3m/SEDG/tile_06958.png,9
arctic_vegetation/20230724_riparianshrub20_m3m/SEDG/tile_06959.png,9
arctic_vegetation/20230724_riparianshrub20_m3m/SEDG/tile_06960.png,9
arctic_vegetation/20230724_riparianshrub20_m3m/MOSS/tile_07071.png,5
arctic_vegetation/20230724_riparianshrub20_m3m/MOSS/tile_07072.png,5
arctic_vegetation/20230724_riparianshrub20_m3m/MOSS/tile_07073.png,5
arctic_vegetation/20230724_riparianshrub20_m3m/MOSS/tile_07074.png,5
arctic_vegetation/20230724_riparianshrub20_m3m/MOSS/tile_07075.png,5
arctic_vegetation/20230724_riparianshrub20_m3m/MOSS/tile_07076.png,5
arctic_vegetation/20230724_riparianshrub20_m3m/MOSS/tile_07080.png,5
arctic_vegetation/20230724_riparianshrub20_m3m/MOSS/tile_07081.png,5
arctic_vegetation/20230724_riparianshrub20_m3m/MOSS/tile_07082.png,5
arctic_vegetation/20230724_riparianshrub20_m3m/MOSS/tile_07083.png,5
arctic_vegetation/20230724_riparianshrub20_m3m/MOSS/tile_07084.png,5
arctic_vegetation/20230724_riparianshrub20_m3m/MOSS/tile_07085.png,5
arctic_vegetation/20230724_riparianshrub20_m3m/MOSS/tile_07086.png,5
arctic_vegetation/20230724_riparianshrub20_m3m/MOSS/tile_07087.png,5
arctic_vegetation/20230724_riparianshrub20_m3m/MOSS/tile_07088.png,5
arctic_vegetation/20230724_riparianshrub20_m3m/MOSS/tile_07089.png,5
arctic_vegetation/20230724_riparianshrub20_m3m/MOSS/tile_07092.png,5
arctic_vegetation/20230724_riparianshrub20_m3m/MOSS/tile_07093.png,5
arctic_vegetation/20230724_riparianshrub20_m3m/MOSS/tile_07094.png,5
arctic_vegetation/20230724_riparianshrub20_m3m/MOSS/tile_07095.png,5
arctic_vegetation/20230724_riparianshrub20_m3m/MOSS/tile_07096.png,5
arctic_vegetation/20230724_riparianshrub20_m3m/MOSS/tile_07097.png,5
arctic_vegetation/20230724_riparianshrub20_m3m/ALDE/tile_07098.png,0
arctic_vegetation/20230724_riparianshrub20_m3m/ALDE/tile_07099.png,0
arctic_vegetation/20230724_riparianshrub20_m3m/ALDE/tile_07100.png,0
arctic_vegetation/20230724_riparianshrub20_m3m/ALDE/tile_07101.png,0
arctic_vegetation/20230724_riparianshrub20_m3m/ALDE/tile_07102.png,0
arctic_vegetation/20230724_riparianshrub20_m3m/ALDE/tile_07103.png,0
arctic_vegetation/20230724_riparianshrub20_m3m/ALDE/tile_07104.png,0
arctic_vegetation/20230724_riparianshrub20_m3m/ALDE/tile_07105.png,0
arctic_vegetation/20230724_riparianshrub20_m3m/ALDE/tile_07106.png,0
arctic_vegetation/20230724_riparianshrub20_m3m/ALDE/tile_07107.png,0
arctic_vegetation/20230724_riparianshrub20_m3m/ALDE/tile_07108.png,0
arctic_vegetation/20230724_riparianshrub20_m3m/ALDE/tile_07109.png,0
arctic_vegetation/20230724_riparianshrub20_m3m/ALDE/tile_07110.png,0
arctic_vegetation/20230724_riparianshrub20_m3m/ALDE/tile_07113.png,0
arctic_vegetation/20230724_riparianshrub20_m3m/ALDE/tile_07114.png,0
arctic_vegetation/20230724_riparianshrub20_m3m/ALDE/tile_07118.png,0
arctic_vegetation/20230724_riparianshrub20_m3m/ALDE/tile_07119.png,0
arctic_vegetation/20230724_riparianshrub20_m3m/ALDE/tile_07120.png,0
arctic_vegetation/20230724_riparianshrub20_m3m/ALDE/tile_07121.png,0
arctic_vegetation/20230724_riparianshrub20_m3m/PETF/tile_07123.png,6
arctic_vegetation/20230724_riparianshrub20_m3m/PETF/tile_07124.png,6
arctic_vegetation/20230724_riparianshrub20_m3m/PETF/tile_07125.png,6
arctic_vegetation/20230724_riparianshrub20_m3m/PETF/tile_07126.png,6
arctic_vegetation/20230724_riparianshrub20_m3m/SEDG/tile_07127.png,9
arctic_vegetation/20230724_riparianshrub20_m3m/SEDG/tile_07128.png,9
arctic_vegetation/20230724_riparianshrub20_m3m/SEDG/tile_07129.png,9
arctic_vegetation/20230724_riparianshrub20_m3m/SEDG/tile_07130.png,9
arctic_vegetation/20230724_riparianshrub20_m3m/SEDG/tile_07131.png,9
arctic_vegetation/20230724_riparianshrub20_m3m/SEDG/tile_07132.png,9
arctic_vegetation/20230724_riparianshrub20_m3m/SEDG/tile_07133.png,9
arctic_vegetation/20230724_riparianshrub20_m3m/SEDG/tile_07134.png,9
arctic_vegetation/20230724_riparianshrub20_m3m/SEDG/tile_07135.png,9
arctic_vegetation/20230724_riparianshrub20_m3m/MOSS/tile_07246.png,5
arctic_vegetation/20230724_riparianshrub20_m3m/MOSS/tile_07247.png,5
arctic_vegetation/20230724_riparianshrub20_m3m/MOSS/tile_07248.png,5
arctic_vegetation/20230724_riparianshrub20_m3m/MOSS/tile_07249.png,5
arctic_vegetation/20230724_riparianshrub20_m3m/MOSS/tile_07250.png,5
arctic_vegetation/20230724_riparianshrub20_m3m/MOSS/tile_07251.png,5
arctic_vegetation/20230724_riparianshrub20_m3m/PETF/tile_07253.png,6
arctic_vegetation/20230724_riparianshrub20_m3m/PETF/tile_07254.png,6
arctic_vegetation/20230724_riparianshrub20_m3m/MOSS/tile_07255.png,5
arctic_vegetation/20230724_riparianshrub20_m3m/MOSS/tile_07256.png,5
arctic_vegetation/20230724_riparianshrub20_m3m/MOSS/tile_07257.png,5
arctic_vegetation/20230724_riparianshrub20_m3m/MOSS/tile_07258.png,5
arctic_vegetation/20230724_riparianshrub20_m3m/MOSS/tile_07260.png,5
arctic_vegetation/20230724_riparianshrub20_m3m/MOSS/tile_07261.png,5
arctic_vegetation/20230724_riparianshrub20_m3m/MOSS/tile_07262.png,5
arctic_vegetation/20230724_riparianshrub20_m3m/MOSS/tile_07263.png,5
arctic_vegetation/20230724_riparianshrub20_m3m/MOSS/tile_07264.png,5
arctic_vegetation/20230724_riparianshrub20_m3m/MOSS/tile_07267.png,5
arctic_vegetation/20230724_riparianshrub20_m3m/MOSS/tile_07268.png,5
arctic_vegetation/20230724_riparianshrub20_m3m/MOSS/tile_07269.png,5
arctic_vegetation/20230724_riparianshrub20_m3m/MOSS/tile_07270.png,5
arctic_vegetation/20230724_riparianshrub20_m3m/BIRC/tile_07271.png,2
arctic_vegetation/20230724_riparianshrub20_m3m/BIRC/tile_07272.png,2
arctic_vegetation/20230724_riparianshrub20_m3m/ALDE/tile_07273.png,0
arctic_vegetation/20230724_riparianshrub20_m3m/ALDE/tile_07274.png,0
arctic_vegetation/20230724_riparianshrub20_m3m/ALDE/tile_07275.png,0
arctic_vegetation/20230724_riparianshrub20_m3m/ALDE/tile_07276.png,0
arctic_vegetation/20230724_riparianshrub20_m3m/ALDE/tile_07277.png,0
arctic_vegetation/20230724_riparianshrub20_m3m/WILL/tile_07278.png,11
arctic_vegetation/20230724_riparianshrub20_m3m/ALDE/tile_07279.png,0
arctic_vegetation/20230724_riparianshrub20_m3m/ALDE/tile_07280.png,0
arctic_vegetation/20230724_riparianshrub20_m3m/ALDE/tile_07281.png,0
arctic_vegetation/20230724_riparianshrub20_m3m/ALDE/tile_07282.png,0
arctic_vegetation/20230724_riparianshrub20_m3m/ALDE/tile_07283.png,0
arctic_vegetation/20230724_riparianshrub20_m3m/ALDE/tile_07284.png,0
arctic_vegetation/20230724_riparianshrub20_m3m/BIRC/tile_07290.png,2
arctic_vegetation/20230724_riparianshrub20_m3m/BIRC/tile_07291.png,2
arctic_vegetation/20230724_riparianshrub20_m3m/BIRC/tile_07292.png,2
arctic_vegetation/20230724_riparianshrub20_m3m/BIRC/tile_07293.png,2
arctic_vegetation/20230724_riparianshrub20_m3m/BIRC/tile_07294.png,2
arctic_vegetation/20230724_riparianshrub20_m3m/BIRC/tile_07295.png,2
arctic_vegetation/20230724_riparianshrub20_m3m/BIRC/tile_07296.png,2
arctic_vegetation/20230724_riparianshrub20_m3m/PETF/tile_07298.png,6
arctic_vegetation/20230724_riparianshrub20_m3m/PETF/tile_07299.png,6
arctic_vegetation/20230724_riparianshrub20_m3m/PETF/tile_07300.png,6
arctic_vegetation/20230724_riparianshrub20_m3m/PETF/tile_07301.png,6
arctic_vegetation/20230724_riparianshrub20_m3m/MOSS/tile_07414.png,5
arctic_vegetation/20230724_riparianshrub20_m3m/SEDG/tile_07415.png,9
arctic_vegetation/20230724_riparianshrub20_m3m/SEDG/tile_07416.png,9
arctic_vegetation/20230724_riparianshrub20_m3m/SEDG/tile_07417.png,9
arctic_vegetation/20230724_riparianshrub20_m3m/SEDG/tile_07418.png,9
arctic_vegetation/20230724_riparianshrub20_m3m/MOSS/tile_07421.png,5
arctic_vegetation/20230724_riparianshrub20_m3m/MOSS/tile_07422.png,5
arctic_vegetation/20230724_riparianshrub20_m3m/MOSS/tile_07423.png,5
arctic_vegetation/20230724_riparianshrub20_m3m/MOSS/tile_07424.png,5
arctic_vegetation/20230724_riparianshrub20_m3m/MOSS/tile_07425.png,5
arctic_vegetation/20230724_riparianshrub20_m3m/MOSS/tile_07426.png,5
arctic_vegetation/20230724_riparianshrub20_m3m/PETF/tile_07428.png,6
arctic_vegetation/20230724_riparianshrub20_m3m/MOSS/tile_07429.png,5
arctic_vegetation/20230724_riparianshrub20_m3m/MOSS/tile_07430.png,5
arctic_vegetation/20230724_riparianshrub20_m3m/MOSS/tile_07431.png,5
arctic_vegetation/20230724_riparianshrub20_m3m/MOSS/tile_07432.png,5
arctic_vegetation/20230724_riparianshrub20_m3m/MOSS/tile_07433.png,5
arctic_vegetation/20230724_riparianshrub20_m3m/MOSS/tile_07434.png,5
arctic_vegetation/20230724_riparianshrub20_m3m/MOSS/tile_07435.png,5
arctic_vegetation/20230724_riparianshrub20_m3m/MOSS/tile_07436.png,5
arctic_vegetation/20230724_riparianshrub20_m3m/MOSS/tile_07437.png,5
arctic_vegetation/20230724_riparianshrub20_m3m/MOSS/tile_07438.png,5
arctic_vegetation/20230724_riparianshrub20_m3m/MOSS/tile_07439.png,5
arctic_vegetation/20230724_riparianshrub20_m3m/MOSS/tile_07442.png,5
arctic_vegetation/20230724_riparianshrub20_m3m/MOSS/tile_07443.png,5
arctic_vegetation/20230724_riparianshrub20_m3m/MOSS/tile_07444.png,5
arctic_vegetation/20230724_riparianshrub20_m3m/MOSS/tile_07445.png,5
arctic_vegetation/20230724_riparianshrub20_m3m/ALDE/tile_07446.png,0
arctic_vegetation/20230724_riparianshrub20_m3m/ALDE/tile_07447.png,0
arctic_vegetation/20230724_riparianshrub20_m3m/ALDE/tile_07448.png,0
arctic_vegetation/20230724_riparianshrub20_m3m/ALDE/tile_07449.png,0
arctic_vegetation/20230724_riparianshrub20_m3m/ALDE/tile_07450.png,0
arctic_vegetation/20230724_riparianshrub20_m3m/ALDE/tile_07451.png,0
arctic_vegetation/20230724_riparianshrub20_m3m/ALDE/tile_07452.png,0
arctic_vegetation/20230724_riparianshrub20_m3m/LICH/tile_07453.png,4
arctic_vegetation/20230724_riparianshrub20_m3m/ALDE/tile_07454.png,0
arctic_vegetation/20230724_riparianshrub20_m3m/ALDE/tile_07455.png,0
arctic_vegetation/20230724_riparianshrub20_m3m/ALDE/tile_07456.png,0
arctic_vegetation/20230724_riparianshrub20_m3m/ALDE/tile_07457.png,0
arctic_vegetation/20230724_riparianshrub20_m3m/ALDE/tile_07458.png,0
arctic_vegetation/20230724_riparianshrub20_m3m/ALDE/tile_07459.png,0
arctic_vegetation/20230724_riparianshrub20_m3m/BIRC/tile_07465.png,2
arctic_vegetation/20230724_riparianshrub20_m3m/BIRC/tile_07466.png,2
arctic_vegetation/20230724_riparianshrub20_m3m/BIRC/tile_07467.png,2
arctic_vegetation/20230724_riparianshrub20_m3m/BIRC/tile_07468.png,2
arctic_vegetation/20230724_riparianshrub20_m3m/BIRC/tile_07469.png,2
arctic_vegetation/20230724_riparianshrub20_m3m/BIRC/tile_07470.png,2
arctic_vegetation/20230724_riparianshrub20_m3m/BIRC/tile_07471.png,2
arctic_vegetation/20230724_riparianshrub20_m3m/PETF/tile_07472.png,6
arctic_vegetation/20230724_riparianshrub20_m3m/PETF/tile_07473.png,6
arctic_vegetation/20230724_riparianshrub20_m3m/PETF/tile_07474.png,6
arctic_vegetation/20230724_riparianshrub20_m3m/PETF/tile_07475.png,6
arctic_vegetation/20230724_riparianshrub20_m3m/PETF/tile_07476.png,6
arctic_vegetation/20230724_riparianshrub20_m3m/PETF/tile_07477.png,6
arctic_vegetation/20230724_riparianshrub20_m3m/SEDG/tile_07589.png,9
arctic_vegetation/20230724_riparianshrub20_m3m/SEDG/tile_07590.png,9
arctic_vegetation/20230724_riparianshrub20_m3m/SEDG/tile_07591.png,9
arctic_vegetation/20230724_riparianshrub20_m3m/SEDG/tile_07592.png,9
arctic_vegetation/20230724_riparianshrub20_m3m/SEDG/tile_07593.png,9
arctic_vegetation/20230724_riparianshrub20_m3m/SEDG/tile_07594.png,9
arctic_vegetation/20230724_riparianshrub20_m3m/MOSS/tile_07595.png,5
arctic_vegetation/20230724_riparianshrub20_m3m/MOSS/tile_07596.png,5
arctic_vegetation/20230724_riparianshrub20_m3m/MOSS/tile_07597.png,5
arctic_vegetation/20230724_riparianshrub20_m3m/MOSS/tile_07598.png,5
arctic_vegetation/20230724_riparianshrub20_m3m/MOSS/tile_07599.png,5
arctic_vegetation/20230724_riparianshrub20_m3m/MOSS/tile_07600.png,5
arctic_vegetation/20230724_riparianshrub20_m3m/MOSS/tile_07601.png,5
arctic_vegetation/20230724_riparianshrub20_m3m/PETF/tile_07603.png,6
arctic_vegetation/20230724_riparianshrub20_m3m/MOSS/tile_07604.png,5
arctic_vegetation/20230724_riparianshrub20_m3m/MOSS/tile_07605.png,5
arctic_vegetation/20230724_riparianshrub20_m3m/MOSS/tile_07606.png,5
arctic_vegetation/20230724_riparianshrub20_m3m/MOSS/tile_07607.png,5
arctic_vegetation/20230724_riparianshrub20_m3m/MOSS/tile_07608.png,5
arctic_vegetation/20230724_riparianshrub20_m3m/MOSS/tile_07609.png,5
arctic_vegetation/20230724_riparianshrub20_m3m/MOSS/tile_07610.png,5
arctic_vegetation/20230724_riparianshrub20_m3m/MOSS/tile_07611.png,5
arctic_vegetation/20230724_riparianshrub20_m3m/MOSS/tile_07612.png,5
arctic_vegetation/20230724_riparianshrub20_m3m/MOSS/tile_07613.png,5
arctic_vegetation/20230724_riparianshrub20_m3m/MOSS/tile_07617.png,5
arctic_vegetation/20230724_riparianshrub20_m3m/MOSS/tile_07618.png,5
arctic_vegetation/20230724_riparianshrub20_m3m/MOSS/tile_07619.png,5
arctic_vegetation/20230724_riparianshrub20_m3m/MOSS/tile_07620.png,5
arctic_vegetation/20230724_riparianshrub20_m3m/ALDE/tile_07621.png,0
arctic_vegetation/20230724_riparianshrub20_m3m/ALDE/tile_07622.png,0
arctic_vegetation/20230724_riparianshrub20_m3m/ALDE/tile_07623.png,0
arctic_vegetation/20230724_riparianshrub20_m3m/ALDE/tile_07624.png,0
arctic_vegetation/20230724_riparianshrub20_m3m/ALDE/tile_07625.png,0
arctic_vegetation/20230724_riparianshrub20_m3m/ALDE/tile_07626.png,0
arctic_vegetation/20230724_riparianshrub20_m3m/ALDE/tile_07627.png,0
arctic_vegetation/20230724_riparianshrub20_m3m/BIRC/tile_07632.png,2
arctic_vegetation/20230724_riparianshrub20_m3m/BIRC/tile_07633.png,2
arctic_vegetation/20230724_riparianshrub20_m3m/BIRC/tile_07634.png,2
arctic_vegetation/20230724_riparianshrub20_m3m/BIRC/tile_07635.png,2
arctic_vegetation/20230724_riparianshrub20_m3m/WILL/tile_07636.png,11
arctic_vegetation/20230724_riparianshrub20_m3m/WILL/tile_07637.png,11
arctic_vegetation/20230724_riparianshrub20_m3m/WILL/tile_07638.png,11
arctic_vegetation/20230724_riparianshrub20_m3m/ALDE/tile_07639.png,0
arctic_vegetation/20230724_riparianshrub20_m3m/ALDE/tile_07640.png,0
arctic_vegetation/20230724_riparianshrub20_m3m/ALDE/tile_07641.png,0
arctic_vegetation/20230724_riparianshrub20_m3m/ALDE/tile_07642.png,0
arctic_vegetation/20230724_riparianshrub20_m3m/ALDE/tile_07643.png,0
arctic_vegetation/20230724_riparianshrub20_m3m/ALDE/tile_07644.png,0
arctic_vegetation/20230724_riparianshrub20_m3m/BIRC/tile_07645.png,2
arctic_vegetation/20230724_riparianshrub20_m3m/BIRC/tile_07646.png,2
arctic_vegetation/20230724_riparianshrub20_m3m/PETF/tile_07647.png,6
arctic_vegetation/20230724_riparianshrub20_m3m/PETF/tile_07648.png,6
arctic_vegetation/20230724_riparianshrub20_m3m/PETF/tile_07649.png,6
arctic_vegetation/20230724_riparianshrub20_m3m/PETF/tile_07650.png,6
arctic_vegetation/20230724_riparianshrub20_m3m/PETF/tile_07651.png,6
arctic_vegetation/20230724_riparianshrub20_m3m/PETF/tile_07652.png,6
arctic_vegetation/20230724_riparianshrub20_m3m/PETF/tile_07655.png,6
arctic_vegetation/20230724_riparianshrub20_m3m/PETF/tile_07656.png,6
arctic_vegetation/20230724_riparianshrub20_m3m/SEDG/tile_07764.png,9
arctic_vegetation/20230724_riparianshrub20_m3m/SEDG/tile_07765.png,9
arctic_vegetation/20230724_riparianshrub20_m3m/SEDG/tile_07766.png,9
arctic_vegetation/20230724_riparianshrub20_m3m/SEDG/tile_07767.png,9
arctic_vegetation/20230724_riparianshrub20_m3m/SEDG/tile_07768.png,9
arctic_vegetation/20230724_riparianshrub20_m3m/SEDG/tile_07769.png,9
arctic_vegetation/20230724_riparianshrub20_m3m/SEDG/tile_07770.png,9
arctic_vegetation/20230724_riparianshrub20_m3m/MOSS/tile_07771.png,5
arctic_vegetation/20230724_riparianshrub20_m3m/MOSS/tile_07772.png,5
arctic_vegetation/20230724_riparianshrub20_m3m/MOSS/tile_07773.png,5
arctic_vegetation/20230724_riparianshrub20_m3m/MOSS/tile_07774.png,5
arctic_vegetation/20230724_riparianshrub20_m3m/MOSS/tile_07775.png,5
arctic_vegetation/20230724_riparianshrub20_m3m/MOSS/tile_07776.png,5
arctic_vegetation/20230724_riparianshrub20_m3m/MOSS/tile_07780.png,5
arctic_vegetation/20230724_riparianshrub20_m3m/MOSS/tile_07781.png,5
arctic_vegetation/20230724_riparianshrub20_m3m/MOSS/tile_07782.png,5
arctic_vegetation/20230724_riparianshrub20_m3m/MOSS/tile_07783.png,5
arctic_vegetation/20230724_riparianshrub20_m3m/MOSS/tile_07784.png,5
arctic_vegetation/20230724_riparianshrub20_m3m/MOSS/tile_07785.png,5
arctic_vegetation/20230724_riparianshrub20_m3m/MOSS/tile_07786.png,5
arctic_vegetation/20230724_riparianshrub20_m3m/MOSS/tile_07787.png,5
arctic_vegetation/20230724_riparianshrub20_m3m/MOSS/tile_07788.png,5
arctic_vegetation/20230724_riparianshrub20_m3m/MOSS/tile_07792.png,5
arctic_vegetation/20230724_riparianshrub20_m3m/MOSS/tile_07793.png,5
arctic_vegetation/20230724_riparianshrub20_m3m/MOSS/tile_07794.png,5
arctic_vegetation/20230724_riparianshrub20_m3m/MOSS/tile_07795.png,5
arctic_vegetation/20230724_riparianshrub20_m3m/ALDE/tile_07796.png,0
arctic_vegetation/20230724_riparianshrub20_m3m/ALDE/tile_07797.png,0
arctic_vegetation/20230724_riparianshrub20_m3m/ALDE/tile_07798.png,0
arctic_vegetation/20230724_riparianshrub20_m3m/ALDE/tile_07799.png,0
arctic_vegetation/20230724_riparianshrub20_m3m/ALDE/tile_07800.png,0
arctic_vegetation/20230724_riparianshrub20_m3m/ALDE/tile_07801.png,0
arctic_vegetation/20230724_riparianshrub20_m3m/BIRC/tile_07807.png,2
arctic_vegetation/20230724_riparianshrub20_m3m/BIRC/tile_07808.png,2
arctic_vegetation/20230724_riparianshrub20_m3m/BIRC/tile_07809.png,2
arctic_vegetation/20230724_riparianshrub20_m3m/BIRC/tile_07810.png,2
arctic_vegetation/20230724_riparianshrub20_m3m/WILL/tile_07811.png,11
arctic_vegetation/20230724_riparianshrub20_m3m/WILL/tile_07812.png,11
arctic_vegetation/20230724_riparianshrub20_m3m/WILL/tile_07813.png,11
arctic_vegetation/20230724_riparianshrub20_m3m/ALDE/tile_07814.png,0
arctic_vegetation/20230724_riparianshrub20_m3m/ALDE/tile_07815.png,0
arctic_vegetation/20230724_riparianshrub20_m3m/ALDE/tile_07816.png,0
arctic_vegetation/20230724_riparianshrub20_m3m/ALDE/tile_07817.png,0
arctic_vegetation/20230724_riparianshrub20_m3m/ALDE/tile_07818.png,0
arctic_vegetation/20230724_riparianshrub20_m3m/ALDE/tile_07819.png,0
arctic_vegetation/20230724_riparianshrub20_m3m/ALDE/tile_07820.png,0
arctic_vegetation/20230724_riparianshrub20_m3m/BIRC/tile_07821.png,2
arctic_vegetation/20230724_riparianshrub20_m3m/PETF/tile_07822.png,6
arctic_vegetation/20230724_riparianshrub20_m3m/PETF/tile_07823.png,6
arctic_vegetation/20230724_riparianshrub20_m3m/PETF/tile_07824.png,6
arctic_vegetation/20230724_riparianshrub20_m3m/PETF/tile_07825.png,6
arctic_vegetation/20230724_riparianshrub20_m3m/PETF/tile_07826.png,6
arctic_vegetation/20230724_riparianshrub20_m3m/PETF/tile_07827.png,6
arctic_vegetation/20230724_riparianshrub20_m3m/PETF/tile_07830.png,6
arctic_vegetation/20230724_riparianshrub20_m3m/PETF/tile_07831.png,6
arctic_vegetation/20230724_riparianshrub20_m3m/PETF/tile_07832.png,6
arctic_vegetation/20230724_riparianshrub20_m3m/SEDG/tile_07939.png,9
arctic_vegetation/20230724_riparianshrub20_m3m/SEDG/tile_07940.png,9
arctic_vegetation/20230724_riparianshrub20_m3m/ALDE/tile_07941.png,0
arctic_vegetation/20230724_riparianshrub20_m3m/MOSS/tile_07942.png,5
arctic_vegetation/20230724_riparianshrub20_m3m/MOSS/tile_07943.png,5
arctic_vegetation/20230724_riparianshrub20_m3m/MOSS/tile_07944.png,5
arctic_vegetation/20230724_riparianshrub20_m3m/SEDG/tile_07945.png,9
arctic_vegetation/20230724_riparianshrub20_m3m/MOSS/tile_07947.png,5
arctic_vegetation/20230724_riparianshrub20_m3m/MOSS/tile_07948.png,5
arctic_vegetation/20230724_riparianshrub20_m3m/MOSS/tile_07949.png,5
arctic_vegetation/20230724_riparianshrub20_m3m/MOSS/tile_07950.png,5
arctic_vegetation/20230724_riparianshrub20_m3m/MOSS/tile_07951.png,5
arctic_vegetation/20230724_riparianshrub20_m3m/MOSS/tile_07956.png,5
arctic_vegetation/20230724_riparianshrub20_m3m/MOSS/tile_07957.png,5
arctic_vegetation/20230724_riparianshrub20_m3m/MOSS/tile_07958.png,5
arctic_vegetation/20230724_riparianshrub20_m3m/MOSS/tile_07959.png,5
arctic_vegetation/20230724_riparianshrub20_m3m/MOSS/tile_07966.png,5
arctic_vegetation/20230724_riparianshrub20_m3m/MOSS/tile_07967.png,5
arctic_vegetation/20230724_riparianshrub20_m3m/MOSS/tile_07968.png,5
arctic_vegetation/20230724_riparianshrub20_m3m/MOSS/tile_07969.png,5
arctic_vegetation/20230724_riparianshrub20_m3m/MOSS/tile_07970.png,5
arctic_vegetation/20230724_riparianshrub20_m3m/BIRC/tile_07971.png,2
arctic_vegetation/20230724_riparianshrub20_m3m/BIRC/tile_07972.png,2
arctic_vegetation/20230724_riparianshrub20_m3m/BIRC/tile_07973.png,2
arctic_vegetation/20230724_riparianshrub20_m3m/BIRC/tile_07974.png,2
arctic_vegetation/20230724_riparianshrub20_m3m/BIRC/tile_07975.png,2
arctic_vegetation/20230724_riparianshrub20_m3m/ALDE/tile_07976.png,0
arctic_vegetation/20230724_riparianshrub20_m3m/ALDE/tile_07977.png,0
arctic_vegetation/20230724_riparianshrub20_m3m/PETF/tile_07982.png,6
arctic_vegetation/20230724_riparianshrub20_m3m/PETF/tile_07983.png,6
arctic_vegetation/20230724_riparianshrub20_m3m/BIRC/tile_07984.png,2
arctic_vegetation/20230724_riparianshrub20_m3m/BIRC/tile_07985.png,2
arctic_vegetation/20230724_riparianshrub20_m3m/WILL/tile_07986.png,11
arctic_vegetation/20230724_riparianshrub20_m3m/WILL/tile_07987.png,11
arctic_vegetation/20230724_riparianshrub20_m3m/ALDE/tile_07990.png,0
arctic_vegetation/20230724_riparianshrub20_m3m/ALDE/tile_07991.png,0
arctic_vegetation/20230724_riparianshrub20_m3m/ALDE/tile_07992.png,0
arctic_vegetation/20230724_riparianshrub20_m3m/ALDE/tile_07993.png,0
arctic_vegetation/20230724_riparianshrub20_m3m/ALDE/tile_07994.png,0
arctic_vegetation/20230724_riparianshrub20_m3m/ALDE/tile_07995.png,0
arctic_vegetation/20230724_riparianshrub20_m3m/BIRC/tile_07996.png,2
arctic_vegetation/20230724_riparianshrub20_m3m/PETF/tile_07997.png,6
arctic_vegetation/20230724_riparianshrub20_m3m/PETF/tile_07998.png,6
arctic_vegetation/20230724_riparianshrub20_m3m/PETF/tile_07999.png,6
arctic_vegetation/20230724_riparianshrub20_m3m/PETF/tile_08000.png,6
arctic_vegetation/20230724_riparianshrub20_m3m/PETF/tile_08001.png,6
arctic_vegetation/20230724_riparianshrub20_m3m/PETF/tile_08004.png,6
arctic_vegetation/20230724_riparianshrub20_m3m/PETF/tile_08005.png,6
arctic_vegetation/20230724_riparianshrub20_m3m/PETF/tile_08006.png,6
arctic_vegetation/20230724_riparianshrub20_m3m/PETF/tile_08007.png,6
arctic_vegetation/20230724_riparianshrub20_m3m/SEDG/tile_08114.png,9
arctic_vegetation/20230724_riparianshrub20_m3m/SEDG/tile_08115.png,9
arctic_vegetation/20230724_riparianshrub20_m3m/SEDG/tile_08116.png,9
arctic_vegetation/20230724_riparianshrub20_m3m/SEDG/tile_08117.png,9
arctic_vegetation/20230724_riparianshrub20_m3m/MOSS/tile_08118.png,5
arctic_vegetation/20230724_riparianshrub20_m3m/MOSS/tile_08119.png,5
arctic_vegetation/20230724_riparianshrub20_m3m/SEDG/tile_08120.png,9
arctic_vegetation/20230724_riparianshrub20_m3m/MOSS/tile_08131.png,5
arctic_vegetation/20230724_riparianshrub20_m3m/MOSS/tile_08132.png,5
arctic_vegetation/20230724_riparianshrub20_m3m/MOSS/tile_08133.png,5
arctic_vegetation/20230724_riparianshrub20_m3m/MOSS/tile_08134.png,5
arctic_vegetation/20230724_riparianshrub20_m3m/MOSS/tile_08140.png,5
arctic_vegetation/20230724_riparianshrub20_m3m/MOSS/tile_08141.png,5
arctic_vegetation/20230724_riparianshrub20_m3m/MOSS/tile_08142.png,5
arctic_vegetation/20230724_riparianshrub20_m3m/MOSS/tile_08143.png,5
arctic_vegetation/20230724_riparianshrub20_m3m/MOSS/tile_08144.png,5
arctic_vegetation/20230724_riparianshrub20_m3m/MOSS/tile_08145.png,5
arctic_vegetation/20230724_riparianshrub20_m3m/BIRC/tile_08146.png,2
arctic_vegetation/20230724_riparianshrub20_m3m/BIRC/tile_08147.png,2
arctic_vegetation/20230724_riparianshrub20_m3m/BIRC/tile_08148.png,2
arctic_vegetation/20230724_riparianshrub20_m3m/BIRC/tile_08149.png,2
arctic_vegetation/20230724_riparianshrub20_m3m/BIRC/tile_08150.png,2
arctic_vegetation/20230724_riparianshrub20_m3m/ALDE/tile_08151.png,0
arctic_vegetation/20230724_riparianshrub20_m3m/ALDE/tile_08152.png,0
arctic_vegetation/20230724_riparianshrub20_m3m/PETF/tile_08157.png,6
arctic_vegetation/20230724_riparianshrub20_m3m/PETF/tile_08158.png,6
arctic_vegetation/20230724_riparianshrub20_m3m/BIRC/tile_08159.png,2
arctic_vegetation/20230724_riparianshrub20_m3m/BIRC/tile_08160.png,2
arctic_vegetation/20230724_riparianshrub20_m3m/BIRC/tile_08161.png,2
arctic_vegetation/20230724_riparianshrub20_m3m/WILL/tile_08162.png,11
arctic_vegetation/20230724_riparianshrub20_m3m/BIRC/tile_08165.png,2
arctic_vegetation/20230724_riparianshrub20_m3m/ALDE/tile_08166.png,0
arctic_vegetation/20230724_riparianshrub20_m3m/ALDE/tile_08167.png,0
arctic_vegetation/20230724_riparianshrub20_m3m/ALDE/tile_08168.png,0
arctic_vegetation/20230724_riparianshrub20_m3m/ALDE/tile_08169.png,0
arctic_vegetation/20230724_riparianshrub20_m3m/ALDE/tile_08170.png,0
arctic_vegetation/20230724_riparianshrub20_m3m/BIRC/tile_08171.png,2
arctic_vegetation/20230724_riparianshrub20_m3m/PETF/tile_08172.png,6
arctic_vegetation/20230724_riparianshrub20_m3m/PETF/tile_08173.png,6
arctic_vegetation/20230724_riparianshrub20_m3m/PETF/tile_08179.png,6
arctic_vegetation/20230724_riparianshrub20_m3m/PETF/tile_08180.png,6
arctic_vegetation/20230724_riparianshrub20_m3m/PETF/tile_08181.png,6
arctic_vegetation/20230724_riparianshrub20_m3m/PETF/tile_08182.png,6
arctic_vegetation/20230724_riparianshrub20_m3m/PETF/tile_08183.png,6
arctic_vegetation/20230724_riparianshrub20_m3m/SEDG/tile_08289.png,9
arctic_vegetation/20230724_riparianshrub20_m3m/SEDG/tile_08290.png,9
arctic_vegetation/20230724_riparianshrub20_m3m/SEDG/tile_08291.png,9
arctic_vegetation/20230724_riparianshrub20_m3m/SEDG/tile_08292.png,9
arctic_vegetation/20230724_riparianshrub20_m3m/MOSS/tile_08293.png,5
arctic_vegetation/20230724_riparianshrub20_m3m/MOSS/tile_08294.png,5
arctic_vegetation/20230724_riparianshrub20_m3m/SEDG/tile_08295.png,9
arctic_vegetation/20230724_riparianshrub20_m3m/MOSS/tile_08315.png,5
arctic_vegetation/20230724_riparianshrub20_m3m/MOSS/tile_08316.png,5
arctic_vegetation/20230724_riparianshrub20_m3m/MOSS/tile_08317.png,5
arctic_vegetation/20230724_riparianshrub20_m3m/MOSS/tile_08318.png,5
arctic_vegetation/20230724_riparianshrub20_m3m/MOSS/tile_08319.png,5
arctic_vegetation/20230724_riparianshrub20_m3m/BIRC/tile_08320.png,2
arctic_vegetation/20230724_riparianshrub20_m3m/BIRC/tile_08321.png,2
arctic_vegetation/20230724_riparianshrub20_m3m/BIRC/tile_08322.png,2
arctic_vegetation/20230724_riparianshrub20_m3m/BIRC/tile_08323.png,2
arctic_vegetation/20230724_riparianshrub20_m3m/BIRC/tile_08324.png,2
arctic_vegetation/20230724_riparianshrub20_m3m/BIRC/tile_08325.png,2
arctic_vegetation/20230724_riparianshrub20_m3m/BIRC/tile_08326.png,2
arctic_vegetation/20230724_riparianshrub20_m3m/ALDE/tile_08327.png,0
arctic_vegetation/20230724_riparianshrub20_m3m/BIRC/tile_08329.png,2
arctic_vegetation/20230724_riparianshrub20_m3m/BIRC/tile_08330.png,2
arctic_vegetation/20230724_riparianshrub20_m3m/BIRC/tile_08331.png,2
arctic_vegetation/20230724_riparianshrub20_m3m/ALDE/tile_08332.png,0
arctic_vegetation/20230724_riparianshrub20_m3m/ALDE/tile_08333.png,0
arctic_vegetation/20230724_riparianshrub20_m3m/BIRC/tile_08334.png,2
arctic_vegetation/20230724_riparianshrub20_m3m/BIRC/tile_08335.png,2
arctic_vegetation/20230724_riparianshrub20_m3m/BIRC/tile_08336.png,2
arctic_vegetation/20230724_riparianshrub20_m3m/BIRC/tile_08340.png,2
arctic_vegetation/20230724_riparianshrub20_m3m/BIRC/tile_08341.png,2
arctic_vegetation/20230724_riparianshrub20_m3m/ALDE/tile_08342.png,0
arctic_vegetation/20230724_riparianshrub20_m3m/ALDE/tile_08343.png,0
arctic_vegetation/20230724_riparianshrub20_m3m/ALDE/tile_08344.png,0
arctic_vegetation/20230724_riparianshrub20_m3m/BIRC/tile_08345.png,2
arctic_vegetation/20230724_riparianshrub20_m3m/BIRC/tile_08346.png,2
arctic_vegetation/20230724_riparianshrub20_m3m/BIRC/tile_08347.png,2
arctic_vegetation/20230724_riparianshrub20_m3m/BIRC/tile_08348.png,2
arctic_vegetation/20230724_riparianshrub20_m3m/PETF/tile_08349.png,6
arctic_vegetation/20230724_riparianshrub20_m3m/PETF/tile_08350.png,6
arctic_vegetation/20230724_riparianshrub20_m3m/PETF/tile_08351.png,6
arctic_vegetation/20230724_riparianshrub20_m3m/PETF/tile_08352.png,6
arctic_vegetation/20230724_riparianshrub20_m3m/PETF/tile_08353.png,6
arctic_vegetation/20230724_riparianshrub20_m3m/PETF/tile_08354.png,6
arctic_vegetation/20230724_riparianshrub20_m3m/PETF/tile_08355.png,6
arctic_vegetation/20230724_riparianshrub20_m3m/PETF/tile_08356.png,6
arctic_vegetation/20230724_riparianshrub20_m3m/PETF/tile_08357.png,6
arctic_vegetation/20230724_riparianshrub20_m3m/PETF/tile_08358.png,6
arctic_vegetation/20230724_riparianshrub20_m3m/PETF/tile_08359.png,6
arctic_vegetation/20230724_riparianshrub20_m3m/SEDG/tile_08464.png,9
arctic_vegetation/20230724_riparianshrub20_m3m/SEDG/tile_08465.png,9
arctic_vegetation/20230724_riparianshrub20_m3m/SEDG/tile_08466.png,9
arctic_vegetation/20230724_riparianshrub20_m3m/SEDG/tile_08467.png,9
arctic_vegetation/20230724_riparianshrub20_m3m/MOSS/tile_08468.png,5
arctic_vegetation/20230724_riparianshrub20_m3m/MOSS/tile_08469.png,5
arctic_vegetation/20230724_riparianshrub20_m3m/SEDG/tile_08473.png,9
arctic_vegetation/20230724_riparianshrub20_m3m/SEDG/tile_08474.png,9
arctic_vegetation/20230724_riparianshrub20_m3m/SEDG/tile_08475.png,9
arctic_vegetation/20230724_riparianshrub20_m3m/SEDG/tile_08476.png,9
arctic_vegetation/20230724_riparianshrub20_m3m/SEDG/tile_08477.png,9
arctic_vegetation/20230724_riparianshrub20_m3m/MOSS/tile_08484.png,5
arctic_vegetation/20230724_riparianshrub20_m3m/MOSS/tile_08485.png,5
arctic_vegetation/20230724_riparianshrub20_m3m/MOSS/tile_08486.png,5
arctic_vegetation/20230724_riparianshrub20_m3m/MOSS/tile_08490.png,5
arctic_vegetation/20230724_riparianshrub20_m3m/MOSS/tile_08491.png,5
arctic_vegetation/20230724_riparianshrub20_m3m/MOSS/tile_08492.png,5
arctic_vegetation/20230724_riparianshrub20_m3m/MOSS/tile_08493.png,5
arctic_vegetation/20230724_riparianshrub20_m3m/MOSS/tile_08494.png,5
arctic_vegetation/20230724_riparianshrub20_m3m/BIRC/tile_08495.png,2
arctic_vegetation/20230724_riparianshrub20_m3m/BIRC/tile_08496.png,2
arctic_vegetation/20230724_riparianshrub20_m3m/BIRC/tile_08497.png,2
arctic_vegetation/20230724_riparianshrub20_m3m/BIRC/tile_08498.png,2
arctic_vegetation/20230724_riparianshrub20_m3m/BIRC/tile_08499.png,2
arctic_vegetation/20230724_riparianshrub20_m3m/BIRC/tile_08500.png,2
arctic_vegetation/20230724_riparianshrub20_m3m/BIRC/tile_08501.png,2
arctic_vegetation/20230724_riparianshrub20_m3m/BIRC/tile_08504.png,2
arctic_vegetation/20230724_riparianshrub20_m3m/BIRC/tile_08505.png,2
arctic_vegetation/20230724_riparianshrub20_m3m/BIRC/tile_08506.png,2
arctic_vegetation/20230724_riparianshrub20_m3m/BIRC/tile_08507.png,2
arctic_vegetation/20230724_riparianshrub20_m3m/ALDE/tile_08508.png,0
arctic_vegetation/20230724_riparianshrub20_m3m/ALDE/tile_08509.png,0
arctic_vegetation/20230724_riparianshrub20_m3m/PETF/tile_08520.png,6
arctic_vegetation/20230724_riparianshrub20_m3m/PETF/tile_08521.png,6
arctic_vegetation/20230724_riparianshrub20_m3m/PETF/tile_08523.png,6
arctic_vegetation/20230724_riparianshrub20_m3m/PETF/tile_08524.png,6
arctic_vegetation/20230724_riparianshrub20_m3m/PETF/tile_08525.png,6
arctic_vegetation/20230724_riparianshrub20_m3m/PETF/tile_08526.png,6
arctic_vegetation/20230724_riparianshrub20_m3m/PETF/tile_08527.png,6
arctic_vegetation/20230724_riparianshrub20_m3m/PETF/tile_08528.png,6
arctic_vegetation/20230724_riparianshrub20_m3m/PETF/tile_08529.png,6
arctic_vegetation/20230724_riparianshrub20_m3m/PETF/tile_08530.png,6
arctic_vegetation/20230724_riparianshrub20_m3m/PETF/tile_08531.png,6
arctic_vegetation/20230724_riparianshrub20_m3m/PETF/tile_08532.png,6
arctic_vegetation/20230724_riparianshrub20_m3m/PETF/tile_08533.png,6
arctic_vegetation/20230724_riparianshrub20_m3m/PETF/tile_08534.png,6
arctic_vegetation/20230724_riparianshrub20_m3m/PETF/tile_08535.png,6
arctic_vegetation/20230724_riparianshrub20_m3m/MOSS/tile_08639.png,5
arctic_vegetation/20230724_riparianshrub20_m3m/MOSS/tile_08640.png,5
arctic_vegetation/20230724_riparianshrub20_m3m/MOSS/tile_08641.png,5
arctic_vegetation/20230724_riparianshrub20_m3m/MOSS/tile_08642.png,5
arctic_vegetation/20230724_riparianshrub20_m3m/ALDE/tile_08643.png,0
arctic_vegetation/20230724_riparianshrub20_m3m/SEDG/tile_08647.png,9
arctic_vegetation/20230724_riparianshrub20_m3m/MOSS/tile_08648.png,5
arctic_vegetation/20230724_riparianshrub20_m3m/MOSS/tile_08649.png,5
arctic_vegetation/20230724_riparianshrub20_m3m/SEDG/tile_08650.png,9
arctic_vegetation/20230724_riparianshrub20_m3m/SEDG/tile_08651.png,9
arctic_vegetation/20230724_riparianshrub20_m3m/SEDG/tile_08652.png,9
arctic_vegetation/20230724_riparianshrub20_m3m/SEDG/tile_08653.png,9
arctic_vegetation/20230724_riparianshrub20_m3m/SEDG/tile_08654.png,9
arctic_vegetation/20230724_riparianshrub20_m3m/MOSS/tile_08659.png,5
arctic_vegetation/20230724_riparianshrub20_m3m/MOSS/tile_08660.png,5
arctic_vegetation/20230724_riparianshrub20_m3m/MOSS/tile_08661.png,5
arctic_vegetation/20230724_riparianshrub20_m3m/MOSS/tile_08666.png,5
arctic_vegetation/20230724_riparianshrub20_m3m/MOSS/tile_08667.png,5
arctic_vegetation/20230724_riparianshrub20_m3m/MOSS/tile_08668.png,5
arctic_vegetation/20230724_riparianshrub20_m3m/MOSS/tile_08669.png,5
arctic_vegetation/20230724_riparianshrub20_m3m/MOSS/tile_08670.png,5
arctic_vegetation/20230724_riparianshrub20_m3m/BIRC/tile_08671.png,2
arctic_vegetation/20230724_riparianshrub20_m3m/BIRC/tile_08672.png,2
arctic_vegetation/20230724_riparianshrub20_m3m/BIRC/tile_08673.png,2
arctic_vegetation/20230724_riparianshrub20_m3m/BIRC/tile_08674.png,2
arctic_vegetation/20230724_riparianshrub20_m3m/BIRC/tile_08675.png,2
arctic_vegetation/20230724_riparianshrub20_m3m/BIRC/tile_08676.png,2
arctic_vegetation/20230724_riparianshrub20_m3m/BIRC/tile_08679.png,2
arctic_vegetation/20230724_riparianshrub20_m3m/BIRC/tile_08680.png,2
arctic_vegetation/20230724_riparianshrub20_m3m/BIRC/tile_08681.png,2
arctic_vegetation/20230724_riparianshrub20_m3m/BIRC/tile_08682.png,2
arctic_vegetation/20230724_riparianshrub20_m3m/ALDE/tile_08683.png,0
arctic_vegetation/20230724_riparianshrub20_m3m/ALDE/tile_08684.png,0
arctic_vegetation/20230724_riparianshrub20_m3m/PETF/tile_08700.png,6
arctic_vegetation/20230724_riparianshrub20_m3m/PETF/tile_08701.png,6
arctic_vegetation/20230724_riparianshrub20_m3m/PETF/tile_08702.png,6
arctic_vegetation/20230724_riparianshrub20_m3m/PETF/tile_08703.png,6
arctic_vegetation/20230724_riparianshrub20_m3m/PETF/tile_08704.png,6
arctic_vegetation/20230724_riparianshrub20_m3m/PETF/tile_08705.png,6
arctic_vegetation/20230724_riparianshrub20_m3m/PETF/tile_08706.png,6
arctic_vegetation/20230724_riparianshrub20_m3m/PETF/tile_08707.png,6
arctic_vegetation/20230724_riparianshrub20_m3m/PETF/tile_08708.png,6
arctic_vegetation/20230724_riparianshrub20_m3m/PETF/tile_08709.png,6
arctic_vegetation/20230724_riparianshrub20_m3m/PETF/tile_08710.png,6
arctic_vegetation/20230724_riparianshrub20_m3m/MOSS/tile_08814.png,5
arctic_vegetation/20230724_riparianshrub20_m3m/MOSS/tile_08815.png,5
arctic_vegetation/20230724_riparianshrub20_m3m/MOSS/tile_08816.png,5
arctic_vegetation/20230724_riparianshrub20_m3m/SEDG/tile_08822.png,9
arctic_vegetation/20230724_riparianshrub20_m3m/SEDG/tile_08823.png,9
arctic_vegetation/20230724_riparianshrub20_m3m/SEDG/tile_08824.png,9
arctic_vegetation/20230724_riparianshrub20_m3m/SEDG/tile_08825.png,9
arctic_vegetation/20230724_riparianshrub20_m3m/SEDG/tile_08826.png,9
arctic_vegetation/20230724_riparianshrub20_m3m/SEDG/tile_08827.png,9
arctic_vegetation/20230724_riparianshrub20_m3m/SEDG/tile_08828.png,9
arctic_vegetation/20230724_riparianshrub20_m3m/SEDG/tile_08829.png,9
arctic_vegetation/20230724_riparianshrub20_m3m/MOSS/tile_08833.png,5
arctic_vegetation/20230724_riparianshrub20_m3m/MOSS/tile_08834.png,5
arctic_vegetation/20230724_riparianshrub20_m3m/MOSS/tile_08835.png,5
arctic_vegetation/20230724_riparianshrub20_m3m/MOSS/tile_08836.png,5
arctic_vegetation/20230724_riparianshrub20_m3m/PETF/tile_08837.png,6
arctic_vegetation/20230724_riparianshrub20_m3m/MOSS/tile_08842.png,5
arctic_vegetation/20230724_riparianshrub20_m3m/MOSS/tile_08843.png,5
arctic_vegetation/20230724_riparianshrub20_m3m/MOSS/tile_08844.png,5
arctic_vegetation/20230724_riparianshrub20_m3m/MOSS/tile_08845.png,5
arctic_vegetation/20230724_riparianshrub20_m3m/BIRC/tile_08846.png,2
arctic_vegetation/20230724_riparianshrub20_m3m/BIRC/tile_08847.png,2
arctic_vegetation/20230724_riparianshrub20_m3m/BIRC/tile_08848.png,2
arctic_vegetation/20230724_riparianshrub20_m3m/BIRC/tile_08849.png,2
arctic_vegetation/20230724_riparianshrub20_m3m/BIRC/tile_08850.png,2
arctic_vegetation/20230724_riparianshrub20_m3m/BIRC/tile_08851.png,2
arctic_vegetation/20230724_riparianshrub20_m3m/ALDE/tile_08854.png,0
arctic_vegetation/20230724_riparianshrub20_m3m/ALDE/tile_08855.png,0
arctic_vegetation/20230724_riparianshrub20_m3m/ALDE/tile_08856.png,0
arctic_vegetation/20230724_riparianshrub20_m3m/WILL/tile_08860.png,11
arctic_vegetation/20230724_riparianshrub20_m3m/WILL/tile_08861.png,11
arctic_vegetation/20230724_riparianshrub20_m3m/PETF/tile_08874.png,6
arctic_vegetation/20230724_riparianshrub20_m3m/PETF/tile_08875.png,6
arctic_vegetation/20230724_riparianshrub20_m3m/PETF/tile_08876.png,6
arctic_vegetation/20230724_riparianshrub20_m3m/PETF/tile_08877.png,6
arctic_vegetation/20230724_riparianshrub20_m3m/PETF/tile_08878.png,6
arctic_vegetation/20230724_riparianshrub20_m3m/PETF/tile_08879.png,6
arctic_vegetation/20230724_riparianshrub20_m3m/PETF/tile_08880.png,6
arctic_vegetation/20230724_riparianshrub20_m3m/PETF/tile_08881.png,6
arctic_vegetation/20230724_riparianshrub20_m3m/PETF/tile_08882.png,6
arctic_vegetation/20230724_riparianshrub20_m3m/PETF/tile_08883.png,6
arctic_vegetation/20230724_riparianshrub20_m3m/MOSS/tile_08989.png,5
arctic_vegetation/20230724_riparianshrub20_m3m/MOSS/tile_08990.png,5
arctic_vegetation/20230724_riparianshrub20_m3m/MOSS/tile_08991.png,5
arctic_vegetation/20230724_riparianshrub20_m3m/SEDG/tile_08997.png,9
arctic_vegetation/20230724_riparianshrub20_m3m/SEDG/tile_08998.png,9
arctic_vegetation/20230724_riparianshrub20_m3m/SEDG/tile_08999.png,9
arctic_vegetation/20230724_riparianshrub20_m3m/MOSS/tile_09000.png,5
arctic_vegetation/20230724_riparianshrub20_m3m/MOSS/tile_09001.png,5
arctic_vegetation/20230724_riparianshrub20_m3m/MOSS/tile_09002.png,5
arctic_vegetation/20230724_riparianshrub20_m3m/SEDG/tile_09003.png,9
arctic_vegetation/20230724_riparianshrub20_m3m/SEDG/tile_09004.png,9
arctic_vegetation/20230724_riparianshrub20_m3m/SEDG/tile_09005.png,9
arctic_vegetation/20230724_riparianshrub20_m3m/SEDG/tile_09006.png,9
arctic_vegetation/20230724_riparianshrub20_m3m/MOSS/tile_09007.png,5
arctic_vegetation/20230724_riparianshrub20_m3m/MOSS/tile_09008.png,5
arctic_vegetation/20230724_riparianshrub20_m3m/MOSS/tile_09009.png,5
arctic_vegetation/20230724_riparianshrub20_m3m/MOSS/tile_09010.png,5
arctic_vegetation/20230724_riparianshrub20_m3m/MOSS/tile_09011.png,5
arctic_vegetation/20230724_riparianshrub20_m3m/PETF/tile_09012.png,6
arctic_vegetation/20230724_riparianshrub20_m3m/MOSS/tile_09013.png,5
arctic_vegetation/20230724_riparianshrub20_m3m/MOSS/tile_09014.png,5
arctic_vegetation/20230724_riparianshrub20_m3m/MOSS/tile_09015.png,5
arctic_vegetation/20230724_riparianshrub20_m3m/MOSS/tile_09018.png,5
arctic_vegetation/20230724_riparianshrub20_m3m/MOSS/tile_09019.png,5
arctic_vegetation/20230724_riparianshrub20_m3m/MOSS/tile_09020.png,5
arctic_vegetation/20230724_riparianshrub20_m3m/LICH/tile_09021.png,4
arctic_vegetation/20230724_riparianshrub20_m3m/BIRC/tile_09022.png,2
arctic_vegetation/20230724_riparianshrub20_m3m/BIRC/tile_09023.png,2
arctic_vegetation/20230724_riparianshrub20_m3m/BIRC/tile_09024.png,2
arctic_vegetation/20230724_riparianshrub20_m3m/BIRC/tile_09025.png,2
arctic_vegetation/20230724_riparianshrub20_m3m/BIRC/tile_09026.png,2
arctic_vegetation/20230724_riparianshrub20_m3m/ALDE/tile_09029.png,0
arctic_vegetation/20230724_riparianshrub20_m3m/ALDE/tile_09030.png,0
arctic_vegetation/20230724_riparianshrub20_m3m/ALDE/tile_09031.png,0
arctic_vegetation/20230724_riparianshrub20_m3m/ALDE/tile_09032.png,0
arctic_vegetation/20230724_riparianshrub20_m3m/WILL/tile_09033.png,11
arctic_vegetation/20230724_riparianshrub20_m3m/WILL/tile_09034.png,11
arctic_vegetation/20230724_riparianshrub20_m3m/WILL/tile_09035.png,11
arctic_vegetation/20230724_riparianshrub20_m3m/WILL/tile_09036.png,11
arctic_vegetation/20230724_riparianshrub20_m3m/WILL/tile_09037.png,11
arctic_vegetation/20230724_riparianshrub20_m3m/WILL/tile_09038.png,11
arctic_vegetation/20230724_riparianshrub20_m3m/PETF/tile_09049.png,6
arctic_vegetation/20230724_riparianshrub20_m3m/PETF/tile_09050.png,6
arctic_vegetation/20230724_riparianshrub20_m3m/PETF/tile_09051.png,6
arctic_vegetation/20230724_riparianshrub20_m3m/PETF/tile_09052.png,6
arctic_vegetation/20230724_riparianshrub20_m3m/PETF/tile_09053.png,6
arctic_vegetation/20230724_riparianshrub20_m3m/PETF/tile_09054.png,6
arctic_vegetation/20230724_riparianshrub20_m3m/PETF/tile_09055.png,6
arctic_vegetation/20230724_riparianshrub20_m3m/PETF/tile_09056.png,6
arctic_vegetation/20230724_riparianshrub20_m3m/PETF/tile_09057.png,6
arctic_vegetation/20230724_riparianshrub20_m3m/PETF/tile_09058.png,6
arctic_vegetation/20230724_riparianshrub20_m3m/MOSS/tile_09164.png,5
arctic_vegetation/20230724_riparianshrub20_m3m/MOSS/tile_09165.png,5
arctic_vegetation/20230724_riparianshrub20_m3m/MOSS/tile_09166.png,5
arctic_vegetation/20230724_riparianshrub20_m3m/SEDG/tile_09172.png,9
arctic_vegetation/20230724_riparianshrub20_m3m/SEDG/tile_09173.png,9
arctic_vegetation/20230724_riparianshrub20_m3m/SEDG/tile_09174.png,9
arctic_vegetation/20230724_riparianshrub20_m3m/MOSS/tile_09175.png,5
arctic_vegetation/20230724_riparianshrub20_m3m/MOSS/tile_09176.png,5
arctic_vegetation/20230724_riparianshrub20_m3m/MOSS/tile_09177.png,5
arctic_vegetation/20230724_riparianshrub20_m3m/SEDG/tile_09178.png,9
arctic_vegetation/20230724_riparianshrub20_m3m/SEDG/tile_09179.png,9
arctic_vegetation/20230724_riparianshrub20_m3m/SEDG/tile_09180.png,9
arctic_vegetation/20230724_riparianshrub20_m3m/SEDG/tile_09181.png,9
arctic_vegetation/20230724_riparianshrub20_m3m/MOSS/tile_09182.png,5
arctic_vegetation/20230724_riparianshrub20_m3m/MOSS/tile_09183.png,5
arctic_vegetation/20230724_riparianshrub20_m3m/MOSS/tile_09184.png,5
arctic_vegetation/20230724_riparianshrub20_m3m/MOSS/tile_09185.png,5
arctic_vegetation/20230724_riparianshrub20_m3m/MOSS/tile_09186.png,5
arctic_vegetation/20230724_riparianshrub20_m3m/MOSS/tile_09187.png,5
arctic_vegetation/20230724_riparianshrub20_m3m/MOSS/tile_09188.png,5
arctic_vegetation/20230724_riparianshrub20_m3m/MOSS/tile_09189.png,5
arctic_vegetation/20230724_riparianshrub20_m3m/MOSS/tile_09190.png,5
arctic_vegetation/20230724_riparianshrub20_m3m/LICH/tile_09197.png,4
arctic_vegetation/20230724_riparianshrub20_m3m/LICH/tile_09198.png,4
arctic_vegetation/20230724_riparianshrub20_m3m/MOSS/tile_09199.png,5
arctic_vegetation/20230724_riparianshrub20_m3m/ALDE/tile_09204.png,0
arctic_vegetation/20230724_riparianshrub20_m3m/ALDE/tile_09205.png,0
arctic_vegetation/20230724_riparianshrub20_m3m/ALDE/tile_09206.png,0
arctic_vegetation/20230724_riparianshrub20_m3m/ALDE/tile_09207.png,0
arctic_vegetation/20230724_riparianshrub20_m3m/WILL/tile_09208.png,11
arctic_vegetation/20230724_riparianshrub20_m3m/WILL/tile_09209.png,11
arctic_vegetation/20230724_riparianshrub20_m3m/WILL/tile_09210.png,11
arctic_vegetation/20230724_riparianshrub20_m3m/WILL/tile_09211.png,11
arctic_vegetation/20230724_riparianshrub20_m3m/WILL/tile_09212.png,11
arctic_vegetation/20230724_riparianshrub20_m3m/WILL/tile_09213.png,11
arctic_vegetation/20230724_riparianshrub20_m3m/PETF/tile_09217.png,6
arctic_vegetation/20230724_riparianshrub20_m3m/PETF/tile_09218.png,6
arctic_vegetation/20230724_riparianshrub20_m3m/PETF/tile_09219.png,6
arctic_vegetation/20230724_riparianshrub20_m3m/PETF/tile_09220.png,6
arctic_vegetation/20230724_riparianshrub20_m3m/PETF/tile_09221.png,6
arctic_vegetation/20230724_riparianshrub20_m3m/PETF/tile_09222.png,6
arctic_vegetation/20230724_riparianshrub20_m3m/PETF/tile_09223.png,6
arctic_vegetation/20230724_riparianshrub20_m3m/PETF/tile_09224.png,6
arctic_vegetation/20230724_riparianshrub20_m3m/PETF/tile_09225.png,6
arctic_vegetation/20230724_riparianshrub20_m3m/PETF/tile_09226.png,6
arctic_vegetation/20230724_riparianshrub20_m3m/PETF/tile_09227.png,6
arctic_vegetation/20230724_riparianshrub20_m3m/PETF/tile_09228.png,6
arctic_vegetation/20230724_riparianshrub20_m3m/PETF/tile_09229.png,6
arctic_vegetation/20230724_riparianshrub20_m3m/PETF/tile_09230.png,6
arctic_vegetation/20230724_riparianshrub20_m3m/PETF/tile_09231.png,6
arctic_vegetation/20230724_riparianshrub20_m3m/PETF/tile_09232.png,6
arctic_vegetation/20230724_riparianshrub20_m3m/SEDG/tile_09345.png,9
arctic_vegetation/20230724_riparianshrub20_m3m/SEDG/tile_09346.png,9
arctic_vegetation/20230724_riparianshrub20_m3m/SEDG/tile_09347.png,9
arctic_vegetation/20230724_riparianshrub20_m3m/SEDG/tile_09348.png,9
arctic_vegetation/20230724_riparianshrub20_m3m/SEDG/tile_09349.png,9
arctic_vegetation/20230724_riparianshrub20_m3m/MOSS/tile_09350.png,5
arctic_vegetation/20230724_riparianshrub20_m3m/MOSS/tile_09351.png,5
arctic_vegetation/20230724_riparianshrub20_m3m/SEDG/tile_09352.png,9
arctic_vegetation/20230724_riparianshrub20_m3m/SEDG/tile_09353.png,9
arctic_vegetation/20230724_riparianshrub20_m3m/SEDG/tile_09354.png,9
arctic_vegetation/20230724_riparianshrub20_m3m/SEDG/tile_09355.png,9
arctic_vegetation/20230724_riparianshrub20_m3m/SEDG/tile_09356.png,9
arctic_vegetation/20230724_riparianshrub20_m3m/MOSS/tile_09357.png,5
arctic_vegetation/20230724_riparianshrub20_m3m/MOSS/tile_09358.png,5
arctic_vegetation/20230724_riparianshrub20_m3m/MOSS/tile_09359.png,5
arctic_vegetation/20230724_riparianshrub20_m3m/MOSS/tile_09360.png,5
arctic_vegetation/20230724_riparianshrub20_m3m/MOSS/tile_09361.png,5
arctic_vegetation/20230724_riparianshrub20_m3m/MOSS/tile_09362.png,5
arctic_vegetation/20230724_riparianshrub20_m3m/MOSS/tile_09363.png,5
arctic_vegetation/20230724_riparianshrub20_m3m/MOSS/tile_09364.png,5
arctic_vegetation/20230724_riparianshrub20_m3m/MOSS/tile_09365.png,5
arctic_vegetation/20230724_riparianshrub20_m3m/MOSS/tile_09366.png,5
arctic_vegetation/20230724_riparianshrub20_m3m/MOSS/tile_09371.png,5
arctic_vegetation/20230724_riparianshrub20_m3m/LICH/tile_09372.png,4
arctic_vegetation/20230724_riparianshrub20_m3m/LICH/tile_09373.png,4
arctic_vegetation/20230724_riparianshrub20_m3m/MOSS/tile_09374.png,5
arctic_vegetation/20230724_riparianshrub20_m3m/ALDE/tile_09381.png,0
arctic_vegetation/20230724_riparianshrub20_m3m/ALDE/tile_09382.png,0
arctic_vegetation/20230724_riparianshrub20_m3m/WILL/tile_09383.png,11
arctic_vegetation/20230724_riparianshrub20_m3m/WILL/tile_09384.png,11
arctic_vegetation/20230724_riparianshrub20_m3m/WILL/tile_09385.png,11
arctic_vegetation/20230724_riparianshrub20_m3m/WILL/tile_09386.png,11
arctic_vegetation/20230724_riparianshrub20_m3m/WILL/tile_09387.png,11
arctic_vegetation/20230724_riparianshrub20_m3m/WILL/tile_09388.png,11
arctic_vegetation/20230724_riparianshrub20_m3m/PETF/tile_09392.png,6
arctic_vegetation/20230724_riparianshrub20_m3m/PETF/tile_09393.png,6
arctic_vegetation/20230724_riparianshrub20_m3m/PETF/tile_09394.png,6
arctic_vegetation/20230724_riparianshrub20_m3m/PETF/tile_09395.png,6
arctic_vegetation/20230724_riparianshrub20_m3m/PETF/tile_09396.png,6
arctic_vegetation/20230724_riparianshrub20_m3m/PETF/tile_09397.png,6
arctic_vegetation/20230724_riparianshrub20_m3m/PETF/tile_09398.png,6
arctic_vegetation/20230724_riparianshrub20_m3m/PETF/tile_09399.png,6
arctic_vegetation/20230724_riparianshrub20_m3m/PETF/tile_09400.png,6
arctic_vegetation/20230724_riparianshrub20_m3m/PETF/tile_09401.png,6
arctic_vegetation/20230724_riparianshrub20_m3m/PETF/tile_09402.png,6
arctic_vegetation/20230724_riparianshrub20_m3m/BIRC/tile_09405.png,2
arctic_vegetation/20230724_riparianshrub20_m3m/BIRC/tile_09406.png,2
arctic_vegetation/20230724_riparianshrub20_m3m/WILL/tile_09407.png,11
arctic_vegetation/20230724_riparianshrub20_m3m/WILL/tile_09408.png,11
arctic_vegetation/20230724_riparianshrub20_m3m/BIRC/tile_09409.png,2
arctic_vegetation/20230724_riparianshrub20_m3m/WILL/tile_09410.png,11
arctic_vegetation/20230724_riparianshrub20_m3m/BIRC/tile_09411.png,2
arctic_vegetation/20230724_riparianshrub20_m3m/BIRC/tile_09412.png,2
arctic_vegetation/20230724_riparianshrub20_m3m/SEDG/tile_09520.png,9
arctic_vegetation/20230724_riparianshrub20_m3m/SEDG/tile_09521.png,9
arctic_vegetation/20230724_riparianshrub20_m3m/SEDG/tile_09522.png,9
arctic_vegetation/20230724_riparianshrub20_m3m/SEDG/tile_09523.png,9
arctic_vegetation/20230724_riparianshrub20_m3m/SEDG/tile_09524.png,9
arctic_vegetation/20230724_riparianshrub20_m3m/MOSS/tile_09525.png,5
arctic_vegetation/20230724_riparianshrub20_m3m/MOSS/tile_09526.png,5
arctic_vegetation/20230724_riparianshrub20_m3m/SEDG/tile_09527.png,9
arctic_vegetation/20230724_riparianshrub20_m3m/SEDG/tile_09528.png,9
arctic_vegetation/20230724_riparianshrub20_m3m/SEDG/tile_09529.png,9
arctic_vegetation/20230724_riparianshrub20_m3m/SEDG/tile_09530.png,9
arctic_vegetation/20230724_riparianshrub20_m3m/SEDG/tile_09531.png,9
arctic_vegetation/20230724_riparianshrub20_m3m/SEDG/tile_09532.png,9
arctic_vegetation/20230724_riparianshrub20_m3m/MOSS/tile_09535.png,5
arctic_vegetation/20230724_riparianshrub20_m3m/MOSS/tile_09536.png,5
arctic_vegetation/20230724_riparianshrub20_m3m/MOSS/tile_09537.png,5
arctic_vegetation/20230724_riparianshrub20_m3m/MOSS/tile_09538.png,5
arctic_vegetation/20230724_riparianshrub20_m3m/MOSS/tile_09539.png,5
arctic_vegetation/20230724_riparianshrub20_m3m/MOSS/tile_09540.png,5
arctic_vegetation/20230724_riparianshrub20_m3m/MOSS/tile_09541.png,5
arctic_vegetation/20230724_riparianshrub20_m3m/MOSS/tile_09546.png,5
arctic_vegetation/20230724_riparianshrub20_m3m/LICH/tile_09547.png,4
arctic_vegetation/20230724_riparianshrub20_m3m/LICH/tile_09548.png,4
arctic_vegetation/20230724_riparianshrub20_m3m/LICH/tile_09549.png,4
arctic_vegetation/20230724_riparianshrub20_m3m/BIRC/tile_09550.png,2
arctic_vegetation/20230724_riparianshrub20_m3m/MOSS/tile_09551.png,5
arctic_vegetation/20230724_riparianshrub20_m3m/BIRC/tile_09553.png,2
arctic_vegetation/20230724_riparianshrub20_m3m/BIRC/tile_09554.png,2
arctic_vegetation/20230724_riparianshrub20_m3m/BIRC/tile_09555.png,2
arctic_vegetation/20230724_riparianshrub20_m3m/BIRC/tile_09556.png,2
arctic_vegetation/20230724_riparianshrub20_m3m/BIRC/tile_09557.png,2
arctic_vegetation/20230724_riparianshrub20_m3m/BIRC/tile_09558.png,2
arctic_vegetation/20230724_riparianshrub20_m3m/BIRC/tile_09559.png,2
arctic_vegetation/20230724_riparianshrub20_m3m/BIRC/tile_09560.png,2
arctic_vegetation/20230724_riparianshrub20_m3m/BIRC/tile_09561.png,2
arctic_vegetation/20230724_riparianshrub20_m3m/WILL/tile_09562.png,11
arctic_vegetation/20230724_riparianshrub20_m3m/WILL/tile_09563.png,11
arctic_vegetation/20230724_riparianshrub20_m3m/MOSS/tile_09568.png,5
arctic_vegetation/20230724_riparianshrub20_m3m/MOSS/tile_09569.png,5
arctic_vegetation/20230724_riparianshrub20_m3m/PETF/tile_09570.png,6
arctic_vegetation/20230724_riparianshrub20_m3m/PETF/tile_09571.png,6
arctic_vegetation/20230724_riparianshrub20_m3m/PETF/tile_09572.png,6
arctic_vegetation/20230724_riparianshrub20_m3m/PETF/tile_09573.png,6
arctic_vegetation/20230724_riparianshrub20_m3m/PETF/tile_09574.png,6
arctic_vegetation/20230724_riparianshrub20_m3m/PETF/tile_09575.png,6
arctic_vegetation/20230724_riparianshrub20_m3m/PETF/tile_09576.png,6
arctic_vegetation/20230724_riparianshrub20_m3m/PETF/tile_09577.png,6
arctic_vegetation/20230724_riparianshrub20_m3m/BIRC/tile_09580.png,2
arctic_vegetation/20230724_riparianshrub20_m3m/WILL/tile_09581.png,11
arctic_vegetation/20230724_riparianshrub20_m3m/WILL/tile_09582.png,11
arctic_vegetation/20230724_riparianshrub20_m3m/WILL/tile_09583.png,11
arctic_vegetation/20230724_riparianshrub20_m3m/WILL/tile_09584.png,11
arctic_vegetation/20230724_riparianshrub20_m3m/WILL/tile_09585.png,11
arctic_vegetation/20230724_riparianshrub20_m3m/BIRC/tile_09586.png,2
arctic_vegetation/20230724_riparianshrub20_m3m/BIRC/tile_09587.png,2
arctic_vegetation/20230724_riparianshrub20_m3m/BIRC/tile_09588.png,2
arctic_vegetation/20230724_riparianshrub20_m3m/SEDG/tile_09695.png,9
arctic_vegetation/20230724_riparianshrub20_m3m/SEDG/tile_09696.png,9
arctic_vegetation/20230724_riparianshrub20_m3m/SEDG/tile_09697.png,9
arctic_vegetation/20230724_riparianshrub20_m3m/SEDG/tile_09698.png,9
arctic_vegetation/20230724_riparianshrub20_m3m/SEDG/tile_09699.png,9
arctic_vegetation/20230724_riparianshrub20_m3m/MOSS/tile_09700.png,5
arctic_vegetation/20230724_riparianshrub20_m3m/MOSS/tile_09701.png,5
arctic_vegetation/20230724_riparianshrub20_m3m/SEDG/tile_09702.png,9
arctic_vegetation/20230724_riparianshrub20_m3m/SEDG/tile_09703.png,9
arctic_vegetation/20230724_riparianshrub20_m3m/SEDG/tile_09704.png,9
arctic_vegetation/20230724_riparianshrub20_m3m/SEDG/tile_09705.png,9
arctic_vegetation/20230724_riparianshrub20_m3m/SEDG/tile_09706.png,9
arctic_vegetation/20230724_riparianshrub20_m3m/MOSS/tile_09710.png,5
arctic_vegetation/20230724_riparianshrub20_m3m/MOSS/tile_09711.png,5
arctic_vegetation/20230724_riparianshrub20_m3m/MOSS/tile_09712.png,5
arctic_vegetation/20230724_riparianshrub20_m3m/MOSS/tile_09714.png,5
arctic_vegetation/20230724_riparianshrub20_m3m/MOSS/tile_09715.png,5
arctic_vegetation/20230724_riparianshrub20_m3m/MOSS/tile_09716.png,5
arctic_vegetation/20230724_riparianshrub20_m3m/LICH/tile_09717.png,4
arctic_vegetation/20230724_riparianshrub20_m3m/LICH/tile_09718.png,4
arctic_vegetation/20230724_riparianshrub20_m3m/LICH/tile_09719.png,4
arctic_vegetation/20230724_riparianshrub20_m3m/LICH/tile_09720.png,4
arctic_vegetation/20230724_riparianshrub20_m3m/LICH/tile_09721.png,4
arctic_vegetation/20230724_riparianshrub20_m3m/LICH/tile_09722.png,4
arctic_vegetation/20230724_riparianshrub20_m3m/LICH/tile_09723.png,4
arctic_vegetation/20230724_riparianshrub20_m3m/LICH/tile_09724.png,4
arctic_vegetation/20230724_riparianshrub20_m3m/MOSS/tile_09725.png,5
arctic_vegetation/20230724_riparianshrub20_m3m/MOSS/tile_09726.png,5
arctic_vegetation/20230724_riparianshrub20_m3m/MOSS/tile_09727.png,5
arctic_vegetation/20230724_riparianshrub20_m3m/BIRC/tile_09728.png,2
arctic_vegetation/20230724_riparianshrub20_m3m/BIRC/tile_09729.png,2
arctic_vegetation/20230724_riparianshrub20_m3m/BIRC/tile_09730.png,2
arctic_vegetation/20230724_riparianshrub20_m3m/BIRC/tile_09731.png,2
arctic_vegetation/20230724_riparianshrub20_m3m/BIRC/tile_09732.png,2
arctic_vegetation/20230724_riparianshrub20_m3m/BIRC/tile_09733.png,2
arctic_vegetation/20230724_riparianshrub20_m3m/BIRC/tile_09734.png,2
arctic_vegetation/20230724_riparianshrub20_m3m/BIRC/tile_09735.png,2
arctic_vegetation/20230724_riparianshrub20_m3m/BIRC/tile_09736.png,2
arctic_vegetation/20230724_riparianshrub20_m3m/BIRC/tile_09737.png,2
arctic_vegetation/20230724_riparianshrub20_m3m/BIRC/tile_09738.png,2
arctic_vegetation/20230724_riparianshrub20_m3m/BIRC/tile_09739.png,2
arctic_vegetation/20230724_riparianshrub20_m3m/MOSS/tile_09743.png,5
arctic_vegetation/20230724_riparianshrub20_m3m/MOSS/tile_09744.png,5
arctic_vegetation/20230724_riparianshrub20_m3m/PETF/tile_09745.png,6
arctic_vegetation/20230724_riparianshrub20_m3m/PETF/tile_09746.png,6
arctic_vegetation/20230724_riparianshrub20_m3m/PETF/tile_09747.png,6
arctic_vegetation/20230724_riparianshrub20_m3m/PETF/tile_09748.png,6
arctic_vegetation/20230724_riparianshrub20_m3m/PETF/tile_09749.png,6
arctic_vegetation/20230724_riparianshrub20_m3m/PETF/tile_09750.png,6
arctic_vegetation/20230724_riparianshrub20_m3m/PETF/tile_09751.png,6
arctic_vegetation/20230724_riparianshrub20_m3m/PETF/tile_09752.png,6
arctic_vegetation/20230724_riparianshrub20_m3m/BIRC/tile_09755.png,2
arctic_vegetation/20230724_riparianshrub20_m3m/WILL/tile_09756.png,11
arctic_vegetation/20230724_riparianshrub20_m3m/WILL/tile_09757.png,11
arctic_vegetation/20230724_riparianshrub20_m3m/WILL/tile_09758.png,11
arctic_vegetation/20230724_riparianshrub20_m3m/WILL/tile_09759.png,11
arctic_vegetation/20230724_riparianshrub20_m3m/WILL/tile_09760.png,11
arctic_vegetation/20230724_riparianshrub20_m3m/BIRC/tile_09761.png,2
arctic_vegetation/20230724_riparianshrub20_m3m/BIRC/tile_09762.png,2
arctic_vegetation/20230724_riparianshrub20_m3m/BIRC/tile_09763.png,2
arctic_vegetation/20230724_riparianshrub20_m3m/MOSS/tile_09767.png,5
arctic_vegetation/20230724_riparianshrub20_m3m/MOSS/tile_09768.png,5
arctic_vegetation/20230724_riparianshrub20_m3m/LICH/tile_09769.png,4
arctic_vegetation/20230724_riparianshrub20_m3m/LICH/tile_09770.png,4
arctic_vegetation/20230724_riparianshrub20_m3m/LICH/tile_09771.png,4
arctic_vegetation/20230724_riparianshrub20_m3m/LICH/tile_09772.png,4
arctic_vegetation/20230724_riparianshrub20_m3m/LICH/tile_09859.png,4
arctic_vegetation/20230724_riparianshrub20_m3m/LICH/tile_09860.png,4
arctic_vegetation/20230724_riparianshrub20_m3m/LICH/tile_09861.png,4
arctic_vegetation/20230724_riparianshrub20_m3m/LICH/tile_09862.png,4
arctic_vegetation/20230724_riparianshrub20_m3m/TUSS/tile_09864.png,10
arctic_vegetation/20230724_riparianshrub20_m3m/TUSS/tile_09865.png,10
arctic_vegetation/20230724_riparianshrub20_m3m/TUSS/tile_09866.png,10
arctic_vegetation/20230724_riparianshrub20_m3m/SEDG/tile_09870.png,9
arctic_vegetation/20230724_riparianshrub20_m3m/SEDG/tile_09871.png,9
arctic_vegetation/20230724_riparianshrub20_m3m/SEDG/tile_09872.png,9
arctic_vegetation/20230724_riparianshrub20_m3m/SEDG/tile_09873.png,9
arctic_vegetation/20230724_riparianshrub20_m3m/SEDG/tile_09874.png,9
arctic_vegetation/20230724_riparianshrub20_m3m/SEDG/tile_09876.png,9
arctic_vegetation/20230724_riparianshrub20_m3m/SEDG/tile_09877.png,9
arctic_vegetation/20230724_riparianshrub20_m3m/SEDG/tile_09878.png,9
arctic_vegetation/20230724_riparianshrub20_m3m/SEDG/tile_09879.png,9
arctic_vegetation/20230724_riparianshrub20_m3m/SEDG/tile_09880.png,9
arctic_vegetation/20230724_riparianshrub20_m3m/SEDG/tile_09881.png,9
arctic_vegetation/20230724_riparianshrub20_m3m/MOSS/tile_09889.png,5
arctic_vegetation/20230724_riparianshrub20_m3m/MOSS/tile_09890.png,5
arctic_vegetation/20230724_riparianshrub20_m3m/MOSS/tile_09891.png,5
arctic_vegetation/20230724_riparianshrub20_m3m/LICH/tile_09892.png,4
arctic_vegetation/20230724_riparianshrub20_m3m/LICH/tile_09893.png,4
arctic_vegetation/20230724_riparianshrub20_m3m/LICH/tile_09894.png,4
arctic_vegetation/20230724_riparianshrub20_m3m/LICH/tile_09895.png,4
arctic_vegetation/20230724_riparianshrub20_m3m/LICH/tile_09896.png,4
arctic_vegetation/20230724_riparianshrub20_m3m/LICH/tile_09897.png,4
arctic_vegetation/20230724_riparianshrub20_m3m/LICH/tile_09898.png,4
arctic_vegetation/20230724_riparianshrub20_m3m/LICH/tile_09899.png,4
arctic_vegetation/20230724_riparianshrub20_m3m/MOSS/tile_09900.png,5
arctic_vegetation/20230724_riparianshrub20_m3m/MOSS/tile_09901.png,5
arctic_vegetation/20230724_riparianshrub20_m3m/MOSS/tile_09902.png,5
arctic_vegetation/20230724_riparianshrub20_m3m/BIRC/tile_09903.png,2
arctic_vegetation/20230724_riparianshrub20_m3m/BIRC/tile_09904.png,2
arctic_vegetation/20230724_riparianshrub20_m3m/BIRC/tile_09905.png,2
arctic_vegetation/20230724_riparianshrub20_m3m/BIRC/tile_09906.png,2
arctic_vegetation/20230724_riparianshrub20_m3m/ALDE/tile_09907.png,0
arctic_vegetation/20230724_riparianshrub20_m3m/BIRC/tile_09908.png,2
arctic_vegetation/20230724_riparianshrub20_m3m/BIRC/tile_09909.png,2
arctic_vegetation/20230724_riparianshrub20_m3m/BIRC/tile_09910.png,2
arctic_vegetation/20230724_riparianshrub20_m3m/BIRC/tile_09911.png,2
arctic_vegetation/20230724_riparianshrub20_m3m/BIRC/tile_09912.png,2
arctic_vegetation/20230724_riparianshrub20_m3m/BIRC/tile_09913.png,2
arctic_vegetation/20230724_riparianshrub20_m3m/BIRC/tile_09914.png,2
arctic_vegetation/20230724_riparianshrub20_m3m/MOSS/tile_09918.png,5
arctic_vegetation/20230724_riparianshrub20_m3m/MOSS/tile_09919.png,5
arctic_vegetation/20230724_riparianshrub20_m3m/PETF/tile_09920.png,6
arctic_vegetation/20230724_riparianshrub20_m3m/PETF/tile_09921.png,6
arctic_vegetation/20230724_riparianshrub20_m3m/PETF/tile_09922.png,6
arctic_vegetation/20230724_riparianshrub20_m3m/PETF/tile_09923.png,6
arctic_vegetation/20230724_riparianshrub20_m3m/PETF/tile_09924.png,6
arctic_vegetation/20230724_riparianshrub20_m3m/PETF/tile_09925.png,6
arctic_vegetation/20230724_riparianshrub20_m3m/PETF/tile_09926.png,6
arctic_vegetation/20230724_riparianshrub20_m3m/PETF/tile_09927.png,6
arctic_vegetation/20230724_riparianshrub20_m3m/PETF/tile_09928.png,6
arctic_vegetation/20230724_riparianshrub20_m3m/BIRC/tile_09930.png,2
arctic_vegetation/20230724_riparianshrub20_m3m/BIRC/tile_09931.png,2
arctic_vegetation/20230724_riparianshrub20_m3m/WILL/tile_09932.png,11
arctic_vegetation/20230724_riparianshrub20_m3m/WILL/tile_09933.png,11
arctic_vegetation/20230724_riparianshrub20_m3m/WILL/tile_09934.png,11
arctic_vegetation/20230724_riparianshrub20_m3m/BIRC/tile_09935.png,2
arctic_vegetation/20230724_riparianshrub20_m3m/BIRC/tile_09936.png,2
arctic_vegetation/20230724_riparianshrub20_m3m/BIRC/tile_09937.png,2
arctic_vegetation/20230724_riparianshrub20_m3m/BIRC/tile_09938.png,2
arctic_vegetation/20230724_riparianshrub20_m3m/MOSS/tile_09941.png,5
arctic_vegetation/20230724_riparianshrub20_m3m/LICH/tile_09942.png,4
arctic_vegetation/20230724_riparianshrub20_m3m/LICH/tile_09943.png,4
arctic_vegetation/20230724_riparianshrub20_m3m/LICH/tile_09944.png,4
arctic_vegetation/20230724_riparianshrub20_m3m/LICH/tile_09945.png,4
arctic_vegetation/20230724_riparianshrub20_m3m/LICH/tile_09946.png,4
arctic_vegetation/20230724_riparianshrub20_m3m/LICH/tile_09947.png,4
arctic_vegetation/20230724_riparianshrub20_m3m/LICH/tile_10034.png,4
arctic_vegetation/20230724_riparianshrub20_m3m/LICH/tile_10035.png,4
arctic_vegetation/20230724_riparianshrub20_m3m/LICH/tile_10036.png,4
arctic_vegetation/20230724_riparianshrub20_m3m/LICH/tile_10037.png,4
arctic_vegetation/20230724_riparianshrub20_m3m/LICH/tile_10038.png,4
arctic_vegetation/20230724_riparianshrub20_m3m/TUSS/tile_10039.png,10
arctic_vegetation/20230724_riparianshrub20_m3m/TUSS/tile_10040.png,10
arctic_vegetation/20230724_riparianshrub20_m3m/TUSS/tile_10041.png,10
arctic_vegetation/20230724_riparianshrub20_m3m/MOSS/tile_10064.png,5
arctic_vegetation/20230724_riparianshrub20_m3m/MOSS/tile_10065.png,5
arctic_vegetation/20230724_riparianshrub20_m3m/MOSS/tile_10066.png,5
arctic_vegetation/20230724_riparianshrub20_m3m/LICH/tile_10067.png,4
arctic_vegetation/20230724_riparianshrub20_m3m/LICH/tile_10070.png,4
arctic_vegetation/20230724_riparianshrub20_m3m/LICH/tile_10071.png,4
arctic_vegetation/20230724_riparianshrub20_m3m/LICH/tile_10072.png,4
arctic_vegetation/20230724_riparianshrub20_m3m/LICH/tile_10073.png,4
arctic_vegetation/20230724_riparianshrub20_m3m/LICH/tile_10074.png,4
arctic_vegetation/20230724_riparianshrub20_m3m/MOSS/tile_10075.png,5
arctic_vegetation/20230724_riparianshrub20_m3m/MOSS/tile_10076.png,5
arctic_vegetation/20230724_riparianshrub20_m3m/MOSS/tile_10077.png,5
arctic_vegetation/20230724_riparianshrub20_m3m/BIRC/tile_10078.png,2
arctic_vegetation/20230724_riparianshrub20_m3m/BIRC/tile_10079.png,2
arctic_vegetation/20230724_riparianshrub20_m3m/BIRC/tile_10080.png,2
arctic_vegetation/20230724_riparianshrub20_m3m/BIRC/tile_10081.png,2
arctic_vegetation/20230724_riparianshrub20_m3m/ALDE/tile_10082.png,0
arctic_vegetation/20230724_riparianshrub20_m3m/ALDE/tile_10083.png,0
arctic_vegetation/20230724_riparianshrub20_m3m/ALDE/tile_10084.png,0
arctic_vegetation/20230724_riparianshrub20_m3m/BIRC/tile_10085.png,2
arctic_vegetation/20230724_riparianshrub20_m3m/BIRC/tile_10086.png,2
arctic_vegetation/20230724_riparianshrub20_m3m/BIRC/tile_10087.png,2
arctic_vegetation/20230724_riparianshrub20_m3m/BIRC/tile_10088.png,2
arctic_vegetation/20230724_riparianshrub20_m3m/BIRC/tile_10089.png,2
arctic_vegetation/20230724_riparianshrub20_m3m/PETF/tile_10100.png,6
arctic_vegetation/20230724_riparianshrub20_m3m/PETF/tile_10101.png,6
arctic_vegetation/20230724_riparianshrub20_m3m/PETF/tile_10102.png,6
arctic_vegetation/20230724_riparianshrub20_m3m/PETF/tile_10103.png,6
arctic_vegetation/20230724_riparianshrub20_m3m/BIRC/tile_10106.png,2
arctic_vegetation/20230724_riparianshrub20_m3m/WILL/tile_10107.png,11
arctic_vegetation/20230724_riparianshrub20_m3m/WILL/tile_10108.png,11
arctic_vegetation/20230724_riparianshrub20_m3m/WILL/tile_10109.png,11
arctic_vegetation/20230724_riparianshrub20_m3m/BIRC/tile_10110.png,2
arctic_vegetation/20230724_riparianshrub20_m3m/BIRC/tile_10112.png,2
arctic_vegetation/20230724_riparianshrub20_m3m/BIRC/tile_10113.png,2
arctic_vegetation/20230724_riparianshrub20_m3m/MOSS/tile_10116.png,5
arctic_vegetation/20230724_riparianshrub20_m3m/LICH/tile_10117.png,4
arctic_vegetation/20230724_riparianshrub20_m3m/LICH/tile_10118.png,4
arctic_vegetation/20230724_riparianshrub20_m3m/LICH/tile_10119.png,4
arctic_vegetation/20230724_riparianshrub20_m3m/LICH/tile_10120.png,4
arctic_vegetation/20230724_riparianshrub20_m3m/LICH/tile_10121.png,4
arctic_vegetation/20230724_riparianshrub20_m3m/LICH/tile_10122.png,4
arctic_vegetation/20230724_riparianshrub20_m3m/TUSS/tile_10208.png,10
arctic_vegetation/20230724_riparianshrub20_m3m/LICH/tile_10209.png,4
arctic_vegetation/20230724_riparianshrub20_m3m/LICH/tile_10210.png,4
arctic_vegetation/20230724_riparianshrub20_m3m/LICH/tile_10211.png,4
arctic_vegetation/20230724_riparianshrub20_m3m/LICH/tile_10212.png,4
arctic_vegetation/20230724_riparianshrub20_m3m/LICH/tile_10213.png,4
arctic_vegetation/20230724_riparianshrub20_m3m/TUSS/tile_10214.png,10
arctic_vegetation/20230724_riparianshrub20_m3m/TUSS/tile_10215.png,10
arctic_vegetation/20230724_riparianshrub20_m3m/TUSS/tile_10216.png,10
arctic_vegetation/20230724_riparianshrub20_m3m/MOSS/tile_10226.png,5
arctic_vegetation/20230724_riparianshrub20_m3m/MOSS/tile_10227.png,5
arctic_vegetation/20230724_riparianshrub20_m3m/MOSS/tile_10228.png,5
arctic_vegetation/20230724_riparianshrub20_m3m/MOSS/tile_10229.png,5
arctic_vegetation/20230724_riparianshrub20_m3m/MOSS/tile_10239.png,5
arctic_vegetation/20230724_riparianshrub20_m3m/MOSS/tile_10240.png,5
arctic_vegetation/20230724_riparianshrub20_m3m/MOSS/tile_10241.png,5
arctic_vegetation/20230724_riparianshrub20_m3m/MOSS/tile_10242.png,5
arctic_vegetation/20230724_riparianshrub20_m3m/MOSS/tile_10245.png,5
arctic_vegetation/20230724_riparianshrub20_m3m/LICH/tile_10246.png,4
arctic_vegetation/20230724_riparianshrub20_m3m/LICH/tile_10247.png,4
arctic_vegetation/20230724_riparianshrub20_m3m/LICH/tile_10248.png,4
arctic_vegetation/20230724_riparianshrub20_m3m/LICH/tile_10249.png,4
arctic_vegetation/20230724_riparianshrub20_m3m/MOSS/tile_10250.png,5
arctic_vegetation/20230724_riparianshrub20_m3m/BIRC/tile_10253.png,2
arctic_vegetation/20230724_riparianshrub20_m3m/BIRC/tile_10254.png,2
arctic_vegetation/20230724_riparianshrub20_m3m/BIRC/tile_10255.png,2
arctic_vegetation/20230724_riparianshrub20_m3m/BIRC/tile_10256.png,2
arctic_vegetation/20230724_riparianshrub20_m3m/ALDE/tile_10257.png,0
arctic_vegetation/20230724_riparianshrub20_m3m/ALDE/tile_10258.png,0
arctic_vegetation/20230724_riparianshrub20_m3m/ALDE/tile_10259.png,0
arctic_vegetation/20230724_riparianshrub20_m3m/ALDE/tile_10260.png,0
arctic_vegetation/20230724_riparianshrub20_m3m/BIRC/tile_10261.png,2
arctic_vegetation/20230724_riparianshrub20_m3m/BIRC/tile_10262.png,2
arctic_vegetation/20230724_riparianshrub20_m3m/BIRC/tile_10263.png,2
arctic_vegetation/20230724_riparianshrub20_m3m/BIRC/tile_10264.png,2
arctic_vegetation/20230724_riparianshrub20_m3m/PETF/tile_10275.png,6
arctic_vegetation/20230724_riparianshrub20_m3m/PETF/tile_10276.png,6
arctic_vegetation/20230724_riparianshrub20_m3m/PETF/tile_10277.png,6
arctic_vegetation/20230724_riparianshrub20_m3m/PETF/tile_10278.png,6
arctic_vegetation/20230724_riparianshrub20_m3m/BIRC/tile_10281.png,2
arctic_vegetation/20230724_riparianshrub20_m3m/WILL/tile_10282.png,11
arctic_vegetation/20230724_riparianshrub20_m3m/WILL/tile_10283.png,11
arctic_vegetation/20230724_riparianshrub20_m3m/LICH/tile_10292.png,4
arctic_vegetation/20230724_riparianshrub20_m3m/LICH/tile_10293.png,4
arctic_vegetation/20230724_riparianshrub20_m3m/TUSS/tile_10383.png,10
arctic_vegetation/20230724_riparianshrub20_m3m/TUSS/tile_10384.png,10
arctic_vegetation/20230724_riparianshrub20_m3m/TUSS/tile_10385.png,10
arctic_vegetation/20230724_riparianshrub20_m3m/LICH/tile_10387.png,4
arctic_vegetation/20230724_riparianshrub20_m3m/LICH/tile_10388.png,4
arctic_vegetation/20230724_riparianshrub20_m3m/LICH/tile_10389.png,4
arctic_vegetation/20230724_riparianshrub20_m3m/MOSS/tile_10401.png,5
arctic_vegetation/20230724_riparianshrub20_m3m/MOSS/tile_10402.png,5
arctic_vegetation/20230724_riparianshrub20_m3m/MOSS/tile_10403.png,5
arctic_vegetation/20230724_riparianshrub20_m3m/MOSS/tile_10404.png,5
arctic_vegetation/20230724_riparianshrub20_m3m/MOSS/tile_10414.png,5
arctic_vegetation/20230724_riparianshrub20_m3m/MOSS/tile_10415.png,5
arctic_vegetation/20230724_riparianshrub20_m3m/MOSS/tile_10416.png,5
arctic_vegetation/20230724_riparianshrub20_m3m/MOSS/tile_10417.png,5
arctic_vegetation/20230724_riparianshrub20_m3m/MOSS/tile_10420.png,5
arctic_vegetation/20230724_riparianshrub20_m3m/LICH/tile_10421.png,4
arctic_vegetation/20230724_riparianshrub20_m3m/LICH/tile_10422.png,4
arctic_vegetation/20230724_riparianshrub20_m3m/LICH/tile_10423.png,4
arctic_vegetation/20230724_riparianshrub20_m3m/LICH/tile_10424.png,4
arctic_vegetation/20230724_riparianshrub20_m3m/MOSS/tile_10425.png,5
arctic_vegetation/20230724_riparianshrub20_m3m/BIRC/tile_10428.png,2
arctic_vegetation/20230724_riparianshrub20_m3m/BIRC/tile_10429.png,2
arctic_vegetation/20230724_riparianshrub20_m3m/BIRC/tile_10430.png,2
arctic_vegetation/20230724_riparianshrub20_m3m/BIRC/tile_10431.png,2
arctic_vegetation/20230724_riparianshrub20_m3m/BIRC/tile_10432.png,2
arctic_vegetation/20230724_riparianshrub20_m3m/BIRC/tile_10433.png,2
arctic_vegetation/20230724_riparianshrub20_m3m/ALDE/tile_10434.png,0
arctic_vegetation/20230724_riparianshrub20_m3m/ALDE/tile_10435.png,0
arctic_vegetation/20230724_riparianshrub20_m3m/BIRC/tile_10436.png,2
arctic_vegetation/20230724_riparianshrub20_m3m/BIRC/tile_10437.png,2
arctic_vegetation/20230724_riparianshrub20_m3m/BIRC/tile_10438.png,2
arctic_vegetation/20230724_riparianshrub20_m3m/BIRC/tile_10439.png,2
arctic_vegetation/20230724_riparianshrub20_m3m/PETF/tile_10451.png,6
arctic_vegetation/20230724_riparianshrub20_m3m/PETF/tile_10452.png,6
arctic_vegetation/20230724_riparianshrub20_m3m/PETF/tile_10453.png,6
arctic_vegetation/20230724_riparianshrub20_m3m/TUSS/tile_10558.png,10
arctic_vegetation/20230724_riparianshrub20_m3m/MOSS/tile_10559.png,5
arctic_vegetation/20230724_riparianshrub20_m3m/MOSS/tile_10560.png,5
arctic_vegetation/20230724_riparianshrub20_m3m/MOSS/tile_10561.png,5
arctic_vegetation/20230724_riparianshrub20_m3m/MOSS/tile_10563.png,5
arctic_vegetation/20230724_riparianshrub20_m3m/MOSS/tile_10564.png,5
arctic_vegetation/20230724_riparianshrub20_m3m/MOSS/tile_10573.png,5
arctic_vegetation/20230724_riparianshrub20_m3m/MOSS/tile_10574.png,5
arctic_vegetation/20230724_riparianshrub20_m3m/MOSS/tile_10575.png,5
arctic_vegetation/20230724_riparianshrub20_m3m/MOSS/tile_10576.png,5
arctic_vegetation/20230724_riparianshrub20_m3m/MOSS/tile_10577.png,5
arctic_vegetation/20230724_riparianshrub20_m3m/MOSS/tile_10578.png,5
arctic_vegetation/20230724_riparianshrub20_m3m/MOSS/tile_10579.png,5
arctic_vegetation/20230724_riparianshrub20_m3m/MOSS/tile_10589.png,5
arctic_vegetation/20230724_riparianshrub20_m3m/MOSS/tile_10590.png,5
arctic_vegetation/20230724_riparianshrub20_m3m/MOSS/tile_10591.png,5
arctic_vegetation/20230724_riparianshrub20_m3m/MOSS/tile_10592.png,5
arctic_vegetation/20230724_riparianshrub20_m3m/BIRC/tile_10603.png,2
arctic_vegetation/20230724_riparianshrub20_m3m/BIRC/tile_10604.png,2
arctic_vegetation/20230724_riparianshrub20_m3m/BIRC/tile_10605.png,2
arctic_vegetation/20230724_riparianshrub20_m3m/BIRC/tile_10606.png,2
arctic_vegetation/20230724_riparianshrub20_m3m/BIRC/tile_10607.png,2
arctic_vegetation/20230724_riparianshrub20_m3m/BIRC/tile_10608.png,2
arctic_vegetation/20230724_riparianshrub20_m3m/BIRC/tile_10609.png,2
arctic_vegetation/20230724_riparianshrub20_m3m/BIRC/tile_10610.png,2
arctic_vegetation/20230724_riparianshrub20_m3m/BIRC/tile_10611.png,2
arctic_vegetation/20230724_riparianshrub20_m3m/BIRC/tile_10612.png,2
arctic_vegetation/20230724_riparianshrub20_m3m/BIRC/tile_10613.png,2
arctic_vegetation/20230724_riparianshrub20_m3m/BIRC/tile_10614.png,2
arctic_vegetation/20230724_riparianshrub20_m3m/MOSS/tile_10734.png,5
arctic_vegetation/20230724_riparianshrub20_m3m/MOSS/tile_10735.png,5
arctic_vegetation/20230724_riparianshrub20_m3m/MOSS/tile_10736.png,5
arctic_vegetation/20230724_riparianshrub20_m3m/MOSS/tile_10737.png,5
arctic_vegetation/20230724_riparianshrub20_m3m/MOSS/tile_10747.png,5
arctic_vegetation/20230724_riparianshrub20_m3m/MOSS/tile_10748.png,5
arctic_vegetation/20230724_riparianshrub20_m3m/MOSS/tile_10749.png,5
arctic_vegetation/20230724_riparianshrub20_m3m/MOSS/tile_10750.png,5
arctic_vegetation/20230724_riparianshrub20_m3m/MOSS/tile_10751.png,5
arctic_vegetation/20230724_riparianshrub20_m3m/MOSS/tile_10752.png,5
arctic_vegetation/20230724_riparianshrub20_m3m/MOSS/tile_10753.png,5
arctic_vegetation/20230724_riparianshrub20_m3m/MOSS/tile_10754.png,5
arctic_vegetation/20230724_riparianshrub20_m3m/MOSS/tile_10755.png,5
arctic_vegetation/20230724_riparianshrub20_m3m/MOSS/tile_10756.png,5
arctic_vegetation/20230724_riparianshrub20_m3m/MOSS/tile_10761.png,5
arctic_vegetation/20230724_riparianshrub20_m3m/MOSS/tile_10762.png,5
arctic_vegetation/20230724_riparianshrub20_m3m/MOSS/tile_10768.png,5
arctic_vegetation/20230724_riparianshrub20_m3m/MOSS/tile_10769.png,5
arctic_vegetation/20230724_riparianshrub20_m3m/BIRC/tile_10778.png,2
arctic_vegetation/20230724_riparianshrub20_m3m/BIRC/tile_10779.png,2
arctic_vegetation/20230724_riparianshrub20_m3m/BIRC/tile_10780.png,2
arctic_vegetation/20230724_riparianshrub20_m3m/BIRC/tile_10781.png,2
arctic_vegetation/20230724_riparianshrub20_m3m/BIRC/tile_10782.png,2
arctic_vegetation/20230724_riparianshrub20_m3m/BIRC/tile_10783.png,2
arctic_vegetation/20230724_riparianshrub20_m3m/BIRC/tile_10784.png,2
arctic_vegetation/20230724_riparianshrub20_m3m/BIRC/tile_10785.png,2
arctic_vegetation/20230724_riparianshrub20_m3m/BIRC/tile_10786.png,2
arctic_vegetation/20230724_riparianshrub20_m3m/BIRC/tile_10787.png,2
arctic_vegetation/20230724_riparianshrub20_m3m/BIRC/tile_10788.png,2
arctic_vegetation/20230724_riparianshrub20_m3m/BIRC/tile_10789.png,2
arctic_vegetation/20230724_riparianshrub20_m3m/PETF/tile_10793.png,6
arctic_vegetation/20230724_riparianshrub20_m3m/PETF/tile_10794.png,6
arctic_vegetation/20230724_riparianshrub20_m3m/PETF/tile_10795.png,6
arctic_vegetation/20230724_riparianshrub20_m3m/MOSS/tile_10909.png,5
arctic_vegetation/20230724_riparianshrub20_m3m/MOSS/tile_10910.png,5
arctic_vegetation/20230724_riparianshrub20_m3m/MOSS/tile_10911.png,5
arctic_vegetation/20230724_riparianshrub20_m3m/MOSS/tile_10912.png,5
arctic_vegetation/20230724_riparianshrub20_m3m/ALDE/tile_10913.png,0
arctic_vegetation/20230724_riparianshrub20_m3m/ALDE/tile_10914.png,0
arctic_vegetation/20230724_riparianshrub20_m3m/ALDE/tile_10915.png,0
arctic_vegetation/20230724_riparianshrub20_m3m/MOSS/tile_10922.png,5
arctic_vegetation/20230724_riparianshrub20_m3m/MOSS/tile_10923.png,5
arctic_vegetation/20230724_riparianshrub20_m3m/MOSS/tile_10924.png,5
arctic_vegetation/20230724_riparianshrub20_m3m/MOSS/tile_10925.png,5
arctic_vegetation/20230724_riparianshrub20_m3m/MOSS/tile_10926.png,5
arctic_vegetation/20230724_riparianshrub20_m3m/MOSS/tile_10927.png,5
arctic_vegetation/20230724_riparianshrub20_m3m/MOSS/tile_10928.png,5
arctic_vegetation/20230724_riparianshrub20_m3m/MOSS/tile_10929.png,5
arctic_vegetation/20230724_riparianshrub20_m3m/BIRC/tile_10930.png,2
arctic_vegetation/20230724_riparianshrub20_m3m/BIRC/tile_10931.png,2
arctic_vegetation/20230724_riparianshrub20_m3m/BIRC/tile_10932.png,2
arctic_vegetation/20230724_riparianshrub20_m3m/BIRC/tile_10933.png,2
arctic_vegetation/20230724_riparianshrub20_m3m/MOSS/tile_10936.png,5
arctic_vegetation/20230724_riparianshrub20_m3m/MOSS/tile_10937.png,5
arctic_vegetation/20230724_riparianshrub20_m3m/MOSS/tile_10938.png,5
arctic_vegetation/20230724_riparianshrub20_m3m/MOSS/tile_10939.png,5
arctic_vegetation/20230724_riparianshrub20_m3m/MOSS/tile_10940.png,5
arctic_vegetation/20230724_riparianshrub20_m3m/MOSS/tile_10941.png,5
arctic_vegetation/20230724_riparianshrub20_m3m/MOSS/tile_10942.png,5
arctic_vegetation/20230724_riparianshrub20_m3m/MOSS/tile_10943.png,5
arctic_vegetation/20230724_riparianshrub20_m3m/MOSS/tile_10944.png,5
arctic_vegetation/20230724_riparianshrub20_m3m/ALDE/tile_10953.png,0
arctic_vegetation/20230724_riparianshrub20_m3m/ALDE/tile_10954.png,0
arctic_vegetation/20230724_riparianshrub20_m3m/BIRC/tile_10955.png,2
arctic_vegetation/20230724_riparianshrub20_m3m/BIRC/tile_10956.png,2
arctic_vegetation/20230724_riparianshrub20_m3m/BIRC/tile_10957.png,2
arctic_vegetation/20230724_riparianshrub20_m3m/BIRC/tile_10958.png,2
arctic_vegetation/20230724_riparianshrub20_m3m/BIRC/tile_10959.png,2
arctic_vegetation/20230724_riparianshrub20_m3m/BIRC/tile_10960.png,2
arctic_vegetation/20230724_riparianshrub20_m3m/BIRC/tile_10961.png,2
arctic_vegetation/20230724_riparianshrub20_m3m/BIRC/tile_10962.png,2
arctic_vegetation/20230724_riparianshrub20_m3m/BIRC/tile_10963.png,2
arctic_vegetation/20230724_riparianshrub20_m3m/BIRC/tile_10964.png,2
arctic_vegetation/20230724_riparianshrub20_m3m/PETF/tile_10968.png,6
arctic_vegetation/20230724_riparianshrub20_m3m/PETF/tile_10969.png,6
arctic_vegetation/20230724_riparianshrub20_m3m/PETF/tile_10970.png,6
arctic_vegetation/20230724_riparianshrub20_m3m/MOSS/tile_11085.png,5
arctic_vegetation/20230724_riparianshrub20_m3m/MOSS/tile_11086.png,5
arctic_vegetation/20230724_riparianshrub20_m3m/MOSS/tile_11087.png,5
arctic_vegetation/20230724_riparianshrub20_m3m/ALDE/tile_11088.png,0
arctic_vegetation/20230724_riparianshrub20_m3m/ALDE/tile_11089.png,0
arctic_vegetation/20230724_riparianshrub20_m3m/ALDE/tile_11090.png,0
arctic_vegetation/20230724_riparianshrub20_m3m/PETF/tile_11096.png,6
arctic_vegetation/20230724_riparianshrub20_m3m/MOSS/tile_11097.png,5
arctic_vegetation/20230724_riparianshrub20_m3m/MOSS/tile_11098.png,5
arctic_vegetation/20230724_riparianshrub20_m3m/SEDG/tile_11099.png,9
arctic_vegetation/20230724_riparianshrub20_m3m/SEDG/tile_11100.png,9
arctic_vegetation/20230724_riparianshrub20_m3m/SEDG/tile_11101.png,9
arctic_vegetation/20230724_riparianshrub20_m3m/SEDG/tile_11102.png,9
arctic_vegetation/20230724_riparianshrub20_m3m/MOSS/tile_11103.png,5
arctic_vegetation/20230724_riparianshrub20_m3m/MOSS/tile_11104.png,5
arctic_vegetation/20230724_riparianshrub20_m3m/BIRC/tile_11105.png,2
arctic_vegetation/20230724_riparianshrub20_m3m/BIRC/tile_11106.png,2
arctic_vegetation/20230724_riparianshrub20_m3m/BIRC/tile_11107.png,2
arctic_vegetation/20230724_riparianshrub20_m3m/BIRC/tile_11108.png,2
arctic_vegetation/20230724_riparianshrub20_m3m/MOSS/tile_11111.png,5
arctic_vegetation/20230724_riparianshrub20_m3m/MOSS/tile_11112.png,5
arctic_vegetation/20230724_riparianshrub20_m3m/MOSS/tile_11113.png,5
arctic_vegetation/20230724_riparianshrub20_m3m/MOSS/tile_11114.png,5
arctic_vegetation/20230724_riparianshrub20_m3m/MOSS/tile_11115.png,5
arctic_vegetation/20230724_riparianshrub20_m3m/MOSS/tile_11116.png,5
arctic_vegetation/20230724_riparianshrub20_m3m/MOSS/tile_11117.png,5
arctic_vegetation/20230724_riparianshrub20_m3m/MOSS/tile_11118.png,5
arctic_vegetation/20230724_riparianshrub20_m3m/MOSS/tile_11119.png,5
arctic_vegetation/20230724_riparianshrub20_m3m/MOSS/tile_11125.png,5
arctic_vegetation/20230724_riparianshrub20_m3m/MOSS/tile_11126.png,5
arctic_vegetation/20230724_riparianshrub20_m3m/MOSS/tile_11127.png,5
arctic_vegetation/20230724_riparianshrub20_m3m/ALDE/tile_11128.png,0
arctic_vegetation/20230724_riparianshrub20_m3m/ALDE/tile_11129.png,0
arctic_vegetation/20230724_riparianshrub20_m3m/BIRC/tile_11130.png,2
arctic_vegetation/20230724_riparianshrub20_m3m/BIRC/tile_11131.png,2
arctic_vegetation/20230724_riparianshrub20_m3m/BIRC/tile_11132.png,2
arctic_vegetation/20230724_riparianshrub20_m3m/BIRC/tile_11133.png,2
arctic_vegetation/20230724_riparianshrub20_m3m/BIRC/tile_11134.png,2
arctic_vegetation/20230724_riparianshrub20_m3m/BIRC/tile_11135.png,2
arctic_vegetation/20230724_riparianshrub20_m3m/BIRC/tile_11136.png,2
arctic_vegetation/20230724_riparianshrub20_m3m/BIRC/tile_11137.png,2
arctic_vegetation/20230724_riparianshrub20_m3m/BIRC/tile_11138.png,2
arctic_vegetation/20230724_riparianshrub20_m3m/BIRC/tile_11139.png,2
arctic_vegetation/20230724_riparianshrub20_m3m/PETF/tile_11142.png,6
arctic_vegetation/20230724_riparianshrub20_m3m/PETF/tile_11143.png,6
arctic_vegetation/20230724_riparianshrub20_m3m/PETF/tile_11144.png,6
arctic_vegetation/20230724_riparianshrub20_m3m/PETF/tile_11145.png,6
arctic_vegetation/20230724_riparianshrub20_m3m/ALDE/tile_11263.png,0
arctic_vegetation/20230724_riparianshrub20_m3m/ALDE/tile_11264.png,0
arctic_vegetation/20230724_riparianshrub20_m3m/ALDE/tile_11265.png,0
arctic_vegetation/20230724_riparianshrub20_m3m/MOSS/tile_11271.png,5
arctic_vegetation/20230724_riparianshrub20_m3m/MOSS/tile_11272.png,5
arctic_vegetation/20230724_riparianshrub20_m3m/SEDG/tile_11273.png,9
arctic_vegetation/20230724_riparianshrub20_m3m/SEDG/tile_11274.png,9
arctic_vegetation/20230724_riparianshrub20_m3m/SEDG/tile_11275.png,9
arctic_vegetation/20230724_riparianshrub20_m3m/SEDG/tile_11276.png,9
arctic_vegetation/20230724_riparianshrub20_m3m/SEDG/tile_11277.png,9
arctic_vegetation/20230724_riparianshrub20_m3m/PETF/tile_11278.png,6
arctic_vegetation/20230724_riparianshrub20_m3m/MOSS/tile_11279.png,5
arctic_vegetation/20230724_riparianshrub20_m3m/BIRC/tile_11280.png,2
arctic_vegetation/20230724_riparianshrub20_m3m/BIRC/tile_11281.png,2
arctic_vegetation/20230724_riparianshrub20_m3m/BIRC/tile_11282.png,2
arctic_vegetation/20230724_riparianshrub20_m3m/MOSS/tile_11287.png,5
arctic_vegetation/20230724_riparianshrub20_m3m/MOSS/tile_11288.png,5
arctic_vegetation/20230724_riparianshrub20_m3m/MOSS/tile_11289.png,5
arctic_vegetation/20230724_riparianshrub20_m3m/MOSS/tile_11290.png,5
arctic_vegetation/20230724_riparianshrub20_m3m/MOSS/tile_11291.png,5
arctic_vegetation/20230724_riparianshrub20_m3m/MOSS/tile_11292.png,5
arctic_vegetation/20230724_riparianshrub20_m3m/MOSS/tile_11293.png,5
arctic_vegetation/20230724_riparianshrub20_m3m/MOSS/tile_11300.png,5
arctic_vegetation/20230724_riparianshrub20_m3m/MOSS/tile_11301.png,5
arctic_vegetation/20230724_riparianshrub20_m3m/MOSS/tile_11302.png,5
arctic_vegetation/20230724_riparianshrub20_m3m/BIRC/tile_11303.png,2
arctic_vegetation/20230724_riparianshrub20_m3m/WILL/tile_11304.png,11
arctic_vegetation/20230724_riparianshrub20_m3m/ALDE/tile_11305.png,0
arctic_vegetation/20230724_riparianshrub20_m3m/ALDE/tile_11306.png,0
arctic_vegetation/20230724_riparianshrub20_m3m/BIRC/tile_11307.png,2
arctic_vegetation/20230724_riparianshrub20_m3m/BIRC/tile_11308.png,2
arctic_vegetation/20230724_riparianshrub20_m3m/BIRC/tile_11309.png,2
arctic_vegetation/20230724_riparianshrub20_m3m/BIRC/tile_11310.png,2
arctic_vegetation/20230724_riparianshrub20_m3m/BIRC/tile_11311.png,2
arctic_vegetation/20230724_riparianshrub20_m3m/BIRC/tile_11312.png,2
arctic_vegetation/20230724_riparianshrub20_m3m/BIRC/tile_11313.png,2
arctic_vegetation/20230724_riparianshrub20_m3m/BIRC/tile_11314.png,2
arctic_vegetation/20230724_riparianshrub20_m3m/PETF/tile_11315.png,6
arctic_vegetation/20230724_riparianshrub20_m3m/PETF/tile_11316.png,6
arctic_vegetation/20230724_riparianshrub20_m3m/PETF/tile_11317.png,6
arctic_vegetation/20230724_riparianshrub20_m3m/PETF/tile_11318.png,6
arctic_vegetation/20230724_riparianshrub20_m3m/PETF/tile_11319.png,6
arctic_vegetation/20230724_riparianshrub20_m3m/MOSS/tile_11445.png,5
arctic_vegetation/20230724_riparianshrub20_m3m/MOSS/tile_11446.png,5
arctic_vegetation/20230724_riparianshrub20_m3m/MOSS/tile_11447.png,5
arctic_vegetation/20230724_riparianshrub20_m3m/MOSS/tile_11448.png,5
arctic_vegetation/20230724_riparianshrub20_m3m/MOSS/tile_11449.png,5
arctic_vegetation/20230724_riparianshrub20_m3m/MOSS/tile_11450.png,5
arctic_vegetation/20230724_riparianshrub20_m3m/MOSS/tile_11451.png,5
arctic_vegetation/20230724_riparianshrub20_m3m/MOSS/tile_11452.png,5
arctic_vegetation/20230724_riparianshrub20_m3m/PETF/tile_11454.png,6
arctic_vegetation/20230724_riparianshrub20_m3m/BIRC/tile_11455.png,2
arctic_vegetation/20230724_riparianshrub20_m3m/BIRC/tile_11456.png,2
arctic_vegetation/20230724_riparianshrub20_m3m/MOSS/tile_11457.png,5
arctic_vegetation/20230724_riparianshrub20_m3m/MOSS/tile_11462.png,5
arctic_vegetation/20230724_riparianshrub20_m3m/MOSS/tile_11463.png,5
arctic_vegetation/20230724_riparianshrub20_m3m/MOSS/tile_11464.png,5
arctic_vegetation/20230724_riparianshrub20_m3m/MOSS/tile_11465.png,5
arctic_vegetation/20230724_riparianshrub20_m3m/MOSS/tile_11466.png,5
arctic_vegetation/20230724_riparianshrub20_m3m/MOSS/tile_11467.png,5
arctic_vegetation/20230724_riparianshrub20_m3m/MOSS/tile_11468.png,5
arctic_vegetation/20230724_riparianshrub20_m3m/LICH/tile_11470.png,4
arctic_vegetation/20230724_riparianshrub20_m3m/LICH/tile_11471.png,4
arctic_vegetation/20230724_riparianshrub20_m3m/MOSS/tile_11475.png,5
arctic_vegetation/20230724_riparianshrub20_m3m/MOSS/tile_11476.png,5
arctic_vegetation/20230724_riparianshrub20_m3m/MOSS/tile_11477.png,5
arctic_vegetation/20230724_riparianshrub20_m3m/WILL/tile_11479.png,11
arctic_vegetation/20230724_riparianshrub20_m3m/BIRC/tile_11480.png,2
arctic_vegetation/20230724_riparianshrub20_m3m/BIRC/tile_11481.png,2
arctic_vegetation/20230724_riparianshrub20_m3m/BIRC/tile_11482.png,2
arctic_vegetation/20230724_riparianshrub20_m3m/BIRC/tile_11483.png,2
arctic_vegetation/20230724_riparianshrub20_m3m/BIRC/tile_11484.png,2
arctic_vegetation/20230724_riparianshrub20_m3m/BIRC/tile_11485.png,2
arctic_vegetation/20230724_riparianshrub20_m3m/BIRC/tile_11486.png,2
arctic_vegetation/20230724_riparianshrub20_m3m/BIRC/tile_11487.png,2
arctic_vegetation/20230724_riparianshrub20_m3m/BIRC/tile_11488.png,2
arctic_vegetation/20230724_riparianshrub20_m3m/PETF/tile_11489.png,6
arctic_vegetation/20230724_riparianshrub20_m3m/PETF/tile_11490.png,6
arctic_vegetation/20230724_riparianshrub20_m3m/PETF/tile_11491.png,6
arctic_vegetation/20230724_riparianshrub20_m3m/PETF/tile_11492.png,6
arctic_vegetation/20230724_riparianshrub20_m3m/PETF/tile_11493.png,6
arctic_vegetation/20230724_riparianshrub20_m3m/PETF/tile_11494.png,6
arctic_vegetation/20230724_riparianshrub20_m3m/MOSS/tile_11620.png,5
arctic_vegetation/20230724_riparianshrub20_m3m/MOSS/tile_11621.png,5
arctic_vegetation/20230724_riparianshrub20_m3m/MOSS/tile_11622.png,5
arctic_vegetation/20230724_riparianshrub20_m3m/MOSS/tile_11623.png,5
arctic_vegetation/20230724_riparianshrub20_m3m/MOSS/tile_11624.png,5
arctic_vegetation/20230724_riparianshrub20_m3m/MOSS/tile_11625.png,5
arctic_vegetation/20230724_riparianshrub20_m3m/MOSS/tile_11626.png,5
arctic_vegetation/20230724_riparianshrub20_m3m/MOSS/tile_11627.png,5
arctic_vegetation/20230724_riparianshrub20_m3m/MOSS/tile_11628.png,5
arctic_vegetation/20230724_riparianshrub20_m3m/PETF/tile_11629.png,6
arctic_vegetation/20230724_riparianshrub20_m3m/PETF/tile_11630.png,6
arctic_vegetation/20230724_riparianshrub20_m3m/PETF/tile_11631.png,6
arctic_vegetation/20230724_riparianshrub20_m3m/MOSS/tile_11632.png,5
arctic_vegetation/20230724_riparianshrub20_m3m/MOSS/tile_11633.png,5
arctic_vegetation/20230724_riparianshrub20_m3m/MOSS/tile_11638.png,5
arctic_vegetation/20230724_riparianshrub20_m3m/MOSS/tile_11639.png,5
arctic_vegetation/20230724_riparianshrub20_m3m/MOSS/tile_11640.png,5
arctic_vegetation/20230724_riparianshrub20_m3m/MOSS/tile_11641.png,5
arctic_vegetation/20230724_riparianshrub20_m3m/MOSS/tile_11642.png,5
arctic_vegetation/20230724_riparianshrub20_m3m/LICH/tile_11645.png,4
arctic_vegetation/20230724_riparianshrub20_m3m/LICH/tile_11646.png,4
arctic_vegetation/20230724_riparianshrub20_m3m/LICH/tile_11647.png,4
arctic_vegetation/20230724_riparianshrub20_m3m/BIRC/tile_11654.png,2
arctic_vegetation/20230724_riparianshrub20_m3m/BIRC/tile_11655.png,2
arctic_vegetation/20230724_riparianshrub20_m3m/BIRC/tile_11656.png,2
arctic_vegetation/20230724_riparianshrub20_m3m/BIRC/tile_11657.png,2
arctic_vegetation/20230724_riparianshrub20_m3m/BIRC/tile_11658.png,2
arctic_vegetation/20230724_riparianshrub20_m3m/BIRC/tile_11659.png,2
arctic_vegetation/20230724_riparianshrub20_m3m/BIRC/tile_11660.png,2
arctic_vegetation/20230724_riparianshrub20_m3m/BIRC/tile_11661.png,2
arctic_vegetation/20230724_riparianshrub20_m3m/BIRC/tile_11662.png,2
arctic_vegetation/20230724_riparianshrub20_m3m/BIRC/tile_11663.png,2
arctic_vegetation/20230724_riparianshrub20_m3m/PETF/tile_11664.png,6
arctic_vegetation/20230724_riparianshrub20_m3m/PETF/tile_11665.png,6
arctic_vegetation/20230724_riparianshrub20_m3m/PETF/tile_11666.png,6
arctic_vegetation/20230724_riparianshrub20_m3m/PETF/tile_11667.png,6
arctic_vegetation/20230724_riparianshrub20_m3m/PETF/tile_11668.png,6
arctic_vegetation/20230724_riparianshrub20_m3m/SEDG/tile_11692.png,9
arctic_vegetation/20230724_riparianshrub20_m3m/SEDG/tile_11693.png,9
arctic_vegetation/20230724_riparianshrub20_m3m/SEDG/tile_11694.png,9
arctic_vegetation/20230724_riparianshrub20_m3m/TUSS/tile_11785.png,10
arctic_vegetation/20230724_riparianshrub20_m3m/TUSS/tile_11786.png,10
arctic_vegetation/20230724_riparianshrub20_m3m/TUSS/tile_11787.png,10
arctic_vegetation/20230724_riparianshrub20_m3m/TUSS/tile_11788.png,10
arctic_vegetation/20230724_riparianshrub20_m3m/TUSS/tile_11789.png,10
arctic_vegetation/20230724_riparianshrub20_m3m/TUSS/tile_11790.png,10
arctic_vegetation/20230724_riparianshrub20_m3m/MOSS/tile_11795.png,5
arctic_vegetation/20230724_riparianshrub20_m3m/MOSS/tile_11796.png,5
arctic_vegetation/20230724_riparianshrub20_m3m/MOSS/tile_11797.png,5
arctic_vegetation/20230724_riparianshrub20_m3m/MOSS/tile_11798.png,5
arctic_vegetation/20230724_riparianshrub20_m3m/MOSS/tile_11799.png,5
arctic_vegetation/20230724_riparianshrub20_m3m/MOSS/tile_11800.png,5
arctic_vegetation/20230724_riparianshrub20_m3m/MOSS/tile_11801.png,5
arctic_vegetation/20230724_riparianshrub20_m3m/MOSS/tile_11802.png,5
arctic_vegetation/20230724_riparianshrub20_m3m/MOSS/tile_11803.png,5
arctic_vegetation/20230724_riparianshrub20_m3m/PETF/tile_11804.png,6
arctic_vegetation/20230724_riparianshrub20_m3m/PETF/tile_11805.png,6
arctic_vegetation/20230724_riparianshrub20_m3m/PETF/tile_11806.png,6
arctic_vegetation/20230724_riparianshrub20_m3m/MOSS/tile_11807.png,5
arctic_vegetation/20230724_riparianshrub20_m3m/MOSS/tile_11808.png,5
arctic_vegetation/20230724_riparianshrub20_m3m/LICH/tile_11811.png,4
arctic_vegetation/20230724_riparianshrub20_m3m/LICH/tile_11812.png,4
arctic_vegetation/20230724_riparianshrub20_m3m/MOSS/tile_11813.png,5
arctic_vegetation/20230724_riparianshrub20_m3m/MOSS/tile_11814.png,5
arctic_vegetation/20230724_riparianshrub20_m3m/MOSS/tile_11815.png,5
arctic_vegetation/20230724_riparianshrub20_m3m/MOSS/tile_11816.png,5
arctic_vegetation/20230724_riparianshrub20_m3m/MOSS/tile_11818.png,5
arctic_vegetation/20230724_riparianshrub20_m3m/MOSS/tile_11819.png,5
arctic_vegetation/20230724_riparianshrub20_m3m/MOSS/tile_11820.png,5
arctic_vegetation/20230724_riparianshrub20_m3m/MOSS/tile_11821.png,5
arctic_vegetation/20230724_riparianshrub20_m3m/MOSS/tile_11822.png,5
arctic_vegetation/20230724_riparianshrub20_m3m/LICH/tile_11823.png,4
arctic_vegetation/20230724_riparianshrub20_m3m/BIRC/tile_11829.png,2
arctic_vegetation/20230724_riparianshrub20_m3m/BIRC/tile_11830.png,2
arctic_vegetation/20230724_riparianshrub20_m3m/BIRC/tile_11831.png,2
arctic_vegetation/20230724_riparianshrub20_m3m/BIRC/tile_11832.png,2
arctic_vegetation/20230724_riparianshrub20_m3m/BIRC/tile_11833.png,2
arctic_vegetation/20230724_riparianshrub20_m3m/BIRC/tile_11834.png,2
arctic_vegetation/20230724_riparianshrub20_m3m/BIRC/tile_11835.png,2
arctic_vegetation/20230724_riparianshrub20_m3m/BIRC/tile_11836.png,2
arctic_vegetation/20230724_riparianshrub20_m3m/BIRC/tile_11837.png,2
arctic_vegetation/20230724_riparianshrub20_m3m/BIRC/tile_11838.png,2
arctic_vegetation/20230724_riparianshrub20_m3m/PETF/tile_11839.png,6
arctic_vegetation/20230724_riparianshrub20_m3m/PETF/tile_11840.png,6
arctic_vegetation/20230724_riparianshrub20_m3m/PETF/tile_11841.png,6
arctic_vegetation/20230724_riparianshrub20_m3m/PETF/tile_11842.png,6
arctic_vegetation/20230724_riparianshrub20_m3m/PETF/tile_11843.png,6
arctic_vegetation/20230724_riparianshrub20_m3m/MOSS/tile_11866.png,5
arctic_vegetation/20230724_riparianshrub20_m3m/SEDG/tile_11867.png,9
arctic_vegetation/20230724_riparianshrub20_m3m/SEDG/tile_11868.png,9
arctic_vegetation/20230724_riparianshrub20_m3m/SEDG/tile_11869.png,9
arctic_vegetation/20230724_riparianshrub20_m3m/TUSS/tile_11960.png,10
arctic_vegetation/20230724_riparianshrub20_m3m/TUSS/tile_11961.png,10
arctic_vegetation/20230724_riparianshrub20_m3m/TUSS/tile_11962.png,10
arctic_vegetation/20230724_riparianshrub20_m3m/TUSS/tile_11963.png,10
arctic_vegetation/20230724_riparianshrub20_m3m/TUSS/tile_11964.png,10
arctic_vegetation/20230724_riparianshrub20_m3m/TUSS/tile_11965.png,10
arctic_vegetation/20230724_riparianshrub20_m3m/MOSS/tile_11972.png,5
arctic_vegetation/20230724_riparianshrub20_m3m/MOSS/tile_11973.png,5
arctic_vegetation/20230724_riparianshrub20_m3m/MOSS/tile_11974.png,5
arctic_vegetation/20230724_riparianshrub20_m3m/MOSS/tile_11975.png,5
arctic_vegetation/20230724_riparianshrub20_m3m/MOSS/tile_11976.png,5
arctic_vegetation/20230724_riparianshrub20_m3m/MOSS/tile_11977.png,5
arctic_vegetation/20230724_riparianshrub20_m3m/MOSS/tile_11978.png,5
arctic_vegetation/20230724_riparianshrub20_m3m/PETF/tile_11979.png,6
arctic_vegetation/20230724_riparianshrub20_m3m/PETF/tile_11980.png,6
arctic_vegetation/20230724_riparianshrub20_m3m/PETF/tile_11981.png,6
arctic_vegetation/20230724_riparianshrub20_m3m/LICH/tile_11986.png,4
arctic_vegetation/20230724_riparianshrub20_m3m/LICH/tile_11987.png,4
arctic_vegetation/20230724_riparianshrub20_m3m/LICH/tile_11988.png,4
arctic_vegetation/20230724_riparianshrub20_m3m/MOSS/tile_11989.png,5
arctic_vegetation/20230724_riparianshrub20_m3m/MOSS/tile_11990.png,5
arctic_vegetation/20230724_riparianshrub20_m3m/MOSS/tile_11991.png,5
arctic_vegetation/20230724_riparianshrub20_m3m/MOSS/tile_11993.png,5
arctic_vegetation/20230724_riparianshrub20_m3m/MOSS/tile_11994.png,5
arctic_vegetation/20230724_riparianshrub20_m3m/MOSS/tile_11995.png,5
arctic_vegetation/20230724_riparianshrub20_m3m/MOSS/tile_11996.png,5
arctic_vegetation/20230724_riparianshrub20_m3m/MOSS/tile_11997.png,5
arctic_vegetation/20230724_riparianshrub20_m3m/LICH/tile_11998.png,4
arctic_vegetation/20230724_riparianshrub20_m3m/BIRC/tile_12003.png,2
arctic_vegetation/20230724_riparianshrub20_m3m/BIRC/tile_12004.png,2
arctic_vegetation/20230724_riparianshrub20_m3m/BIRC/tile_12005.png,2
arctic_vegetation/20230724_riparianshrub20_m3m/BIRC/tile_12006.png,2
arctic_vegetation/20230724_riparianshrub20_m3m/SEDG/tile_12007.png,9
arctic_vegetation/20230724_riparianshrub20_m3m/BIRC/tile_12008.png,2
arctic_vegetation/20230724_riparianshrub20_m3m/BIRC/tile_12009.png,2
arctic_vegetation/20230724_riparianshrub20_m3m/BIRC/tile_12010.png,2
arctic_vegetation/20230724_riparianshrub20_m3m/BIRC/tile_12011.png,2
arctic_vegetation/20230724_riparianshrub20_m3m/BIRC/tile_12012.png,2
arctic_vegetation/20230724_riparianshrub20_m3m/BIRC/tile_12013.png,2
arctic_vegetation/20230724_riparianshrub20_m3m/PETF/tile_12014.png,6
arctic_vegetation/20230724_riparianshrub20_m3m/PETF/tile_12015.png,6
arctic_vegetation/20230724_riparianshrub20_m3m/PETF/tile_12016.png,6
arctic_vegetation/20230724_riparianshrub20_m3m/PETF/tile_12017.png,6
arctic_vegetation/20230724_riparianshrub20_m3m/MOSS/tile_12041.png,5
arctic_vegetation/20230724_riparianshrub20_m3m/SEDG/tile_12042.png,9
arctic_vegetation/20230724_riparianshrub20_m3m/SEDG/tile_12043.png,9
arctic_vegetation/20230724_riparianshrub20_m3m/SEDG/tile_12044.png,9
arctic_vegetation/20230724_riparianshrub20_m3m/TUSS/tile_12135.png,10
arctic_vegetation/20230724_riparianshrub20_m3m/TUSS/tile_12136.png,10
arctic_vegetation/20230724_riparianshrub20_m3m/TUSS/tile_12137.png,10
arctic_vegetation/20230724_riparianshrub20_m3m/TUSS/tile_12138.png,10
arctic_vegetation/20230724_riparianshrub20_m3m/TUSS/tile_12139.png,10
arctic_vegetation/20230724_riparianshrub20_m3m/TUSS/tile_12140.png,10
arctic_vegetation/20230724_riparianshrub20_m3m/PETF/tile_12144.png,6
arctic_vegetation/20230724_riparianshrub20_m3m/PETF/tile_12145.png,6
arctic_vegetation/20230724_riparianshrub20_m3m/PETF/tile_12146.png,6
arctic_vegetation/20230724_riparianshrub20_m3m/LICH/tile_12161.png,4
arctic_vegetation/20230724_riparianshrub20_m3m/LICH/tile_12162.png,4
arctic_vegetation/20230724_riparianshrub20_m3m/LICH/tile_12163.png,4
arctic_vegetation/20230724_riparianshrub20_m3m/LICH/tile_12164.png,4
arctic_vegetation/20230724_riparianshrub20_m3m/LICH/tile_12165.png,4
arctic_vegetation/20230724_riparianshrub20_m3m/BIRC/tile_12178.png,2
arctic_vegetation/20230724_riparianshrub20_m3m/BIRC/tile_12179.png,2
arctic_vegetation/20230724_riparianshrub20_m3m/BIRC/tile_12180.png,2
arctic_vegetation/20230724_riparianshrub20_m3m/BIRC/tile_12181.png,2
arctic_vegetation/20230724_riparianshrub20_m3m/SEDG/tile_12182.png,9
arctic_vegetation/20230724_riparianshrub20_m3m/BIRC/tile_12183.png,2
arctic_vegetation/20230724_riparianshrub20_m3m/BIRC/tile_12184.png,2
arctic_vegetation/20230724_riparianshrub20_m3m/BIRC/tile_12185.png,2
arctic_vegetation/20230724_riparianshrub20_m3m/BIRC/tile_12186.png,2
arctic_vegetation/20230724_riparianshrub20_m3m/BIRC/tile_12187.png,2
arctic_vegetation/20230724_riparianshrub20_m3m/BIRC/tile_12188.png,2
arctic_vegetation/20230724_riparianshrub20_m3m/PETF/tile_12189.png,6
arctic_vegetation/20230724_riparianshrub20_m3m/PETF/tile_12190.png,6
arctic_vegetation/20230724_riparianshrub20_m3m/PETF/tile_12191.png,6
arctic_vegetation/20230724_riparianshrub20_m3m/PETF/tile_12192.png,6
arctic_vegetation/20230724_riparianshrub20_m3m/MOSS/tile_12217.png,5
arctic_vegetation/20230724_riparianshrub20_m3m/MOSS/tile_12218.png,5
arctic_vegetation/20230724_riparianshrub20_m3m/PETF/tile_12308.png,6
arctic_vegetation/20230724_riparianshrub20_m3m/PETF/tile_12309.png,6
arctic_vegetation/20230724_riparianshrub20_m3m/PETF/tile_12310.png,6
arctic_vegetation/20230724_riparianshrub20_m3m/PETF/tile_12311.png,6
arctic_vegetation/20230724_riparianshrub20_m3m/PETF/tile_12312.png,6
arctic_vegetation/20230724_riparianshrub20_m3m/LICH/tile_12313.png,4
arctic_vegetation/20230724_riparianshrub20_m3m/LICH/tile_12314.png,4
arctic_vegetation/20230724_riparianshrub20_m3m/MOSS/tile_12315.png,5
arctic_vegetation/20230724_riparianshrub20_m3m/MOSS/tile_12316.png,5
arctic_vegetation/20230724_riparianshrub20_m3m/PETF/tile_12319.png,6
arctic_vegetation/20230724_riparianshrub20_m3m/PETF/tile_12320.png,6
arctic_vegetation/20230724_riparianshrub20_m3m/PETF/tile_12321.png,6
arctic_vegetation/20230724_riparianshrub20_m3m/MOSS/tile_12327.png,5
arctic_vegetation/20230724_riparianshrub20_m3m/MOSS/tile_12328.png,5
arctic_vegetation/20230724_riparianshrub20_m3m/MOSS/tile_12329.png,5
arctic_vegetation/20230724_riparianshrub20_m3m/MOSS/tile_12330.png,5
arctic_vegetation/20230724_riparianshrub20_m3m/MOSS/tile_12331.png,5
arctic_vegetation/20230724_riparianshrub20_m3m/LICH/tile_12337.png,4
arctic_vegetation/20230724_riparianshrub20_m3m/LICH/tile_12338.png,4
arctic_vegetation/20230724_riparianshrub20_m3m/LICH/tile_12339.png,4
arctic_vegetation/20230724_riparianshrub20_m3m/LICH/tile_12340.png,4
arctic_vegetation/20230724_riparianshrub20_m3m/ALDE/tile_12343.png,0
arctic_vegetation/20230724_riparianshrub20_m3m/ALDE/tile_12344.png,0
arctic_vegetation/20230724_riparianshrub20_m3m/ALDE/tile_12345.png,0
arctic_vegetation/20230724_riparianshrub20_m3m/ARCA/tile_12350.png,1
arctic_vegetation/20230724_riparianshrub20_m3m/ARCA/tile_12351.png,1
arctic_vegetation/20230724_riparianshrub20_m3m/WILL/tile_12352.png,11
arctic_vegetation/20230724_riparianshrub20_m3m/WILL/tile_12353.png,11
arctic_vegetation/20230724_riparianshrub20_m3m/WILL/tile_12354.png,11
arctic_vegetation/20230724_riparianshrub20_m3m/BIRC/tile_12355.png,2
arctic_vegetation/20230724_riparianshrub20_m3m/BIRC/tile_12356.png,2
arctic_vegetation/20230724_riparianshrub20_m3m/BIRC/tile_12357.png,2
arctic_vegetation/20230724_riparianshrub20_m3m/BIRC/tile_12358.png,2
arctic_vegetation/20230724_riparianshrub20_m3m/BIRC/tile_12359.png,2
arctic_vegetation/20230724_riparianshrub20_m3m/BIRC/tile_12360.png,2
arctic_vegetation/20230724_riparianshrub20_m3m/BIRC/tile_12361.png,2
arctic_vegetation/20230724_riparianshrub20_m3m/BIRC/tile_12362.png,2
arctic_vegetation/20230724_riparianshrub20_m3m/BIRC/tile_12363.png,2
arctic_vegetation/20230724_riparianshrub20_m3m/PETF/tile_12483.png,6
arctic_vegetation/20230724_riparianshrub20_m3m/LICH/tile_12484.png,4
arctic_vegetation/20230724_riparianshrub20_m3m/LICH/tile_12485.png,4
arctic_vegetation/20230724_riparianshrub20_m3m/LICH/tile_12486.png,4
arctic_vegetation/20230724_riparianshrub20_m3m/LICH/tile_12487.png,4
arctic_vegetation/20230724_riparianshrub20_m3m/LICH/tile_12488.png,4
arctic_vegetation/20230724_riparianshrub20_m3m/LICH/tile_12489.png,4
arctic_vegetation/20230724_riparianshrub20_m3m/MOSS/tile_12490.png,5
arctic_vegetation/20230724_riparianshrub20_m3m/MOSS/tile_12491.png,5
arctic_vegetation/20230724_riparianshrub20_m3m/MOSS/tile_12492.png,5
arctic_vegetation/20230724_riparianshrub20_m3m/MOSS/tile_12493.png,5
arctic_vegetation/20230724_riparianshrub20_m3m/MOSS/tile_12494.png,5
arctic_vegetation/20230724_riparianshrub20_m3m/MOSS/tile_12495.png,5
arctic_vegetation/20230724_riparianshrub20_m3m/TUSS/tile_12496.png,10
arctic_vegetation/20230724_riparianshrub20_m3m/TUSS/tile_12497.png,10
arctic_vegetation/20230724_riparianshrub20_m3m/TUSS/tile_12498.png,10
arctic_vegetation/20230724_riparianshrub20_m3m/MOSS/tile_12499.png,5
arctic_vegetation/20230724_riparianshrub20_m3m/MOSS/tile_12500.png,5
arctic_vegetation/20230724_riparianshrub20_m3m/MOSS/tile_12501.png,5
arctic_vegetation/20230724_riparianshrub20_m3m/MOSS/tile_12502.png,5
arctic_vegetation/20230724_riparianshrub20_m3m/MOSS/tile_12503.png,5
arctic_vegetation/20230724_riparianshrub20_m3m/MOSS/tile_12504.png,5
arctic_vegetation/20230724_riparianshrub20_m3m/MOSS/tile_12505.png,5
arctic_vegetation/20230724_riparianshrub20_m3m/MOSS/tile_12506.png,5
arctic_vegetation/20230724_riparianshrub20_m3m/MOSS/tile_12507.png,5
arctic_vegetation/20230724_riparianshrub20_m3m/LICH/tile_12513.png,4
arctic_vegetation/20230724_riparianshrub20_m3m/LICH/tile_12514.png,4
arctic_vegetation/20230724_riparianshrub20_m3m/LICH/tile_12515.png,4
arctic_vegetation/20230724_riparianshrub20_m3m/ALDE/tile_12518.png,0
arctic_vegetation/20230724_riparianshrub20_m3m/ALDE/tile_12519.png,0
arctic_vegetation/20230724_riparianshrub20_m3m/ALDE/tile_12520.png,0
arctic_vegetation/20230724_riparianshrub20_m3m/ALDE/tile_12521.png,0
arctic_vegetation/20230724_riparianshrub20_m3m/ALDE/tile_12522.png,0
arctic_vegetation/20230724_riparianshrub20_m3m/ARCA/tile_12525.png,1
arctic_vegetation/20230724_riparianshrub20_m3m/WILL/tile_12526.png,11
arctic_vegetation/20230724_riparianshrub20_m3m/WILL/tile_12527.png,11
arctic_vegetation/20230724_riparianshrub20_m3m/WILL/tile_12528.png,11
arctic_vegetation/20230724_riparianshrub20_m3m/WILL/tile_12529.png,11
arctic_vegetation/20230724_riparianshrub20_m3m/WILL/tile_12530.png,11
arctic_vegetation/20230724_riparianshrub20_m3m/BIRC/tile_12531.png,2
arctic_vegetation/20230724_riparianshrub20_m3m/LICH/tile_12659.png,4
arctic_vegetation/20230724_riparianshrub20_m3m/LICH/tile_12660.png,4
arctic_vegetation/20230724_riparianshrub20_m3m/LICH/tile_12661.png,4
arctic_vegetation/20230724_riparianshrub20_m3m/LICH/tile_12662.png,4
arctic_vegetation/20230724_riparianshrub20_m3m/LICH/tile_12663.png,4
arctic_vegetation/20230724_riparianshrub20_m3m/LICH/tile_12664.png,4
arctic_vegetation/20230724_riparianshrub20_m3m/MOSS/tile_12665.png,5
arctic_vegetation/20230724_riparianshrub20_m3m/MOSS/tile_12666.png,5
arctic_vegetation/20230724_riparianshrub20_m3m/MOSS/tile_12667.png,5
arctic_vegetation/20230724_riparianshrub20_m3m/MOSS/tile_12668.png,5
arctic_vegetation/20230724_riparianshrub20_m3m/MOSS/tile_12669.png,5
arctic_vegetation/20230724_riparianshrub20_m3m/MOSS/tile_12670.png,5
arctic_vegetation/20230724_riparianshrub20_m3m/TUSS/tile_12671.png,10
arctic_vegetation/20230724_riparianshrub20_m3m/TUSS/tile_12672.png,10
arctic_vegetation/20230724_riparianshrub20_m3m/TUSS/tile_12673.png,10
arctic_vegetation/20230724_riparianshrub20_m3m/MOSS/tile_12674.png,5
arctic_vegetation/20230724_riparianshrub20_m3m/MOSS/tile_12675.png,5
arctic_vegetation/20230724_riparianshrub20_m3m/MOSS/tile_12676.png,5
arctic_vegetation/20230724_riparianshrub20_m3m/MOSS/tile_12677.png,5
arctic_vegetation/20230724_riparianshrub20_m3m/MOSS/tile_12678.png,5
arctic_vegetation/20230724_riparianshrub20_m3m/MOSS/tile_12679.png,5
arctic_vegetation/20230724_riparianshrub20_m3m/MOSS/tile_12680.png,5
arctic_vegetation/20230724_riparianshrub20_m3m/MOSS/tile_12681.png,5
arctic_vegetation/20230724_riparianshrub20_m3m/MOSS/tile_12682.png,5
arctic_vegetation/20230724_riparianshrub20_m3m/ALDE/tile_12693.png,0
arctic_vegetation/20230724_riparianshrub20_m3m/ALDE/tile_12694.png,0
arctic_vegetation/20230724_riparianshrub20_m3m/ALDE/tile_12695.png,0
arctic_vegetation/20230724_riparianshrub20_m3m/ALDE/tile_12696.png,0
arctic_vegetation/20230724_riparianshrub20_m3m/ALDE/tile_12697.png,0
arctic_vegetation/20230724_riparianshrub20_m3m/ALDE/tile_12698.png,0
arctic_vegetation/20230724_riparianshrub20_m3m/WILL/tile_12700.png,11
arctic_vegetation/20230724_riparianshrub20_m3m/WILL/tile_12701.png,11
arctic_vegetation/20230724_riparianshrub20_m3m/WILL/tile_12702.png,11
arctic_vegetation/20230724_riparianshrub20_m3m/WILL/tile_12703.png,11
arctic_vegetation/20230724_riparianshrub20_m3m/WILL/tile_12704.png,11
arctic_vegetation/20230724_riparianshrub20_m3m/WILL/tile_12705.png,11
arctic_vegetation/20230724_riparianshrub20_m3m/LICH/tile_12834.png,4
arctic_vegetation/20230724_riparianshrub20_m3m/LICH/tile_12835.png,4
arctic_vegetation/20230724_riparianshrub20_m3m/LICH/tile_12836.png,4
arctic_vegetation/20230724_riparianshrub20_m3m/LICH/tile_12837.png,4
arctic_vegetation/20230724_riparianshrub20_m3m/LICH/tile_12838.png,4
arctic_vegetation/20230724_riparianshrub20_m3m/LICH/tile_12840.png,4
arctic_vegetation/20230724_riparianshrub20_m3m/LICH/tile_12841.png,4
arctic_vegetation/20230724_riparianshrub20_m3m/LICH/tile_12842.png,4
arctic_vegetation/20230724_riparianshrub20_m3m/SEDG/tile_12843.png,9
arctic_vegetation/20230724_riparianshrub20_m3m/TUSS/tile_12844.png,10
arctic_vegetation/20230724_riparianshrub20_m3m/TUSS/tile_12845.png,10
arctic_vegetation/20230724_riparianshrub20_m3m/TUSS/tile_12846.png,10
arctic_vegetation/20230724_riparianshrub20_m3m/MOSS/tile_12847.png,5
arctic_vegetation/20230724_riparianshrub20_m3m/MOSS/tile_12848.png,5
arctic_vegetation/20230724_riparianshrub20_m3m/MOSS/tile_12849.png,5
arctic_vegetation/20230724_riparianshrub20_m3m/MOSS/tile_12850.png,5
arctic_vegetation/20230724_riparianshrub20_m3m/MOSS/tile_12851.png,5
arctic_vegetation/20230724_riparianshrub20_m3m/MOSS/tile_12852.png,5
arctic_vegetation/20230724_riparianshrub20_m3m/MOSS/tile_12853.png,5
arctic_vegetation/20230724_riparianshrub20_m3m/MOSS/tile_12854.png,5
arctic_vegetation/20230724_riparianshrub20_m3m/MOSS/tile_12855.png,5
arctic_vegetation/20230724_riparianshrub20_m3m/PETF/tile_12856.png,6
arctic_vegetation/20230724_riparianshrub20_m3m/PETF/tile_12857.png,6
arctic_vegetation/20230724_riparianshrub20_m3m/MOSS/tile_12860.png,5
arctic_vegetation/20230724_riparianshrub20_m3m/MOSS/tile_12861.png,5
arctic_vegetation/20230724_riparianshrub20_m3m/LICH/tile_12867.png,4
arctic_vegetation/20230724_riparianshrub20_m3m/ALDE/tile_12868.png,0
arctic_vegetation/20230724_riparianshrub20_m3m/ALDE/tile_12869.png,0
arctic_vegetation/20230724_riparianshrub20_m3m/ALDE/tile_12870.png,0
arctic_vegetation/20230724_riparianshrub20_m3m/ALDE/tile_12871.png,0
arctic_vegetation/20230724_riparianshrub20_m3m/ALDE/tile_12872.png,0
arctic_vegetation/20230724_riparianshrub20_m3m/ALDE/tile_12873.png,0
arctic_vegetation/20230724_riparianshrub20_m3m/WILL/tile_12875.png,11
arctic_vegetation/20230724_riparianshrub20_m3m/WILL/tile_12876.png,11
arctic_vegetation/20230724_riparianshrub20_m3m/WILL/tile_12877.png,11
arctic_vegetation/20230724_riparianshrub20_m3m/WILL/tile_12878.png,11
arctic_vegetation/20230724_riparianshrub20_m3m/WILL/tile_12879.png,11
arctic_vegetation/20230724_riparianshrub20_m3m/WILL/tile_12880.png,11
arctic_vegetation/20230724_riparianshrub20_m3m/LICH/tile_13009.png,4
arctic_vegetation/20230724_riparianshrub20_m3m/LICH/tile_13010.png,4
arctic_vegetation/20230724_riparianshrub20_m3m/LICH/tile_13011.png,4
arctic_vegetation/20230724_riparianshrub20_m3m/PETF/tile_13012.png,6
arctic_vegetation/20230724_riparianshrub20_m3m/PETF/tile_13013.png,6
arctic_vegetation/20230724_riparianshrub20_m3m/LICH/tile_13015.png,4
arctic_vegetation/20230724_riparianshrub20_m3m/LICH/tile_13016.png,4
arctic_vegetation/20230724_riparianshrub20_m3m/LICH/tile_13017.png,4
arctic_vegetation/20230724_riparianshrub20_m3m/SEDG/tile_13018.png,9
arctic_vegetation/20230724_riparianshrub20_m3m/MOSS/tile_13019.png,5
arctic_vegetation/20230724_riparianshrub20_m3m/TUSS/tile_13020.png,10
arctic_vegetation/20230724_riparianshrub20_m3m/TUSS/tile_13021.png,10
arctic_vegetation/20230724_riparianshrub20_m3m/MOSS/tile_13022.png,5
arctic_vegetation/20230724_riparianshrub20_m3m/MOSS/tile_13023.png,5
arctic_vegetation/20230724_riparianshrub20_m3m/MOSS/tile_13024.png,5
arctic_vegetation/20230724_riparianshrub20_m3m/MOSS/tile_13025.png,5
arctic_vegetation/20230724_riparianshrub20_m3m/MOSS/tile_13026.png,5
arctic_vegetation/20230724_riparianshrub20_m3m/MOSS/tile_13028.png,5
arctic_vegetation/20230724_riparianshrub20_m3m/MOSS/tile_13029.png,5
arctic_vegetation/20230724_riparianshrub20_m3m/MOSS/tile_13030.png,5
arctic_vegetation/20230724_riparianshrub20_m3m/MOSS/tile_13031.png,5
arctic_vegetation/20230724_riparianshrub20_m3m/MOSS/tile_13032.png,5
arctic_vegetation/20230724_riparianshrub20_m3m/MOSS/tile_13035.png,5
arctic_vegetation/20230724_riparianshrub20_m3m/MOSS/tile_13036.png,5
arctic_vegetation/20230724_riparianshrub20_m3m/LICH/tile_13039.png,4
arctic_vegetation/20230724_riparianshrub20_m3m/LICH/tile_13040.png,4
arctic_vegetation/20230724_riparianshrub20_m3m/LICH/tile_13041.png,4
arctic_vegetation/20230724_riparianshrub20_m3m/LICH/tile_13042.png,4
arctic_vegetation/20230724_riparianshrub20_m3m/ALDE/tile_13043.png,0
arctic_vegetation/20230724_riparianshrub20_m3m/ALDE/tile_13044.png,0
arctic_vegetation/20230724_riparianshrub20_m3m/ALDE/tile_13045.png,0
arctic_vegetation/20230724_riparianshrub20_m3m/ALDE/tile_13046.png,0
arctic_vegetation/20230724_riparianshrub20_m3m/ALDE/tile_13047.png,0
arctic_vegetation/20230724_riparianshrub20_m3m/ALDE/tile_13048.png,0
arctic_vegetation/20230724_riparianshrub20_m3m/WILL/tile_13050.png,11
arctic_vegetation/20230724_riparianshrub20_m3m/WILL/tile_13051.png,11
arctic_vegetation/20230724_riparianshrub20_m3m/WILL/tile_13052.png,11
arctic_vegetation/20230724_riparianshrub20_m3m/WILL/tile_13053.png,11
arctic_vegetation/20230724_riparianshrub20_m3m/WILL/tile_13054.png,11
arctic_vegetation/20230724_riparianshrub20_m3m/WILL/tile_13055.png,11
arctic_vegetation/20230724_riparianshrub20_m3m/WILL/tile_13056.png,11
arctic_vegetation/20230724_riparianshrub20_m3m/WILL/tile_13057.png,11
arctic_vegetation/20230724_riparianshrub20_m3m/WILL/tile_13058.png,11
arctic_vegetation/20230724_riparianshrub20_m3m/WILL/tile_13059.png,11
arctic_vegetation/20230724_riparianshrub20_m3m/WILL/tile_13060.png,11
arctic_vegetation/20230724_riparianshrub20_m3m/WILL/tile_13061.png,11
arctic_vegetation/20230724_riparianshrub20_m3m/WILL/tile_13062.png,11
arctic_vegetation/20230724_riparianshrub20_m3m/WILL/tile_13063.png,11
arctic_vegetation/20230724_riparianshrub20_m3m/WILL/tile_13064.png,11
arctic_vegetation/20230724_riparianshrub20_m3m/PETF/tile_13185.png,6
arctic_vegetation/20230724_riparianshrub20_m3m/PETF/tile_13186.png,6
arctic_vegetation/20230724_riparianshrub20_m3m/PETF/tile_13187.png,6
arctic_vegetation/20230724_riparianshrub20_m3m/PETF/tile_13188.png,6
arctic_vegetation/20230724_riparianshrub20_m3m/PETF/tile_13189.png,6
arctic_vegetation/20230724_riparianshrub20_m3m/LICH/tile_13190.png,4
arctic_vegetation/20230724_riparianshrub20_m3m/LICH/tile_13191.png,4
arctic_vegetation/20230724_riparianshrub20_m3m/LICH/tile_13192.png,4
arctic_vegetation/20230724_riparianshrub20_m3m/MOSS/tile_13193.png,5
arctic_vegetation/20230724_riparianshrub20_m3m/MOSS/tile_13194.png,5
arctic_vegetation/20230724_riparianshrub20_m3m/TUSS/tile_13195.png,10
arctic_vegetation/20230724_riparianshrub20_m3m/TUSS/tile_13196.png,10
arctic_vegetation/20230724_riparianshrub20_m3m/MOSS/tile_13197.png,5
arctic_vegetation/20230724_riparianshrub20_m3m/MOSS/tile_13198.png,5
arctic_vegetation/20230724_riparianshrub20_m3m/MOSS/tile_13199.png,5
arctic_vegetation/20230724_riparianshrub20_m3m/MOSS/tile_13200.png,5
arctic_vegetation/20230724_riparianshrub20_m3m/MOSS/tile_13201.png,5
arctic_vegetation/20230724_riparianshrub20_m3m/MOSS/tile_13202.png,5
arctic_vegetation/20230724_riparianshrub20_m3m/MOSS/tile_13203.png,5
arctic_vegetation/20230724_riparianshrub20_m3m/MOSS/tile_13204.png,5
arctic_vegetation/20230724_riparianshrub20_m3m/MOSS/tile_13205.png,5
arctic_vegetation/20230724_riparianshrub20_m3m/MOSS/tile_13206.png,5
arctic_vegetation/20230724_riparianshrub20_m3m/MOSS/tile_13207.png,5
arctic_vegetation/20230724_riparianshrub20_m3m/MOSS/tile_13209.png,5
arctic_vegetation/20230724_riparianshrub20_m3m/MOSS/tile_13210.png,5
arctic_vegetation/20230724_riparianshrub20_m3m/MOSS/tile_13211.png,5
arctic_vegetation/20230724_riparianshrub20_m3m/MOSS/tile_13212.png,5
arctic_vegetation/20230724_riparianshrub20_m3m/LICH/tile_13214.png,4
arctic_vegetation/20230724_riparianshrub20_m3m/LICH/tile_13215.png,4
arctic_vegetation/20230724_riparianshrub20_m3m/LICH/tile_13216.png,4
arctic_vegetation/20230724_riparianshrub20_m3m/LICH/tile_13217.png,4
arctic_vegetation/20230724_riparianshrub20_m3m/LICH/tile_13218.png,4
arctic_vegetation/20230724_riparianshrub20_m3m/LICH/tile_13219.png,4
arctic_vegetation/20230724_riparianshrub20_m3m/ALDE/tile_13220.png,0
arctic_vegetation/20230724_riparianshrub20_m3m/ALDE/tile_13221.png,0
arctic_vegetation/20230724_riparianshrub20_m3m/ALDE/tile_13222.png,0
arctic_vegetation/20230724_riparianshrub20_m3m/LICH/tile_13223.png,4
arctic_vegetation/20230724_riparianshrub20_m3m/WILL/tile_13225.png,11
arctic_vegetation/20230724_riparianshrub20_m3m/WILL/tile_13226.png,11
arctic_vegetation/20230724_riparianshrub20_m3m/WILL/tile_13227.png,11
arctic_vegetation/20230724_riparianshrub20_m3m/WILL/tile_13228.png,11
arctic_vegetation/20230724_riparianshrub20_m3m/WILL/tile_13229.png,11
arctic_vegetation/20230724_riparianshrub20_m3m/WILL/tile_13230.png,11
arctic_vegetation/20230724_riparianshrub20_m3m/WILL/tile_13231.png,11
arctic_vegetation/20230724_riparianshrub20_m3m/WILL/tile_13232.png,11
arctic_vegetation/20230724_riparianshrub20_m3m/WILL/tile_13233.png,11
arctic_vegetation/20230724_riparianshrub20_m3m/WILL/tile_13234.png,11
arctic_vegetation/20230724_riparianshrub20_m3m/WILL/tile_13235.png,11
arctic_vegetation/20230724_riparianshrub20_m3m/WILL/tile_13236.png,11
arctic_vegetation/20230724_riparianshrub20_m3m/WILL/tile_13237.png,11
arctic_vegetation/20230724_riparianshrub20_m3m/WILL/tile_13238.png,11
arctic_vegetation/20230724_riparianshrub20_m3m/WILL/tile_13239.png,11
arctic_vegetation/20230724_riparianshrub20_m3m/PETF/tile_13360.png,6
arctic_vegetation/20230724_riparianshrub20_m3m/PETF/tile_13361.png,6
arctic_vegetation/20230724_riparianshrub20_m3m/PETF/tile_13362.png,6
arctic_vegetation/20230724_riparianshrub20_m3m/PETF/tile_13363.png,6
arctic_vegetation/20230724_riparianshrub20_m3m/PETF/tile_13364.png,6
arctic_vegetation/20230724_riparianshrub20_m3m/LICH/tile_13365.png,4
arctic_vegetation/20230724_riparianshrub20_m3m/LICH/tile_13366.png,4
arctic_vegetation/20230724_riparianshrub20_m3m/LICH/tile_13367.png,4
arctic_vegetation/20230724_riparianshrub20_m3m/MOSS/tile_13368.png,5
arctic_vegetation/20230724_riparianshrub20_m3m/MOSS/tile_13369.png,5
arctic_vegetation/20230724_riparianshrub20_m3m/MOSS/tile_13370.png,5
arctic_vegetation/20230724_riparianshrub20_m3m/MOSS/tile_13371.png,5
arctic_vegetation/20230724_riparianshrub20_m3m/PETF/tile_13372.png,6
arctic_vegetation/20230724_riparianshrub20_m3m/MOSS/tile_13373.png,5
arctic_vegetation/20230724_riparianshrub20_m3m/MOSS/tile_13374.png,5
arctic_vegetation/20230724_riparianshrub20_m3m/MOSS/tile_13375.png,5
arctic_vegetation/20230724_riparianshrub20_m3m/MOSS/tile_13376.png,5
arctic_vegetation/20230724_riparianshrub20_m3m/MOSS/tile_13377.png,5
arctic_vegetation/20230724_riparianshrub20_m3m/MOSS/tile_13378.png,5
arctic_vegetation/20230724_riparianshrub20_m3m/MOSS/tile_13379.png,5
arctic_vegetation/20230724_riparianshrub20_m3m/MOSS/tile_13380.png,5
arctic_vegetation/20230724_riparianshrub20_m3m/MOSS/tile_13381.png,5
arctic_vegetation/20230724_riparianshrub20_m3m/MOSS/tile_13382.png,5
arctic_vegetation/20230724_riparianshrub20_m3m/MOSS/tile_13384.png,5
arctic_vegetation/20230724_riparianshrub20_m3m/MOSS/tile_13385.png,5
arctic_vegetation/20230724_riparianshrub20_m3m/MOSS/tile_13386.png,5
arctic_vegetation/20230724_riparianshrub20_m3m/MOSS/tile_13387.png,5
arctic_vegetation/20230724_riparianshrub20_m3m/MOSS/tile_13388.png,5
arctic_vegetation/20230724_riparianshrub20_m3m/LICH/tile_13389.png,4
arctic_vegetation/20230724_riparianshrub20_m3m/LICH/tile_13390.png,4
arctic_vegetation/20230724_riparianshrub20_m3m/LICH/tile_13391.png,4
arctic_vegetation/20230724_riparianshrub20_m3m/LICH/tile_13392.png,4
arctic_vegetation/20230724_riparianshrub20_m3m/LICH/tile_13393.png,4
arctic_vegetation/20230724_riparianshrub20_m3m/WILL/tile_13400.png,11
arctic_vegetation/20230724_riparianshrub20_m3m/WILL/tile_13401.png,11
arctic_vegetation/20230724_riparianshrub20_m3m/WILL/tile_13402.png,11
arctic_vegetation/20230724_riparianshrub20_m3m/WILL/tile_13403.png,11
arctic_vegetation/20230724_riparianshrub20_m3m/WILL/tile_13404.png,11
arctic_vegetation/20230724_riparianshrub20_m3m/WILL/tile_13405.png,11
arctic_vegetation/20230724_riparianshrub20_m3m/WILL/tile_13406.png,11
arctic_vegetation/20230724_riparianshrub20_m3m/WILL/tile_13407.png,11
arctic_vegetation/20230724_riparianshrub20_m3m/WILL/tile_13408.png,11
arctic_vegetation/20230724_riparianshrub20_m3m/WILL/tile_13409.png,11
arctic_vegetation/20230724_riparianshrub20_m3m/WILL/tile_13410.png,11
arctic_vegetation/20230724_riparianshrub20_m3m/WILL/tile_13411.png,11
arctic_vegetation/20230724_riparianshrub20_m3m/WILL/tile_13412.png,11
arctic_vegetation/20230724_riparianshrub20_m3m/WILL/tile_13413.png,11
arctic_vegetation/20230724_riparianshrub20_m3m/WILL/tile_13414.png,11
arctic_vegetation/20230724_riparianshrub20_m3m/LICH/tile_13537.png,4
arctic_vegetation/20230724_riparianshrub20_m3m/LICH/tile_13538.png,4
arctic_vegetation/20230724_riparianshrub20_m3m/MOSS/tile_13539.png,5
arctic_vegetation/20230724_riparianshrub20_m3m/MOSS/tile_13540.png,5
arctic_vegetation/20230724_riparianshrub20_m3m/MOSS/tile_13541.png,5
arctic_vegetation/20230724_riparianshrub20_m3m/SEDG/tile_13542.png,9
arctic_vegetation/20230724_riparianshrub20_m3m/MOSS/tile_13543.png,5
arctic_vegetation/20230724_riparianshrub20_m3m/MOSS/tile_13544.png,5
arctic_vegetation/20230724_riparianshrub20_m3m/PETF/tile_13545.png,6
arctic_vegetation/20230724_riparianshrub20_m3m/PETF/tile_13546.png,6
arctic_vegetation/20230724_riparianshrub20_m3m/TUSS/tile_13547.png,10
arctic_vegetation/20230724_riparianshrub20_m3m/MOSS/tile_13551.png,5
arctic_vegetation/20230724_riparianshrub20_m3m/MOSS/tile_13552.png,5
arctic_vegetation/20230724_riparianshrub20_m3m/MOSS/tile_13553.png,5
arctic_vegetation/20230724_riparianshrub20_m3m/MOSS/tile_13554.png,5
arctic_vegetation/20230724_riparianshrub20_m3m/MOSS/tile_13555.png,5
arctic_vegetation/20230724_riparianshrub20_m3m/MOSS/tile_13556.png,5
arctic_vegetation/20230724_riparianshrub20_m3m/PETF/tile_13557.png,6
arctic_vegetation/20230724_riparianshrub20_m3m/MOSS/tile_13559.png,5
arctic_vegetation/20230724_riparianshrub20_m3m/MOSS/tile_13560.png,5
arctic_vegetation/20230724_riparianshrub20_m3m/MOSS/tile_13561.png,5
arctic_vegetation/20230724_riparianshrub20_m3m/MOSS/tile_13562.png,5
arctic_vegetation/20230724_riparianshrub20_m3m/MOSS/tile_13563.png,5
arctic_vegetation/20230724_riparianshrub20_m3m/MOSS/tile_13564.png,5
arctic_vegetation/20230724_riparianshrub20_m3m/MOSS/tile_13565.png,5
arctic_vegetation/20230724_riparianshrub20_m3m/LICH/tile_13566.png,4
arctic_vegetation/20230724_riparianshrub20_m3m/LICH/tile_13567.png,4
arctic_vegetation/20230724_riparianshrub20_m3m/LICH/tile_13568.png,4
arctic_vegetation/20230724_riparianshrub20_m3m/WILL/tile_13580.png,11
arctic_vegetation/20230724_riparianshrub20_m3m/WILL/tile_13581.png,11
arctic_vegetation/20230724_riparianshrub20_m3m/WILL/tile_13582.png,11
arctic_vegetation/20230724_riparianshrub20_m3m/WILL/tile_13583.png,11
arctic_vegetation/20230724_riparianshrub20_m3m/WILL/tile_13584.png,11
arctic_vegetation/20230724_riparianshrub20_m3m/WILL/tile_13585.png,11
arctic_vegetation/20230724_riparianshrub20_m3m/WILL/tile_13586.png,11
arctic_vegetation/20230724_riparianshrub20_m3m/WILL/tile_13587.png,11
arctic_vegetation/20230724_riparianshrub20_m3m/WILL/tile_13588.png,11
arctic_vegetation/20230724_riparianshrub20_m3m/WILL/tile_13589.png,11
arctic_vegetation/20230724_riparianshrub20_m3m/TUSS/tile_13710.png,10
arctic_vegetation/20230724_riparianshrub20_m3m/LICH/tile_13711.png,4
arctic_vegetation/20230724_riparianshrub20_m3m/LICH/tile_13712.png,4
arctic_vegetation/20230724_riparianshrub20_m3m/LICH/tile_13713.png,4
arctic_vegetation/20230724_riparianshrub20_m3m/MOSS/tile_13714.png,5
arctic_vegetation/20230724_riparianshrub20_m3m/MOSS/tile_13715.png,5
arctic_vegetation/20230724_riparianshrub20_m3m/MOSS/tile_13716.png,5
arctic_vegetation/20230724_riparianshrub20_m3m/MOSS/tile_13718.png,5
arctic_vegetation/20230724_riparianshrub20_m3m/MOSS/tile_13719.png,5
arctic_vegetation/20230724_riparianshrub20_m3m/MOSS/tile_13720.png,5
arctic_vegetation/20230724_riparianshrub20_m3m/TUSS/tile_13721.png,10
arctic_vegetation/20230724_riparianshrub20_m3m/TUSS/tile_13722.png,10
arctic_vegetation/20230724_riparianshrub20_m3m/MOSS/tile_13726.png,5
arctic_vegetation/20230724_riparianshrub20_m3m/MOSS/tile_13727.png,5
arctic_vegetation/20230724_riparianshrub20_m3m/MOSS/tile_13728.png,5
arctic_vegetation/20230724_riparianshrub20_m3m/MOSS/tile_13729.png,5
arctic_vegetation/20230724_riparianshrub20_m3m/MOSS/tile_13730.png,5
arctic_vegetation/20230724_riparianshrub20_m3m/MOSS/tile_13731.png,5
arctic_vegetation/20230724_riparianshrub20_m3m/BIRC/tile_13734.png,2
arctic_vegetation/20230724_riparianshrub20_m3m/MOSS/tile_13735.png,5
arctic_vegetation/20230724_riparianshrub20_m3m/MOSS/tile_13736.png,5
arctic_vegetation/20230724_riparianshrub20_m3m/MOSS/tile_13737.png,5
arctic_vegetation/20230724_riparianshrub20_m3m/MOSS/tile_13738.png,5
arctic_vegetation/20230724_riparianshrub20_m3m/MOSS/tile_13739.png,5
arctic_vegetation/20230724_riparianshrub20_m3m/MOSS/tile_13740.png,5
arctic_vegetation/20230724_riparianshrub20_m3m/MOSS/tile_13741.png,5
arctic_vegetation/20230724_riparianshrub20_m3m/BIRC/tile_13743.png,2
arctic_vegetation/20230724_riparianshrub20_m3m/BIRC/tile_13744.png,2
arctic_vegetation/20230724_riparianshrub20_m3m/BIRC/tile_13745.png,2
arctic_vegetation/20230724_riparianshrub20_m3m/ALDE/tile_13746.png,0
arctic_vegetation/20230724_riparianshrub20_m3m/ALDE/tile_13747.png,0
arctic_vegetation/20230724_riparianshrub20_m3m/ALDE/tile_13748.png,0
arctic_vegetation/20230724_riparianshrub20_m3m/WILL/tile_13755.png,11
arctic_vegetation/20230724_riparianshrub20_m3m/WILL/tile_13756.png,11
arctic_vegetation/20230724_riparianshrub20_m3m/WILL/tile_13757.png,11
arctic_vegetation/20230724_riparianshrub20_m3m/WILL/tile_13758.png,11
arctic_vegetation/20230724_riparianshrub20_m3m/WILL/tile_13759.png,11
arctic_vegetation/20230724_riparianshrub20_m3m/WILL/tile_13760.png,11
arctic_vegetation/20230724_riparianshrub20_m3m/WILL/tile_13761.png,11
arctic_vegetation/20230724_riparianshrub20_m3m/WILL/tile_13762.png,11
arctic_vegetation/20230724_riparianshrub20_m3m/WILL/tile_13763.png,11
arctic_vegetation/20230724_riparianshrub20_m3m/WILL/tile_13764.png,11
arctic_vegetation/20230724_riparianshrub20_m3m/TUSS/tile_13885.png,10
arctic_vegetation/20230724_riparianshrub20_m3m/LICH/tile_13886.png,4
arctic_vegetation/20230724_riparianshrub20_m3m/LICH/tile_13887.png,4
arctic_vegetation/20230724_riparianshrub20_m3m/LICH/tile_13888.png,4
arctic_vegetation/20230724_riparianshrub20_m3m/LICH/tile_13889.png,4
arctic_vegetation/20230724_riparianshrub20_m3m/LICH/tile_13890.png,4
arctic_vegetation/20230724_riparianshrub20_m3m/PETF/tile_13891.png,6
arctic_vegetation/20230724_riparianshrub20_m3m/MOSS/tile_13893.png,5
arctic_vegetation/20230724_riparianshrub20_m3m/MOSS/tile_13894.png,5
arctic_vegetation/20230724_riparianshrub20_m3m/MOSS/tile_13895.png,5
arctic_vegetation/20230724_riparianshrub20_m3m/MOSS/tile_13896.png,5
arctic_vegetation/20230724_riparianshrub20_m3m/MOSS/tile_13897.png,5
arctic_vegetation/20230724_riparianshrub20_m3m/MOSS/tile_13898.png,5
arctic_vegetation/20230724_riparianshrub20_m3m/MOSS/tile_13899.png,5
arctic_vegetation/20230724_riparianshrub20_m3m/MOSS/tile_13901.png,5
arctic_vegetation/20230724_riparianshrub20_m3m/MOSS/tile_13902.png,5
arctic_vegetation/20230724_riparianshrub20_m3m/MOSS/tile_13903.png,5
arctic_vegetation/20230724_riparianshrub20_m3m/MOSS/tile_13904.png,5
arctic_vegetation/20230724_riparianshrub20_m3m/MOSS/tile_13905.png,5
arctic_vegetation/20230724_riparianshrub20_m3m/MOSS/tile_13906.png,5
arctic_vegetation/20230724_riparianshrub20_m3m/MOSS/tile_13907.png,5
arctic_vegetation/20230724_riparianshrub20_m3m/BIRC/tile_13909.png,2
arctic_vegetation/20230724_riparianshrub20_m3m/MOSS/tile_13910.png,5
arctic_vegetation/20230724_riparianshrub20_m3m/MOSS/tile_13911.png,5
arctic_vegetation/20230724_riparianshrub20_m3m/MOSS/tile_13912.png,5
arctic_vegetation/20230724_riparianshrub20_m3m/MOSS/tile_13913.png,5
arctic_vegetation/20230724_riparianshrub20_m3m/MOSS/tile_13914.png,5
arctic_vegetation/20230724_riparianshrub20_m3m/MOSS/tile_13915.png,5
arctic_vegetation/20230724_riparianshrub20_m3m/MOSS/tile_13916.png,5
arctic_vegetation/20230724_riparianshrub20_m3m/BIRC/tile_13918.png,2
arctic_vegetation/20230724_riparianshrub20_m3m/ALDE/tile_13919.png,0
arctic_vegetation/20230724_riparianshrub20_m3m/ALDE/tile_13920.png,0
arctic_vegetation/20230724_riparianshrub20_m3m/ALDE/tile_13921.png,0
arctic_vegetation/20230724_riparianshrub20_m3m/ALDE/tile_13922.png,0
arctic_vegetation/20230724_riparianshrub20_m3m/ALDE/tile_13923.png,0
arctic_vegetation/20230724_riparianshrub20_m3m/WILL/tile_13928.png,11
arctic_vegetation/20230724_riparianshrub20_m3m/WILL/tile_13929.png,11
arctic_vegetation/20230724_riparianshrub20_m3m/WILL/tile_13930.png,11
arctic_vegetation/20230724_riparianshrub20_m3m/WILL/tile_13931.png,11
arctic_vegetation/20230724_riparianshrub20_m3m/WILL/tile_13932.png,11
arctic_vegetation/20230724_riparianshrub20_m3m/WILL/tile_13933.png,11
arctic_vegetation/20230724_riparianshrub20_m3m/WILL/tile_13934.png,11
arctic_vegetation/20230724_riparianshrub20_m3m/WILL/tile_13935.png,11
arctic_vegetation/20230724_riparianshrub20_m3m/WILL/tile_13936.png,11
arctic_vegetation/20230724_riparianshrub20_m3m/WILL/tile_13937.png,11
arctic_vegetation/20230724_riparianshrub20_m3m/WILL/tile_13938.png,11
arctic_vegetation/20230724_riparianshrub20_m3m/WILL/tile_13939.png,11
arctic_vegetation/20230724_riparianshrub20_m3m/WILL/tile_13940.png,11
arctic_vegetation/20230724_riparianshrub20_m3m/WILL/tile_13941.png,11
arctic_vegetation/20230724_riparianshrub20_m3m/TUSS/tile_14060.png,10
arctic_vegetation/20230724_riparianshrub20_m3m/LICH/tile_14061.png,4
arctic_vegetation/20230724_riparianshrub20_m3m/LICH/tile_14062.png,4
arctic_vegetation/20230724_riparianshrub20_m3m/LICH/tile_14063.png,4
arctic_vegetation/20230724_riparianshrub20_m3m/LICH/tile_14064.png,4
arctic_vegetation/20230724_riparianshrub20_m3m/LICH/tile_14065.png,4
arctic_vegetation/20230724_riparianshrub20_m3m/LICH/tile_14066.png,4
arctic_vegetation/20230724_riparianshrub20_m3m/MOSS/tile_14067.png,5
arctic_vegetation/20230724_riparianshrub20_m3m/MOSS/tile_14068.png,5
arctic_vegetation/20230724_riparianshrub20_m3m/MOSS/tile_14069.png,5
arctic_vegetation/20230724_riparianshrub20_m3m/MOSS/tile_14070.png,5
arctic_vegetation/20230724_riparianshrub20_m3m/MOSS/tile_14071.png,5
arctic_vegetation/20230724_riparianshrub20_m3m/MOSS/tile_14072.png,5
arctic_vegetation/20230724_riparianshrub20_m3m/MOSS/tile_14073.png,5
arctic_vegetation/20230724_riparianshrub20_m3m/MOSS/tile_14074.png,5
arctic_vegetation/20230724_riparianshrub20_m3m/MOSS/tile_14075.png,5
arctic_vegetation/20230724_riparianshrub20_m3m/MOSS/tile_14076.png,5
arctic_vegetation/20230724_riparianshrub20_m3m/MOSS/tile_14077.png,5
arctic_vegetation/20230724_riparianshrub20_m3m/MOSS/tile_14078.png,5
arctic_vegetation/20230724_riparianshrub20_m3m/MOSS/tile_14079.png,5
arctic_vegetation/20230724_riparianshrub20_m3m/MOSS/tile_14080.png,5
arctic_vegetation/20230724_riparianshrub20_m3m/MOSS/tile_14081.png,5
arctic_vegetation/20230724_riparianshrub20_m3m/MOSS/tile_14082.png,5
arctic_vegetation/20230724_riparianshrub20_m3m/MOSS/tile_14083.png,5
arctic_vegetation/20230724_riparianshrub20_m3m/BIRC/tile_14084.png,2
arctic_vegetation/20230724_riparianshrub20_m3m/BIRC/tile_14085.png,2
arctic_vegetation/20230724_riparianshrub20_m3m/BIRC/tile_14086.png,2
arctic_vegetation/20230724_riparianshrub20_m3m/MOSS/tile_14087.png,5
arctic_vegetation/20230724_riparianshrub20_m3m/MOSS/tile_14088.png,5
arctic_vegetation/20230724_riparianshrub20_m3m/MOSS/tile_14089.png,5
arctic_vegetation/20230724_riparianshrub20_m3m/MOSS/tile_14090.png,5
arctic_vegetation/20230724_riparianshrub20_m3m/MOSS/tile_14091.png,5
arctic_vegetation/20230724_riparianshrub20_m3m/ALDE/tile_14093.png,0
arctic_vegetation/20230724_riparianshrub20_m3m/ALDE/tile_14094.png,0
arctic_vegetation/20230724_riparianshrub20_m3m/ALDE/tile_14095.png,0
arctic_vegetation/20230724_riparianshrub20_m3m/ALDE/tile_14096.png,0
arctic_vegetation/20230724_riparianshrub20_m3m/ALDE/tile_14097.png,0
arctic_vegetation/20230724_riparianshrub20_m3m/ALDE/tile_14098.png,0
arctic_vegetation/20230724_riparianshrub20_m3m/WILL/tile_14102.png,11
arctic_vegetation/20230724_riparianshrub20_m3m/WILL/tile_14103.png,11
arctic_vegetation/20230724_riparianshrub20_m3m/WILL/tile_14104.png,11
arctic_vegetation/20230724_riparianshrub20_m3m/WILL/tile_14105.png,11
arctic_vegetation/20230724_riparianshrub20_m3m/WILL/tile_14106.png,11
arctic_vegetation/20230724_riparianshrub20_m3m/WILL/tile_14107.png,11
arctic_vegetation/20230724_riparianshrub20_m3m/WILL/tile_14108.png,11
arctic_vegetation/20230724_riparianshrub20_m3m/WILL/tile_14109.png,11
arctic_vegetation/20230724_riparianshrub20_m3m/BIRC/tile_14110.png,2
arctic_vegetation/20230724_riparianshrub20_m3m/BIRC/tile_14111.png,2
arctic_vegetation/20230724_riparianshrub20_m3m/WILL/tile_14112.png,11
arctic_vegetation/20230724_riparianshrub20_m3m/WILL/tile_14113.png,11
arctic_vegetation/20230724_riparianshrub20_m3m/WILL/tile_14114.png,11
arctic_vegetation/20230724_riparianshrub20_m3m/WILL/tile_14115.png,11
arctic_vegetation/20230724_riparianshrub20_m3m/WILL/tile_14116.png,11
arctic_vegetation/20230724_riparianshrub20_m3m/TUSS/tile_14233.png,10
arctic_vegetation/20230724_riparianshrub20_m3m/TUSS/tile_14234.png,10
arctic_vegetation/20230724_riparianshrub20_m3m/TUSS/tile_14235.png,10
arctic_vegetation/20230724_riparianshrub20_m3m/MOSS/tile_14236.png,5
arctic_vegetation/20230724_riparianshrub20_m3m/MOSS/tile_14237.png,5
arctic_vegetation/20230724_riparianshrub20_m3m/PETF/tile_14238.png,6
arctic_vegetation/20230724_riparianshrub20_m3m/PETF/tile_14239.png,6
arctic_vegetation/20230724_riparianshrub20_m3m/TUSS/tile_14240.png,10
arctic_vegetation/20230724_riparianshrub20_m3m/TUSS/tile_14241.png,10
arctic_vegetation/20230724_riparianshrub20_m3m/MOSS/tile_14242.png,5
arctic_vegetation/20230724_riparianshrub20_m3m/MOSS/tile_14243.png,5
arctic_vegetation/20230724_riparianshrub20_m3m/MOSS/tile_14244.png,5
arctic_vegetation/20230724_riparianshrub20_m3m/MOSS/tile_14245.png,5
arctic_vegetation/20230724_riparianshrub20_m3m/MOSS/tile_14246.png,5
arctic_vegetation/20230724_riparianshrub20_m3m/PETF/tile_14250.png,6
arctic_vegetation/20230724_riparianshrub20_m3m/MOSS/tile_14251.png,5
arctic_vegetation/20230724_riparianshrub20_m3m/MOSS/tile_14252.png,5
arctic_vegetation/20230724_riparianshrub20_m3m/MOSS/tile_14253.png,5
arctic_vegetation/20230724_riparianshrub20_m3m/MOSS/tile_14254.png,5
arctic_vegetation/20230724_riparianshrub20_m3m/MOSS/tile_14255.png,5
arctic_vegetation/20230724_riparianshrub20_m3m/MOSS/tile_14256.png,5
arctic_vegetation/20230724_riparianshrub20_m3m/MOSS/tile_14257.png,5
arctic_vegetation/20230724_riparianshrub20_m3m/MOSS/tile_14258.png,5
arctic_vegetation/20230724_riparianshrub20_m3m/WILL/tile_14259.png,11
arctic_vegetation/20230724_riparianshrub20_m3m/BIRC/tile_14260.png,2
arctic_vegetation/20230724_riparianshrub20_m3m/BIRC/tile_14261.png,2
arctic_vegetation/20230724_riparianshrub20_m3m/MOSS/tile_14262.png,5
arctic_vegetation/20230724_riparianshrub20_m3m/MOSS/tile_14263.png,5
arctic_vegetation/20230724_riparianshrub20_m3m/MOSS/tile_14264.png,5
arctic_vegetation/20230724_riparianshrub20_m3m/MOSS/tile_14265.png,5
arctic_vegetation/20230724_riparianshrub20_m3m/MOSS/tile_14266.png,5
arctic_vegetation/20230724_riparianshrub20_m3m/BIRC/tile_14267.png,2
arctic_vegetation/20230724_riparianshrub20_m3m/ALDE/tile_14268.png,0
arctic_vegetation/20230724_riparianshrub20_m3m/ALDE/tile_14269.png,0
arctic_vegetation/20230724_riparianshrub20_m3m/ALDE/tile_14270.png,0
arctic_vegetation/20230724_riparianshrub20_m3m/ALDE/tile_14271.png,0
arctic_vegetation/20230724_riparianshrub20_m3m/ALDE/tile_14272.png,0
arctic_vegetation/20230724_riparianshrub20_m3m/ALDE/tile_14273.png,0
arctic_vegetation/20230724_riparianshrub20_m3m/ALDE/tile_14274.png,0
arctic_vegetation/20230724_riparianshrub20_m3m/WILL/tile_14276.png,11
arctic_vegetation/20230724_riparianshrub20_m3m/WILL/tile_14277.png,11
arctic_vegetation/20230724_riparianshrub20_m3m/WILL/tile_14278.png,11
arctic_vegetation/20230724_riparianshrub20_m3m/WILL/tile_14279.png,11
arctic_vegetation/20230724_riparianshrub20_m3m/WILL/tile_14280.png,11
arctic_vegetation/20230724_riparianshrub20_m3m/WILL/tile_14281.png,11
arctic_vegetation/20230724_riparianshrub20_m3m/WILL/tile_14282.png,11
arctic_vegetation/20230724_riparianshrub20_m3m/WILL/tile_14283.png,11
arctic_vegetation/20230724_riparianshrub20_m3m/BIRC/tile_14284.png,2
arctic_vegetation/20230724_riparianshrub20_m3m/BIRC/tile_14285.png,2
arctic_vegetation/20230724_riparianshrub20_m3m/BIRC/tile_14286.png,2
arctic_vegetation/20230724_riparianshrub20_m3m/WILL/tile_14287.png,11
arctic_vegetation/20230724_riparianshrub20_m3m/BIRC/tile_14288.png,2
arctic_vegetation/20230724_riparianshrub20_m3m/BIRC/tile_14289.png,2
arctic_vegetation/20230724_riparianshrub20_m3m/BIRC/tile_14290.png,2
arctic_vegetation/20230724_riparianshrub20_m3m/WILL/tile_14291.png,11
arctic_vegetation/20230724_riparianshrub20_m3m/WILL/tile_14293.png,11
arctic_vegetation/20230724_riparianshrub20_m3m/WILL/tile_14294.png,11
arctic_vegetation/20230724_riparianshrub20_m3m/WILL/tile_14295.png,11
arctic_vegetation/20230724_riparianshrub20_m3m/WILL/tile_14296.png,11
arctic_vegetation/20230724_riparianshrub20_m3m/WILL/tile_14297.png,11
arctic_vegetation/20230724_riparianshrub20_m3m/WILL/tile_14298.png,11
arctic_vegetation/20230724_riparianshrub20_m3m/TUSS/tile_14408.png,10
arctic_vegetation/20230724_riparianshrub20_m3m/TUSS/tile_14409.png,10
arctic_vegetation/20230724_riparianshrub20_m3m/TUSS/tile_14410.png,10
arctic_vegetation/20230724_riparianshrub20_m3m/MOSS/tile_14411.png,5
arctic_vegetation/20230724_riparianshrub20_m3m/MOSS/tile_14412.png,5
arctic_vegetation/20230724_riparianshrub20_m3m/MOSS/tile_14413.png,5
arctic_vegetation/20230724_riparianshrub20_m3m/MOSS/tile_14414.png,5
arctic_vegetation/20230724_riparianshrub20_m3m/MOSS/tile_14415.png,5
arctic_vegetation/20230724_riparianshrub20_m3m/MOSS/tile_14416.png,5
arctic_vegetation/20230724_riparianshrub20_m3m/MOSS/tile_14419.png,5
arctic_vegetation/20230724_riparianshrub20_m3m/MOSS/tile_14420.png,5
arctic_vegetation/20230724_riparianshrub20_m3m/MOSS/tile_14421.png,5
arctic_vegetation/20230724_riparianshrub20_m3m/TUSS/tile_14422.png,10
arctic_vegetation/20230724_riparianshrub20_m3m/TUSS/tile_14423.png,10
arctic_vegetation/20230724_riparianshrub20_m3m/PETF/tile_14424.png,6
arctic_vegetation/20230724_riparianshrub20_m3m/PETF/tile_14425.png,6
arctic_vegetation/20230724_riparianshrub20_m3m/PETF/tile_14426.png,6
arctic_vegetation/20230724_riparianshrub20_m3m/PETF/tile_14427.png,6
arctic_vegetation/20230724_riparianshrub20_m3m/MOSS/tile_14428.png,5
arctic_vegetation/20230724_riparianshrub20_m3m/MOSS/tile_14429.png,5
arctic_vegetation/20230724_riparianshrub20_m3m/MOSS/tile_14430.png,5
arctic_vegetation/20230724_riparianshrub20_m3m/MOSS/tile_14431.png,5
arctic_vegetation/20230724_riparianshrub20_m3m/MOSS/tile_14432.png,5
arctic_vegetation/20230724_riparianshrub20_m3m/WILL/tile_14433.png,11
arctic_vegetation/20230724_riparianshrub20_m3m/WILL/tile_14434.png,11
arctic_vegetation/20230724_riparianshrub20_m3m/BIRC/tile_14435.png,2
arctic_vegetation/20230724_riparianshrub20_m3m/BIRC/tile_14436.png,2
arctic_vegetation/20230724_riparianshrub20_m3m/BIRC/tile_14437.png,2
arctic_vegetation/20230724_riparianshrub20_m3m/MOSS/tile_14438.png,5
arctic_vegetation/20230724_riparianshrub20_m3m/MOSS/tile_14439.png,5
arctic_vegetation/20230724_riparianshrub20_m3m/MOSS/tile_14440.png,5
arctic_vegetation/20230724_riparianshrub20_m3m/MOSS/tile_14441.png,5
arctic_vegetation/20230724_riparianshrub20_m3m/ALDE/tile_14442.png,0
arctic_vegetation/20230724_riparianshrub20_m3m/ALDE/tile_14443.png,0
arctic_vegetation/20230724_riparianshrub20_m3m/ALDE/tile_14444.png,0
arctic_vegetation/20230724_riparianshrub20_m3m/ALDE/tile_14445.png,0
arctic_vegetation/20230724_riparianshrub20_m3m/ALDE/tile_14446.png,0
arctic_vegetation/20230724_riparianshrub20_m3m/ALDE/tile_14447.png,0
arctic_vegetation/20230724_riparianshrub20_m3m/ALDE/tile_14448.png,0
arctic_vegetation/20230724_riparianshrub20_m3m/ALDE/tile_14449.png,0
arctic_vegetation/20230724_riparianshrub20_m3m/BIRC/tile_14450.png,2
arctic_vegetation/20230724_riparianshrub20_m3m/BIRC/tile_14451.png,2
arctic_vegetation/20230724_riparianshrub20_m3m/WILL/tile_14452.png,11
arctic_vegetation/20230724_riparianshrub20_m3m/WILL/tile_14453.png,11
arctic_vegetation/20230724_riparianshrub20_m3m/WILL/tile_14454.png,11
arctic_vegetation/20230724_riparianshrub20_m3m/WILL/tile_14455.png,11
arctic_vegetation/20230724_riparianshrub20_m3m/WILL/tile_14456.png,11
arctic_vegetation/20230724_riparianshrub20_m3m/WILL/tile_14457.png,11
arctic_vegetation/20230724_riparianshrub20_m3m/WILL/tile_14458.png,11
arctic_vegetation/20230724_riparianshrub20_m3m/BIRC/tile_14459.png,2
arctic_vegetation/20230724_riparianshrub20_m3m/BIRC/tile_14460.png,2
arctic_vegetation/20230724_riparianshrub20_m3m/BIRC/tile_14461.png,2
arctic_vegetation/20230724_riparianshrub20_m3m/WILL/tile_14462.png,11
arctic_vegetation/20230724_riparianshrub20_m3m/BIRC/tile_14463.png,2
arctic_vegetation/20230724_riparianshrub20_m3m/BIRC/tile_14464.png,2
arctic_vegetation/20230724_riparianshrub20_m3m/BIRC/tile_14465.png,2
arctic_vegetation/20230724_riparianshrub20_m3m/BIRC/tile_14466.png,2
arctic_vegetation/20230724_riparianshrub20_m3m/BIRC/tile_14467.png,2
arctic_vegetation/20230724_riparianshrub20_m3m/WILL/tile_14468.png,11
arctic_vegetation/20230724_riparianshrub20_m3m/WILL/tile_14469.png,11
arctic_vegetation/20230724_riparianshrub20_m3m/WILL/tile_14470.png,11
arctic_vegetation/20230724_riparianshrub20_m3m/WILL/tile_14471.png,11
arctic_vegetation/20230724_riparianshrub20_m3m/WILL/tile_14472.png,11
arctic_vegetation/20230724_riparianshrub20_m3m/WILL/tile_14473.png,11
arctic_vegetation/20230724_riparianshrub20_m3m/MOSS/tile_14583.png,5
arctic_vegetation/20230724_riparianshrub20_m3m/MOSS/tile_14584.png,5
arctic_vegetation/20230724_riparianshrub20_m3m/MOSS/tile_14585.png,5
arctic_vegetation/20230724_riparianshrub20_m3m/MOSS/tile_14586.png,5
arctic_vegetation/20230724_riparianshrub20_m3m/MOSS/tile_14587.png,5
arctic_vegetation/20230724_riparianshrub20_m3m/MOSS/tile_14588.png,5
arctic_vegetation/20230724_riparianshrub20_m3m/SEDG/tile_14589.png,9
arctic_vegetation/20230724_riparianshrub20_m3m/SEDG/tile_14590.png,9
arctic_vegetation/20230724_riparianshrub20_m3m/SEDG/tile_14591.png,9
arctic_vegetation/20230724_riparianshrub20_m3m/PETF/tile_14592.png,6
arctic_vegetation/20230724_riparianshrub20_m3m/SEDG/tile_14593.png,9
arctic_vegetation/20230724_riparianshrub20_m3m/MOSS/tile_14594.png,5
arctic_vegetation/20230724_riparianshrub20_m3m/MOSS/tile_14595.png,5
arctic_vegetation/20230724_riparianshrub20_m3m/MOSS/tile_14596.png,5
arctic_vegetation/20230724_riparianshrub20_m3m/TUSS/tile_14597.png,10
arctic_vegetation/20230724_riparianshrub20_m3m/TUSS/tile_14598.png,10
arctic_vegetation/20230724_riparianshrub20_m3m/PETF/tile_14599.png,6
arctic_vegetation/20230724_riparianshrub20_m3m/PETF/tile_14600.png,6
arctic_vegetation/20230724_riparianshrub20_m3m/PETF/tile_14601.png,6
arctic_vegetation/20230724_riparianshrub20_m3m/PETF/tile_14602.png,6
arctic_vegetation/20230724_riparianshrub20_m3m/MOSS/tile_14603.png,5
arctic_vegetation/20230724_riparianshrub20_m3m/MOSS/tile_14604.png,5
arctic_vegetation/20230724_riparianshrub20_m3m/MOSS/tile_14605.png,5
arctic_vegetation/20230724_riparianshrub20_m3m/MOSS/tile_14606.png,5
arctic_vegetation/20230724_riparianshrub20_m3m/MOSS/tile_14607.png,5
arctic_vegetation/20230724_riparianshrub20_m3m/MOSS/tile_14608.png,5
arctic_vegetation/20230724_riparianshrub20_m3m/BIRC/tile_14610.png,2
arctic_vegetation/20230724_riparianshrub20_m3m/BIRC/tile_14611.png,2
arctic_vegetation/20230724_riparianshrub20_m3m/MOSS/tile_14612.png,5
arctic_vegetation/20230724_riparianshrub20_m3m/MOSS/tile_14613.png,5
arctic_vegetation/20230724_riparianshrub20_m3m/MOSS/tile_14614.png,5
arctic_vegetation/20230724_riparianshrub20_m3m/MOSS/tile_14615.png,5
arctic_vegetation/20230724_riparianshrub20_m3m/MOSS/tile_14616.png,5
arctic_vegetation/20230724_riparianshrub20_m3m/ALDE/tile_14617.png,0
arctic_vegetation/20230724_riparianshrub20_m3m/ALDE/tile_14618.png,0
arctic_vegetation/20230724_riparianshrub20_m3m/ALDE/tile_14619.png,0
arctic_vegetation/20230724_riparianshrub20_m3m/ALDE/tile_14620.png,0
arctic_vegetation/20230724_riparianshrub20_m3m/ALDE/tile_14621.png,0
arctic_vegetation/20230724_riparianshrub20_m3m/ALDE/tile_14622.png,0
arctic_vegetation/20230724_riparianshrub20_m3m/ALDE/tile_14623.png,0
arctic_vegetation/20230724_riparianshrub20_m3m/ALDE/tile_14624.png,0
arctic_vegetation/20230724_riparianshrub20_m3m/BIRC/tile_14625.png,2
arctic_vegetation/20230724_riparianshrub20_m3m/BIRC/tile_14626.png,2
arctic_vegetation/20230724_riparianshrub20_m3m/WILL/tile_14627.png,11
arctic_vegetation/20230724_riparianshrub20_m3m/WILL/tile_14628.png,11
arctic_vegetation/20230724_riparianshrub20_m3m/WILL/tile_14629.png,11
arctic_vegetation/20230724_riparianshrub20_m3m/WILL/tile_14630.png,11
arctic_vegetation/20230724_riparianshrub20_m3m/WILL/tile_14631.png,11
arctic_vegetation/20230724_riparianshrub20_m3m/WILL/tile_14632.png,11
arctic_vegetation/20230724_riparianshrub20_m3m/WILL/tile_14633.png,11
arctic_vegetation/20230724_riparianshrub20_m3m/BIRC/tile_14634.png,2
arctic_vegetation/20230724_riparianshrub20_m3m/BIRC/tile_14635.png,2
arctic_vegetation/20230724_riparianshrub20_m3m/BIRC/tile_14636.png,2
arctic_vegetation/20230724_riparianshrub20_m3m/BIRC/tile_14638.png,2
arctic_vegetation/20230724_riparianshrub20_m3m/BIRC/tile_14639.png,2
arctic_vegetation/20230724_riparianshrub20_m3m/BIRC/tile_14640.png,2
arctic_vegetation/20230724_riparianshrub20_m3m/BIRC/tile_14641.png,2
arctic_vegetation/20230724_riparianshrub20_m3m/BIRC/tile_14642.png,2
arctic_vegetation/20230724_riparianshrub20_m3m/WILL/tile_14643.png,11
arctic_vegetation/20230724_riparianshrub20_m3m/WILL/tile_14644.png,11
arctic_vegetation/20230724_riparianshrub20_m3m/WILL/tile_14645.png,11
arctic_vegetation/20230724_riparianshrub20_m3m/WILL/tile_14646.png,11
arctic_vegetation/20230724_riparianshrub20_m3m/WILL/tile_14647.png,11
arctic_vegetation/20230724_riparianshrub20_m3m/WILL/tile_14648.png,11
arctic_vegetation/20230724_riparianshrub20_m3m/WILL/tile_14649.png,11
arctic_vegetation/20230724_riparianshrub20_m3m/WILL/tile_14650.png,11
arctic_vegetation/20230724_riparianshrub20_m3m/MOSS/tile_14758.png,5
arctic_vegetation/20230724_riparianshrub20_m3m/MOSS/tile_14759.png,5
arctic_vegetation/20230724_riparianshrub20_m3m/MOSS/tile_14760.png,5
arctic_vegetation/20230724_riparianshrub20_m3m/MOSS/tile_14761.png,5
arctic_vegetation/20230724_riparianshrub20_m3m/MOSS/tile_14762.png,5
arctic_vegetation/20230724_riparianshrub20_m3m/MOSS/tile_14763.png,5
arctic_vegetation/20230724_riparianshrub20_m3m/SEDG/tile_14764.png,9
arctic_vegetation/20230724_riparianshrub20_m3m/SEDG/tile_14765.png,9
arctic_vegetation/20230724_riparianshrub20_m3m/SEDG/tile_14766.png,9
arctic_vegetation/20230724_riparianshrub20_m3m/PETF/tile_14767.png,6
arctic_vegetation/20230724_riparianshrub20_m3m/SEDG/tile_14768.png,9
arctic_vegetation/20230724_riparianshrub20_m3m/MOSS/tile_14769.png,5
arctic_vegetation/20230724_riparianshrub20_m3m/MOSS/tile_14770.png,5
arctic_vegetation/20230724_riparianshrub20_m3m/MOSS/tile_14771.png,5
arctic_vegetation/20230724_riparianshrub20_m3m/MOSS/tile_14772.png,5
arctic_vegetation/20230724_riparianshrub20_m3m/MOSS/tile_14773.png,5
arctic_vegetation/20230724_riparianshrub20_m3m/PETF/tile_14774.png,6
arctic_vegetation/20230724_riparianshrub20_m3m/PETF/tile_14775.png,6
arctic_vegetation/20230724_riparianshrub20_m3m/PETF/tile_14776.png,6
arctic_vegetation/20230724_riparianshrub20_m3m/MOSS/tile_14777.png,5
arctic_vegetation/20230724_riparianshrub20_m3m/MOSS/tile_14778.png,5
arctic_vegetation/20230724_riparianshrub20_m3m/MOSS/tile_14779.png,5
arctic_vegetation/20230724_riparianshrub20_m3m/MOSS/tile_14780.png,5
arctic_vegetation/20230724_riparianshrub20_m3m/MOSS/tile_14781.png,5
arctic_vegetation/20230724_riparianshrub20_m3m/MOSS/tile_14782.png,5
arctic_vegetation/20230724_riparianshrub20_m3m/MOSS/tile_14783.png,5
arctic_vegetation/20230724_riparianshrub20_m3m/MOSS/tile_14787.png,5
arctic_vegetation/20230724_riparianshrub20_m3m/MOSS/tile_14788.png,5
arctic_vegetation/20230724_riparianshrub20_m3m/MOSS/tile_14789.png,5
arctic_vegetation/20230724_riparianshrub20_m3m/MOSS/tile_14790.png,5
arctic_vegetation/20230724_riparianshrub20_m3m/MOSS/tile_14791.png,5
arctic_vegetation/20230724_riparianshrub20_m3m/BIRC/tile_14792.png,2
arctic_vegetation/20230724_riparianshrub20_m3m/ALDE/tile_14793.png,0
arctic_vegetation/20230724_riparianshrub20_m3m/ALDE/tile_14794.png,0
arctic_vegetation/20230724_riparianshrub20_m3m/ALDE/tile_14795.png,0
arctic_vegetation/20230724_riparianshrub20_m3m/ALDE/tile_14796.png,0
arctic_vegetation/20230724_riparianshrub20_m3m/ALDE/tile_14797.png,0
arctic_vegetation/20230724_riparianshrub20_m3m/ALDE/tile_14798.png,0
arctic_vegetation/20230724_riparianshrub20_m3m/ALDE/tile_14799.png,0
arctic_vegetation/20230724_riparianshrub20_m3m/BIRC/tile_14800.png,2
arctic_vegetation/20230724_riparianshrub20_m3m/BIRC/tile_14801.png,2
arctic_vegetation/20230724_riparianshrub20_m3m/ALDE/tile_14802.png,0
arctic_vegetation/20230724_riparianshrub20_m3m/ALDE/tile_14803.png,0
arctic_vegetation/20230724_riparianshrub20_m3m/ALDE/tile_14804.png,0
arctic_vegetation/20230724_riparianshrub20_m3m/ALDE/tile_14805.png,0
arctic_vegetation/20230724_riparianshrub20_m3m/ALDE/tile_14806.png,0
arctic_vegetation/20230724_riparianshrub20_m3m/ALDE/tile_14807.png,0
arctic_vegetation/20230724_riparianshrub20_m3m/WILL/tile_14808.png,11
arctic_vegetation/20230724_riparianshrub20_m3m/BIRC/tile_14809.png,2
arctic_vegetation/20230724_riparianshrub20_m3m/BIRC/tile_14810.png,2
arctic_vegetation/20230724_riparianshrub20_m3m/BIRC/tile_14811.png,2
arctic_vegetation/20230724_riparianshrub20_m3m/BIRC/tile_14812.png,2
arctic_vegetation/20230724_riparianshrub20_m3m/BIRC/tile_14813.png,2
arctic_vegetation/20230724_riparianshrub20_m3m/BIRC/tile_14814.png,2
arctic_vegetation/20230724_riparianshrub20_m3m/BIRC/tile_14815.png,2
arctic_vegetation/20230724_riparianshrub20_m3m/BIRC/tile_14816.png,2
arctic_vegetation/20230724_riparianshrub20_m3m/BIRC/tile_14817.png,2
arctic_vegetation/20230724_riparianshrub20_m3m/WILL/tile_14819.png,11
arctic_vegetation/20230724_riparianshrub20_m3m/WILL/tile_14820.png,11
arctic_vegetation/20230724_riparianshrub20_m3m/WILL/tile_14821.png,11
arctic_vegetation/20230724_riparianshrub20_m3m/WILL/tile_14822.png,11
arctic_vegetation/20230724_riparianshrub20_m3m/WILL/tile_14823.png,11
arctic_vegetation/20230724_riparianshrub20_m3m/WILL/tile_14824.png,11
arctic_vegetation/20230724_riparianshrub20_m3m/WILL/tile_14825.png,11
arctic_vegetation/20230724_riparianshrub20_m3m/MOSS/tile_14933.png,5
arctic_vegetation/20230724_riparianshrub20_m3m/MOSS/tile_14934.png,5
arctic_vegetation/20230724_riparianshrub20_m3m/MOSS/tile_14935.png,5
arctic_vegetation/20230724_riparianshrub20_m3m/MOSS/tile_14936.png,5
arctic_vegetation/20230724_riparianshrub20_m3m/TUSS/tile_14937.png,10
arctic_vegetation/20230724_riparianshrub20_m3m/TUSS/tile_14938.png,10
arctic_vegetation/20230724_riparianshrub20_m3m/SEDG/tile_14939.png,9
arctic_vegetation/20230724_riparianshrub20_m3m/SEDG/tile_14940.png,9
arctic_vegetation/20230724_riparianshrub20_m3m/SEDG/tile_14941.png,9
arctic_vegetation/20230724_riparianshrub20_m3m/SEDG/tile_14942.png,9
arctic_vegetation/20230724_riparianshrub20_m3m/MOSS/tile_14943.png,5
arctic_vegetation/20230724_riparianshrub20_m3m/MOSS/tile_14944.png,5
arctic_vegetation/20230724_riparianshrub20_m3m/MOSS/tile_14945.png,5
arctic_vegetation/20230724_riparianshrub20_m3m/MOSS/tile_14946.png,5
arctic_vegetation/20230724_riparianshrub20_m3m/MOSS/tile_14947.png,5
arctic_vegetation/20230724_riparianshrub20_m3m/MOSS/tile_14948.png,5
arctic_vegetation/20230724_riparianshrub20_m3m/MOSS/tile_14949.png,5
arctic_vegetation/20230724_riparianshrub20_m3m/PETF/tile_14951.png,6
arctic_vegetation/20230724_riparianshrub20_m3m/MOSS/tile_14952.png,5
arctic_vegetation/20230724_riparianshrub20_m3m/MOSS/tile_14953.png,5
arctic_vegetation/20230724_riparianshrub20_m3m/PETF/tile_14954.png,6
arctic_vegetation/20230724_riparianshrub20_m3m/ALDE/tile_14955.png,0
arctic_vegetation/20230724_riparianshrub20_m3m/MOSS/tile_14956.png,5
arctic_vegetation/20230724_riparianshrub20_m3m/MOSS/tile_14957.png,5
arctic_vegetation/20230724_riparianshrub20_m3m/MOSS/tile_14958.png,5
arctic_vegetation/20230724_riparianshrub20_m3m/MOSS/tile_14959.png,5
arctic_vegetation/20230724_riparianshrub20_m3m/MOSS/tile_14962.png,5
arctic_vegetation/20230724_riparianshrub20_m3m/MOSS/tile_14963.png,5
arctic_vegetation/20230724_riparianshrub20_m3m/MOSS/tile_14964.png,5
arctic_vegetation/20230724_riparianshrub20_m3m/MOSS/tile_14965.png,5
arctic_vegetation/20230724_riparianshrub20_m3m/MOSS/tile_14966.png,5
arctic_vegetation/20230724_riparianshrub20_m3m/BIRC/tile_14967.png,2
arctic_vegetation/20230724_riparianshrub20_m3m/BIRC/tile_14968.png,2
arctic_vegetation/20230724_riparianshrub20_m3m/BIRC/tile_14969.png,2
arctic_vegetation/20230724_riparianshrub20_m3m/ALDE/tile_14970.png,0
arctic_vegetation/20230724_riparianshrub20_m3m/ALDE/tile_14971.png,0
arctic_vegetation/20230724_riparianshrub20_m3m/ALDE/tile_14972.png,0
arctic_vegetation/20230724_riparianshrub20_m3m/ALDE/tile_14973.png,0
arctic_vegetation/20230724_riparianshrub20_m3m/ALDE/tile_14974.png,0
arctic_vegetation/20230724_riparianshrub20_m3m/BIRC/tile_14975.png,2
arctic_vegetation/20230724_riparianshrub20_m3m/BIRC/tile_14976.png,2
arctic_vegetation/20230724_riparianshrub20_m3m/ALDE/tile_14977.png,0
arctic_vegetation/20230724_riparianshrub20_m3m/ALDE/tile_14978.png,0
arctic_vegetation/20230724_riparianshrub20_m3m/ALDE/tile_14979.png,0
arctic_vegetation/20230724_riparianshrub20_m3m/ALDE/tile_14980.png,0
arctic_vegetation/20230724_riparianshrub20_m3m/ALDE/tile_14981.png,0
arctic_vegetation/20230724_riparianshrub20_m3m/ALDE/tile_14982.png,0
arctic_vegetation/20230724_riparianshrub20_m3m/WILL/tile_14983.png,11
arctic_vegetation/20230724_riparianshrub20_m3m/WILL/tile_14984.png,11
arctic_vegetation/20230724_riparianshrub20_m3m/BIRC/tile_14985.png,2
arctic_vegetation/20230724_riparianshrub20_m3m/BIRC/tile_14986.png,2
arctic_vegetation/20230724_riparianshrub20_m3m/BIRC/tile_14987.png,2
arctic_vegetation/20230724_riparianshrub20_m3m/BIRC/tile_14988.png,2
arctic_vegetation/20230724_riparianshrub20_m3m/BIRC/tile_14989.png,2
arctic_vegetation/20230724_riparianshrub20_m3m/BIRC/tile_14990.png,2
arctic_vegetation/20230724_riparianshrub20_m3m/BIRC/tile_14991.png,2
arctic_vegetation/20230724_riparianshrub20_m3m/MOSS/tile_15108.png,5
arctic_vegetation/20230724_riparianshrub20_m3m/MOSS/tile_15109.png,5
arctic_vegetation/20230724_riparianshrub20_m3m/MOSS/tile_15110.png,5
arctic_vegetation/20230724_riparianshrub20_m3m/MOSS/tile_15111.png,5
arctic_vegetation/20230724_riparianshrub20_m3m/MOSS/tile_15112.png,5
arctic_vegetation/20230724_riparianshrub20_m3m/MOSS/tile_15113.png,5
arctic_vegetation/20230724_riparianshrub20_m3m/SEDG/tile_15114.png,9
arctic_vegetation/20230724_riparianshrub20_m3m/SEDG/tile_15115.png,9
arctic_vegetation/20230724_riparianshrub20_m3m/SEDG/tile_15116.png,9
arctic_vegetation/20230724_riparianshrub20_m3m/LICH/tile_15117.png,4
arctic_vegetation/20230724_riparianshrub20_m3m/MOSS/tile_15118.png,5
arctic_vegetation/20230724_riparianshrub20_m3m/MOSS/tile_15119.png,5
arctic_vegetation/20230724_riparianshrub20_m3m/MOSS/tile_15120.png,5
arctic_vegetation/20230724_riparianshrub20_m3m/MOSS/tile_15121.png,5
arctic_vegetation/20230724_riparianshrub20_m3m/MOSS/tile_15122.png,5
arctic_vegetation/20230724_riparianshrub20_m3m/MOSS/tile_15123.png,5
arctic_vegetation/20230724_riparianshrub20_m3m/MOSS/tile_15124.png,5
arctic_vegetation/20230724_riparianshrub20_m3m/PETF/tile_15126.png,6
arctic_vegetation/20230724_riparianshrub20_m3m/MOSS/tile_15127.png,5
arctic_vegetation/20230724_riparianshrub20_m3m/MOSS/tile_15128.png,5
arctic_vegetation/20230724_riparianshrub20_m3m/MOSS/tile_15129.png,5
arctic_vegetation/20230724_riparianshrub20_m3m/ALDE/tile_15130.png,0
arctic_vegetation/20230724_riparianshrub20_m3m/MOSS/tile_15131.png,5
arctic_vegetation/20230724_riparianshrub20_m3m/MOSS/tile_15132.png,5
arctic_vegetation/20230724_riparianshrub20_m3m/MOSS/tile_15133.png,5
arctic_vegetation/20230724_riparianshrub20_m3m/MOSS/tile_15134.png,5
arctic_vegetation/20230724_riparianshrub20_m3m/MOSS/tile_15138.png,5
arctic_vegetation/20230724_riparianshrub20_m3m/MOSS/tile_15139.png,5
arctic_vegetation/20230724_riparianshrub20_m3m/MOSS/tile_15140.png,5
arctic_vegetation/20230724_riparianshrub20_m3m/MOSS/tile_15141.png,5
arctic_vegetation/20230724_riparianshrub20_m3m/BIRC/tile_15142.png,2
arctic_vegetation/20230724_riparianshrub20_m3m/BIRC/tile_15143.png,2
arctic_vegetation/20230724_riparianshrub20_m3m/BIRC/tile_15144.png,2
arctic_vegetation/20230724_riparianshrub20_m3m/ALDE/tile_15145.png,0
arctic_vegetation/20230724_riparianshrub20_m3m/ALDE/tile_15146.png,0
arctic_vegetation/20230724_riparianshrub20_m3m/ALDE/tile_15147.png,0
arctic_vegetation/20230724_riparianshrub20_m3m/ALDE/tile_15148.png,0
arctic_vegetation/20230724_riparianshrub20_m3m/ALDE/tile_15149.png,0
arctic_vegetation/20230724_riparianshrub20_m3m/BIRC/tile_15150.png,2
arctic_vegetation/20230724_riparianshrub20_m3m/BIRC/tile_15151.png,2
arctic_vegetation/20230724_riparianshrub20_m3m/ALDE/tile_15152.png,0
arctic_vegetation/20230724_riparianshrub20_m3m/ALDE/tile_15153.png,0
arctic_vegetation/20230724_riparianshrub20_m3m/ALDE/tile_15154.png,0
arctic_vegetation/20230724_riparianshrub20_m3m/ALDE/tile_15155.png,0
arctic_vegetation/20230724_riparianshrub20_m3m/ALDE/tile_15156.png,0
arctic_vegetation/20230724_riparianshrub20_m3m/ALDE/tile_15157.png,0
arctic_vegetation/20230724_riparianshrub20_m3m/BIRC/tile_15158.png,2
arctic_vegetation/20230724_riparianshrub20_m3m/SEDG/tile_15283.png,9
arctic_vegetation/20230724_riparianshrub20_m3m/SEDG/tile_15284.png,9
arctic_vegetation/20230724_riparianshrub20_m3m/MOSS/tile_15285.png,5
arctic_vegetation/20230724_riparianshrub20_m3m/MOSS/tile_15286.png,5
arctic_vegetation/20230724_riparianshrub20_m3m/MOSS/tile_15287.png,5
arctic_vegetation/20230724_riparianshrub20_m3m/MOSS/tile_15288.png,5
arctic_vegetation/20230724_riparianshrub20_m3m/MOSS/tile_15289.png,5
arctic_vegetation/20230724_riparianshrub20_m3m/MOSS/tile_15290.png,5
arctic_vegetation/20230724_riparianshrub20_m3m/SEDG/tile_15291.png,9
arctic_vegetation/20230724_riparianshrub20_m3m/LICH/tile_15292.png,4
arctic_vegetation/20230724_riparianshrub20_m3m/MOSS/tile_15293.png,5
arctic_vegetation/20230724_riparianshrub20_m3m/MOSS/tile_15294.png,5
arctic_vegetation/20230724_riparianshrub20_m3m/MOSS/tile_15295.png,5
arctic_vegetation/20230724_riparianshrub20_m3m/MOSS/tile_15296.png,5
arctic_vegetation/20230724_riparianshrub20_m3m/MOSS/tile_15297.png,5
arctic_vegetation/20230724_riparianshrub20_m3m/MOSS/tile_15298.png,5
arctic_vegetation/20230724_riparianshrub20_m3m/SEDG/tile_15299.png,9
arctic_vegetation/20230724_riparianshrub20_m3m/MOSS/tile_15300.png,5
arctic_vegetation/20230724_riparianshrub20_m3m/MOSS/tile_15301.png,5
arctic_vegetation/20230724_riparianshrub20_m3m/MOSS/tile_15302.png,5
arctic_vegetation/20230724_riparianshrub20_m3m/MOSS/tile_15303.png,5
arctic_vegetation/20230724_riparianshrub20_m3m/MOSS/tile_15304.png,5
arctic_vegetation/20230724_riparianshrub20_m3m/PETF/tile_15305.png,6
arctic_vegetation/20230724_riparianshrub20_m3m/MOSS/tile_15306.png,5
arctic_vegetation/20230724_riparianshrub20_m3m/MOSS/tile_15307.png,5
arctic_vegetation/20230724_riparianshrub20_m3m/MOSS/tile_15308.png,5
arctic_vegetation/20230724_riparianshrub20_m3m/MOSS/tile_15309.png,5
arctic_vegetation/20230724_riparianshrub20_m3m/ALDE/tile_15310.png,0
arctic_vegetation/20230724_riparianshrub20_m3m/ALDE/tile_15311.png,0
arctic_vegetation/20230724_riparianshrub20_m3m/ALDE/tile_15312.png,0
arctic_vegetation/20230724_riparianshrub20_m3m/ALDE/tile_15313.png,0
arctic_vegetation/20230724_riparianshrub20_m3m/MOSS/tile_15314.png,5
arctic_vegetation/20230724_riparianshrub20_m3m/MOSS/tile_15315.png,5
arctic_vegetation/20230724_riparianshrub20_m3m/MOSS/tile_15316.png,5
arctic_vegetation/20230724_riparianshrub20_m3m/BIRC/tile_15317.png,2
arctic_vegetation/20230724_riparianshrub20_m3m/BIRC/tile_15318.png,2
arctic_vegetation/20230724_riparianshrub20_m3m/BIRC/tile_15319.png,2
arctic_vegetation/20230724_riparianshrub20_m3m/BIRC/tile_15320.png,2
arctic_vegetation/20230724_riparianshrub20_m3m/BIRC/tile_15321.png,2
arctic_vegetation/20230724_riparianshrub20_m3m/ALDE/tile_15322.png,0
arctic_vegetation/20230724_riparianshrub20_m3m/ALDE/tile_15323.png,0
arctic_vegetation/20230724_riparianshrub20_m3m/BIRC/tile_15324.png,2
arctic_vegetation/20230724_riparianshrub20_m3m/BIRC/tile_15325.png,2
arctic_vegetation/20230724_riparianshrub20_m3m/BIRC/tile_15326.png,2
arctic_vegetation/20230724_riparianshrub20_m3m/BIRC/tile_15327.png,2
arctic_vegetation/20230724_riparianshrub20_m3m/BIRC/tile_15328.png,2
arctic_vegetation/20230724_riparianshrub20_m3m/ALDE/tile_15329.png,0
arctic_vegetation/20230724_riparianshrub20_m3m/ALDE/tile_15330.png,0
arctic_vegetation/20230724_riparianshrub20_m3m/ALDE/tile_15331.png,0
arctic_vegetation/20230724_riparianshrub20_m3m/ALDE/tile_15332.png,0
arctic_vegetation/20230724_riparianshrub20_m3m/BIRC/tile_15333.png,2
arctic_vegetation/20230724_riparianshrub20_m3m/BIRC/tile_15334.png,2
arctic_vegetation/20230724_riparianshrub20_m3m/BIRC/tile_15335.png,2
arctic_vegetation/20230724_riparianshrub20_m3m/WILL/tile_15337.png,11
arctic_vegetation/20230724_riparianshrub20_m3m/WILL/tile_15338.png,11
arctic_vegetation/20230724_riparianshrub20_m3m/WILL/tile_15339.png,11
arctic_vegetation/20230724_riparianshrub20_m3m/WILL/tile_15340.png,11
arctic_vegetation/20230724_riparianshrub20_m3m/WILL/tile_15341.png,11
arctic_vegetation/20230724_riparianshrub20_m3m/WILL/tile_15342.png,11
arctic_vegetation/20230724_riparianshrub20_m3m/WILL/tile_15343.png,11
arctic_vegetation/20230724_riparianshrub20_m3m/WILL/tile_15344.png,11
arctic_vegetation/20230724_riparianshrub20_m3m/WILL/tile_15345.png,11
arctic_vegetation/20230724_riparianshrub20_m3m/WILL/tile_15346.png,11
arctic_vegetation/20230724_riparianshrub20_m3m/WILL/tile_15347.png,11
arctic_vegetation/20230724_riparianshrub20_m3m/SEDG/tile_15458.png,9
arctic_vegetation/20230724_riparianshrub20_m3m/SEDG/tile_15459.png,9
arctic_vegetation/20230724_riparianshrub20_m3m/MOSS/tile_15460.png,5
arctic_vegetation/20230724_riparianshrub20_m3m/MOSS/tile_15461.png,5
arctic_vegetation/20230724_riparianshrub20_m3m/MOSS/tile_15462.png,5
arctic_vegetation/20230724_riparianshrub20_m3m/MOSS/tile_15463.png,5
arctic_vegetation/20230724_riparianshrub20_m3m/MOSS/tile_15464.png,5
arctic_vegetation/20230724_riparianshrub20_m3m/MOSS/tile_15465.png,5
arctic_vegetation/20230724_riparianshrub20_m3m/LICH/tile_15466.png,4
arctic_vegetation/20230724_riparianshrub20_m3m/LICH/tile_15467.png,4
arctic_vegetation/20230724_riparianshrub20_m3m/MOSS/tile_15468.png,5
arctic_vegetation/20230724_riparianshrub20_m3m/MOSS/tile_15469.png,5
arctic_vegetation/20230724_riparianshrub20_m3m/MOSS/tile_15470.png,5
arctic_vegetation/20230724_riparianshrub20_m3m/SEDG/tile_15471.png,9
arctic_vegetation/20230724_riparianshrub20_m3m/SEDG/tile_15472.png,9
arctic_vegetation/20230724_riparianshrub20_m3m/SEDG/tile_15473.png,9
arctic_vegetation/20230724_riparianshrub20_m3m/SEDG/tile_15474.png,9
arctic_vegetation/20230724_riparianshrub20_m3m/MOSS/tile_15475.png,5
arctic_vegetation/20230724_riparianshrub20_m3m/MOSS/tile_15476.png,5
arctic_vegetation/20230724_riparianshrub20_m3m/MOSS/tile_15477.png,5
arctic_vegetation/20230724_riparianshrub20_m3m/MOSS/tile_15478.png,5
arctic_vegetation/20230724_riparianshrub20_m3m/MOSS/tile_15479.png,5
arctic_vegetation/20230724_riparianshrub20_m3m/MOSS/tile_15480.png,5
arctic_vegetation/20230724_riparianshrub20_m3m/MOSS/tile_15481.png,5
arctic_vegetation/20230724_riparianshrub20_m3m/MOSS/tile_15482.png,5
arctic_vegetation/20230724_riparianshrub20_m3m/MOSS/tile_15483.png,5
arctic_vegetation/20230724_riparianshrub20_m3m/ALDE/tile_15484.png,0
arctic_vegetation/20230724_riparianshrub20_m3m/ALDE/tile_15485.png,0
arctic_vegetation/20230724_riparianshrub20_m3m/ALDE/tile_15486.png,0
arctic_vegetation/20230724_riparianshrub20_m3m/ALDE/tile_15487.png,0
arctic_vegetation/20230724_riparianshrub20_m3m/ALDE/tile_15488.png,0
arctic_vegetation/20230724_riparianshrub20_m3m/ALDE/tile_15489.png,0
arctic_vegetation/20230724_riparianshrub20_m3m/BIRC/tile_15492.png,2
arctic_vegetation/20230724_riparianshrub20_m3m/BIRC/tile_15493.png,2
arctic_vegetation/20230724_riparianshrub20_m3m/BIRC/tile_15494.png,2
arctic_vegetation/20230724_riparianshrub20_m3m/BIRC/tile_15495.png,2
arctic_vegetation/20230724_riparianshrub20_m3m/BIRC/tile_15496.png,2
arctic_vegetation/20230724_riparianshrub20_m3m/BIRC/tile_15497.png,2
arctic_vegetation/20230724_riparianshrub20_m3m/BIRC/tile_15498.png,2
arctic_vegetation/20230724_riparianshrub20_m3m/BIRC/tile_15499.png,2
arctic_vegetation/20230724_riparianshrub20_m3m/BIRC/tile_15500.png,2
arctic_vegetation/20230724_riparianshrub20_m3m/BIRC/tile_15501.png,2
arctic_vegetation/20230724_riparianshrub20_m3m/BIRC/tile_15502.png,2
arctic_vegetation/20230724_riparianshrub20_m3m/BIRC/tile_15503.png,2
arctic_vegetation/20230724_riparianshrub20_m3m/BIRC/tile_15504.png,2
arctic_vegetation/20230724_riparianshrub20_m3m/BIRC/tile_15505.png,2
arctic_vegetation/20230724_riparianshrub20_m3m/BIRC/tile_15506.png,2
arctic_vegetation/20230724_riparianshrub20_m3m/BIRC/tile_15507.png,2
arctic_vegetation/20230724_riparianshrub20_m3m/BIRC/tile_15508.png,2
arctic_vegetation/20230724_riparianshrub20_m3m/BIRC/tile_15509.png,2
arctic_vegetation/20230724_riparianshrub20_m3m/BIRC/tile_15510.png,2
arctic_vegetation/20230724_riparianshrub20_m3m/BIRC/tile_15511.png,2
arctic_vegetation/20230724_riparianshrub20_m3m/WILL/tile_15512.png,11
arctic_vegetation/20230724_riparianshrub20_m3m/WILL/tile_15513.png,11
arctic_vegetation/20230724_riparianshrub20_m3m/WILL/tile_15514.png,11
arctic_vegetation/20230724_riparianshrub20_m3m/WILL/tile_15515.png,11
arctic_vegetation/20230724_riparianshrub20_m3m/WILL/tile_15516.png,11
arctic_vegetation/20230724_riparianshrub20_m3m/WILL/tile_15517.png,11
arctic_vegetation/20230724_riparianshrub20_m3m/WILL/tile_15518.png,11
arctic_vegetation/20230724_riparianshrub20_m3m/WILL/tile_15519.png,11
arctic_vegetation/20230724_riparianshrub20_m3m/WILL/tile_15520.png,11
arctic_vegetation/20230724_riparianshrub20_m3m/WILL/tile_15521.png,11
arctic_vegetation/20230724_riparianshrub20_m3m/WILL/tile_15522.png,11
arctic_vegetation/20230724_riparianshrub20_m3m/PETF/tile_15633.png,6
arctic_vegetation/20230724_riparianshrub20_m3m/PETF/tile_15634.png,6
arctic_vegetation/20230724_riparianshrub20_m3m/MOSS/tile_15635.png,5
arctic_vegetation/20230724_riparianshrub20_m3m/MOSS/tile_15636.png,5
arctic_vegetation/20230724_riparianshrub20_m3m/MOSS/tile_15637.png,5
arctic_vegetation/20230724_riparianshrub20_m3m/MOSS/tile_15638.png,5
arctic_vegetation/20230724_riparianshrub20_m3m/MOSS/tile_15639.png,5
arctic_vegetation/20230724_riparianshrub20_m3m/MOSS/tile_15640.png,5
arctic_vegetation/20230724_riparianshrub20_m3m/LICH/tile_15641.png,4
arctic_vegetation/20230724_riparianshrub20_m3m/LICH/tile_15642.png,4
arctic_vegetation/20230724_riparianshrub20_m3m/MOSS/tile_15643.png,5
arctic_vegetation/20230724_riparianshrub20_m3m/MOSS/tile_15644.png,5
arctic_vegetation/20230724_riparianshrub20_m3m/MOSS/tile_15645.png,5
arctic_vegetation/20230724_riparianshrub20_m3m/PETF/tile_15646.png,6
arctic_vegetation/20230724_riparianshrub20_m3m/PETF/tile_15647.png,6
arctic_vegetation/20230724_riparianshrub20_m3m/SEDG/tile_15648.png,9
arctic_vegetation/20230724_riparianshrub20_m3m/SEDG/tile_15649.png,9
arctic_vegetation/20230724_riparianshrub20_m3m/MOSS/tile_15650.png,5
arctic_vegetation/20230724_riparianshrub20_m3m/MOSS/tile_15651.png,5
arctic_vegetation/20230724_riparianshrub20_m3m/MOSS/tile_15652.png,5
arctic_vegetation/20230724_riparianshrub20_m3m/MOSS/tile_15653.png,5
arctic_vegetation/20230724_riparianshrub20_m3m/MOSS/tile_15654.png,5
arctic_vegetation/20230724_riparianshrub20_m3m/MOSS/tile_15655.png,5
arctic_vegetation/20230724_riparianshrub20_m3m/MOSS/tile_15656.png,5
arctic_vegetation/20230724_riparianshrub20_m3m/MOSS/tile_15657.png,5
arctic_vegetation/20230724_riparianshrub20_m3m/ALDE/tile_15658.png,0
arctic_vegetation/20230724_riparianshrub20_m3m/ALDE/tile_15659.png,0
arctic_vegetation/20230724_riparianshrub20_m3m/ALDE/tile_15660.png,0
arctic_vegetation/20230724_riparianshrub20_m3m/ALDE/tile_15661.png,0
arctic_vegetation/20230724_riparianshrub20_m3m/ALDE/tile_15662.png,0
arctic_vegetation/20230724_riparianshrub20_m3m/ALDE/tile_15663.png,0
arctic_vegetation/20230724_riparianshrub20_m3m/ALDE/tile_15664.png,0
arctic_vegetation/20230724_riparianshrub20_m3m/BIRC/tile_15671.png,2
arctic_vegetation/20230724_riparianshrub20_m3m/BIRC/tile_15672.png,2
arctic_vegetation/20230724_riparianshrub20_m3m/BIRC/tile_15673.png,2
arctic_vegetation/20230724_riparianshrub20_m3m/BIRC/tile_15674.png,2
arctic_vegetation/20230724_riparianshrub20_m3m/BIRC/tile_15675.png,2
arctic_vegetation/20230724_riparianshrub20_m3m/WILL/tile_15676.png,11
arctic_vegetation/20230724_riparianshrub20_m3m/WILL/tile_15677.png,11
arctic_vegetation/20230724_riparianshrub20_m3m/WILL/tile_15678.png,11
arctic_vegetation/20230724_riparianshrub20_m3m/WILL/tile_15679.png,11
arctic_vegetation/20230724_riparianshrub20_m3m/WILL/tile_15680.png,11
arctic_vegetation/20230724_riparianshrub20_m3m/WILL/tile_15681.png,11
arctic_vegetation/20230724_riparianshrub20_m3m/BIRC/tile_15682.png,2
arctic_vegetation/20230724_riparianshrub20_m3m/BIRC/tile_15683.png,2
arctic_vegetation/20230724_riparianshrub20_m3m/BIRC/tile_15684.png,2
arctic_vegetation/20230724_riparianshrub20_m3m/BIRC/tile_15685.png,2
arctic_vegetation/20230724_riparianshrub20_m3m/BIRC/tile_15686.png,2
arctic_vegetation/20230724_riparianshrub20_m3m/WILL/tile_15687.png,11
arctic_vegetation/20230724_riparianshrub20_m3m/WILL/tile_15688.png,11
arctic_vegetation/20230724_riparianshrub20_m3m/WILL/tile_15689.png,11
arctic_vegetation/20230724_riparianshrub20_m3m/WILL/tile_15690.png,11
arctic_vegetation/20230724_riparianshrub20_m3m/WILL/tile_15691.png,11
arctic_vegetation/20230724_riparianshrub20_m3m/WILL/tile_15692.png,11
arctic_vegetation/20230724_riparianshrub20_m3m/WILL/tile_15693.png,11
arctic_vegetation/20230724_riparianshrub20_m3m/WILL/tile_15694.png,11
arctic_vegetation/20230724_riparianshrub20_m3m/WILL/tile_15695.png,11
arctic_vegetation/20230724_riparianshrub20_m3m/WILL/tile_15696.png,11
arctic_vegetation/20230724_riparianshrub20_m3m/PETF/tile_15808.png,6
arctic_vegetation/20230724_riparianshrub20_m3m/PETF/tile_15809.png,6
arctic_vegetation/20230724_riparianshrub20_m3m/MOSS/tile_15810.png,5
arctic_vegetation/20230724_riparianshrub20_m3m/MOSS/tile_15811.png,5
arctic_vegetation/20230724_riparianshrub20_m3m/MOSS/tile_15812.png,5
arctic_vegetation/20230724_riparianshrub20_m3m/MOSS/tile_15813.png,5
arctic_vegetation/20230724_riparianshrub20_m3m/MOSS/tile_15814.png,5
arctic_vegetation/20230724_riparianshrub20_m3m/MOSS/tile_15815.png,5
arctic_vegetation/20230724_riparianshrub20_m3m/MOSS/tile_15817.png,5
arctic_vegetation/20230724_riparianshrub20_m3m/MOSS/tile_15818.png,5
arctic_vegetation/20230724_riparianshrub20_m3m/MOSS/tile_15819.png,5
arctic_vegetation/20230724_riparianshrub20_m3m/PETF/tile_15822.png,6
arctic_vegetation/20230724_riparianshrub20_m3m/PETF/tile_15823.png,6
arctic_vegetation/20230724_riparianshrub20_m3m/PETF/tile_15824.png,6
arctic_vegetation/20230724_riparianshrub20_m3m/MOSS/tile_15825.png,5
arctic_vegetation/20230724_riparianshrub20_m3m/MOSS/tile_15826.png,5
arctic_vegetation/20230724_riparianshrub20_m3m/MOSS/tile_15827.png,5
arctic_vegetation/20230724_riparianshrub20_m3m/MOSS/tile_15828.png,5
arctic_vegetation/20230724_riparianshrub20_m3m/MOSS/tile_15829.png,5
arctic_vegetation/20230724_riparianshrub20_m3m/MOSS/tile_15830.png,5
arctic_vegetation/20230724_riparianshrub20_m3m/MOSS/tile_15831.png,5
arctic_vegetation/20230724_riparianshrub20_m3m/MOSS/tile_15832.png,5
arctic_vegetation/20230724_riparianshrub20_m3m/ALDE/tile_15833.png,0
arctic_vegetation/20230724_riparianshrub20_m3m/ALDE/tile_15834.png,0
arctic_vegetation/20230724_riparianshrub20_m3m/ALDE/tile_15835.png,0
arctic_vegetation/20230724_riparianshrub20_m3m/ALDE/tile_15836.png,0
arctic_vegetation/20230724_riparianshrub20_m3m/ALDE/tile_15837.png,0
arctic_vegetation/20230724_riparianshrub20_m3m/ALDE/tile_15838.png,0
arctic_vegetation/20230724_riparianshrub20_m3m/ALDE/tile_15839.png,0
arctic_vegetation/20230724_riparianshrub20_m3m/WILL/tile_15847.png,11
arctic_vegetation/20230724_riparianshrub20_m3m/WILL/tile_15848.png,11
arctic_vegetation/20230724_riparianshrub20_m3m/WILL/tile_15849.png,11
arctic_vegetation/20230724_riparianshrub20_m3m/WILL/tile_15850.png,11
arctic_vegetation/20230724_riparianshrub20_m3m/WILL/tile_15851.png,11
arctic_vegetation/20230724_riparianshrub20_m3m/WILL/tile_15852.png,11
arctic_vegetation/20230724_riparianshrub20_m3m/WILL/tile_15853.png,11
arctic_vegetation/20230724_riparianshrub20_m3m/WILL/tile_15854.png,11
arctic_vegetation/20230724_riparianshrub20_m3m/WILL/tile_15855.png,11
arctic_vegetation/20230724_riparianshrub20_m3m/WILL/tile_15856.png,11
arctic_vegetation/20230724_riparianshrub20_m3m/WILL/tile_15857.png,11
arctic_vegetation/20230724_riparianshrub20_m3m/BIRC/tile_15858.png,2
arctic_vegetation/20230724_riparianshrub20_m3m/BIRC/tile_15859.png,2
arctic_vegetation/20230724_riparianshrub20_m3m/BIRC/tile_15860.png,2
arctic_vegetation/20230724_riparianshrub20_m3m/BIRC/tile_15861.png,2
arctic_vegetation/20230724_riparianshrub20_m3m/BIRC/tile_15862.png,2
arctic_vegetation/20230724_riparianshrub20_m3m/WILL/tile_15863.png,11
arctic_vegetation/20230724_riparianshrub20_m3m/WILL/tile_15864.png,11
arctic_vegetation/20230724_riparianshrub20_m3m/WILL/tile_15865.png,11
arctic_vegetation/20230724_riparianshrub20_m3m/WILL/tile_15867.png,11
arctic_vegetation/20230724_riparianshrub20_m3m/WILL/tile_15868.png,11
arctic_vegetation/20230724_riparianshrub20_m3m/WILL/tile_15869.png,11
arctic_vegetation/20230724_riparianshrub20_m3m/WILL/tile_15870.png,11
arctic_vegetation/20230724_riparianshrub20_m3m/PETF/tile_15983.png,6
arctic_vegetation/20230724_riparianshrub20_m3m/PETF/tile_15984.png,6
arctic_vegetation/20230724_riparianshrub20_m3m/MOSS/tile_15985.png,5
arctic_vegetation/20230724_riparianshrub20_m3m/MOSS/tile_15986.png,5
arctic_vegetation/20230724_riparianshrub20_m3m/MOSS/tile_15987.png,5
arctic_vegetation/20230724_riparianshrub20_m3m/MOSS/tile_15988.png,5
arctic_vegetation/20230724_riparianshrub20_m3m/MOSS/tile_15989.png,5
arctic_vegetation/20230724_riparianshrub20_m3m/MOSS/tile_15990.png,5
arctic_vegetation/20230724_riparianshrub20_m3m/PETF/tile_15991.png,6
arctic_vegetation/20230724_riparianshrub20_m3m/MOSS/tile_15992.png,5
arctic_vegetation/20230724_riparianshrub20_m3m/MOSS/tile_15993.png,5
arctic_vegetation/20230724_riparianshrub20_m3m/MOSS/tile_15994.png,5
arctic_vegetation/20230724_riparianshrub20_m3m/PETF/tile_15995.png,6
arctic_vegetation/20230724_riparianshrub20_m3m/PETF/tile_15996.png,6
arctic_vegetation/20230724_riparianshrub20_m3m/PETF/tile_15997.png,6
arctic_vegetation/20230724_riparianshrub20_m3m/MOSS/tile_16000.png,5
arctic_vegetation/20230724_riparianshrub20_m3m/MOSS/tile_16001.png,5
arctic_vegetation/20230724_riparianshrub20_m3m/MOSS/tile_16002.png,5
arctic_vegetation/20230724_riparianshrub20_m3m/MOSS/tile_16003.png,5
arctic_vegetation/20230724_riparianshrub20_m3m/MOSS/tile_16004.png,5
arctic_vegetation/20230724_riparianshrub20_m3m/MOSS/tile_16005.png,5
arctic_vegetation/20230724_riparianshrub20_m3m/MOSS/tile_16006.png,5
arctic_vegetation/20230724_riparianshrub20_m3m/MOSS/tile_16007.png,5
arctic_vegetation/20230724_riparianshrub20_m3m/ALDE/tile_16008.png,0
arctic_vegetation/20230724_riparianshrub20_m3m/ALDE/tile_16009.png,0
arctic_vegetation/20230724_riparianshrub20_m3m/ALDE/tile_16010.png,0
arctic_vegetation/20230724_riparianshrub20_m3m/ALDE/tile_16011.png,0
arctic_vegetation/20230724_riparianshrub20_m3m/ALDE/tile_16012.png,0
arctic_vegetation/20230724_riparianshrub20_m3m/ALDE/tile_16013.png,0
arctic_vegetation/20230724_riparianshrub20_m3m/ALDE/tile_16014.png,0
arctic_vegetation/20230724_riparianshrub20_m3m/ALDE/tile_16017.png,0
arctic_vegetation/20230724_riparianshrub20_m3m/ALDE/tile_16018.png,0
arctic_vegetation/20230724_riparianshrub20_m3m/ALDE/tile_16019.png,0
arctic_vegetation/20230724_riparianshrub20_m3m/ALDE/tile_16020.png,0
arctic_vegetation/20230724_riparianshrub20_m3m/ALDE/tile_16021.png,0
arctic_vegetation/20230724_riparianshrub20_m3m/WILL/tile_16022.png,11
arctic_vegetation/20230724_riparianshrub20_m3m/WILL/tile_16023.png,11
arctic_vegetation/20230724_riparianshrub20_m3m/WILL/tile_16024.png,11
arctic_vegetation/20230724_riparianshrub20_m3m/WILL/tile_16025.png,11
arctic_vegetation/20230724_riparianshrub20_m3m/WILL/tile_16026.png,11
arctic_vegetation/20230724_riparianshrub20_m3m/WILL/tile_16027.png,11
arctic_vegetation/20230724_riparianshrub20_m3m/WILL/tile_16028.png,11
arctic_vegetation/20230724_riparianshrub20_m3m/WILL/tile_16029.png,11
arctic_vegetation/20230724_riparianshrub20_m3m/WILL/tile_16030.png,11
arctic_vegetation/20230724_riparianshrub20_m3m/WILL/tile_16031.png,11
arctic_vegetation/20230724_riparianshrub20_m3m/WILL/tile_16032.png,11
arctic_vegetation/20230724_riparianshrub20_m3m/BIRC/tile_16037.png,2
arctic_vegetation/20230724_riparianshrub20_m3m/BIRC/tile_16038.png,2
arctic_vegetation/20230724_riparianshrub20_m3m/BIRC/tile_16039.png,2
arctic_vegetation/20230724_riparianshrub20_m3m/WILL/tile_16040.png,11
arctic_vegetation/20230724_riparianshrub20_m3m/WILL/tile_16041.png,11
arctic_vegetation/20230724_riparianshrub20_m3m/WILL/tile_16042.png,11
arctic_vegetation/20230724_riparianshrub20_m3m/WILL/tile_16043.png,11
arctic_vegetation/20230724_riparianshrub20_m3m/WILL/tile_16044.png,11
arctic_vegetation/20230724_riparianshrub20_m3m/WILL/tile_16045.png,11
arctic_vegetation/20230724_riparianshrub20_m3m/PETF/tile_16158.png,6
arctic_vegetation/20230724_riparianshrub20_m3m/PETF/tile_16159.png,6
arctic_vegetation/20230724_riparianshrub20_m3m/SEDG/tile_16160.png,9
arctic_vegetation/20230724_riparianshrub20_m3m/TUSS/tile_16161.png,10
arctic_vegetation/20230724_riparianshrub20_m3m/TUSS/tile_16162.png,10
arctic_vegetation/20230724_riparianshrub20_m3m/TUSS/tile_16163.png,10
arctic_vegetation/20230724_riparianshrub20_m3m/PETF/tile_16164.png,6
arctic_vegetation/20230724_riparianshrub20_m3m/TUSS/tile_16165.png,10
arctic_vegetation/20230724_riparianshrub20_m3m/PETF/tile_16166.png,6
arctic_vegetation/20230724_riparianshrub20_m3m/MOSS/tile_16167.png,5
arctic_vegetation/20230724_riparianshrub20_m3m/MOSS/tile_16168.png,5
arctic_vegetation/20230724_riparianshrub20_m3m/MOSS/tile_16169.png,5
arctic_vegetation/20230724_riparianshrub20_m3m/PETF/tile_16170.png,6
arctic_vegetation/20230724_riparianshrub20_m3m/PETF/tile_16171.png,6
arctic_vegetation/20230724_riparianshrub20_m3m/PETF/tile_16172.png,6
arctic_vegetation/20230724_riparianshrub20_m3m/PETF/tile_16173.png,6
arctic_vegetation/20230724_riparianshrub20_m3m/PETF/tile_16174.png,6
arctic_vegetation/20230724_riparianshrub20_m3m/MOSS/tile_16175.png,5
arctic_vegetation/20230724_riparianshrub20_m3m/MOSS/tile_16176.png,5
arctic_vegetation/20230724_riparianshrub20_m3m/MOSS/tile_16177.png,5
arctic_vegetation/20230724_riparianshrub20_m3m/MOSS/tile_16178.png,5
arctic_vegetation/20230724_riparianshrub20_m3m/MOSS/tile_16179.png,5
arctic_vegetation/20230724_riparianshrub20_m3m/MOSS/tile_16180.png,5
arctic_vegetation/20230724_riparianshrub20_m3m/MOSS/tile_16181.png,5
arctic_vegetation/20230724_riparianshrub20_m3m/MOSS/tile_16182.png,5
arctic_vegetation/20230724_riparianshrub20_m3m/ALDE/tile_16183.png,0
arctic_vegetation/20230724_riparianshrub20_m3m/ALDE/tile_16184.png,0
arctic_vegetation/20230724_riparianshrub20_m3m/ALDE/tile_16185.png,0
arctic_vegetation/20230724_riparianshrub20_m3m/ALDE/tile_16186.png,0
arctic_vegetation/20230724_riparianshrub20_m3m/ALDE/tile_16187.png,0
arctic_vegetation/20230724_riparianshrub20_m3m/ALDE/tile_16188.png,0
arctic_vegetation/20230724_riparianshrub20_m3m/ALDE/tile_16189.png,0
arctic_vegetation/20230724_riparianshrub20_m3m/ALDE/tile_16192.png,0
arctic_vegetation/20230724_riparianshrub20_m3m/ALDE/tile_16193.png,0
arctic_vegetation/20230724_riparianshrub20_m3m/ALDE/tile_16194.png,0
arctic_vegetation/20230724_riparianshrub20_m3m/ALDE/tile_16195.png,0
arctic_vegetation/20230724_riparianshrub20_m3m/ALDE/tile_16196.png,0
arctic_vegetation/20230724_riparianshrub20_m3m/WILL/tile_16197.png,11
arctic_vegetation/20230724_riparianshrub20_m3m/WILL/tile_16198.png,11
arctic_vegetation/20230724_riparianshrub20_m3m/WILL/tile_16199.png,11
arctic_vegetation/20230724_riparianshrub20_m3m/BIRC/tile_16200.png,2
arctic_vegetation/20230724_riparianshrub20_m3m/BIRC/tile_16201.png,2
arctic_vegetation/20230724_riparianshrub20_m3m/BIRC/tile_16202.png,2
arctic_vegetation/20230724_riparianshrub20_m3m/BIRC/tile_16203.png,2
arctic_vegetation/20230724_riparianshrub20_m3m/BIRC/tile_16204.png,2
arctic_vegetation/20230724_riparianshrub20_m3m/BIRC/tile_16205.png,2
arctic_vegetation/20230724_riparianshrub20_m3m/BIRC/tile_16206.png,2
arctic_vegetation/20230724_riparianshrub20_m3m/BIRC/tile_16207.png,2
arctic_vegetation/20230724_riparianshrub20_m3m/BIRC/tile_16208.png,2
arctic_vegetation/20230724_riparianshrub20_m3m/BIRC/tile_16209.png,2
arctic_vegetation/20230724_riparianshrub20_m3m/BIRC/tile_16210.png,2
arctic_vegetation/20230724_riparianshrub20_m3m/BIRC/tile_16213.png,2
arctic_vegetation/20230724_riparianshrub20_m3m/BIRC/tile_16214.png,2
arctic_vegetation/20230724_riparianshrub20_m3m/WILL/tile_16215.png,11
arctic_vegetation/20230724_riparianshrub20_m3m/WILL/tile_16216.png,11
arctic_vegetation/20230724_riparianshrub20_m3m/WILL/tile_16217.png,11
arctic_vegetation/20230724_riparianshrub20_m3m/WILL/tile_16218.png,11
arctic_vegetation/20230724_riparianshrub20_m3m/WILL/tile_16219.png,11
arctic_vegetation/20230724_riparianshrub20_m3m/WILL/tile_16220.png,11
arctic_vegetation/20230724_riparianshrub20_m3m/SEDG/tile_16333.png,9
arctic_vegetation/20230724_riparianshrub20_m3m/PETF/tile_16334.png,6
arctic_vegetation/20230724_riparianshrub20_m3m/PETF/tile_16335.png,6
arctic_vegetation/20230724_riparianshrub20_m3m/TUSS/tile_16336.png,10
arctic_vegetation/20230724_riparianshrub20_m3m/TUSS/tile_16337.png,10
arctic_vegetation/20230724_riparianshrub20_m3m/TUSS/tile_16338.png,10
arctic_vegetation/20230724_riparianshrub20_m3m/PETF/tile_16339.png,6
arctic_vegetation/20230724_riparianshrub20_m3m/PETF/tile_16340.png,6
arctic_vegetation/20230724_riparianshrub20_m3m/PETF/tile_16341.png,6
arctic_vegetation/20230724_riparianshrub20_m3m/PETF/tile_16342.png,6
arctic_vegetation/20230724_riparianshrub20_m3m/ALDE/tile_16344.png,0
arctic_vegetation/20230724_riparianshrub20_m3m/ALDE/tile_16345.png,0
arctic_vegetation/20230724_riparianshrub20_m3m/ALDE/tile_16346.png,0
arctic_vegetation/20230724_riparianshrub20_m3m/ALDE/tile_16347.png,0
arctic_vegetation/20230724_riparianshrub20_m3m/PETF/tile_16348.png,6
arctic_vegetation/20230724_riparianshrub20_m3m/PETF/tile_16349.png,6
arctic_vegetation/20230724_riparianshrub20_m3m/MOSS/tile_16350.png,5
arctic_vegetation/20230724_riparianshrub20_m3m/MOSS/tile_16351.png,5
arctic_vegetation/20230724_riparianshrub20_m3m/MOSS/tile_16352.png,5
arctic_vegetation/20230724_riparianshrub20_m3m/MOSS/tile_16353.png,5
arctic_vegetation/20230724_riparianshrub20_m3m/MOSS/tile_16354.png,5
arctic_vegetation/20230724_riparianshrub20_m3m/MOSS/tile_16355.png,5
arctic_vegetation/20230724_riparianshrub20_m3m/MOSS/tile_16356.png,5
arctic_vegetation/20230724_riparianshrub20_m3m/MOSS/tile_16357.png,5
arctic_vegetation/20230724_riparianshrub20_m3m/MOSS/tile_16358.png,5
arctic_vegetation/20230724_riparianshrub20_m3m/ALDE/tile_16359.png,0
arctic_vegetation/20230724_riparianshrub20_m3m/ALDE/tile_16360.png,0
arctic_vegetation/20230724_riparianshrub20_m3m/ALDE/tile_16361.png,0
arctic_vegetation/20230724_riparianshrub20_m3m/ALDE/tile_16362.png,0
arctic_vegetation/20230724_riparianshrub20_m3m/ALDE/tile_16363.png,0
arctic_vegetation/20230724_riparianshrub20_m3m/ALDE/tile_16364.png,0
arctic_vegetation/20230724_riparianshrub20_m3m/ALDE/tile_16367.png,0
arctic_vegetation/20230724_riparianshrub20_m3m/ALDE/tile_16368.png,0
arctic_vegetation/20230724_riparianshrub20_m3m/ALDE/tile_16369.png,0
arctic_vegetation/20230724_riparianshrub20_m3m/ALDE/tile_16370.png,0
arctic_vegetation/20230724_riparianshrub20_m3m/ALDE/tile_16371.png,0
arctic_vegetation/20230724_riparianshrub20_m3m/BIRC/tile_16375.png,2
arctic_vegetation/20230724_riparianshrub20_m3m/BIRC/tile_16376.png,2
arctic_vegetation/20230724_riparianshrub20_m3m/BIRC/tile_16377.png,2
arctic_vegetation/20230724_riparianshrub20_m3m/BIRC/tile_16378.png,2
arctic_vegetation/20230724_riparianshrub20_m3m/ALDE/tile_16379.png,0
arctic_vegetation/20230724_riparianshrub20_m3m/ALDE/tile_16380.png,0
arctic_vegetation/20230724_riparianshrub20_m3m/ALDE/tile_16381.png,0
arctic_vegetation/20230724_riparianshrub20_m3m/ALDE/tile_16382.png,0
arctic_vegetation/20230724_riparianshrub20_m3m/BIRC/tile_16383.png,2
arctic_vegetation/20230724_riparianshrub20_m3m/BIRC/tile_16384.png,2
arctic_vegetation/20230724_riparianshrub20_m3m/BIRC/tile_16385.png,2
arctic_vegetation/20230724_riparianshrub20_m3m/WILL/tile_16391.png,11
arctic_vegetation/20230724_riparianshrub20_m3m/WILL/tile_16392.png,11
arctic_vegetation/20230724_riparianshrub20_m3m/WILL/tile_16393.png,11
arctic_vegetation/20230724_riparianshrub20_m3m/WILL/tile_16394.png,11
arctic_vegetation/20230724_riparianshrub20_m3m/PETF/tile_16509.png,6
arctic_vegetation/20230724_riparianshrub20_m3m/PETF/tile_16510.png,6
arctic_vegetation/20230724_riparianshrub20_m3m/ALDE/tile_16513.png,0
arctic_vegetation/20230724_riparianshrub20_m3m/ALDE/tile_16514.png,0
arctic_vegetation/20230724_riparianshrub20_m3m/ALDE/tile_16515.png,0
arctic_vegetation/20230724_riparianshrub20_m3m/PETF/tile_16516.png,6
arctic_vegetation/20230724_riparianshrub20_m3m/PETF/tile_16517.png,6
arctic_vegetation/20230724_riparianshrub20_m3m/ALDE/tile_16520.png,0
arctic_vegetation/20230724_riparianshrub20_m3m/ALDE/tile_16521.png,0
arctic_vegetation/20230724_riparianshrub20_m3m/ALDE/tile_16522.png,0
arctic_vegetation/20230724_riparianshrub20_m3m/ALDE/tile_16523.png,0
arctic_vegetation/20230724_riparianshrub20_m3m/MOSS/tile_16525.png,5
arctic_vegetation/20230724_riparianshrub20_m3m/MOSS/tile_16526.png,5
arctic_vegetation/20230724_riparianshrub20_m3m/MOSS/tile_16527.png,5
arctic_vegetation/20230724_riparianshrub20_m3m/MOSS/tile_16528.png,5
arctic_vegetation/20230724_riparianshrub20_m3m/MOSS/tile_16529.png,5
arctic_vegetation/20230724_riparianshrub20_m3m/MOSS/tile_16530.png,5
arctic_vegetation/20230724_riparianshrub20_m3m/MOSS/tile_16531.png,5
arctic_vegetation/20230724_riparianshrub20_m3m/MOSS/tile_16532.png,5
arctic_vegetation/20230724_riparianshrub20_m3m/MOSS/tile_16533.png,5
arctic_vegetation/20230724_riparianshrub20_m3m/MOSS/tile_16534.png,5
arctic_vegetation/20230724_riparianshrub20_m3m/ALDE/tile_16542.png,0
arctic_vegetation/20230724_riparianshrub20_m3m/ALDE/tile_16543.png,0
arctic_vegetation/20230724_riparianshrub20_m3m/ALDE/tile_16544.png,0
arctic_vegetation/20230724_riparianshrub20_m3m/ALDE/tile_16545.png,0
arctic_vegetation/20230724_riparianshrub20_m3m/BIRC/tile_16550.png,2
arctic_vegetation/20230724_riparianshrub20_m3m/BIRC/tile_16551.png,2
arctic_vegetation/20230724_riparianshrub20_m3m/BIRC/tile_16552.png,2
arctic_vegetation/20230724_riparianshrub20_m3m/ALDE/tile_16553.png,0
arctic_vegetation/20230724_riparianshrub20_m3m/ALDE/tile_16554.png,0
arctic_vegetation/20230724_riparianshrub20_m3m/ALDE/tile_16555.png,0
arctic_vegetation/20230724_riparianshrub20_m3m/ALDE/tile_16556.png,0
arctic_vegetation/20230724_riparianshrub20_m3m/ALDE/tile_16557.png,0
arctic_vegetation/20230724_riparianshrub20_m3m/BIRC/tile_16558.png,2
arctic_vegetation/20230724_riparianshrub20_m3m/BIRC/tile_16559.png,2
arctic_vegetation/20230724_riparianshrub20_m3m/BIRC/tile_16560.png,2
arctic_vegetation/20230724_riparianshrub20_m3m/PETF/tile_16684.png,6
arctic_vegetation/20230724_riparianshrub20_m3m/PETF/tile_16685.png,6
arctic_vegetation/20230724_riparianshrub20_m3m/PETF/tile_16686.png,6
arctic_vegetation/20230724_riparianshrub20_m3m/ALDE/tile_16687.png,0
arctic_vegetation/20230724_riparianshrub20_m3m/ALDE/tile_16688.png,0
arctic_vegetation/20230724_riparianshrub20_m3m/ALDE/tile_16689.png,0
arctic_vegetation/20230724_riparianshrub20_m3m/ALDE/tile_16690.png,0
arctic_vegetation/20230724_riparianshrub20_m3m/PETF/tile_16691.png,6
arctic_vegetation/20230724_riparianshrub20_m3m/PETF/tile_16692.png,6
arctic_vegetation/20230724_riparianshrub20_m3m/ALDE/tile_16695.png,0
arctic_vegetation/20230724_riparianshrub20_m3m/ALDE/tile_16696.png,0
arctic_vegetation/20230724_riparianshrub20_m3m/ALDE/tile_16697.png,0
arctic_vegetation/20230724_riparianshrub20_m3m/ALDE/tile_16698.png,0
arctic_vegetation/20230724_riparianshrub20_m3m/MOSS/tile_16700.png,5
arctic_vegetation/20230724_riparianshrub20_m3m/MOSS/tile_16701.png,5
arctic_vegetation/20230724_riparianshrub20_m3m/MOSS/tile_16702.png,5
arctic_vegetation/20230724_riparianshrub20_m3m/MOSS/tile_16703.png,5
arctic_vegetation/20230724_riparianshrub20_m3m/MOSS/tile_16704.png,5
arctic_vegetation/20230724_riparianshrub20_m3m/MOSS/tile_16705.png,5
arctic_vegetation/20230724_riparianshrub20_m3m/MOSS/tile_16706.png,5
arctic_vegetation/20230724_riparianshrub20_m3m/MOSS/tile_16707.png,5
arctic_vegetation/20230724_riparianshrub20_m3m/MOSS/tile_16708.png,5
arctic_vegetation/20230724_riparianshrub20_m3m/MOSS/tile_16709.png,5
arctic_vegetation/20230724_riparianshrub20_m3m/BIRC/tile_16710.png,2
arctic_vegetation/20230724_riparianshrub20_m3m/BIRC/tile_16725.png,2
arctic_vegetation/20230724_riparianshrub20_m3m/ALDE/tile_16726.png,0
arctic_vegetation/20230724_riparianshrub20_m3m/ALDE/tile_16727.png,0
arctic_vegetation/20230724_riparianshrub20_m3m/ALDE/tile_16728.png,0
arctic_vegetation/20230724_riparianshrub20_m3m/ALDE/tile_16729.png,0
arctic_vegetation/20230724_riparianshrub20_m3m/ALDE/tile_16730.png,0
arctic_vegetation/20230724_riparianshrub20_m3m/ALDE/tile_16731.png,0
arctic_vegetation/20230724_riparianshrub20_m3m/ALDE/tile_16732.png,0
arctic_vegetation/20230724_riparianshrub20_m3m/ALDE/tile_16733.png,0
arctic_vegetation/20230724_riparianshrub20_m3m/ALDE/tile_16734.png,0
arctic_vegetation/20230724_riparianshrub20_m3m/BIRC/tile_16735.png,2
arctic_vegetation/20230724_riparianshrub20_m3m/PETF/tile_16859.png,6
arctic_vegetation/20230724_riparianshrub20_m3m/PETF/tile_16860.png,6
arctic_vegetation/20230724_riparianshrub20_m3m/PETF/tile_16861.png,6
arctic_vegetation/20230724_riparianshrub20_m3m/ALDE/tile_16862.png,0
arctic_vegetation/20230724_riparianshrub20_m3m/ALDE/tile_16863.png,0
arctic_vegetation/20230724_riparianshrub20_m3m/ALDE/tile_16864.png,0
arctic_vegetation/20230724_riparianshrub20_m3m/ALDE/tile_16865.png,0
arctic_vegetation/20230724_riparianshrub20_m3m/LICH/tile_16869.png,4
arctic_vegetation/20230724_riparianshrub20_m3m/LICH/tile_16870.png,4
arctic_vegetation/20230724_riparianshrub20_m3m/LICH/tile_16871.png,4
arctic_vegetation/20230724_riparianshrub20_m3m/LICH/tile_16872.png,4
arctic_vegetation/20230724_riparianshrub20_m3m/ALDE/tile_16873.png,0
arctic_vegetation/20230724_riparianshrub20_m3m/ALDE/tile_16874.png,0
arctic_vegetation/20230724_riparianshrub20_m3m/MOSS/tile_16875.png,5
arctic_vegetation/20230724_riparianshrub20_m3m/MOSS/tile_16876.png,5
arctic_vegetation/20230724_riparianshrub20_m3m/MOSS/tile_16877.png,5
arctic_vegetation/20230724_riparianshrub20_m3m/MOSS/tile_16878.png,5
arctic_vegetation/20230724_riparianshrub20_m3m/MOSS/tile_16879.png,5
arctic_vegetation/20230724_riparianshrub20_m3m/MOSS/tile_16880.png,5
arctic_vegetation/20230724_riparianshrub20_m3m/MOSS/tile_16881.png,5
arctic_vegetation/20230724_riparianshrub20_m3m/MOSS/tile_16882.png,5
arctic_vegetation/20230724_riparianshrub20_m3m/MOSS/tile_16883.png,5
arctic_vegetation/20230724_riparianshrub20_m3m/MOSS/tile_16884.png,5
arctic_vegetation/20230724_riparianshrub20_m3m/MOSS/tile_16885.png,5
arctic_vegetation/20230724_riparianshrub20_m3m/BIRC/tile_16900.png,2
arctic_vegetation/20230724_riparianshrub20_m3m/ALDE/tile_16901.png,0
arctic_vegetation/20230724_riparianshrub20_m3m/ALDE/tile_16902.png,0
arctic_vegetation/20230724_riparianshrub20_m3m/ALDE/tile_16903.png,0
arctic_vegetation/20230724_riparianshrub20_m3m/ALDE/tile_16904.png,0
arctic_vegetation/20230724_riparianshrub20_m3m/ALDE/tile_16905.png,0
arctic_vegetation/20230724_riparianshrub20_m3m/ALDE/tile_16906.png,0
arctic_vegetation/20230724_riparianshrub20_m3m/ALDE/tile_16907.png,0
arctic_vegetation/20230724_riparianshrub20_m3m/ALDE/tile_16908.png,0
arctic_vegetation/20230724_riparianshrub20_m3m/ALDE/tile_16909.png,0
arctic_vegetation/20230724_riparianshrub20_m3m/BIRC/tile_16910.png,2
arctic_vegetation/20230724_riparianshrub20_m3m/PETF/tile_17033.png,6
arctic_vegetation/20230724_riparianshrub20_m3m/PETF/tile_17034.png,6
arctic_vegetation/20230724_riparianshrub20_m3m/PETF/tile_17035.png,6
arctic_vegetation/20230724_riparianshrub20_m3m/PETF/tile_17036.png,6
arctic_vegetation/20230724_riparianshrub20_m3m/ALDE/tile_17037.png,0
arctic_vegetation/20230724_riparianshrub20_m3m/ALDE/tile_17038.png,0
arctic_vegetation/20230724_riparianshrub20_m3m/ALDE/tile_17039.png,0
arctic_vegetation/20230724_riparianshrub20_m3m/ALDE/tile_17040.png,0
arctic_vegetation/20230724_riparianshrub20_m3m/ALDE/tile_17043.png,0
arctic_vegetation/20230724_riparianshrub20_m3m/LICH/tile_17044.png,4
arctic_vegetation/20230724_riparianshrub20_m3m/LICH/tile_17045.png,4
arctic_vegetation/20230724_riparianshrub20_m3m/LICH/tile_17046.png,4
arctic_vegetation/20230724_riparianshrub20_m3m/LICH/tile_17047.png,4
arctic_vegetation/20230724_riparianshrub20_m3m/ALDE/tile_17048.png,0
arctic_vegetation/20230724_riparianshrub20_m3m/ALDE/tile_17049.png,0
arctic_vegetation/20230724_riparianshrub20_m3m/MOSS/tile_17050.png,5
arctic_vegetation/20230724_riparianshrub20_m3m/MOSS/tile_17051.png,5
arctic_vegetation/20230724_riparianshrub20_m3m/MOSS/tile_17052.png,5
arctic_vegetation/20230724_riparianshrub20_m3m/MOSS/tile_17053.png,5
arctic_vegetation/20230724_riparianshrub20_m3m/MOSS/tile_17054.png,5
arctic_vegetation/20230724_riparianshrub20_m3m/MOSS/tile_17055.png,5
arctic_vegetation/20230724_riparianshrub20_m3m/MOSS/tile_17056.png,5
arctic_vegetation/20230724_riparianshrub20_m3m/MOSS/tile_17057.png,5
arctic_vegetation/20230724_riparianshrub20_m3m/MOSS/tile_17058.png,5
arctic_vegetation/20230724_riparianshrub20_m3m/MOSS/tile_17059.png,5
arctic_vegetation/20230724_riparianshrub20_m3m/MOSS/tile_17060.png,5
arctic_vegetation/20230724_riparianshrub20_m3m/ALDE/tile_17063.png,0
arctic_vegetation/20230724_riparianshrub20_m3m/ALDE/tile_17064.png,0
arctic_vegetation/20230724_riparianshrub20_m3m/ALDE/tile_17065.png,0
arctic_vegetation/20230724_riparianshrub20_m3m/ALDE/tile_17066.png,0
arctic_vegetation/20230724_riparianshrub20_m3m/BIRC/tile_17075.png,2
arctic_vegetation/20230724_riparianshrub20_m3m/ALDE/tile_17076.png,0
arctic_vegetation/20230724_riparianshrub20_m3m/ALDE/tile_17077.png,0
arctic_vegetation/20230724_riparianshrub20_m3m/ALDE/tile_17078.png,0
arctic_vegetation/20230724_riparianshrub20_m3m/ALDE/tile_17079.png,0
arctic_vegetation/20230724_riparianshrub20_m3m/ALDE/tile_17080.png,0
arctic_vegetation/20230724_riparianshrub20_m3m/ALDE/tile_17081.png,0
arctic_vegetation/20230724_riparianshrub20_m3m/ALDE/tile_17082.png,0
arctic_vegetation/20230724_riparianshrub20_m3m/ALDE/tile_17083.png,0
arctic_vegetation/20230724_riparianshrub20_m3m/ALDE/tile_17084.png,0
arctic_vegetation/20230724_riparianshrub20_m3m/PETF/tile_17208.png,6
arctic_vegetation/20230724_riparianshrub20_m3m/PETF/tile_17209.png,6
arctic_vegetation/20230724_riparianshrub20_m3m/PETF/tile_17210.png,6
arctic_vegetation/20230724_riparianshrub20_m3m/PETF/tile_17213.png,6
arctic_vegetation/20230724_riparianshrub20_m3m/PETF/tile_17214.png,6
arctic_vegetation/20230724_riparianshrub20_m3m/ALDE/tile_17218.png,0
arctic_vegetation/20230724_riparianshrub20_m3m/ALDE/tile_17219.png,0
arctic_vegetation/20230724_riparianshrub20_m3m/ALDE/tile_17220.png,0
arctic_vegetation/20230724_riparianshrub20_m3m/ALDE/tile_17221.png,0
arctic_vegetation/20230724_riparianshrub20_m3m/ALDE/tile_17222.png,0
arctic_vegetation/20230724_riparianshrub20_m3m/ALDE/tile_17223.png,0
arctic_vegetation/20230724_riparianshrub20_m3m/ALDE/tile_17224.png,0
arctic_vegetation/20230724_riparianshrub20_m3m/MOSS/tile_17225.png,5
arctic_vegetation/20230724_riparianshrub20_m3m/MOSS/tile_17226.png,5
arctic_vegetation/20230724_riparianshrub20_m3m/MOSS/tile_17227.png,5
arctic_vegetation/20230724_riparianshrub20_m3m/MOSS/tile_17228.png,5
arctic_vegetation/20230724_riparianshrub20_m3m/MOSS/tile_17229.png,5
arctic_vegetation/20230724_riparianshrub20_m3m/MOSS/tile_17230.png,5
arctic_vegetation/20230724_riparianshrub20_m3m/MOSS/tile_17231.png,5
arctic_vegetation/20230724_riparianshrub20_m3m/MOSS/tile_17232.png,5
arctic_vegetation/20230724_riparianshrub20_m3m/MOSS/tile_17233.png,5
arctic_vegetation/20230724_riparianshrub20_m3m/MOSS/tile_17234.png,5
arctic_vegetation/20230724_riparianshrub20_m3m/BIRC/tile_17235.png,2
arctic_vegetation/20230724_riparianshrub20_m3m/ALDE/tile_17238.png,0
arctic_vegetation/20230724_riparianshrub20_m3m/ALDE/tile_17239.png,0
arctic_vegetation/20230724_riparianshrub20_m3m/ALDE/tile_17240.png,0
arctic_vegetation/20230724_riparianshrub20_m3m/ALDE/tile_17241.png,0
arctic_vegetation/20230724_riparianshrub20_m3m/BIRC/tile_17250.png,2
arctic_vegetation/20230724_riparianshrub20_m3m/BIRC/tile_17251.png,2
arctic_vegetation/20230724_riparianshrub20_m3m/BIRC/tile_17252.png,2
arctic_vegetation/20230724_riparianshrub20_m3m/ALDE/tile_17253.png,0
arctic_vegetation/20230724_riparianshrub20_m3m/ALDE/tile_17254.png,0
arctic_vegetation/20230724_riparianshrub20_m3m/ALDE/tile_17255.png,0
arctic_vegetation/20230724_riparianshrub20_m3m/ALDE/tile_17256.png,0
arctic_vegetation/20230724_riparianshrub20_m3m/ALDE/tile_17257.png,0
arctic_vegetation/20230724_riparianshrub20_m3m/ALDE/tile_17258.png,0
arctic_vegetation/20230724_riparianshrub20_m3m/ALDE/tile_17259.png,0
arctic_vegetation/20230724_riparianshrub20_m3m/PETF/tile_17383.png,6
arctic_vegetation/20230724_riparianshrub20_m3m/PETF/tile_17384.png,6
arctic_vegetation/20230724_riparianshrub20_m3m/PETF/tile_17385.png,6
arctic_vegetation/20230724_riparianshrub20_m3m/ALDE/tile_17393.png,0
arctic_vegetation/20230724_riparianshrub20_m3m/ALDE/tile_17394.png,0
arctic_vegetation/20230724_riparianshrub20_m3m/ALDE/tile_17395.png,0
arctic_vegetation/20230724_riparianshrub20_m3m/ALDE/tile_17396.png,0
arctic_vegetation/20230724_riparianshrub20_m3m/ALDE/tile_17397.png,0
arctic_vegetation/20230724_riparianshrub20_m3m/ALDE/tile_17398.png,0
arctic_vegetation/20230724_riparianshrub20_m3m/ALDE/tile_17399.png,0
arctic_vegetation/20230724_riparianshrub20_m3m/ALDE/tile_17400.png,0
arctic_vegetation/20230724_riparianshrub20_m3m/MOSS/tile_17401.png,5
arctic_vegetation/20230724_riparianshrub20_m3m/MOSS/tile_17402.png,5
arctic_vegetation/20230724_riparianshrub20_m3m/MOSS/tile_17403.png,5
arctic_vegetation/20230724_riparianshrub20_m3m/MOSS/tile_17404.png,5
arctic_vegetation/20230724_riparianshrub20_m3m/MOSS/tile_17405.png,5
arctic_vegetation/20230724_riparianshrub20_m3m/MOSS/tile_17406.png,5
arctic_vegetation/20230724_riparianshrub20_m3m/MOSS/tile_17407.png,5
arctic_vegetation/20230724_riparianshrub20_m3m/MOSS/tile_17408.png,5
arctic_vegetation/20230724_riparianshrub20_m3m/MOSS/tile_17409.png,5
arctic_vegetation/20230724_riparianshrub20_m3m/MOSS/tile_17410.png,5
arctic_vegetation/20230724_riparianshrub20_m3m/MOSS/tile_17411.png,5
arctic_vegetation/20230724_riparianshrub20_m3m/BIRC/tile_17413.png,2
arctic_vegetation/20230724_riparianshrub20_m3m/BIRC/tile_17414.png,2
arctic_vegetation/20230724_riparianshrub20_m3m/BIRC/tile_17415.png,2
arctic_vegetation/20230724_riparianshrub20_m3m/ALDE/tile_17416.png,0
arctic_vegetation/20230724_riparianshrub20_m3m/BIRC/tile_17426.png,2
arctic_vegetation/20230724_riparianshrub20_m3m/BIRC/tile_17427.png,2
arctic_vegetation/20230724_riparianshrub20_m3m/BIRC/tile_17428.png,2
arctic_vegetation/20230724_riparianshrub20_m3m/ALDE/tile_17429.png,0
arctic_vegetation/20230724_riparianshrub20_m3m/ALDE/tile_17430.png,0
arctic_vegetation/20230724_riparianshrub20_m3m/ALDE/tile_17431.png,0
arctic_vegetation/20230724_riparianshrub20_m3m/ALDE/tile_17432.png,0
arctic_vegetation/20230724_riparianshrub20_m3m/ALDE/tile_17433.png,0
arctic_vegetation/20230724_riparianshrub20_m3m/ALDE/tile_17434.png,0
arctic_vegetation/20230724_riparianshrub20_m3m/PETF/tile_17558.png,6
arctic_vegetation/20230724_riparianshrub20_m3m/PETF/tile_17559.png,6
arctic_vegetation/20230724_riparianshrub20_m3m/PETF/tile_17560.png,6
arctic_vegetation/20230724_riparianshrub20_m3m/MOSS/tile_17561.png,5
arctic_vegetation/20230724_riparianshrub20_m3m/MOSS/tile_17562.png,5
arctic_vegetation/20230724_riparianshrub20_m3m/MOSS/tile_17563.png,5
arctic_vegetation/20230724_riparianshrub20_m3m/MOSS/tile_17564.png,5
arctic_vegetation/20230724_riparianshrub20_m3m/MOSS/tile_17565.png,5
arctic_vegetation/20230724_riparianshrub20_m3m/ALDE/tile_17569.png,0
arctic_vegetation/20230724_riparianshrub20_m3m/ALDE/tile_17570.png,0
arctic_vegetation/20230724_riparianshrub20_m3m/ALDE/tile_17571.png,0
arctic_vegetation/20230724_riparianshrub20_m3m/ALDE/tile_17572.png,0
arctic_vegetation/20230724_riparianshrub20_m3m/ALDE/tile_17573.png,0
arctic_vegetation/20230724_riparianshrub20_m3m/ALDE/tile_17574.png,0
arctic_vegetation/20230724_riparianshrub20_m3m/ALDE/tile_17575.png,0
arctic_vegetation/20230724_riparianshrub20_m3m/MOSS/tile_17576.png,5
arctic_vegetation/20230724_riparianshrub20_m3m/MOSS/tile_17577.png,5
arctic_vegetation/20230724_riparianshrub20_m3m/MOSS/tile_17578.png,5
arctic_vegetation/20230724_riparianshrub20_m3m/ALDE/tile_17579.png,0
arctic_vegetation/20230724_riparianshrub20_m3m/MOSS/tile_17583.png,5
arctic_vegetation/20230724_riparianshrub20_m3m/MOSS/tile_17584.png,5
arctic_vegetation/20230724_riparianshrub20_m3m/MOSS/tile_17585.png,5
arctic_vegetation/20230724_riparianshrub20_m3m/MOSS/tile_17586.png,5
arctic_vegetation/20230724_riparianshrub20_m3m/BIRC/tile_17588.png,2
arctic_vegetation/20230724_riparianshrub20_m3m/BIRC/tile_17589.png,2
arctic_vegetation/20230724_riparianshrub20_m3m/BIRC/tile_17590.png,2
arctic_vegetation/20230724_riparianshrub20_m3m/BIRC/tile_17591.png,2
arctic_vegetation/20230724_riparianshrub20_m3m/BIRC/tile_17592.png,2
arctic_vegetation/20230724_riparianshrub20_m3m/WILL/tile_17593.png,11
arctic_vegetation/20230724_riparianshrub20_m3m/WILL/tile_17594.png,11
arctic_vegetation/20230724_riparianshrub20_m3m/WILL/tile_17596.png,11
arctic_vegetation/20230724_riparianshrub20_m3m/WILL/tile_17597.png,11
arctic_vegetation/20230724_riparianshrub20_m3m/WILL/tile_17598.png,11
arctic_vegetation/20230724_riparianshrub20_m3m/WILL/tile_17617.png,11
arctic_vegetation/20230724_riparianshrub20_m3m/WILL/tile_17618.png,11
arctic_vegetation/20230724_riparianshrub20_m3m/WILL/tile_17620.png,11
arctic_vegetation/20230724_riparianshrub20_m3m/WILL/tile_17621.png,11
arctic_vegetation/20230724_riparianshrub20_m3m/MOSS/tile_17736.png,5
arctic_vegetation/20230724_riparianshrub20_m3m/MOSS/tile_17737.png,5
arctic_vegetation/20230724_riparianshrub20_m3m/MOSS/tile_17738.png,5
arctic_vegetation/20230724_riparianshrub20_m3m/MOSS/tile_17739.png,5
arctic_vegetation/20230724_riparianshrub20_m3m/MOSS/tile_17740.png,5
arctic_vegetation/20230724_riparianshrub20_m3m/MOSS/tile_17741.png,5
arctic_vegetation/20230724_riparianshrub20_m3m/LICH/tile_17742.png,4
arctic_vegetation/20230724_riparianshrub20_m3m/LICH/tile_17743.png,4
arctic_vegetation/20230724_riparianshrub20_m3m/ALDE/tile_17744.png,0
arctic_vegetation/20230724_riparianshrub20_m3m/ALDE/tile_17745.png,0
arctic_vegetation/20230724_riparianshrub20_m3m/ALDE/tile_17746.png,0
arctic_vegetation/20230724_riparianshrub20_m3m/ALDE/tile_17747.png,0
arctic_vegetation/20230724_riparianshrub20_m3m/ALDE/tile_17748.png,0
arctic_vegetation/20230724_riparianshrub20_m3m/ALDE/tile_17749.png,0
arctic_vegetation/20230724_riparianshrub20_m3m/MOSS/tile_17750.png,5
arctic_vegetation/20230724_riparianshrub20_m3m/MOSS/tile_17751.png,5
arctic_vegetation/20230724_riparianshrub20_m3m/MOSS/tile_17752.png,5
arctic_vegetation/20230724_riparianshrub20_m3m/MOSS/tile_17753.png,5
arctic_vegetation/20230724_riparianshrub20_m3m/ALDE/tile_17754.png,0
arctic_vegetation/20230724_riparianshrub20_m3m/MOSS/tile_17760.png,5
arctic_vegetation/20230724_riparianshrub20_m3m/MOSS/tile_17761.png,5
arctic_vegetation/20230724_riparianshrub20_m3m/BIRC/tile_17763.png,2
arctic_vegetation/20230724_riparianshrub20_m3m/BIRC/tile_17764.png,2
arctic_vegetation/20230724_riparianshrub20_m3m/BIRC/tile_17765.png,2
arctic_vegetation/20230724_riparianshrub20_m3m/BIRC/tile_17766.png,2
arctic_vegetation/20230724_riparianshrub20_m3m/BIRC/tile_17767.png,2
arctic_vegetation/20230724_riparianshrub20_m3m/WILL/tile_17768.png,11
arctic_vegetation/20230724_riparianshrub20_m3m/WILL/tile_17769.png,11
arctic_vegetation/20230724_riparianshrub20_m3m/WILL/tile_17771.png,11
arctic_vegetation/20230724_riparianshrub20_m3m/WILL/tile_17772.png,11
arctic_vegetation/20230724_riparianshrub20_m3m/WILL/tile_17773.png,11
arctic_vegetation/20230724_riparianshrub20_m3m/WILL/tile_17785.png,11
arctic_vegetation/20230724_riparianshrub20_m3m/WILL/tile_17786.png,11
arctic_vegetation/20230724_riparianshrub20_m3m/WILL/tile_17787.png,11
arctic_vegetation/20230724_riparianshrub20_m3m/WILL/tile_17788.png,11
arctic_vegetation/20230724_riparianshrub20_m3m/WILL/tile_17789.png,11
arctic_vegetation/20230724_riparianshrub20_m3m/WILL/tile_17790.png,11
arctic_vegetation/20230724_riparianshrub20_m3m/WILL/tile_17791.png,11
arctic_vegetation/20230724_riparianshrub20_m3m/WILL/tile_17792.png,11
arctic_vegetation/20230724_riparianshrub20_m3m/WILL/tile_17793.png,11
arctic_vegetation/20230724_riparianshrub20_m3m/WILL/tile_17794.png,11
arctic_vegetation/20230724_riparianshrub20_m3m/WILL/tile_17795.png,11
arctic_vegetation/20230724_riparianshrub20_m3m/WILL/tile_17796.png,11
arctic_vegetation/20230724_riparianshrub20_m3m/MOSS/tile_17911.png,5
arctic_vegetation/20230724_riparianshrub20_m3m/MOSS/tile_17912.png,5
arctic_vegetation/20230724_riparianshrub20_m3m/MOSS/tile_17913.png,5
arctic_vegetation/20230724_riparianshrub20_m3m/MOSS/tile_17914.png,5
arctic_vegetation/20230724_riparianshrub20_m3m/MOSS/tile_17915.png,5
arctic_vegetation/20230724_riparianshrub20_m3m/MOSS/tile_17916.png,5
arctic_vegetation/20230724_riparianshrub20_m3m/LICH/tile_17917.png,4
arctic_vegetation/20230724_riparianshrub20_m3m/LICH/tile_17918.png,4
arctic_vegetation/20230724_riparianshrub20_m3m/ALDE/tile_17919.png,0
arctic_vegetation/20230724_riparianshrub20_m3m/ALDE/tile_17920.png,0
arctic_vegetation/20230724_riparianshrub20_m3m/ALDE/tile_17921.png,0
arctic_vegetation/20230724_riparianshrub20_m3m/ALDE/tile_17922.png,0
arctic_vegetation/20230724_riparianshrub20_m3m/ALDE/tile_17923.png,0
arctic_vegetation/20230724_riparianshrub20_m3m/ALDE/tile_17924.png,0
arctic_vegetation/20230724_riparianshrub20_m3m/PETF/tile_17925.png,6
arctic_vegetation/20230724_riparianshrub20_m3m/BIRC/tile_17938.png,2
arctic_vegetation/20230724_riparianshrub20_m3m/BIRC/tile_17939.png,2
arctic_vegetation/20230724_riparianshrub20_m3m/BIRC/tile_17940.png,2
arctic_vegetation/20230724_riparianshrub20_m3m/BIRC/tile_17941.png,2
arctic_vegetation/20230724_riparianshrub20_m3m/BIRC/tile_17942.png,2
arctic_vegetation/20230724_riparianshrub20_m3m/WILL/tile_17943.png,11
arctic_vegetation/20230724_riparianshrub20_m3m/WILL/tile_17944.png,11
arctic_vegetation/20230724_riparianshrub20_m3m/WILL/tile_17945.png,11
arctic_vegetation/20230724_riparianshrub20_m3m/WILL/tile_17946.png,11
arctic_vegetation/20230724_riparianshrub20_m3m/WILL/tile_17947.png,11
arctic_vegetation/20230724_riparianshrub20_m3m/WILL/tile_17948.png,11
arctic_vegetation/20230724_riparianshrub20_m3m/WILL/tile_17949.png,11
arctic_vegetation/20230724_riparianshrub20_m3m/WILL/tile_17960.png,11
arctic_vegetation/20230724_riparianshrub20_m3m/WILL/tile_17961.png,11
arctic_vegetation/20230724_riparianshrub20_m3m/WILL/tile_17962.png,11
arctic_vegetation/20230724_riparianshrub20_m3m/WILL/tile_17963.png,11
arctic_vegetation/20230724_riparianshrub20_m3m/WILL/tile_17964.png,11
arctic_vegetation/20230724_riparianshrub20_m3m/WILL/tile_17965.png,11
arctic_vegetation/20230724_riparianshrub20_m3m/WILL/tile_17966.png,11
arctic_vegetation/20230724_riparianshrub20_m3m/WILL/tile_17967.png,11
arctic_vegetation/20230724_riparianshrub20_m3m/WILL/tile_17968.png,11
arctic_vegetation/20230724_riparianshrub20_m3m/WILL/tile_17969.png,11
arctic_vegetation/20230724_riparianshrub20_m3m/WILL/tile_17970.png,11
arctic_vegetation/20230724_riparianshrub20_m3m/WILL/tile_17971.png,11
arctic_vegetation/20230724_riparianshrub20_m3m/PETF/tile_18084.png,6
arctic_vegetation/20230724_riparianshrub20_m3m/MOSS/tile_18085.png,5
arctic_vegetation/20230724_riparianshrub20_m3m/MOSS/tile_18086.png,5
arctic_vegetation/20230724_riparianshrub20_m3m/MOSS/tile_18087.png,5
arctic_vegetation/20230724_riparianshrub20_m3m/MOSS/tile_18088.png,5
arctic_vegetation/20230724_riparianshrub20_m3m/MOSS/tile_18089.png,5
arctic_vegetation/20230724_riparianshrub20_m3m/MOSS/tile_18090.png,5
arctic_vegetation/20230724_riparianshrub20_m3m/LICH/tile_18092.png,4
arctic_vegetation/20230724_riparianshrub20_m3m/LICH/tile_18093.png,4
arctic_vegetation/20230724_riparianshrub20_m3m/ALDE/tile_18094.png,0
arctic_vegetation/20230724_riparianshrub20_m3m/ALDE/tile_18095.png,0
arctic_vegetation/20230724_riparianshrub20_m3m/ALDE/tile_18096.png,0
arctic_vegetation/20230724_riparianshrub20_m3m/ALDE/tile_18097.png,0
arctic_vegetation/20230724_riparianshrub20_m3m/ALDE/tile_18098.png,0
arctic_vegetation/20230724_riparianshrub20_m3m/ALDE/tile_18099.png,0
arctic_vegetation/20230724_riparianshrub20_m3m/PETF/tile_18100.png,6
arctic_vegetation/20230724_riparianshrub20_m3m/ALDE/tile_18108.png,0
arctic_vegetation/20230724_riparianshrub20_m3m/ALDE/tile_18109.png,0
arctic_vegetation/20230724_riparianshrub20_m3m/ALDE/tile_18110.png,0
arctic_vegetation/20230724_riparianshrub20_m3m/WILL/tile_18111.png,11
arctic_vegetation/20230724_riparianshrub20_m3m/WILL/tile_18112.png,11
arctic_vegetation/20230724_riparianshrub20_m3m/BIRC/tile_18113.png,2
arctic_vegetation/20230724_riparianshrub20_m3m/BIRC/tile_18114.png,2
arctic_vegetation/20230724_riparianshrub20_m3m/BIRC/tile_18115.png,2
arctic_vegetation/20230724_riparianshrub20_m3m/BIRC/tile_18116.png,2
arctic_vegetation/20230724_riparianshrub20_m3m/BIRC/tile_18117.png,2
arctic_vegetation/20230724_riparianshrub20_m3m/WILL/tile_18118.png,11
arctic_vegetation/20230724_riparianshrub20_m3m/WILL/tile_18119.png,11
arctic_vegetation/20230724_riparianshrub20_m3m/WILL/tile_18120.png,11
arctic_vegetation/20230724_riparianshrub20_m3m/WILL/tile_18121.png,11
arctic_vegetation/20230724_riparianshrub20_m3m/WILL/tile_18122.png,11
arctic_vegetation/20230724_riparianshrub20_m3m/WILL/tile_18123.png,11
arctic_vegetation/20230724_riparianshrub20_m3m/WILL/tile_18124.png,11
arctic_vegetation/20230724_riparianshrub20_m3m/WILL/tile_18127.png,11
arctic_vegetation/20230724_riparianshrub20_m3m/WILL/tile_18128.png,11
arctic_vegetation/20230724_riparianshrub20_m3m/WILL/tile_18129.png,11
arctic_vegetation/20230724_riparianshrub20_m3m/WILL/tile_18130.png,11
arctic_vegetation/20230724_riparianshrub20_m3m/WILL/tile_18135.png,11
arctic_vegetation/20230724_riparianshrub20_m3m/WILL/tile_18136.png,11
arctic_vegetation/20230724_riparianshrub20_m3m/WILL/tile_18137.png,11
arctic_vegetation/20230724_riparianshrub20_m3m/WILL/tile_18138.png,11
arctic_vegetation/20230724_riparianshrub20_m3m/WILL/tile_18139.png,11
arctic_vegetation/20230724_riparianshrub20_m3m/WILL/tile_18140.png,11
arctic_vegetation/20230724_riparianshrub20_m3m/WILL/tile_18141.png,11
arctic_vegetation/20230724_riparianshrub20_m3m/WILL/tile_18142.png,11
arctic_vegetation/20230724_riparianshrub20_m3m/WILL/tile_18143.png,11
arctic_vegetation/20230724_riparianshrub20_m3m/WILL/tile_18144.png,11
arctic_vegetation/20230724_riparianshrub20_m3m/WILL/tile_18145.png,11
arctic_vegetation/20230724_riparianshrub20_m3m/WILL/tile_18146.png,11
arctic_vegetation/20230724_riparianshrub20_m3m/WILL/tile_18147.png,11
arctic_vegetation/20230724_riparianshrub20_m3m/WILL/tile_18148.png,11
arctic_vegetation/20230724_riparianshrub20_m3m/PETF/tile_18259.png,6
arctic_vegetation/20230724_riparianshrub20_m3m/MOSS/tile_18260.png,5
arctic_vegetation/20230724_riparianshrub20_m3m/MOSS/tile_18261.png,5
arctic_vegetation/20230724_riparianshrub20_m3m/MOSS/tile_18262.png,5
arctic_vegetation/20230724_riparianshrub20_m3m/MOSS/tile_18263.png,5
arctic_vegetation/20230724_riparianshrub20_m3m/MOSS/tile_18264.png,5
arctic_vegetation/20230724_riparianshrub20_m3m/MOSS/tile_18265.png,5
arctic_vegetation/20230724_riparianshrub20_m3m/PETF/tile_18267.png,6
arctic_vegetation/20230724_riparianshrub20_m3m/LICH/tile_18268.png,4
arctic_vegetation/20230724_riparianshrub20_m3m/LICH/tile_18269.png,4
arctic_vegetation/20230724_riparianshrub20_m3m/ALDE/tile_18270.png,0
arctic_vegetation/20230724_riparianshrub20_m3m/ALDE/tile_18271.png,0
arctic_vegetation/20230724_riparianshrub20_m3m/ALDE/tile_18272.png,0
arctic_vegetation/20230724_riparianshrub20_m3m/ALDE/tile_18273.png,0
arctic_vegetation/20230724_riparianshrub20_m3m/ALDE/tile_18274.png,0
arctic_vegetation/20230724_riparianshrub20_m3m/MOSS/tile_18275.png,5
arctic_vegetation/20230724_riparianshrub20_m3m/ALDE/tile_18283.png,0
arctic_vegetation/20230724_riparianshrub20_m3m/ALDE/tile_18284.png,0
arctic_vegetation/20230724_riparianshrub20_m3m/ALDE/tile_18285.png,0
arctic_vegetation/20230724_riparianshrub20_m3m/WILL/tile_18286.png,11
arctic_vegetation/20230724_riparianshrub20_m3m/WILL/tile_18287.png,11
arctic_vegetation/20230724_riparianshrub20_m3m/BIRC/tile_18289.png,2
arctic_vegetation/20230724_riparianshrub20_m3m/BIRC/tile_18290.png,2
arctic_vegetation/20230724_riparianshrub20_m3m/BIRC/tile_18291.png,2
arctic_vegetation/20230724_riparianshrub20_m3m/BIRC/tile_18292.png,2
arctic_vegetation/20230724_riparianshrub20_m3m/WILL/tile_18293.png,11
arctic_vegetation/20230724_riparianshrub20_m3m/WILL/tile_18294.png,11
arctic_vegetation/20230724_riparianshrub20_m3m/WILL/tile_18295.png,11
arctic_vegetation/20230724_riparianshrub20_m3m/WILL/tile_18296.png,11
arctic_vegetation/20230724_riparianshrub20_m3m/WILL/tile_18297.png,11
arctic_vegetation/20230724_riparianshrub20_m3m/WILL/tile_18298.png,11
arctic_vegetation/20230724_riparianshrub20_m3m/WILL/tile_18299.png,11
arctic_vegetation/20230724_riparianshrub20_m3m/WILL/tile_18302.png,11
arctic_vegetation/20230724_riparianshrub20_m3m/WILL/tile_18303.png,11
arctic_vegetation/20230724_riparianshrub20_m3m/WILL/tile_18304.png,11
arctic_vegetation/20230724_riparianshrub20_m3m/WILL/tile_18305.png,11
arctic_vegetation/20230724_riparianshrub20_m3m/WILL/tile_18311.png,11
arctic_vegetation/20230724_riparianshrub20_m3m/WILL/tile_18312.png,11
arctic_vegetation/20230724_riparianshrub20_m3m/WILL/tile_18313.png,11
arctic_vegetation/20230724_riparianshrub20_m3m/WILL/tile_18314.png,11
arctic_vegetation/20230724_riparianshrub20_m3m/WILL/tile_18315.png,11
arctic_vegetation/20230724_riparianshrub20_m3m/WILL/tile_18316.png,11
arctic_vegetation/20230724_riparianshrub20_m3m/WILL/tile_18317.png,11
arctic_vegetation/20230724_riparianshrub20_m3m/WILL/tile_18318.png,11
arctic_vegetation/20230724_riparianshrub20_m3m/WILL/tile_18319.png,11
arctic_vegetation/20230724_riparianshrub20_m3m/WILL/tile_18320.png,11
arctic_vegetation/20230724_riparianshrub20_m3m/WILL/tile_18321.png,11
arctic_vegetation/20230724_riparianshrub20_m3m/WILL/tile_18322.png,11
arctic_vegetation/20230724_riparianshrub20_m3m/WILL/tile_18323.png,11
arctic_vegetation/20230724_riparianshrub20_m3m/PETF/tile_18434.png,6
arctic_vegetation/20230724_riparianshrub20_m3m/MOSS/tile_18435.png,5
arctic_vegetation/20230724_riparianshrub20_m3m/MOSS/tile_18436.png,5
arctic_vegetation/20230724_riparianshrub20_m3m/MOSS/tile_18437.png,5
arctic_vegetation/20230724_riparianshrub20_m3m/MOSS/tile_18438.png,5
arctic_vegetation/20230724_riparianshrub20_m3m/MOSS/tile_18439.png,5
arctic_vegetation/20230724_riparianshrub20_m3m/PETF/tile_18442.png,6
arctic_vegetation/20230724_riparianshrub20_m3m/PETF/tile_18443.png,6
arctic_vegetation/20230724_riparianshrub20_m3m/MOSS/tile_18444.png,5
arctic_vegetation/20230724_riparianshrub20_m3m/MOSS/tile_18445.png,5
arctic_vegetation/20230724_riparianshrub20_m3m/MOSS/tile_18446.png,5
arctic_vegetation/20230724_riparianshrub20_m3m/MOSS/tile_18447.png,5
arctic_vegetation/20230724_riparianshrub20_m3m/BIRC/tile_18448.png,2
arctic_vegetation/20230724_riparianshrub20_m3m/BIRC/tile_18449.png,2
arctic_vegetation/20230724_riparianshrub20_m3m/MOSS/tile_18450.png,5
arctic_vegetation/20230724_riparianshrub20_m3m/ALDE/tile_18457.png,0
arctic_vegetation/20230724_riparianshrub20_m3m/ALDE/tile_18458.png,0
arctic_vegetation/20230724_riparianshrub20_m3m/ALDE/tile_18459.png,0
arctic_vegetation/20230724_riparianshrub20_m3m/ALDE/tile_18460.png,0
arctic_vegetation/20230724_riparianshrub20_m3m/WILL/tile_18461.png,11
arctic_vegetation/20230724_riparianshrub20_m3m/WILL/tile_18462.png,11
arctic_vegetation/20230724_riparianshrub20_m3m/WILL/tile_18463.png,11
arctic_vegetation/20230724_riparianshrub20_m3m/WILL/tile_18469.png,11
arctic_vegetation/20230724_riparianshrub20_m3m/WILL/tile_18470.png,11
arctic_vegetation/20230724_riparianshrub20_m3m/WILL/tile_18471.png,11
arctic_vegetation/20230724_riparianshrub20_m3m/WILL/tile_18472.png,11
arctic_vegetation/20230724_riparianshrub20_m3m/WILL/tile_18473.png,11
arctic_vegetation/20230724_riparianshrub20_m3m/WILL/tile_18474.png,11
arctic_vegetation/20230724_riparianshrub20_m3m/WILL/tile_18475.png,11
arctic_vegetation/20230724_riparianshrub20_m3m/WILL/tile_18477.png,11
arctic_vegetation/20230724_riparianshrub20_m3m/WILL/tile_18478.png,11
arctic_vegetation/20230724_riparianshrub20_m3m/WILL/tile_18479.png,11
arctic_vegetation/20230724_riparianshrub20_m3m/WILL/tile_18480.png,11
arctic_vegetation/20230724_riparianshrub20_m3m/WILL/tile_18486.png,11
arctic_vegetation/20230724_riparianshrub20_m3m/WILL/tile_18487.png,11
arctic_vegetation/20230724_riparianshrub20_m3m/WILL/tile_18488.png,11
arctic_vegetation/20230724_riparianshrub20_m3m/WILL/tile_18489.png,11
arctic_vegetation/20230724_riparianshrub20_m3m/WILL/tile_18490.png,11
arctic_vegetation/20230724_riparianshrub20_m3m/WILL/tile_18491.png,11
arctic_vegetation/20230724_riparianshrub20_m3m/WILL/tile_18492.png,11
arctic_vegetation/20230724_riparianshrub20_m3m/WILL/tile_18493.png,11
arctic_vegetation/20230724_riparianshrub20_m3m/WILL/tile_18494.png,11
arctic_vegetation/20230724_riparianshrub20_m3m/WILL/tile_18495.png,11
arctic_vegetation/20230724_riparianshrub20_m3m/WILL/tile_18496.png,11
arctic_vegetation/20230724_riparianshrub20_m3m/WILL/tile_18497.png,11
arctic_vegetation/20230724_riparianshrub20_m3m/WILL/tile_18498.png,11
arctic_vegetation/20230724_riparianshrub20_m3m/MOSS/tile_18611.png,5
arctic_vegetation/20230724_riparianshrub20_m3m/MOSS/tile_18612.png,5
arctic_vegetation/20230724_riparianshrub20_m3m/MOSS/tile_18613.png,5
arctic_vegetation/20230724_riparianshrub20_m3m/MOSS/tile_18614.png,5
arctic_vegetation/20230724_riparianshrub20_m3m/TUSS/tile_18615.png,10
arctic_vegetation/20230724_riparianshrub20_m3m/LICH/tile_18616.png,4
arctic_vegetation/20230724_riparianshrub20_m3m/LICH/tile_18617.png,4
arctic_vegetation/20230724_riparianshrub20_m3m/MOSS/tile_18618.png,5
arctic_vegetation/20230724_riparianshrub20_m3m/MOSS/tile_18619.png,5
arctic_vegetation/20230724_riparianshrub20_m3m/SEDG/tile_18620.png,9
arctic_vegetation/20230724_riparianshrub20_m3m/PETF/tile_18631.png,6
arctic_vegetation/20230724_riparianshrub20_m3m/ALDE/tile_18632.png,0
arctic_vegetation/20230724_riparianshrub20_m3m/ALDE/tile_18633.png,0
arctic_vegetation/20230724_riparianshrub20_m3m/ALDE/tile_18634.png,0
arctic_vegetation/20230724_riparianshrub20_m3m/ALDE/tile_18635.png,0
arctic_vegetation/20230724_riparianshrub20_m3m/ALDE/tile_18636.png,0
arctic_vegetation/20230724_riparianshrub20_m3m/ALDE/tile_18637.png,0
arctic_vegetation/20230724_riparianshrub20_m3m/ALDE/tile_18638.png,0
arctic_vegetation/20230724_riparianshrub20_m3m/ALDE/tile_18639.png,0
arctic_vegetation/20230724_riparianshrub20_m3m/WILL/tile_18644.png,11
arctic_vegetation/20230724_riparianshrub20_m3m/WILL/tile_18645.png,11
arctic_vegetation/20230724_riparianshrub20_m3m/WILL/tile_18646.png,11
arctic_vegetation/20230724_riparianshrub20_m3m/WILL/tile_18647.png,11
arctic_vegetation/20230724_riparianshrub20_m3m/WILL/tile_18648.png,11
arctic_vegetation/20230724_riparianshrub20_m3m/WILL/tile_18649.png,11
arctic_vegetation/20230724_riparianshrub20_m3m/WILL/tile_18650.png,11
arctic_vegetation/20230724_riparianshrub20_m3m/WILL/tile_18651.png,11
arctic_vegetation/20230724_riparianshrub20_m3m/WILL/tile_18652.png,11
arctic_vegetation/20230724_riparianshrub20_m3m/WILL/tile_18653.png,11
arctic_vegetation/20230724_riparianshrub20_m3m/WILL/tile_18654.png,11
arctic_vegetation/20230724_riparianshrub20_m3m/WILL/tile_18655.png,11
arctic_vegetation/20230724_riparianshrub20_m3m/WILL/tile_18656.png,11
arctic_vegetation/20230724_riparianshrub20_m3m/ALDE/tile_18663.png,0
arctic_vegetation/20230724_riparianshrub20_m3m/WILL/tile_18664.png,11
arctic_vegetation/20230724_riparianshrub20_m3m/WILL/tile_18665.png,11
arctic_vegetation/20230724_riparianshrub20_m3m/WILL/tile_18666.png,11
arctic_vegetation/20230724_riparianshrub20_m3m/WILL/tile_18667.png,11
arctic_vegetation/20230724_riparianshrub20_m3m/WILL/tile_18668.png,11
arctic_vegetation/20230724_riparianshrub20_m3m/WILL/tile_18669.png,11
arctic_vegetation/20230724_riparianshrub20_m3m/WILL/tile_18670.png,11
arctic_vegetation/20230724_riparianshrub20_m3m/WILL/tile_18671.png,11
arctic_vegetation/20230724_riparianshrub20_m3m/WILL/tile_18672.png,11
arctic_vegetation/20230724_riparianshrub20_m3m/WILL/tile_18673.png,11
arctic_vegetation/20230724_riparianshrub20_m3m/MOSS/tile_18786.png,5
arctic_vegetation/20230724_riparianshrub20_m3m/MOSS/tile_18787.png,5
arctic_vegetation/20230724_riparianshrub20_m3m/MOSS/tile_18788.png,5
arctic_vegetation/20230724_riparianshrub20_m3m/MOSS/tile_18789.png,5
arctic_vegetation/20230724_riparianshrub20_m3m/MOSS/tile_18790.png,5
arctic_vegetation/20230724_riparianshrub20_m3m/LICH/tile_18791.png,4
arctic_vegetation/20230724_riparianshrub20_m3m/LICH/tile_18792.png,4
arctic_vegetation/20230724_riparianshrub20_m3m/LICH/tile_18793.png,4
arctic_vegetation/20230724_riparianshrub20_m3m/MOSS/tile_18794.png,5
arctic_vegetation/20230724_riparianshrub20_m3m/MOSS/tile_18795.png,5
arctic_vegetation/20230724_riparianshrub20_m3m/ALDE/tile_18805.png,0
arctic_vegetation/20230724_riparianshrub20_m3m/ALDE/tile_18806.png,0
arctic_vegetation/20230724_riparianshrub20_m3m/ALDE/tile_18807.png,0
arctic_vegetation/20230724_riparianshrub20_m3m/ALDE/tile_18808.png,0
arctic_vegetation/20230724_riparianshrub20_m3m/ALDE/tile_18809.png,0
arctic_vegetation/20230724_riparianshrub20_m3m/ALDE/tile_18810.png,0
arctic_vegetation/20230724_riparianshrub20_m3m/ALDE/tile_18811.png,0
arctic_vegetation/20230724_riparianshrub20_m3m/ALDE/tile_18812.png,0
arctic_vegetation/20230724_riparianshrub20_m3m/ALDE/tile_18813.png,0
arctic_vegetation/20230724_riparianshrub20_m3m/ALDE/tile_18814.png,0
arctic_vegetation/20230724_riparianshrub20_m3m/WILL/tile_18819.png,11
arctic_vegetation/20230724_riparianshrub20_m3m/WILL/tile_18820.png,11
arctic_vegetation/20230724_riparianshrub20_m3m/WILL/tile_18821.png,11
arctic_vegetation/20230724_riparianshrub20_m3m/WILL/tile_18822.png,11
arctic_vegetation/20230724_riparianshrub20_m3m/WILL/tile_18823.png,11
arctic_vegetation/20230724_riparianshrub20_m3m/WILL/tile_18824.png,11
arctic_vegetation/20230724_riparianshrub20_m3m/WILL/tile_18825.png,11
arctic_vegetation/20230724_riparianshrub20_m3m/WILL/tile_18826.png,11
arctic_vegetation/20230724_riparianshrub20_m3m/WILL/tile_18827.png,11
arctic_vegetation/20230724_riparianshrub20_m3m/ALDE/tile_18828.png,0
arctic_vegetation/20230724_riparianshrub20_m3m/ALDE/tile_18829.png,0
arctic_vegetation/20230724_riparianshrub20_m3m/WILL/tile_18830.png,11
arctic_vegetation/20230724_riparianshrub20_m3m/WILL/tile_18831.png,11
arctic_vegetation/20230724_riparianshrub20_m3m/BIRC/tile_18834.png,2
arctic_vegetation/20230724_riparianshrub20_m3m/ALDE/tile_18835.png,0
arctic_vegetation/20230724_riparianshrub20_m3m/ALDE/tile_18836.png,0
arctic_vegetation/20230724_riparianshrub20_m3m/ALDE/tile_18837.png,0
arctic_vegetation/20230724_riparianshrub20_m3m/ALDE/tile_18838.png,0
arctic_vegetation/20230724_riparianshrub20_m3m/ALDE/tile_18839.png,0
arctic_vegetation/20230724_riparianshrub20_m3m/WILL/tile_18840.png,11
arctic_vegetation/20230724_riparianshrub20_m3m/WILL/tile_18841.png,11
arctic_vegetation/20230724_riparianshrub20_m3m/WILL/tile_18842.png,11
arctic_vegetation/20230724_riparianshrub20_m3m/WILL/tile_18843.png,11
arctic_vegetation/20230724_riparianshrub20_m3m/WILL/tile_18844.png,11
arctic_vegetation/20230724_riparianshrub20_m3m/WILL/tile_18845.png,11
arctic_vegetation/20230724_riparianshrub20_m3m/WILL/tile_18846.png,11
arctic_vegetation/20230724_riparianshrub20_m3m/WILL/tile_18847.png,11
arctic_vegetation/20230724_riparianshrub20_m3m/WILL/tile_18848.png,11
arctic_vegetation/20230724_riparianshrub20_m3m/MOSS/tile_18959.png,5
arctic_vegetation/20230724_riparianshrub20_m3m/MOSS/tile_18960.png,5
arctic_vegetation/20230724_riparianshrub20_m3m/MOSS/tile_18961.png,5
arctic_vegetation/20230724_riparianshrub20_m3m/MOSS/tile_18962.png,5
arctic_vegetation/20230724_riparianshrub20_m3m/MOSS/tile_18963.png,5
arctic_vegetation/20230724_riparianshrub20_m3m/MOSS/tile_18964.png,5
arctic_vegetation/20230724_riparianshrub20_m3m/MOSS/tile_18965.png,5
arctic_vegetation/20230724_riparianshrub20_m3m/LICH/tile_18966.png,4
arctic_vegetation/20230724_riparianshrub20_m3m/LICH/tile_18967.png,4
arctic_vegetation/20230724_riparianshrub20_m3m/MOSS/tile_18968.png,5
arctic_vegetation/20230724_riparianshrub20_m3m/MOSS/tile_18969.png,5
arctic_vegetation/20230724_riparianshrub20_m3m/MOSS/tile_18970.png,5
arctic_vegetation/20230724_riparianshrub20_m3m/ALDE/tile_18980.png,0
arctic_vegetation/20230724_riparianshrub20_m3m/ALDE/tile_18981.png,0
arctic_vegetation/20230724_riparianshrub20_m3m/ALDE/tile_18982.png,0
arctic_vegetation/20230724_riparianshrub20_m3m/ALDE/tile_18983.png,0
arctic_vegetation/20230724_riparianshrub20_m3m/ALDE/tile_18984.png,0
arctic_vegetation/20230724_riparianshrub20_m3m/ALDE/tile_18985.png,0
arctic_vegetation/20230724_riparianshrub20_m3m/ALDE/tile_18986.png,0
arctic_vegetation/20230724_riparianshrub20_m3m/ALDE/tile_18987.png,0
arctic_vegetation/20230724_riparianshrub20_m3m/ALDE/tile_18988.png,0
arctic_vegetation/20230724_riparianshrub20_m3m/ALDE/tile_18989.png,0
arctic_vegetation/20230724_riparianshrub20_m3m/ALDE/tile_18990.png,0
arctic_vegetation/20230724_riparianshrub20_m3m/WILL/tile_18991.png,11
arctic_vegetation/20230724_riparianshrub20_m3m/WILL/tile_18992.png,11
arctic_vegetation/20230724_riparianshrub20_m3m/WILL/tile_18993.png,11
arctic_vegetation/20230724_riparianshrub20_m3m/WILL/tile_18994.png,11
arctic_vegetation/20230724_riparianshrub20_m3m/WILL/tile_18995.png,11
arctic_vegetation/20230724_riparianshrub20_m3m/WILL/tile_18996.png,11
arctic_vegetation/20230724_riparianshrub20_m3m/WILL/tile_18997.png,11
arctic_vegetation/20230724_riparianshrub20_m3m/WILL/tile_18998.png,11
arctic_vegetation/20230724_riparianshrub20_m3m/WILL/tile_18999.png,11
arctic_vegetation/20230724_riparianshrub20_m3m/WILL/tile_19000.png,11
arctic_vegetation/20230724_riparianshrub20_m3m/WILL/tile_19001.png,11
arctic_vegetation/20230724_riparianshrub20_m3m/ALDE/tile_19002.png,0
arctic_vegetation/20230724_riparianshrub20_m3m/ALDE/tile_19003.png,0
arctic_vegetation/20230724_riparianshrub20_m3m/ALDE/tile_19004.png,0
arctic_vegetation/20230724_riparianshrub20_m3m/ALDE/tile_19005.png,0
arctic_vegetation/20230724_riparianshrub20_m3m/WILL/tile_19006.png,11
arctic_vegetation/20230724_riparianshrub20_m3m/BIRC/tile_19007.png,2
arctic_vegetation/20230724_riparianshrub20_m3m/BIRC/tile_19008.png,2
arctic_vegetation/20230724_riparianshrub20_m3m/BIRC/tile_19009.png,2
arctic_vegetation/20230724_riparianshrub20_m3m/ALDE/tile_19010.png,0
arctic_vegetation/20230724_riparianshrub20_m3m/ALDE/tile_19011.png,0
arctic_vegetation/20230724_riparianshrub20_m3m/ALDE/tile_19012.png,0
arctic_vegetation/20230724_riparianshrub20_m3m/ALDE/tile_19013.png,0
arctic_vegetation/20230724_riparianshrub20_m3m/ALDE/tile_19014.png,0
arctic_vegetation/20230724_riparianshrub20_m3m/ALDE/tile_19015.png,0
arctic_vegetation/20230724_riparianshrub20_m3m/WILL/tile_19016.png,11
arctic_vegetation/20230724_riparianshrub20_m3m/WILL/tile_19017.png,11
arctic_vegetation/20230724_riparianshrub20_m3m/WILL/tile_19018.png,11
arctic_vegetation/20230724_riparianshrub20_m3m/WILL/tile_19019.png,11
arctic_vegetation/20230724_riparianshrub20_m3m/WILL/tile_19020.png,11
arctic_vegetation/20230724_riparianshrub20_m3m/WILL/tile_19021.png,11
arctic_vegetation/20230724_riparianshrub20_m3m/WILL/tile_19022.png,11
arctic_vegetation/20230724_riparianshrub20_m3m/WILL/tile_19023.png,11
arctic_vegetation/20230724_riparianshrub20_m3m/MOSS/tile_19134.png,5
arctic_vegetation/20230724_riparianshrub20_m3m/MOSS/tile_19135.png,5
arctic_vegetation/20230724_riparianshrub20_m3m/MOSS/tile_19136.png,5
arctic_vegetation/20230724_riparianshrub20_m3m/MOSS/tile_19137.png,5
arctic_vegetation/20230724_riparianshrub20_m3m/MOSS/tile_19138.png,5
arctic_vegetation/20230724_riparianshrub20_m3m/MOSS/tile_19139.png,5
arctic_vegetation/20230724_riparianshrub20_m3m/MOSS/tile_19140.png,5
arctic_vegetation/20230724_riparianshrub20_m3m/SEDG/tile_19141.png,9
arctic_vegetation/20230724_riparianshrub20_m3m/MOSS/tile_19142.png,5
arctic_vegetation/20230724_riparianshrub20_m3m/MOSS/tile_19143.png,5
arctic_vegetation/20230724_riparianshrub20_m3m/MOSS/tile_19144.png,5
arctic_vegetation/20230724_riparianshrub20_m3m/MOSS/tile_19145.png,5
arctic_vegetation/20230724_riparianshrub20_m3m/ALDE/tile_19155.png,0
arctic_vegetation/20230724_riparianshrub20_m3m/ALDE/tile_19156.png,0
arctic_vegetation/20230724_riparianshrub20_m3m/ALDE/tile_19157.png,0
arctic_vegetation/20230724_riparianshrub20_m3m/ALDE/tile_19158.png,0
arctic_vegetation/20230724_riparianshrub20_m3m/ALDE/tile_19159.png,0
arctic_vegetation/20230724_riparianshrub20_m3m/ALDE/tile_19160.png,0
arctic_vegetation/20230724_riparianshrub20_m3m/ALDE/tile_19161.png,0
arctic_vegetation/20230724_riparianshrub20_m3m/ALDE/tile_19162.png,0
arctic_vegetation/20230724_riparianshrub20_m3m/ALDE/tile_19163.png,0
arctic_vegetation/20230724_riparianshrub20_m3m/ALDE/tile_19164.png,0
arctic_vegetation/20230724_riparianshrub20_m3m/ALDE/tile_19165.png,0
arctic_vegetation/20230724_riparianshrub20_m3m/ALDE/tile_19166.png,0
arctic_vegetation/20230724_riparianshrub20_m3m/WILL/tile_19167.png,11
arctic_vegetation/20230724_riparianshrub20_m3m/WILL/tile_19168.png,11
arctic_vegetation/20230724_riparianshrub20_m3m/WILL/tile_19169.png,11
arctic_vegetation/20230724_riparianshrub20_m3m/WILL/tile_19170.png,11
arctic_vegetation/20230724_riparianshrub20_m3m/WILL/tile_19171.png,11
arctic_vegetation/20230724_riparianshrub20_m3m/WILL/tile_19172.png,11
arctic_vegetation/20230724_riparianshrub20_m3m/WILL/tile_19173.png,11
arctic_vegetation/20230724_riparianshrub20_m3m/WILL/tile_19174.png,11
arctic_vegetation/20230724_riparianshrub20_m3m/ALDE/tile_19175.png,0
arctic_vegetation/20230724_riparianshrub20_m3m/ALDE/tile_19176.png,0
arctic_vegetation/20230724_riparianshrub20_m3m/ALDE/tile_19177.png,0
arctic_vegetation/20230724_riparianshrub20_m3m/ALDE/tile_19178.png,0
arctic_vegetation/20230724_riparianshrub20_m3m/ALDE/tile_19179.png,0
arctic_vegetation/20230724_riparianshrub20_m3m/ALDE/tile_19180.png,0
arctic_vegetation/20230724_riparianshrub20_m3m/ALDE/tile_19181.png,0
arctic_vegetation/20230724_riparianshrub20_m3m/BIRC/tile_19182.png,2
arctic_vegetation/20230724_riparianshrub20_m3m/BIRC/tile_19183.png,2
arctic_vegetation/20230724_riparianshrub20_m3m/BIRC/tile_19184.png,2
arctic_vegetation/20230724_riparianshrub20_m3m/ALDE/tile_19185.png,0
arctic_vegetation/20230724_riparianshrub20_m3m/ALDE/tile_19186.png,0
arctic_vegetation/20230724_riparianshrub20_m3m/ALDE/tile_19187.png,0
arctic_vegetation/20230724_riparianshrub20_m3m/ALDE/tile_19188.png,0
arctic_vegetation/20230724_riparianshrub20_m3m/ALDE/tile_19189.png,0
arctic_vegetation/20230724_riparianshrub20_m3m/ALDE/tile_19190.png,0
arctic_vegetation/20230724_riparianshrub20_m3m/WILL/tile_19191.png,11
arctic_vegetation/20230724_riparianshrub20_m3m/WILL/tile_19192.png,11
arctic_vegetation/20230724_riparianshrub20_m3m/WILL/tile_19193.png,11
arctic_vegetation/20230724_riparianshrub20_m3m/WILL/tile_19194.png,11
arctic_vegetation/20230724_riparianshrub20_m3m/WILL/tile_19195.png,11
arctic_vegetation/20230724_riparianshrub20_m3m/WILL/tile_19196.png,11
arctic_vegetation/20230724_riparianshrub20_m3m/WILL/tile_19197.png,11
arctic_vegetation/20230724_riparianshrub20_m3m/WILL/tile_19198.png,11
arctic_vegetation/20230724_riparianshrub20_m3m/MOSS/tile_19214.png,5
arctic_vegetation/20230724_riparianshrub20_m3m/MOSS/tile_19215.png,5
arctic_vegetation/20230724_riparianshrub20_m3m/MOSS/tile_19308.png,5
arctic_vegetation/20230724_riparianshrub20_m3m/MOSS/tile_19309.png,5
arctic_vegetation/20230724_riparianshrub20_m3m/MOSS/tile_19310.png,5
arctic_vegetation/20230724_riparianshrub20_m3m/MOSS/tile_19311.png,5
arctic_vegetation/20230724_riparianshrub20_m3m/MOSS/tile_19312.png,5
arctic_vegetation/20230724_riparianshrub20_m3m/MOSS/tile_19313.png,5
arctic_vegetation/20230724_riparianshrub20_m3m/SEDG/tile_19314.png,9
arctic_vegetation/20230724_riparianshrub20_m3m/SEDG/tile_19315.png,9
arctic_vegetation/20230724_riparianshrub20_m3m/SEDG/tile_19316.png,9
arctic_vegetation/20230724_riparianshrub20_m3m/MOSS/tile_19317.png,5
arctic_vegetation/20230724_riparianshrub20_m3m/MOSS/tile_19318.png,5
arctic_vegetation/20230724_riparianshrub20_m3m/MOSS/tile_19319.png,5
arctic_vegetation/20230724_riparianshrub20_m3m/MOSS/tile_19321.png,5
arctic_vegetation/20230724_riparianshrub20_m3m/MOSS/tile_19322.png,5
arctic_vegetation/20230724_riparianshrub20_m3m/MOSS/tile_19323.png,5
arctic_vegetation/20230724_riparianshrub20_m3m/PETF/tile_19324.png,6
arctic_vegetation/20230724_riparianshrub20_m3m/PETF/tile_19325.png,6
arctic_vegetation/20230724_riparianshrub20_m3m/PETF/tile_19326.png,6
arctic_vegetation/20230724_riparianshrub20_m3m/PETF/tile_19327.png,6
arctic_vegetation/20230724_riparianshrub20_m3m/MOSS/tile_19328.png,5
arctic_vegetation/20230724_riparianshrub20_m3m/ALDE/tile_19330.png,0
arctic_vegetation/20230724_riparianshrub20_m3m/ALDE/tile_19331.png,0
arctic_vegetation/20230724_riparianshrub20_m3m/ALDE/tile_19332.png,0
arctic_vegetation/20230724_riparianshrub20_m3m/ALDE/tile_19333.png,0
arctic_vegetation/20230724_riparianshrub20_m3m/ALDE/tile_19334.png,0
arctic_vegetation/20230724_riparianshrub20_m3m/ALDE/tile_19335.png,0
arctic_vegetation/20230724_riparianshrub20_m3m/ALDE/tile_19336.png,0
arctic_vegetation/20230724_riparianshrub20_m3m/ALDE/tile_19337.png,0
arctic_vegetation/20230724_riparianshrub20_m3m/ALDE/tile_19338.png,0
arctic_vegetation/20230724_riparianshrub20_m3m/ALDE/tile_19339.png,0
arctic_vegetation/20230724_riparianshrub20_m3m/ALDE/tile_19340.png,0
arctic_vegetation/20230724_riparianshrub20_m3m/ALDE/tile_19341.png,0
arctic_vegetation/20230724_riparianshrub20_m3m/WILL/tile_19342.png,11
arctic_vegetation/20230724_riparianshrub20_m3m/WILL/tile_19343.png,11
arctic_vegetation/20230724_riparianshrub20_m3m/WILL/tile_19344.png,11
arctic_vegetation/20230724_riparianshrub20_m3m/ALDE/tile_19345.png,0
arctic_vegetation/20230724_riparianshrub20_m3m/ALDE/tile_19346.png,0
arctic_vegetation/20230724_riparianshrub20_m3m/WILL/tile_19347.png,11
arctic_vegetation/20230724_riparianshrub20_m3m/WILL/tile_19348.png,11
arctic_vegetation/20230724_riparianshrub20_m3m/WILL/tile_19349.png,11
arctic_vegetation/20230724_riparianshrub20_m3m/ALDE/tile_19350.png,0
arctic_vegetation/20230724_riparianshrub20_m3m/ALDE/tile_19351.png,0
arctic_vegetation/20230724_riparianshrub20_m3m/WILL/tile_19352.png,11
arctic_vegetation/20230724_riparianshrub20_m3m/WILL/tile_19353.png,11
arctic_vegetation/20230724_riparianshrub20_m3m/WILL/tile_19354.png,11
arctic_vegetation/20230724_riparianshrub20_m3m/ALDE/tile_19355.png,0
arctic_vegetation/20230724_riparianshrub20_m3m/ALDE/tile_19356.png,0
arctic_vegetation/20230724_riparianshrub20_m3m/BIRC/tile_19357.png,2
arctic_vegetation/20230724_riparianshrub20_m3m/BIRC/tile_19358.png,2
arctic_vegetation/20230724_riparianshrub20_m3m/BIRC/tile_19359.png,2
arctic_vegetation/20230724_riparianshrub20_m3m/ALDE/tile_19360.png,0
arctic_vegetation/20230724_riparianshrub20_m3m/ALDE/tile_19361.png,0
arctic_vegetation/20230724_riparianshrub20_m3m/ALDE/tile_19362.png,0
arctic_vegetation/20230724_riparianshrub20_m3m/ALDE/tile_19363.png,0
arctic_vegetation/20230724_riparianshrub20_m3m/ALDE/tile_19364.png,0
arctic_vegetation/20230724_riparianshrub20_m3m/ALDE/tile_19365.png,0
arctic_vegetation/20230724_riparianshrub20_m3m/WILL/tile_19366.png,11
arctic_vegetation/20230724_riparianshrub20_m3m/WILL/tile_19367.png,11
arctic_vegetation/20230724_riparianshrub20_m3m/WILL/tile_19368.png,11
arctic_vegetation/20230724_riparianshrub20_m3m/WILL/tile_19369.png,11
arctic_vegetation/20230724_riparianshrub20_m3m/WILL/tile_19370.png,11
arctic_vegetation/20230724_riparianshrub20_m3m/WILL/tile_19371.png,11
arctic_vegetation/20230724_riparianshrub20_m3m/WILL/tile_19372.png,11
arctic_vegetation/20230724_riparianshrub20_m3m/WILL/tile_19373.png,11
arctic_vegetation/20230724_riparianshrub20_m3m/MOSS/tile_19389.png,5
arctic_vegetation/20230724_riparianshrub20_m3m/MOSS/tile_19390.png,5
arctic_vegetation/20230724_riparianshrub20_m3m/MOSS/tile_19391.png,5
arctic_vegetation/20230724_riparianshrub20_m3m/MOSS/tile_19483.png,5
arctic_vegetation/20230724_riparianshrub20_m3m/MOSS/tile_19484.png,5
arctic_vegetation/20230724_riparianshrub20_m3m/MOSS/tile_19485.png,5
arctic_vegetation/20230724_riparianshrub20_m3m/MOSS/tile_19486.png,5
arctic_vegetation/20230724_riparianshrub20_m3m/MOSS/tile_19487.png,5
arctic_vegetation/20230724_riparianshrub20_m3m/MOSS/tile_19488.png,5
arctic_vegetation/20230724_riparianshrub20_m3m/SEDG/tile_19489.png,9
arctic_vegetation/20230724_riparianshrub20_m3m/SEDG/tile_19490.png,9
arctic_vegetation/20230724_riparianshrub20_m3m/SEDG/tile_19491.png,9
arctic_vegetation/20230724_riparianshrub20_m3m/SEDG/tile_19492.png,9
arctic_vegetation/20230724_riparianshrub20_m3m/MOSS/tile_19493.png,5
arctic_vegetation/20230724_riparianshrub20_m3m/MOSS/tile_19494.png,5
arctic_vegetation/20230724_riparianshrub20_m3m/MOSS/tile_19496.png,5
arctic_vegetation/20230724_riparianshrub20_m3m/SEDG/tile_19497.png,9
arctic_vegetation/20230724_riparianshrub20_m3m/SEDG/tile_19498.png,9
arctic_vegetation/20230724_riparianshrub20_m3m/LICH/tile_19499.png,4
arctic_vegetation/20230724_riparianshrub20_m3m/LICH/tile_19500.png,4
arctic_vegetation/20230724_riparianshrub20_m3m/LICH/tile_19501.png,4
arctic_vegetation/20230724_riparianshrub20_m3m/LICH/tile_19502.png,4
arctic_vegetation/20230724_riparianshrub20_m3m/LICH/tile_19503.png,4
arctic_vegetation/20230724_riparianshrub20_m3m/ALDE/tile_19505.png,0
arctic_vegetation/20230724_riparianshrub20_m3m/ALDE/tile_19506.png,0
arctic_vegetation/20230724_riparianshrub20_m3m/ALDE/tile_19507.png,0
arctic_vegetation/20230724_riparianshrub20_m3m/ALDE/tile_19508.png,0
arctic_vegetation/20230724_riparianshrub20_m3m/ALDE/tile_19509.png,0
arctic_vegetation/20230724_riparianshrub20_m3m/ALDE/tile_19510.png,0
arctic_vegetation/20230724_riparianshrub20_m3m/ALDE/tile_19511.png,0
arctic_vegetation/20230724_riparianshrub20_m3m/ALDE/tile_19512.png,0
arctic_vegetation/20230724_riparianshrub20_m3m/ALDE/tile_19513.png,0
arctic_vegetation/20230724_riparianshrub20_m3m/ALDE/tile_19514.png,0
arctic_vegetation/20230724_riparianshrub20_m3m/ALDE/tile_19515.png,0
arctic_vegetation/20230724_riparianshrub20_m3m/ALDE/tile_19516.png,0
arctic_vegetation/20230724_riparianshrub20_m3m/WILL/tile_19517.png,11
arctic_vegetation/20230724_riparianshrub20_m3m/WILL/tile_19518.png,11
arctic_vegetation/20230724_riparianshrub20_m3m/WILL/tile_19519.png,11
arctic_vegetation/20230724_riparianshrub20_m3m/ALDE/tile_19520.png,0
arctic_vegetation/20230724_riparianshrub20_m3m/ALDE/tile_19521.png,0
arctic_vegetation/20230724_riparianshrub20_m3m/WILL/tile_19522.png,11
arctic_vegetation/20230724_riparianshrub20_m3m/WILL/tile_19523.png,11
arctic_vegetation/20230724_riparianshrub20_m3m/WILL/tile_19524.png,11
arctic_vegetation/20230724_riparianshrub20_m3m/WILL/tile_19525.png,11
arctic_vegetation/20230724_riparianshrub20_m3m/WILL/tile_19526.png,11
arctic_vegetation/20230724_riparianshrub20_m3m/WILL/tile_19527.png,11
arctic_vegetation/20230724_riparianshrub20_m3m/WILL/tile_19528.png,11
arctic_vegetation/20230724_riparianshrub20_m3m/WILL/tile_19529.png,11
arctic_vegetation/20230724_riparianshrub20_m3m/WILL/tile_19530.png,11
arctic_vegetation/20230724_riparianshrub20_m3m/ALDE/tile_19531.png,0
arctic_vegetation/20230724_riparianshrub20_m3m/BIRC/tile_19532.png,2
arctic_vegetation/20230724_riparianshrub20_m3m/BIRC/tile_19533.png,2
arctic_vegetation/20230724_riparianshrub20_m3m/BIRC/tile_19534.png,2
arctic_vegetation/20230724_riparianshrub20_m3m/BIRC/tile_19535.png,2
arctic_vegetation/20230724_riparianshrub20_m3m/ALDE/tile_19536.png,0
arctic_vegetation/20230724_riparianshrub20_m3m/ALDE/tile_19537.png,0
arctic_vegetation/20230724_riparianshrub20_m3m/ALDE/tile_19538.png,0
arctic_vegetation/20230724_riparianshrub20_m3m/ALDE/tile_19539.png,0
arctic_vegetation/20230724_riparianshrub20_m3m/ALDE/tile_19540.png,0
arctic_vegetation/20230724_riparianshrub20_m3m/WILL/tile_19541.png,11
arctic_vegetation/20230724_riparianshrub20_m3m/WILL/tile_19542.png,11
arctic_vegetation/20230724_riparianshrub20_m3m/WILL/tile_19543.png,11
arctic_vegetation/20230724_riparianshrub20_m3m/WILL/tile_19544.png,11
arctic_vegetation/20230724_riparianshrub20_m3m/WILL/tile_19545.png,11
arctic_vegetation/20230724_riparianshrub20_m3m/WILL/tile_19546.png,11
arctic_vegetation/20230724_riparianshrub20_m3m/WILL/tile_19547.png,11
arctic_vegetation/20230724_riparianshrub20_m3m/WILL/tile_19548.png,11
arctic_vegetation/20230724_riparianshrub20_m3m/MOSS/tile_19563.png,5
arctic_vegetation/20230724_riparianshrub20_m3m/MOSS/tile_19564.png,5
arctic_vegetation/20230724_riparianshrub20_m3m/MOSS/tile_19565.png,5
arctic_vegetation/20230724_riparianshrub20_m3m/MOSS/tile_19566.png,5
arctic_vegetation/20230724_riparianshrub20_m3m/MOSS/tile_19658.png,5
arctic_vegetation/20230724_riparianshrub20_m3m/MOSS/tile_19659.png,5
arctic_vegetation/20230724_riparianshrub20_m3m/MOSS/tile_19660.png,5
arctic_vegetation/20230724_riparianshrub20_m3m/MOSS/tile_19661.png,5
arctic_vegetation/20230724_riparianshrub20_m3m/MOSS/tile_19662.png,5
arctic_vegetation/20230724_riparianshrub20_m3m/MOSS/tile_19663.png,5
arctic_vegetation/20230724_riparianshrub20_m3m/SEDG/tile_19664.png,9
arctic_vegetation/20230724_riparianshrub20_m3m/SEDG/tile_19665.png,9
arctic_vegetation/20230724_riparianshrub20_m3m/SEDG/tile_19666.png,9
arctic_vegetation/20230724_riparianshrub20_m3m/SEDG/tile_19667.png,9
arctic_vegetation/20230724_riparianshrub20_m3m/SEDG/tile_19668.png,9
arctic_vegetation/20230724_riparianshrub20_m3m/SEDG/tile_19669.png,9
arctic_vegetation/20230724_riparianshrub20_m3m/SEDG/tile_19670.png,9
arctic_vegetation/20230724_riparianshrub20_m3m/LICH/tile_19671.png,4
arctic_vegetation/20230724_riparianshrub20_m3m/SEDG/tile_19672.png,9
arctic_vegetation/20230724_riparianshrub20_m3m/SEDG/tile_19673.png,9
arctic_vegetation/20230724_riparianshrub20_m3m/LICH/tile_19674.png,4
arctic_vegetation/20230724_riparianshrub20_m3m/LICH/tile_19675.png,4
arctic_vegetation/20230724_riparianshrub20_m3m/LICH/tile_19676.png,4
arctic_vegetation/20230724_riparianshrub20_m3m/LICH/tile_19677.png,4
arctic_vegetation/20230724_riparianshrub20_m3m/LICH/tile_19678.png,4
arctic_vegetation/20230724_riparianshrub20_m3m/ALDE/tile_19680.png,0
arctic_vegetation/20230724_riparianshrub20_m3m/ALDE/tile_19681.png,0
arctic_vegetation/20230724_riparianshrub20_m3m/ALDE/tile_19682.png,0
arctic_vegetation/20230724_riparianshrub20_m3m/ALDE/tile_19683.png,0
arctic_vegetation/20230724_riparianshrub20_m3m/ALDE/tile_19684.png,0
arctic_vegetation/20230724_riparianshrub20_m3m/ALDE/tile_19685.png,0
arctic_vegetation/20230724_riparianshrub20_m3m/ALDE/tile_19686.png,0
arctic_vegetation/20230724_riparianshrub20_m3m/ALDE/tile_19687.png,0
arctic_vegetation/20230724_riparianshrub20_m3m/ALDE/tile_19688.png,0
arctic_vegetation/20230724_riparianshrub20_m3m/ALDE/tile_19689.png,0
arctic_vegetation/20230724_riparianshrub20_m3m/ALDE/tile_19690.png,0
arctic_vegetation/20230724_riparianshrub20_m3m/ALDE/tile_19691.png,0
arctic_vegetation/20230724_riparianshrub20_m3m/WILL/tile_19692.png,11
arctic_vegetation/20230724_riparianshrub20_m3m/WILL/tile_19693.png,11
arctic_vegetation/20230724_riparianshrub20_m3m/WILL/tile_19694.png,11
arctic_vegetation/20230724_riparianshrub20_m3m/WILL/tile_19695.png,11
arctic_vegetation/20230724_riparianshrub20_m3m/WILL/tile_19696.png,11
arctic_vegetation/20230724_riparianshrub20_m3m/WILL/tile_19697.png,11
arctic_vegetation/20230724_riparianshrub20_m3m/WILL/tile_19698.png,11
arctic_vegetation/20230724_riparianshrub20_m3m/WILL/tile_19699.png,11
arctic_vegetation/20230724_riparianshrub20_m3m/WILL/tile_19700.png,11
arctic_vegetation/20230724_riparianshrub20_m3m/WILL/tile_19701.png,11
arctic_vegetation/20230724_riparianshrub20_m3m/WILL/tile_19702.png,11
arctic_vegetation/20230724_riparianshrub20_m3m/WILL/tile_19703.png,11
arctic_vegetation/20230724_riparianshrub20_m3m/WILL/tile_19704.png,11
arctic_vegetation/20230724_riparianshrub20_m3m/WILL/tile_19705.png,11
arctic_vegetation/20230724_riparianshrub20_m3m/WILL/tile_19706.png,11
arctic_vegetation/20230724_riparianshrub20_m3m/BIRC/tile_19707.png,2
arctic_vegetation/20230724_riparianshrub20_m3m/BIRC/tile_19708.png,2
arctic_vegetation/20230724_riparianshrub20_m3m/BIRC/tile_19709.png,2
arctic_vegetation/20230724_riparianshrub20_m3m/BIRC/tile_19710.png,2
arctic_vegetation/20230724_riparianshrub20_m3m/WILL/tile_19711.png,11
arctic_vegetation/20230724_riparianshrub20_m3m/WILL/tile_19712.png,11
arctic_vegetation/20230724_riparianshrub20_m3m/ALDE/tile_19713.png,0
arctic_vegetation/20230724_riparianshrub20_m3m/ALDE/tile_19714.png,0
arctic_vegetation/20230724_riparianshrub20_m3m/WILL/tile_19715.png,11
arctic_vegetation/20230724_riparianshrub20_m3m/WILL/tile_19716.png,11
arctic_vegetation/20230724_riparianshrub20_m3m/WILL/tile_19717.png,11
arctic_vegetation/20230724_riparianshrub20_m3m/WILL/tile_19718.png,11
arctic_vegetation/20230724_riparianshrub20_m3m/WILL/tile_19719.png,11
arctic_vegetation/20230724_riparianshrub20_m3m/WILL/tile_19720.png,11
arctic_vegetation/20230724_riparianshrub20_m3m/WILL/tile_19721.png,11
arctic_vegetation/20230724_riparianshrub20_m3m/WILL/tile_19722.png,11
arctic_vegetation/20230724_riparianshrub20_m3m/WILL/tile_19723.png,11
arctic_vegetation/20230724_riparianshrub20_m3m/MOSS/tile_19738.png,5
arctic_vegetation/20230724_riparianshrub20_m3m/MOSS/tile_19739.png,5
arctic_vegetation/20230724_riparianshrub20_m3m/MOSS/tile_19740.png,5
arctic_vegetation/20230724_riparianshrub20_m3m/MOSS/tile_19741.png,5
arctic_vegetation/20230724_riparianshrub20_m3m/ALDE/tile_19833.png,0
arctic_vegetation/20230724_riparianshrub20_m3m/ALDE/tile_19834.png,0
arctic_vegetation/20230724_riparianshrub20_m3m/MOSS/tile_19836.png,5
arctic_vegetation/20230724_riparianshrub20_m3m/MOSS/tile_19837.png,5
arctic_vegetation/20230724_riparianshrub20_m3m/MOSS/tile_19838.png,5
arctic_vegetation/20230724_riparianshrub20_m3m/MOSS/tile_19839.png,5
arctic_vegetation/20230724_riparianshrub20_m3m/SEDG/tile_19840.png,9
arctic_vegetation/20230724_riparianshrub20_m3m/SEDG/tile_19841.png,9
arctic_vegetation/20230724_riparianshrub20_m3m/SEDG/tile_19842.png,9
arctic_vegetation/20230724_riparianshrub20_m3m/SEDG/tile_19843.png,9
arctic_vegetation/20230724_riparianshrub20_m3m/SEDG/tile_19844.png,9
arctic_vegetation/20230724_riparianshrub20_m3m/SEDG/tile_19845.png,9
arctic_vegetation/20230724_riparianshrub20_m3m/LICH/tile_19846.png,4
arctic_vegetation/20230724_riparianshrub20_m3m/SEDG/tile_19847.png,9
arctic_vegetation/20230724_riparianshrub20_m3m/SEDG/tile_19848.png,9
arctic_vegetation/20230724_riparianshrub20_m3m/LICH/tile_19849.png,4
arctic_vegetation/20230724_riparianshrub20_m3m/LICH/tile_19850.png,4
arctic_vegetation/20230724_riparianshrub20_m3m/LICH/tile_19851.png,4
arctic_vegetation/20230724_riparianshrub20_m3m/LICH/tile_19852.png,4
arctic_vegetation/20230724_riparianshrub20_m3m/LICH/tile_19853.png,4
arctic_vegetation/20230724_riparianshrub20_m3m/ALDE/tile_19856.png,0
arctic_vegetation/20230724_riparianshrub20_m3m/ALDE/tile_19857.png,0
arctic_vegetation/20230724_riparianshrub20_m3m/ALDE/tile_19858.png,0
arctic_vegetation/20230724_riparianshrub20_m3m/ALDE/tile_19859.png,0
arctic_vegetation/20230724_riparianshrub20_m3m/ALDE/tile_19860.png,0
arctic_vegetation/20230724_riparianshrub20_m3m/ALDE/tile_19861.png,0
arctic_vegetation/20230724_riparianshrub20_m3m/ALDE/tile_19862.png,0
arctic_vegetation/20230724_riparianshrub20_m3m/ALDE/tile_19863.png,0
arctic_vegetation/20230724_riparianshrub20_m3m/ALDE/tile_19864.png,0
arctic_vegetation/20230724_riparianshrub20_m3m/ALDE/tile_19865.png,0
arctic_vegetation/20230724_riparianshrub20_m3m/ALDE/tile_19866.png,0
arctic_vegetation/20230724_riparianshrub20_m3m/WILL/tile_19867.png,11
arctic_vegetation/20230724_riparianshrub20_m3m/WILL/tile_19868.png,11
arctic_vegetation/20230724_riparianshrub20_m3m/WILL/tile_19869.png,11
arctic_vegetation/20230724_riparianshrub20_m3m/WILL/tile_19870.png,11
arctic_vegetation/20230724_riparianshrub20_m3m/WILL/tile_19871.png,11
arctic_vegetation/20230724_riparianshrub20_m3m/WILL/tile_19872.png,11
arctic_vegetation/20230724_riparianshrub20_m3m/WILL/tile_19873.png,11
arctic_vegetation/20230724_riparianshrub20_m3m/WILL/tile_19874.png,11
arctic_vegetation/20230724_riparianshrub20_m3m/WILL/tile_19875.png,11
arctic_vegetation/20230724_riparianshrub20_m3m/WILL/tile_19876.png,11
arctic_vegetation/20230724_riparianshrub20_m3m/WILL/tile_19877.png,11
arctic_vegetation/20230724_riparianshrub20_m3m/WILL/tile_19878.png,11
arctic_vegetation/20230724_riparianshrub20_m3m/WILL/tile_19879.png,11
arctic_vegetation/20230724_riparianshrub20_m3m/WILL/tile_19880.png,11
arctic_vegetation/20230724_riparianshrub20_m3m/WILL/tile_19881.png,11
arctic_vegetation/20230724_riparianshrub20_m3m/WILL/tile_19882.png,11
arctic_vegetation/20230724_riparianshrub20_m3m/BIRC/tile_19883.png,2
arctic_vegetation/20230724_riparianshrub20_m3m/BIRC/tile_19884.png,2
arctic_vegetation/20230724_riparianshrub20_m3m/BIRC/tile_19885.png,2
arctic_vegetation/20230724_riparianshrub20_m3m/BIRC/tile_19886.png,2
arctic_vegetation/20230724_riparianshrub20_m3m/WILL/tile_19888.png,11
arctic_vegetation/20230724_riparianshrub20_m3m/WILL/tile_19889.png,11
arctic_vegetation/20230724_riparianshrub20_m3m/WILL/tile_19890.png,11
arctic_vegetation/20230724_riparianshrub20_m3m/WILL/tile_19891.png,11
arctic_vegetation/20230724_riparianshrub20_m3m/WILL/tile_19892.png,11
arctic_vegetation/20230724_riparianshrub20_m3m/WILL/tile_19893.png,11
arctic_vegetation/20230724_riparianshrub20_m3m/WILL/tile_19894.png,11
arctic_vegetation/20230724_riparianshrub20_m3m/WILL/tile_19895.png,11
arctic_vegetation/20230724_riparianshrub20_m3m/WILL/tile_19896.png,11
arctic_vegetation/20230724_riparianshrub20_m3m/WILL/tile_19897.png,11
arctic_vegetation/20230724_riparianshrub20_m3m/WILL/tile_19898.png,11
arctic_vegetation/20230724_riparianshrub20_m3m/MOSS/tile_19914.png,5
arctic_vegetation/20230724_riparianshrub20_m3m/MOSS/tile_19915.png,5
arctic_vegetation/20230724_riparianshrub20_m3m/ALDE/tile_20008.png,0
arctic_vegetation/20230724_riparianshrub20_m3m/ALDE/tile_20009.png,0
arctic_vegetation/20230724_riparianshrub20_m3m/ALDE/tile_20010.png,0
arctic_vegetation/20230724_riparianshrub20_m3m/MOSS/tile_20011.png,5
arctic_vegetation/20230724_riparianshrub20_m3m/MOSS/tile_20012.png,5
arctic_vegetation/20230724_riparianshrub20_m3m/MOSS/tile_20013.png,5
arctic_vegetation/20230724_riparianshrub20_m3m/MOSS/tile_20014.png,5
arctic_vegetation/20230724_riparianshrub20_m3m/SEDG/tile_20015.png,9
arctic_vegetation/20230724_riparianshrub20_m3m/SEDG/tile_20016.png,9
arctic_vegetation/20230724_riparianshrub20_m3m/SEDG/tile_20017.png,9
arctic_vegetation/20230724_riparianshrub20_m3m/SEDG/tile_20018.png,9
arctic_vegetation/20230724_riparianshrub20_m3m/SEDG/tile_20019.png,9
arctic_vegetation/20230724_riparianshrub20_m3m/SEDG/tile_20020.png,9
arctic_vegetation/20230724_riparianshrub20_m3m/LICH/tile_20021.png,4
arctic_vegetation/20230724_riparianshrub20_m3m/LICH/tile_20022.png,4
arctic_vegetation/20230724_riparianshrub20_m3m/LICH/tile_20023.png,4
arctic_vegetation/20230724_riparianshrub20_m3m/SEDG/tile_20024.png,9
arctic_vegetation/20230724_riparianshrub20_m3m/LICH/tile_20025.png,4
arctic_vegetation/20230724_riparianshrub20_m3m/LICH/tile_20026.png,4
arctic_vegetation/20230724_riparianshrub20_m3m/LICH/tile_20027.png,4
arctic_vegetation/20230724_riparianshrub20_m3m/LICH/tile_20028.png,4
arctic_vegetation/20230724_riparianshrub20_m3m/LICH/tile_20029.png,4
arctic_vegetation/20230724_riparianshrub20_m3m/ALDE/tile_20031.png,0
arctic_vegetation/20230724_riparianshrub20_m3m/ALDE/tile_20032.png,0
arctic_vegetation/20230724_riparianshrub20_m3m/ALDE/tile_20033.png,0
arctic_vegetation/20230724_riparianshrub20_m3m/ALDE/tile_20034.png,0
arctic_vegetation/20230724_riparianshrub20_m3m/ALDE/tile_20035.png,0
arctic_vegetation/20230724_riparianshrub20_m3m/ALDE/tile_20036.png,0
arctic_vegetation/20230724_riparianshrub20_m3m/ALDE/tile_20037.png,0
arctic_vegetation/20230724_riparianshrub20_m3m/ALDE/tile_20038.png,0
arctic_vegetation/20230724_riparianshrub20_m3m/ALDE/tile_20039.png,0
arctic_vegetation/20230724_riparianshrub20_m3m/ALDE/tile_20040.png,0
arctic_vegetation/20230724_riparianshrub20_m3m/ALDE/tile_20041.png,0
arctic_vegetation/20230724_riparianshrub20_m3m/WILL/tile_20042.png,11
arctic_vegetation/20230724_riparianshrub20_m3m/WILL/tile_20043.png,11
arctic_vegetation/20230724_riparianshrub20_m3m/WILL/tile_20044.png,11
arctic_vegetation/20230724_riparianshrub20_m3m/WILL/tile_20045.png,11
arctic_vegetation/20230724_riparianshrub20_m3m/WILL/tile_20046.png,11
arctic_vegetation/20230724_riparianshrub20_m3m/WILL/tile_20047.png,11
arctic_vegetation/20230724_riparianshrub20_m3m/WILL/tile_20048.png,11
arctic_vegetation/20230724_riparianshrub20_m3m/WILL/tile_20049.png,11
arctic_vegetation/20230724_riparianshrub20_m3m/WILL/tile_20050.png,11
arctic_vegetation/20230724_riparianshrub20_m3m/WILL/tile_20051.png,11
arctic_vegetation/20230724_riparianshrub20_m3m/WILL/tile_20052.png,11
arctic_vegetation/20230724_riparianshrub20_m3m/WILL/tile_20053.png,11
arctic_vegetation/20230724_riparianshrub20_m3m/WILL/tile_20054.png,11
arctic_vegetation/20230724_riparianshrub20_m3m/WILL/tile_20055.png,11
arctic_vegetation/20230724_riparianshrub20_m3m/WILL/tile_20056.png,11
arctic_vegetation/20230724_riparianshrub20_m3m/WILL/tile_20057.png,11
arctic_vegetation/20230724_riparianshrub20_m3m/WILL/tile_20058.png,11
arctic_vegetation/20230724_riparianshrub20_m3m/WILL/tile_20059.png,11
arctic_vegetation/20230724_riparianshrub20_m3m/WILL/tile_20060.png,11
arctic_vegetation/20230724_riparianshrub20_m3m/BIRC/tile_20061.png,2
arctic_vegetation/20230724_riparianshrub20_m3m/BIRC/tile_20062.png,2
arctic_vegetation/20230724_riparianshrub20_m3m/BIRC/tile_20063.png,2
arctic_vegetation/20230724_riparianshrub20_m3m/WILL/tile_20064.png,11
arctic_vegetation/20230724_riparianshrub20_m3m/WILL/tile_20065.png,11
arctic_vegetation/20230724_riparianshrub20_m3m/WILL/tile_20066.png,11
arctic_vegetation/20230724_riparianshrub20_m3m/WILL/tile_20067.png,11
arctic_vegetation/20230724_riparianshrub20_m3m/WILL/tile_20068.png,11
arctic_vegetation/20230724_riparianshrub20_m3m/WILL/tile_20069.png,11
arctic_vegetation/20230724_riparianshrub20_m3m/WILL/tile_20070.png,11
arctic_vegetation/20230724_riparianshrub20_m3m/WILL/tile_20071.png,11
arctic_vegetation/20230724_riparianshrub20_m3m/WILL/tile_20072.png,11
arctic_vegetation/20230724_riparianshrub20_m3m/ALDE/tile_20183.png,0
arctic_vegetation/20230724_riparianshrub20_m3m/ALDE/tile_20184.png,0
arctic_vegetation/20230724_riparianshrub20_m3m/ALDE/tile_20185.png,0
arctic_vegetation/20230724_riparianshrub20_m3m/MOSS/tile_20186.png,5
arctic_vegetation/20230724_riparianshrub20_m3m/MOSS/tile_20187.png,5
arctic_vegetation/20230724_riparianshrub20_m3m/MOSS/tile_20188.png,5
arctic_vegetation/20230724_riparianshrub20_m3m/MOSS/tile_20189.png,5
arctic_vegetation/20230724_riparianshrub20_m3m/SEDG/tile_20190.png,9
arctic_vegetation/20230724_riparianshrub20_m3m/SEDG/tile_20191.png,9
arctic_vegetation/20230724_riparianshrub20_m3m/SEDG/tile_20192.png,9
arctic_vegetation/20230724_riparianshrub20_m3m/SEDG/tile_20193.png,9
arctic_vegetation/20230724_riparianshrub20_m3m/SEDG/tile_20194.png,9
arctic_vegetation/20230724_riparianshrub20_m3m/SEDG/tile_20195.png,9
arctic_vegetation/20230724_riparianshrub20_m3m/SEDG/tile_20196.png,9
arctic_vegetation/20230724_riparianshrub20_m3m/LICH/tile_20197.png,4
arctic_vegetation/20230724_riparianshrub20_m3m/LICH/tile_20198.png,4
arctic_vegetation/20230724_riparianshrub20_m3m/SEDG/tile_20199.png,9
arctic_vegetation/20230724_riparianshrub20_m3m/SEDG/tile_20200.png,9
arctic_vegetation/20230724_riparianshrub20_m3m/LICH/tile_20201.png,4
arctic_vegetation/20230724_riparianshrub20_m3m/LICH/tile_20202.png,4
arctic_vegetation/20230724_riparianshrub20_m3m/LICH/tile_20203.png,4
arctic_vegetation/20230724_riparianshrub20_m3m/LICH/tile_20204.png,4
arctic_vegetation/20230724_riparianshrub20_m3m/LICH/tile_20205.png,4
arctic_vegetation/20230724_riparianshrub20_m3m/ALDE/tile_20206.png,0
arctic_vegetation/20230724_riparianshrub20_m3m/ALDE/tile_20207.png,0
arctic_vegetation/20230724_riparianshrub20_m3m/ALDE/tile_20208.png,0
arctic_vegetation/20230724_riparianshrub20_m3m/ALDE/tile_20209.png,0
arctic_vegetation/20230724_riparianshrub20_m3m/ALDE/tile_20210.png,0
arctic_vegetation/20230724_riparianshrub20_m3m/ALDE/tile_20211.png,0
arctic_vegetation/20230724_riparianshrub20_m3m/ALDE/tile_20212.png,0
arctic_vegetation/20230724_riparianshrub20_m3m/ALDE/tile_20213.png,0
arctic_vegetation/20230724_riparianshrub20_m3m/ALDE/tile_20214.png,0
arctic_vegetation/20230724_riparianshrub20_m3m/ALDE/tile_20215.png,0
arctic_vegetation/20230724_riparianshrub20_m3m/BIRC/tile_20216.png,2
arctic_vegetation/20230724_riparianshrub20_m3m/WILL/tile_20217.png,11
arctic_vegetation/20230724_riparianshrub20_m3m/WILL/tile_20218.png,11
arctic_vegetation/20230724_riparianshrub20_m3m/WILL/tile_20219.png,11
arctic_vegetation/20230724_riparianshrub20_m3m/WILL/tile_20220.png,11
arctic_vegetation/20230724_riparianshrub20_m3m/WILL/tile_20221.png,11
arctic_vegetation/20230724_riparianshrub20_m3m/WILL/tile_20222.png,11
arctic_vegetation/20230724_riparianshrub20_m3m/WILL/tile_20223.png,11
arctic_vegetation/20230724_riparianshrub20_m3m/WILL/tile_20224.png,11
arctic_vegetation/20230724_riparianshrub20_m3m/WILL/tile_20225.png,11
arctic_vegetation/20230724_riparianshrub20_m3m/WILL/tile_20226.png,11
arctic_vegetation/20230724_riparianshrub20_m3m/WILL/tile_20227.png,11
arctic_vegetation/20230724_riparianshrub20_m3m/WILL/tile_20228.png,11
arctic_vegetation/20230724_riparianshrub20_m3m/WILL/tile_20229.png,11
arctic_vegetation/20230724_riparianshrub20_m3m/WILL/tile_20230.png,11
arctic_vegetation/20230724_riparianshrub20_m3m/WILL/tile_20231.png,11
arctic_vegetation/20230724_riparianshrub20_m3m/WILL/tile_20232.png,11
arctic_vegetation/20230724_riparianshrub20_m3m/WILL/tile_20233.png,11
arctic_vegetation/20230724_riparianshrub20_m3m/WILL/tile_20234.png,11
arctic_vegetation/20230724_riparianshrub20_m3m/WILL/tile_20235.png,11
arctic_vegetation/20230724_riparianshrub20_m3m/WILL/tile_20236.png,11
arctic_vegetation/20230724_riparianshrub20_m3m/BIRC/tile_20237.png,2
arctic_vegetation/20230724_riparianshrub20_m3m/BIRC/tile_20238.png,2
arctic_vegetation/20230724_riparianshrub20_m3m/BIRC/tile_20239.png,2
arctic_vegetation/20230724_riparianshrub20_m3m/BIRC/tile_20240.png,2
arctic_vegetation/20230724_riparianshrub20_m3m/BIRC/tile_20241.png,2
arctic_vegetation/20230724_riparianshrub20_m3m/WILL/tile_20242.png,11
arctic_vegetation/20230724_riparianshrub20_m3m/WILL/tile_20243.png,11
arctic_vegetation/20230724_riparianshrub20_m3m/WILL/tile_20244.png,11
arctic_vegetation/20230724_riparianshrub20_m3m/BIRC/tile_20245.png,2
arctic_vegetation/20230724_riparianshrub20_m3m/BIRC/tile_20246.png,2
arctic_vegetation/20230724_riparianshrub20_m3m/BIRC/tile_20247.png,2
arctic_vegetation/20230724_riparianshrub20_m3m/BIRC/tile_20248.png,2
arctic_vegetation/20230724_riparianshrub20_m3m/ALDE/tile_20358.png,0
arctic_vegetation/20230724_riparianshrub20_m3m/ALDE/tile_20359.png,0
arctic_vegetation/20230724_riparianshrub20_m3m/ALDE/tile_20360.png,0
arctic_vegetation/20230724_riparianshrub20_m3m/MOSS/tile_20361.png,5
arctic_vegetation/20230724_riparianshrub20_m3m/MOSS/tile_20362.png,5
arctic_vegetation/20230724_riparianshrub20_m3m/MOSS/tile_20363.png,5
arctic_vegetation/20230724_riparianshrub20_m3m/SEDG/tile_20364.png,9
arctic_vegetation/20230724_riparianshrub20_m3m/SEDG/tile_20365.png,9
arctic_vegetation/20230724_riparianshrub20_m3m/SEDG/tile_20366.png,9
arctic_vegetation/20230724_riparianshrub20_m3m/SEDG/tile_20367.png,9
arctic_vegetation/20230724_riparianshrub20_m3m/SEDG/tile_20368.png,9
arctic_vegetation/20230724_riparianshrub20_m3m/SEDG/tile_20369.png,9
arctic_vegetation/20230724_riparianshrub20_m3m/SEDG/tile_20370.png,9
arctic_vegetation/20230724_riparianshrub20_m3m/SEDG/tile_20371.png,9
arctic_vegetation/20230724_riparianshrub20_m3m/LICH/tile_20372.png,4
arctic_vegetation/20230724_riparianshrub20_m3m/MOSS/tile_20373.png,5
arctic_vegetation/20230724_riparianshrub20_m3m/MOSS/tile_20374.png,5
arctic_vegetation/20230724_riparianshrub20_m3m/MOSS/tile_20375.png,5
arctic_vegetation/20230724_riparianshrub20_m3m/LICH/tile_20376.png,4
arctic_vegetation/20230724_riparianshrub20_m3m/LICH/tile_20377.png,4
arctic_vegetation/20230724_riparianshrub20_m3m/LICH/tile_20378.png,4
arctic_vegetation/20230724_riparianshrub20_m3m/LICH/tile_20379.png,4
arctic_vegetation/20230724_riparianshrub20_m3m/LICH/tile_20380.png,4
arctic_vegetation/20230724_riparianshrub20_m3m/ALDE/tile_20381.png,0
arctic_vegetation/20230724_riparianshrub20_m3m/ALDE/tile_20382.png,0
arctic_vegetation/20230724_riparianshrub20_m3m/ALDE/tile_20383.png,0
arctic_vegetation/20230724_riparianshrub20_m3m/ALDE/tile_20384.png,0
arctic_vegetation/20230724_riparianshrub20_m3m/ALDE/tile_20385.png,0
arctic_vegetation/20230724_riparianshrub20_m3m/ALDE/tile_20386.png,0
arctic_vegetation/20230724_riparianshrub20_m3m/ALDE/tile_20387.png,0
arctic_vegetation/20230724_riparianshrub20_m3m/ALDE/tile_20388.png,0
arctic_vegetation/20230724_riparianshrub20_m3m/ALDE/tile_20389.png,0
arctic_vegetation/20230724_riparianshrub20_m3m/ALDE/tile_20390.png,0
arctic_vegetation/20230724_riparianshrub20_m3m/BIRC/tile_20391.png,2
arctic_vegetation/20230724_riparianshrub20_m3m/WILL/tile_20392.png,11
arctic_vegetation/20230724_riparianshrub20_m3m/WILL/tile_20393.png,11
arctic_vegetation/20230724_riparianshrub20_m3m/WILL/tile_20394.png,11
arctic_vegetation/20230724_riparianshrub20_m3m/WILL/tile_20395.png,11
arctic_vegetation/20230724_riparianshrub20_m3m/WILL/tile_20396.png,11
arctic_vegetation/20230724_riparianshrub20_m3m/ALDE/tile_20397.png,0
arctic_vegetation/20230724_riparianshrub20_m3m/WILL/tile_20398.png,11
arctic_vegetation/20230724_riparianshrub20_m3m/WILL/tile_20399.png,11
arctic_vegetation/20230724_riparianshrub20_m3m/ALDE/tile_20400.png,0
arctic_vegetation/20230724_riparianshrub20_m3m/WILL/tile_20401.png,11
arctic_vegetation/20230724_riparianshrub20_m3m/WILL/tile_20402.png,11
arctic_vegetation/20230724_riparianshrub20_m3m/WILL/tile_20403.png,11
arctic_vegetation/20230724_riparianshrub20_m3m/WILL/tile_20404.png,11
arctic_vegetation/20230724_riparianshrub20_m3m/WILL/tile_20405.png,11
arctic_vegetation/20230724_riparianshrub20_m3m/WILL/tile_20406.png,11
arctic_vegetation/20230724_riparianshrub20_m3m/WILL/tile_20407.png,11
arctic_vegetation/20230724_riparianshrub20_m3m/WILL/tile_20408.png,11
arctic_vegetation/20230724_riparianshrub20_m3m/WILL/tile_20409.png,11
arctic_vegetation/20230724_riparianshrub20_m3m/WILL/tile_20410.png,11
arctic_vegetation/20230724_riparianshrub20_m3m/WILL/tile_20411.png,11
arctic_vegetation/20230724_riparianshrub20_m3m/BIRC/tile_20413.png,2
arctic_vegetation/20230724_riparianshrub20_m3m/BIRC/tile_20414.png,2
arctic_vegetation/20230724_riparianshrub20_m3m/BIRC/tile_20415.png,2
arctic_vegetation/20230724_riparianshrub20_m3m/WILL/tile_20416.png,11
arctic_vegetation/20230724_riparianshrub20_m3m/WILL/tile_20417.png,11
arctic_vegetation/20230724_riparianshrub20_m3m/WILL/tile_20418.png,11
arctic_vegetation/20230724_riparianshrub20_m3m/WILL/tile_20419.png,11
arctic_vegetation/20230724_riparianshrub20_m3m/BIRC/tile_20420.png,2
arctic_vegetation/20230724_riparianshrub20_m3m/BIRC/tile_20421.png,2
arctic_vegetation/20230724_riparianshrub20_m3m/BIRC/tile_20422.png,2
arctic_vegetation/20230724_riparianshrub20_m3m/BIRC/tile_20423.png,2
arctic_vegetation/20230724_riparianshrub20_m3m/BIRC/tile_20424.png,2
arctic_vegetation/20230724_riparianshrub20_m3m/ALDE/tile_20532.png,0
arctic_vegetation/20230724_riparianshrub20_m3m/ALDE/tile_20533.png,0
arctic_vegetation/20230724_riparianshrub20_m3m/ALDE/tile_20534.png,0
arctic_vegetation/20230724_riparianshrub20_m3m/ALDE/tile_20535.png,0
arctic_vegetation/20230724_riparianshrub20_m3m/ALDE/tile_20536.png,0
arctic_vegetation/20230724_riparianshrub20_m3m/SEDG/tile_20538.png,9
arctic_vegetation/20230724_riparianshrub20_m3m/SEDG/tile_20539.png,9
arctic_vegetation/20230724_riparianshrub20_m3m/SEDG/tile_20540.png,9
arctic_vegetation/20230724_riparianshrub20_m3m/SEDG/tile_20541.png,9
arctic_vegetation/20230724_riparianshrub20_m3m/SEDG/tile_20542.png,9
arctic_vegetation/20230724_riparianshrub20_m3m/SEDG/tile_20543.png,9
arctic_vegetation/20230724_riparianshrub20_m3m/MOSS/tile_20544.png,5
arctic_vegetation/20230724_riparianshrub20_m3m/MOSS/tile_20545.png,5
arctic_vegetation/20230724_riparianshrub20_m3m/MOSS/tile_20546.png,5
arctic_vegetation/20230724_riparianshrub20_m3m/MOSS/tile_20547.png,5
arctic_vegetation/20230724_riparianshrub20_m3m/MOSS/tile_20548.png,5
arctic_vegetation/20230724_riparianshrub20_m3m/MOSS/tile_20549.png,5
arctic_vegetation/20230724_riparianshrub20_m3m/BIRC/tile_20555.png,2
arctic_vegetation/20230724_riparianshrub20_m3m/ALDE/tile_20556.png,0
arctic_vegetation/20230724_riparianshrub20_m3m/ALDE/tile_20557.png,0
arctic_vegetation/20230724_riparianshrub20_m3m/ALDE/tile_20558.png,0
arctic_vegetation/20230724_riparianshrub20_m3m/ALDE/tile_20559.png,0
arctic_vegetation/20230724_riparianshrub20_m3m/ALDE/tile_20560.png,0
arctic_vegetation/20230724_riparianshrub20_m3m/ALDE/tile_20561.png,0
arctic_vegetation/20230724_riparianshrub20_m3m/ALDE/tile_20562.png,0
arctic_vegetation/20230724_riparianshrub20_m3m/ALDE/tile_20563.png,0
arctic_vegetation/20230724_riparianshrub20_m3m/BIRC/tile_20564.png,2
arctic_vegetation/20230724_riparianshrub20_m3m/BIRC/tile_20565.png,2
arctic_vegetation/20230724_riparianshrub20_m3m/WILL/tile_20566.png,11
arctic_vegetation/20230724_riparianshrub20_m3m/WILL/tile_20567.png,11
arctic_vegetation/20230724_riparianshrub20_m3m/WILL/tile_20568.png,11
arctic_vegetation/20230724_riparianshrub20_m3m/WILL/tile_20569.png,11
arctic_vegetation/20230724_riparianshrub20_m3m/WILL/tile_20570.png,11
arctic_vegetation/20230724_riparianshrub20_m3m/ALDE/tile_20571.png,0
arctic_vegetation/20230724_riparianshrub20_m3m/ALDE/tile_20572.png,0
arctic_vegetation/20230724_riparianshrub20_m3m/ALDE/tile_20573.png,0
arctic_vegetation/20230724_riparianshrub20_m3m/ALDE/tile_20574.png,0
arctic_vegetation/20230724_riparianshrub20_m3m/ALDE/tile_20575.png,0
arctic_vegetation/20230724_riparianshrub20_m3m/ALDE/tile_20576.png,0
arctic_vegetation/20230724_riparianshrub20_m3m/ALDE/tile_20577.png,0
arctic_vegetation/20230724_riparianshrub20_m3m/WILL/tile_20578.png,11
arctic_vegetation/20230724_riparianshrub20_m3m/WILL/tile_20579.png,11
arctic_vegetation/20230724_riparianshrub20_m3m/WILL/tile_20580.png,11
arctic_vegetation/20230724_riparianshrub20_m3m/WILL/tile_20581.png,11
arctic_vegetation/20230724_riparianshrub20_m3m/WILL/tile_20582.png,11
arctic_vegetation/20230724_riparianshrub20_m3m/WILL/tile_20583.png,11
arctic_vegetation/20230724_riparianshrub20_m3m/WILL/tile_20584.png,11
arctic_vegetation/20230724_riparianshrub20_m3m/WILL/tile_20585.png,11
arctic_vegetation/20230724_riparianshrub20_m3m/BIRC/tile_20587.png,2
arctic_vegetation/20230724_riparianshrub20_m3m/BIRC/tile_20588.png,2
arctic_vegetation/20230724_riparianshrub20_m3m/BIRC/tile_20589.png,2
arctic_vegetation/20230724_riparianshrub20_m3m/WILL/tile_20590.png,11
arctic_vegetation/20230724_riparianshrub20_m3m/WILL/tile_20591.png,11
arctic_vegetation/20230724_riparianshrub20_m3m/WILL/tile_20592.png,11
arctic_vegetation/20230724_riparianshrub20_m3m/WILL/tile_20593.png,11
arctic_vegetation/20230724_riparianshrub20_m3m/WILL/tile_20594.png,11
arctic_vegetation/20230724_riparianshrub20_m3m/BIRC/tile_20595.png,2
arctic_vegetation/20230724_riparianshrub20_m3m/BIRC/tile_20596.png,2
arctic_vegetation/20230724_riparianshrub20_m3m/BIRC/tile_20597.png,2
arctic_vegetation/20230724_riparianshrub20_m3m/BIRC/tile_20598.png,2
arctic_vegetation/20230724_riparianshrub20_m3m/MOSS/tile_20707.png,5
arctic_vegetation/20230724_riparianshrub20_m3m/MOSS/tile_20708.png,5
arctic_vegetation/20230724_riparianshrub20_m3m/MOSS/tile_20709.png,5
arctic_vegetation/20230724_riparianshrub20_m3m/MOSS/tile_20710.png,5
arctic_vegetation/20230724_riparianshrub20_m3m/MOSS/tile_20711.png,5
arctic_vegetation/20230724_riparianshrub20_m3m/MOSS/tile_20712.png,5
arctic_vegetation/20230724_riparianshrub20_m3m/SEDG/tile_20713.png,9
arctic_vegetation/20230724_riparianshrub20_m3m/SEDG/tile_20714.png,9
arctic_vegetation/20230724_riparianshrub20_m3m/SEDG/tile_20715.png,9
arctic_vegetation/20230724_riparianshrub20_m3m/MOSS/tile_20716.png,5
arctic_vegetation/20230724_riparianshrub20_m3m/MOSS/tile_20717.png,5
arctic_vegetation/20230724_riparianshrub20_m3m/MOSS/tile_20718.png,5
arctic_vegetation/20230724_riparianshrub20_m3m/MOSS/tile_20719.png,5
arctic_vegetation/20230724_riparianshrub20_m3m/MOSS/tile_20720.png,5
arctic_vegetation/20230724_riparianshrub20_m3m/MOSS/tile_20721.png,5
arctic_vegetation/20230724_riparianshrub20_m3m/MOSS/tile_20722.png,5
arctic_vegetation/20230724_riparianshrub20_m3m/MOSS/tile_20723.png,5
arctic_vegetation/20230724_riparianshrub20_m3m/PETF/tile_20724.png,6
arctic_vegetation/20230724_riparianshrub20_m3m/WILL/tile_20730.png,11
arctic_vegetation/20230724_riparianshrub20_m3m/ALDE/tile_20731.png,0
arctic_vegetation/20230724_riparianshrub20_m3m/ALDE/tile_20732.png,0
arctic_vegetation/20230724_riparianshrub20_m3m/ALDE/tile_20733.png,0
arctic_vegetation/20230724_riparianshrub20_m3m/ALDE/tile_20734.png,0
arctic_vegetation/20230724_riparianshrub20_m3m/ALDE/tile_20735.png,0
arctic_vegetation/20230724_riparianshrub20_m3m/ALDE/tile_20736.png,0
arctic_vegetation/20230724_riparianshrub20_m3m/ALDE/tile_20737.png,0
arctic_vegetation/20230724_riparianshrub20_m3m/ALDE/tile_20738.png,0
arctic_vegetation/20230724_riparianshrub20_m3m/WILL/tile_20739.png,11
arctic_vegetation/20230724_riparianshrub20_m3m/WILL/tile_20740.png,11
arctic_vegetation/20230724_riparianshrub20_m3m/WILL/tile_20741.png,11
arctic_vegetation/20230724_riparianshrub20_m3m/WILL/tile_20742.png,11
arctic_vegetation/20230724_riparianshrub20_m3m/WILL/tile_20743.png,11
arctic_vegetation/20230724_riparianshrub20_m3m/ALDE/tile_20744.png,0
arctic_vegetation/20230724_riparianshrub20_m3m/ALDE/tile_20745.png,0
arctic_vegetation/20230724_riparianshrub20_m3m/ALDE/tile_20746.png,0
arctic_vegetation/20230724_riparianshrub20_m3m/ALDE/tile_20747.png,0
arctic_vegetation/20230724_riparianshrub20_m3m/ALDE/tile_20748.png,0
arctic_vegetation/20230724_riparianshrub20_m3m/ALDE/tile_20749.png,0
arctic_vegetation/20230724_riparianshrub20_m3m/ALDE/tile_20750.png,0
arctic_vegetation/20230724_riparianshrub20_m3m/ALDE/tile_20751.png,0
arctic_vegetation/20230724_riparianshrub20_m3m/ALDE/tile_20752.png,0
arctic_vegetation/20230724_riparianshrub20_m3m/WILL/tile_20753.png,11
arctic_vegetation/20230724_riparianshrub20_m3m/WILL/tile_20754.png,11
arctic_vegetation/20230724_riparianshrub20_m3m/WILL/tile_20755.png,11
arctic_vegetation/20230724_riparianshrub20_m3m/WILL/tile_20756.png,11
arctic_vegetation/20230724_riparianshrub20_m3m/WILL/tile_20757.png,11
arctic_vegetation/20230724_riparianshrub20_m3m/WILL/tile_20758.png,11
arctic_vegetation/20230724_riparianshrub20_m3m/WILL/tile_20759.png,11
arctic_vegetation/20230724_riparianshrub20_m3m/WILL/tile_20760.png,11
arctic_vegetation/20230724_riparianshrub20_m3m/BIRC/tile_20762.png,2
arctic_vegetation/20230724_riparianshrub20_m3m/BIRC/tile_20763.png,2
arctic_vegetation/20230724_riparianshrub20_m3m/WILL/tile_20764.png,11
arctic_vegetation/20230724_riparianshrub20_m3m/WILL/tile_20765.png,11
arctic_vegetation/20230724_riparianshrub20_m3m/WILL/tile_20766.png,11
arctic_vegetation/20230724_riparianshrub20_m3m/WILL/tile_20767.png,11
arctic_vegetation/20230724_riparianshrub20_m3m/WILL/tile_20768.png,11
arctic_vegetation/20230724_riparianshrub20_m3m/BIRC/tile_20769.png,2
arctic_vegetation/20230724_riparianshrub20_m3m/WILL/tile_20770.png,11
arctic_vegetation/20230724_riparianshrub20_m3m/WILL/tile_20771.png,11
arctic_vegetation/20230724_riparianshrub20_m3m/WILL/tile_20772.png,11
arctic_vegetation/20230724_riparianshrub20_m3m/WILL/tile_20773.png,11
arctic_vegetation/20230724_riparianshrub20_m3m/WILL/tile_20774.png,11
arctic_vegetation/20230724_riparianshrub20_m3m/WILL/tile_20775.png,11
arctic_vegetation/20230724_riparianshrub20_m3m/WILL/tile_20776.png,11
arctic_vegetation/20230724_riparianshrub20_m3m/WILL/tile_20777.png,11
arctic_vegetation/20230724_riparianshrub20_m3m/WILL/tile_20778.png,11
arctic_vegetation/20230724_riparianshrub20_m3m/WILL/tile_20779.png,11
arctic_vegetation/20230724_riparianshrub20_m3m/MOSS/tile_20881.png,5
arctic_vegetation/20230724_riparianshrub20_m3m/MOSS/tile_20882.png,5
arctic_vegetation/20230724_riparianshrub20_m3m/MOSS/tile_20883.png,5
arctic_vegetation/20230724_riparianshrub20_m3m/MOSS/tile_20884.png,5
arctic_vegetation/20230724_riparianshrub20_m3m/MOSS/tile_20885.png,5
arctic_vegetation/20230724_riparianshrub20_m3m/MOSS/tile_20886.png,5
arctic_vegetation/20230724_riparianshrub20_m3m/SEDG/tile_20887.png,9
arctic_vegetation/20230724_riparianshrub20_m3m/SEDG/tile_20888.png,9
arctic_vegetation/20230724_riparianshrub20_m3m/SEDG/tile_20889.png,9
arctic_vegetation/20230724_riparianshrub20_m3m/SEDG/tile_20890.png,9
arctic_vegetation/20230724_riparianshrub20_m3m/MOSS/tile_20891.png,5
arctic_vegetation/20230724_riparianshrub20_m3m/MOSS/tile_20892.png,5
arctic_vegetation/20230724_riparianshrub20_m3m/MOSS/tile_20893.png,5
arctic_vegetation/20230724_riparianshrub20_m3m/MOSS/tile_20894.png,5
arctic_vegetation/20230724_riparianshrub20_m3m/MOSS/tile_20895.png,5
arctic_vegetation/20230724_riparianshrub20_m3m/MOSS/tile_20896.png,5
arctic_vegetation/20230724_riparianshrub20_m3m/MOSS/tile_20897.png,5
arctic_vegetation/20230724_riparianshrub20_m3m/MOSS/tile_20898.png,5
arctic_vegetation/20230724_riparianshrub20_m3m/LICH/tile_20899.png,4
arctic_vegetation/20230724_riparianshrub20_m3m/LICH/tile_20900.png,4
arctic_vegetation/20230724_riparianshrub20_m3m/WILL/tile_20904.png,11
arctic_vegetation/20230724_riparianshrub20_m3m/WILL/tile_20905.png,11
arctic_vegetation/20230724_riparianshrub20_m3m/ALDE/tile_20906.png,0
arctic_vegetation/20230724_riparianshrub20_m3m/ALDE/tile_20907.png,0
arctic_vegetation/20230724_riparianshrub20_m3m/ALDE/tile_20908.png,0
arctic_vegetation/20230724_riparianshrub20_m3m/ALDE/tile_20909.png,0
arctic_vegetation/20230724_riparianshrub20_m3m/WILL/tile_20910.png,11
arctic_vegetation/20230724_riparianshrub20_m3m/WILL/tile_20911.png,11
arctic_vegetation/20230724_riparianshrub20_m3m/WILL/tile_20912.png,11
arctic_vegetation/20230724_riparianshrub20_m3m/WILL/tile_20913.png,11
arctic_vegetation/20230724_riparianshrub20_m3m/WILL/tile_20914.png,11
arctic_vegetation/20230724_riparianshrub20_m3m/WILL/tile_20915.png,11
arctic_vegetation/20230724_riparianshrub20_m3m/WILL/tile_20916.png,11
arctic_vegetation/20230724_riparianshrub20_m3m/WILL/tile_20917.png,11
arctic_vegetation/20230724_riparianshrub20_m3m/BIRC/tile_20918.png,2
arctic_vegetation/20230724_riparianshrub20_m3m/ALDE/tile_20919.png,0
arctic_vegetation/20230724_riparianshrub20_m3m/ALDE/tile_20920.png,0
arctic_vegetation/20230724_riparianshrub20_m3m/ALDE/tile_20921.png,0
arctic_vegetation/20230724_riparianshrub20_m3m/ALDE/tile_20922.png,0
arctic_vegetation/20230724_riparianshrub20_m3m/ALDE/tile_20923.png,0
arctic_vegetation/20230724_riparianshrub20_m3m/ALDE/tile_20924.png,0
arctic_vegetation/20230724_riparianshrub20_m3m/ALDE/tile_20925.png,0
arctic_vegetation/20230724_riparianshrub20_m3m/WILL/tile_20926.png,11
arctic_vegetation/20230724_riparianshrub20_m3m/WILL/tile_20927.png,11
arctic_vegetation/20230724_riparianshrub20_m3m/WILL/tile_20928.png,11
arctic_vegetation/20230724_riparianshrub20_m3m/WILL/tile_20929.png,11
arctic_vegetation/20230724_riparianshrub20_m3m/WILL/tile_20930.png,11
arctic_vegetation/20230724_riparianshrub20_m3m/WILL/tile_20931.png,11
arctic_vegetation/20230724_riparianshrub20_m3m/WILL/tile_20932.png,11
arctic_vegetation/20230724_riparianshrub20_m3m/WILL/tile_20933.png,11
arctic_vegetation/20230724_riparianshrub20_m3m/WILL/tile_20934.png,11
arctic_vegetation/20230724_riparianshrub20_m3m/BIRC/tile_20936.png,2
arctic_vegetation/20230724_riparianshrub20_m3m/BIRC/tile_20937.png,2
arctic_vegetation/20230724_riparianshrub20_m3m/ALDE/tile_20938.png,0
arctic_vegetation/20230724_riparianshrub20_m3m/WILL/tile_20939.png,11
arctic_vegetation/20230724_riparianshrub20_m3m/WILL/tile_20940.png,11
arctic_vegetation/20230724_riparianshrub20_m3m/WILL/tile_20941.png,11
arctic_vegetation/20230724_riparianshrub20_m3m/WILL/tile_20942.png,11
arctic_vegetation/20230724_riparianshrub20_m3m/BIRC/tile_20943.png,2
arctic_vegetation/20230724_riparianshrub20_m3m/WILL/tile_20944.png,11
arctic_vegetation/20230724_riparianshrub20_m3m/WILL/tile_20945.png,11
arctic_vegetation/20230724_riparianshrub20_m3m/WILL/tile_20946.png,11
arctic_vegetation/20230724_riparianshrub20_m3m/WILL/tile_20947.png,11
arctic_vegetation/20230724_riparianshrub20_m3m/WILL/tile_20948.png,11
arctic_vegetation/20230724_riparianshrub20_m3m/WILL/tile_20949.png,11
arctic_vegetation/20230724_riparianshrub20_m3m/WILL/tile_20950.png,11
arctic_vegetation/20230724_riparianshrub20_m3m/WILL/tile_20951.png,11
arctic_vegetation/20230724_riparianshrub20_m3m/WILL/tile_20952.png,11
arctic_vegetation/20230724_riparianshrub20_m3m/WILL/tile_20953.png,11
arctic_vegetation/20230724_riparianshrub20_m3m/MOSS/tile_21055.png,5
arctic_vegetation/20230724_riparianshrub20_m3m/MOSS/tile_21056.png,5
arctic_vegetation/20230724_riparianshrub20_m3m/MOSS/tile_21057.png,5
arctic_vegetation/20230724_riparianshrub20_m3m/MOSS/tile_21058.png,5
arctic_vegetation/20230724_riparianshrub20_m3m/MOSS/tile_21059.png,5
arctic_vegetation/20230724_riparianshrub20_m3m/MOSS/tile_21060.png,5
arctic_vegetation/20230724_riparianshrub20_m3m/SEDG/tile_21061.png,9
arctic_vegetation/20230724_riparianshrub20_m3m/SEDG/tile_21062.png,9
arctic_vegetation/20230724_riparianshrub20_m3m/SEDG/tile_21063.png,9
arctic_vegetation/20230724_riparianshrub20_m3m/SEDG/tile_21064.png,9
arctic_vegetation/20230724_riparianshrub20_m3m/MOSS/tile_21065.png,5
arctic_vegetation/20230724_riparianshrub20_m3m/MOSS/tile_21066.png,5
arctic_vegetation/20230724_riparianshrub20_m3m/MOSS/tile_21067.png,5
arctic_vegetation/20230724_riparianshrub20_m3m/MOSS/tile_21068.png,5
arctic_vegetation/20230724_riparianshrub20_m3m/MOSS/tile_21069.png,5
arctic_vegetation/20230724_riparianshrub20_m3m/MOSS/tile_21070.png,5
arctic_vegetation/20230724_riparianshrub20_m3m/MOSS/tile_21071.png,5
arctic_vegetation/20230724_riparianshrub20_m3m/MOSS/tile_21072.png,5
arctic_vegetation/20230724_riparianshrub20_m3m/LICH/tile_21073.png,4
arctic_vegetation/20230724_riparianshrub20_m3m/LICH/tile_21074.png,4
arctic_vegetation/20230724_riparianshrub20_m3m/LICH/tile_21075.png,4
arctic_vegetation/20230724_riparianshrub20_m3m/LICH/tile_21076.png,4
arctic_vegetation/20230724_riparianshrub20_m3m/LICH/tile_21077.png,4
arctic_vegetation/20230724_riparianshrub20_m3m/WILL/tile_21078.png,11
arctic_vegetation/20230724_riparianshrub20_m3m/WILL/tile_21079.png,11
arctic_vegetation/20230724_riparianshrub20_m3m/WILL/tile_21080.png,11
arctic_vegetation/20230724_riparianshrub20_m3m/WILL/tile_21081.png,11
arctic_vegetation/20230724_riparianshrub20_m3m/WILL/tile_21082.png,11
arctic_vegetation/20230724_riparianshrub20_m3m/WILL/tile_21083.png,11
arctic_vegetation/20230724_riparianshrub20_m3m/WILL/tile_21084.png,11
arctic_vegetation/20230724_riparianshrub20_m3m/WILL/tile_21085.png,11
arctic_vegetation/20230724_riparianshrub20_m3m/WILL/tile_21086.png,11
arctic_vegetation/20230724_riparianshrub20_m3m/WILL/tile_21087.png,11
arctic_vegetation/20230724_riparianshrub20_m3m/WILL/tile_21088.png,11
arctic_vegetation/20230724_riparianshrub20_m3m/WILL/tile_21089.png,11
arctic_vegetation/20230724_riparianshrub20_m3m/WILL/tile_21090.png,11
arctic_vegetation/20230724_riparianshrub20_m3m/WILL/tile_21091.png,11
arctic_vegetation/20230724_riparianshrub20_m3m/BIRC/tile_21092.png,2
arctic_vegetation/20230724_riparianshrub20_m3m/ALDE/tile_21093.png,0
arctic_vegetation/20230724_riparianshrub20_m3m/ALDE/tile_21094.png,0
arctic_vegetation/20230724_riparianshrub20_m3m/ALDE/tile_21095.png,0
arctic_vegetation/20230724_riparianshrub20_m3m/ALDE/tile_21096.png,0
arctic_vegetation/20230724_riparianshrub20_m3m/ALDE/tile_21097.png,0
arctic_vegetation/20230724_riparianshrub20_m3m/ALDE/tile_21098.png,0
arctic_vegetation/20230724_riparianshrub20_m3m/ALDE/tile_21099.png,0
arctic_vegetation/20230724_riparianshrub20_m3m/WILL/tile_21100.png,11
arctic_vegetation/20230724_riparianshrub20_m3m/WILL/tile_21101.png,11
arctic_vegetation/20230724_riparianshrub20_m3m/WILL/tile_21102.png,11
arctic_vegetation/20230724_riparianshrub20_m3m/WILL/tile_21103.png,11
arctic_vegetation/20230724_riparianshrub20_m3m/WILL/tile_21104.png,11
arctic_vegetation/20230724_riparianshrub20_m3m/WILL/tile_21105.png,11
arctic_vegetation/20230724_riparianshrub20_m3m/WILL/tile_21106.png,11
arctic_vegetation/20230724_riparianshrub20_m3m/WILL/tile_21107.png,11
arctic_vegetation/20230724_riparianshrub20_m3m/WILL/tile_21108.png,11
arctic_vegetation/20230724_riparianshrub20_m3m/ALDE/tile_21110.png,0
arctic_vegetation/20230724_riparianshrub20_m3m/ALDE/tile_21111.png,0
arctic_vegetation/20230724_riparianshrub20_m3m/ALDE/tile_21112.png,0
arctic_vegetation/20230724_riparianshrub20_m3m/ALDE/tile_21113.png,0
arctic_vegetation/20230724_riparianshrub20_m3m/WILL/tile_21118.png,11
arctic_vegetation/20230724_riparianshrub20_m3m/WILL/tile_21119.png,11
arctic_vegetation/20230724_riparianshrub20_m3m/WILL/tile_21120.png,11
arctic_vegetation/20230724_riparianshrub20_m3m/WILL/tile_21121.png,11
arctic_vegetation/20230724_riparianshrub20_m3m/WILL/tile_21122.png,11
arctic_vegetation/20230724_riparianshrub20_m3m/WILL/tile_21123.png,11
arctic_vegetation/20230724_riparianshrub20_m3m/WILL/tile_21124.png,11
arctic_vegetation/20230724_riparianshrub20_m3m/WILL/tile_21125.png,11
arctic_vegetation/20230724_riparianshrub20_m3m/WILL/tile_21126.png,11
arctic_vegetation/20230724_riparianshrub20_m3m/WILL/tile_21127.png,11
arctic_vegetation/20230724_riparianshrub20_m3m/MOSS/tile_21131.png,5
arctic_vegetation/20230724_riparianshrub20_m3m/MOSS/tile_21132.png,5
arctic_vegetation/20230724_riparianshrub20_m3m/MOSS/tile_21133.png,5
arctic_vegetation/20230724_riparianshrub20_m3m/MOSS/tile_21134.png,5
arctic_vegetation/20230724_riparianshrub20_m3m/MOSS/tile_21230.png,5
arctic_vegetation/20230724_riparianshrub20_m3m/MOSS/tile_21231.png,5
arctic_vegetation/20230724_riparianshrub20_m3m/MOSS/tile_21232.png,5
arctic_vegetation/20230724_riparianshrub20_m3m/MOSS/tile_21233.png,5
arctic_vegetation/20230724_riparianshrub20_m3m/MOSS/tile_21234.png,5
arctic_vegetation/20230724_riparianshrub20_m3m/MOSS/tile_21235.png,5
arctic_vegetation/20230724_riparianshrub20_m3m/MOSS/tile_21236.png,5
arctic_vegetation/20230724_riparianshrub20_m3m/MOSS/tile_21237.png,5
arctic_vegetation/20230724_riparianshrub20_m3m/BIRC/tile_21238.png,2
arctic_vegetation/20230724_riparianshrub20_m3m/BIRC/tile_21239.png,2
arctic_vegetation/20230724_riparianshrub20_m3m/PETF/tile_21240.png,6
arctic_vegetation/20230724_riparianshrub20_m3m/SEDG/tile_21241.png,9
arctic_vegetation/20230724_riparianshrub20_m3m/SEDG/tile_21242.png,9
arctic_vegetation/20230724_riparianshrub20_m3m/MOSS/tile_21243.png,5
arctic_vegetation/20230724_riparianshrub20_m3m/MOSS/tile_21244.png,5
arctic_vegetation/20230724_riparianshrub20_m3m/MOSS/tile_21245.png,5
arctic_vegetation/20230724_riparianshrub20_m3m/MOSS/tile_21246.png,5
arctic_vegetation/20230724_riparianshrub20_m3m/MOSS/tile_21247.png,5
arctic_vegetation/20230724_riparianshrub20_m3m/LICH/tile_21248.png,4
arctic_vegetation/20230724_riparianshrub20_m3m/LICH/tile_21249.png,4
arctic_vegetation/20230724_riparianshrub20_m3m/LICH/tile_21250.png,4
arctic_vegetation/20230724_riparianshrub20_m3m/LICH/tile_21251.png,4
arctic_vegetation/20230724_riparianshrub20_m3m/LICH/tile_21252.png,4
arctic_vegetation/20230724_riparianshrub20_m3m/WILL/tile_21253.png,11
arctic_vegetation/20230724_riparianshrub20_m3m/WILL/tile_21254.png,11
arctic_vegetation/20230724_riparianshrub20_m3m/WILL/tile_21255.png,11
arctic_vegetation/20230724_riparianshrub20_m3m/WILL/tile_21256.png,11
arctic_vegetation/20230724_riparianshrub20_m3m/WILL/tile_21257.png,11
arctic_vegetation/20230724_riparianshrub20_m3m/WILL/tile_21258.png,11
arctic_vegetation/20230724_riparianshrub20_m3m/WILL/tile_21259.png,11
arctic_vegetation/20230724_riparianshrub20_m3m/WILL/tile_21260.png,11
arctic_vegetation/20230724_riparianshrub20_m3m/WILL/tile_21261.png,11
arctic_vegetation/20230724_riparianshrub20_m3m/WILL/tile_21262.png,11
arctic_vegetation/20230724_riparianshrub20_m3m/WILL/tile_21263.png,11
arctic_vegetation/20230724_riparianshrub20_m3m/WILL/tile_21264.png,11
arctic_vegetation/20230724_riparianshrub20_m3m/WILL/tile_21265.png,11
arctic_vegetation/20230724_riparianshrub20_m3m/WILL/tile_21266.png,11
arctic_vegetation/20230724_riparianshrub20_m3m/WILL/tile_21267.png,11
arctic_vegetation/20230724_riparianshrub20_m3m/WILL/tile_21268.png,11
arctic_vegetation/20230724_riparianshrub20_m3m/WILL/tile_21269.png,11
arctic_vegetation/20230724_riparianshrub20_m3m/WILL/tile_21270.png,11
arctic_vegetation/20230724_riparianshrub20_m3m/WILL/tile_21271.png,11
arctic_vegetation/20230724_riparianshrub20_m3m/WILL/tile_21272.png,11
arctic_vegetation/20230724_riparianshrub20_m3m/WILL/tile_21273.png,11
arctic_vegetation/20230724_riparianshrub20_m3m/WILL/tile_21274.png,11
arctic_vegetation/20230724_riparianshrub20_m3m/WILL/tile_21275.png,11
arctic_vegetation/20230724_riparianshrub20_m3m/WILL/tile_21276.png,11
arctic_vegetation/20230724_riparianshrub20_m3m/WILL/tile_21277.png,11
arctic_vegetation/20230724_riparianshrub20_m3m/WILL/tile_21278.png,11
arctic_vegetation/20230724_riparianshrub20_m3m/WILL/tile_21279.png,11
arctic_vegetation/20230724_riparianshrub20_m3m/WILL/tile_21280.png,11
arctic_vegetation/20230724_riparianshrub20_m3m/WILL/tile_21281.png,11
arctic_vegetation/20230724_riparianshrub20_m3m/WILL/tile_21282.png,11
arctic_vegetation/20230724_riparianshrub20_m3m/WILL/tile_21283.png,11
arctic_vegetation/20230724_riparianshrub20_m3m/ALDE/tile_21285.png,0
arctic_vegetation/20230724_riparianshrub20_m3m/ALDE/tile_21286.png,0
arctic_vegetation/20230724_riparianshrub20_m3m/ALDE/tile_21287.png,0
arctic_vegetation/20230724_riparianshrub20_m3m/ALDE/tile_21288.png,0
arctic_vegetation/20230724_riparianshrub20_m3m/WILL/tile_21293.png,11
arctic_vegetation/20230724_riparianshrub20_m3m/WILL/tile_21294.png,11
arctic_vegetation/20230724_riparianshrub20_m3m/WILL/tile_21295.png,11
arctic_vegetation/20230724_riparianshrub20_m3m/WILL/tile_21296.png,11
arctic_vegetation/20230724_riparianshrub20_m3m/WILL/tile_21297.png,11
arctic_vegetation/20230724_riparianshrub20_m3m/WILL/tile_21298.png,11
arctic_vegetation/20230724_riparianshrub20_m3m/WILL/tile_21299.png,11
arctic_vegetation/20230724_riparianshrub20_m3m/WILL/tile_21300.png,11
arctic_vegetation/20230724_riparianshrub20_m3m/WILL/tile_21301.png,11
arctic_vegetation/20230724_riparianshrub20_m3m/WILL/tile_21302.png,11
arctic_vegetation/20230724_riparianshrub20_m3m/MOSS/tile_21306.png,5
arctic_vegetation/20230724_riparianshrub20_m3m/LICH/tile_21307.png,4
arctic_vegetation/20230724_riparianshrub20_m3m/LICH/tile_21308.png,4
arctic_vegetation/20230724_riparianshrub20_m3m/LICH/tile_21309.png,4
arctic_vegetation/20230724_riparianshrub20_m3m/MOSS/tile_21405.png,5
arctic_vegetation/20230724_riparianshrub20_m3m/MOSS/tile_21406.png,5
arctic_vegetation/20230724_riparianshrub20_m3m/MOSS/tile_21407.png,5
arctic_vegetation/20230724_riparianshrub20_m3m/MOSS/tile_21408.png,5
arctic_vegetation/20230724_riparianshrub20_m3m/MOSS/tile_21409.png,5
arctic_vegetation/20230724_riparianshrub20_m3m/MOSS/tile_21410.png,5
arctic_vegetation/20230724_riparianshrub20_m3m/MOSS/tile_21411.png,5
arctic_vegetation/20230724_riparianshrub20_m3m/MOSS/tile_21412.png,5
arctic_vegetation/20230724_riparianshrub20_m3m/BIRC/tile_21413.png,2
arctic_vegetation/20230724_riparianshrub20_m3m/BIRC/tile_21414.png,2
arctic_vegetation/20230724_riparianshrub20_m3m/SEDG/tile_21415.png,9
arctic_vegetation/20230724_riparianshrub20_m3m/SEDG/tile_21416.png,9
arctic_vegetation/20230724_riparianshrub20_m3m/SEDG/tile_21417.png,9
arctic_vegetation/20230724_riparianshrub20_m3m/MOSS/tile_21418.png,5
arctic_vegetation/20230724_riparianshrub20_m3m/MOSS/tile_21419.png,5
arctic_vegetation/20230724_riparianshrub20_m3m/MOSS/tile_21420.png,5
arctic_vegetation/20230724_riparianshrub20_m3m/ALDE/tile_21421.png,0
arctic_vegetation/20230724_riparianshrub20_m3m/MOSS/tile_21422.png,5
arctic_vegetation/20230724_riparianshrub20_m3m/MOSS/tile_21423.png,5
arctic_vegetation/20230724_riparianshrub20_m3m/MOSS/tile_21424.png,5
arctic_vegetation/20230724_riparianshrub20_m3m/MOSS/tile_21425.png,5
arctic_vegetation/20230724_riparianshrub20_m3m/LICH/tile_21426.png,4
arctic_vegetation/20230724_riparianshrub20_m3m/LICH/tile_21427.png,4
arctic_vegetation/20230724_riparianshrub20_m3m/WILL/tile_21428.png,11
arctic_vegetation/20230724_riparianshrub20_m3m/WILL/tile_21429.png,11
arctic_vegetation/20230724_riparianshrub20_m3m/WILL/tile_21430.png,11
arctic_vegetation/20230724_riparianshrub20_m3m/WILL/tile_21431.png,11
arctic_vegetation/20230724_riparianshrub20_m3m/WILL/tile_21432.png,11
arctic_vegetation/20230724_riparianshrub20_m3m/WILL/tile_21433.png,11
arctic_vegetation/20230724_riparianshrub20_m3m/WILL/tile_21434.png,11
arctic_vegetation/20230724_riparianshrub20_m3m/WILL/tile_21435.png,11
arctic_vegetation/20230724_riparianshrub20_m3m/ALDE/tile_21436.png,0
arctic_vegetation/20230724_riparianshrub20_m3m/ALDE/tile_21437.png,0
arctic_vegetation/20230724_riparianshrub20_m3m/ALDE/tile_21438.png,0
arctic_vegetation/20230724_riparianshrub20_m3m/ALDE/tile_21439.png,0
arctic_vegetation/20230724_riparianshrub20_m3m/WILL/tile_21440.png,11
arctic_vegetation/20230724_riparianshrub20_m3m/WILL/tile_21441.png,11
arctic_vegetation/20230724_riparianshrub20_m3m/WILL/tile_21442.png,11
arctic_vegetation/20230724_riparianshrub20_m3m/WILL/tile_21443.png,11
arctic_vegetation/20230724_riparianshrub20_m3m/WILL/tile_21444.png,11
arctic_vegetation/20230724_riparianshrub20_m3m/ALDE/tile_21445.png,0
arctic_vegetation/20230724_riparianshrub20_m3m/ALDE/tile_21446.png,0
arctic_vegetation/20230724_riparianshrub20_m3m/WILL/tile_21447.png,11
arctic_vegetation/20230724_riparianshrub20_m3m/WILL/tile_21448.png,11
arctic_vegetation/20230724_riparianshrub20_m3m/WILL/tile_21449.png,11
arctic_vegetation/20230724_riparianshrub20_m3m/WILL/tile_21450.png,11
arctic_vegetation/20230724_riparianshrub20_m3m/WILL/tile_21451.png,11
arctic_vegetation/20230724_riparianshrub20_m3m/WILL/tile_21452.png,11
arctic_vegetation/20230724_riparianshrub20_m3m/WILL/tile_21453.png,11
arctic_vegetation/20230724_riparianshrub20_m3m/WILL/tile_21454.png,11
arctic_vegetation/20230724_riparianshrub20_m3m/WILL/tile_21455.png,11
arctic_vegetation/20230724_riparianshrub20_m3m/WILL/tile_21456.png,11
arctic_vegetation/20230724_riparianshrub20_m3m/WILL/tile_21457.png,11
arctic_vegetation/20230724_riparianshrub20_m3m/WILL/tile_21458.png,11
arctic_vegetation/20230724_riparianshrub20_m3m/WILL/tile_21469.png,11
arctic_vegetation/20230724_riparianshrub20_m3m/WILL/tile_21470.png,11
arctic_vegetation/20230724_riparianshrub20_m3m/WILL/tile_21471.png,11
arctic_vegetation/20230724_riparianshrub20_m3m/WILL/tile_21472.png,11
arctic_vegetation/20230724_riparianshrub20_m3m/WILL/tile_21473.png,11
arctic_vegetation/20230724_riparianshrub20_m3m/WILL/tile_21474.png,11
arctic_vegetation/20230724_riparianshrub20_m3m/WILL/tile_21475.png,11
arctic_vegetation/20230724_riparianshrub20_m3m/WILL/tile_21476.png,11
arctic_vegetation/20230724_riparianshrub20_m3m/WILL/tile_21477.png,11
arctic_vegetation/20230724_riparianshrub20_m3m/LICH/tile_21482.png,4
arctic_vegetation/20230724_riparianshrub20_m3m/LICH/tile_21483.png,4
arctic_vegetation/20230724_riparianshrub20_m3m/LICH/tile_21484.png,4
arctic_vegetation/20230724_riparianshrub20_m3m/MOSS/tile_21580.png,5
arctic_vegetation/20230724_riparianshrub20_m3m/MOSS/tile_21581.png,5
arctic_vegetation/20230724_riparianshrub20_m3m/MOSS/tile_21582.png,5
arctic_vegetation/20230724_riparianshrub20_m3m/MOSS/tile_21583.png,5
arctic_vegetation/20230724_riparianshrub20_m3m/MOSS/tile_21584.png,5
arctic_vegetation/20230724_riparianshrub20_m3m/MOSS/tile_21585.png,5
arctic_vegetation/20230724_riparianshrub20_m3m/MOSS/tile_21586.png,5
arctic_vegetation/20230724_riparianshrub20_m3m/MOSS/tile_21587.png,5
arctic_vegetation/20230724_riparianshrub20_m3m/BIRC/tile_21588.png,2
arctic_vegetation/20230724_riparianshrub20_m3m/BIRC/tile_21589.png,2
arctic_vegetation/20230724_riparianshrub20_m3m/SEDG/tile_21590.png,9
arctic_vegetation/20230724_riparianshrub20_m3m/SEDG/tile_21591.png,9
arctic_vegetation/20230724_riparianshrub20_m3m/SEDG/tile_21592.png,9
arctic_vegetation/20230724_riparianshrub20_m3m/SEDG/tile_21593.png,9
arctic_vegetation/20230724_riparianshrub20_m3m/SEDG/tile_21594.png,9
arctic_vegetation/20230724_riparianshrub20_m3m/SEDG/tile_21595.png,9
arctic_vegetation/20230724_riparianshrub20_m3m/ALDE/tile_21596.png,0
arctic_vegetation/20230724_riparianshrub20_m3m/BIRC/tile_21602.png,2
arctic_vegetation/20230724_riparianshrub20_m3m/BIRC/tile_21603.png,2
arctic_vegetation/20230724_riparianshrub20_m3m/BIRC/tile_21604.png,2
arctic_vegetation/20230724_riparianshrub20_m3m/BIRC/tile_21605.png,2
arctic_vegetation/20230724_riparianshrub20_m3m/BIRC/tile_21606.png,2
arctic_vegetation/20230724_riparianshrub20_m3m/BIRC/tile_21607.png,2
arctic_vegetation/20230724_riparianshrub20_m3m/WILL/tile_21608.png,11
arctic_vegetation/20230724_riparianshrub20_m3m/ALDE/tile_21609.png,0
arctic_vegetation/20230724_riparianshrub20_m3m/ALDE/tile_21610.png,0
arctic_vegetation/20230724_riparianshrub20_m3m/ALDE/tile_21611.png,0
arctic_vegetation/20230724_riparianshrub20_m3m/ALDE/tile_21612.png,0
arctic_vegetation/20230724_riparianshrub20_m3m/ALDE/tile_21613.png,0
arctic_vegetation/20230724_riparianshrub20_m3m/ALDE/tile_21614.png,0
arctic_vegetation/20230724_riparianshrub20_m3m/ALDE/tile_21615.png,0
arctic_vegetation/20230724_riparianshrub20_m3m/ALDE/tile_21616.png,0
arctic_vegetation/20230724_riparianshrub20_m3m/WILL/tile_21617.png,11
arctic_vegetation/20230724_riparianshrub20_m3m/WILL/tile_21618.png,11
arctic_vegetation/20230724_riparianshrub20_m3m/ALDE/tile_21619.png,0
arctic_vegetation/20230724_riparianshrub20_m3m/ALDE/tile_21620.png,0
arctic_vegetation/20230724_riparianshrub20_m3m/ALDE/tile_21621.png,0
arctic_vegetation/20230724_riparianshrub20_m3m/ALDE/tile_21622.png,0
arctic_vegetation/20230724_riparianshrub20_m3m/ALDE/tile_21623.png,0
arctic_vegetation/20230724_riparianshrub20_m3m/WILL/tile_21624.png,11
arctic_vegetation/20230724_riparianshrub20_m3m/WILL/tile_21625.png,11
arctic_vegetation/20230724_riparianshrub20_m3m/WILL/tile_21626.png,11
arctic_vegetation/20230724_riparianshrub20_m3m/WILL/tile_21627.png,11
arctic_vegetation/20230724_riparianshrub20_m3m/WILL/tile_21628.png,11
arctic_vegetation/20230724_riparianshrub20_m3m/WILL/tile_21629.png,11
arctic_vegetation/20230724_riparianshrub20_m3m/WILL/tile_21630.png,11
arctic_vegetation/20230724_riparianshrub20_m3m/WILL/tile_21631.png,11
arctic_vegetation/20230724_riparianshrub20_m3m/WILL/tile_21632.png,11
arctic_vegetation/20230724_riparianshrub20_m3m/WILL/tile_21633.png,11
arctic_vegetation/20230724_riparianshrub20_m3m/WILL/tile_21644.png,11
arctic_vegetation/20230724_riparianshrub20_m3m/WILL/tile_21645.png,11
arctic_vegetation/20230724_riparianshrub20_m3m/WILL/tile_21646.png,11
arctic_vegetation/20230724_riparianshrub20_m3m/WILL/tile_21647.png,11
arctic_vegetation/20230724_riparianshrub20_m3m/WILL/tile_21648.png,11
arctic_vegetation/20230724_riparianshrub20_m3m/WILL/tile_21649.png,11
arctic_vegetation/20230724_riparianshrub20_m3m/WILL/tile_21650.png,11
arctic_vegetation/20230724_riparianshrub20_m3m/WILL/tile_21651.png,11
arctic_vegetation/20230724_riparianshrub20_m3m/WILL/tile_21652.png,11
arctic_vegetation/20230724_riparianshrub20_m3m/LICH/tile_21657.png,4
arctic_vegetation/20230724_riparianshrub20_m3m/LICH/tile_21658.png,4
arctic_vegetation/20230724_riparianshrub20_m3m/MOSS/tile_21660.png,5
arctic_vegetation/20230724_riparianshrub20_m3m/MOSS/tile_21661.png,5
arctic_vegetation/20230724_riparianshrub20_m3m/MOSS/tile_21755.png,5
arctic_vegetation/20230724_riparianshrub20_m3m/MOSS/tile_21756.png,5
arctic_vegetation/20230724_riparianshrub20_m3m/MOSS/tile_21757.png,5
arctic_vegetation/20230724_riparianshrub20_m3m/MOSS/tile_21758.png,5
arctic_vegetation/20230724_riparianshrub20_m3m/MOSS/tile_21759.png,5
arctic_vegetation/20230724_riparianshrub20_m3m/MOSS/tile_21760.png,5
arctic_vegetation/20230724_riparianshrub20_m3m/MOSS/tile_21761.png,5
arctic_vegetation/20230724_riparianshrub20_m3m/MOSS/tile_21762.png,5
arctic_vegetation/20230724_riparianshrub20_m3m/BIRC/tile_21763.png,2
arctic_vegetation/20230724_riparianshrub20_m3m/BIRC/tile_21764.png,2
arctic_vegetation/20230724_riparianshrub20_m3m/SEDG/tile_21765.png,9
arctic_vegetation/20230724_riparianshrub20_m3m/SEDG/tile_21766.png,9
arctic_vegetation/20230724_riparianshrub20_m3m/SEDG/tile_21767.png,9
arctic_vegetation/20230724_riparianshrub20_m3m/SEDG/tile_21768.png,9
arctic_vegetation/20230724_riparianshrub20_m3m/SEDG/tile_21769.png,9
arctic_vegetation/20230724_riparianshrub20_m3m/SEDG/tile_21770.png,9
arctic_vegetation/20230724_riparianshrub20_m3m/ALDE/tile_21771.png,0
arctic_vegetation/20230724_riparianshrub20_m3m/BIRC/tile_21777.png,2
arctic_vegetation/20230724_riparianshrub20_m3m/BIRC/tile_21778.png,2
arctic_vegetation/20230724_riparianshrub20_m3m/BIRC/tile_21779.png,2
arctic_vegetation/20230724_riparianshrub20_m3m/BIRC/tile_21780.png,2
arctic_vegetation/20230724_riparianshrub20_m3m/BIRC/tile_21781.png,2
arctic_vegetation/20230724_riparianshrub20_m3m/BIRC/tile_21782.png,2
arctic_vegetation/20230724_riparianshrub20_m3m/WILL/tile_21783.png,11
arctic_vegetation/20230724_riparianshrub20_m3m/ALDE/tile_21784.png,0
arctic_vegetation/20230724_riparianshrub20_m3m/ALDE/tile_21785.png,0
arctic_vegetation/20230724_riparianshrub20_m3m/ALDE/tile_21786.png,0
arctic_vegetation/20230724_riparianshrub20_m3m/ALDE/tile_21787.png,0
arctic_vegetation/20230724_riparianshrub20_m3m/ALDE/tile_21788.png,0
arctic_vegetation/20230724_riparianshrub20_m3m/ALDE/tile_21789.png,0
arctic_vegetation/20230724_riparianshrub20_m3m/ALDE/tile_21790.png,0
arctic_vegetation/20230724_riparianshrub20_m3m/ALDE/tile_21791.png,0
arctic_vegetation/20230724_riparianshrub20_m3m/ALDE/tile_21792.png,0
arctic_vegetation/20230724_riparianshrub20_m3m/WILL/tile_21793.png,11
arctic_vegetation/20230724_riparianshrub20_m3m/WILL/tile_21794.png,11
arctic_vegetation/20230724_riparianshrub20_m3m/ALDE/tile_21795.png,0
arctic_vegetation/20230724_riparianshrub20_m3m/ALDE/tile_21796.png,0
arctic_vegetation/20230724_riparianshrub20_m3m/ALDE/tile_21797.png,0
arctic_vegetation/20230724_riparianshrub20_m3m/ALDE/tile_21798.png,0
arctic_vegetation/20230724_riparianshrub20_m3m/WILL/tile_21799.png,11
arctic_vegetation/20230724_riparianshrub20_m3m/WILL/tile_21800.png,11
arctic_vegetation/20230724_riparianshrub20_m3m/WILL/tile_21801.png,11
arctic_vegetation/20230724_riparianshrub20_m3m/WILL/tile_21802.png,11
arctic_vegetation/20230724_riparianshrub20_m3m/WILL/tile_21803.png,11
arctic_vegetation/20230724_riparianshrub20_m3m/WILL/tile_21804.png,11
arctic_vegetation/20230724_riparianshrub20_m3m/WILL/tile_21805.png,11
arctic_vegetation/20230724_riparianshrub20_m3m/WILL/tile_21806.png,11
arctic_vegetation/20230724_riparianshrub20_m3m/WILL/tile_21807.png,11
arctic_vegetation/20230724_riparianshrub20_m3m/WILL/tile_21808.png,11
arctic_vegetation/20230724_riparianshrub20_m3m/WILL/tile_21809.png,11
arctic_vegetation/20230724_riparianshrub20_m3m/WILL/tile_21810.png,11
arctic_vegetation/20230724_riparianshrub20_m3m/MOSS/tile_21835.png,5
arctic_vegetation/20230724_riparianshrub20_m3m/MOSS/tile_21836.png,5
arctic_vegetation/20230724_riparianshrub20_m3m/MOSS/tile_21838.png,5
arctic_vegetation/20230724_riparianshrub20_m3m/MOSS/tile_21839.png,5
arctic_vegetation/20230724_riparianshrub20_m3m/MOSS/tile_21931.png,5
arctic_vegetation/20230724_riparianshrub20_m3m/MOSS/tile_21932.png,5
arctic_vegetation/20230724_riparianshrub20_m3m/MOSS/tile_21933.png,5
arctic_vegetation/20230724_riparianshrub20_m3m/MOSS/tile_21934.png,5
arctic_vegetation/20230724_riparianshrub20_m3m/MOSS/tile_21935.png,5
arctic_vegetation/20230724_riparianshrub20_m3m/MOSS/tile_21936.png,5
arctic_vegetation/20230724_riparianshrub20_m3m/BIRC/tile_21938.png,2
arctic_vegetation/20230724_riparianshrub20_m3m/SEDG/tile_21939.png,9
arctic_vegetation/20230724_riparianshrub20_m3m/SEDG/tile_21940.png,9
arctic_vegetation/20230724_riparianshrub20_m3m/SEDG/tile_21941.png,9
arctic_vegetation/20230724_riparianshrub20_m3m/SEDG/tile_21942.png,9
arctic_vegetation/20230724_riparianshrub20_m3m/SEDG/tile_21943.png,9
arctic_vegetation/20230724_riparianshrub20_m3m/SEDG/tile_21944.png,9
arctic_vegetation/20230724_riparianshrub20_m3m/SEDG/tile_21945.png,9
arctic_vegetation/20230724_riparianshrub20_m3m/WILL/tile_21952.png,11
arctic_vegetation/20230724_riparianshrub20_m3m/WILL/tile_21953.png,11
arctic_vegetation/20230724_riparianshrub20_m3m/WILL/tile_21954.png,11
arctic_vegetation/20230724_riparianshrub20_m3m/WILL/tile_21955.png,11
arctic_vegetation/20230724_riparianshrub20_m3m/WILL/tile_21956.png,11
arctic_vegetation/20230724_riparianshrub20_m3m/WILL/tile_21957.png,11
arctic_vegetation/20230724_riparianshrub20_m3m/WILL/tile_21958.png,11
arctic_vegetation/20230724_riparianshrub20_m3m/ALDE/tile_21959.png,0
arctic_vegetation/20230724_riparianshrub20_m3m/ALDE/tile_21960.png,0
arctic_vegetation/20230724_riparianshrub20_m3m/ALDE/tile_21961.png,0
arctic_vegetation/20230724_riparianshrub20_m3m/ALDE/tile_21962.png,0
arctic_vegetation/20230724_riparianshrub20_m3m/ALDE/tile_21963.png,0
arctic_vegetation/20230724_riparianshrub20_m3m/ALDE/tile_21964.png,0
arctic_vegetation/20230724_riparianshrub20_m3m/ALDE/tile_21965.png,0
arctic_vegetation/20230724_riparianshrub20_m3m/ALDE/tile_21966.png,0
arctic_vegetation/20230724_riparianshrub20_m3m/ALDE/tile_21967.png,0
arctic_vegetation/20230724_riparianshrub20_m3m/WILL/tile_21968.png,11
arctic_vegetation/20230724_riparianshrub20_m3m/WILL/tile_21969.png,11
arctic_vegetation/20230724_riparianshrub20_m3m/WILL/tile_21970.png,11
arctic_vegetation/20230724_riparianshrub20_m3m/ALDE/tile_21971.png,0
arctic_vegetation/20230724_riparianshrub20_m3m/ALDE/tile_21972.png,0
arctic_vegetation/20230724_riparianshrub20_m3m/ALDE/tile_21973.png,0
arctic_vegetation/20230724_riparianshrub20_m3m/WILL/tile_21974.png,11
arctic_vegetation/20230724_riparianshrub20_m3m/WILL/tile_21975.png,11
arctic_vegetation/20230724_riparianshrub20_m3m/WILL/tile_21976.png,11
arctic_vegetation/20230724_riparianshrub20_m3m/WILL/tile_21977.png,11
arctic_vegetation/20230724_riparianshrub20_m3m/WILL/tile_21978.png,11
arctic_vegetation/20230724_riparianshrub20_m3m/WILL/tile_21979.png,11
arctic_vegetation/20230724_riparianshrub20_m3m/WILL/tile_21980.png,11
arctic_vegetation/20230724_riparianshrub20_m3m/WILL/tile_21981.png,11
arctic_vegetation/20230724_riparianshrub20_m3m/WILL/tile_21982.png,11
arctic_vegetation/20230724_riparianshrub20_m3m/WILL/tile_21983.png,11
arctic_vegetation/20230724_riparianshrub20_m3m/WILL/tile_21984.png,11
arctic_vegetation/20230724_riparianshrub20_m3m/WILL/tile_21985.png,11
arctic_vegetation/20230724_riparianshrub20_m3m/MOSS/tile_22010.png,5
arctic_vegetation/20230724_riparianshrub20_m3m/MOSS/tile_22011.png,5
arctic_vegetation/20230724_riparianshrub20_m3m/MOSS/tile_22013.png,5
arctic_vegetation/20230724_riparianshrub20_m3m/MOSS/tile_22014.png,5
arctic_vegetation/20230724_riparianshrub20_m3m/MOSS/tile_22016.png,5
arctic_vegetation/20230724_riparianshrub20_m3m/MOSS/tile_22017.png,5
arctic_vegetation/20230724_riparianshrub20_m3m/ALDE/tile_22107.png,0
arctic_vegetation/20230724_riparianshrub20_m3m/MOSS/tile_22108.png,5
arctic_vegetation/20230724_riparianshrub20_m3m/MOSS/tile_22109.png,5
arctic_vegetation/20230724_riparianshrub20_m3m/MOSS/tile_22110.png,5
arctic_vegetation/20230724_riparianshrub20_m3m/ALDE/tile_22111.png,0
arctic_vegetation/20230724_riparianshrub20_m3m/ALDE/tile_22112.png,0
arctic_vegetation/20230724_riparianshrub20_m3m/MOSS/tile_22113.png,5
arctic_vegetation/20230724_riparianshrub20_m3m/SEDG/tile_22114.png,9
arctic_vegetation/20230724_riparianshrub20_m3m/SEDG/tile_22115.png,9
arctic_vegetation/20230724_riparianshrub20_m3m/SEDG/tile_22116.png,9
arctic_vegetation/20230724_riparianshrub20_m3m/MOSS/tile_22117.png,5
arctic_vegetation/20230724_riparianshrub20_m3m/MOSS/tile_22118.png,5
arctic_vegetation/20230724_riparianshrub20_m3m/MOSS/tile_22119.png,5
arctic_vegetation/20230724_riparianshrub20_m3m/MOSS/tile_22120.png,5
arctic_vegetation/20230724_riparianshrub20_m3m/MOSS/tile_22121.png,5
arctic_vegetation/20230724_riparianshrub20_m3m/BIRC/tile_22132.png,2
arctic_vegetation/20230724_riparianshrub20_m3m/WILL/tile_22133.png,11
arctic_vegetation/20230724_riparianshrub20_m3m/WILL/tile_22134.png,11
arctic_vegetation/20230724_riparianshrub20_m3m/ALDE/tile_22135.png,0
arctic_vegetation/20230724_riparianshrub20_m3m/ALDE/tile_22136.png,0
arctic_vegetation/20230724_riparianshrub20_m3m/ALDE/tile_22137.png,0
arctic_vegetation/20230724_riparianshrub20_m3m/ALDE/tile_22138.png,0
arctic_vegetation/20230724_riparianshrub20_m3m/ALDE/tile_22139.png,0
arctic_vegetation/20230724_riparianshrub20_m3m/ALDE/tile_22140.png,0
arctic_vegetation/20230724_riparianshrub20_m3m/ALDE/tile_22141.png,0
arctic_vegetation/20230724_riparianshrub20_m3m/ALDE/tile_22142.png,0
arctic_vegetation/20230724_riparianshrub20_m3m/WILL/tile_22143.png,11
arctic_vegetation/20230724_riparianshrub20_m3m/WILL/tile_22144.png,11
arctic_vegetation/20230724_riparianshrub20_m3m/WILL/tile_22145.png,11
arctic_vegetation/20230724_riparianshrub20_m3m/WILL/tile_22146.png,11
arctic_vegetation/20230724_riparianshrub20_m3m/WILL/tile_22147.png,11
arctic_vegetation/20230724_riparianshrub20_m3m/ALDE/tile_22148.png,0
arctic_vegetation/20230724_riparianshrub20_m3m/WILL/tile_22149.png,11
arctic_vegetation/20230724_riparianshrub20_m3m/WILL/tile_22150.png,11
arctic_vegetation/20230724_riparianshrub20_m3m/WILL/tile_22151.png,11
arctic_vegetation/20230724_riparianshrub20_m3m/WILL/tile_22152.png,11
arctic_vegetation/20230724_riparianshrub20_m3m/WILL/tile_22153.png,11
arctic_vegetation/20230724_riparianshrub20_m3m/WILL/tile_22154.png,11
arctic_vegetation/20230724_riparianshrub20_m3m/WILL/tile_22155.png,11
arctic_vegetation/20230724_riparianshrub20_m3m/WILL/tile_22156.png,11
arctic_vegetation/20230724_riparianshrub20_m3m/WILL/tile_22157.png,11
arctic_vegetation/20230724_riparianshrub20_m3m/WILL/tile_22158.png,11
arctic_vegetation/20230724_riparianshrub20_m3m/WILL/tile_22159.png,11
arctic_vegetation/20230724_riparianshrub20_m3m/WILL/tile_22160.png,11
arctic_vegetation/20230724_riparianshrub20_m3m/MOSS/tile_22185.png,5
arctic_vegetation/20230724_riparianshrub20_m3m/MOSS/tile_22186.png,5
arctic_vegetation/20230724_riparianshrub20_m3m/MOSS/tile_22188.png,5
arctic_vegetation/20230724_riparianshrub20_m3m/MOSS/tile_22189.png,5
arctic_vegetation/20230724_riparianshrub20_m3m/MOSS/tile_22191.png,5
arctic_vegetation/20230724_riparianshrub20_m3m/MOSS/tile_22192.png,5
arctic_vegetation/20230724_riparianshrub20_m3m/MOSS/tile_22193.png,5
arctic_vegetation/20230724_riparianshrub20_m3m/MOSS/tile_22194.png,5
arctic_vegetation/20230724_riparianshrub20_m3m/ALDE/tile_22281.png,0
arctic_vegetation/20230724_riparianshrub20_m3m/ALDE/tile_22282.png,0
arctic_vegetation/20230724_riparianshrub20_m3m/MOSS/tile_22283.png,5
arctic_vegetation/20230724_riparianshrub20_m3m/MOSS/tile_22284.png,5
arctic_vegetation/20230724_riparianshrub20_m3m/MOSS/tile_22285.png,5
arctic_vegetation/20230724_riparianshrub20_m3m/MOSS/tile_22286.png,5
arctic_vegetation/20230724_riparianshrub20_m3m/MOSS/tile_22287.png,5
arctic_vegetation/20230724_riparianshrub20_m3m/MOSS/tile_22288.png,5
arctic_vegetation/20230724_riparianshrub20_m3m/MOSS/tile_22289.png,5
arctic_vegetation/20230724_riparianshrub20_m3m/MOSS/tile_22290.png,5
arctic_vegetation/20230724_riparianshrub20_m3m/PETF/tile_22291.png,6
arctic_vegetation/20230724_riparianshrub20_m3m/MOSS/tile_22292.png,5
arctic_vegetation/20230724_riparianshrub20_m3m/MOSS/tile_22293.png,5
arctic_vegetation/20230724_riparianshrub20_m3m/MOSS/tile_22294.png,5
arctic_vegetation/20230724_riparianshrub20_m3m/MOSS/tile_22295.png,5
arctic_vegetation/20230724_riparianshrub20_m3m/MOSS/tile_22296.png,5
arctic_vegetation/20230724_riparianshrub20_m3m/ALDE/tile_22305.png,0
arctic_vegetation/20230724_riparianshrub20_m3m/ALDE/tile_22306.png,0
arctic_vegetation/20230724_riparianshrub20_m3m/ALDE/tile_22307.png,0
arctic_vegetation/20230724_riparianshrub20_m3m/BIRC/tile_22308.png,2
arctic_vegetation/20230724_riparianshrub20_m3m/BIRC/tile_22309.png,2
arctic_vegetation/20230724_riparianshrub20_m3m/ALDE/tile_22310.png,0
arctic_vegetation/20230724_riparianshrub20_m3m/ALDE/tile_22311.png,0
arctic_vegetation/20230724_riparianshrub20_m3m/ALDE/tile_22312.png,0
arctic_vegetation/20230724_riparianshrub20_m3m/ALDE/tile_22313.png,0
arctic_vegetation/20230724_riparianshrub20_m3m/ALDE/tile_22314.png,0
arctic_vegetation/20230724_riparianshrub20_m3m/ALDE/tile_22315.png,0
arctic_vegetation/20230724_riparianshrub20_m3m/ALDE/tile_22316.png,0
arctic_vegetation/20230724_riparianshrub20_m3m/ALDE/tile_22317.png,0
arctic_vegetation/20230724_riparianshrub20_m3m/ALDE/tile_22318.png,0
arctic_vegetation/20230724_riparianshrub20_m3m/ALDE/tile_22319.png,0
arctic_vegetation/20230724_riparianshrub20_m3m/WILL/tile_22320.png,11
arctic_vegetation/20230724_riparianshrub20_m3m/WILL/tile_22321.png,11
arctic_vegetation/20230724_riparianshrub20_m3m/WILL/tile_22322.png,11
arctic_vegetation/20230724_riparianshrub20_m3m/WILL/tile_22323.png,11
arctic_vegetation/20230724_riparianshrub20_m3m/WILL/tile_22324.png,11
arctic_vegetation/20230724_riparianshrub20_m3m/WILL/tile_22325.png,11
arctic_vegetation/20230724_riparianshrub20_m3m/WILL/tile_22326.png,11
arctic_vegetation/20230724_riparianshrub20_m3m/WILL/tile_22327.png,11
arctic_vegetation/20230724_riparianshrub20_m3m/WILL/tile_22328.png,11
arctic_vegetation/20230724_riparianshrub20_m3m/WILL/tile_22329.png,11
arctic_vegetation/20230724_riparianshrub20_m3m/WILL/tile_22330.png,11
arctic_vegetation/20230724_riparianshrub20_m3m/WILL/tile_22331.png,11
arctic_vegetation/20230724_riparianshrub20_m3m/WILL/tile_22332.png,11
arctic_vegetation/20230724_riparianshrub20_m3m/WILL/tile_22333.png,11
arctic_vegetation/20230724_riparianshrub20_m3m/WILL/tile_22334.png,11
arctic_vegetation/20230724_riparianshrub20_m3m/WILL/tile_22335.png,11
arctic_vegetation/20230724_riparianshrub20_m3m/MOSS/tile_22362.png,5
arctic_vegetation/20230724_riparianshrub20_m3m/MOSS/tile_22363.png,5
arctic_vegetation/20230724_riparianshrub20_m3m/MOSS/tile_22364.png,5
arctic_vegetation/20230724_riparianshrub20_m3m/MOSS/tile_22365.png,5
arctic_vegetation/20230724_riparianshrub20_m3m/SEDG/tile_22367.png,9
arctic_vegetation/20230724_riparianshrub20_m3m/SEDG/tile_22368.png,9
arctic_vegetation/20230724_riparianshrub20_m3m/SEDG/tile_22369.png,9
arctic_vegetation/20230724_riparianshrub20_m3m/SEDG/tile_22370.png,9
arctic_vegetation/20230724_riparianshrub20_m3m/SEDG/tile_22371.png,9
arctic_vegetation/20230724_riparianshrub20_m3m/SEDG/tile_22372.png,9
arctic_vegetation/20230724_riparianshrub20_m3m/ALDE/tile_22456.png,0
arctic_vegetation/20230724_riparianshrub20_m3m/ALDE/tile_22457.png,0
arctic_vegetation/20230724_riparianshrub20_m3m/MOSS/tile_22458.png,5
arctic_vegetation/20230724_riparianshrub20_m3m/MOSS/tile_22459.png,5
arctic_vegetation/20230724_riparianshrub20_m3m/MOSS/tile_22460.png,5
arctic_vegetation/20230724_riparianshrub20_m3m/MOSS/tile_22461.png,5
arctic_vegetation/20230724_riparianshrub20_m3m/MOSS/tile_22462.png,5
arctic_vegetation/20230724_riparianshrub20_m3m/MOSS/tile_22463.png,5
arctic_vegetation/20230724_riparianshrub20_m3m/MOSS/tile_22464.png,5
arctic_vegetation/20230724_riparianshrub20_m3m/MOSS/tile_22465.png,5
arctic_vegetation/20230724_riparianshrub20_m3m/MOSS/tile_22466.png,5
arctic_vegetation/20230724_riparianshrub20_m3m/MOSS/tile_22467.png,5
arctic_vegetation/20230724_riparianshrub20_m3m/MOSS/tile_22468.png,5
arctic_vegetation/20230724_riparianshrub20_m3m/MOSS/tile_22469.png,5
arctic_vegetation/20230724_riparianshrub20_m3m/MOSS/tile_22470.png,5
arctic_vegetation/20230724_riparianshrub20_m3m/MOSS/tile_22471.png,5
arctic_vegetation/20230724_riparianshrub20_m3m/MOSS/tile_22472.png,5
arctic_vegetation/20230724_riparianshrub20_m3m/ALDE/tile_22473.png,0
arctic_vegetation/20230724_riparianshrub20_m3m/ALDE/tile_22474.png,0
arctic_vegetation/20230724_riparianshrub20_m3m/MOSS/tile_22475.png,5
arctic_vegetation/20230724_riparianshrub20_m3m/ALDE/tile_22479.png,0
arctic_vegetation/20230724_riparianshrub20_m3m/ALDE/tile_22480.png,0
arctic_vegetation/20230724_riparianshrub20_m3m/ALDE/tile_22481.png,0
arctic_vegetation/20230724_riparianshrub20_m3m/ALDE/tile_22482.png,0
arctic_vegetation/20230724_riparianshrub20_m3m/ALDE/tile_22483.png,0
arctic_vegetation/20230724_riparianshrub20_m3m/BIRC/tile_22484.png,2
arctic_vegetation/20230724_riparianshrub20_m3m/ALDE/tile_22485.png,0
arctic_vegetation/20230724_riparianshrub20_m3m/ALDE/tile_22486.png,0
arctic_vegetation/20230724_riparianshrub20_m3m/ALDE/tile_22487.png,0
arctic_vegetation/20230724_riparianshrub20_m3m/ALDE/tile_22488.png,0
arctic_vegetation/20230724_riparianshrub20_m3m/ALDE/tile_22489.png,0
arctic_vegetation/20230724_riparianshrub20_m3m/ALDE/tile_22490.png,0
arctic_vegetation/20230724_riparianshrub20_m3m/ALDE/tile_22491.png,0
arctic_vegetation/20230724_riparianshrub20_m3m/ALDE/tile_22492.png,0
arctic_vegetation/20230724_riparianshrub20_m3m/ALDE/tile_22493.png,0
arctic_vegetation/20230724_riparianshrub20_m3m/ALDE/tile_22494.png,0
arctic_vegetation/20230724_riparianshrub20_m3m/WILL/tile_22495.png,11
arctic_vegetation/20230724_riparianshrub20_m3m/WILL/tile_22496.png,11
arctic_vegetation/20230724_riparianshrub20_m3m/WILL/tile_22497.png,11
arctic_vegetation/20230724_riparianshrub20_m3m/WILL/tile_22498.png,11
arctic_vegetation/20230724_riparianshrub20_m3m/WILL/tile_22499.png,11
arctic_vegetation/20230724_riparianshrub20_m3m/WILL/tile_22500.png,11
arctic_vegetation/20230724_riparianshrub20_m3m/WILL/tile_22501.png,11
arctic_vegetation/20230724_riparianshrub20_m3m/WILL/tile_22502.png,11
arctic_vegetation/20230724_riparianshrub20_m3m/WILL/tile_22503.png,11
arctic_vegetation/20230724_riparianshrub20_m3m/WILL/tile_22504.png,11
arctic_vegetation/20230724_riparianshrub20_m3m/WILL/tile_22505.png,11
arctic_vegetation/20230724_riparianshrub20_m3m/WILL/tile_22506.png,11
arctic_vegetation/20230724_riparianshrub20_m3m/WILL/tile_22507.png,11
arctic_vegetation/20230724_riparianshrub20_m3m/WILL/tile_22508.png,11
arctic_vegetation/20230724_riparianshrub20_m3m/WILL/tile_22509.png,11
arctic_vegetation/20230724_riparianshrub20_m3m/WILL/tile_22510.png,11
arctic_vegetation/20230724_riparianshrub20_m3m/MOSS/tile_22537.png,5
arctic_vegetation/20230724_riparianshrub20_m3m/MOSS/tile_22538.png,5
arctic_vegetation/20230724_riparianshrub20_m3m/MOSS/tile_22539.png,5
arctic_vegetation/20230724_riparianshrub20_m3m/MOSS/tile_22540.png,5
arctic_vegetation/20230724_riparianshrub20_m3m/SEDG/tile_22542.png,9
arctic_vegetation/20230724_riparianshrub20_m3m/SEDG/tile_22543.png,9
arctic_vegetation/20230724_riparianshrub20_m3m/SEDG/tile_22544.png,9
arctic_vegetation/20230724_riparianshrub20_m3m/SEDG/tile_22545.png,9
arctic_vegetation/20230724_riparianshrub20_m3m/SEDG/tile_22546.png,9
arctic_vegetation/20230724_riparianshrub20_m3m/SEDG/tile_22547.png,9
arctic_vegetation/20230724_riparianshrub20_m3m/PETF/tile_22630.png,6
arctic_vegetation/20230724_riparianshrub20_m3m/ALDE/tile_22631.png,0
arctic_vegetation/20230724_riparianshrub20_m3m/ALDE/tile_22632.png,0
arctic_vegetation/20230724_riparianshrub20_m3m/ALDE/tile_22633.png,0
arctic_vegetation/20230724_riparianshrub20_m3m/MOSS/tile_22634.png,5
arctic_vegetation/20230724_riparianshrub20_m3m/MOSS/tile_22635.png,5
arctic_vegetation/20230724_riparianshrub20_m3m/MOSS/tile_22636.png,5
arctic_vegetation/20230724_riparianshrub20_m3m/MOSS/tile_22637.png,5
arctic_vegetation/20230724_riparianshrub20_m3m/MOSS/tile_22638.png,5
arctic_vegetation/20230724_riparianshrub20_m3m/MOSS/tile_22639.png,5
arctic_vegetation/20230724_riparianshrub20_m3m/MOSS/tile_22640.png,5
arctic_vegetation/20230724_riparianshrub20_m3m/MOSS/tile_22641.png,5
arctic_vegetation/20230724_riparianshrub20_m3m/MOSS/tile_22642.png,5
arctic_vegetation/20230724_riparianshrub20_m3m/MOSS/tile_22643.png,5
arctic_vegetation/20230724_riparianshrub20_m3m/MOSS/tile_22644.png,5
arctic_vegetation/20230724_riparianshrub20_m3m/MOSS/tile_22645.png,5
arctic_vegetation/20230724_riparianshrub20_m3m/MOSS/tile_22646.png,5
arctic_vegetation/20230724_riparianshrub20_m3m/MOSS/tile_22647.png,5
arctic_vegetation/20230724_riparianshrub20_m3m/MOSS/tile_22648.png,5
arctic_vegetation/20230724_riparianshrub20_m3m/MOSS/tile_22649.png,5
arctic_vegetation/20230724_riparianshrub20_m3m/MOSS/tile_22650.png,5
arctic_vegetation/20230724_riparianshrub20_m3m/ALDE/tile_22654.png,0
arctic_vegetation/20230724_riparianshrub20_m3m/ALDE/tile_22655.png,0
arctic_vegetation/20230724_riparianshrub20_m3m/ALDE/tile_22656.png,0
arctic_vegetation/20230724_riparianshrub20_m3m/WILL/tile_22657.png,11
arctic_vegetation/20230724_riparianshrub20_m3m/WILL/tile_22658.png,11
arctic_vegetation/20230724_riparianshrub20_m3m/WILL/tile_22659.png,11
arctic_vegetation/20230724_riparianshrub20_m3m/WILL/tile_22660.png,11
arctic_vegetation/20230724_riparianshrub20_m3m/WILL/tile_22661.png,11
arctic_vegetation/20230724_riparianshrub20_m3m/WILL/tile_22662.png,11
arctic_vegetation/20230724_riparianshrub20_m3m/ALDE/tile_22663.png,0
arctic_vegetation/20230724_riparianshrub20_m3m/ALDE/tile_22664.png,0
arctic_vegetation/20230724_riparianshrub20_m3m/ALDE/tile_22665.png,0
arctic_vegetation/20230724_riparianshrub20_m3m/ALDE/tile_22666.png,0
arctic_vegetation/20230724_riparianshrub20_m3m/ALDE/tile_22667.png,0
arctic_vegetation/20230724_riparianshrub20_m3m/ALDE/tile_22668.png,0
arctic_vegetation/20230724_riparianshrub20_m3m/WILL/tile_22669.png,11
arctic_vegetation/20230724_riparianshrub20_m3m/WILL/tile_22670.png,11
arctic_vegetation/20230724_riparianshrub20_m3m/WILL/tile_22671.png,11
arctic_vegetation/20230724_riparianshrub20_m3m/WILL/tile_22672.png,11
arctic_vegetation/20230724_riparianshrub20_m3m/WILL/tile_22673.png,11
arctic_vegetation/20230724_riparianshrub20_m3m/WILL/tile_22674.png,11
arctic_vegetation/20230724_riparianshrub20_m3m/WILL/tile_22675.png,11
arctic_vegetation/20230724_riparianshrub20_m3m/WILL/tile_22676.png,11
arctic_vegetation/20230724_riparianshrub20_m3m/WILL/tile_22677.png,11
arctic_vegetation/20230724_riparianshrub20_m3m/WILL/tile_22678.png,11
arctic_vegetation/20230724_riparianshrub20_m3m/WILL/tile_22679.png,11
arctic_vegetation/20230724_riparianshrub20_m3m/WILL/tile_22680.png,11
arctic_vegetation/20230724_riparianshrub20_m3m/WILL/tile_22681.png,11
arctic_vegetation/20230724_riparianshrub20_m3m/WILL/tile_22682.png,11
arctic_vegetation/20230724_riparianshrub20_m3m/WILL/tile_22683.png,11
arctic_vegetation/20230724_riparianshrub20_m3m/WILL/tile_22684.png,11
arctic_vegetation/20230724_riparianshrub20_m3m/WILL/tile_22685.png,11
arctic_vegetation/20230724_riparianshrub20_m3m/SEDG/tile_22717.png,9
arctic_vegetation/20230724_riparianshrub20_m3m/SEDG/tile_22718.png,9
arctic_vegetation/20230724_riparianshrub20_m3m/SEDG/tile_22719.png,9
arctic_vegetation/20230724_riparianshrub20_m3m/SEDG/tile_22720.png,9
arctic_vegetation/20230724_riparianshrub20_m3m/SEDG/tile_22721.png,9
arctic_vegetation/20230724_riparianshrub20_m3m/SEDG/tile_22722.png,9
arctic_vegetation/20230724_riparianshrub20_m3m/MOSS/tile_22805.png,5
arctic_vegetation/20230724_riparianshrub20_m3m/MOSS/tile_22806.png,5
arctic_vegetation/20230724_riparianshrub20_m3m/ALDE/tile_22807.png,0
arctic_vegetation/20230724_riparianshrub20_m3m/ALDE/tile_22808.png,0
arctic_vegetation/20230724_riparianshrub20_m3m/MOSS/tile_22809.png,5
arctic_vegetation/20230724_riparianshrub20_m3m/MOSS/tile_22810.png,5
arctic_vegetation/20230724_riparianshrub20_m3m/MOSS/tile_22811.png,5
arctic_vegetation/20230724_riparianshrub20_m3m/MOSS/tile_22812.png,5
arctic_vegetation/20230724_riparianshrub20_m3m/MOSS/tile_22813.png,5
arctic_vegetation/20230724_riparianshrub20_m3m/MOSS/tile_22814.png,5
arctic_vegetation/20230724_riparianshrub20_m3m/MOSS/tile_22815.png,5
arctic_vegetation/20230724_riparianshrub20_m3m/MOSS/tile_22816.png,5
arctic_vegetation/20230724_riparianshrub20_m3m/MOSS/tile_22817.png,5
arctic_vegetation/20230724_riparianshrub20_m3m/MOSS/tile_22818.png,5
arctic_vegetation/20230724_riparianshrub20_m3m/MOSS/tile_22819.png,5
arctic_vegetation/20230724_riparianshrub20_m3m/MOSS/tile_22820.png,5
arctic_vegetation/20230724_riparianshrub20_m3m/MOSS/tile_22821.png,5
arctic_vegetation/20230724_riparianshrub20_m3m/MOSS/tile_22822.png,5
arctic_vegetation/20230724_riparianshrub20_m3m/MOSS/tile_22823.png,5
arctic_vegetation/20230724_riparianshrub20_m3m/MOSS/tile_22824.png,5
arctic_vegetation/20230724_riparianshrub20_m3m/ALDE/tile_22830.png,0
arctic_vegetation/20230724_riparianshrub20_m3m/ALDE/tile_22831.png,0
arctic_vegetation/20230724_riparianshrub20_m3m/WILL/tile_22832.png,11
arctic_vegetation/20230724_riparianshrub20_m3m/WILL/tile_22833.png,11
arctic_vegetation/20230724_riparianshrub20_m3m/WILL/tile_22834.png,11
arctic_vegetation/20230724_riparianshrub20_m3m/WILL/tile_22835.png,11
arctic_vegetation/20230724_riparianshrub20_m3m/WILL/tile_22836.png,11
arctic_vegetation/20230724_riparianshrub20_m3m/WILL/tile_22837.png,11
arctic_vegetation/20230724_riparianshrub20_m3m/WILL/tile_22838.png,11
arctic_vegetation/20230724_riparianshrub20_m3m/WILL/tile_22839.png,11
arctic_vegetation/20230724_riparianshrub20_m3m/WILL/tile_22840.png,11
arctic_vegetation/20230724_riparianshrub20_m3m/WILL/tile_22841.png,11
arctic_vegetation/20230724_riparianshrub20_m3m/WILL/tile_22842.png,11
arctic_vegetation/20230724_riparianshrub20_m3m/WILL/tile_22843.png,11
arctic_vegetation/20230724_riparianshrub20_m3m/WILL/tile_22844.png,11
arctic_vegetation/20230724_riparianshrub20_m3m/WILL/tile_22845.png,11
arctic_vegetation/20230724_riparianshrub20_m3m/WILL/tile_22846.png,11
arctic_vegetation/20230724_riparianshrub20_m3m/WILL/tile_22847.png,11
arctic_vegetation/20230724_riparianshrub20_m3m/WILL/tile_22848.png,11
arctic_vegetation/20230724_riparianshrub20_m3m/WILL/tile_22849.png,11
arctic_vegetation/20230724_riparianshrub20_m3m/WILL/tile_22850.png,11
arctic_vegetation/20230724_riparianshrub20_m3m/WILL/tile_22851.png,11
arctic_vegetation/20230724_riparianshrub20_m3m/WILL/tile_22852.png,11
arctic_vegetation/20230724_riparianshrub20_m3m/WILL/tile_22853.png,11
arctic_vegetation/20230724_riparianshrub20_m3m/WILL/tile_22854.png,11
arctic_vegetation/20230724_riparianshrub20_m3m/WILL/tile_22855.png,11
arctic_vegetation/20230724_riparianshrub20_m3m/WILL/tile_22856.png,11
arctic_vegetation/20230724_riparianshrub20_m3m/WILL/tile_22857.png,11
arctic_vegetation/20230724_riparianshrub20_m3m/WILL/tile_22858.png,11
arctic_vegetation/20230724_riparianshrub20_m3m/WILL/tile_22859.png,11
arctic_vegetation/20230724_riparianshrub20_m3m/WILL/tile_22860.png,11
arctic_vegetation/20230724_riparianshrub20_m3m/MOSS/tile_22894.png,5
arctic_vegetation/20230724_riparianshrub20_m3m/SEDG/tile_22895.png,9
arctic_vegetation/20230724_riparianshrub20_m3m/SEDG/tile_22896.png,9
arctic_vegetation/20230724_riparianshrub20_m3m/SEDG/tile_22897.png,9
arctic_vegetation/20230724_riparianshrub20_m3m/MOSS/tile_22980.png,5
arctic_vegetation/20230724_riparianshrub20_m3m/MOSS/tile_22981.png,5
arctic_vegetation/20230724_riparianshrub20_m3m/MOSS/tile_22982.png,5
arctic_vegetation/20230724_riparianshrub20_m3m/MOSS/tile_22983.png,5
arctic_vegetation/20230724_riparianshrub20_m3m/MOSS/tile_22984.png,5
arctic_vegetation/20230724_riparianshrub20_m3m/MOSS/tile_22985.png,5
arctic_vegetation/20230724_riparianshrub20_m3m/MOSS/tile_22986.png,5
arctic_vegetation/20230724_riparianshrub20_m3m/MOSS/tile_22987.png,5
arctic_vegetation/20230724_riparianshrub20_m3m/MOSS/tile_22988.png,5
arctic_vegetation/20230724_riparianshrub20_m3m/MOSS/tile_22990.png,5
arctic_vegetation/20230724_riparianshrub20_m3m/MOSS/tile_22991.png,5
arctic_vegetation/20230724_riparianshrub20_m3m/MOSS/tile_22992.png,5
arctic_vegetation/20230724_riparianshrub20_m3m/MOSS/tile_22993.png,5
arctic_vegetation/20230724_riparianshrub20_m3m/MOSS/tile_22994.png,5
arctic_vegetation/20230724_riparianshrub20_m3m/MOSS/tile_22995.png,5
arctic_vegetation/20230724_riparianshrub20_m3m/MOSS/tile_22996.png,5
arctic_vegetation/20230724_riparianshrub20_m3m/MOSS/tile_22997.png,5
arctic_vegetation/20230724_riparianshrub20_m3m/MOSS/tile_22998.png,5
arctic_vegetation/20230724_riparianshrub20_m3m/MOSS/tile_22999.png,5
arctic_vegetation/20230724_riparianshrub20_m3m/ALDE/tile_23006.png,0
arctic_vegetation/20230724_riparianshrub20_m3m/WILL/tile_23007.png,11
arctic_vegetation/20230724_riparianshrub20_m3m/WILL/tile_23008.png,11
arctic_vegetation/20230724_riparianshrub20_m3m/WILL/tile_23009.png,11
arctic_vegetation/20230724_riparianshrub20_m3m/WILL/tile_23010.png,11
arctic_vegetation/20230724_riparianshrub20_m3m/WILL/tile_23011.png,11
arctic_vegetation/20230724_riparianshrub20_m3m/WILL/tile_23012.png,11
arctic_vegetation/20230724_riparianshrub20_m3m/WILL/tile_23013.png,11
arctic_vegetation/20230724_riparianshrub20_m3m/WILL/tile_23015.png,11
arctic_vegetation/20230724_riparianshrub20_m3m/WILL/tile_23016.png,11
arctic_vegetation/20230724_riparianshrub20_m3m/WILL/tile_23017.png,11
arctic_vegetation/20230724_riparianshrub20_m3m/WILL/tile_23018.png,11
arctic_vegetation/20230724_riparianshrub20_m3m/WILL/tile_23019.png,11
