filepath,label
arctic_vegetation/20230724_birch24_m3m/BIRC/tile_08498.png,2
arctic_vegetation/20230724_birch24_m3m/BIRC/tile_08499.png,2
arctic_vegetation/20230724_birch24_m3m/BIRC/tile_08500.png,2
arctic_vegetation/20230724_birch24_m3m/BIRC/tile_08501.png,2
arctic_vegetation/20230724_birch24_m3m/BIRC/tile_08502.png,2
arctic_vegetation/20230724_birch24_m3m/BIRC/tile_08503.png,2
arctic_vegetation/20230724_birch24_m3m/BIRC/tile_08504.png,2
arctic_vegetation/20230724_birch24_m3m/PETF/tile_08505.png,6
arctic_vegetation/20230724_birch24_m3m/BIRC/tile_08507.png,2
arctic_vegetation/20230724_birch24_m3m/BIRC/tile_08508.png,2
arctic_vegetation/20230724_birch24_m3m/BIRC/tile_08509.png,2
arctic_vegetation/20230724_birch24_m3m/BIRC/tile_08510.png,2
arctic_vegetation/20230724_birch24_m3m/BIRC/tile_08511.png,2
arctic_vegetation/20230724_birch24_m3m/BIRC/tile_08512.png,2
arctic_vegetation/20230724_birch24_m3m/BIRC/tile_08513.png,2
arctic_vegetation/20230724_birch24_m3m/BIRC/tile_08514.png,2
arctic_vegetation/20230724_birch24_m3m/BIRC/tile_08515.png,2
arctic_vegetation/20230724_birch24_m3m/BIRC/tile_08516.png,2
arctic_vegetation/20230724_birch24_m3m/BIRC/tile_08517.png,2
arctic_vegetation/20230724_birch24_m3m/BIRC/tile_08518.png,2
arctic_vegetation/20230724_birch24_m3m/BIRC/tile_08519.png,2
arctic_vegetation/20230724_birch24_m3m/BIRC/tile_08520.png,2
arctic_vegetation/20230724_birch24_m3m/BIRC/tile_08527.png,2
arctic_vegetation/20230724_birch24_m3m/BIRC/tile_08528.png,2
arctic_vegetation/20230724_birch24_m3m/BIRC/tile_08529.png,2
arctic_vegetation/20230724_birch24_m3m/BIRC/tile_08712.png,2
arctic_vegetation/20230724_birch24_m3m/BIRC/tile_08713.png,2
arctic_vegetation/20230724_birch24_m3m/BIRC/tile_08714.png,2
arctic_vegetation/20230724_birch24_m3m/BIRC/tile_08715.png,2
arctic_vegetation/20230724_birch24_m3m/BIRC/tile_08716.png,2
arctic_vegetation/20230724_birch24_m3m/BIRC/tile_08717.png,2
arctic_vegetation/20230724_birch24_m3m/BIRC/tile_08718.png,2
arctic_vegetation/20230724_birch24_m3m/BIRC/tile_08719.png,2
arctic_vegetation/20230724_birch24_m3m/BIRC/tile_08721.png,2
arctic_vegetation/20230724_birch24_m3m/BIRC/tile_08722.png,2
arctic_vegetation/20230724_birch24_m3m/BIRC/tile_08723.png,2
arctic_vegetation/20230724_birch24_m3m/BIRC/tile_08724.png,2
arctic_vegetation/20230724_birch24_m3m/BIRC/tile_08725.png,2
arctic_vegetation/20230724_birch24_m3m/BIRC/tile_08726.png,2
arctic_vegetation/20230724_birch24_m3m/BIRC/tile_08727.png,2
arctic_vegetation/20230724_birch24_m3m/BIRC/tile_08728.png,2
arctic_vegetation/20230724_birch24_m3m/BIRC/tile_08729.png,2
arctic_vegetation/20230724_birch24_m3m/BIRC/tile_08730.png,2
arctic_vegetation/20230724_birch24_m3m/BIRC/tile_08731.png,2
arctic_vegetation/20230724_birch24_m3m/BIRC/tile_08732.png,2
arctic_vegetation/20230724_birch24_m3m/BIRC/tile_08733.png,2
arctic_vegetation/20230724_birch24_m3m/BIRC/tile_08734.png,2
arctic_vegetation/20230724_birch24_m3m/BIRC/tile_08735.png,2
arctic_vegetation/20230724_birch24_m3m/BIRC/tile_08739.png,2
arctic_vegetation/20230724_birch24_m3m/BIRC/tile_08740.png,2
arctic_vegetation/20230724_birch24_m3m/BIRC/tile_08741.png,2
arctic_vegetation/20230724_birch24_m3m/BIRC/tile_08742.png,2
arctic_vegetation/20230724_birch24_m3m/BIRC/tile_08743.png,2
arctic_vegetation/20230724_birch24_m3m/BIRC/tile_08926.png,2
arctic_vegetation/20230724_birch24_m3m/BIRC/tile_08927.png,2
arctic_vegetation/20230724_birch24_m3m/BIRC/tile_08928.png,2
arctic_vegetation/20230724_birch24_m3m/BIRC/tile_08929.png,2
arctic_vegetation/20230724_birch24_m3m/BIRC/tile_08930.png,2
arctic_vegetation/20230724_birch24_m3m/BIRC/tile_08931.png,2
arctic_vegetation/20230724_birch24_m3m/BIRC/tile_08932.png,2
arctic_vegetation/20230724_birch24_m3m/BIRC/tile_08933.png,2
arctic_vegetation/20230724_birch24_m3m/BIRC/tile_08934.png,2
arctic_vegetation/20230724_birch24_m3m/BIRC/tile_08935.png,2
arctic_vegetation/20230724_birch24_m3m/BIRC/tile_08936.png,2
arctic_vegetation/20230724_birch24_m3m/BIRC/tile_08937.png,2
arctic_vegetation/20230724_birch24_m3m/BIRC/tile_08938.png,2
arctic_vegetation/20230724_birch24_m3m/BIRC/tile_08939.png,2
arctic_vegetation/20230724_birch24_m3m/BIRC/tile_08940.png,2
arctic_vegetation/20230724_birch24_m3m/BIRC/tile_08941.png,2
arctic_vegetation/20230724_birch24_m3m/BIRC/tile_08942.png,2
arctic_vegetation/20230724_birch24_m3m/BIRC/tile_08943.png,2
arctic_vegetation/20230724_birch24_m3m/BIRC/tile_08944.png,2
arctic_vegetation/20230724_birch24_m3m/BIRC/tile_08945.png,2
arctic_vegetation/20230724_birch24_m3m/BIRC/tile_08946.png,2
arctic_vegetation/20230724_birch24_m3m/BIRC/tile_08947.png,2
arctic_vegetation/20230724_birch24_m3m/BIRC/tile_08948.png,2
arctic_vegetation/20230724_birch24_m3m/BIRC/tile_08949.png,2
arctic_vegetation/20230724_birch24_m3m/BIRC/tile_08953.png,2
arctic_vegetation/20230724_birch24_m3m/BIRC/tile_08954.png,2
arctic_vegetation/20230724_birch24_m3m/BIRC/tile_08955.png,2
arctic_vegetation/20230724_birch24_m3m/BIRC/tile_08956.png,2
arctic_vegetation/20230724_birch24_m3m/BIRC/tile_08957.png,2
arctic_vegetation/20230724_birch24_m3m/BIRC/tile_09140.png,2
arctic_vegetation/20230724_birch24_m3m/BIRC/tile_09141.png,2
arctic_vegetation/20230724_birch24_m3m/BIRC/tile_09142.png,2
arctic_vegetation/20230724_birch24_m3m/BIRC/tile_09143.png,2
arctic_vegetation/20230724_birch24_m3m/BIRC/tile_09144.png,2
arctic_vegetation/20230724_birch24_m3m/BIRC/tile_09145.png,2
arctic_vegetation/20230724_birch24_m3m/BIRC/tile_09146.png,2
arctic_vegetation/20230724_birch24_m3m/BIRC/tile_09147.png,2
arctic_vegetation/20230724_birch24_m3m/BIRC/tile_09148.png,2
arctic_vegetation/20230724_birch24_m3m/BIRC/tile_09149.png,2
arctic_vegetation/20230724_birch24_m3m/BIRC/tile_09150.png,2
arctic_vegetation/20230724_birch24_m3m/BIRC/tile_09151.png,2
arctic_vegetation/20230724_birch24_m3m/BIRC/tile_09152.png,2
arctic_vegetation/20230724_birch24_m3m/BIRC/tile_09153.png,2
arctic_vegetation/20230724_birch24_m3m/BIRC/tile_09154.png,2
arctic_vegetation/20230724_birch24_m3m/BIRC/tile_09155.png,2
arctic_vegetation/20230724_birch24_m3m/BIRC/tile_09156.png,2
arctic_vegetation/20230724_birch24_m3m/BIRC/tile_09157.png,2
arctic_vegetation/20230724_birch24_m3m/BIRC/tile_09158.png,2
arctic_vegetation/20230724_birch24_m3m/BIRC/tile_09159.png,2
arctic_vegetation/20230724_birch24_m3m/BIRC/tile_09160.png,2
arctic_vegetation/20230724_birch24_m3m/BIRC/tile_09161.png,2
arctic_vegetation/20230724_birch24_m3m/BIRC/tile_09162.png,2
arctic_vegetation/20230724_birch24_m3m/BIRC/tile_09163.png,2
arctic_vegetation/20230724_birch24_m3m/BIRC/tile_09167.png,2
arctic_vegetation/20230724_birch24_m3m/BIRC/tile_09168.png,2
arctic_vegetation/20230724_birch24_m3m/BIRC/tile_09169.png,2
arctic_vegetation/20230724_birch24_m3m/BIRC/tile_09170.png,2
arctic_vegetation/20230724_birch24_m3m/BIRC/tile_09171.png,2
arctic_vegetation/20230724_birch24_m3m/BIRC/tile_09172.png,2
arctic_vegetation/20230724_birch24_m3m/BIRC/tile_09354.png,2
arctic_vegetation/20230724_birch24_m3m/BIRC/tile_09355.png,2
arctic_vegetation/20230724_birch24_m3m/BIRC/tile_09356.png,2
arctic_vegetation/20230724_birch24_m3m/BIRC/tile_09357.png,2
arctic_vegetation/20230724_birch24_m3m/BIRC/tile_09358.png,2
arctic_vegetation/20230724_birch24_m3m/BIRC/tile_09359.png,2
arctic_vegetation/20230724_birch24_m3m/BIRC/tile_09360.png,2
arctic_vegetation/20230724_birch24_m3m/BIRC/tile_09361.png,2
arctic_vegetation/20230724_birch24_m3m/BIRC/tile_09362.png,2
arctic_vegetation/20230724_birch24_m3m/BIRC/tile_09363.png,2
arctic_vegetation/20230724_birch24_m3m/BIRC/tile_09364.png,2
arctic_vegetation/20230724_birch24_m3m/BIRC/tile_09365.png,2
arctic_vegetation/20230724_birch24_m3m/BIRC/tile_09366.png,2
arctic_vegetation/20230724_birch24_m3m/BIRC/tile_09367.png,2
arctic_vegetation/20230724_birch24_m3m/BIRC/tile_09368.png,2
arctic_vegetation/20230724_birch24_m3m/BIRC/tile_09369.png,2
arctic_vegetation/20230724_birch24_m3m/BIRC/tile_09370.png,2
arctic_vegetation/20230724_birch24_m3m/BIRC/tile_09371.png,2
arctic_vegetation/20230724_birch24_m3m/BIRC/tile_09372.png,2
arctic_vegetation/20230724_birch24_m3m/BIRC/tile_09373.png,2
arctic_vegetation/20230724_birch24_m3m/BIRC/tile_09374.png,2
arctic_vegetation/20230724_birch24_m3m/BIRC/tile_09375.png,2
arctic_vegetation/20230724_birch24_m3m/BIRC/tile_09376.png,2
arctic_vegetation/20230724_birch24_m3m/BIRC/tile_09377.png,2
arctic_vegetation/20230724_birch24_m3m/BIRC/tile_09381.png,2
arctic_vegetation/20230724_birch24_m3m/BIRC/tile_09382.png,2
arctic_vegetation/20230724_birch24_m3m/BIRC/tile_09383.png,2
arctic_vegetation/20230724_birch24_m3m/BIRC/tile_09384.png,2
arctic_vegetation/20230724_birch24_m3m/BIRC/tile_09385.png,2
arctic_vegetation/20230724_birch24_m3m/BIRC/tile_09386.png,2
arctic_vegetation/20230724_birch24_m3m/BIRC/tile_09420.png,2
arctic_vegetation/20230724_birch24_m3m/BIRC/tile_09421.png,2
arctic_vegetation/20230724_birch24_m3m/BIRC/tile_09422.png,2
arctic_vegetation/20230724_birch24_m3m/BIRC/tile_09423.png,2
arctic_vegetation/20230724_birch24_m3m/BIRC/tile_09424.png,2
arctic_vegetation/20230724_birch24_m3m/BIRC/tile_09425.png,2
arctic_vegetation/20230724_birch24_m3m/BIRC/tile_09426.png,2
arctic_vegetation/20230724_birch24_m3m/BIRC/tile_09427.png,2
arctic_vegetation/20230724_birch24_m3m/BIRC/tile_09428.png,2
arctic_vegetation/20230724_birch24_m3m/BIRC/tile_09429.png,2
arctic_vegetation/20230724_birch24_m3m/BIRC/tile_09568.png,2
arctic_vegetation/20230724_birch24_m3m/BIRC/tile_09569.png,2
arctic_vegetation/20230724_birch24_m3m/BIRC/tile_09570.png,2
arctic_vegetation/20230724_birch24_m3m/BIRC/tile_09571.png,2
arctic_vegetation/20230724_birch24_m3m/BIRC/tile_09572.png,2
arctic_vegetation/20230724_birch24_m3m/BIRC/tile_09573.png,2
arctic_vegetation/20230724_birch24_m3m/BIRC/tile_09574.png,2
arctic_vegetation/20230724_birch24_m3m/BIRC/tile_09575.png,2
arctic_vegetation/20230724_birch24_m3m/BIRC/tile_09576.png,2
arctic_vegetation/20230724_birch24_m3m/BIRC/tile_09577.png,2
arctic_vegetation/20230724_birch24_m3m/BIRC/tile_09578.png,2
arctic_vegetation/20230724_birch24_m3m/BIRC/tile_09579.png,2
arctic_vegetation/20230724_birch24_m3m/BIRC/tile_09580.png,2
arctic_vegetation/20230724_birch24_m3m/BIRC/tile_09581.png,2
arctic_vegetation/20230724_birch24_m3m/BIRC/tile_09582.png,2
arctic_vegetation/20230724_birch24_m3m/BIRC/tile_09583.png,2
arctic_vegetation/20230724_birch24_m3m/BIRC/tile_09584.png,2
arctic_vegetation/20230724_birch24_m3m/BIRC/tile_09585.png,2
arctic_vegetation/20230724_birch24_m3m/BIRC/tile_09586.png,2
arctic_vegetation/20230724_birch24_m3m/BIRC/tile_09587.png,2
arctic_vegetation/20230724_birch24_m3m/BIRC/tile_09588.png,2
arctic_vegetation/20230724_birch24_m3m/BIRC/tile_09589.png,2
arctic_vegetation/20230724_birch24_m3m/BIRC/tile_09590.png,2
arctic_vegetation/20230724_birch24_m3m/BIRC/tile_09595.png,2
arctic_vegetation/20230724_birch24_m3m/BIRC/tile_09596.png,2
arctic_vegetation/20230724_birch24_m3m/BIRC/tile_09597.png,2
arctic_vegetation/20230724_birch24_m3m/BIRC/tile_09598.png,2
arctic_vegetation/20230724_birch24_m3m/BIRC/tile_09599.png,2
arctic_vegetation/20230724_birch24_m3m/BIRC/tile_09600.png,2
arctic_vegetation/20230724_birch24_m3m/BIRC/tile_09634.png,2
arctic_vegetation/20230724_birch24_m3m/BIRC/tile_09635.png,2
arctic_vegetation/20230724_birch24_m3m/BIRC/tile_09636.png,2
arctic_vegetation/20230724_birch24_m3m/BIRC/tile_09637.png,2
arctic_vegetation/20230724_birch24_m3m/BIRC/tile_09638.png,2
arctic_vegetation/20230724_birch24_m3m/BIRC/tile_09639.png,2
arctic_vegetation/20230724_birch24_m3m/BIRC/tile_09640.png,2
arctic_vegetation/20230724_birch24_m3m/BIRC/tile_09641.png,2
arctic_vegetation/20230724_birch24_m3m/BIRC/tile_09642.png,2
arctic_vegetation/20230724_birch24_m3m/BIRC/tile_09643.png,2
arctic_vegetation/20230724_birch24_m3m/BIRC/tile_09782.png,2
arctic_vegetation/20230724_birch24_m3m/BIRC/tile_09783.png,2
arctic_vegetation/20230724_birch24_m3m/BIRC/tile_09784.png,2
arctic_vegetation/20230724_birch24_m3m/BIRC/tile_09785.png,2
arctic_vegetation/20230724_birch24_m3m/PETF/tile_09786.png,6
arctic_vegetation/20230724_birch24_m3m/BIRC/tile_09787.png,2
arctic_vegetation/20230724_birch24_m3m/BIRC/tile_09788.png,2
arctic_vegetation/20230724_birch24_m3m/BIRC/tile_09789.png,2
arctic_vegetation/20230724_birch24_m3m/BIRC/tile_09790.png,2
arctic_vegetation/20230724_birch24_m3m/BIRC/tile_09791.png,2
arctic_vegetation/20230724_birch24_m3m/BIRC/tile_09792.png,2
arctic_vegetation/20230724_birch24_m3m/BIRC/tile_09793.png,2
arctic_vegetation/20230724_birch24_m3m/BIRC/tile_09794.png,2
arctic_vegetation/20230724_birch24_m3m/BIRC/tile_09795.png,2
arctic_vegetation/20230724_birch24_m3m/BIRC/tile_09796.png,2
arctic_vegetation/20230724_birch24_m3m/BIRC/tile_09797.png,2
arctic_vegetation/20230724_birch24_m3m/BIRC/tile_09798.png,2
arctic_vegetation/20230724_birch24_m3m/BIRC/tile_09799.png,2
arctic_vegetation/20230724_birch24_m3m/BIRC/tile_09800.png,2
arctic_vegetation/20230724_birch24_m3m/BIRC/tile_09801.png,2
arctic_vegetation/20230724_birch24_m3m/BIRC/tile_09802.png,2
arctic_vegetation/20230724_birch24_m3m/BIRC/tile_09803.png,2
arctic_vegetation/20230724_birch24_m3m/BIRC/tile_09804.png,2
arctic_vegetation/20230724_birch24_m3m/BIRC/tile_09848.png,2
arctic_vegetation/20230724_birch24_m3m/BIRC/tile_09849.png,2
arctic_vegetation/20230724_birch24_m3m/BIRC/tile_09850.png,2
arctic_vegetation/20230724_birch24_m3m/BIRC/tile_09851.png,2
arctic_vegetation/20230724_birch24_m3m/BIRC/tile_09852.png,2
arctic_vegetation/20230724_birch24_m3m/BIRC/tile_09853.png,2
arctic_vegetation/20230724_birch24_m3m/BIRC/tile_09854.png,2
arctic_vegetation/20230724_birch24_m3m/WILL/tile_09855.png,11
arctic_vegetation/20230724_birch24_m3m/WILL/tile_09856.png,11
arctic_vegetation/20230724_birch24_m3m/WILL/tile_09857.png,11
arctic_vegetation/20230724_birch24_m3m/BIRC/tile_09996.png,2
arctic_vegetation/20230724_birch24_m3m/BIRC/tile_09997.png,2
arctic_vegetation/20230724_birch24_m3m/BIRC/tile_09998.png,2
arctic_vegetation/20230724_birch24_m3m/BIRC/tile_09999.png,2
arctic_vegetation/20230724_birch24_m3m/BIRC/tile_10000.png,2
arctic_vegetation/20230724_birch24_m3m/BIRC/tile_10001.png,2
arctic_vegetation/20230724_birch24_m3m/BIRC/tile_10002.png,2
arctic_vegetation/20230724_birch24_m3m/BIRC/tile_10003.png,2
arctic_vegetation/20230724_birch24_m3m/BIRC/tile_10004.png,2
arctic_vegetation/20230724_birch24_m3m/BIRC/tile_10005.png,2
arctic_vegetation/20230724_birch24_m3m/BIRC/tile_10006.png,2
arctic_vegetation/20230724_birch24_m3m/BIRC/tile_10007.png,2
arctic_vegetation/20230724_birch24_m3m/BIRC/tile_10008.png,2
arctic_vegetation/20230724_birch24_m3m/BIRC/tile_10009.png,2
arctic_vegetation/20230724_birch24_m3m/BIRC/tile_10010.png,2
arctic_vegetation/20230724_birch24_m3m/BIRC/tile_10011.png,2
arctic_vegetation/20230724_birch24_m3m/BIRC/tile_10012.png,2
arctic_vegetation/20230724_birch24_m3m/BIRC/tile_10013.png,2
arctic_vegetation/20230724_birch24_m3m/BIRC/tile_10014.png,2
arctic_vegetation/20230724_birch24_m3m/BIRC/tile_10015.png,2
arctic_vegetation/20230724_birch24_m3m/BIRC/tile_10016.png,2
arctic_vegetation/20230724_birch24_m3m/BIRC/tile_10017.png,2
arctic_vegetation/20230724_birch24_m3m/BIRC/tile_10018.png,2
arctic_vegetation/20230724_birch24_m3m/BIRC/tile_10062.png,2
arctic_vegetation/20230724_birch24_m3m/BIRC/tile_10063.png,2
arctic_vegetation/20230724_birch24_m3m/BIRC/tile_10064.png,2
arctic_vegetation/20230724_birch24_m3m/BIRC/tile_10065.png,2
arctic_vegetation/20230724_birch24_m3m/BIRC/tile_10066.png,2
arctic_vegetation/20230724_birch24_m3m/BIRC/tile_10067.png,2
arctic_vegetation/20230724_birch24_m3m/BIRC/tile_10068.png,2
arctic_vegetation/20230724_birch24_m3m/BIRC/tile_10069.png,2
arctic_vegetation/20230724_birch24_m3m/BIRC/tile_10070.png,2
arctic_vegetation/20230724_birch24_m3m/BIRC/tile_10071.png,2
arctic_vegetation/20230724_birch24_m3m/BIRC/tile_10210.png,2
arctic_vegetation/20230724_birch24_m3m/BIRC/tile_10211.png,2
arctic_vegetation/20230724_birch24_m3m/BIRC/tile_10212.png,2
arctic_vegetation/20230724_birch24_m3m/BIRC/tile_10213.png,2
arctic_vegetation/20230724_birch24_m3m/BIRC/tile_10214.png,2
arctic_vegetation/20230724_birch24_m3m/BIRC/tile_10215.png,2
arctic_vegetation/20230724_birch24_m3m/BIRC/tile_10216.png,2
arctic_vegetation/20230724_birch24_m3m/BIRC/tile_10217.png,2
arctic_vegetation/20230724_birch24_m3m/BIRC/tile_10218.png,2
arctic_vegetation/20230724_birch24_m3m/BIRC/tile_10219.png,2
arctic_vegetation/20230724_birch24_m3m/BIRC/tile_10220.png,2
arctic_vegetation/20230724_birch24_m3m/BIRC/tile_10221.png,2
arctic_vegetation/20230724_birch24_m3m/BIRC/tile_10222.png,2
arctic_vegetation/20230724_birch24_m3m/BIRC/tile_10223.png,2
arctic_vegetation/20230724_birch24_m3m/BIRC/tile_10224.png,2
arctic_vegetation/20230724_birch24_m3m/WILL/tile_10225.png,11
arctic_vegetation/20230724_birch24_m3m/WILL/tile_10226.png,11
arctic_vegetation/20230724_birch24_m3m/WILL/tile_10227.png,11
arctic_vegetation/20230724_birch24_m3m/BIRC/tile_10228.png,2
arctic_vegetation/20230724_birch24_m3m/BIRC/tile_10229.png,2
arctic_vegetation/20230724_birch24_m3m/BIRC/tile_10230.png,2
arctic_vegetation/20230724_birch24_m3m/BIRC/tile_10231.png,2
arctic_vegetation/20230724_birch24_m3m/BIRC/tile_10232.png,2
arctic_vegetation/20230724_birch24_m3m/BIRC/tile_10276.png,2
arctic_vegetation/20230724_birch24_m3m/BIRC/tile_10277.png,2
arctic_vegetation/20230724_birch24_m3m/BIRC/tile_10278.png,2
arctic_vegetation/20230724_birch24_m3m/WILL/tile_10279.png,11
arctic_vegetation/20230724_birch24_m3m/BIRC/tile_10280.png,2
arctic_vegetation/20230724_birch24_m3m/BIRC/tile_10281.png,2
arctic_vegetation/20230724_birch24_m3m/BIRC/tile_10282.png,2
arctic_vegetation/20230724_birch24_m3m/BIRC/tile_10283.png,2
arctic_vegetation/20230724_birch24_m3m/BIRC/tile_10284.png,2
arctic_vegetation/20230724_birch24_m3m/BIRC/tile_10285.png,2
arctic_vegetation/20230724_birch24_m3m/BIRC/tile_10424.png,2
arctic_vegetation/20230724_birch24_m3m/BIRC/tile_10425.png,2
arctic_vegetation/20230724_birch24_m3m/BIRC/tile_10426.png,2
arctic_vegetation/20230724_birch24_m3m/BIRC/tile_10427.png,2
arctic_vegetation/20230724_birch24_m3m/BIRC/tile_10428.png,2
arctic_vegetation/20230724_birch24_m3m/BIRC/tile_10429.png,2
arctic_vegetation/20230724_birch24_m3m/BIRC/tile_10430.png,2
arctic_vegetation/20230724_birch24_m3m/BIRC/tile_10431.png,2
arctic_vegetation/20230724_birch24_m3m/BIRC/tile_10432.png,2
arctic_vegetation/20230724_birch24_m3m/BIRC/tile_10433.png,2
arctic_vegetation/20230724_birch24_m3m/BIRC/tile_10434.png,2
arctic_vegetation/20230724_birch24_m3m/BIRC/tile_10435.png,2
arctic_vegetation/20230724_birch24_m3m/BIRC/tile_10436.png,2
arctic_vegetation/20230724_birch24_m3m/BIRC/tile_10437.png,2
arctic_vegetation/20230724_birch24_m3m/BIRC/tile_10438.png,2
arctic_vegetation/20230724_birch24_m3m/WILL/tile_10439.png,11
arctic_vegetation/20230724_birch24_m3m/WILL/tile_10440.png,11
arctic_vegetation/20230724_birch24_m3m/WILL/tile_10441.png,11
arctic_vegetation/20230724_birch24_m3m/BIRC/tile_10442.png,2
arctic_vegetation/20230724_birch24_m3m/BIRC/tile_10443.png,2
arctic_vegetation/20230724_birch24_m3m/BIRC/tile_10444.png,2
arctic_vegetation/20230724_birch24_m3m/BIRC/tile_10445.png,2
arctic_vegetation/20230724_birch24_m3m/PETF/tile_10449.png,6
arctic_vegetation/20230724_birch24_m3m/PETF/tile_10450.png,6
arctic_vegetation/20230724_birch24_m3m/BIRC/tile_10490.png,2
arctic_vegetation/20230724_birch24_m3m/BIRC/tile_10491.png,2
arctic_vegetation/20230724_birch24_m3m/BIRC/tile_10492.png,2
arctic_vegetation/20230724_birch24_m3m/WILL/tile_10493.png,11
arctic_vegetation/20230724_birch24_m3m/BIRC/tile_10494.png,2
arctic_vegetation/20230724_birch24_m3m/BIRC/tile_10495.png,2
arctic_vegetation/20230724_birch24_m3m/BIRC/tile_10496.png,2
arctic_vegetation/20230724_birch24_m3m/BIRC/tile_10497.png,2
arctic_vegetation/20230724_birch24_m3m/BIRC/tile_10498.png,2
arctic_vegetation/20230724_birch24_m3m/BIRC/tile_10499.png,2
arctic_vegetation/20230724_birch24_m3m/BIRC/tile_10638.png,2
arctic_vegetation/20230724_birch24_m3m/BIRC/tile_10639.png,2
arctic_vegetation/20230724_birch24_m3m/BIRC/tile_10640.png,2
arctic_vegetation/20230724_birch24_m3m/BIRC/tile_10641.png,2
arctic_vegetation/20230724_birch24_m3m/BIRC/tile_10642.png,2
arctic_vegetation/20230724_birch24_m3m/BIRC/tile_10643.png,2
arctic_vegetation/20230724_birch24_m3m/BIRC/tile_10644.png,2
arctic_vegetation/20230724_birch24_m3m/BIRC/tile_10645.png,2
arctic_vegetation/20230724_birch24_m3m/WILL/tile_10646.png,11
arctic_vegetation/20230724_birch24_m3m/BIRC/tile_10647.png,2
arctic_vegetation/20230724_birch24_m3m/BIRC/tile_10648.png,2
arctic_vegetation/20230724_birch24_m3m/BIRC/tile_10649.png,2
arctic_vegetation/20230724_birch24_m3m/BIRC/tile_10650.png,2
arctic_vegetation/20230724_birch24_m3m/BIRC/tile_10651.png,2
arctic_vegetation/20230724_birch24_m3m/BIRC/tile_10652.png,2
arctic_vegetation/20230724_birch24_m3m/BIRC/tile_10653.png,2
arctic_vegetation/20230724_birch24_m3m/BIRC/tile_10654.png,2
arctic_vegetation/20230724_birch24_m3m/BIRC/tile_10655.png,2
arctic_vegetation/20230724_birch24_m3m/BIRC/tile_10656.png,2
arctic_vegetation/20230724_birch24_m3m/BIRC/tile_10657.png,2
arctic_vegetation/20230724_birch24_m3m/BIRC/tile_10658.png,2
arctic_vegetation/20230724_birch24_m3m/BIRC/tile_10659.png,2
arctic_vegetation/20230724_birch24_m3m/PETF/tile_10660.png,6
arctic_vegetation/20230724_birch24_m3m/PETF/tile_10663.png,6
arctic_vegetation/20230724_birch24_m3m/PETF/tile_10664.png,6
arctic_vegetation/20230724_birch24_m3m/BIRC/tile_10704.png,2
arctic_vegetation/20230724_birch24_m3m/BIRC/tile_10705.png,2
arctic_vegetation/20230724_birch24_m3m/WILL/tile_10706.png,11
arctic_vegetation/20230724_birch24_m3m/WILL/tile_10707.png,11
arctic_vegetation/20230724_birch24_m3m/BIRC/tile_10708.png,2
arctic_vegetation/20230724_birch24_m3m/BIRC/tile_10709.png,2
arctic_vegetation/20230724_birch24_m3m/BIRC/tile_10710.png,2
arctic_vegetation/20230724_birch24_m3m/BIRC/tile_10711.png,2
arctic_vegetation/20230724_birch24_m3m/BIRC/tile_10712.png,2
arctic_vegetation/20230724_birch24_m3m/BIRC/tile_10713.png,2
arctic_vegetation/20230724_birch24_m3m/BIRC/tile_10853.png,2
arctic_vegetation/20230724_birch24_m3m/BIRC/tile_10854.png,2
arctic_vegetation/20230724_birch24_m3m/BIRC/tile_10855.png,2
arctic_vegetation/20230724_birch24_m3m/BIRC/tile_10856.png,2
arctic_vegetation/20230724_birch24_m3m/BIRC/tile_10857.png,2
arctic_vegetation/20230724_birch24_m3m/BIRC/tile_10858.png,2
arctic_vegetation/20230724_birch24_m3m/BIRC/tile_10859.png,2
arctic_vegetation/20230724_birch24_m3m/BIRC/tile_10860.png,2
arctic_vegetation/20230724_birch24_m3m/BIRC/tile_10861.png,2
arctic_vegetation/20230724_birch24_m3m/BIRC/tile_10862.png,2
arctic_vegetation/20230724_birch24_m3m/BIRC/tile_10863.png,2
arctic_vegetation/20230724_birch24_m3m/WILL/tile_10864.png,11
arctic_vegetation/20230724_birch24_m3m/BIRC/tile_10865.png,2
arctic_vegetation/20230724_birch24_m3m/BIRC/tile_10866.png,2
arctic_vegetation/20230724_birch24_m3m/BIRC/tile_10867.png,2
arctic_vegetation/20230724_birch24_m3m/BIRC/tile_10868.png,2
arctic_vegetation/20230724_birch24_m3m/BIRC/tile_10869.png,2
arctic_vegetation/20230724_birch24_m3m/BIRC/tile_10870.png,2
arctic_vegetation/20230724_birch24_m3m/BIRC/tile_10871.png,2
arctic_vegetation/20230724_birch24_m3m/BIRC/tile_10872.png,2
arctic_vegetation/20230724_birch24_m3m/BIRC/tile_10873.png,2
arctic_vegetation/20230724_birch24_m3m/PETF/tile_10874.png,6
arctic_vegetation/20230724_birch24_m3m/PETF/tile_10875.png,6
arctic_vegetation/20230724_birch24_m3m/BIRC/tile_10918.png,2
arctic_vegetation/20230724_birch24_m3m/BIRC/tile_10919.png,2
arctic_vegetation/20230724_birch24_m3m/BIRC/tile_10920.png,2
arctic_vegetation/20230724_birch24_m3m/WILL/tile_10921.png,11
arctic_vegetation/20230724_birch24_m3m/BIRC/tile_10922.png,2
arctic_vegetation/20230724_birch24_m3m/BIRC/tile_10923.png,2
arctic_vegetation/20230724_birch24_m3m/BIRC/tile_10924.png,2
arctic_vegetation/20230724_birch24_m3m/BIRC/tile_10925.png,2
arctic_vegetation/20230724_birch24_m3m/BIRC/tile_10926.png,2
arctic_vegetation/20230724_birch24_m3m/BIRC/tile_10927.png,2
arctic_vegetation/20230724_birch24_m3m/BIRC/tile_11067.png,2
arctic_vegetation/20230724_birch24_m3m/BIRC/tile_11068.png,2
arctic_vegetation/20230724_birch24_m3m/BIRC/tile_11069.png,2
arctic_vegetation/20230724_birch24_m3m/BIRC/tile_11070.png,2
arctic_vegetation/20230724_birch24_m3m/BIRC/tile_11071.png,2
arctic_vegetation/20230724_birch24_m3m/BIRC/tile_11072.png,2
arctic_vegetation/20230724_birch24_m3m/BIRC/tile_11073.png,2
arctic_vegetation/20230724_birch24_m3m/BIRC/tile_11074.png,2
arctic_vegetation/20230724_birch24_m3m/BIRC/tile_11075.png,2
arctic_vegetation/20230724_birch24_m3m/BIRC/tile_11076.png,2
arctic_vegetation/20230724_birch24_m3m/BIRC/tile_11077.png,2
arctic_vegetation/20230724_birch24_m3m/BIRC/tile_11078.png,2
arctic_vegetation/20230724_birch24_m3m/BIRC/tile_11079.png,2
arctic_vegetation/20230724_birch24_m3m/BIRC/tile_11080.png,2
arctic_vegetation/20230724_birch24_m3m/BIRC/tile_11081.png,2
arctic_vegetation/20230724_birch24_m3m/BIRC/tile_11082.png,2
arctic_vegetation/20230724_birch24_m3m/BIRC/tile_11083.png,2
arctic_vegetation/20230724_birch24_m3m/BIRC/tile_11084.png,2
arctic_vegetation/20230724_birch24_m3m/BIRC/tile_11085.png,2
arctic_vegetation/20230724_birch24_m3m/BIRC/tile_11086.png,2
arctic_vegetation/20230724_birch24_m3m/BIRC/tile_11087.png,2
arctic_vegetation/20230724_birch24_m3m/BIRC/tile_11088.png,2
arctic_vegetation/20230724_birch24_m3m/PETF/tile_11089.png,6
arctic_vegetation/20230724_birch24_m3m/PETF/tile_11135.png,6
arctic_vegetation/20230724_birch24_m3m/PETF/tile_11136.png,6
arctic_vegetation/20230724_birch24_m3m/BIRC/tile_11279.png,2
arctic_vegetation/20230724_birch24_m3m/BIRC/tile_11280.png,2
arctic_vegetation/20230724_birch24_m3m/BIRC/tile_11281.png,2
arctic_vegetation/20230724_birch24_m3m/BIRC/tile_11282.png,2
arctic_vegetation/20230724_birch24_m3m/BIRC/tile_11283.png,2
arctic_vegetation/20230724_birch24_m3m/BIRC/tile_11284.png,2
arctic_vegetation/20230724_birch24_m3m/BIRC/tile_11285.png,2
arctic_vegetation/20230724_birch24_m3m/BIRC/tile_11286.png,2
arctic_vegetation/20230724_birch24_m3m/BIRC/tile_11287.png,2
arctic_vegetation/20230724_birch24_m3m/BIRC/tile_11288.png,2
arctic_vegetation/20230724_birch24_m3m/BIRC/tile_11289.png,2
arctic_vegetation/20230724_birch24_m3m/BIRC/tile_11290.png,2
arctic_vegetation/20230724_birch24_m3m/BIRC/tile_11291.png,2
arctic_vegetation/20230724_birch24_m3m/BIRC/tile_11292.png,2
arctic_vegetation/20230724_birch24_m3m/BIRC/tile_11293.png,2
arctic_vegetation/20230724_birch24_m3m/BIRC/tile_11294.png,2
arctic_vegetation/20230724_birch24_m3m/BIRC/tile_11295.png,2
arctic_vegetation/20230724_birch24_m3m/BIRC/tile_11296.png,2
arctic_vegetation/20230724_birch24_m3m/BIRC/tile_11297.png,2
arctic_vegetation/20230724_birch24_m3m/BIRC/tile_11298.png,2
arctic_vegetation/20230724_birch24_m3m/BIRC/tile_11299.png,2
arctic_vegetation/20230724_birch24_m3m/BIRC/tile_11300.png,2
arctic_vegetation/20230724_birch24_m3m/BIRC/tile_11301.png,2
arctic_vegetation/20230724_birch24_m3m/BIRC/tile_11302.png,2
arctic_vegetation/20230724_birch24_m3m/BIRC/tile_11493.png,2
arctic_vegetation/20230724_birch24_m3m/BIRC/tile_11494.png,2
arctic_vegetation/20230724_birch24_m3m/BIRC/tile_11495.png,2
arctic_vegetation/20230724_birch24_m3m/BIRC/tile_11496.png,2
arctic_vegetation/20230724_birch24_m3m/BIRC/tile_11497.png,2
arctic_vegetation/20230724_birch24_m3m/BIRC/tile_11498.png,2
arctic_vegetation/20230724_birch24_m3m/BIRC/tile_11499.png,2
arctic_vegetation/20230724_birch24_m3m/BIRC/tile_11501.png,2
arctic_vegetation/20230724_birch24_m3m/BIRC/tile_11502.png,2
arctic_vegetation/20230724_birch24_m3m/BIRC/tile_11503.png,2
arctic_vegetation/20230724_birch24_m3m/BIRC/tile_11504.png,2
arctic_vegetation/20230724_birch24_m3m/BIRC/tile_11505.png,2
arctic_vegetation/20230724_birch24_m3m/BIRC/tile_11506.png,2
arctic_vegetation/20230724_birch24_m3m/BIRC/tile_11507.png,2
arctic_vegetation/20230724_birch24_m3m/BIRC/tile_11508.png,2
arctic_vegetation/20230724_birch24_m3m/BIRC/tile_11509.png,2
arctic_vegetation/20230724_birch24_m3m/BIRC/tile_11510.png,2
arctic_vegetation/20230724_birch24_m3m/BIRC/tile_11511.png,2
arctic_vegetation/20230724_birch24_m3m/BIRC/tile_11512.png,2
arctic_vegetation/20230724_birch24_m3m/BIRC/tile_11513.png,2
arctic_vegetation/20230724_birch24_m3m/BIRC/tile_11514.png,2
arctic_vegetation/20230724_birch24_m3m/BIRC/tile_11515.png,2
arctic_vegetation/20230724_birch24_m3m/BIRC/tile_11516.png,2
arctic_vegetation/20230724_birch24_m3m/BIRC/tile_11708.png,2
arctic_vegetation/20230724_birch24_m3m/BIRC/tile_11709.png,2
arctic_vegetation/20230724_birch24_m3m/BIRC/tile_11710.png,2
arctic_vegetation/20230724_birch24_m3m/BIRC/tile_11711.png,2
arctic_vegetation/20230724_birch24_m3m/BIRC/tile_11712.png,2
arctic_vegetation/20230724_birch24_m3m/BIRC/tile_11713.png,2
arctic_vegetation/20230724_birch24_m3m/BIRC/tile_11714.png,2
arctic_vegetation/20230724_birch24_m3m/BIRC/tile_11715.png,2
arctic_vegetation/20230724_birch24_m3m/BIRC/tile_11716.png,2
arctic_vegetation/20230724_birch24_m3m/BIRC/tile_11717.png,2
arctic_vegetation/20230724_birch24_m3m/BIRC/tile_11718.png,2
arctic_vegetation/20230724_birch24_m3m/BIRC/tile_11719.png,2
arctic_vegetation/20230724_birch24_m3m/BIRC/tile_11720.png,2
arctic_vegetation/20230724_birch24_m3m/BIRC/tile_11721.png,2
arctic_vegetation/20230724_birch24_m3m/BIRC/tile_11722.png,2
arctic_vegetation/20230724_birch24_m3m/BIRC/tile_11723.png,2
arctic_vegetation/20230724_birch24_m3m/BIRC/tile_11724.png,2
arctic_vegetation/20230724_birch24_m3m/BIRC/tile_11725.png,2
arctic_vegetation/20230724_birch24_m3m/BIRC/tile_11726.png,2
arctic_vegetation/20230724_birch24_m3m/BIRC/tile_11727.png,2
arctic_vegetation/20230724_birch24_m3m/BIRC/tile_11728.png,2
arctic_vegetation/20230724_birch24_m3m/BIRC/tile_11729.png,2
arctic_vegetation/20230724_birch24_m3m/BIRC/tile_11730.png,2
arctic_vegetation/20230724_birch24_m3m/BIRC/tile_11922.png,2
arctic_vegetation/20230724_birch24_m3m/BIRC/tile_11923.png,2
arctic_vegetation/20230724_birch24_m3m/BIRC/tile_11924.png,2
arctic_vegetation/20230724_birch24_m3m/BIRC/tile_11925.png,2
arctic_vegetation/20230724_birch24_m3m/BIRC/tile_11926.png,2
arctic_vegetation/20230724_birch24_m3m/BIRC/tile_11927.png,2
arctic_vegetation/20230724_birch24_m3m/BIRC/tile_11928.png,2
arctic_vegetation/20230724_birch24_m3m/BIRC/tile_11929.png,2
arctic_vegetation/20230724_birch24_m3m/BIRC/tile_11930.png,2
arctic_vegetation/20230724_birch24_m3m/BIRC/tile_11931.png,2
arctic_vegetation/20230724_birch24_m3m/BIRC/tile_11932.png,2
arctic_vegetation/20230724_birch24_m3m/BIRC/tile_11933.png,2
arctic_vegetation/20230724_birch24_m3m/BIRC/tile_11934.png,2
arctic_vegetation/20230724_birch24_m3m/BIRC/tile_11935.png,2
arctic_vegetation/20230724_birch24_m3m/BIRC/tile_11936.png,2
arctic_vegetation/20230724_birch24_m3m/BIRC/tile_11937.png,2
arctic_vegetation/20230724_birch24_m3m/BIRC/tile_11938.png,2
arctic_vegetation/20230724_birch24_m3m/BIRC/tile_11939.png,2
arctic_vegetation/20230724_birch24_m3m/BIRC/tile_11940.png,2
arctic_vegetation/20230724_birch24_m3m/BIRC/tile_11941.png,2
arctic_vegetation/20230724_birch24_m3m/BIRC/tile_11942.png,2
arctic_vegetation/20230724_birch24_m3m/BIRC/tile_11943.png,2
arctic_vegetation/20230724_birch24_m3m/BIRC/tile_11944.png,2
arctic_vegetation/20230724_birch24_m3m/BIRC/tile_12004.png,2
arctic_vegetation/20230724_birch24_m3m/BIRC/tile_12005.png,2
arctic_vegetation/20230724_birch24_m3m/BIRC/tile_12006.png,2
arctic_vegetation/20230724_birch24_m3m/BIRC/tile_12007.png,2
arctic_vegetation/20230724_birch24_m3m/BIRC/tile_12008.png,2
arctic_vegetation/20230724_birch24_m3m/BIRC/tile_12009.png,2
arctic_vegetation/20230724_birch24_m3m/BIRC/tile_12010.png,2
arctic_vegetation/20230724_birch24_m3m/BIRC/tile_12011.png,2
arctic_vegetation/20230724_birch24_m3m/BIRC/tile_12012.png,2
arctic_vegetation/20230724_birch24_m3m/BIRC/tile_12013.png,2
arctic_vegetation/20230724_birch24_m3m/BIRC/tile_12136.png,2
arctic_vegetation/20230724_birch24_m3m/BIRC/tile_12137.png,2
arctic_vegetation/20230724_birch24_m3m/BIRC/tile_12138.png,2
arctic_vegetation/20230724_birch24_m3m/BIRC/tile_12139.png,2
arctic_vegetation/20230724_birch24_m3m/BIRC/tile_12140.png,2
arctic_vegetation/20230724_birch24_m3m/BIRC/tile_12141.png,2
arctic_vegetation/20230724_birch24_m3m/BIRC/tile_12142.png,2
arctic_vegetation/20230724_birch24_m3m/BIRC/tile_12143.png,2
arctic_vegetation/20230724_birch24_m3m/BIRC/tile_12144.png,2
arctic_vegetation/20230724_birch24_m3m/BIRC/tile_12145.png,2
arctic_vegetation/20230724_birch24_m3m/BIRC/tile_12146.png,2
arctic_vegetation/20230724_birch24_m3m/BIRC/tile_12147.png,2
arctic_vegetation/20230724_birch24_m3m/BIRC/tile_12148.png,2
arctic_vegetation/20230724_birch24_m3m/BIRC/tile_12149.png,2
arctic_vegetation/20230724_birch24_m3m/BIRC/tile_12150.png,2
arctic_vegetation/20230724_birch24_m3m/BIRC/tile_12151.png,2
arctic_vegetation/20230724_birch24_m3m/BIRC/tile_12152.png,2
arctic_vegetation/20230724_birch24_m3m/BIRC/tile_12156.png,2
arctic_vegetation/20230724_birch24_m3m/BIRC/tile_12157.png,2
arctic_vegetation/20230724_birch24_m3m/BIRC/tile_12158.png,2
arctic_vegetation/20230724_birch24_m3m/BIRC/tile_12209.png,2
arctic_vegetation/20230724_birch24_m3m/BIRC/tile_12210.png,2
arctic_vegetation/20230724_birch24_m3m/BIRC/tile_12211.png,2
arctic_vegetation/20230724_birch24_m3m/BIRC/tile_12212.png,2
arctic_vegetation/20230724_birch24_m3m/BIRC/tile_12213.png,2
arctic_vegetation/20230724_birch24_m3m/BIRC/tile_12214.png,2
arctic_vegetation/20230724_birch24_m3m/BIRC/tile_12215.png,2
arctic_vegetation/20230724_birch24_m3m/BIRC/tile_12216.png,2
arctic_vegetation/20230724_birch24_m3m/BIRC/tile_12217.png,2
arctic_vegetation/20230724_birch24_m3m/BIRC/tile_12218.png,2
arctic_vegetation/20230724_birch24_m3m/BIRC/tile_12219.png,2
arctic_vegetation/20230724_birch24_m3m/BIRC/tile_12220.png,2
arctic_vegetation/20230724_birch24_m3m/BIRC/tile_12221.png,2
arctic_vegetation/20230724_birch24_m3m/BIRC/tile_12222.png,2
arctic_vegetation/20230724_birch24_m3m/BIRC/tile_12223.png,2
arctic_vegetation/20230724_birch24_m3m/BIRC/tile_12224.png,2
arctic_vegetation/20230724_birch24_m3m/BIRC/tile_12225.png,2
arctic_vegetation/20230724_birch24_m3m/BIRC/tile_12226.png,2
arctic_vegetation/20230724_birch24_m3m/BIRC/tile_12227.png,2
arctic_vegetation/20230724_birch24_m3m/BIRC/tile_12228.png,2
arctic_vegetation/20230724_birch24_m3m/BIRC/tile_12229.png,2
arctic_vegetation/20230724_birch24_m3m/BIRC/tile_12350.png,2
arctic_vegetation/20230724_birch24_m3m/BIRC/tile_12351.png,2
arctic_vegetation/20230724_birch24_m3m/BIRC/tile_12352.png,2
arctic_vegetation/20230724_birch24_m3m/BIRC/tile_12353.png,2
arctic_vegetation/20230724_birch24_m3m/BIRC/tile_12354.png,2
arctic_vegetation/20230724_birch24_m3m/BIRC/tile_12355.png,2
arctic_vegetation/20230724_birch24_m3m/BIRC/tile_12356.png,2
arctic_vegetation/20230724_birch24_m3m/BIRC/tile_12357.png,2
arctic_vegetation/20230724_birch24_m3m/BIRC/tile_12358.png,2
arctic_vegetation/20230724_birch24_m3m/BIRC/tile_12359.png,2
arctic_vegetation/20230724_birch24_m3m/BIRC/tile_12360.png,2
arctic_vegetation/20230724_birch24_m3m/BIRC/tile_12361.png,2
arctic_vegetation/20230724_birch24_m3m/BIRC/tile_12362.png,2
arctic_vegetation/20230724_birch24_m3m/BIRC/tile_12363.png,2
arctic_vegetation/20230724_birch24_m3m/BIRC/tile_12364.png,2
arctic_vegetation/20230724_birch24_m3m/BIRC/tile_12365.png,2
arctic_vegetation/20230724_birch24_m3m/BIRC/tile_12366.png,2
arctic_vegetation/20230724_birch24_m3m/PETF/tile_12367.png,6
arctic_vegetation/20230724_birch24_m3m/WILL/tile_12369.png,11
arctic_vegetation/20230724_birch24_m3m/WILL/tile_12370.png,11
arctic_vegetation/20230724_birch24_m3m/WILL/tile_12371.png,11
arctic_vegetation/20230724_birch24_m3m/WILL/tile_12372.png,11
arctic_vegetation/20230724_birch24_m3m/BIRC/tile_12423.png,2
arctic_vegetation/20230724_birch24_m3m/BIRC/tile_12424.png,2
arctic_vegetation/20230724_birch24_m3m/BIRC/tile_12425.png,2
arctic_vegetation/20230724_birch24_m3m/BIRC/tile_12426.png,2
arctic_vegetation/20230724_birch24_m3m/BIRC/tile_12427.png,2
arctic_vegetation/20230724_birch24_m3m/BIRC/tile_12428.png,2
arctic_vegetation/20230724_birch24_m3m/BIRC/tile_12429.png,2
arctic_vegetation/20230724_birch24_m3m/BIRC/tile_12430.png,2
arctic_vegetation/20230724_birch24_m3m/BIRC/tile_12431.png,2
arctic_vegetation/20230724_birch24_m3m/BIRC/tile_12432.png,2
arctic_vegetation/20230724_birch24_m3m/BIRC/tile_12433.png,2
arctic_vegetation/20230724_birch24_m3m/BIRC/tile_12434.png,2
arctic_vegetation/20230724_birch24_m3m/BIRC/tile_12435.png,2
arctic_vegetation/20230724_birch24_m3m/BIRC/tile_12436.png,2
arctic_vegetation/20230724_birch24_m3m/BIRC/tile_12437.png,2
arctic_vegetation/20230724_birch24_m3m/BIRC/tile_12438.png,2
arctic_vegetation/20230724_birch24_m3m/BIRC/tile_12439.png,2
arctic_vegetation/20230724_birch24_m3m/BIRC/tile_12440.png,2
arctic_vegetation/20230724_birch24_m3m/BIRC/tile_12441.png,2
arctic_vegetation/20230724_birch24_m3m/BIRC/tile_12442.png,2
arctic_vegetation/20230724_birch24_m3m/BIRC/tile_12443.png,2
arctic_vegetation/20230724_birch24_m3m/BIRC/tile_12563.png,2
arctic_vegetation/20230724_birch24_m3m/BIRC/tile_12564.png,2
arctic_vegetation/20230724_birch24_m3m/BIRC/tile_12565.png,2
arctic_vegetation/20230724_birch24_m3m/BIRC/tile_12566.png,2
arctic_vegetation/20230724_birch24_m3m/BIRC/tile_12567.png,2
arctic_vegetation/20230724_birch24_m3m/BIRC/tile_12568.png,2
arctic_vegetation/20230724_birch24_m3m/BIRC/tile_12569.png,2
arctic_vegetation/20230724_birch24_m3m/BIRC/tile_12570.png,2
arctic_vegetation/20230724_birch24_m3m/BIRC/tile_12571.png,2
arctic_vegetation/20230724_birch24_m3m/PETF/tile_12572.png,6
arctic_vegetation/20230724_birch24_m3m/BIRC/tile_12573.png,2
arctic_vegetation/20230724_birch24_m3m/BIRC/tile_12574.png,2
arctic_vegetation/20230724_birch24_m3m/BIRC/tile_12575.png,2
arctic_vegetation/20230724_birch24_m3m/BIRC/tile_12576.png,2
arctic_vegetation/20230724_birch24_m3m/BIRC/tile_12577.png,2
arctic_vegetation/20230724_birch24_m3m/BIRC/tile_12578.png,2
arctic_vegetation/20230724_birch24_m3m/BIRC/tile_12579.png,2
arctic_vegetation/20230724_birch24_m3m/BIRC/tile_12580.png,2
arctic_vegetation/20230724_birch24_m3m/PETF/tile_12581.png,6
arctic_vegetation/20230724_birch24_m3m/BIRC/tile_12582.png,2
arctic_vegetation/20230724_birch24_m3m/BIRC/tile_12583.png,2
arctic_vegetation/20230724_birch24_m3m/WILL/tile_12584.png,11
arctic_vegetation/20230724_birch24_m3m/WILL/tile_12585.png,11
arctic_vegetation/20230724_birch24_m3m/WILL/tile_12586.png,11
arctic_vegetation/20230724_birch24_m3m/BIRC/tile_12637.png,2
arctic_vegetation/20230724_birch24_m3m/BIRC/tile_12638.png,2
arctic_vegetation/20230724_birch24_m3m/BIRC/tile_12639.png,2
arctic_vegetation/20230724_birch24_m3m/BIRC/tile_12640.png,2
arctic_vegetation/20230724_birch24_m3m/BIRC/tile_12641.png,2
arctic_vegetation/20230724_birch24_m3m/BIRC/tile_12642.png,2
arctic_vegetation/20230724_birch24_m3m/BIRC/tile_12643.png,2
arctic_vegetation/20230724_birch24_m3m/BIRC/tile_12644.png,2
arctic_vegetation/20230724_birch24_m3m/BIRC/tile_12645.png,2
arctic_vegetation/20230724_birch24_m3m/BIRC/tile_12646.png,2
arctic_vegetation/20230724_birch24_m3m/BIRC/tile_12647.png,2
arctic_vegetation/20230724_birch24_m3m/BIRC/tile_12648.png,2
arctic_vegetation/20230724_birch24_m3m/BIRC/tile_12649.png,2
arctic_vegetation/20230724_birch24_m3m/BIRC/tile_12650.png,2
arctic_vegetation/20230724_birch24_m3m/BIRC/tile_12651.png,2
arctic_vegetation/20230724_birch24_m3m/BIRC/tile_12652.png,2
arctic_vegetation/20230724_birch24_m3m/BIRC/tile_12653.png,2
arctic_vegetation/20230724_birch24_m3m/BIRC/tile_12654.png,2
arctic_vegetation/20230724_birch24_m3m/BIRC/tile_12655.png,2
arctic_vegetation/20230724_birch24_m3m/BIRC/tile_12656.png,2
arctic_vegetation/20230724_birch24_m3m/BIRC/tile_12657.png,2
arctic_vegetation/20230724_birch24_m3m/BIRC/tile_12777.png,2
arctic_vegetation/20230724_birch24_m3m/BIRC/tile_12778.png,2
arctic_vegetation/20230724_birch24_m3m/BIRC/tile_12779.png,2
arctic_vegetation/20230724_birch24_m3m/BIRC/tile_12780.png,2
arctic_vegetation/20230724_birch24_m3m/BIRC/tile_12781.png,2
arctic_vegetation/20230724_birch24_m3m/BIRC/tile_12782.png,2
arctic_vegetation/20230724_birch24_m3m/BIRC/tile_12783.png,2
arctic_vegetation/20230724_birch24_m3m/BIRC/tile_12784.png,2
arctic_vegetation/20230724_birch24_m3m/BIRC/tile_12785.png,2
arctic_vegetation/20230724_birch24_m3m/BIRC/tile_12787.png,2
arctic_vegetation/20230724_birch24_m3m/BIRC/tile_12788.png,2
arctic_vegetation/20230724_birch24_m3m/BIRC/tile_12789.png,2
arctic_vegetation/20230724_birch24_m3m/BIRC/tile_12790.png,2
arctic_vegetation/20230724_birch24_m3m/BIRC/tile_12791.png,2
arctic_vegetation/20230724_birch24_m3m/BIRC/tile_12792.png,2
arctic_vegetation/20230724_birch24_m3m/BIRC/tile_12793.png,2
arctic_vegetation/20230724_birch24_m3m/BIRC/tile_12794.png,2
arctic_vegetation/20230724_birch24_m3m/BIRC/tile_12795.png,2
arctic_vegetation/20230724_birch24_m3m/BIRC/tile_12796.png,2
arctic_vegetation/20230724_birch24_m3m/BIRC/tile_12797.png,2
arctic_vegetation/20230724_birch24_m3m/WILL/tile_12798.png,11
arctic_vegetation/20230724_birch24_m3m/PETF/tile_12799.png,6
arctic_vegetation/20230724_birch24_m3m/BIRC/tile_12800.png,2
arctic_vegetation/20230724_birch24_m3m/BIRC/tile_12801.png,2
arctic_vegetation/20230724_birch24_m3m/BIRC/tile_12851.png,2
arctic_vegetation/20230724_birch24_m3m/BIRC/tile_12852.png,2
arctic_vegetation/20230724_birch24_m3m/BIRC/tile_12853.png,2
arctic_vegetation/20230724_birch24_m3m/BIRC/tile_12854.png,2
arctic_vegetation/20230724_birch24_m3m/BIRC/tile_12855.png,2
arctic_vegetation/20230724_birch24_m3m/BIRC/tile_12856.png,2
arctic_vegetation/20230724_birch24_m3m/BIRC/tile_12857.png,2
arctic_vegetation/20230724_birch24_m3m/BIRC/tile_12858.png,2
arctic_vegetation/20230724_birch24_m3m/BIRC/tile_12859.png,2
arctic_vegetation/20230724_birch24_m3m/BIRC/tile_12860.png,2
arctic_vegetation/20230724_birch24_m3m/BIRC/tile_12861.png,2
arctic_vegetation/20230724_birch24_m3m/BIRC/tile_12862.png,2
arctic_vegetation/20230724_birch24_m3m/BIRC/tile_12863.png,2
arctic_vegetation/20230724_birch24_m3m/BIRC/tile_12864.png,2
arctic_vegetation/20230724_birch24_m3m/BIRC/tile_12865.png,2
arctic_vegetation/20230724_birch24_m3m/BIRC/tile_12866.png,2
arctic_vegetation/20230724_birch24_m3m/BIRC/tile_12867.png,2
arctic_vegetation/20230724_birch24_m3m/BIRC/tile_12868.png,2
arctic_vegetation/20230724_birch24_m3m/BIRC/tile_12869.png,2
arctic_vegetation/20230724_birch24_m3m/BIRC/tile_12870.png,2
arctic_vegetation/20230724_birch24_m3m/BIRC/tile_12871.png,2
arctic_vegetation/20230724_birch24_m3m/BIRC/tile_12992.png,2
arctic_vegetation/20230724_birch24_m3m/BIRC/tile_12993.png,2
arctic_vegetation/20230724_birch24_m3m/BIRC/tile_12994.png,2
arctic_vegetation/20230724_birch24_m3m/BIRC/tile_12995.png,2
arctic_vegetation/20230724_birch24_m3m/BIRC/tile_12996.png,2
arctic_vegetation/20230724_birch24_m3m/BIRC/tile_12997.png,2
arctic_vegetation/20230724_birch24_m3m/BIRC/tile_12998.png,2
arctic_vegetation/20230724_birch24_m3m/BIRC/tile_12999.png,2
arctic_vegetation/20230724_birch24_m3m/BIRC/tile_13000.png,2
arctic_vegetation/20230724_birch24_m3m/BIRC/tile_13001.png,2
arctic_vegetation/20230724_birch24_m3m/BIRC/tile_13002.png,2
arctic_vegetation/20230724_birch24_m3m/BIRC/tile_13003.png,2
arctic_vegetation/20230724_birch24_m3m/BIRC/tile_13004.png,2
arctic_vegetation/20230724_birch24_m3m/BIRC/tile_13005.png,2
arctic_vegetation/20230724_birch24_m3m/BIRC/tile_13006.png,2
arctic_vegetation/20230724_birch24_m3m/BIRC/tile_13007.png,2
arctic_vegetation/20230724_birch24_m3m/BIRC/tile_13008.png,2
arctic_vegetation/20230724_birch24_m3m/BIRC/tile_13009.png,2
arctic_vegetation/20230724_birch24_m3m/BIRC/tile_13010.png,2
arctic_vegetation/20230724_birch24_m3m/BIRC/tile_13011.png,2
arctic_vegetation/20230724_birch24_m3m/PETF/tile_13013.png,6
arctic_vegetation/20230724_birch24_m3m/BIRC/tile_13014.png,2
arctic_vegetation/20230724_birch24_m3m/BIRC/tile_13015.png,2
arctic_vegetation/20230724_birch24_m3m/BIRC/tile_13065.png,2
arctic_vegetation/20230724_birch24_m3m/BIRC/tile_13066.png,2
arctic_vegetation/20230724_birch24_m3m/BIRC/tile_13067.png,2
arctic_vegetation/20230724_birch24_m3m/BIRC/tile_13068.png,2
arctic_vegetation/20230724_birch24_m3m/BIRC/tile_13069.png,2
arctic_vegetation/20230724_birch24_m3m/BIRC/tile_13070.png,2
arctic_vegetation/20230724_birch24_m3m/BIRC/tile_13071.png,2
arctic_vegetation/20230724_birch24_m3m/BIRC/tile_13072.png,2
arctic_vegetation/20230724_birch24_m3m/BIRC/tile_13073.png,2
arctic_vegetation/20230724_birch24_m3m/BIRC/tile_13074.png,2
arctic_vegetation/20230724_birch24_m3m/BIRC/tile_13075.png,2
arctic_vegetation/20230724_birch24_m3m/BIRC/tile_13076.png,2
arctic_vegetation/20230724_birch24_m3m/BIRC/tile_13077.png,2
arctic_vegetation/20230724_birch24_m3m/BIRC/tile_13078.png,2
arctic_vegetation/20230724_birch24_m3m/BIRC/tile_13079.png,2
arctic_vegetation/20230724_birch24_m3m/PETF/tile_13080.png,6
arctic_vegetation/20230724_birch24_m3m/PETF/tile_13081.png,6
arctic_vegetation/20230724_birch24_m3m/BIRC/tile_13082.png,2
arctic_vegetation/20230724_birch24_m3m/BIRC/tile_13083.png,2
arctic_vegetation/20230724_birch24_m3m/BIRC/tile_13203.png,2
arctic_vegetation/20230724_birch24_m3m/BIRC/tile_13204.png,2
arctic_vegetation/20230724_birch24_m3m/BIRC/tile_13205.png,2
arctic_vegetation/20230724_birch24_m3m/BIRC/tile_13206.png,2
arctic_vegetation/20230724_birch24_m3m/BIRC/tile_13207.png,2
arctic_vegetation/20230724_birch24_m3m/BIRC/tile_13208.png,2
arctic_vegetation/20230724_birch24_m3m/BIRC/tile_13209.png,2
arctic_vegetation/20230724_birch24_m3m/BIRC/tile_13210.png,2
arctic_vegetation/20230724_birch24_m3m/BIRC/tile_13211.png,2
arctic_vegetation/20230724_birch24_m3m/BIRC/tile_13212.png,2
arctic_vegetation/20230724_birch24_m3m/BIRC/tile_13213.png,2
arctic_vegetation/20230724_birch24_m3m/BIRC/tile_13214.png,2
arctic_vegetation/20230724_birch24_m3m/BIRC/tile_13215.png,2
arctic_vegetation/20230724_birch24_m3m/BIRC/tile_13216.png,2
arctic_vegetation/20230724_birch24_m3m/BIRC/tile_13217.png,2
arctic_vegetation/20230724_birch24_m3m/BIRC/tile_13218.png,2
arctic_vegetation/20230724_birch24_m3m/BIRC/tile_13219.png,2
arctic_vegetation/20230724_birch24_m3m/BIRC/tile_13220.png,2
arctic_vegetation/20230724_birch24_m3m/BIRC/tile_13221.png,2
arctic_vegetation/20230724_birch24_m3m/BIRC/tile_13222.png,2
arctic_vegetation/20230724_birch24_m3m/BIRC/tile_13223.png,2
arctic_vegetation/20230724_birch24_m3m/BIRC/tile_13224.png,2
arctic_vegetation/20230724_birch24_m3m/BIRC/tile_13225.png,2
arctic_vegetation/20230724_birch24_m3m/BIRC/tile_13226.png,2
arctic_vegetation/20230724_birch24_m3m/BIRC/tile_13227.png,2
arctic_vegetation/20230724_birch24_m3m/BIRC/tile_13277.png,2
arctic_vegetation/20230724_birch24_m3m/BIRC/tile_13278.png,2
arctic_vegetation/20230724_birch24_m3m/BIRC/tile_13279.png,2
arctic_vegetation/20230724_birch24_m3m/BIRC/tile_13280.png,2
arctic_vegetation/20230724_birch24_m3m/BIRC/tile_13281.png,2
arctic_vegetation/20230724_birch24_m3m/BIRC/tile_13282.png,2
arctic_vegetation/20230724_birch24_m3m/BIRC/tile_13283.png,2
arctic_vegetation/20230724_birch24_m3m/BIRC/tile_13284.png,2
arctic_vegetation/20230724_birch24_m3m/BIRC/tile_13285.png,2
arctic_vegetation/20230724_birch24_m3m/BIRC/tile_13286.png,2
arctic_vegetation/20230724_birch24_m3m/BIRC/tile_13287.png,2
arctic_vegetation/20230724_birch24_m3m/BIRC/tile_13288.png,2
arctic_vegetation/20230724_birch24_m3m/BIRC/tile_13289.png,2
arctic_vegetation/20230724_birch24_m3m/BIRC/tile_13290.png,2
arctic_vegetation/20230724_birch24_m3m/BIRC/tile_13291.png,2
arctic_vegetation/20230724_birch24_m3m/LICH/tile_13294.png,4
arctic_vegetation/20230724_birch24_m3m/LICH/tile_13295.png,4
arctic_vegetation/20230724_birch24_m3m/LICH/tile_13296.png,4
arctic_vegetation/20230724_birch24_m3m/PETF/tile_13299.png,6
arctic_vegetation/20230724_birch24_m3m/PETF/tile_13300.png,6
arctic_vegetation/20230724_birch24_m3m/BIRC/tile_13415.png,2
arctic_vegetation/20230724_birch24_m3m/BIRC/tile_13416.png,2
arctic_vegetation/20230724_birch24_m3m/BIRC/tile_13417.png,2
arctic_vegetation/20230724_birch24_m3m/BIRC/tile_13418.png,2
arctic_vegetation/20230724_birch24_m3m/BIRC/tile_13419.png,2
arctic_vegetation/20230724_birch24_m3m/BIRC/tile_13420.png,2
arctic_vegetation/20230724_birch24_m3m/BIRC/tile_13421.png,2
arctic_vegetation/20230724_birch24_m3m/BIRC/tile_13422.png,2
arctic_vegetation/20230724_birch24_m3m/BIRC/tile_13423.png,2
arctic_vegetation/20230724_birch24_m3m/BIRC/tile_13424.png,2
arctic_vegetation/20230724_birch24_m3m/BIRC/tile_13425.png,2
arctic_vegetation/20230724_birch24_m3m/BIRC/tile_13426.png,2
arctic_vegetation/20230724_birch24_m3m/BIRC/tile_13427.png,2
arctic_vegetation/20230724_birch24_m3m/BIRC/tile_13428.png,2
arctic_vegetation/20230724_birch24_m3m/BIRC/tile_13429.png,2
arctic_vegetation/20230724_birch24_m3m/BIRC/tile_13430.png,2
arctic_vegetation/20230724_birch24_m3m/BIRC/tile_13431.png,2
arctic_vegetation/20230724_birch24_m3m/BIRC/tile_13432.png,2
arctic_vegetation/20230724_birch24_m3m/BIRC/tile_13433.png,2
arctic_vegetation/20230724_birch24_m3m/BIRC/tile_13434.png,2
arctic_vegetation/20230724_birch24_m3m/BIRC/tile_13435.png,2
arctic_vegetation/20230724_birch24_m3m/BIRC/tile_13436.png,2
arctic_vegetation/20230724_birch24_m3m/BIRC/tile_13437.png,2
arctic_vegetation/20230724_birch24_m3m/BIRC/tile_13438.png,2
arctic_vegetation/20230724_birch24_m3m/BIRC/tile_13439.png,2
arctic_vegetation/20230724_birch24_m3m/BIRC/tile_13489.png,2
arctic_vegetation/20230724_birch24_m3m/BIRC/tile_13490.png,2
arctic_vegetation/20230724_birch24_m3m/BIRC/tile_13491.png,2
arctic_vegetation/20230724_birch24_m3m/BIRC/tile_13492.png,2
arctic_vegetation/20230724_birch24_m3m/BIRC/tile_13493.png,2
arctic_vegetation/20230724_birch24_m3m/BIRC/tile_13494.png,2
arctic_vegetation/20230724_birch24_m3m/BIRC/tile_13495.png,2
arctic_vegetation/20230724_birch24_m3m/BIRC/tile_13496.png,2
arctic_vegetation/20230724_birch24_m3m/BIRC/tile_13497.png,2
arctic_vegetation/20230724_birch24_m3m/BIRC/tile_13498.png,2
arctic_vegetation/20230724_birch24_m3m/BIRC/tile_13499.png,2
arctic_vegetation/20230724_birch24_m3m/BIRC/tile_13500.png,2
arctic_vegetation/20230724_birch24_m3m/BIRC/tile_13501.png,2
arctic_vegetation/20230724_birch24_m3m/BIRC/tile_13502.png,2
arctic_vegetation/20230724_birch24_m3m/BIRC/tile_13503.png,2
arctic_vegetation/20230724_birch24_m3m/PETF/tile_13504.png,6
arctic_vegetation/20230724_birch24_m3m/LICH/tile_13506.png,4
arctic_vegetation/20230724_birch24_m3m/LICH/tile_13507.png,4
arctic_vegetation/20230724_birch24_m3m/LICH/tile_13508.png,4
arctic_vegetation/20230724_birch24_m3m/PETF/tile_13511.png,6
arctic_vegetation/20230724_birch24_m3m/PETF/tile_13512.png,6
arctic_vegetation/20230724_birch24_m3m/BIRC/tile_13627.png,2
arctic_vegetation/20230724_birch24_m3m/BIRC/tile_13628.png,2
arctic_vegetation/20230724_birch24_m3m/BIRC/tile_13629.png,2
arctic_vegetation/20230724_birch24_m3m/BIRC/tile_13630.png,2
arctic_vegetation/20230724_birch24_m3m/BIRC/tile_13631.png,2
arctic_vegetation/20230724_birch24_m3m/BIRC/tile_13632.png,2
arctic_vegetation/20230724_birch24_m3m/BIRC/tile_13633.png,2
arctic_vegetation/20230724_birch24_m3m/BIRC/tile_13634.png,2
arctic_vegetation/20230724_birch24_m3m/BIRC/tile_13635.png,2
arctic_vegetation/20230724_birch24_m3m/BIRC/tile_13636.png,2
arctic_vegetation/20230724_birch24_m3m/BIRC/tile_13637.png,2
arctic_vegetation/20230724_birch24_m3m/BIRC/tile_13638.png,2
arctic_vegetation/20230724_birch24_m3m/BIRC/tile_13639.png,2
arctic_vegetation/20230724_birch24_m3m/BIRC/tile_13640.png,2
arctic_vegetation/20230724_birch24_m3m/BIRC/tile_13641.png,2
arctic_vegetation/20230724_birch24_m3m/BIRC/tile_13642.png,2
arctic_vegetation/20230724_birch24_m3m/BIRC/tile_13643.png,2
arctic_vegetation/20230724_birch24_m3m/BIRC/tile_13644.png,2
arctic_vegetation/20230724_birch24_m3m/BIRC/tile_13645.png,2
arctic_vegetation/20230724_birch24_m3m/BIRC/tile_13646.png,2
arctic_vegetation/20230724_birch24_m3m/BIRC/tile_13647.png,2
arctic_vegetation/20230724_birch24_m3m/BIRC/tile_13648.png,2
arctic_vegetation/20230724_birch24_m3m/BIRC/tile_13649.png,2
arctic_vegetation/20230724_birch24_m3m/BIRC/tile_13650.png,2
arctic_vegetation/20230724_birch24_m3m/BIRC/tile_13700.png,2
arctic_vegetation/20230724_birch24_m3m/BIRC/tile_13701.png,2
arctic_vegetation/20230724_birch24_m3m/BIRC/tile_13702.png,2
arctic_vegetation/20230724_birch24_m3m/BIRC/tile_13703.png,2
arctic_vegetation/20230724_birch24_m3m/BIRC/tile_13704.png,2
arctic_vegetation/20230724_birch24_m3m/BIRC/tile_13705.png,2
arctic_vegetation/20230724_birch24_m3m/BIRC/tile_13706.png,2
arctic_vegetation/20230724_birch24_m3m/BIRC/tile_13707.png,2
arctic_vegetation/20230724_birch24_m3m/BIRC/tile_13708.png,2
arctic_vegetation/20230724_birch24_m3m/BIRC/tile_13709.png,2
arctic_vegetation/20230724_birch24_m3m/BIRC/tile_13710.png,2
arctic_vegetation/20230724_birch24_m3m/BIRC/tile_13711.png,2
arctic_vegetation/20230724_birch24_m3m/BIRC/tile_13712.png,2
arctic_vegetation/20230724_birch24_m3m/BIRC/tile_13713.png,2
arctic_vegetation/20230724_birch24_m3m/BIRC/tile_13714.png,2
arctic_vegetation/20230724_birch24_m3m/BIRC/tile_13715.png,2
arctic_vegetation/20230724_birch24_m3m/LICH/tile_13716.png,4
arctic_vegetation/20230724_birch24_m3m/LICH/tile_13717.png,4
arctic_vegetation/20230724_birch24_m3m/LICH/tile_13718.png,4
arctic_vegetation/20230724_birch24_m3m/LICH/tile_13719.png,4
arctic_vegetation/20230724_birch24_m3m/BIRC/tile_13838.png,2
arctic_vegetation/20230724_birch24_m3m/BIRC/tile_13839.png,2
arctic_vegetation/20230724_birch24_m3m/BIRC/tile_13840.png,2
arctic_vegetation/20230724_birch24_m3m/BIRC/tile_13841.png,2
arctic_vegetation/20230724_birch24_m3m/BIRC/tile_13842.png,2
arctic_vegetation/20230724_birch24_m3m/BIRC/tile_13843.png,2
arctic_vegetation/20230724_birch24_m3m/BIRC/tile_13844.png,2
arctic_vegetation/20230724_birch24_m3m/PETF/tile_13845.png,6
arctic_vegetation/20230724_birch24_m3m/PETF/tile_13846.png,6
arctic_vegetation/20230724_birch24_m3m/BIRC/tile_13847.png,2
arctic_vegetation/20230724_birch24_m3m/BIRC/tile_13848.png,2
arctic_vegetation/20230724_birch24_m3m/BIRC/tile_13849.png,2
arctic_vegetation/20230724_birch24_m3m/BIRC/tile_13850.png,2
arctic_vegetation/20230724_birch24_m3m/BIRC/tile_13851.png,2
arctic_vegetation/20230724_birch24_m3m/BIRC/tile_13852.png,2
arctic_vegetation/20230724_birch24_m3m/BIRC/tile_13853.png,2
arctic_vegetation/20230724_birch24_m3m/BIRC/tile_13854.png,2
arctic_vegetation/20230724_birch24_m3m/BIRC/tile_13855.png,2
arctic_vegetation/20230724_birch24_m3m/BIRC/tile_13856.png,2
arctic_vegetation/20230724_birch24_m3m/BIRC/tile_13857.png,2
arctic_vegetation/20230724_birch24_m3m/BIRC/tile_13858.png,2
arctic_vegetation/20230724_birch24_m3m/BIRC/tile_13859.png,2
arctic_vegetation/20230724_birch24_m3m/BIRC/tile_13860.png,2
arctic_vegetation/20230724_birch24_m3m/BIRC/tile_13911.png,2
arctic_vegetation/20230724_birch24_m3m/BIRC/tile_13912.png,2
arctic_vegetation/20230724_birch24_m3m/BIRC/tile_13913.png,2
arctic_vegetation/20230724_birch24_m3m/BIRC/tile_13914.png,2
arctic_vegetation/20230724_birch24_m3m/BIRC/tile_13915.png,2
arctic_vegetation/20230724_birch24_m3m/BIRC/tile_13916.png,2
arctic_vegetation/20230724_birch24_m3m/BIRC/tile_13917.png,2
arctic_vegetation/20230724_birch24_m3m/BIRC/tile_13918.png,2
arctic_vegetation/20230724_birch24_m3m/BIRC/tile_13919.png,2
arctic_vegetation/20230724_birch24_m3m/BIRC/tile_13920.png,2
arctic_vegetation/20230724_birch24_m3m/BIRC/tile_13921.png,2
arctic_vegetation/20230724_birch24_m3m/BIRC/tile_13922.png,2
arctic_vegetation/20230724_birch24_m3m/BIRC/tile_13923.png,2
arctic_vegetation/20230724_birch24_m3m/BIRC/tile_13924.png,2
arctic_vegetation/20230724_birch24_m3m/BIRC/tile_13925.png,2
arctic_vegetation/20230724_birch24_m3m/BIRC/tile_13926.png,2
arctic_vegetation/20230724_birch24_m3m/BIRC/tile_13927.png,2
arctic_vegetation/20230724_birch24_m3m/BIRC/tile_13928.png,2
arctic_vegetation/20230724_birch24_m3m/LICH/tile_13929.png,4
arctic_vegetation/20230724_birch24_m3m/BIRC/tile_14049.png,2
arctic_vegetation/20230724_birch24_m3m/BIRC/tile_14050.png,2
arctic_vegetation/20230724_birch24_m3m/BIRC/tile_14051.png,2
arctic_vegetation/20230724_birch24_m3m/BIRC/tile_14052.png,2
arctic_vegetation/20230724_birch24_m3m/BIRC/tile_14053.png,2
arctic_vegetation/20230724_birch24_m3m/BIRC/tile_14054.png,2
arctic_vegetation/20230724_birch24_m3m/BIRC/tile_14055.png,2
arctic_vegetation/20230724_birch24_m3m/BIRC/tile_14056.png,2
arctic_vegetation/20230724_birch24_m3m/BIRC/tile_14057.png,2
arctic_vegetation/20230724_birch24_m3m/BIRC/tile_14058.png,2
arctic_vegetation/20230724_birch24_m3m/BIRC/tile_14059.png,2
arctic_vegetation/20230724_birch24_m3m/BIRC/tile_14060.png,2
arctic_vegetation/20230724_birch24_m3m/BIRC/tile_14061.png,2
arctic_vegetation/20230724_birch24_m3m/BIRC/tile_14062.png,2
arctic_vegetation/20230724_birch24_m3m/BIRC/tile_14063.png,2
arctic_vegetation/20230724_birch24_m3m/BIRC/tile_14064.png,2
arctic_vegetation/20230724_birch24_m3m/BIRC/tile_14065.png,2
arctic_vegetation/20230724_birch24_m3m/BIRC/tile_14066.png,2
arctic_vegetation/20230724_birch24_m3m/BIRC/tile_14067.png,2
arctic_vegetation/20230724_birch24_m3m/BIRC/tile_14068.png,2
arctic_vegetation/20230724_birch24_m3m/BIRC/tile_14069.png,2
arctic_vegetation/20230724_birch24_m3m/BIRC/tile_14070.png,2
arctic_vegetation/20230724_birch24_m3m/BIRC/tile_14071.png,2
arctic_vegetation/20230724_birch24_m3m/BIRC/tile_14072.png,2
arctic_vegetation/20230724_birch24_m3m/BIRC/tile_14122.png,2
arctic_vegetation/20230724_birch24_m3m/BIRC/tile_14123.png,2
arctic_vegetation/20230724_birch24_m3m/BIRC/tile_14124.png,2
arctic_vegetation/20230724_birch24_m3m/BIRC/tile_14125.png,2
arctic_vegetation/20230724_birch24_m3m/BIRC/tile_14126.png,2
arctic_vegetation/20230724_birch24_m3m/BIRC/tile_14127.png,2
arctic_vegetation/20230724_birch24_m3m/BIRC/tile_14128.png,2
arctic_vegetation/20230724_birch24_m3m/BIRC/tile_14129.png,2
arctic_vegetation/20230724_birch24_m3m/BIRC/tile_14130.png,2
arctic_vegetation/20230724_birch24_m3m/BIRC/tile_14131.png,2
arctic_vegetation/20230724_birch24_m3m/BIRC/tile_14132.png,2
arctic_vegetation/20230724_birch24_m3m/BIRC/tile_14133.png,2
arctic_vegetation/20230724_birch24_m3m/BIRC/tile_14134.png,2
arctic_vegetation/20230724_birch24_m3m/BIRC/tile_14135.png,2
arctic_vegetation/20230724_birch24_m3m/BIRC/tile_14136.png,2
arctic_vegetation/20230724_birch24_m3m/BIRC/tile_14137.png,2
arctic_vegetation/20230724_birch24_m3m/BIRC/tile_14138.png,2
arctic_vegetation/20230724_birch24_m3m/BIRC/tile_14139.png,2
arctic_vegetation/20230724_birch24_m3m/BIRC/tile_14140.png,2
arctic_vegetation/20230724_birch24_m3m/BIRC/tile_14141.png,2
arctic_vegetation/20230724_birch24_m3m/BIRC/tile_14259.png,2
arctic_vegetation/20230724_birch24_m3m/BIRC/tile_14260.png,2
arctic_vegetation/20230724_birch24_m3m/BIRC/tile_14261.png,2
arctic_vegetation/20230724_birch24_m3m/BIRC/tile_14262.png,2
arctic_vegetation/20230724_birch24_m3m/BIRC/tile_14263.png,2
arctic_vegetation/20230724_birch24_m3m/BIRC/tile_14264.png,2
arctic_vegetation/20230724_birch24_m3m/BIRC/tile_14265.png,2
arctic_vegetation/20230724_birch24_m3m/BIRC/tile_14266.png,2
arctic_vegetation/20230724_birch24_m3m/BIRC/tile_14267.png,2
arctic_vegetation/20230724_birch24_m3m/BIRC/tile_14268.png,2
arctic_vegetation/20230724_birch24_m3m/BIRC/tile_14269.png,2
arctic_vegetation/20230724_birch24_m3m/BIRC/tile_14270.png,2
arctic_vegetation/20230724_birch24_m3m/BIRC/tile_14271.png,2
arctic_vegetation/20230724_birch24_m3m/BIRC/tile_14272.png,2
arctic_vegetation/20230724_birch24_m3m/BIRC/tile_14273.png,2
arctic_vegetation/20230724_birch24_m3m/BIRC/tile_14274.png,2
arctic_vegetation/20230724_birch24_m3m/BIRC/tile_14275.png,2
arctic_vegetation/20230724_birch24_m3m/BIRC/tile_14276.png,2
arctic_vegetation/20230724_birch24_m3m/BIRC/tile_14277.png,2
arctic_vegetation/20230724_birch24_m3m/BIRC/tile_14278.png,2
arctic_vegetation/20230724_birch24_m3m/BIRC/tile_14279.png,2
arctic_vegetation/20230724_birch24_m3m/BIRC/tile_14280.png,2
arctic_vegetation/20230724_birch24_m3m/BIRC/tile_14281.png,2
arctic_vegetation/20230724_birch24_m3m/BIRC/tile_14282.png,2
arctic_vegetation/20230724_birch24_m3m/BIRC/tile_14332.png,2
arctic_vegetation/20230724_birch24_m3m/BIRC/tile_14333.png,2
arctic_vegetation/20230724_birch24_m3m/BIRC/tile_14334.png,2
arctic_vegetation/20230724_birch24_m3m/BIRC/tile_14335.png,2
arctic_vegetation/20230724_birch24_m3m/BIRC/tile_14336.png,2
arctic_vegetation/20230724_birch24_m3m/BIRC/tile_14337.png,2
arctic_vegetation/20230724_birch24_m3m/BIRC/tile_14338.png,2
arctic_vegetation/20230724_birch24_m3m/BIRC/tile_14339.png,2
arctic_vegetation/20230724_birch24_m3m/BIRC/tile_14340.png,2
arctic_vegetation/20230724_birch24_m3m/BIRC/tile_14341.png,2
arctic_vegetation/20230724_birch24_m3m/WILL/tile_14344.png,11
arctic_vegetation/20230724_birch24_m3m/WILL/tile_14345.png,11
arctic_vegetation/20230724_birch24_m3m/PETF/tile_14347.png,6
arctic_vegetation/20230724_birch24_m3m/BIRC/tile_14348.png,2
arctic_vegetation/20230724_birch24_m3m/BIRC/tile_14349.png,2
arctic_vegetation/20230724_birch24_m3m/BIRC/tile_14350.png,2
arctic_vegetation/20230724_birch24_m3m/BIRC/tile_14351.png,2
arctic_vegetation/20230724_birch24_m3m/BIRC/tile_14469.png,2
arctic_vegetation/20230724_birch24_m3m/BIRC/tile_14470.png,2
arctic_vegetation/20230724_birch24_m3m/BIRC/tile_14471.png,2
arctic_vegetation/20230724_birch24_m3m/BIRC/tile_14472.png,2
arctic_vegetation/20230724_birch24_m3m/BIRC/tile_14473.png,2
arctic_vegetation/20230724_birch24_m3m/BIRC/tile_14474.png,2
arctic_vegetation/20230724_birch24_m3m/BIRC/tile_14475.png,2
arctic_vegetation/20230724_birch24_m3m/BIRC/tile_14476.png,2
arctic_vegetation/20230724_birch24_m3m/BIRC/tile_14477.png,2
arctic_vegetation/20230724_birch24_m3m/BIRC/tile_14478.png,2
arctic_vegetation/20230724_birch24_m3m/BIRC/tile_14479.png,2
arctic_vegetation/20230724_birch24_m3m/BIRC/tile_14480.png,2
arctic_vegetation/20230724_birch24_m3m/BIRC/tile_14481.png,2
arctic_vegetation/20230724_birch24_m3m/BIRC/tile_14482.png,2
arctic_vegetation/20230724_birch24_m3m/BIRC/tile_14483.png,2
arctic_vegetation/20230724_birch24_m3m/BIRC/tile_14484.png,2
arctic_vegetation/20230724_birch24_m3m/BIRC/tile_14485.png,2
arctic_vegetation/20230724_birch24_m3m/BIRC/tile_14486.png,2
arctic_vegetation/20230724_birch24_m3m/BIRC/tile_14487.png,2
arctic_vegetation/20230724_birch24_m3m/BIRC/tile_14488.png,2
arctic_vegetation/20230724_birch24_m3m/BIRC/tile_14489.png,2
arctic_vegetation/20230724_birch24_m3m/BIRC/tile_14490.png,2
arctic_vegetation/20230724_birch24_m3m/BIRC/tile_14491.png,2
arctic_vegetation/20230724_birch24_m3m/BIRC/tile_14492.png,2
arctic_vegetation/20230724_birch24_m3m/LICH/tile_14542.png,4
arctic_vegetation/20230724_birch24_m3m/BIRC/tile_14543.png,2
arctic_vegetation/20230724_birch24_m3m/BIRC/tile_14544.png,2
arctic_vegetation/20230724_birch24_m3m/BIRC/tile_14545.png,2
arctic_vegetation/20230724_birch24_m3m/LICH/tile_14546.png,4
arctic_vegetation/20230724_birch24_m3m/BIRC/tile_14547.png,2
arctic_vegetation/20230724_birch24_m3m/BIRC/tile_14548.png,2
arctic_vegetation/20230724_birch24_m3m/LICH/tile_14549.png,4
arctic_vegetation/20230724_birch24_m3m/LICH/tile_14550.png,4
arctic_vegetation/20230724_birch24_m3m/LICH/tile_14551.png,4
arctic_vegetation/20230724_birch24_m3m/BIRC/tile_14679.png,2
arctic_vegetation/20230724_birch24_m3m/BIRC/tile_14680.png,2
arctic_vegetation/20230724_birch24_m3m/BIRC/tile_14681.png,2
arctic_vegetation/20230724_birch24_m3m/BIRC/tile_14682.png,2
arctic_vegetation/20230724_birch24_m3m/BIRC/tile_14683.png,2
arctic_vegetation/20230724_birch24_m3m/BIRC/tile_14684.png,2
arctic_vegetation/20230724_birch24_m3m/BIRC/tile_14685.png,2
arctic_vegetation/20230724_birch24_m3m/BIRC/tile_14686.png,2
arctic_vegetation/20230724_birch24_m3m/BIRC/tile_14687.png,2
arctic_vegetation/20230724_birch24_m3m/BIRC/tile_14689.png,2
arctic_vegetation/20230724_birch24_m3m/BIRC/tile_14690.png,2
arctic_vegetation/20230724_birch24_m3m/BIRC/tile_14691.png,2
arctic_vegetation/20230724_birch24_m3m/BIRC/tile_14692.png,2
arctic_vegetation/20230724_birch24_m3m/BIRC/tile_14693.png,2
arctic_vegetation/20230724_birch24_m3m/BIRC/tile_14694.png,2
arctic_vegetation/20230724_birch24_m3m/BIRC/tile_14695.png,2
arctic_vegetation/20230724_birch24_m3m/BIRC/tile_14696.png,2
arctic_vegetation/20230724_birch24_m3m/BIRC/tile_14697.png,2
arctic_vegetation/20230724_birch24_m3m/BIRC/tile_14698.png,2
arctic_vegetation/20230724_birch24_m3m/BIRC/tile_14699.png,2
arctic_vegetation/20230724_birch24_m3m/BIRC/tile_14700.png,2
arctic_vegetation/20230724_birch24_m3m/BIRC/tile_14701.png,2
arctic_vegetation/20230724_birch24_m3m/BIRC/tile_14702.png,2
arctic_vegetation/20230724_birch24_m3m/BIRC/tile_14703.png,2
arctic_vegetation/20230724_birch24_m3m/BIRC/tile_14704.png,2
arctic_vegetation/20230724_birch24_m3m/BIRC/tile_14705.png,2
arctic_vegetation/20230724_birch24_m3m/LICH/tile_14752.png,4
arctic_vegetation/20230724_birch24_m3m/LICH/tile_14753.png,4
arctic_vegetation/20230724_birch24_m3m/LICH/tile_14754.png,4
arctic_vegetation/20230724_birch24_m3m/LICH/tile_14755.png,4
arctic_vegetation/20230724_birch24_m3m/LICH/tile_14756.png,4
arctic_vegetation/20230724_birch24_m3m/LICH/tile_14757.png,4
arctic_vegetation/20230724_birch24_m3m/LICH/tile_14758.png,4
arctic_vegetation/20230724_birch24_m3m/LICH/tile_14759.png,4
arctic_vegetation/20230724_birch24_m3m/LICH/tile_14760.png,4
arctic_vegetation/20230724_birch24_m3m/LICH/tile_14761.png,4
arctic_vegetation/20230724_birch24_m3m/BIRC/tile_14909.png,2
arctic_vegetation/20230724_birch24_m3m/BIRC/tile_14910.png,2
arctic_vegetation/20230724_birch24_m3m/BIRC/tile_14911.png,2
arctic_vegetation/20230724_birch24_m3m/WILL/tile_14912.png,11
arctic_vegetation/20230724_birch24_m3m/BIRC/tile_14913.png,2
arctic_vegetation/20230724_birch24_m3m/BIRC/tile_14914.png,2
arctic_vegetation/20230724_birch24_m3m/BIRC/tile_14915.png,2
arctic_vegetation/20230724_birch24_m3m/BIRC/tile_14916.png,2
arctic_vegetation/20230724_birch24_m3m/LICH/tile_14965.png,4
arctic_vegetation/20230724_birch24_m3m/LICH/tile_14966.png,4
arctic_vegetation/20230724_birch24_m3m/LICH/tile_14967.png,4
arctic_vegetation/20230724_birch24_m3m/LICH/tile_14968.png,4
arctic_vegetation/20230724_birch24_m3m/LICH/tile_14969.png,4
arctic_vegetation/20230724_birch24_m3m/LICH/tile_14970.png,4
arctic_vegetation/20230724_birch24_m3m/LICH/tile_14971.png,4
arctic_vegetation/20230724_birch24_m3m/LICH/tile_14972.png,4
arctic_vegetation/20230724_birch24_m3m/BIRC/tile_15122.png,2
arctic_vegetation/20230724_birch24_m3m/BIRC/tile_15123.png,2
arctic_vegetation/20230724_birch24_m3m/BIRC/tile_15124.png,2
arctic_vegetation/20230724_birch24_m3m/BIRC/tile_15125.png,2
arctic_vegetation/20230724_birch24_m3m/BIRC/tile_15126.png,2
arctic_vegetation/20230724_birch24_m3m/BIRC/tile_15127.png,2
arctic_vegetation/20230724_birch24_m3m/BIRC/tile_15128.png,2
arctic_vegetation/20230724_birch24_m3m/BIRC/tile_15129.png,2
arctic_vegetation/20230724_birch24_m3m/LICH/tile_15182.png,4
arctic_vegetation/20230724_birch24_m3m/LICH/tile_15183.png,4
arctic_vegetation/20230724_birch24_m3m/DRYI/tile_15332.png,3
arctic_vegetation/20230724_birch24_m3m/DRYI/tile_15333.png,3
arctic_vegetation/20230724_birch24_m3m/DRYI/tile_15334.png,3
arctic_vegetation/20230724_birch24_m3m/DRYI/tile_15335.png,3
arctic_vegetation/20230724_birch24_m3m/BIRC/tile_15336.png,2
arctic_vegetation/20230724_birch24_m3m/BIRC/tile_15337.png,2
arctic_vegetation/20230724_birch24_m3m/BIRC/tile_15338.png,2
arctic_vegetation/20230724_birch24_m3m/BIRC/tile_15339.png,2
arctic_vegetation/20230724_birch24_m3m/BIRC/tile_15340.png,2
arctic_vegetation/20230724_birch24_m3m/BIRC/tile_15341.png,2
arctic_vegetation/20230724_birch24_m3m/BIRC/tile_15342.png,2
arctic_vegetation/20230724_birch24_m3m/BIRC/tile_15343.png,2
arctic_vegetation/20230724_birch24_m3m/LICH/tile_15532.png,4
arctic_vegetation/20230724_birch24_m3m/LICH/tile_15533.png,4
arctic_vegetation/20230724_birch24_m3m/LICH/tile_15534.png,4
arctic_vegetation/20230724_birch24_m3m/LICH/tile_15535.png,4
arctic_vegetation/20230724_birch24_m3m/LICH/tile_15536.png,4
arctic_vegetation/20230724_birch24_m3m/DRYI/tile_15545.png,3
arctic_vegetation/20230724_birch24_m3m/DRYI/tile_15546.png,3
arctic_vegetation/20230724_birch24_m3m/DRYI/tile_15547.png,3
arctic_vegetation/20230724_birch24_m3m/BIRC/tile_15548.png,2
arctic_vegetation/20230724_birch24_m3m/BIRC/tile_15549.png,2
arctic_vegetation/20230724_birch24_m3m/BIRC/tile_15550.png,2
arctic_vegetation/20230724_birch24_m3m/BIRC/tile_15551.png,2
arctic_vegetation/20230724_birch24_m3m/BIRC/tile_15552.png,2
arctic_vegetation/20230724_birch24_m3m/BIRC/tile_15553.png,2
arctic_vegetation/20230724_birch24_m3m/BIRC/tile_15554.png,2
arctic_vegetation/20230724_birch24_m3m/BIRC/tile_15555.png,2
arctic_vegetation/20230724_birch24_m3m/BIRC/tile_15556.png,2
arctic_vegetation/20230724_birch24_m3m/BIRC/tile_15557.png,2
arctic_vegetation/20230724_birch24_m3m/BIRC/tile_15558.png,2
arctic_vegetation/20230724_birch24_m3m/BIRC/tile_15559.png,2
arctic_vegetation/20230724_birch24_m3m/BIRC/tile_15560.png,2
arctic_vegetation/20230724_birch24_m3m/LICH/tile_15746.png,4
arctic_vegetation/20230724_birch24_m3m/LICH/tile_15747.png,4
arctic_vegetation/20230724_birch24_m3m/LICH/tile_15748.png,4
arctic_vegetation/20230724_birch24_m3m/BIRC/tile_15749.png,2
arctic_vegetation/20230724_birch24_m3m/BIRC/tile_15750.png,2
arctic_vegetation/20230724_birch24_m3m/BIRC/tile_15751.png,2
arctic_vegetation/20230724_birch24_m3m/DRYI/tile_15759.png,3
arctic_vegetation/20230724_birch24_m3m/DRYI/tile_15760.png,3
arctic_vegetation/20230724_birch24_m3m/DRYI/tile_15761.png,3
arctic_vegetation/20230724_birch24_m3m/BIRC/tile_15762.png,2
arctic_vegetation/20230724_birch24_m3m/BIRC/tile_15763.png,2
arctic_vegetation/20230724_birch24_m3m/BIRC/tile_15764.png,2
arctic_vegetation/20230724_birch24_m3m/BIRC/tile_15765.png,2
arctic_vegetation/20230724_birch24_m3m/BIRC/tile_15766.png,2
arctic_vegetation/20230724_birch24_m3m/BIRC/tile_15767.png,2
arctic_vegetation/20230724_birch24_m3m/BIRC/tile_15768.png,2
arctic_vegetation/20230724_birch24_m3m/BIRC/tile_15769.png,2
arctic_vegetation/20230724_birch24_m3m/BIRC/tile_15770.png,2
arctic_vegetation/20230724_birch24_m3m/BIRC/tile_15771.png,2
arctic_vegetation/20230724_birch24_m3m/BIRC/tile_15772.png,2
arctic_vegetation/20230724_birch24_m3m/BIRC/tile_15773.png,2
arctic_vegetation/20230724_birch24_m3m/BIRC/tile_15774.png,2
arctic_vegetation/20230724_birch24_m3m/LICH/tile_15960.png,4
arctic_vegetation/20230724_birch24_m3m/LICH/tile_15961.png,4
arctic_vegetation/20230724_birch24_m3m/LICH/tile_15962.png,4
arctic_vegetation/20230724_birch24_m3m/BIRC/tile_15963.png,2
arctic_vegetation/20230724_birch24_m3m/BIRC/tile_15964.png,2
arctic_vegetation/20230724_birch24_m3m/BIRC/tile_15965.png,2
arctic_vegetation/20230724_birch24_m3m/BIRC/tile_15966.png,2
arctic_vegetation/20230724_birch24_m3m/DRYI/tile_15973.png,3
arctic_vegetation/20230724_birch24_m3m/DRYI/tile_15974.png,3
arctic_vegetation/20230724_birch24_m3m/BIRC/tile_15976.png,2
arctic_vegetation/20230724_birch24_m3m/BIRC/tile_15977.png,2
arctic_vegetation/20230724_birch24_m3m/BIRC/tile_15978.png,2
arctic_vegetation/20230724_birch24_m3m/BIRC/tile_15979.png,2
arctic_vegetation/20230724_birch24_m3m/BIRC/tile_15980.png,2
arctic_vegetation/20230724_birch24_m3m/BIRC/tile_15981.png,2
arctic_vegetation/20230724_birch24_m3m/BIRC/tile_15982.png,2
arctic_vegetation/20230724_birch24_m3m/BIRC/tile_15983.png,2
arctic_vegetation/20230724_birch24_m3m/BIRC/tile_15984.png,2
arctic_vegetation/20230724_birch24_m3m/BIRC/tile_15985.png,2
arctic_vegetation/20230724_birch24_m3m/BIRC/tile_15986.png,2
arctic_vegetation/20230724_birch24_m3m/BIRC/tile_15987.png,2
arctic_vegetation/20230724_birch24_m3m/BIRC/tile_15988.png,2
arctic_vegetation/20230724_birch24_m3m/DRYI/tile_16174.png,3
arctic_vegetation/20230724_birch24_m3m/DRYI/tile_16175.png,3
arctic_vegetation/20230724_birch24_m3m/BIRC/tile_16176.png,2
arctic_vegetation/20230724_birch24_m3m/BIRC/tile_16177.png,2
arctic_vegetation/20230724_birch24_m3m/BIRC/tile_16178.png,2
arctic_vegetation/20230724_birch24_m3m/BIRC/tile_16179.png,2
arctic_vegetation/20230724_birch24_m3m/BIRC/tile_16180.png,2
arctic_vegetation/20230724_birch24_m3m/BIRC/tile_16187.png,2
arctic_vegetation/20230724_birch24_m3m/BIRC/tile_16188.png,2
arctic_vegetation/20230724_birch24_m3m/BIRC/tile_16189.png,2
arctic_vegetation/20230724_birch24_m3m/BIRC/tile_16190.png,2
arctic_vegetation/20230724_birch24_m3m/BIRC/tile_16191.png,2
arctic_vegetation/20230724_birch24_m3m/BIRC/tile_16192.png,2
arctic_vegetation/20230724_birch24_m3m/BIRC/tile_16193.png,2
arctic_vegetation/20230724_birch24_m3m/BIRC/tile_16194.png,2
arctic_vegetation/20230724_birch24_m3m/BIRC/tile_16195.png,2
arctic_vegetation/20230724_birch24_m3m/BIRC/tile_16196.png,2
arctic_vegetation/20230724_birch24_m3m/BIRC/tile_16197.png,2
arctic_vegetation/20230724_birch24_m3m/BIRC/tile_16198.png,2
arctic_vegetation/20230724_birch24_m3m/BIRC/tile_16199.png,2
arctic_vegetation/20230724_birch24_m3m/BIRC/tile_16200.png,2
arctic_vegetation/20230724_birch24_m3m/BIRC/tile_16201.png,2
arctic_vegetation/20230724_birch24_m3m/BIRC/tile_16202.png,2
arctic_vegetation/20230724_birch24_m3m/DRYI/tile_16388.png,3
arctic_vegetation/20230724_birch24_m3m/DRYI/tile_16389.png,3
arctic_vegetation/20230724_birch24_m3m/BIRC/tile_16390.png,2
arctic_vegetation/20230724_birch24_m3m/BIRC/tile_16391.png,2
arctic_vegetation/20230724_birch24_m3m/BIRC/tile_16392.png,2
arctic_vegetation/20230724_birch24_m3m/BIRC/tile_16393.png,2
arctic_vegetation/20230724_birch24_m3m/BIRC/tile_16394.png,2
arctic_vegetation/20230724_birch24_m3m/BIRC/tile_16401.png,2
arctic_vegetation/20230724_birch24_m3m/BIRC/tile_16402.png,2
arctic_vegetation/20230724_birch24_m3m/BIRC/tile_16403.png,2
arctic_vegetation/20230724_birch24_m3m/BIRC/tile_16404.png,2
arctic_vegetation/20230724_birch24_m3m/BIRC/tile_16405.png,2
arctic_vegetation/20230724_birch24_m3m/BIRC/tile_16406.png,2
arctic_vegetation/20230724_birch24_m3m/BIRC/tile_16407.png,2
arctic_vegetation/20230724_birch24_m3m/BIRC/tile_16408.png,2
arctic_vegetation/20230724_birch24_m3m/BIRC/tile_16409.png,2
arctic_vegetation/20230724_birch24_m3m/BIRC/tile_16410.png,2
arctic_vegetation/20230724_birch24_m3m/BIRC/tile_16411.png,2
arctic_vegetation/20230724_birch24_m3m/BIRC/tile_16412.png,2
arctic_vegetation/20230724_birch24_m3m/BIRC/tile_16413.png,2
arctic_vegetation/20230724_birch24_m3m/BIRC/tile_16414.png,2
arctic_vegetation/20230724_birch24_m3m/BIRC/tile_16415.png,2
arctic_vegetation/20230724_birch24_m3m/BIRC/tile_16416.png,2
arctic_vegetation/20230724_birch24_m3m/DRYI/tile_16602.png,3
arctic_vegetation/20230724_birch24_m3m/WILL/tile_16603.png,11
arctic_vegetation/20230724_birch24_m3m/BIRC/tile_16604.png,2
arctic_vegetation/20230724_birch24_m3m/BIRC/tile_16605.png,2
arctic_vegetation/20230724_birch24_m3m/BIRC/tile_16606.png,2
arctic_vegetation/20230724_birch24_m3m/BIRC/tile_16615.png,2
arctic_vegetation/20230724_birch24_m3m/BIRC/tile_16616.png,2
arctic_vegetation/20230724_birch24_m3m/BIRC/tile_16617.png,2
arctic_vegetation/20230724_birch24_m3m/BIRC/tile_16618.png,2
arctic_vegetation/20230724_birch24_m3m/BIRC/tile_16619.png,2
arctic_vegetation/20230724_birch24_m3m/BIRC/tile_16620.png,2
arctic_vegetation/20230724_birch24_m3m/BIRC/tile_16621.png,2
arctic_vegetation/20230724_birch24_m3m/BIRC/tile_16622.png,2
arctic_vegetation/20230724_birch24_m3m/BIRC/tile_16623.png,2
arctic_vegetation/20230724_birch24_m3m/BIRC/tile_16624.png,2
arctic_vegetation/20230724_birch24_m3m/BIRC/tile_16625.png,2
arctic_vegetation/20230724_birch24_m3m/BIRC/tile_16626.png,2
arctic_vegetation/20230724_birch24_m3m/BIRC/tile_16627.png,2
arctic_vegetation/20230724_birch24_m3m/BIRC/tile_16628.png,2
arctic_vegetation/20230724_birch24_m3m/BIRC/tile_16629.png,2
arctic_vegetation/20230724_birch24_m3m/BIRC/tile_16630.png,2
arctic_vegetation/20230724_birch24_m3m/BIRC/tile_16815.png,2
arctic_vegetation/20230724_birch24_m3m/BIRC/tile_16816.png,2
arctic_vegetation/20230724_birch24_m3m/BIRC/tile_16817.png,2
arctic_vegetation/20230724_birch24_m3m/WILL/tile_16818.png,11
arctic_vegetation/20230724_birch24_m3m/BIRC/tile_16819.png,2
arctic_vegetation/20230724_birch24_m3m/BIRC/tile_16820.png,2
arctic_vegetation/20230724_birch24_m3m/BIRC/tile_16829.png,2
arctic_vegetation/20230724_birch24_m3m/BIRC/tile_16830.png,2
arctic_vegetation/20230724_birch24_m3m/BIRC/tile_16831.png,2
arctic_vegetation/20230724_birch24_m3m/BIRC/tile_16832.png,2
arctic_vegetation/20230724_birch24_m3m/BIRC/tile_16833.png,2
arctic_vegetation/20230724_birch24_m3m/BIRC/tile_16834.png,2
arctic_vegetation/20230724_birch24_m3m/BIRC/tile_16835.png,2
arctic_vegetation/20230724_birch24_m3m/BIRC/tile_16836.png,2
arctic_vegetation/20230724_birch24_m3m/BIRC/tile_16837.png,2
arctic_vegetation/20230724_birch24_m3m/BIRC/tile_16838.png,2
arctic_vegetation/20230724_birch24_m3m/BIRC/tile_16839.png,2
arctic_vegetation/20230724_birch24_m3m/BIRC/tile_16840.png,2
arctic_vegetation/20230724_birch24_m3m/BIRC/tile_16841.png,2
arctic_vegetation/20230724_birch24_m3m/BIRC/tile_16842.png,2
arctic_vegetation/20230724_birch24_m3m/BIRC/tile_16843.png,2
arctic_vegetation/20230724_birch24_m3m/BIRC/tile_16844.png,2
arctic_vegetation/20230724_birch24_m3m/BIRC/tile_17029.png,2
arctic_vegetation/20230724_birch24_m3m/BIRC/tile_17030.png,2
arctic_vegetation/20230724_birch24_m3m/BIRC/tile_17031.png,2
arctic_vegetation/20230724_birch24_m3m/BIRC/tile_17032.png,2
arctic_vegetation/20230724_birch24_m3m/WILL/tile_17033.png,11
arctic_vegetation/20230724_birch24_m3m/BIRC/tile_17043.png,2
arctic_vegetation/20230724_birch24_m3m/BIRC/tile_17044.png,2
arctic_vegetation/20230724_birch24_m3m/BIRC/tile_17045.png,2
arctic_vegetation/20230724_birch24_m3m/BIRC/tile_17046.png,2
arctic_vegetation/20230724_birch24_m3m/BIRC/tile_17047.png,2
arctic_vegetation/20230724_birch24_m3m/BIRC/tile_17048.png,2
arctic_vegetation/20230724_birch24_m3m/BIRC/tile_17049.png,2
arctic_vegetation/20230724_birch24_m3m/BIRC/tile_17050.png,2
arctic_vegetation/20230724_birch24_m3m/BIRC/tile_17051.png,2
arctic_vegetation/20230724_birch24_m3m/BIRC/tile_17052.png,2
arctic_vegetation/20230724_birch24_m3m/BIRC/tile_17053.png,2
arctic_vegetation/20230724_birch24_m3m/BIRC/tile_17054.png,2
arctic_vegetation/20230724_birch24_m3m/BIRC/tile_17055.png,2
arctic_vegetation/20230724_birch24_m3m/BIRC/tile_17056.png,2
arctic_vegetation/20230724_birch24_m3m/BIRC/tile_17057.png,2
arctic_vegetation/20230724_birch24_m3m/BIRC/tile_17058.png,2
arctic_vegetation/20230724_birch24_m3m/BIRC/tile_17243.png,2
arctic_vegetation/20230724_birch24_m3m/BIRC/tile_17244.png,2
arctic_vegetation/20230724_birch24_m3m/BIRC/tile_17245.png,2
arctic_vegetation/20230724_birch24_m3m/BIRC/tile_17246.png,2
arctic_vegetation/20230724_birch24_m3m/BIRC/tile_17247.png,2
arctic_vegetation/20230724_birch24_m3m/BIRC/tile_17256.png,2
arctic_vegetation/20230724_birch24_m3m/BIRC/tile_17257.png,2
arctic_vegetation/20230724_birch24_m3m/BIRC/tile_17258.png,2
arctic_vegetation/20230724_birch24_m3m/BIRC/tile_17259.png,2
arctic_vegetation/20230724_birch24_m3m/BIRC/tile_17260.png,2
arctic_vegetation/20230724_birch24_m3m/BIRC/tile_17261.png,2
arctic_vegetation/20230724_birch24_m3m/BIRC/tile_17262.png,2
arctic_vegetation/20230724_birch24_m3m/BIRC/tile_17263.png,2
arctic_vegetation/20230724_birch24_m3m/BIRC/tile_17264.png,2
arctic_vegetation/20230724_birch24_m3m/BIRC/tile_17265.png,2
arctic_vegetation/20230724_birch24_m3m/BIRC/tile_17266.png,2
arctic_vegetation/20230724_birch24_m3m/BIRC/tile_17267.png,2
arctic_vegetation/20230724_birch24_m3m/BIRC/tile_17268.png,2
arctic_vegetation/20230724_birch24_m3m/BIRC/tile_17269.png,2
arctic_vegetation/20230724_birch24_m3m/BIRC/tile_17270.png,2
arctic_vegetation/20230724_birch24_m3m/BIRC/tile_17271.png,2
arctic_vegetation/20230724_birch24_m3m/BIRC/tile_17272.png,2
arctic_vegetation/20230724_birch24_m3m/BIRC/tile_17273.png,2
arctic_vegetation/20230724_birch24_m3m/BIRC/tile_17274.png,2
arctic_vegetation/20230724_birch24_m3m/BIRC/tile_17275.png,2
arctic_vegetation/20230724_birch24_m3m/BIRC/tile_17276.png,2
arctic_vegetation/20230724_birch24_m3m/BIRC/tile_17277.png,2
arctic_vegetation/20230724_birch24_m3m/BIRC/tile_17278.png,2
arctic_vegetation/20230724_birch24_m3m/BIRC/tile_17279.png,2
arctic_vegetation/20230724_birch24_m3m/BIRC/tile_17280.png,2
arctic_vegetation/20230724_birch24_m3m/BIRC/tile_17281.png,2
arctic_vegetation/20230724_birch24_m3m/BIRC/tile_17282.png,2
arctic_vegetation/20230724_birch24_m3m/BIRC/tile_17283.png,2
arctic_vegetation/20230724_birch24_m3m/BIRC/tile_17284.png,2
arctic_vegetation/20230724_birch24_m3m/BIRC/tile_17285.png,2
arctic_vegetation/20230724_birch24_m3m/BIRC/tile_17286.png,2
arctic_vegetation/20230724_birch24_m3m/BIRC/tile_17287.png,2
arctic_vegetation/20230724_birch24_m3m/BIRC/tile_17288.png,2
arctic_vegetation/20230724_birch24_m3m/BIRC/tile_17289.png,2
arctic_vegetation/20230724_birch24_m3m/BIRC/tile_17290.png,2
arctic_vegetation/20230724_birch24_m3m/BIRC/tile_17291.png,2
arctic_vegetation/20230724_birch24_m3m/BIRC/tile_17292.png,2
arctic_vegetation/20230724_birch24_m3m/BIRC/tile_17293.png,2
arctic_vegetation/20230724_birch24_m3m/BIRC/tile_17294.png,2
arctic_vegetation/20230724_birch24_m3m/BIRC/tile_17457.png,2
arctic_vegetation/20230724_birch24_m3m/BIRC/tile_17458.png,2
arctic_vegetation/20230724_birch24_m3m/BIRC/tile_17459.png,2
arctic_vegetation/20230724_birch24_m3m/BIRC/tile_17460.png,2
arctic_vegetation/20230724_birch24_m3m/BIRC/tile_17461.png,2
arctic_vegetation/20230724_birch24_m3m/WILL/tile_17467.png,11
arctic_vegetation/20230724_birch24_m3m/WILL/tile_17468.png,11
arctic_vegetation/20230724_birch24_m3m/BIRC/tile_17470.png,2
arctic_vegetation/20230724_birch24_m3m/BIRC/tile_17471.png,2
arctic_vegetation/20230724_birch24_m3m/BIRC/tile_17472.png,2
arctic_vegetation/20230724_birch24_m3m/BIRC/tile_17473.png,2
arctic_vegetation/20230724_birch24_m3m/BIRC/tile_17474.png,2
arctic_vegetation/20230724_birch24_m3m/BIRC/tile_17475.png,2
arctic_vegetation/20230724_birch24_m3m/BIRC/tile_17476.png,2
arctic_vegetation/20230724_birch24_m3m/BIRC/tile_17477.png,2
arctic_vegetation/20230724_birch24_m3m/BIRC/tile_17478.png,2
arctic_vegetation/20230724_birch24_m3m/BIRC/tile_17479.png,2
arctic_vegetation/20230724_birch24_m3m/BIRC/tile_17480.png,2
arctic_vegetation/20230724_birch24_m3m/BIRC/tile_17481.png,2
arctic_vegetation/20230724_birch24_m3m/BIRC/tile_17482.png,2
arctic_vegetation/20230724_birch24_m3m/BIRC/tile_17483.png,2
arctic_vegetation/20230724_birch24_m3m/BIRC/tile_17484.png,2
arctic_vegetation/20230724_birch24_m3m/BIRC/tile_17485.png,2
arctic_vegetation/20230724_birch24_m3m/BIRC/tile_17486.png,2
arctic_vegetation/20230724_birch24_m3m/BIRC/tile_17487.png,2
arctic_vegetation/20230724_birch24_m3m/BIRC/tile_17488.png,2
arctic_vegetation/20230724_birch24_m3m/BIRC/tile_17489.png,2
arctic_vegetation/20230724_birch24_m3m/BIRC/tile_17490.png,2
arctic_vegetation/20230724_birch24_m3m/BIRC/tile_17491.png,2
arctic_vegetation/20230724_birch24_m3m/BIRC/tile_17492.png,2
arctic_vegetation/20230724_birch24_m3m/BIRC/tile_17493.png,2
arctic_vegetation/20230724_birch24_m3m/BIRC/tile_17494.png,2
arctic_vegetation/20230724_birch24_m3m/BIRC/tile_17495.png,2
arctic_vegetation/20230724_birch24_m3m/BIRC/tile_17496.png,2
arctic_vegetation/20230724_birch24_m3m/BIRC/tile_17497.png,2
arctic_vegetation/20230724_birch24_m3m/BIRC/tile_17498.png,2
arctic_vegetation/20230724_birch24_m3m/BIRC/tile_17499.png,2
arctic_vegetation/20230724_birch24_m3m/BIRC/tile_17500.png,2
arctic_vegetation/20230724_birch24_m3m/BIRC/tile_17501.png,2
arctic_vegetation/20230724_birch24_m3m/BIRC/tile_17502.png,2
arctic_vegetation/20230724_birch24_m3m/BIRC/tile_17503.png,2
arctic_vegetation/20230724_birch24_m3m/BIRC/tile_17504.png,2
arctic_vegetation/20230724_birch24_m3m/BIRC/tile_17505.png,2
arctic_vegetation/20230724_birch24_m3m/BIRC/tile_17506.png,2
arctic_vegetation/20230724_birch24_m3m/BIRC/tile_17507.png,2
arctic_vegetation/20230724_birch24_m3m/BIRC/tile_17508.png,2
arctic_vegetation/20230724_birch24_m3m/BIRC/tile_17509.png,2
arctic_vegetation/20230724_birch24_m3m/BIRC/tile_17510.png,2
arctic_vegetation/20230724_birch24_m3m/BIRC/tile_17511.png,2
arctic_vegetation/20230724_birch24_m3m/BIRC/tile_17540.png,2
arctic_vegetation/20230724_birch24_m3m/BIRC/tile_17541.png,2
arctic_vegetation/20230724_birch24_m3m/BIRC/tile_17542.png,2
arctic_vegetation/20230724_birch24_m3m/BIRC/tile_17543.png,2
arctic_vegetation/20230724_birch24_m3m/BIRC/tile_17544.png,2
arctic_vegetation/20230724_birch24_m3m/BIRC/tile_17545.png,2
arctic_vegetation/20230724_birch24_m3m/BIRC/tile_17546.png,2
arctic_vegetation/20230724_birch24_m3m/BIRC/tile_17671.png,2
arctic_vegetation/20230724_birch24_m3m/BIRC/tile_17672.png,2
arctic_vegetation/20230724_birch24_m3m/BIRC/tile_17673.png,2
arctic_vegetation/20230724_birch24_m3m/BIRC/tile_17674.png,2
arctic_vegetation/20230724_birch24_m3m/BIRC/tile_17675.png,2
arctic_vegetation/20230724_birch24_m3m/BIRC/tile_17678.png,2
arctic_vegetation/20230724_birch24_m3m/BIRC/tile_17679.png,2
arctic_vegetation/20230724_birch24_m3m/WILL/tile_17680.png,11
arctic_vegetation/20230724_birch24_m3m/WILL/tile_17681.png,11
arctic_vegetation/20230724_birch24_m3m/WILL/tile_17682.png,11
arctic_vegetation/20230724_birch24_m3m/WILL/tile_17683.png,11
arctic_vegetation/20230724_birch24_m3m/BIRC/tile_17684.png,2
arctic_vegetation/20230724_birch24_m3m/BIRC/tile_17685.png,2
arctic_vegetation/20230724_birch24_m3m/BIRC/tile_17686.png,2
arctic_vegetation/20230724_birch24_m3m/BIRC/tile_17687.png,2
arctic_vegetation/20230724_birch24_m3m/BIRC/tile_17688.png,2
arctic_vegetation/20230724_birch24_m3m/BIRC/tile_17689.png,2
arctic_vegetation/20230724_birch24_m3m/BIRC/tile_17690.png,2
arctic_vegetation/20230724_birch24_m3m/BIRC/tile_17691.png,2
arctic_vegetation/20230724_birch24_m3m/BIRC/tile_17692.png,2
arctic_vegetation/20230724_birch24_m3m/BIRC/tile_17693.png,2
arctic_vegetation/20230724_birch24_m3m/BIRC/tile_17694.png,2
arctic_vegetation/20230724_birch24_m3m/BIRC/tile_17695.png,2
arctic_vegetation/20230724_birch24_m3m/BIRC/tile_17696.png,2
arctic_vegetation/20230724_birch24_m3m/BIRC/tile_17697.png,2
arctic_vegetation/20230724_birch24_m3m/BIRC/tile_17698.png,2
arctic_vegetation/20230724_birch24_m3m/BIRC/tile_17699.png,2
arctic_vegetation/20230724_birch24_m3m/BIRC/tile_17700.png,2
arctic_vegetation/20230724_birch24_m3m/BIRC/tile_17701.png,2
arctic_vegetation/20230724_birch24_m3m/BIRC/tile_17702.png,2
arctic_vegetation/20230724_birch24_m3m/BIRC/tile_17703.png,2
arctic_vegetation/20230724_birch24_m3m/BIRC/tile_17704.png,2
arctic_vegetation/20230724_birch24_m3m/BIRC/tile_17705.png,2
arctic_vegetation/20230724_birch24_m3m/BIRC/tile_17706.png,2
arctic_vegetation/20230724_birch24_m3m/BIRC/tile_17707.png,2
arctic_vegetation/20230724_birch24_m3m/BIRC/tile_17708.png,2
arctic_vegetation/20230724_birch24_m3m/BIRC/tile_17709.png,2
arctic_vegetation/20230724_birch24_m3m/BIRC/tile_17710.png,2
arctic_vegetation/20230724_birch24_m3m/BIRC/tile_17711.png,2
arctic_vegetation/20230724_birch24_m3m/BIRC/tile_17712.png,2
arctic_vegetation/20230724_birch24_m3m/BIRC/tile_17713.png,2
arctic_vegetation/20230724_birch24_m3m/BIRC/tile_17714.png,2
arctic_vegetation/20230724_birch24_m3m/BIRC/tile_17715.png,2
arctic_vegetation/20230724_birch24_m3m/BIRC/tile_17716.png,2
arctic_vegetation/20230724_birch24_m3m/BIRC/tile_17717.png,2
arctic_vegetation/20230724_birch24_m3m/BIRC/tile_17718.png,2
arctic_vegetation/20230724_birch24_m3m/BIRC/tile_17719.png,2
arctic_vegetation/20230724_birch24_m3m/BIRC/tile_17720.png,2
arctic_vegetation/20230724_birch24_m3m/BIRC/tile_17721.png,2
arctic_vegetation/20230724_birch24_m3m/BIRC/tile_17722.png,2
arctic_vegetation/20230724_birch24_m3m/BIRC/tile_17723.png,2
arctic_vegetation/20230724_birch24_m3m/BIRC/tile_17724.png,2
arctic_vegetation/20230724_birch24_m3m/BIRC/tile_17725.png,2
arctic_vegetation/20230724_birch24_m3m/BIRC/tile_17754.png,2
arctic_vegetation/20230724_birch24_m3m/BIRC/tile_17755.png,2
arctic_vegetation/20230724_birch24_m3m/BIRC/tile_17756.png,2
arctic_vegetation/20230724_birch24_m3m/BIRC/tile_17757.png,2
arctic_vegetation/20230724_birch24_m3m/BIRC/tile_17758.png,2
arctic_vegetation/20230724_birch24_m3m/BIRC/tile_17759.png,2
arctic_vegetation/20230724_birch24_m3m/BIRC/tile_17760.png,2
arctic_vegetation/20230724_birch24_m3m/BIRC/tile_17885.png,2
arctic_vegetation/20230724_birch24_m3m/BIRC/tile_17886.png,2
arctic_vegetation/20230724_birch24_m3m/BIRC/tile_17887.png,2
arctic_vegetation/20230724_birch24_m3m/BIRC/tile_17888.png,2
arctic_vegetation/20230724_birch24_m3m/BIRC/tile_17889.png,2
arctic_vegetation/20230724_birch24_m3m/BIRC/tile_17892.png,2
arctic_vegetation/20230724_birch24_m3m/WILL/tile_17893.png,11
arctic_vegetation/20230724_birch24_m3m/WILL/tile_17894.png,11
arctic_vegetation/20230724_birch24_m3m/WILL/tile_17895.png,11
arctic_vegetation/20230724_birch24_m3m/WILL/tile_17896.png,11
arctic_vegetation/20230724_birch24_m3m/BIRC/tile_17897.png,2
arctic_vegetation/20230724_birch24_m3m/BIRC/tile_17898.png,2
arctic_vegetation/20230724_birch24_m3m/BIRC/tile_17899.png,2
arctic_vegetation/20230724_birch24_m3m/BIRC/tile_17900.png,2
arctic_vegetation/20230724_birch24_m3m/BIRC/tile_17901.png,2
arctic_vegetation/20230724_birch24_m3m/BIRC/tile_17902.png,2
arctic_vegetation/20230724_birch24_m3m/BIRC/tile_17903.png,2
arctic_vegetation/20230724_birch24_m3m/BIRC/tile_17904.png,2
arctic_vegetation/20230724_birch24_m3m/BIRC/tile_17905.png,2
arctic_vegetation/20230724_birch24_m3m/BIRC/tile_17906.png,2
arctic_vegetation/20230724_birch24_m3m/BIRC/tile_17907.png,2
arctic_vegetation/20230724_birch24_m3m/BIRC/tile_17908.png,2
arctic_vegetation/20230724_birch24_m3m/BIRC/tile_17909.png,2
arctic_vegetation/20230724_birch24_m3m/BIRC/tile_17910.png,2
arctic_vegetation/20230724_birch24_m3m/BIRC/tile_17911.png,2
arctic_vegetation/20230724_birch24_m3m/BIRC/tile_17912.png,2
arctic_vegetation/20230724_birch24_m3m/BIRC/tile_17913.png,2
arctic_vegetation/20230724_birch24_m3m/BIRC/tile_17914.png,2
arctic_vegetation/20230724_birch24_m3m/BIRC/tile_17915.png,2
arctic_vegetation/20230724_birch24_m3m/BIRC/tile_17916.png,2
arctic_vegetation/20230724_birch24_m3m/BIRC/tile_17917.png,2
arctic_vegetation/20230724_birch24_m3m/BIRC/tile_17918.png,2
arctic_vegetation/20230724_birch24_m3m/BIRC/tile_17919.png,2
arctic_vegetation/20230724_birch24_m3m/BIRC/tile_17920.png,2
arctic_vegetation/20230724_birch24_m3m/BIRC/tile_17921.png,2
arctic_vegetation/20230724_birch24_m3m/BIRC/tile_17922.png,2
arctic_vegetation/20230724_birch24_m3m/BIRC/tile_17923.png,2
arctic_vegetation/20230724_birch24_m3m/BIRC/tile_17924.png,2
arctic_vegetation/20230724_birch24_m3m/BIRC/tile_17925.png,2
arctic_vegetation/20230724_birch24_m3m/BIRC/tile_17926.png,2
arctic_vegetation/20230724_birch24_m3m/BIRC/tile_17927.png,2
arctic_vegetation/20230724_birch24_m3m/BIRC/tile_17928.png,2
arctic_vegetation/20230724_birch24_m3m/BIRC/tile_17929.png,2
arctic_vegetation/20230724_birch24_m3m/BIRC/tile_17930.png,2
arctic_vegetation/20230724_birch24_m3m/BIRC/tile_17931.png,2
arctic_vegetation/20230724_birch24_m3m/BIRC/tile_17932.png,2
arctic_vegetation/20230724_birch24_m3m/BIRC/tile_17933.png,2
arctic_vegetation/20230724_birch24_m3m/BIRC/tile_17934.png,2
arctic_vegetation/20230724_birch24_m3m/BIRC/tile_17935.png,2
arctic_vegetation/20230724_birch24_m3m/BIRC/tile_17936.png,2
arctic_vegetation/20230724_birch24_m3m/BIRC/tile_17937.png,2
arctic_vegetation/20230724_birch24_m3m/BIRC/tile_17938.png,2
arctic_vegetation/20230724_birch24_m3m/BIRC/tile_17939.png,2
arctic_vegetation/20230724_birch24_m3m/BIRC/tile_17968.png,2
arctic_vegetation/20230724_birch24_m3m/BIRC/tile_17969.png,2
arctic_vegetation/20230724_birch24_m3m/BIRC/tile_17970.png,2
arctic_vegetation/20230724_birch24_m3m/BIRC/tile_17971.png,2
arctic_vegetation/20230724_birch24_m3m/BIRC/tile_17972.png,2
arctic_vegetation/20230724_birch24_m3m/BIRC/tile_17973.png,2
arctic_vegetation/20230724_birch24_m3m/BIRC/tile_17974.png,2
arctic_vegetation/20230724_birch24_m3m/BIRC/tile_18099.png,2
arctic_vegetation/20230724_birch24_m3m/BIRC/tile_18100.png,2
arctic_vegetation/20230724_birch24_m3m/BIRC/tile_18101.png,2
arctic_vegetation/20230724_birch24_m3m/BIRC/tile_18102.png,2
arctic_vegetation/20230724_birch24_m3m/BIRC/tile_18103.png,2
arctic_vegetation/20230724_birch24_m3m/BIRC/tile_18104.png,2
arctic_vegetation/20230724_birch24_m3m/BIRC/tile_18106.png,2
arctic_vegetation/20230724_birch24_m3m/WILL/tile_18107.png,11
arctic_vegetation/20230724_birch24_m3m/WILL/tile_18108.png,11
arctic_vegetation/20230724_birch24_m3m/WILL/tile_18109.png,11
arctic_vegetation/20230724_birch24_m3m/BIRC/tile_18110.png,2
arctic_vegetation/20230724_birch24_m3m/BIRC/tile_18111.png,2
arctic_vegetation/20230724_birch24_m3m/BIRC/tile_18112.png,2
arctic_vegetation/20230724_birch24_m3m/BIRC/tile_18113.png,2
arctic_vegetation/20230724_birch24_m3m/BIRC/tile_18114.png,2
arctic_vegetation/20230724_birch24_m3m/BIRC/tile_18115.png,2
arctic_vegetation/20230724_birch24_m3m/BIRC/tile_18116.png,2
arctic_vegetation/20230724_birch24_m3m/BIRC/tile_18117.png,2
arctic_vegetation/20230724_birch24_m3m/BIRC/tile_18118.png,2
arctic_vegetation/20230724_birch24_m3m/BIRC/tile_18119.png,2
arctic_vegetation/20230724_birch24_m3m/BIRC/tile_18120.png,2
arctic_vegetation/20230724_birch24_m3m/BIRC/tile_18121.png,2
arctic_vegetation/20230724_birch24_m3m/BIRC/tile_18122.png,2
arctic_vegetation/20230724_birch24_m3m/BIRC/tile_18123.png,2
arctic_vegetation/20230724_birch24_m3m/BIRC/tile_18124.png,2
arctic_vegetation/20230724_birch24_m3m/BIRC/tile_18125.png,2
arctic_vegetation/20230724_birch24_m3m/BIRC/tile_18126.png,2
arctic_vegetation/20230724_birch24_m3m/BIRC/tile_18127.png,2
arctic_vegetation/20230724_birch24_m3m/BIRC/tile_18128.png,2
arctic_vegetation/20230724_birch24_m3m/BIRC/tile_18129.png,2
arctic_vegetation/20230724_birch24_m3m/BIRC/tile_18130.png,2
arctic_vegetation/20230724_birch24_m3m/BIRC/tile_18131.png,2
arctic_vegetation/20230724_birch24_m3m/BIRC/tile_18132.png,2
arctic_vegetation/20230724_birch24_m3m/BIRC/tile_18133.png,2
arctic_vegetation/20230724_birch24_m3m/BIRC/tile_18134.png,2
arctic_vegetation/20230724_birch24_m3m/BIRC/tile_18135.png,2
arctic_vegetation/20230724_birch24_m3m/BIRC/tile_18136.png,2
arctic_vegetation/20230724_birch24_m3m/BIRC/tile_18137.png,2
arctic_vegetation/20230724_birch24_m3m/BIRC/tile_18138.png,2
arctic_vegetation/20230724_birch24_m3m/BIRC/tile_18139.png,2
arctic_vegetation/20230724_birch24_m3m/BIRC/tile_18140.png,2
arctic_vegetation/20230724_birch24_m3m/BIRC/tile_18141.png,2
arctic_vegetation/20230724_birch24_m3m/BIRC/tile_18142.png,2
arctic_vegetation/20230724_birch24_m3m/BIRC/tile_18143.png,2
arctic_vegetation/20230724_birch24_m3m/BIRC/tile_18144.png,2
arctic_vegetation/20230724_birch24_m3m/BIRC/tile_18145.png,2
arctic_vegetation/20230724_birch24_m3m/BIRC/tile_18146.png,2
arctic_vegetation/20230724_birch24_m3m/BIRC/tile_18147.png,2
arctic_vegetation/20230724_birch24_m3m/BIRC/tile_18148.png,2
arctic_vegetation/20230724_birch24_m3m/BIRC/tile_18149.png,2
arctic_vegetation/20230724_birch24_m3m/BIRC/tile_18150.png,2
arctic_vegetation/20230724_birch24_m3m/BIRC/tile_18151.png,2
arctic_vegetation/20230724_birch24_m3m/BIRC/tile_18152.png,2
arctic_vegetation/20230724_birch24_m3m/BIRC/tile_18153.png,2
arctic_vegetation/20230724_birch24_m3m/BIRC/tile_18182.png,2
arctic_vegetation/20230724_birch24_m3m/BIRC/tile_18183.png,2
arctic_vegetation/20230724_birch24_m3m/BIRC/tile_18184.png,2
arctic_vegetation/20230724_birch24_m3m/BIRC/tile_18185.png,2
arctic_vegetation/20230724_birch24_m3m/BIRC/tile_18186.png,2
arctic_vegetation/20230724_birch24_m3m/BIRC/tile_18187.png,2
arctic_vegetation/20230724_birch24_m3m/BIRC/tile_18188.png,2
arctic_vegetation/20230724_birch24_m3m/BIRC/tile_18314.png,2
arctic_vegetation/20230724_birch24_m3m/BIRC/tile_18315.png,2
arctic_vegetation/20230724_birch24_m3m/BIRC/tile_18316.png,2
arctic_vegetation/20230724_birch24_m3m/BIRC/tile_18317.png,2
arctic_vegetation/20230724_birch24_m3m/BIRC/tile_18318.png,2
arctic_vegetation/20230724_birch24_m3m/BIRC/tile_18319.png,2
arctic_vegetation/20230724_birch24_m3m/BIRC/tile_18320.png,2
arctic_vegetation/20230724_birch24_m3m/WILL/tile_18321.png,11
arctic_vegetation/20230724_birch24_m3m/WILL/tile_18322.png,11
arctic_vegetation/20230724_birch24_m3m/BIRC/tile_18323.png,2
arctic_vegetation/20230724_birch24_m3m/BIRC/tile_18324.png,2
arctic_vegetation/20230724_birch24_m3m/BIRC/tile_18325.png,2
arctic_vegetation/20230724_birch24_m3m/BIRC/tile_18326.png,2
arctic_vegetation/20230724_birch24_m3m/BIRC/tile_18327.png,2
arctic_vegetation/20230724_birch24_m3m/BIRC/tile_18328.png,2
arctic_vegetation/20230724_birch24_m3m/BIRC/tile_18329.png,2
arctic_vegetation/20230724_birch24_m3m/BIRC/tile_18330.png,2
arctic_vegetation/20230724_birch24_m3m/BIRC/tile_18331.png,2
arctic_vegetation/20230724_birch24_m3m/BIRC/tile_18332.png,2
arctic_vegetation/20230724_birch24_m3m/BIRC/tile_18333.png,2
arctic_vegetation/20230724_birch24_m3m/BIRC/tile_18334.png,2
arctic_vegetation/20230724_birch24_m3m/BIRC/tile_18335.png,2
arctic_vegetation/20230724_birch24_m3m/BIRC/tile_18336.png,2
arctic_vegetation/20230724_birch24_m3m/BIRC/tile_18337.png,2
arctic_vegetation/20230724_birch24_m3m/BIRC/tile_18338.png,2
arctic_vegetation/20230724_birch24_m3m/BIRC/tile_18339.png,2
arctic_vegetation/20230724_birch24_m3m/BIRC/tile_18340.png,2
arctic_vegetation/20230724_birch24_m3m/BIRC/tile_18341.png,2
arctic_vegetation/20230724_birch24_m3m/BIRC/tile_18342.png,2
arctic_vegetation/20230724_birch24_m3m/BIRC/tile_18343.png,2
arctic_vegetation/20230724_birch24_m3m/BIRC/tile_18344.png,2
arctic_vegetation/20230724_birch24_m3m/BIRC/tile_18345.png,2
arctic_vegetation/20230724_birch24_m3m/BIRC/tile_18346.png,2
arctic_vegetation/20230724_birch24_m3m/BIRC/tile_18347.png,2
arctic_vegetation/20230724_birch24_m3m/BIRC/tile_18348.png,2
arctic_vegetation/20230724_birch24_m3m/BIRC/tile_18349.png,2
arctic_vegetation/20230724_birch24_m3m/BIRC/tile_18350.png,2
arctic_vegetation/20230724_birch24_m3m/BIRC/tile_18351.png,2
arctic_vegetation/20230724_birch24_m3m/BIRC/tile_18352.png,2
arctic_vegetation/20230724_birch24_m3m/BIRC/tile_18353.png,2
arctic_vegetation/20230724_birch24_m3m/BIRC/tile_18354.png,2
arctic_vegetation/20230724_birch24_m3m/BIRC/tile_18355.png,2
arctic_vegetation/20230724_birch24_m3m/BIRC/tile_18356.png,2
arctic_vegetation/20230724_birch24_m3m/BIRC/tile_18357.png,2
arctic_vegetation/20230724_birch24_m3m/BIRC/tile_18358.png,2
arctic_vegetation/20230724_birch24_m3m/BIRC/tile_18359.png,2
arctic_vegetation/20230724_birch24_m3m/BIRC/tile_18360.png,2
arctic_vegetation/20230724_birch24_m3m/BIRC/tile_18361.png,2
arctic_vegetation/20230724_birch24_m3m/BIRC/tile_18362.png,2
arctic_vegetation/20230724_birch24_m3m/BIRC/tile_18363.png,2
arctic_vegetation/20230724_birch24_m3m/BIRC/tile_18364.png,2
arctic_vegetation/20230724_birch24_m3m/BIRC/tile_18365.png,2
arctic_vegetation/20230724_birch24_m3m/BIRC/tile_18366.png,2
arctic_vegetation/20230724_birch24_m3m/BIRC/tile_18367.png,2
arctic_vegetation/20230724_birch24_m3m/BIRC/tile_18396.png,2
arctic_vegetation/20230724_birch24_m3m/BIRC/tile_18397.png,2
arctic_vegetation/20230724_birch24_m3m/BIRC/tile_18398.png,2
arctic_vegetation/20230724_birch24_m3m/BIRC/tile_18399.png,2
arctic_vegetation/20230724_birch24_m3m/BIRC/tile_18400.png,2
arctic_vegetation/20230724_birch24_m3m/BIRC/tile_18401.png,2
arctic_vegetation/20230724_birch24_m3m/BIRC/tile_18402.png,2
arctic_vegetation/20230724_birch24_m3m/DRYI/tile_18403.png,3
arctic_vegetation/20230724_birch24_m3m/WILL/tile_18528.png,11
arctic_vegetation/20230724_birch24_m3m/BIRC/tile_18529.png,2
arctic_vegetation/20230724_birch24_m3m/BIRC/tile_18530.png,2
arctic_vegetation/20230724_birch24_m3m/BIRC/tile_18531.png,2
arctic_vegetation/20230724_birch24_m3m/BIRC/tile_18532.png,2
arctic_vegetation/20230724_birch24_m3m/BIRC/tile_18533.png,2
arctic_vegetation/20230724_birch24_m3m/BIRC/tile_18534.png,2
arctic_vegetation/20230724_birch24_m3m/BIRC/tile_18535.png,2
arctic_vegetation/20230724_birch24_m3m/BIRC/tile_18536.png,2
arctic_vegetation/20230724_birch24_m3m/BIRC/tile_18537.png,2
arctic_vegetation/20230724_birch24_m3m/BIRC/tile_18538.png,2
arctic_vegetation/20230724_birch24_m3m/BIRC/tile_18539.png,2
arctic_vegetation/20230724_birch24_m3m/BIRC/tile_18540.png,2
arctic_vegetation/20230724_birch24_m3m/BIRC/tile_18541.png,2
arctic_vegetation/20230724_birch24_m3m/BIRC/tile_18542.png,2
arctic_vegetation/20230724_birch24_m3m/BIRC/tile_18543.png,2
arctic_vegetation/20230724_birch24_m3m/BIRC/tile_18544.png,2
arctic_vegetation/20230724_birch24_m3m/BIRC/tile_18545.png,2
arctic_vegetation/20230724_birch24_m3m/BIRC/tile_18546.png,2
arctic_vegetation/20230724_birch24_m3m/BIRC/tile_18547.png,2
arctic_vegetation/20230724_birch24_m3m/BIRC/tile_18548.png,2
arctic_vegetation/20230724_birch24_m3m/BIRC/tile_18549.png,2
arctic_vegetation/20230724_birch24_m3m/BIRC/tile_18550.png,2
arctic_vegetation/20230724_birch24_m3m/BIRC/tile_18551.png,2
arctic_vegetation/20230724_birch24_m3m/BIRC/tile_18552.png,2
arctic_vegetation/20230724_birch24_m3m/BIRC/tile_18553.png,2
arctic_vegetation/20230724_birch24_m3m/BIRC/tile_18554.png,2
arctic_vegetation/20230724_birch24_m3m/BIRC/tile_18555.png,2
arctic_vegetation/20230724_birch24_m3m/BIRC/tile_18556.png,2
arctic_vegetation/20230724_birch24_m3m/BIRC/tile_18557.png,2
arctic_vegetation/20230724_birch24_m3m/BIRC/tile_18558.png,2
arctic_vegetation/20230724_birch24_m3m/BIRC/tile_18559.png,2
arctic_vegetation/20230724_birch24_m3m/BIRC/tile_18560.png,2
arctic_vegetation/20230724_birch24_m3m/BIRC/tile_18561.png,2
arctic_vegetation/20230724_birch24_m3m/BIRC/tile_18562.png,2
arctic_vegetation/20230724_birch24_m3m/BIRC/tile_18563.png,2
arctic_vegetation/20230724_birch24_m3m/BIRC/tile_18564.png,2
arctic_vegetation/20230724_birch24_m3m/BIRC/tile_18565.png,2
arctic_vegetation/20230724_birch24_m3m/BIRC/tile_18566.png,2
arctic_vegetation/20230724_birch24_m3m/BIRC/tile_18567.png,2
arctic_vegetation/20230724_birch24_m3m/BIRC/tile_18568.png,2
arctic_vegetation/20230724_birch24_m3m/BIRC/tile_18569.png,2
arctic_vegetation/20230724_birch24_m3m/BIRC/tile_18570.png,2
arctic_vegetation/20230724_birch24_m3m/BIRC/tile_18571.png,2
arctic_vegetation/20230724_birch24_m3m/BIRC/tile_18572.png,2
arctic_vegetation/20230724_birch24_m3m/BIRC/tile_18573.png,2
arctic_vegetation/20230724_birch24_m3m/BIRC/tile_18574.png,2
arctic_vegetation/20230724_birch24_m3m/BIRC/tile_18575.png,2
arctic_vegetation/20230724_birch24_m3m/BIRC/tile_18576.png,2
arctic_vegetation/20230724_birch24_m3m/BIRC/tile_18577.png,2
arctic_vegetation/20230724_birch24_m3m/BIRC/tile_18578.png,2
arctic_vegetation/20230724_birch24_m3m/BIRC/tile_18579.png,2
arctic_vegetation/20230724_birch24_m3m/BIRC/tile_18580.png,2
arctic_vegetation/20230724_birch24_m3m/BIRC/tile_18581.png,2
arctic_vegetation/20230724_birch24_m3m/DRYI/tile_18614.png,3
arctic_vegetation/20230724_birch24_m3m/DRYI/tile_18615.png,3
arctic_vegetation/20230724_birch24_m3m/DRYI/tile_18616.png,3
arctic_vegetation/20230724_birch24_m3m/DRYI/tile_18617.png,3
arctic_vegetation/20230724_birch24_m3m/DRYI/tile_18618.png,3
arctic_vegetation/20230724_birch24_m3m/DRYI/tile_18619.png,3
arctic_vegetation/20230724_birch24_m3m/DRYI/tile_18620.png,3
arctic_vegetation/20230724_birch24_m3m/BIRC/tile_18741.png,2
arctic_vegetation/20230724_birch24_m3m/BIRC/tile_18742.png,2
arctic_vegetation/20230724_birch24_m3m/BIRC/tile_18743.png,2
arctic_vegetation/20230724_birch24_m3m/BIRC/tile_18744.png,2
arctic_vegetation/20230724_birch24_m3m/BIRC/tile_18745.png,2
arctic_vegetation/20230724_birch24_m3m/BIRC/tile_18746.png,2
arctic_vegetation/20230724_birch24_m3m/BIRC/tile_18747.png,2
arctic_vegetation/20230724_birch24_m3m/BIRC/tile_18748.png,2
arctic_vegetation/20230724_birch24_m3m/BIRC/tile_18749.png,2
arctic_vegetation/20230724_birch24_m3m/BIRC/tile_18750.png,2
arctic_vegetation/20230724_birch24_m3m/BIRC/tile_18751.png,2
arctic_vegetation/20230724_birch24_m3m/BIRC/tile_18752.png,2
arctic_vegetation/20230724_birch24_m3m/BIRC/tile_18753.png,2
arctic_vegetation/20230724_birch24_m3m/BIRC/tile_18754.png,2
arctic_vegetation/20230724_birch24_m3m/BIRC/tile_18755.png,2
arctic_vegetation/20230724_birch24_m3m/BIRC/tile_18756.png,2
arctic_vegetation/20230724_birch24_m3m/BIRC/tile_18757.png,2
arctic_vegetation/20230724_birch24_m3m/BIRC/tile_18758.png,2
arctic_vegetation/20230724_birch24_m3m/BIRC/tile_18759.png,2
arctic_vegetation/20230724_birch24_m3m/BIRC/tile_18760.png,2
arctic_vegetation/20230724_birch24_m3m/BIRC/tile_18761.png,2
arctic_vegetation/20230724_birch24_m3m/BIRC/tile_18762.png,2
arctic_vegetation/20230724_birch24_m3m/BIRC/tile_18763.png,2
arctic_vegetation/20230724_birch24_m3m/BIRC/tile_18764.png,2
arctic_vegetation/20230724_birch24_m3m/BIRC/tile_18765.png,2
arctic_vegetation/20230724_birch24_m3m/BIRC/tile_18766.png,2
arctic_vegetation/20230724_birch24_m3m/BIRC/tile_18767.png,2
arctic_vegetation/20230724_birch24_m3m/BIRC/tile_18768.png,2
arctic_vegetation/20230724_birch24_m3m/BIRC/tile_18769.png,2
arctic_vegetation/20230724_birch24_m3m/BIRC/tile_18770.png,2
arctic_vegetation/20230724_birch24_m3m/BIRC/tile_18771.png,2
arctic_vegetation/20230724_birch24_m3m/BIRC/tile_18772.png,2
arctic_vegetation/20230724_birch24_m3m/BIRC/tile_18773.png,2
arctic_vegetation/20230724_birch24_m3m/BIRC/tile_18774.png,2
arctic_vegetation/20230724_birch24_m3m/BIRC/tile_18775.png,2
arctic_vegetation/20230724_birch24_m3m/BIRC/tile_18776.png,2
arctic_vegetation/20230724_birch24_m3m/BIRC/tile_18777.png,2
arctic_vegetation/20230724_birch24_m3m/BIRC/tile_18778.png,2
arctic_vegetation/20230724_birch24_m3m/BIRC/tile_18779.png,2
arctic_vegetation/20230724_birch24_m3m/BIRC/tile_18780.png,2
arctic_vegetation/20230724_birch24_m3m/BIRC/tile_18781.png,2
arctic_vegetation/20230724_birch24_m3m/BIRC/tile_18782.png,2
arctic_vegetation/20230724_birch24_m3m/BIRC/tile_18783.png,2
arctic_vegetation/20230724_birch24_m3m/BIRC/tile_18784.png,2
arctic_vegetation/20230724_birch24_m3m/BIRC/tile_18785.png,2
arctic_vegetation/20230724_birch24_m3m/BIRC/tile_18786.png,2
arctic_vegetation/20230724_birch24_m3m/BIRC/tile_18787.png,2
arctic_vegetation/20230724_birch24_m3m/BIRC/tile_18788.png,2
arctic_vegetation/20230724_birch24_m3m/BIRC/tile_18789.png,2
arctic_vegetation/20230724_birch24_m3m/BIRC/tile_18790.png,2
arctic_vegetation/20230724_birch24_m3m/BIRC/tile_18791.png,2
arctic_vegetation/20230724_birch24_m3m/BIRC/tile_18792.png,2
arctic_vegetation/20230724_birch24_m3m/BIRC/tile_18793.png,2
arctic_vegetation/20230724_birch24_m3m/BIRC/tile_18794.png,2
arctic_vegetation/20230724_birch24_m3m/BIRC/tile_18795.png,2
arctic_vegetation/20230724_birch24_m3m/BIRC/tile_18812.png,2
arctic_vegetation/20230724_birch24_m3m/BIRC/tile_18813.png,2
arctic_vegetation/20230724_birch24_m3m/BIRC/tile_18814.png,2
arctic_vegetation/20230724_birch24_m3m/DRYI/tile_18828.png,3
arctic_vegetation/20230724_birch24_m3m/DRYI/tile_18829.png,3
arctic_vegetation/20230724_birch24_m3m/DRYI/tile_18830.png,3
arctic_vegetation/20230724_birch24_m3m/DRYI/tile_18831.png,3
arctic_vegetation/20230724_birch24_m3m/DRYI/tile_18832.png,3
arctic_vegetation/20230724_birch24_m3m/DRYI/tile_18833.png,3
arctic_vegetation/20230724_birch24_m3m/DRYI/tile_18834.png,3
arctic_vegetation/20230724_birch24_m3m/BIRC/tile_18955.png,2
arctic_vegetation/20230724_birch24_m3m/BIRC/tile_18956.png,2
arctic_vegetation/20230724_birch24_m3m/BIRC/tile_18957.png,2
arctic_vegetation/20230724_birch24_m3m/BIRC/tile_18958.png,2
arctic_vegetation/20230724_birch24_m3m/BIRC/tile_18959.png,2
arctic_vegetation/20230724_birch24_m3m/BIRC/tile_18960.png,2
arctic_vegetation/20230724_birch24_m3m/BIRC/tile_18961.png,2
arctic_vegetation/20230724_birch24_m3m/BIRC/tile_18962.png,2
arctic_vegetation/20230724_birch24_m3m/BIRC/tile_18963.png,2
arctic_vegetation/20230724_birch24_m3m/BIRC/tile_18964.png,2
arctic_vegetation/20230724_birch24_m3m/LICH/tile_18965.png,4
arctic_vegetation/20230724_birch24_m3m/BIRC/tile_18966.png,2
arctic_vegetation/20230724_birch24_m3m/BIRC/tile_18967.png,2
arctic_vegetation/20230724_birch24_m3m/BIRC/tile_18968.png,2
arctic_vegetation/20230724_birch24_m3m/BIRC/tile_18969.png,2
arctic_vegetation/20230724_birch24_m3m/BIRC/tile_18970.png,2
arctic_vegetation/20230724_birch24_m3m/BIRC/tile_18971.png,2
arctic_vegetation/20230724_birch24_m3m/BIRC/tile_18972.png,2
arctic_vegetation/20230724_birch24_m3m/BIRC/tile_18973.png,2
arctic_vegetation/20230724_birch24_m3m/BIRC/tile_18974.png,2
arctic_vegetation/20230724_birch24_m3m/BIRC/tile_18975.png,2
arctic_vegetation/20230724_birch24_m3m/BIRC/tile_18976.png,2
arctic_vegetation/20230724_birch24_m3m/BIRC/tile_18977.png,2
arctic_vegetation/20230724_birch24_m3m/BIRC/tile_18978.png,2
arctic_vegetation/20230724_birch24_m3m/BIRC/tile_18979.png,2
arctic_vegetation/20230724_birch24_m3m/BIRC/tile_18980.png,2
arctic_vegetation/20230724_birch24_m3m/BIRC/tile_18981.png,2
arctic_vegetation/20230724_birch24_m3m/BIRC/tile_18982.png,2
arctic_vegetation/20230724_birch24_m3m/BIRC/tile_18983.png,2
arctic_vegetation/20230724_birch24_m3m/BIRC/tile_18984.png,2
arctic_vegetation/20230724_birch24_m3m/BIRC/tile_18985.png,2
arctic_vegetation/20230724_birch24_m3m/BIRC/tile_18986.png,2
arctic_vegetation/20230724_birch24_m3m/BIRC/tile_18987.png,2
arctic_vegetation/20230724_birch24_m3m/BIRC/tile_18988.png,2
arctic_vegetation/20230724_birch24_m3m/BIRC/tile_18989.png,2
arctic_vegetation/20230724_birch24_m3m/BIRC/tile_18990.png,2
arctic_vegetation/20230724_birch24_m3m/BIRC/tile_18991.png,2
arctic_vegetation/20230724_birch24_m3m/BIRC/tile_18992.png,2
arctic_vegetation/20230724_birch24_m3m/BIRC/tile_18993.png,2
arctic_vegetation/20230724_birch24_m3m/BIRC/tile_18994.png,2
arctic_vegetation/20230724_birch24_m3m/BIRC/tile_18995.png,2
arctic_vegetation/20230724_birch24_m3m/BIRC/tile_18996.png,2
arctic_vegetation/20230724_birch24_m3m/BIRC/tile_18997.png,2
arctic_vegetation/20230724_birch24_m3m/BIRC/tile_18998.png,2
arctic_vegetation/20230724_birch24_m3m/BIRC/tile_18999.png,2
arctic_vegetation/20230724_birch24_m3m/BIRC/tile_19000.png,2
arctic_vegetation/20230724_birch24_m3m/BIRC/tile_19001.png,2
arctic_vegetation/20230724_birch24_m3m/BIRC/tile_19002.png,2
arctic_vegetation/20230724_birch24_m3m/BIRC/tile_19003.png,2
arctic_vegetation/20230724_birch24_m3m/BIRC/tile_19004.png,2
arctic_vegetation/20230724_birch24_m3m/BIRC/tile_19005.png,2
arctic_vegetation/20230724_birch24_m3m/BIRC/tile_19006.png,2
arctic_vegetation/20230724_birch24_m3m/BIRC/tile_19007.png,2
arctic_vegetation/20230724_birch24_m3m/BIRC/tile_19008.png,2
arctic_vegetation/20230724_birch24_m3m/BIRC/tile_19009.png,2
arctic_vegetation/20230724_birch24_m3m/BIRC/tile_19023.png,2
arctic_vegetation/20230724_birch24_m3m/BIRC/tile_19024.png,2
arctic_vegetation/20230724_birch24_m3m/BIRC/tile_19025.png,2
arctic_vegetation/20230724_birch24_m3m/BIRC/tile_19026.png,2
arctic_vegetation/20230724_birch24_m3m/BIRC/tile_19027.png,2
arctic_vegetation/20230724_birch24_m3m/BIRC/tile_19028.png,2
arctic_vegetation/20230724_birch24_m3m/WILL/tile_19035.png,11
arctic_vegetation/20230724_birch24_m3m/WILL/tile_19036.png,11
arctic_vegetation/20230724_birch24_m3m/BIRC/tile_19041.png,2
arctic_vegetation/20230724_birch24_m3m/DRYI/tile_19042.png,3
arctic_vegetation/20230724_birch24_m3m/DRYI/tile_19043.png,3
arctic_vegetation/20230724_birch24_m3m/DRYI/tile_19044.png,3
arctic_vegetation/20230724_birch24_m3m/DRYI/tile_19045.png,3
arctic_vegetation/20230724_birch24_m3m/DRYI/tile_19046.png,3
arctic_vegetation/20230724_birch24_m3m/DRYI/tile_19047.png,3
arctic_vegetation/20230724_birch24_m3m/DRYI/tile_19048.png,3
arctic_vegetation/20230724_birch24_m3m/BIRC/tile_19049.png,2
arctic_vegetation/20230724_birch24_m3m/BIRC/tile_19169.png,2
arctic_vegetation/20230724_birch24_m3m/BIRC/tile_19170.png,2
arctic_vegetation/20230724_birch24_m3m/BIRC/tile_19171.png,2
arctic_vegetation/20230724_birch24_m3m/BIRC/tile_19172.png,2
arctic_vegetation/20230724_birch24_m3m/BIRC/tile_19173.png,2
arctic_vegetation/20230724_birch24_m3m/BIRC/tile_19174.png,2
arctic_vegetation/20230724_birch24_m3m/BIRC/tile_19175.png,2
arctic_vegetation/20230724_birch24_m3m/BIRC/tile_19176.png,2
arctic_vegetation/20230724_birch24_m3m/BIRC/tile_19177.png,2
arctic_vegetation/20230724_birch24_m3m/LICH/tile_19178.png,4
arctic_vegetation/20230724_birch24_m3m/LICH/tile_19179.png,4
arctic_vegetation/20230724_birch24_m3m/BIRC/tile_19180.png,2
arctic_vegetation/20230724_birch24_m3m/BIRC/tile_19181.png,2
arctic_vegetation/20230724_birch24_m3m/BIRC/tile_19182.png,2
arctic_vegetation/20230724_birch24_m3m/BIRC/tile_19183.png,2
arctic_vegetation/20230724_birch24_m3m/BIRC/tile_19184.png,2
arctic_vegetation/20230724_birch24_m3m/BIRC/tile_19185.png,2
arctic_vegetation/20230724_birch24_m3m/BIRC/tile_19186.png,2
arctic_vegetation/20230724_birch24_m3m/BIRC/tile_19187.png,2
arctic_vegetation/20230724_birch24_m3m/BIRC/tile_19188.png,2
arctic_vegetation/20230724_birch24_m3m/BIRC/tile_19189.png,2
arctic_vegetation/20230724_birch24_m3m/BIRC/tile_19190.png,2
arctic_vegetation/20230724_birch24_m3m/BIRC/tile_19191.png,2
arctic_vegetation/20230724_birch24_m3m/BIRC/tile_19192.png,2
arctic_vegetation/20230724_birch24_m3m/BIRC/tile_19193.png,2
arctic_vegetation/20230724_birch24_m3m/BIRC/tile_19194.png,2
arctic_vegetation/20230724_birch24_m3m/BIRC/tile_19195.png,2
arctic_vegetation/20230724_birch24_m3m/BIRC/tile_19196.png,2
arctic_vegetation/20230724_birch24_m3m/BIRC/tile_19197.png,2
arctic_vegetation/20230724_birch24_m3m/BIRC/tile_19198.png,2
arctic_vegetation/20230724_birch24_m3m/BIRC/tile_19199.png,2
arctic_vegetation/20230724_birch24_m3m/BIRC/tile_19200.png,2
arctic_vegetation/20230724_birch24_m3m/BIRC/tile_19201.png,2
arctic_vegetation/20230724_birch24_m3m/BIRC/tile_19202.png,2
arctic_vegetation/20230724_birch24_m3m/BIRC/tile_19203.png,2
arctic_vegetation/20230724_birch24_m3m/BIRC/tile_19204.png,2
arctic_vegetation/20230724_birch24_m3m/BIRC/tile_19205.png,2
arctic_vegetation/20230724_birch24_m3m/BIRC/tile_19206.png,2
arctic_vegetation/20230724_birch24_m3m/BIRC/tile_19207.png,2
arctic_vegetation/20230724_birch24_m3m/BIRC/tile_19208.png,2
arctic_vegetation/20230724_birch24_m3m/BIRC/tile_19209.png,2
arctic_vegetation/20230724_birch24_m3m/BIRC/tile_19210.png,2
arctic_vegetation/20230724_birch24_m3m/BIRC/tile_19211.png,2
arctic_vegetation/20230724_birch24_m3m/BIRC/tile_19212.png,2
arctic_vegetation/20230724_birch24_m3m/BIRC/tile_19213.png,2
arctic_vegetation/20230724_birch24_m3m/BIRC/tile_19214.png,2
arctic_vegetation/20230724_birch24_m3m/BIRC/tile_19215.png,2
arctic_vegetation/20230724_birch24_m3m/BIRC/tile_19216.png,2
arctic_vegetation/20230724_birch24_m3m/BIRC/tile_19217.png,2
arctic_vegetation/20230724_birch24_m3m/BIRC/tile_19218.png,2
arctic_vegetation/20230724_birch24_m3m/BIRC/tile_19219.png,2
arctic_vegetation/20230724_birch24_m3m/BIRC/tile_19220.png,2
arctic_vegetation/20230724_birch24_m3m/BIRC/tile_19221.png,2
arctic_vegetation/20230724_birch24_m3m/BIRC/tile_19222.png,2
arctic_vegetation/20230724_birch24_m3m/BIRC/tile_19223.png,2
arctic_vegetation/20230724_birch24_m3m/BIRC/tile_19235.png,2
arctic_vegetation/20230724_birch24_m3m/BIRC/tile_19236.png,2
arctic_vegetation/20230724_birch24_m3m/BIRC/tile_19237.png,2
arctic_vegetation/20230724_birch24_m3m/BIRC/tile_19238.png,2
arctic_vegetation/20230724_birch24_m3m/BIRC/tile_19239.png,2
arctic_vegetation/20230724_birch24_m3m/BIRC/tile_19240.png,2
arctic_vegetation/20230724_birch24_m3m/BIRC/tile_19241.png,2
arctic_vegetation/20230724_birch24_m3m/BIRC/tile_19242.png,2
arctic_vegetation/20230724_birch24_m3m/WILL/tile_19249.png,11
arctic_vegetation/20230724_birch24_m3m/WILL/tile_19250.png,11
arctic_vegetation/20230724_birch24_m3m/WILL/tile_19251.png,11
arctic_vegetation/20230724_birch24_m3m/BIRC/tile_19255.png,2
arctic_vegetation/20230724_birch24_m3m/BIRC/tile_19256.png,2
arctic_vegetation/20230724_birch24_m3m/BIRC/tile_19257.png,2
arctic_vegetation/20230724_birch24_m3m/DRYI/tile_19258.png,3
arctic_vegetation/20230724_birch24_m3m/DRYI/tile_19259.png,3
arctic_vegetation/20230724_birch24_m3m/DRYI/tile_19260.png,3
arctic_vegetation/20230724_birch24_m3m/DRYI/tile_19261.png,3
arctic_vegetation/20230724_birch24_m3m/BIRC/tile_19262.png,2
arctic_vegetation/20230724_birch24_m3m/BIRC/tile_19263.png,2
arctic_vegetation/20230724_birch24_m3m/BIRC/tile_19384.png,2
arctic_vegetation/20230724_birch24_m3m/BIRC/tile_19385.png,2
arctic_vegetation/20230724_birch24_m3m/BIRC/tile_19386.png,2
arctic_vegetation/20230724_birch24_m3m/BIRC/tile_19387.png,2
arctic_vegetation/20230724_birch24_m3m/BIRC/tile_19388.png,2
arctic_vegetation/20230724_birch24_m3m/BIRC/tile_19389.png,2
arctic_vegetation/20230724_birch24_m3m/LICH/tile_19391.png,4
arctic_vegetation/20230724_birch24_m3m/LICH/tile_19392.png,4
arctic_vegetation/20230724_birch24_m3m/BIRC/tile_19393.png,2
arctic_vegetation/20230724_birch24_m3m/BIRC/tile_19394.png,2
arctic_vegetation/20230724_birch24_m3m/BIRC/tile_19395.png,2
arctic_vegetation/20230724_birch24_m3m/BIRC/tile_19396.png,2
arctic_vegetation/20230724_birch24_m3m/BIRC/tile_19397.png,2
arctic_vegetation/20230724_birch24_m3m/BIRC/tile_19398.png,2
arctic_vegetation/20230724_birch24_m3m/BIRC/tile_19399.png,2
arctic_vegetation/20230724_birch24_m3m/BIRC/tile_19400.png,2
arctic_vegetation/20230724_birch24_m3m/BIRC/tile_19401.png,2
arctic_vegetation/20230724_birch24_m3m/BIRC/tile_19402.png,2
arctic_vegetation/20230724_birch24_m3m/BIRC/tile_19403.png,2
arctic_vegetation/20230724_birch24_m3m/BIRC/tile_19404.png,2
arctic_vegetation/20230724_birch24_m3m/BIRC/tile_19405.png,2
arctic_vegetation/20230724_birch24_m3m/BIRC/tile_19406.png,2
arctic_vegetation/20230724_birch24_m3m/BIRC/tile_19407.png,2
arctic_vegetation/20230724_birch24_m3m/BIRC/tile_19408.png,2
arctic_vegetation/20230724_birch24_m3m/BIRC/tile_19409.png,2
arctic_vegetation/20230724_birch24_m3m/BIRC/tile_19410.png,2
arctic_vegetation/20230724_birch24_m3m/BIRC/tile_19411.png,2
arctic_vegetation/20230724_birch24_m3m/BIRC/tile_19412.png,2
arctic_vegetation/20230724_birch24_m3m/BIRC/tile_19413.png,2
arctic_vegetation/20230724_birch24_m3m/BIRC/tile_19414.png,2
arctic_vegetation/20230724_birch24_m3m/BIRC/tile_19415.png,2
arctic_vegetation/20230724_birch24_m3m/BIRC/tile_19416.png,2
arctic_vegetation/20230724_birch24_m3m/BIRC/tile_19417.png,2
arctic_vegetation/20230724_birch24_m3m/BIRC/tile_19418.png,2
arctic_vegetation/20230724_birch24_m3m/BIRC/tile_19419.png,2
arctic_vegetation/20230724_birch24_m3m/BIRC/tile_19420.png,2
arctic_vegetation/20230724_birch24_m3m/BIRC/tile_19421.png,2
arctic_vegetation/20230724_birch24_m3m/BIRC/tile_19422.png,2
arctic_vegetation/20230724_birch24_m3m/BIRC/tile_19423.png,2
arctic_vegetation/20230724_birch24_m3m/BIRC/tile_19424.png,2
arctic_vegetation/20230724_birch24_m3m/BIRC/tile_19425.png,2
arctic_vegetation/20230724_birch24_m3m/BIRC/tile_19426.png,2
arctic_vegetation/20230724_birch24_m3m/BIRC/tile_19427.png,2
arctic_vegetation/20230724_birch24_m3m/BIRC/tile_19428.png,2
arctic_vegetation/20230724_birch24_m3m/BIRC/tile_19429.png,2
arctic_vegetation/20230724_birch24_m3m/BIRC/tile_19430.png,2
arctic_vegetation/20230724_birch24_m3m/BIRC/tile_19431.png,2
arctic_vegetation/20230724_birch24_m3m/BIRC/tile_19432.png,2
arctic_vegetation/20230724_birch24_m3m/BIRC/tile_19433.png,2
arctic_vegetation/20230724_birch24_m3m/BIRC/tile_19434.png,2
arctic_vegetation/20230724_birch24_m3m/BIRC/tile_19435.png,2
arctic_vegetation/20230724_birch24_m3m/BIRC/tile_19436.png,2
arctic_vegetation/20230724_birch24_m3m/BIRC/tile_19446.png,2
arctic_vegetation/20230724_birch24_m3m/BIRC/tile_19447.png,2
arctic_vegetation/20230724_birch24_m3m/BIRC/tile_19448.png,2
arctic_vegetation/20230724_birch24_m3m/BIRC/tile_19449.png,2
arctic_vegetation/20230724_birch24_m3m/BIRC/tile_19450.png,2
arctic_vegetation/20230724_birch24_m3m/BIRC/tile_19451.png,2
arctic_vegetation/20230724_birch24_m3m/BIRC/tile_19452.png,2
arctic_vegetation/20230724_birch24_m3m/BIRC/tile_19453.png,2
arctic_vegetation/20230724_birch24_m3m/BIRC/tile_19454.png,2
arctic_vegetation/20230724_birch24_m3m/WILL/tile_19462.png,11
arctic_vegetation/20230724_birch24_m3m/WILL/tile_19463.png,11
arctic_vegetation/20230724_birch24_m3m/WILL/tile_19464.png,11
arctic_vegetation/20230724_birch24_m3m/BIRC/tile_19468.png,2
arctic_vegetation/20230724_birch24_m3m/BIRC/tile_19469.png,2
arctic_vegetation/20230724_birch24_m3m/BIRC/tile_19470.png,2
arctic_vegetation/20230724_birch24_m3m/BIRC/tile_19471.png,2
arctic_vegetation/20230724_birch24_m3m/BIRC/tile_19472.png,2
arctic_vegetation/20230724_birch24_m3m/BIRC/tile_19473.png,2
arctic_vegetation/20230724_birch24_m3m/BIRC/tile_19474.png,2
arctic_vegetation/20230724_birch24_m3m/BIRC/tile_19475.png,2
arctic_vegetation/20230724_birch24_m3m/BIRC/tile_19476.png,2
arctic_vegetation/20230724_birch24_m3m/LICH/tile_19596.png,4
arctic_vegetation/20230724_birch24_m3m/LICH/tile_19597.png,4
arctic_vegetation/20230724_birch24_m3m/BIRC/tile_19598.png,2
arctic_vegetation/20230724_birch24_m3m/BIRC/tile_19599.png,2
arctic_vegetation/20230724_birch24_m3m/BIRC/tile_19600.png,2
arctic_vegetation/20230724_birch24_m3m/BIRC/tile_19601.png,2
arctic_vegetation/20230724_birch24_m3m/BIRC/tile_19602.png,2
arctic_vegetation/20230724_birch24_m3m/BIRC/tile_19603.png,2
arctic_vegetation/20230724_birch24_m3m/BIRC/tile_19609.png,2
arctic_vegetation/20230724_birch24_m3m/BIRC/tile_19610.png,2
arctic_vegetation/20230724_birch24_m3m/BIRC/tile_19611.png,2
arctic_vegetation/20230724_birch24_m3m/BIRC/tile_19612.png,2
arctic_vegetation/20230724_birch24_m3m/BIRC/tile_19613.png,2
arctic_vegetation/20230724_birch24_m3m/BIRC/tile_19614.png,2
arctic_vegetation/20230724_birch24_m3m/BIRC/tile_19615.png,2
arctic_vegetation/20230724_birch24_m3m/BIRC/tile_19616.png,2
arctic_vegetation/20230724_birch24_m3m/BIRC/tile_19617.png,2
arctic_vegetation/20230724_birch24_m3m/BIRC/tile_19618.png,2
arctic_vegetation/20230724_birch24_m3m/BIRC/tile_19619.png,2
arctic_vegetation/20230724_birch24_m3m/BIRC/tile_19620.png,2
arctic_vegetation/20230724_birch24_m3m/BIRC/tile_19621.png,2
arctic_vegetation/20230724_birch24_m3m/BIRC/tile_19622.png,2
arctic_vegetation/20230724_birch24_m3m/BIRC/tile_19623.png,2
arctic_vegetation/20230724_birch24_m3m/BIRC/tile_19624.png,2
arctic_vegetation/20230724_birch24_m3m/BIRC/tile_19625.png,2
arctic_vegetation/20230724_birch24_m3m/BIRC/tile_19626.png,2
arctic_vegetation/20230724_birch24_m3m/BIRC/tile_19627.png,2
arctic_vegetation/20230724_birch24_m3m/BIRC/tile_19628.png,2
arctic_vegetation/20230724_birch24_m3m/BIRC/tile_19629.png,2
arctic_vegetation/20230724_birch24_m3m/BIRC/tile_19630.png,2
arctic_vegetation/20230724_birch24_m3m/BIRC/tile_19631.png,2
arctic_vegetation/20230724_birch24_m3m/BIRC/tile_19632.png,2
arctic_vegetation/20230724_birch24_m3m/BIRC/tile_19633.png,2
arctic_vegetation/20230724_birch24_m3m/BIRC/tile_19634.png,2
arctic_vegetation/20230724_birch24_m3m/BIRC/tile_19635.png,2
arctic_vegetation/20230724_birch24_m3m/BIRC/tile_19636.png,2
arctic_vegetation/20230724_birch24_m3m/BIRC/tile_19637.png,2
arctic_vegetation/20230724_birch24_m3m/BIRC/tile_19638.png,2
arctic_vegetation/20230724_birch24_m3m/BIRC/tile_19639.png,2
arctic_vegetation/20230724_birch24_m3m/BIRC/tile_19640.png,2
arctic_vegetation/20230724_birch24_m3m/BIRC/tile_19641.png,2
arctic_vegetation/20230724_birch24_m3m/BIRC/tile_19642.png,2
arctic_vegetation/20230724_birch24_m3m/BIRC/tile_19643.png,2
arctic_vegetation/20230724_birch24_m3m/BIRC/tile_19644.png,2
arctic_vegetation/20230724_birch24_m3m/BIRC/tile_19645.png,2
arctic_vegetation/20230724_birch24_m3m/BIRC/tile_19646.png,2
arctic_vegetation/20230724_birch24_m3m/BIRC/tile_19647.png,2
arctic_vegetation/20230724_birch24_m3m/BIRC/tile_19648.png,2
arctic_vegetation/20230724_birch24_m3m/BIRC/tile_19649.png,2
arctic_vegetation/20230724_birch24_m3m/BIRC/tile_19650.png,2
arctic_vegetation/20230724_birch24_m3m/LICH/tile_19651.png,4
arctic_vegetation/20230724_birch24_m3m/BIRC/tile_19660.png,2
arctic_vegetation/20230724_birch24_m3m/BIRC/tile_19661.png,2
arctic_vegetation/20230724_birch24_m3m/BIRC/tile_19662.png,2
arctic_vegetation/20230724_birch24_m3m/BIRC/tile_19663.png,2
arctic_vegetation/20230724_birch24_m3m/BIRC/tile_19664.png,2
arctic_vegetation/20230724_birch24_m3m/BIRC/tile_19665.png,2
arctic_vegetation/20230724_birch24_m3m/BIRC/tile_19666.png,2
arctic_vegetation/20230724_birch24_m3m/BIRC/tile_19667.png,2
arctic_vegetation/20230724_birch24_m3m/BIRC/tile_19668.png,2
arctic_vegetation/20230724_birch24_m3m/LICH/tile_19810.png,4
arctic_vegetation/20230724_birch24_m3m/LICH/tile_19811.png,4
arctic_vegetation/20230724_birch24_m3m/BIRC/tile_19812.png,2
arctic_vegetation/20230724_birch24_m3m/BIRC/tile_19813.png,2
arctic_vegetation/20230724_birch24_m3m/BIRC/tile_19814.png,2
arctic_vegetation/20230724_birch24_m3m/BIRC/tile_19815.png,2
arctic_vegetation/20230724_birch24_m3m/BIRC/tile_19816.png,2
arctic_vegetation/20230724_birch24_m3m/BIRC/tile_19817.png,2
arctic_vegetation/20230724_birch24_m3m/PETF/tile_19861.png,6
arctic_vegetation/20230724_birch24_m3m/LICH/tile_19862.png,4
arctic_vegetation/20230724_birch24_m3m/LICH/tile_19863.png,4
arctic_vegetation/20230724_birch24_m3m/LICH/tile_19864.png,4
arctic_vegetation/20230724_birch24_m3m/LICH/tile_19865.png,4
arctic_vegetation/20230724_birch24_m3m/BIRC/tile_19874.png,2
arctic_vegetation/20230724_birch24_m3m/BIRC/tile_19875.png,2
arctic_vegetation/20230724_birch24_m3m/BIRC/tile_19876.png,2
arctic_vegetation/20230724_birch24_m3m/BIRC/tile_19877.png,2
arctic_vegetation/20230724_birch24_m3m/BIRC/tile_19878.png,2
arctic_vegetation/20230724_birch24_m3m/BIRC/tile_19879.png,2
arctic_vegetation/20230724_birch24_m3m/BIRC/tile_19880.png,2
arctic_vegetation/20230724_birch24_m3m/BIRC/tile_19881.png,2
arctic_vegetation/20230724_birch24_m3m/BIRC/tile_19882.png,2
arctic_vegetation/20230724_birch24_m3m/DRYI/tile_19883.png,3
arctic_vegetation/20230724_birch24_m3m/DRYI/tile_19884.png,3
arctic_vegetation/20230724_birch24_m3m/DRYI/tile_19885.png,3
arctic_vegetation/20230724_birch24_m3m/DRYI/tile_19886.png,3
arctic_vegetation/20230724_birch24_m3m/DRYI/tile_19887.png,3
arctic_vegetation/20230724_birch24_m3m/DRYI/tile_19888.png,3
arctic_vegetation/20230724_birch24_m3m/LICH/tile_20024.png,4
arctic_vegetation/20230724_birch24_m3m/DRYI/tile_20025.png,3
arctic_vegetation/20230724_birch24_m3m/DRYI/tile_20026.png,3
arctic_vegetation/20230724_birch24_m3m/DRYI/tile_20027.png,3
arctic_vegetation/20230724_birch24_m3m/DRYI/tile_20028.png,3
arctic_vegetation/20230724_birch24_m3m/BIRC/tile_20029.png,2
arctic_vegetation/20230724_birch24_m3m/BIRC/tile_20030.png,2
arctic_vegetation/20230724_birch24_m3m/LICH/tile_20031.png,4
arctic_vegetation/20230724_birch24_m3m/LICH/tile_20076.png,4
arctic_vegetation/20230724_birch24_m3m/LICH/tile_20077.png,4
arctic_vegetation/20230724_birch24_m3m/LICH/tile_20078.png,4
arctic_vegetation/20230724_birch24_m3m/BIRC/tile_20088.png,2
arctic_vegetation/20230724_birch24_m3m/BIRC/tile_20089.png,2
arctic_vegetation/20230724_birch24_m3m/BIRC/tile_20090.png,2
arctic_vegetation/20230724_birch24_m3m/BIRC/tile_20091.png,2
arctic_vegetation/20230724_birch24_m3m/BIRC/tile_20092.png,2
arctic_vegetation/20230724_birch24_m3m/BIRC/tile_20093.png,2
arctic_vegetation/20230724_birch24_m3m/BIRC/tile_20094.png,2
arctic_vegetation/20230724_birch24_m3m/BIRC/tile_20095.png,2
arctic_vegetation/20230724_birch24_m3m/BIRC/tile_20096.png,2
arctic_vegetation/20230724_birch24_m3m/DRYI/tile_20097.png,3
arctic_vegetation/20230724_birch24_m3m/DRYI/tile_20098.png,3
arctic_vegetation/20230724_birch24_m3m/DRYI/tile_20099.png,3
arctic_vegetation/20230724_birch24_m3m/DRYI/tile_20100.png,3
arctic_vegetation/20230724_birch24_m3m/DRYI/tile_20101.png,3
arctic_vegetation/20230724_birch24_m3m/DRYI/tile_20102.png,3
arctic_vegetation/20230724_birch24_m3m/DRYI/tile_20121.png,3
arctic_vegetation/20230724_birch24_m3m/DRYI/tile_20122.png,3
arctic_vegetation/20230724_birch24_m3m/DRYI/tile_20123.png,3
arctic_vegetation/20230724_birch24_m3m/DRYI/tile_20238.png,3
arctic_vegetation/20230724_birch24_m3m/DRYI/tile_20239.png,3
arctic_vegetation/20230724_birch24_m3m/DRYI/tile_20240.png,3
arctic_vegetation/20230724_birch24_m3m/DRYI/tile_20241.png,3
arctic_vegetation/20230724_birch24_m3m/DRYI/tile_20242.png,3
arctic_vegetation/20230724_birch24_m3m/LICH/tile_20244.png,4
arctic_vegetation/20230724_birch24_m3m/LICH/tile_20245.png,4
arctic_vegetation/20230724_birch24_m3m/BIRC/tile_20248.png,2
arctic_vegetation/20230724_birch24_m3m/BIRC/tile_20249.png,2
arctic_vegetation/20230724_birch24_m3m/BIRC/tile_20250.png,2
arctic_vegetation/20230724_birch24_m3m/BIRC/tile_20251.png,2
arctic_vegetation/20230724_birch24_m3m/BIRC/tile_20252.png,2
arctic_vegetation/20230724_birch24_m3m/BIRC/tile_20253.png,2
arctic_vegetation/20230724_birch24_m3m/BIRC/tile_20254.png,2
arctic_vegetation/20230724_birch24_m3m/BIRC/tile_20255.png,2
arctic_vegetation/20230724_birch24_m3m/BIRC/tile_20256.png,2
arctic_vegetation/20230724_birch24_m3m/DRYI/tile_20269.png,3
arctic_vegetation/20230724_birch24_m3m/DRYI/tile_20270.png,3
arctic_vegetation/20230724_birch24_m3m/DRYI/tile_20271.png,3
arctic_vegetation/20230724_birch24_m3m/DRYI/tile_20272.png,3
arctic_vegetation/20230724_birch24_m3m/DRYI/tile_20273.png,3
arctic_vegetation/20230724_birch24_m3m/BIRC/tile_20274.png,2
arctic_vegetation/20230724_birch24_m3m/BIRC/tile_20275.png,2
arctic_vegetation/20230724_birch24_m3m/BIRC/tile_20276.png,2
arctic_vegetation/20230724_birch24_m3m/BIRC/tile_20277.png,2
arctic_vegetation/20230724_birch24_m3m/BIRC/tile_20278.png,2
arctic_vegetation/20230724_birch24_m3m/BIRC/tile_20279.png,2
arctic_vegetation/20230724_birch24_m3m/BIRC/tile_20280.png,2
arctic_vegetation/20230724_birch24_m3m/LICH/tile_20290.png,4
arctic_vegetation/20230724_birch24_m3m/LICH/tile_20291.png,4
arctic_vegetation/20230724_birch24_m3m/BIRC/tile_20305.png,2
arctic_vegetation/20230724_birch24_m3m/BIRC/tile_20306.png,2
arctic_vegetation/20230724_birch24_m3m/BIRC/tile_20307.png,2
arctic_vegetation/20230724_birch24_m3m/BIRC/tile_20308.png,2
arctic_vegetation/20230724_birch24_m3m/BIRC/tile_20309.png,2
arctic_vegetation/20230724_birch24_m3m/BIRC/tile_20310.png,2
arctic_vegetation/20230724_birch24_m3m/DRYI/tile_20313.png,3
arctic_vegetation/20230724_birch24_m3m/DRYI/tile_20314.png,3
arctic_vegetation/20230724_birch24_m3m/DRYI/tile_20315.png,3
arctic_vegetation/20230724_birch24_m3m/DRYI/tile_20316.png,3
arctic_vegetation/20230724_birch24_m3m/DRYI/tile_20335.png,3
arctic_vegetation/20230724_birch24_m3m/DRYI/tile_20336.png,3
arctic_vegetation/20230724_birch24_m3m/DRYI/tile_20337.png,3
arctic_vegetation/20230724_birch24_m3m/DRYI/tile_20338.png,3
arctic_vegetation/20230724_birch24_m3m/DRYI/tile_20452.png,3
arctic_vegetation/20230724_birch24_m3m/DRYI/tile_20453.png,3
arctic_vegetation/20230724_birch24_m3m/DRYI/tile_20454.png,3
arctic_vegetation/20230724_birch24_m3m/DRYI/tile_20455.png,3
arctic_vegetation/20230724_birch24_m3m/DRYI/tile_20456.png,3
arctic_vegetation/20230724_birch24_m3m/LICH/tile_20458.png,4
arctic_vegetation/20230724_birch24_m3m/LICH/tile_20459.png,4
arctic_vegetation/20230724_birch24_m3m/LICH/tile_20460.png,4
arctic_vegetation/20230724_birch24_m3m/BIRC/tile_20462.png,2
arctic_vegetation/20230724_birch24_m3m/BIRC/tile_20463.png,2
arctic_vegetation/20230724_birch24_m3m/BIRC/tile_20464.png,2
arctic_vegetation/20230724_birch24_m3m/BIRC/tile_20465.png,2
arctic_vegetation/20230724_birch24_m3m/BIRC/tile_20466.png,2
arctic_vegetation/20230724_birch24_m3m/BIRC/tile_20467.png,2
arctic_vegetation/20230724_birch24_m3m/BIRC/tile_20468.png,2
arctic_vegetation/20230724_birch24_m3m/BIRC/tile_20469.png,2
arctic_vegetation/20230724_birch24_m3m/BIRC/tile_20470.png,2
arctic_vegetation/20230724_birch24_m3m/DRYI/tile_20483.png,3
arctic_vegetation/20230724_birch24_m3m/DRYI/tile_20484.png,3
arctic_vegetation/20230724_birch24_m3m/DRYI/tile_20485.png,3
arctic_vegetation/20230724_birch24_m3m/DRYI/tile_20486.png,3
arctic_vegetation/20230724_birch24_m3m/DRYI/tile_20487.png,3
arctic_vegetation/20230724_birch24_m3m/BIRC/tile_20488.png,2
arctic_vegetation/20230724_birch24_m3m/BIRC/tile_20489.png,2
arctic_vegetation/20230724_birch24_m3m/BIRC/tile_20490.png,2
arctic_vegetation/20230724_birch24_m3m/BIRC/tile_20491.png,2
arctic_vegetation/20230724_birch24_m3m/BIRC/tile_20492.png,2
arctic_vegetation/20230724_birch24_m3m/BIRC/tile_20493.png,2
arctic_vegetation/20230724_birch24_m3m/BIRC/tile_20494.png,2
arctic_vegetation/20230724_birch24_m3m/BIRC/tile_20524.png,2
arctic_vegetation/20230724_birch24_m3m/BIRC/tile_20525.png,2
arctic_vegetation/20230724_birch24_m3m/DRYI/tile_20527.png,3
arctic_vegetation/20230724_birch24_m3m/DRYI/tile_20528.png,3
arctic_vegetation/20230724_birch24_m3m/DRYI/tile_20529.png,3
arctic_vegetation/20230724_birch24_m3m/SEDG/tile_20540.png,9
arctic_vegetation/20230724_birch24_m3m/SEDG/tile_20541.png,9
arctic_vegetation/20230724_birch24_m3m/DRYI/tile_20549.png,3
arctic_vegetation/20230724_birch24_m3m/DRYI/tile_20550.png,3
arctic_vegetation/20230724_birch24_m3m/DRYI/tile_20551.png,3
arctic_vegetation/20230724_birch24_m3m/DRYI/tile_20552.png,3
arctic_vegetation/20230724_birch24_m3m/DRYI/tile_20666.png,3
arctic_vegetation/20230724_birch24_m3m/DRYI/tile_20667.png,3
arctic_vegetation/20230724_birch24_m3m/DRYI/tile_20668.png,3
arctic_vegetation/20230724_birch24_m3m/DRYI/tile_20669.png,3
arctic_vegetation/20230724_birch24_m3m/DRYI/tile_20670.png,3
arctic_vegetation/20230724_birch24_m3m/PETF/tile_20671.png,6
arctic_vegetation/20230724_birch24_m3m/LICH/tile_20672.png,4
arctic_vegetation/20230724_birch24_m3m/LICH/tile_20673.png,4
arctic_vegetation/20230724_birch24_m3m/LICH/tile_20674.png,4
arctic_vegetation/20230724_birch24_m3m/BIRC/tile_20676.png,2
arctic_vegetation/20230724_birch24_m3m/BIRC/tile_20677.png,2
arctic_vegetation/20230724_birch24_m3m/BIRC/tile_20678.png,2
arctic_vegetation/20230724_birch24_m3m/BIRC/tile_20679.png,2
arctic_vegetation/20230724_birch24_m3m/BIRC/tile_20680.png,2
arctic_vegetation/20230724_birch24_m3m/BIRC/tile_20681.png,2
arctic_vegetation/20230724_birch24_m3m/BIRC/tile_20682.png,2
arctic_vegetation/20230724_birch24_m3m/BIRC/tile_20683.png,2
arctic_vegetation/20230724_birch24_m3m/BIRC/tile_20684.png,2
arctic_vegetation/20230724_birch24_m3m/DRYI/tile_20698.png,3
arctic_vegetation/20230724_birch24_m3m/DRYI/tile_20699.png,3
arctic_vegetation/20230724_birch24_m3m/DRYI/tile_20700.png,3
arctic_vegetation/20230724_birch24_m3m/BIRC/tile_20701.png,2
arctic_vegetation/20230724_birch24_m3m/BIRC/tile_20702.png,2
arctic_vegetation/20230724_birch24_m3m/BIRC/tile_20703.png,2
arctic_vegetation/20230724_birch24_m3m/BIRC/tile_20704.png,2
arctic_vegetation/20230724_birch24_m3m/BIRC/tile_20705.png,2
arctic_vegetation/20230724_birch24_m3m/BIRC/tile_20706.png,2
arctic_vegetation/20230724_birch24_m3m/BIRC/tile_20707.png,2
arctic_vegetation/20230724_birch24_m3m/BIRC/tile_20708.png,2
arctic_vegetation/20230724_birch24_m3m/BIRC/tile_20723.png,2
arctic_vegetation/20230724_birch24_m3m/BIRC/tile_20724.png,2
arctic_vegetation/20230724_birch24_m3m/BIRC/tile_20725.png,2
arctic_vegetation/20230724_birch24_m3m/BIRC/tile_20726.png,2
arctic_vegetation/20230724_birch24_m3m/BIRC/tile_20727.png,2
arctic_vegetation/20230724_birch24_m3m/BIRC/tile_20728.png,2
arctic_vegetation/20230724_birch24_m3m/BIRC/tile_20738.png,2
arctic_vegetation/20230724_birch24_m3m/BIRC/tile_20739.png,2
arctic_vegetation/20230724_birch24_m3m/BIRC/tile_20740.png,2
arctic_vegetation/20230724_birch24_m3m/BIRC/tile_20741.png,2
arctic_vegetation/20230724_birch24_m3m/DRYI/tile_20742.png,3
arctic_vegetation/20230724_birch24_m3m/DRYI/tile_20743.png,3
arctic_vegetation/20230724_birch24_m3m/DRYI/tile_20744.png,3
arctic_vegetation/20230724_birch24_m3m/DRYI/tile_20745.png,3
arctic_vegetation/20230724_birch24_m3m/DRYI/tile_20746.png,3
arctic_vegetation/20230724_birch24_m3m/BIRC/tile_20747.png,2
arctic_vegetation/20230724_birch24_m3m/BIRC/tile_20748.png,2
arctic_vegetation/20230724_birch24_m3m/BIRC/tile_20749.png,2
arctic_vegetation/20230724_birch24_m3m/BIRC/tile_20750.png,2
arctic_vegetation/20230724_birch24_m3m/SEDG/tile_20754.png,9
arctic_vegetation/20230724_birch24_m3m/SEDG/tile_20755.png,9
arctic_vegetation/20230724_birch24_m3m/SEDG/tile_20756.png,9
arctic_vegetation/20230724_birch24_m3m/BIRC/tile_20783.png,2
arctic_vegetation/20230724_birch24_m3m/BIRC/tile_20784.png,2
arctic_vegetation/20230724_birch24_m3m/BIRC/tile_20785.png,2
arctic_vegetation/20230724_birch24_m3m/BIRC/tile_20786.png,2
arctic_vegetation/20230724_birch24_m3m/BIRC/tile_20787.png,2
arctic_vegetation/20230724_birch24_m3m/BIRC/tile_20788.png,2
arctic_vegetation/20230724_birch24_m3m/DRYI/tile_20880.png,3
arctic_vegetation/20230724_birch24_m3m/DRYI/tile_20881.png,3
arctic_vegetation/20230724_birch24_m3m/DRYI/tile_20882.png,3
arctic_vegetation/20230724_birch24_m3m/DRYI/tile_20883.png,3
arctic_vegetation/20230724_birch24_m3m/WILL/tile_20884.png,11
arctic_vegetation/20230724_birch24_m3m/PETF/tile_20885.png,6
arctic_vegetation/20230724_birch24_m3m/LICH/tile_20886.png,4
arctic_vegetation/20230724_birch24_m3m/LICH/tile_20887.png,4
arctic_vegetation/20230724_birch24_m3m/LICH/tile_20888.png,4
arctic_vegetation/20230724_birch24_m3m/BIRC/tile_20890.png,2
arctic_vegetation/20230724_birch24_m3m/BIRC/tile_20891.png,2
arctic_vegetation/20230724_birch24_m3m/WILL/tile_20892.png,11
arctic_vegetation/20230724_birch24_m3m/BIRC/tile_20893.png,2
arctic_vegetation/20230724_birch24_m3m/BIRC/tile_20894.png,2
arctic_vegetation/20230724_birch24_m3m/BIRC/tile_20895.png,2
arctic_vegetation/20230724_birch24_m3m/BIRC/tile_20896.png,2
arctic_vegetation/20230724_birch24_m3m/BIRC/tile_20897.png,2
arctic_vegetation/20230724_birch24_m3m/DRYI/tile_20912.png,3
arctic_vegetation/20230724_birch24_m3m/DRYI/tile_20913.png,3
arctic_vegetation/20230724_birch24_m3m/DRYI/tile_20914.png,3
arctic_vegetation/20230724_birch24_m3m/BIRC/tile_20915.png,2
arctic_vegetation/20230724_birch24_m3m/BIRC/tile_20916.png,2
arctic_vegetation/20230724_birch24_m3m/BIRC/tile_20917.png,2
arctic_vegetation/20230724_birch24_m3m/BIRC/tile_20918.png,2
arctic_vegetation/20230724_birch24_m3m/BIRC/tile_20919.png,2
arctic_vegetation/20230724_birch24_m3m/BIRC/tile_20920.png,2
arctic_vegetation/20230724_birch24_m3m/BIRC/tile_20921.png,2
arctic_vegetation/20230724_birch24_m3m/BIRC/tile_20922.png,2
arctic_vegetation/20230724_birch24_m3m/BIRC/tile_20937.png,2
arctic_vegetation/20230724_birch24_m3m/BIRC/tile_20938.png,2
arctic_vegetation/20230724_birch24_m3m/BIRC/tile_20939.png,2
arctic_vegetation/20230724_birch24_m3m/BIRC/tile_20940.png,2
arctic_vegetation/20230724_birch24_m3m/BIRC/tile_20941.png,2
arctic_vegetation/20230724_birch24_m3m/BIRC/tile_20942.png,2
arctic_vegetation/20230724_birch24_m3m/BIRC/tile_20952.png,2
arctic_vegetation/20230724_birch24_m3m/BIRC/tile_20953.png,2
arctic_vegetation/20230724_birch24_m3m/BIRC/tile_20954.png,2
arctic_vegetation/20230724_birch24_m3m/BIRC/tile_20955.png,2
arctic_vegetation/20230724_birch24_m3m/DRYI/tile_20956.png,3
arctic_vegetation/20230724_birch24_m3m/DRYI/tile_20957.png,3
arctic_vegetation/20230724_birch24_m3m/DRYI/tile_20958.png,3
arctic_vegetation/20230724_birch24_m3m/DRYI/tile_20959.png,3
arctic_vegetation/20230724_birch24_m3m/DRYI/tile_20960.png,3
arctic_vegetation/20230724_birch24_m3m/BIRC/tile_20961.png,2
arctic_vegetation/20230724_birch24_m3m/BIRC/tile_20962.png,2
arctic_vegetation/20230724_birch24_m3m/BIRC/tile_20963.png,2
arctic_vegetation/20230724_birch24_m3m/BIRC/tile_20964.png,2
arctic_vegetation/20230724_birch24_m3m/SEDG/tile_20968.png,9
arctic_vegetation/20230724_birch24_m3m/SEDG/tile_20969.png,9
arctic_vegetation/20230724_birch24_m3m/SEDG/tile_20970.png,9
arctic_vegetation/20230724_birch24_m3m/BIRC/tile_20997.png,2
arctic_vegetation/20230724_birch24_m3m/BIRC/tile_20998.png,2
arctic_vegetation/20230724_birch24_m3m/BIRC/tile_20999.png,2
arctic_vegetation/20230724_birch24_m3m/BIRC/tile_21000.png,2
arctic_vegetation/20230724_birch24_m3m/BIRC/tile_21001.png,2
arctic_vegetation/20230724_birch24_m3m/BIRC/tile_21002.png,2
arctic_vegetation/20230724_birch24_m3m/DRYI/tile_21094.png,3
arctic_vegetation/20230724_birch24_m3m/DRYI/tile_21095.png,3
arctic_vegetation/20230724_birch24_m3m/DRYI/tile_21096.png,3
arctic_vegetation/20230724_birch24_m3m/DRYI/tile_21097.png,3
arctic_vegetation/20230724_birch24_m3m/PETF/tile_21099.png,6
arctic_vegetation/20230724_birch24_m3m/LICH/tile_21100.png,4
arctic_vegetation/20230724_birch24_m3m/LICH/tile_21101.png,4
arctic_vegetation/20230724_birch24_m3m/BIRC/tile_21104.png,2
arctic_vegetation/20230724_birch24_m3m/BIRC/tile_21105.png,2
arctic_vegetation/20230724_birch24_m3m/WILL/tile_21106.png,11
arctic_vegetation/20230724_birch24_m3m/WILL/tile_21107.png,11
arctic_vegetation/20230724_birch24_m3m/WILL/tile_21108.png,11
arctic_vegetation/20230724_birch24_m3m/BIRC/tile_21109.png,2
arctic_vegetation/20230724_birch24_m3m/BIRC/tile_21110.png,2
arctic_vegetation/20230724_birch24_m3m/BIRC/tile_21111.png,2
arctic_vegetation/20230724_birch24_m3m/BIRC/tile_21127.png,2
arctic_vegetation/20230724_birch24_m3m/BIRC/tile_21128.png,2
arctic_vegetation/20230724_birch24_m3m/BIRC/tile_21129.png,2
arctic_vegetation/20230724_birch24_m3m/BIRC/tile_21130.png,2
arctic_vegetation/20230724_birch24_m3m/BIRC/tile_21131.png,2
arctic_vegetation/20230724_birch24_m3m/BIRC/tile_21132.png,2
arctic_vegetation/20230724_birch24_m3m/BIRC/tile_21133.png,2
arctic_vegetation/20230724_birch24_m3m/BIRC/tile_21134.png,2
arctic_vegetation/20230724_birch24_m3m/BIRC/tile_21135.png,2
arctic_vegetation/20230724_birch24_m3m/BIRC/tile_21136.png,2
arctic_vegetation/20230724_birch24_m3m/BIRC/tile_21151.png,2
arctic_vegetation/20230724_birch24_m3m/BIRC/tile_21152.png,2
arctic_vegetation/20230724_birch24_m3m/BIRC/tile_21153.png,2
arctic_vegetation/20230724_birch24_m3m/BIRC/tile_21154.png,2
arctic_vegetation/20230724_birch24_m3m/BIRC/tile_21155.png,2
arctic_vegetation/20230724_birch24_m3m/BIRC/tile_21156.png,2
arctic_vegetation/20230724_birch24_m3m/BIRC/tile_21166.png,2
arctic_vegetation/20230724_birch24_m3m/BIRC/tile_21167.png,2
arctic_vegetation/20230724_birch24_m3m/BIRC/tile_21168.png,2
arctic_vegetation/20230724_birch24_m3m/BIRC/tile_21169.png,2
arctic_vegetation/20230724_birch24_m3m/BIRC/tile_21170.png,2
arctic_vegetation/20230724_birch24_m3m/BIRC/tile_21171.png,2
arctic_vegetation/20230724_birch24_m3m/BIRC/tile_21172.png,2
arctic_vegetation/20230724_birch24_m3m/BIRC/tile_21173.png,2
arctic_vegetation/20230724_birch24_m3m/BIRC/tile_21174.png,2
arctic_vegetation/20230724_birch24_m3m/BIRC/tile_21175.png,2
arctic_vegetation/20230724_birch24_m3m/BIRC/tile_21176.png,2
arctic_vegetation/20230724_birch24_m3m/BIRC/tile_21177.png,2
arctic_vegetation/20230724_birch24_m3m/BIRC/tile_21178.png,2
arctic_vegetation/20230724_birch24_m3m/SEDG/tile_21182.png,9
arctic_vegetation/20230724_birch24_m3m/SEDG/tile_21183.png,9
arctic_vegetation/20230724_birch24_m3m/SEDG/tile_21184.png,9
arctic_vegetation/20230724_birch24_m3m/BIRC/tile_21211.png,2
arctic_vegetation/20230724_birch24_m3m/BIRC/tile_21212.png,2
arctic_vegetation/20230724_birch24_m3m/BIRC/tile_21213.png,2
arctic_vegetation/20230724_birch24_m3m/BIRC/tile_21214.png,2
arctic_vegetation/20230724_birch24_m3m/BIRC/tile_21215.png,2
arctic_vegetation/20230724_birch24_m3m/BIRC/tile_21216.png,2
arctic_vegetation/20230724_birch24_m3m/BIRC/tile_21318.png,2
arctic_vegetation/20230724_birch24_m3m/BIRC/tile_21319.png,2
arctic_vegetation/20230724_birch24_m3m/BIRC/tile_21320.png,2
arctic_vegetation/20230724_birch24_m3m/WILL/tile_21321.png,11
arctic_vegetation/20230724_birch24_m3m/WILL/tile_21322.png,11
arctic_vegetation/20230724_birch24_m3m/BIRC/tile_21323.png,2
arctic_vegetation/20230724_birch24_m3m/BIRC/tile_21324.png,2
arctic_vegetation/20230724_birch24_m3m/BIRC/tile_21325.png,2
arctic_vegetation/20230724_birch24_m3m/BIRC/tile_21341.png,2
arctic_vegetation/20230724_birch24_m3m/BIRC/tile_21342.png,2
arctic_vegetation/20230724_birch24_m3m/BIRC/tile_21343.png,2
arctic_vegetation/20230724_birch24_m3m/BIRC/tile_21344.png,2
arctic_vegetation/20230724_birch24_m3m/BIRC/tile_21345.png,2
arctic_vegetation/20230724_birch24_m3m/BIRC/tile_21346.png,2
arctic_vegetation/20230724_birch24_m3m/BIRC/tile_21347.png,2
arctic_vegetation/20230724_birch24_m3m/BIRC/tile_21348.png,2
arctic_vegetation/20230724_birch24_m3m/BIRC/tile_21349.png,2
arctic_vegetation/20230724_birch24_m3m/BIRC/tile_21350.png,2
arctic_vegetation/20230724_birch24_m3m/BIRC/tile_21365.png,2
arctic_vegetation/20230724_birch24_m3m/BIRC/tile_21366.png,2
arctic_vegetation/20230724_birch24_m3m/BIRC/tile_21367.png,2
arctic_vegetation/20230724_birch24_m3m/BIRC/tile_21368.png,2
arctic_vegetation/20230724_birch24_m3m/BIRC/tile_21369.png,2
arctic_vegetation/20230724_birch24_m3m/BIRC/tile_21370.png,2
arctic_vegetation/20230724_birch24_m3m/BIRC/tile_21380.png,2
arctic_vegetation/20230724_birch24_m3m/BIRC/tile_21381.png,2
arctic_vegetation/20230724_birch24_m3m/BIRC/tile_21382.png,2
arctic_vegetation/20230724_birch24_m3m/BIRC/tile_21383.png,2
arctic_vegetation/20230724_birch24_m3m/BIRC/tile_21384.png,2
arctic_vegetation/20230724_birch24_m3m/BIRC/tile_21385.png,2
arctic_vegetation/20230724_birch24_m3m/BIRC/tile_21386.png,2
arctic_vegetation/20230724_birch24_m3m/BIRC/tile_21387.png,2
arctic_vegetation/20230724_birch24_m3m/BIRC/tile_21388.png,2
arctic_vegetation/20230724_birch24_m3m/BIRC/tile_21389.png,2
arctic_vegetation/20230724_birch24_m3m/BIRC/tile_21390.png,2
arctic_vegetation/20230724_birch24_m3m/BIRC/tile_21391.png,2
arctic_vegetation/20230724_birch24_m3m/BIRC/tile_21392.png,2
arctic_vegetation/20230724_birch24_m3m/SEDG/tile_21396.png,9
arctic_vegetation/20230724_birch24_m3m/SEDG/tile_21397.png,9
arctic_vegetation/20230724_birch24_m3m/SEDG/tile_21398.png,9
arctic_vegetation/20230724_birch24_m3m/BIRC/tile_21410.png,2
arctic_vegetation/20230724_birch24_m3m/BIRC/tile_21411.png,2
arctic_vegetation/20230724_birch24_m3m/BIRC/tile_21412.png,2
arctic_vegetation/20230724_birch24_m3m/SEDG/tile_21423.png,9
arctic_vegetation/20230724_birch24_m3m/SEDG/tile_21424.png,9
arctic_vegetation/20230724_birch24_m3m/BIRC/tile_21425.png,2
arctic_vegetation/20230724_birch24_m3m/BIRC/tile_21426.png,2
arctic_vegetation/20230724_birch24_m3m/BIRC/tile_21427.png,2
arctic_vegetation/20230724_birch24_m3m/BIRC/tile_21428.png,2
arctic_vegetation/20230724_birch24_m3m/BIRC/tile_21429.png,2
arctic_vegetation/20230724_birch24_m3m/BIRC/tile_21430.png,2
arctic_vegetation/20230724_birch24_m3m/BIRC/tile_21431.png,2
arctic_vegetation/20230724_birch24_m3m/WILL/tile_21535.png,11
arctic_vegetation/20230724_birch24_m3m/WILL/tile_21536.png,11
arctic_vegetation/20230724_birch24_m3m/BIRC/tile_21537.png,2
arctic_vegetation/20230724_birch24_m3m/BIRC/tile_21538.png,2
arctic_vegetation/20230724_birch24_m3m/BIRC/tile_21555.png,2
arctic_vegetation/20230724_birch24_m3m/BIRC/tile_21556.png,2
arctic_vegetation/20230724_birch24_m3m/BIRC/tile_21557.png,2
arctic_vegetation/20230724_birch24_m3m/BIRC/tile_21558.png,2
arctic_vegetation/20230724_birch24_m3m/BIRC/tile_21559.png,2
arctic_vegetation/20230724_birch24_m3m/BIRC/tile_21560.png,2
arctic_vegetation/20230724_birch24_m3m/BIRC/tile_21561.png,2
arctic_vegetation/20230724_birch24_m3m/BIRC/tile_21562.png,2
arctic_vegetation/20230724_birch24_m3m/BIRC/tile_21563.png,2
arctic_vegetation/20230724_birch24_m3m/DRYI/tile_21564.png,3
arctic_vegetation/20230724_birch24_m3m/DRYI/tile_21565.png,3
arctic_vegetation/20230724_birch24_m3m/DRYI/tile_21566.png,3
arctic_vegetation/20230724_birch24_m3m/BIRC/tile_21579.png,2
arctic_vegetation/20230724_birch24_m3m/BIRC/tile_21580.png,2
arctic_vegetation/20230724_birch24_m3m/BIRC/tile_21581.png,2
arctic_vegetation/20230724_birch24_m3m/BIRC/tile_21582.png,2
arctic_vegetation/20230724_birch24_m3m/BIRC/tile_21583.png,2
arctic_vegetation/20230724_birch24_m3m/BIRC/tile_21584.png,2
arctic_vegetation/20230724_birch24_m3m/BIRC/tile_21585.png,2
arctic_vegetation/20230724_birch24_m3m/BIRC/tile_21586.png,2
arctic_vegetation/20230724_birch24_m3m/BIRC/tile_21587.png,2
arctic_vegetation/20230724_birch24_m3m/BIRC/tile_21588.png,2
arctic_vegetation/20230724_birch24_m3m/BIRC/tile_21589.png,2
arctic_vegetation/20230724_birch24_m3m/BIRC/tile_21590.png,2
arctic_vegetation/20230724_birch24_m3m/BIRC/tile_21591.png,2
arctic_vegetation/20230724_birch24_m3m/BIRC/tile_21592.png,2
arctic_vegetation/20230724_birch24_m3m/BIRC/tile_21593.png,2
arctic_vegetation/20230724_birch24_m3m/BIRC/tile_21594.png,2
arctic_vegetation/20230724_birch24_m3m/BIRC/tile_21595.png,2
arctic_vegetation/20230724_birch24_m3m/BIRC/tile_21596.png,2
arctic_vegetation/20230724_birch24_m3m/BIRC/tile_21597.png,2
arctic_vegetation/20230724_birch24_m3m/BIRC/tile_21598.png,2
arctic_vegetation/20230724_birch24_m3m/BIRC/tile_21599.png,2
arctic_vegetation/20230724_birch24_m3m/BIRC/tile_21600.png,2
arctic_vegetation/20230724_birch24_m3m/BIRC/tile_21601.png,2
arctic_vegetation/20230724_birch24_m3m/BIRC/tile_21602.png,2
arctic_vegetation/20230724_birch24_m3m/BIRC/tile_21603.png,2
arctic_vegetation/20230724_birch24_m3m/BIRC/tile_21604.png,2
arctic_vegetation/20230724_birch24_m3m/BIRC/tile_21605.png,2
arctic_vegetation/20230724_birch24_m3m/BIRC/tile_21606.png,2
arctic_vegetation/20230724_birch24_m3m/BIRC/tile_21607.png,2
arctic_vegetation/20230724_birch24_m3m/BIRC/tile_21608.png,2
arctic_vegetation/20230724_birch24_m3m/BIRC/tile_21609.png,2
arctic_vegetation/20230724_birch24_m3m/BIRC/tile_21610.png,2
arctic_vegetation/20230724_birch24_m3m/BIRC/tile_21611.png,2
arctic_vegetation/20230724_birch24_m3m/BIRC/tile_21612.png,2
arctic_vegetation/20230724_birch24_m3m/BIRC/tile_21613.png,2
arctic_vegetation/20230724_birch24_m3m/BIRC/tile_21614.png,2
arctic_vegetation/20230724_birch24_m3m/BIRC/tile_21615.png,2
arctic_vegetation/20230724_birch24_m3m/BIRC/tile_21616.png,2
arctic_vegetation/20230724_birch24_m3m/BIRC/tile_21617.png,2
arctic_vegetation/20230724_birch24_m3m/BIRC/tile_21618.png,2
arctic_vegetation/20230724_birch24_m3m/BIRC/tile_21619.png,2
arctic_vegetation/20230724_birch24_m3m/BIRC/tile_21620.png,2
arctic_vegetation/20230724_birch24_m3m/BIRC/tile_21621.png,2
arctic_vegetation/20230724_birch24_m3m/BIRC/tile_21622.png,2
arctic_vegetation/20230724_birch24_m3m/BIRC/tile_21623.png,2
arctic_vegetation/20230724_birch24_m3m/BIRC/tile_21624.png,2
arctic_vegetation/20230724_birch24_m3m/BIRC/tile_21625.png,2
arctic_vegetation/20230724_birch24_m3m/BIRC/tile_21626.png,2
arctic_vegetation/20230724_birch24_m3m/BIRC/tile_21627.png,2
arctic_vegetation/20230724_birch24_m3m/BIRC/tile_21628.png,2
arctic_vegetation/20230724_birch24_m3m/BIRC/tile_21631.png,2
arctic_vegetation/20230724_birch24_m3m/BIRC/tile_21632.png,2
arctic_vegetation/20230724_birch24_m3m/BIRC/tile_21633.png,2
arctic_vegetation/20230724_birch24_m3m/BIRC/tile_21634.png,2
arctic_vegetation/20230724_birch24_m3m/BIRC/tile_21635.png,2
arctic_vegetation/20230724_birch24_m3m/BIRC/tile_21636.png,2
arctic_vegetation/20230724_birch24_m3m/BIRC/tile_21637.png,2
arctic_vegetation/20230724_birch24_m3m/SEDG/tile_21638.png,9
arctic_vegetation/20230724_birch24_m3m/BIRC/tile_21639.png,2
arctic_vegetation/20230724_birch24_m3m/BIRC/tile_21640.png,2
arctic_vegetation/20230724_birch24_m3m/BIRC/tile_21641.png,2
arctic_vegetation/20230724_birch24_m3m/BIRC/tile_21642.png,2
arctic_vegetation/20230724_birch24_m3m/BIRC/tile_21643.png,2
arctic_vegetation/20230724_birch24_m3m/BIRC/tile_21644.png,2
arctic_vegetation/20230724_birch24_m3m/BIRC/tile_21645.png,2
arctic_vegetation/20230724_birch24_m3m/BIRC/tile_21767.png,2
arctic_vegetation/20230724_birch24_m3m/BIRC/tile_21768.png,2
arctic_vegetation/20230724_birch24_m3m/BIRC/tile_21769.png,2
arctic_vegetation/20230724_birch24_m3m/BIRC/tile_21770.png,2
arctic_vegetation/20230724_birch24_m3m/BIRC/tile_21771.png,2
arctic_vegetation/20230724_birch24_m3m/BIRC/tile_21772.png,2
arctic_vegetation/20230724_birch24_m3m/BIRC/tile_21773.png,2
arctic_vegetation/20230724_birch24_m3m/DRYI/tile_21774.png,3
arctic_vegetation/20230724_birch24_m3m/DRYI/tile_21775.png,3
arctic_vegetation/20230724_birch24_m3m/DRYI/tile_21776.png,3
arctic_vegetation/20230724_birch24_m3m/DRYI/tile_21777.png,3
arctic_vegetation/20230724_birch24_m3m/DRYI/tile_21778.png,3
arctic_vegetation/20230724_birch24_m3m/DRYI/tile_21779.png,3
arctic_vegetation/20230724_birch24_m3m/BIRC/tile_21794.png,2
arctic_vegetation/20230724_birch24_m3m/BIRC/tile_21795.png,2
arctic_vegetation/20230724_birch24_m3m/BIRC/tile_21796.png,2
arctic_vegetation/20230724_birch24_m3m/BIRC/tile_21797.png,2
arctic_vegetation/20230724_birch24_m3m/BIRC/tile_21798.png,2
arctic_vegetation/20230724_birch24_m3m/BIRC/tile_21799.png,2
arctic_vegetation/20230724_birch24_m3m/BIRC/tile_21800.png,2
arctic_vegetation/20230724_birch24_m3m/BIRC/tile_21801.png,2
arctic_vegetation/20230724_birch24_m3m/BIRC/tile_21802.png,2
arctic_vegetation/20230724_birch24_m3m/BIRC/tile_21803.png,2
arctic_vegetation/20230724_birch24_m3m/BIRC/tile_21804.png,2
arctic_vegetation/20230724_birch24_m3m/BIRC/tile_21805.png,2
arctic_vegetation/20230724_birch24_m3m/BIRC/tile_21806.png,2
arctic_vegetation/20230724_birch24_m3m/BIRC/tile_21807.png,2
arctic_vegetation/20230724_birch24_m3m/BIRC/tile_21808.png,2
arctic_vegetation/20230724_birch24_m3m/BIRC/tile_21809.png,2
arctic_vegetation/20230724_birch24_m3m/BIRC/tile_21810.png,2
arctic_vegetation/20230724_birch24_m3m/BIRC/tile_21811.png,2
arctic_vegetation/20230724_birch24_m3m/BIRC/tile_21812.png,2
arctic_vegetation/20230724_birch24_m3m/BIRC/tile_21813.png,2
arctic_vegetation/20230724_birch24_m3m/BIRC/tile_21814.png,2
arctic_vegetation/20230724_birch24_m3m/BIRC/tile_21815.png,2
arctic_vegetation/20230724_birch24_m3m/BIRC/tile_21816.png,2
arctic_vegetation/20230724_birch24_m3m/BIRC/tile_21817.png,2
arctic_vegetation/20230724_birch24_m3m/BIRC/tile_21818.png,2
arctic_vegetation/20230724_birch24_m3m/BIRC/tile_21819.png,2
arctic_vegetation/20230724_birch24_m3m/BIRC/tile_21820.png,2
arctic_vegetation/20230724_birch24_m3m/BIRC/tile_21821.png,2
arctic_vegetation/20230724_birch24_m3m/BIRC/tile_21822.png,2
arctic_vegetation/20230724_birch24_m3m/BIRC/tile_21823.png,2
arctic_vegetation/20230724_birch24_m3m/BIRC/tile_21824.png,2
arctic_vegetation/20230724_birch24_m3m/BIRC/tile_21825.png,2
arctic_vegetation/20230724_birch24_m3m/BIRC/tile_21826.png,2
arctic_vegetation/20230724_birch24_m3m/BIRC/tile_21827.png,2
arctic_vegetation/20230724_birch24_m3m/BIRC/tile_21828.png,2
arctic_vegetation/20230724_birch24_m3m/BIRC/tile_21829.png,2
arctic_vegetation/20230724_birch24_m3m/BIRC/tile_21830.png,2
arctic_vegetation/20230724_birch24_m3m/BIRC/tile_21831.png,2
arctic_vegetation/20230724_birch24_m3m/BIRC/tile_21832.png,2
arctic_vegetation/20230724_birch24_m3m/BIRC/tile_21833.png,2
arctic_vegetation/20230724_birch24_m3m/BIRC/tile_21834.png,2
arctic_vegetation/20230724_birch24_m3m/BIRC/tile_21835.png,2
arctic_vegetation/20230724_birch24_m3m/BIRC/tile_21836.png,2
arctic_vegetation/20230724_birch24_m3m/BIRC/tile_21837.png,2
arctic_vegetation/20230724_birch24_m3m/BIRC/tile_21838.png,2
arctic_vegetation/20230724_birch24_m3m/BIRC/tile_21839.png,2
arctic_vegetation/20230724_birch24_m3m/BIRC/tile_21840.png,2
arctic_vegetation/20230724_birch24_m3m/BIRC/tile_21841.png,2
arctic_vegetation/20230724_birch24_m3m/BIRC/tile_21842.png,2
arctic_vegetation/20230724_birch24_m3m/BIRC/tile_21843.png,2
arctic_vegetation/20230724_birch24_m3m/BIRC/tile_21844.png,2
arctic_vegetation/20230724_birch24_m3m/BIRC/tile_21845.png,2
arctic_vegetation/20230724_birch24_m3m/BIRC/tile_21846.png,2
arctic_vegetation/20230724_birch24_m3m/BIRC/tile_21847.png,2
arctic_vegetation/20230724_birch24_m3m/BIRC/tile_21848.png,2
arctic_vegetation/20230724_birch24_m3m/BIRC/tile_21849.png,2
arctic_vegetation/20230724_birch24_m3m/BIRC/tile_21850.png,2
arctic_vegetation/20230724_birch24_m3m/BIRC/tile_21851.png,2
arctic_vegetation/20230724_birch24_m3m/BIRC/tile_21852.png,2
arctic_vegetation/20230724_birch24_m3m/BIRC/tile_21853.png,2
arctic_vegetation/20230724_birch24_m3m/BIRC/tile_21854.png,2
arctic_vegetation/20230724_birch24_m3m/BIRC/tile_21855.png,2
arctic_vegetation/20230724_birch24_m3m/BIRC/tile_21856.png,2
arctic_vegetation/20230724_birch24_m3m/BIRC/tile_21857.png,2
arctic_vegetation/20230724_birch24_m3m/BIRC/tile_21858.png,2
arctic_vegetation/20230724_birch24_m3m/BIRC/tile_21981.png,2
arctic_vegetation/20230724_birch24_m3m/BIRC/tile_21982.png,2
arctic_vegetation/20230724_birch24_m3m/BIRC/tile_21983.png,2
arctic_vegetation/20230724_birch24_m3m/BIRC/tile_21984.png,2
arctic_vegetation/20230724_birch24_m3m/BIRC/tile_21985.png,2
arctic_vegetation/20230724_birch24_m3m/BIRC/tile_21986.png,2
arctic_vegetation/20230724_birch24_m3m/BIRC/tile_21987.png,2
arctic_vegetation/20230724_birch24_m3m/DRYI/tile_21988.png,3
arctic_vegetation/20230724_birch24_m3m/DRYI/tile_21989.png,3
arctic_vegetation/20230724_birch24_m3m/DRYI/tile_21990.png,3
arctic_vegetation/20230724_birch24_m3m/DRYI/tile_21991.png,3
arctic_vegetation/20230724_birch24_m3m/DRYI/tile_21992.png,3
arctic_vegetation/20230724_birch24_m3m/DRYI/tile_21993.png,3
arctic_vegetation/20230724_birch24_m3m/BIRC/tile_22008.png,2
arctic_vegetation/20230724_birch24_m3m/BIRC/tile_22009.png,2
arctic_vegetation/20230724_birch24_m3m/BIRC/tile_22010.png,2
arctic_vegetation/20230724_birch24_m3m/BIRC/tile_22011.png,2
arctic_vegetation/20230724_birch24_m3m/BIRC/tile_22012.png,2
arctic_vegetation/20230724_birch24_m3m/BIRC/tile_22013.png,2
arctic_vegetation/20230724_birch24_m3m/BIRC/tile_22014.png,2
arctic_vegetation/20230724_birch24_m3m/BIRC/tile_22015.png,2
arctic_vegetation/20230724_birch24_m3m/BIRC/tile_22016.png,2
arctic_vegetation/20230724_birch24_m3m/BIRC/tile_22017.png,2
arctic_vegetation/20230724_birch24_m3m/BIRC/tile_22018.png,2
arctic_vegetation/20230724_birch24_m3m/BIRC/tile_22019.png,2
arctic_vegetation/20230724_birch24_m3m/BIRC/tile_22020.png,2
arctic_vegetation/20230724_birch24_m3m/BIRC/tile_22021.png,2
arctic_vegetation/20230724_birch24_m3m/WILL/tile_22022.png,11
arctic_vegetation/20230724_birch24_m3m/WILL/tile_22023.png,11
arctic_vegetation/20230724_birch24_m3m/BIRC/tile_22024.png,2
arctic_vegetation/20230724_birch24_m3m/BIRC/tile_22025.png,2
arctic_vegetation/20230724_birch24_m3m/BIRC/tile_22026.png,2
arctic_vegetation/20230724_birch24_m3m/BIRC/tile_22027.png,2
arctic_vegetation/20230724_birch24_m3m/BIRC/tile_22028.png,2
arctic_vegetation/20230724_birch24_m3m/BIRC/tile_22029.png,2
arctic_vegetation/20230724_birch24_m3m/BIRC/tile_22030.png,2
arctic_vegetation/20230724_birch24_m3m/BIRC/tile_22031.png,2
arctic_vegetation/20230724_birch24_m3m/BIRC/tile_22032.png,2
arctic_vegetation/20230724_birch24_m3m/BIRC/tile_22033.png,2
arctic_vegetation/20230724_birch24_m3m/BIRC/tile_22034.png,2
arctic_vegetation/20230724_birch24_m3m/BIRC/tile_22035.png,2
arctic_vegetation/20230724_birch24_m3m/BIRC/tile_22036.png,2
arctic_vegetation/20230724_birch24_m3m/BIRC/tile_22037.png,2
arctic_vegetation/20230724_birch24_m3m/BIRC/tile_22038.png,2
arctic_vegetation/20230724_birch24_m3m/BIRC/tile_22039.png,2
arctic_vegetation/20230724_birch24_m3m/BIRC/tile_22040.png,2
arctic_vegetation/20230724_birch24_m3m/BIRC/tile_22041.png,2
arctic_vegetation/20230724_birch24_m3m/BIRC/tile_22042.png,2
arctic_vegetation/20230724_birch24_m3m/BIRC/tile_22043.png,2
arctic_vegetation/20230724_birch24_m3m/BIRC/tile_22044.png,2
arctic_vegetation/20230724_birch24_m3m/BIRC/tile_22045.png,2
arctic_vegetation/20230724_birch24_m3m/BIRC/tile_22046.png,2
arctic_vegetation/20230724_birch24_m3m/BIRC/tile_22047.png,2
arctic_vegetation/20230724_birch24_m3m/BIRC/tile_22048.png,2
arctic_vegetation/20230724_birch24_m3m/BIRC/tile_22049.png,2
arctic_vegetation/20230724_birch24_m3m/BIRC/tile_22050.png,2
arctic_vegetation/20230724_birch24_m3m/BIRC/tile_22051.png,2
arctic_vegetation/20230724_birch24_m3m/BIRC/tile_22052.png,2
arctic_vegetation/20230724_birch24_m3m/BIRC/tile_22053.png,2
arctic_vegetation/20230724_birch24_m3m/BIRC/tile_22054.png,2
arctic_vegetation/20230724_birch24_m3m/BIRC/tile_22055.png,2
arctic_vegetation/20230724_birch24_m3m/BIRC/tile_22056.png,2
arctic_vegetation/20230724_birch24_m3m/BIRC/tile_22057.png,2
arctic_vegetation/20230724_birch24_m3m/BIRC/tile_22058.png,2
arctic_vegetation/20230724_birch24_m3m/BIRC/tile_22059.png,2
arctic_vegetation/20230724_birch24_m3m/BIRC/tile_22060.png,2
arctic_vegetation/20230724_birch24_m3m/BIRC/tile_22061.png,2
arctic_vegetation/20230724_birch24_m3m/BIRC/tile_22062.png,2
arctic_vegetation/20230724_birch24_m3m/BIRC/tile_22063.png,2
arctic_vegetation/20230724_birch24_m3m/BIRC/tile_22064.png,2
arctic_vegetation/20230724_birch24_m3m/BIRC/tile_22065.png,2
arctic_vegetation/20230724_birch24_m3m/BIRC/tile_22066.png,2
arctic_vegetation/20230724_birch24_m3m/BIRC/tile_22067.png,2
arctic_vegetation/20230724_birch24_m3m/BIRC/tile_22068.png,2
arctic_vegetation/20230724_birch24_m3m/BIRC/tile_22069.png,2
arctic_vegetation/20230724_birch24_m3m/BIRC/tile_22070.png,2
arctic_vegetation/20230724_birch24_m3m/BIRC/tile_22071.png,2
arctic_vegetation/20230724_birch24_m3m/BIRC/tile_22072.png,2
arctic_vegetation/20230724_birch24_m3m/BIRC/tile_22195.png,2
arctic_vegetation/20230724_birch24_m3m/BIRC/tile_22196.png,2
arctic_vegetation/20230724_birch24_m3m/BIRC/tile_22197.png,2
arctic_vegetation/20230724_birch24_m3m/BIRC/tile_22198.png,2
arctic_vegetation/20230724_birch24_m3m/BIRC/tile_22199.png,2
arctic_vegetation/20230724_birch24_m3m/BIRC/tile_22200.png,2
arctic_vegetation/20230724_birch24_m3m/BIRC/tile_22201.png,2
arctic_vegetation/20230724_birch24_m3m/DRYI/tile_22202.png,3
arctic_vegetation/20230724_birch24_m3m/DRYI/tile_22203.png,3
arctic_vegetation/20230724_birch24_m3m/DRYI/tile_22204.png,3
arctic_vegetation/20230724_birch24_m3m/DRYI/tile_22205.png,3
arctic_vegetation/20230724_birch24_m3m/DRYI/tile_22206.png,3
arctic_vegetation/20230724_birch24_m3m/DRYI/tile_22207.png,3
arctic_vegetation/20230724_birch24_m3m/LICH/tile_22209.png,4
arctic_vegetation/20230724_birch24_m3m/LICH/tile_22210.png,4
arctic_vegetation/20230724_birch24_m3m/BIRC/tile_22217.png,2
arctic_vegetation/20230724_birch24_m3m/BIRC/tile_22218.png,2
arctic_vegetation/20230724_birch24_m3m/BIRC/tile_22219.png,2
arctic_vegetation/20230724_birch24_m3m/BIRC/tile_22220.png,2
arctic_vegetation/20230724_birch24_m3m/BIRC/tile_22222.png,2
arctic_vegetation/20230724_birch24_m3m/BIRC/tile_22223.png,2
arctic_vegetation/20230724_birch24_m3m/BIRC/tile_22224.png,2
arctic_vegetation/20230724_birch24_m3m/BIRC/tile_22225.png,2
arctic_vegetation/20230724_birch24_m3m/BIRC/tile_22226.png,2
arctic_vegetation/20230724_birch24_m3m/BIRC/tile_22227.png,2
arctic_vegetation/20230724_birch24_m3m/BIRC/tile_22228.png,2
arctic_vegetation/20230724_birch24_m3m/BIRC/tile_22229.png,2
arctic_vegetation/20230724_birch24_m3m/BIRC/tile_22230.png,2
arctic_vegetation/20230724_birch24_m3m/BIRC/tile_22231.png,2
arctic_vegetation/20230724_birch24_m3m/BIRC/tile_22232.png,2
arctic_vegetation/20230724_birch24_m3m/BIRC/tile_22233.png,2
arctic_vegetation/20230724_birch24_m3m/BIRC/tile_22234.png,2
arctic_vegetation/20230724_birch24_m3m/BIRC/tile_22235.png,2
arctic_vegetation/20230724_birch24_m3m/WILL/tile_22236.png,11
arctic_vegetation/20230724_birch24_m3m/BIRC/tile_22237.png,2
arctic_vegetation/20230724_birch24_m3m/BIRC/tile_22238.png,2
arctic_vegetation/20230724_birch24_m3m/BIRC/tile_22239.png,2
arctic_vegetation/20230724_birch24_m3m/BIRC/tile_22240.png,2
arctic_vegetation/20230724_birch24_m3m/BIRC/tile_22241.png,2
arctic_vegetation/20230724_birch24_m3m/BIRC/tile_22242.png,2
arctic_vegetation/20230724_birch24_m3m/BIRC/tile_22243.png,2
arctic_vegetation/20230724_birch24_m3m/BIRC/tile_22244.png,2
arctic_vegetation/20230724_birch24_m3m/BIRC/tile_22245.png,2
arctic_vegetation/20230724_birch24_m3m/BIRC/tile_22246.png,2
arctic_vegetation/20230724_birch24_m3m/BIRC/tile_22247.png,2
arctic_vegetation/20230724_birch24_m3m/BIRC/tile_22248.png,2
arctic_vegetation/20230724_birch24_m3m/BIRC/tile_22249.png,2
arctic_vegetation/20230724_birch24_m3m/BIRC/tile_22250.png,2
arctic_vegetation/20230724_birch24_m3m/BIRC/tile_22251.png,2
arctic_vegetation/20230724_birch24_m3m/BIRC/tile_22252.png,2
arctic_vegetation/20230724_birch24_m3m/BIRC/tile_22253.png,2
arctic_vegetation/20230724_birch24_m3m/BIRC/tile_22254.png,2
arctic_vegetation/20230724_birch24_m3m/BIRC/tile_22255.png,2
arctic_vegetation/20230724_birch24_m3m/BIRC/tile_22256.png,2
arctic_vegetation/20230724_birch24_m3m/BIRC/tile_22257.png,2
arctic_vegetation/20230724_birch24_m3m/BIRC/tile_22258.png,2
arctic_vegetation/20230724_birch24_m3m/BIRC/tile_22259.png,2
arctic_vegetation/20230724_birch24_m3m/BIRC/tile_22260.png,2
arctic_vegetation/20230724_birch24_m3m/BIRC/tile_22261.png,2
arctic_vegetation/20230724_birch24_m3m/BIRC/tile_22262.png,2
arctic_vegetation/20230724_birch24_m3m/BIRC/tile_22263.png,2
arctic_vegetation/20230724_birch24_m3m/BIRC/tile_22264.png,2
arctic_vegetation/20230724_birch24_m3m/BIRC/tile_22265.png,2
arctic_vegetation/20230724_birch24_m3m/BIRC/tile_22266.png,2
arctic_vegetation/20230724_birch24_m3m/BIRC/tile_22267.png,2
arctic_vegetation/20230724_birch24_m3m/BIRC/tile_22268.png,2
arctic_vegetation/20230724_birch24_m3m/BIRC/tile_22269.png,2
arctic_vegetation/20230724_birch24_m3m/BIRC/tile_22270.png,2
arctic_vegetation/20230724_birch24_m3m/BIRC/tile_22271.png,2
arctic_vegetation/20230724_birch24_m3m/BIRC/tile_22272.png,2
arctic_vegetation/20230724_birch24_m3m/BIRC/tile_22273.png,2
arctic_vegetation/20230724_birch24_m3m/BIRC/tile_22274.png,2
arctic_vegetation/20230724_birch24_m3m/BIRC/tile_22275.png,2
arctic_vegetation/20230724_birch24_m3m/BIRC/tile_22276.png,2
arctic_vegetation/20230724_birch24_m3m/BIRC/tile_22277.png,2
arctic_vegetation/20230724_birch24_m3m/BIRC/tile_22278.png,2
arctic_vegetation/20230724_birch24_m3m/BIRC/tile_22279.png,2
arctic_vegetation/20230724_birch24_m3m/BIRC/tile_22409.png,2
arctic_vegetation/20230724_birch24_m3m/BIRC/tile_22410.png,2
arctic_vegetation/20230724_birch24_m3m/BIRC/tile_22411.png,2
arctic_vegetation/20230724_birch24_m3m/BIRC/tile_22412.png,2
arctic_vegetation/20230724_birch24_m3m/BIRC/tile_22413.png,2
arctic_vegetation/20230724_birch24_m3m/DRYI/tile_22414.png,3
arctic_vegetation/20230724_birch24_m3m/DRYI/tile_22415.png,3
arctic_vegetation/20230724_birch24_m3m/DRYI/tile_22416.png,3
arctic_vegetation/20230724_birch24_m3m/DRYI/tile_22417.png,3
arctic_vegetation/20230724_birch24_m3m/DRYI/tile_22418.png,3
arctic_vegetation/20230724_birch24_m3m/DRYI/tile_22419.png,3
arctic_vegetation/20230724_birch24_m3m/LICH/tile_22423.png,4
arctic_vegetation/20230724_birch24_m3m/LICH/tile_22424.png,4
arctic_vegetation/20230724_birch24_m3m/BIRC/tile_22431.png,2
arctic_vegetation/20230724_birch24_m3m/BIRC/tile_22432.png,2
arctic_vegetation/20230724_birch24_m3m/BIRC/tile_22433.png,2
arctic_vegetation/20230724_birch24_m3m/BIRC/tile_22434.png,2
arctic_vegetation/20230724_birch24_m3m/BIRC/tile_22436.png,2
arctic_vegetation/20230724_birch24_m3m/BIRC/tile_22437.png,2
arctic_vegetation/20230724_birch24_m3m/BIRC/tile_22438.png,2
arctic_vegetation/20230724_birch24_m3m/BIRC/tile_22439.png,2
arctic_vegetation/20230724_birch24_m3m/BIRC/tile_22440.png,2
arctic_vegetation/20230724_birch24_m3m/BIRC/tile_22441.png,2
arctic_vegetation/20230724_birch24_m3m/BIRC/tile_22442.png,2
arctic_vegetation/20230724_birch24_m3m/BIRC/tile_22443.png,2
arctic_vegetation/20230724_birch24_m3m/BIRC/tile_22444.png,2
arctic_vegetation/20230724_birch24_m3m/BIRC/tile_22445.png,2
arctic_vegetation/20230724_birch24_m3m/BIRC/tile_22446.png,2
arctic_vegetation/20230724_birch24_m3m/BIRC/tile_22447.png,2
arctic_vegetation/20230724_birch24_m3m/BIRC/tile_22448.png,2
arctic_vegetation/20230724_birch24_m3m/BIRC/tile_22449.png,2
arctic_vegetation/20230724_birch24_m3m/BIRC/tile_22450.png,2
arctic_vegetation/20230724_birch24_m3m/BIRC/tile_22451.png,2
arctic_vegetation/20230724_birch24_m3m/BIRC/tile_22452.png,2
arctic_vegetation/20230724_birch24_m3m/BIRC/tile_22453.png,2
arctic_vegetation/20230724_birch24_m3m/BIRC/tile_22454.png,2
arctic_vegetation/20230724_birch24_m3m/BIRC/tile_22455.png,2
arctic_vegetation/20230724_birch24_m3m/BIRC/tile_22456.png,2
arctic_vegetation/20230724_birch24_m3m/BIRC/tile_22457.png,2
arctic_vegetation/20230724_birch24_m3m/BIRC/tile_22458.png,2
arctic_vegetation/20230724_birch24_m3m/BIRC/tile_22459.png,2
arctic_vegetation/20230724_birch24_m3m/BIRC/tile_22460.png,2
arctic_vegetation/20230724_birch24_m3m/BIRC/tile_22461.png,2
arctic_vegetation/20230724_birch24_m3m/BIRC/tile_22462.png,2
arctic_vegetation/20230724_birch24_m3m/BIRC/tile_22463.png,2
arctic_vegetation/20230724_birch24_m3m/BIRC/tile_22464.png,2
arctic_vegetation/20230724_birch24_m3m/BIRC/tile_22465.png,2
arctic_vegetation/20230724_birch24_m3m/BIRC/tile_22466.png,2
arctic_vegetation/20230724_birch24_m3m/BIRC/tile_22467.png,2
arctic_vegetation/20230724_birch24_m3m/BIRC/tile_22468.png,2
arctic_vegetation/20230724_birch24_m3m/BIRC/tile_22469.png,2
arctic_vegetation/20230724_birch24_m3m/BIRC/tile_22470.png,2
arctic_vegetation/20230724_birch24_m3m/BIRC/tile_22471.png,2
arctic_vegetation/20230724_birch24_m3m/BIRC/tile_22472.png,2
arctic_vegetation/20230724_birch24_m3m/BIRC/tile_22473.png,2
arctic_vegetation/20230724_birch24_m3m/BIRC/tile_22474.png,2
arctic_vegetation/20230724_birch24_m3m/BIRC/tile_22475.png,2
arctic_vegetation/20230724_birch24_m3m/BIRC/tile_22476.png,2
arctic_vegetation/20230724_birch24_m3m/BIRC/tile_22477.png,2
arctic_vegetation/20230724_birch24_m3m/BIRC/tile_22478.png,2
arctic_vegetation/20230724_birch24_m3m/BIRC/tile_22479.png,2
arctic_vegetation/20230724_birch24_m3m/BIRC/tile_22480.png,2
arctic_vegetation/20230724_birch24_m3m/BIRC/tile_22481.png,2
arctic_vegetation/20230724_birch24_m3m/BIRC/tile_22482.png,2
arctic_vegetation/20230724_birch24_m3m/BIRC/tile_22483.png,2
arctic_vegetation/20230724_birch24_m3m/BIRC/tile_22484.png,2
arctic_vegetation/20230724_birch24_m3m/BIRC/tile_22485.png,2
arctic_vegetation/20230724_birch24_m3m/BIRC/tile_22486.png,2
arctic_vegetation/20230724_birch24_m3m/BIRC/tile_22487.png,2
arctic_vegetation/20230724_birch24_m3m/BIRC/tile_22488.png,2
arctic_vegetation/20230724_birch24_m3m/BIRC/tile_22489.png,2
arctic_vegetation/20230724_birch24_m3m/BIRC/tile_22490.png,2
arctic_vegetation/20230724_birch24_m3m/BIRC/tile_22491.png,2
arctic_vegetation/20230724_birch24_m3m/BIRC/tile_22492.png,2
arctic_vegetation/20230724_birch24_m3m/BIRC/tile_22493.png,2
arctic_vegetation/20230724_birch24_m3m/BIRC/tile_22591.png,2
arctic_vegetation/20230724_birch24_m3m/BIRC/tile_22592.png,2
arctic_vegetation/20230724_birch24_m3m/BIRC/tile_22593.png,2
arctic_vegetation/20230724_birch24_m3m/BIRC/tile_22623.png,2
arctic_vegetation/20230724_birch24_m3m/BIRC/tile_22624.png,2
arctic_vegetation/20230724_birch24_m3m/BIRC/tile_22625.png,2
arctic_vegetation/20230724_birch24_m3m/DRYI/tile_22627.png,3
arctic_vegetation/20230724_birch24_m3m/DRYI/tile_22628.png,3
arctic_vegetation/20230724_birch24_m3m/DRYI/tile_22629.png,3
arctic_vegetation/20230724_birch24_m3m/DRYI/tile_22630.png,3
arctic_vegetation/20230724_birch24_m3m/DRYI/tile_22631.png,3
arctic_vegetation/20230724_birch24_m3m/DRYI/tile_22632.png,3
arctic_vegetation/20230724_birch24_m3m/LICH/tile_22637.png,4
arctic_vegetation/20230724_birch24_m3m/LICH/tile_22638.png,4
arctic_vegetation/20230724_birch24_m3m/BIRC/tile_22645.png,2
arctic_vegetation/20230724_birch24_m3m/BIRC/tile_22646.png,2
arctic_vegetation/20230724_birch24_m3m/BIRC/tile_22647.png,2
arctic_vegetation/20230724_birch24_m3m/BIRC/tile_22648.png,2
arctic_vegetation/20230724_birch24_m3m/BIRC/tile_22650.png,2
arctic_vegetation/20230724_birch24_m3m/BIRC/tile_22651.png,2
arctic_vegetation/20230724_birch24_m3m/BIRC/tile_22652.png,2
arctic_vegetation/20230724_birch24_m3m/BIRC/tile_22653.png,2
arctic_vegetation/20230724_birch24_m3m/BIRC/tile_22654.png,2
arctic_vegetation/20230724_birch24_m3m/BIRC/tile_22655.png,2
arctic_vegetation/20230724_birch24_m3m/BIRC/tile_22656.png,2
arctic_vegetation/20230724_birch24_m3m/BIRC/tile_22657.png,2
arctic_vegetation/20230724_birch24_m3m/BIRC/tile_22658.png,2
arctic_vegetation/20230724_birch24_m3m/BIRC/tile_22659.png,2
arctic_vegetation/20230724_birch24_m3m/BIRC/tile_22660.png,2
arctic_vegetation/20230724_birch24_m3m/BIRC/tile_22661.png,2
arctic_vegetation/20230724_birch24_m3m/BIRC/tile_22662.png,2
arctic_vegetation/20230724_birch24_m3m/BIRC/tile_22663.png,2
arctic_vegetation/20230724_birch24_m3m/BIRC/tile_22664.png,2
arctic_vegetation/20230724_birch24_m3m/BIRC/tile_22665.png,2
arctic_vegetation/20230724_birch24_m3m/BIRC/tile_22666.png,2
arctic_vegetation/20230724_birch24_m3m/BIRC/tile_22667.png,2
arctic_vegetation/20230724_birch24_m3m/BIRC/tile_22668.png,2
arctic_vegetation/20230724_birch24_m3m/BIRC/tile_22669.png,2
arctic_vegetation/20230724_birch24_m3m/BIRC/tile_22670.png,2
arctic_vegetation/20230724_birch24_m3m/BIRC/tile_22671.png,2
arctic_vegetation/20230724_birch24_m3m/BIRC/tile_22672.png,2
arctic_vegetation/20230724_birch24_m3m/BIRC/tile_22673.png,2
arctic_vegetation/20230724_birch24_m3m/BIRC/tile_22674.png,2
arctic_vegetation/20230724_birch24_m3m/BIRC/tile_22675.png,2
arctic_vegetation/20230724_birch24_m3m/BIRC/tile_22676.png,2
arctic_vegetation/20230724_birch24_m3m/BIRC/tile_22677.png,2
arctic_vegetation/20230724_birch24_m3m/BIRC/tile_22678.png,2
arctic_vegetation/20230724_birch24_m3m/BIRC/tile_22679.png,2
arctic_vegetation/20230724_birch24_m3m/BIRC/tile_22680.png,2
arctic_vegetation/20230724_birch24_m3m/BIRC/tile_22681.png,2
arctic_vegetation/20230724_birch24_m3m/BIRC/tile_22682.png,2
arctic_vegetation/20230724_birch24_m3m/BIRC/tile_22683.png,2
arctic_vegetation/20230724_birch24_m3m/BIRC/tile_22684.png,2
arctic_vegetation/20230724_birch24_m3m/BIRC/tile_22685.png,2
arctic_vegetation/20230724_birch24_m3m/BIRC/tile_22686.png,2
arctic_vegetation/20230724_birch24_m3m/BIRC/tile_22687.png,2
arctic_vegetation/20230724_birch24_m3m/BIRC/tile_22688.png,2
arctic_vegetation/20230724_birch24_m3m/BIRC/tile_22689.png,2
arctic_vegetation/20230724_birch24_m3m/BIRC/tile_22690.png,2
arctic_vegetation/20230724_birch24_m3m/BIRC/tile_22691.png,2
arctic_vegetation/20230724_birch24_m3m/BIRC/tile_22692.png,2
arctic_vegetation/20230724_birch24_m3m/BIRC/tile_22693.png,2
arctic_vegetation/20230724_birch24_m3m/BIRC/tile_22694.png,2
arctic_vegetation/20230724_birch24_m3m/BIRC/tile_22695.png,2
arctic_vegetation/20230724_birch24_m3m/BIRC/tile_22696.png,2
arctic_vegetation/20230724_birch24_m3m/BIRC/tile_22697.png,2
arctic_vegetation/20230724_birch24_m3m/BIRC/tile_22698.png,2
arctic_vegetation/20230724_birch24_m3m/BIRC/tile_22699.png,2
arctic_vegetation/20230724_birch24_m3m/BIRC/tile_22700.png,2
arctic_vegetation/20230724_birch24_m3m/BIRC/tile_22701.png,2
arctic_vegetation/20230724_birch24_m3m/BIRC/tile_22702.png,2
arctic_vegetation/20230724_birch24_m3m/BIRC/tile_22703.png,2
arctic_vegetation/20230724_birch24_m3m/BIRC/tile_22704.png,2
arctic_vegetation/20230724_birch24_m3m/BIRC/tile_22705.png,2
arctic_vegetation/20230724_birch24_m3m/BIRC/tile_22706.png,2
arctic_vegetation/20230724_birch24_m3m/BIRC/tile_22707.png,2
arctic_vegetation/20230724_birch24_m3m/BIRC/tile_22804.png,2
arctic_vegetation/20230724_birch24_m3m/BIRC/tile_22805.png,2
arctic_vegetation/20230724_birch24_m3m/BIRC/tile_22806.png,2
arctic_vegetation/20230724_birch24_m3m/BIRC/tile_22807.png,2
arctic_vegetation/20230724_birch24_m3m/BIRC/tile_22808.png,2
arctic_vegetation/20230724_birch24_m3m/DRYI/tile_22840.png,3
arctic_vegetation/20230724_birch24_m3m/DRYI/tile_22841.png,3
arctic_vegetation/20230724_birch24_m3m/DRYI/tile_22842.png,3
arctic_vegetation/20230724_birch24_m3m/DRYI/tile_22843.png,3
arctic_vegetation/20230724_birch24_m3m/DRYI/tile_22844.png,3
arctic_vegetation/20230724_birch24_m3m/BIRC/tile_22845.png,2
arctic_vegetation/20230724_birch24_m3m/BIRC/tile_22846.png,2
arctic_vegetation/20230724_birch24_m3m/BIRC/tile_22858.png,2
arctic_vegetation/20230724_birch24_m3m/BIRC/tile_22859.png,2
arctic_vegetation/20230724_birch24_m3m/WILL/tile_22860.png,11
arctic_vegetation/20230724_birch24_m3m/BIRC/tile_22863.png,2
arctic_vegetation/20230724_birch24_m3m/BIRC/tile_22864.png,2
arctic_vegetation/20230724_birch24_m3m/BIRC/tile_22865.png,2
arctic_vegetation/20230724_birch24_m3m/BIRC/tile_22866.png,2
arctic_vegetation/20230724_birch24_m3m/BIRC/tile_22867.png,2
arctic_vegetation/20230724_birch24_m3m/BIRC/tile_22868.png,2
arctic_vegetation/20230724_birch24_m3m/BIRC/tile_22869.png,2
arctic_vegetation/20230724_birch24_m3m/BIRC/tile_22870.png,2
arctic_vegetation/20230724_birch24_m3m/BIRC/tile_22871.png,2
arctic_vegetation/20230724_birch24_m3m/BIRC/tile_22872.png,2
arctic_vegetation/20230724_birch24_m3m/BIRC/tile_22873.png,2
arctic_vegetation/20230724_birch24_m3m/BIRC/tile_22874.png,2
arctic_vegetation/20230724_birch24_m3m/BIRC/tile_22875.png,2
arctic_vegetation/20230724_birch24_m3m/BIRC/tile_22876.png,2
arctic_vegetation/20230724_birch24_m3m/BIRC/tile_22877.png,2
arctic_vegetation/20230724_birch24_m3m/BIRC/tile_22878.png,2
arctic_vegetation/20230724_birch24_m3m/BIRC/tile_22879.png,2
arctic_vegetation/20230724_birch24_m3m/BIRC/tile_22880.png,2
arctic_vegetation/20230724_birch24_m3m/BIRC/tile_22881.png,2
arctic_vegetation/20230724_birch24_m3m/BIRC/tile_22882.png,2
arctic_vegetation/20230724_birch24_m3m/BIRC/tile_22883.png,2
arctic_vegetation/20230724_birch24_m3m/BIRC/tile_22884.png,2
arctic_vegetation/20230724_birch24_m3m/BIRC/tile_22885.png,2
arctic_vegetation/20230724_birch24_m3m/BIRC/tile_22886.png,2
arctic_vegetation/20230724_birch24_m3m/BIRC/tile_22887.png,2
arctic_vegetation/20230724_birch24_m3m/BIRC/tile_22888.png,2
arctic_vegetation/20230724_birch24_m3m/BIRC/tile_22889.png,2
arctic_vegetation/20230724_birch24_m3m/BIRC/tile_22890.png,2
arctic_vegetation/20230724_birch24_m3m/BIRC/tile_22891.png,2
arctic_vegetation/20230724_birch24_m3m/BIRC/tile_22892.png,2
arctic_vegetation/20230724_birch24_m3m/BIRC/tile_22893.png,2
arctic_vegetation/20230724_birch24_m3m/BIRC/tile_22894.png,2
arctic_vegetation/20230724_birch24_m3m/BIRC/tile_22895.png,2
arctic_vegetation/20230724_birch24_m3m/BIRC/tile_22896.png,2
arctic_vegetation/20230724_birch24_m3m/BIRC/tile_22897.png,2
arctic_vegetation/20230724_birch24_m3m/BIRC/tile_22898.png,2
arctic_vegetation/20230724_birch24_m3m/BIRC/tile_22899.png,2
arctic_vegetation/20230724_birch24_m3m/BIRC/tile_22900.png,2
arctic_vegetation/20230724_birch24_m3m/BIRC/tile_22901.png,2
arctic_vegetation/20230724_birch24_m3m/BIRC/tile_22902.png,2
arctic_vegetation/20230724_birch24_m3m/BIRC/tile_22903.png,2
arctic_vegetation/20230724_birch24_m3m/BIRC/tile_22904.png,2
arctic_vegetation/20230724_birch24_m3m/BIRC/tile_22905.png,2
arctic_vegetation/20230724_birch24_m3m/BIRC/tile_22906.png,2
arctic_vegetation/20230724_birch24_m3m/BIRC/tile_22907.png,2
arctic_vegetation/20230724_birch24_m3m/BIRC/tile_22908.png,2
arctic_vegetation/20230724_birch24_m3m/BIRC/tile_22909.png,2
arctic_vegetation/20230724_birch24_m3m/BIRC/tile_22910.png,2
arctic_vegetation/20230724_birch24_m3m/BIRC/tile_22911.png,2
arctic_vegetation/20230724_birch24_m3m/BIRC/tile_22912.png,2
arctic_vegetation/20230724_birch24_m3m/BIRC/tile_22913.png,2
arctic_vegetation/20230724_birch24_m3m/BIRC/tile_22914.png,2
arctic_vegetation/20230724_birch24_m3m/BIRC/tile_22915.png,2
arctic_vegetation/20230724_birch24_m3m/BIRC/tile_22916.png,2
arctic_vegetation/20230724_birch24_m3m/BIRC/tile_22917.png,2
arctic_vegetation/20230724_birch24_m3m/BIRC/tile_22918.png,2
arctic_vegetation/20230724_birch24_m3m/BIRC/tile_22919.png,2
arctic_vegetation/20230724_birch24_m3m/BIRC/tile_22920.png,2
arctic_vegetation/20230724_birch24_m3m/BIRC/tile_23017.png,2
arctic_vegetation/20230724_birch24_m3m/BIRC/tile_23018.png,2
arctic_vegetation/20230724_birch24_m3m/BIRC/tile_23019.png,2
arctic_vegetation/20230724_birch24_m3m/BIRC/tile_23020.png,2
arctic_vegetation/20230724_birch24_m3m/BIRC/tile_23021.png,2
arctic_vegetation/20230724_birch24_m3m/BIRC/tile_23025.png,2
arctic_vegetation/20230724_birch24_m3m/BIRC/tile_23026.png,2
arctic_vegetation/20230724_birch24_m3m/BIRC/tile_23027.png,2
arctic_vegetation/20230724_birch24_m3m/BIRC/tile_23028.png,2
arctic_vegetation/20230724_birch24_m3m/BIRC/tile_23029.png,2
arctic_vegetation/20230724_birch24_m3m/BIRC/tile_23030.png,2
arctic_vegetation/20230724_birch24_m3m/BIRC/tile_23037.png,2
arctic_vegetation/20230724_birch24_m3m/BIRC/tile_23038.png,2
arctic_vegetation/20230724_birch24_m3m/BIRC/tile_23039.png,2
arctic_vegetation/20230724_birch24_m3m/BIRC/tile_23040.png,2
arctic_vegetation/20230724_birch24_m3m/BIRC/tile_23041.png,2
arctic_vegetation/20230724_birch24_m3m/BIRC/tile_23042.png,2
arctic_vegetation/20230724_birch24_m3m/BIRC/tile_23043.png,2
arctic_vegetation/20230724_birch24_m3m/BIRC/tile_23044.png,2
arctic_vegetation/20230724_birch24_m3m/BIRC/tile_23045.png,2
arctic_vegetation/20230724_birch24_m3m/BIRC/tile_23046.png,2
arctic_vegetation/20230724_birch24_m3m/BIRC/tile_23047.png,2
arctic_vegetation/20230724_birch24_m3m/BIRC/tile_23048.png,2
arctic_vegetation/20230724_birch24_m3m/BIRC/tile_23049.png,2
arctic_vegetation/20230724_birch24_m3m/BIRC/tile_23050.png,2
arctic_vegetation/20230724_birch24_m3m/BIRC/tile_23051.png,2
arctic_vegetation/20230724_birch24_m3m/BIRC/tile_23052.png,2
arctic_vegetation/20230724_birch24_m3m/BIRC/tile_23053.png,2
arctic_vegetation/20230724_birch24_m3m/BIRC/tile_23054.png,2
arctic_vegetation/20230724_birch24_m3m/BIRC/tile_23055.png,2
arctic_vegetation/20230724_birch24_m3m/BIRC/tile_23056.png,2
arctic_vegetation/20230724_birch24_m3m/BIRC/tile_23057.png,2
arctic_vegetation/20230724_birch24_m3m/BIRC/tile_23058.png,2
arctic_vegetation/20230724_birch24_m3m/BIRC/tile_23059.png,2
arctic_vegetation/20230724_birch24_m3m/BIRC/tile_23060.png,2
arctic_vegetation/20230724_birch24_m3m/BIRC/tile_23061.png,2
arctic_vegetation/20230724_birch24_m3m/BIRC/tile_23062.png,2
arctic_vegetation/20230724_birch24_m3m/BIRC/tile_23063.png,2
arctic_vegetation/20230724_birch24_m3m/BIRC/tile_23064.png,2
arctic_vegetation/20230724_birch24_m3m/BIRC/tile_23065.png,2
arctic_vegetation/20230724_birch24_m3m/BIRC/tile_23066.png,2
arctic_vegetation/20230724_birch24_m3m/BIRC/tile_23067.png,2
arctic_vegetation/20230724_birch24_m3m/BIRC/tile_23068.png,2
arctic_vegetation/20230724_birch24_m3m/LICH/tile_23069.png,4
arctic_vegetation/20230724_birch24_m3m/BIRC/tile_23070.png,2
arctic_vegetation/20230724_birch24_m3m/BIRC/tile_23071.png,2
arctic_vegetation/20230724_birch24_m3m/BIRC/tile_23072.png,2
arctic_vegetation/20230724_birch24_m3m/BIRC/tile_23073.png,2
arctic_vegetation/20230724_birch24_m3m/BIRC/tile_23074.png,2
arctic_vegetation/20230724_birch24_m3m/BIRC/tile_23075.png,2
arctic_vegetation/20230724_birch24_m3m/BIRC/tile_23076.png,2
arctic_vegetation/20230724_birch24_m3m/BIRC/tile_23077.png,2
arctic_vegetation/20230724_birch24_m3m/BIRC/tile_23078.png,2
arctic_vegetation/20230724_birch24_m3m/BIRC/tile_23079.png,2
arctic_vegetation/20230724_birch24_m3m/BIRC/tile_23080.png,2
arctic_vegetation/20230724_birch24_m3m/BIRC/tile_23081.png,2
arctic_vegetation/20230724_birch24_m3m/BIRC/tile_23082.png,2
arctic_vegetation/20230724_birch24_m3m/BIRC/tile_23083.png,2
arctic_vegetation/20230724_birch24_m3m/BIRC/tile_23084.png,2
arctic_vegetation/20230724_birch24_m3m/BIRC/tile_23085.png,2
arctic_vegetation/20230724_birch24_m3m/BIRC/tile_23086.png,2
arctic_vegetation/20230724_birch24_m3m/BIRC/tile_23087.png,2
arctic_vegetation/20230724_birch24_m3m/BIRC/tile_23088.png,2
arctic_vegetation/20230724_birch24_m3m/BIRC/tile_23089.png,2
arctic_vegetation/20230724_birch24_m3m/BIRC/tile_23090.png,2
arctic_vegetation/20230724_birch24_m3m/BIRC/tile_23091.png,2
arctic_vegetation/20230724_birch24_m3m/BIRC/tile_23092.png,2
arctic_vegetation/20230724_birch24_m3m/BIRC/tile_23093.png,2
arctic_vegetation/20230724_birch24_m3m/BIRC/tile_23094.png,2
arctic_vegetation/20230724_birch24_m3m/BIRC/tile_23095.png,2
arctic_vegetation/20230724_birch24_m3m/BIRC/tile_23096.png,2
arctic_vegetation/20230724_birch24_m3m/BIRC/tile_23097.png,2
arctic_vegetation/20230724_birch24_m3m/BIRC/tile_23098.png,2
arctic_vegetation/20230724_birch24_m3m/BIRC/tile_23099.png,2
arctic_vegetation/20230724_birch24_m3m/BIRC/tile_23100.png,2
arctic_vegetation/20230724_birch24_m3m/BIRC/tile_23101.png,2
arctic_vegetation/20230724_birch24_m3m/BIRC/tile_23102.png,2
arctic_vegetation/20230724_birch24_m3m/BIRC/tile_23103.png,2
arctic_vegetation/20230724_birch24_m3m/BIRC/tile_23104.png,2
arctic_vegetation/20230724_birch24_m3m/BIRC/tile_23105.png,2
arctic_vegetation/20230724_birch24_m3m/BIRC/tile_23106.png,2
arctic_vegetation/20230724_birch24_m3m/BIRC/tile_23107.png,2
arctic_vegetation/20230724_birch24_m3m/BIRC/tile_23108.png,2
arctic_vegetation/20230724_birch24_m3m/BIRC/tile_23109.png,2
arctic_vegetation/20230724_birch24_m3m/BIRC/tile_23110.png,2
arctic_vegetation/20230724_birch24_m3m/BIRC/tile_23111.png,2
arctic_vegetation/20230724_birch24_m3m/BIRC/tile_23112.png,2
arctic_vegetation/20230724_birch24_m3m/BIRC/tile_23113.png,2
arctic_vegetation/20230724_birch24_m3m/BIRC/tile_23114.png,2
arctic_vegetation/20230724_birch24_m3m/BIRC/tile_23115.png,2
arctic_vegetation/20230724_birch24_m3m/BIRC/tile_23116.png,2
arctic_vegetation/20230724_birch24_m3m/BIRC/tile_23117.png,2
arctic_vegetation/20230724_birch24_m3m/BIRC/tile_23118.png,2
arctic_vegetation/20230724_birch24_m3m/BIRC/tile_23119.png,2
arctic_vegetation/20230724_birch24_m3m/BIRC/tile_23120.png,2
arctic_vegetation/20230724_birch24_m3m/BIRC/tile_23121.png,2
arctic_vegetation/20230724_birch24_m3m/BIRC/tile_23122.png,2
arctic_vegetation/20230724_birch24_m3m/BIRC/tile_23123.png,2
arctic_vegetation/20230724_birch24_m3m/BIRC/tile_23124.png,2
arctic_vegetation/20230724_birch24_m3m/BIRC/tile_23125.png,2
arctic_vegetation/20230724_birch24_m3m/BIRC/tile_23126.png,2
arctic_vegetation/20230724_birch24_m3m/BIRC/tile_23127.png,2
arctic_vegetation/20230724_birch24_m3m/BIRC/tile_23128.png,2
arctic_vegetation/20230724_birch24_m3m/BIRC/tile_23129.png,2
arctic_vegetation/20230724_birch24_m3m/BIRC/tile_23130.png,2
arctic_vegetation/20230724_birch24_m3m/BIRC/tile_23131.png,2
arctic_vegetation/20230724_birch24_m3m/BIRC/tile_23132.png,2
arctic_vegetation/20230724_birch24_m3m/PETF/tile_23133.png,6
arctic_vegetation/20230724_birch24_m3m/BIRC/tile_23230.png,2
arctic_vegetation/20230724_birch24_m3m/BIRC/tile_23231.png,2
arctic_vegetation/20230724_birch24_m3m/BIRC/tile_23232.png,2
arctic_vegetation/20230724_birch24_m3m/BIRC/tile_23233.png,2
arctic_vegetation/20230724_birch24_m3m/BIRC/tile_23234.png,2
arctic_vegetation/20230724_birch24_m3m/BIRC/tile_23238.png,2
arctic_vegetation/20230724_birch24_m3m/BIRC/tile_23239.png,2
arctic_vegetation/20230724_birch24_m3m/BIRC/tile_23240.png,2
arctic_vegetation/20230724_birch24_m3m/BIRC/tile_23241.png,2
arctic_vegetation/20230724_birch24_m3m/BIRC/tile_23242.png,2
arctic_vegetation/20230724_birch24_m3m/BIRC/tile_23243.png,2
arctic_vegetation/20230724_birch24_m3m/BIRC/tile_23244.png,2
arctic_vegetation/20230724_birch24_m3m/BIRC/tile_23245.png,2
arctic_vegetation/20230724_birch24_m3m/BIRC/tile_23246.png,2
arctic_vegetation/20230724_birch24_m3m/BIRC/tile_23250.png,2
arctic_vegetation/20230724_birch24_m3m/BIRC/tile_23251.png,2
arctic_vegetation/20230724_birch24_m3m/BIRC/tile_23252.png,2
arctic_vegetation/20230724_birch24_m3m/BIRC/tile_23253.png,2
arctic_vegetation/20230724_birch24_m3m/BIRC/tile_23254.png,2
arctic_vegetation/20230724_birch24_m3m/BIRC/tile_23255.png,2
arctic_vegetation/20230724_birch24_m3m/BIRC/tile_23256.png,2
arctic_vegetation/20230724_birch24_m3m/BIRC/tile_23257.png,2
arctic_vegetation/20230724_birch24_m3m/BIRC/tile_23258.png,2
arctic_vegetation/20230724_birch24_m3m/BIRC/tile_23259.png,2
arctic_vegetation/20230724_birch24_m3m/BIRC/tile_23260.png,2
arctic_vegetation/20230724_birch24_m3m/BIRC/tile_23261.png,2
arctic_vegetation/20230724_birch24_m3m/BIRC/tile_23262.png,2
arctic_vegetation/20230724_birch24_m3m/BIRC/tile_23263.png,2
arctic_vegetation/20230724_birch24_m3m/BIRC/tile_23264.png,2
arctic_vegetation/20230724_birch24_m3m/BIRC/tile_23265.png,2
arctic_vegetation/20230724_birch24_m3m/BIRC/tile_23266.png,2
arctic_vegetation/20230724_birch24_m3m/BIRC/tile_23267.png,2
arctic_vegetation/20230724_birch24_m3m/BIRC/tile_23268.png,2
arctic_vegetation/20230724_birch24_m3m/BIRC/tile_23269.png,2
arctic_vegetation/20230724_birch24_m3m/BIRC/tile_23270.png,2
arctic_vegetation/20230724_birch24_m3m/BIRC/tile_23271.png,2
arctic_vegetation/20230724_birch24_m3m/BIRC/tile_23272.png,2
arctic_vegetation/20230724_birch24_m3m/BIRC/tile_23273.png,2
arctic_vegetation/20230724_birch24_m3m/BIRC/tile_23274.png,2
arctic_vegetation/20230724_birch24_m3m/BIRC/tile_23275.png,2
arctic_vegetation/20230724_birch24_m3m/BIRC/tile_23276.png,2
arctic_vegetation/20230724_birch24_m3m/BIRC/tile_23277.png,2
arctic_vegetation/20230724_birch24_m3m/BIRC/tile_23278.png,2
arctic_vegetation/20230724_birch24_m3m/BIRC/tile_23279.png,2
arctic_vegetation/20230724_birch24_m3m/BIRC/tile_23280.png,2
arctic_vegetation/20230724_birch24_m3m/BIRC/tile_23281.png,2
arctic_vegetation/20230724_birch24_m3m/LICH/tile_23282.png,4
arctic_vegetation/20230724_birch24_m3m/BIRC/tile_23283.png,2
arctic_vegetation/20230724_birch24_m3m/BIRC/tile_23284.png,2
arctic_vegetation/20230724_birch24_m3m/BIRC/tile_23285.png,2
arctic_vegetation/20230724_birch24_m3m/BIRC/tile_23286.png,2
arctic_vegetation/20230724_birch24_m3m/BIRC/tile_23287.png,2
arctic_vegetation/20230724_birch24_m3m/BIRC/tile_23288.png,2
arctic_vegetation/20230724_birch24_m3m/BIRC/tile_23289.png,2
arctic_vegetation/20230724_birch24_m3m/BIRC/tile_23290.png,2
arctic_vegetation/20230724_birch24_m3m/BIRC/tile_23291.png,2
arctic_vegetation/20230724_birch24_m3m/BIRC/tile_23292.png,2
arctic_vegetation/20230724_birch24_m3m/BIRC/tile_23293.png,2
arctic_vegetation/20230724_birch24_m3m/BIRC/tile_23294.png,2
arctic_vegetation/20230724_birch24_m3m/BIRC/tile_23295.png,2
arctic_vegetation/20230724_birch24_m3m/BIRC/tile_23296.png,2
arctic_vegetation/20230724_birch24_m3m/BIRC/tile_23297.png,2
arctic_vegetation/20230724_birch24_m3m/BIRC/tile_23298.png,2
arctic_vegetation/20230724_birch24_m3m/BIRC/tile_23299.png,2
arctic_vegetation/20230724_birch24_m3m/BIRC/tile_23300.png,2
arctic_vegetation/20230724_birch24_m3m/PETF/tile_23301.png,6
arctic_vegetation/20230724_birch24_m3m/PETF/tile_23302.png,6
arctic_vegetation/20230724_birch24_m3m/PETF/tile_23303.png,6
arctic_vegetation/20230724_birch24_m3m/BIRC/tile_23304.png,2
arctic_vegetation/20230724_birch24_m3m/BIRC/tile_23305.png,2
arctic_vegetation/20230724_birch24_m3m/BIRC/tile_23306.png,2
arctic_vegetation/20230724_birch24_m3m/BIRC/tile_23307.png,2
arctic_vegetation/20230724_birch24_m3m/BIRC/tile_23308.png,2
arctic_vegetation/20230724_birch24_m3m/BIRC/tile_23309.png,2
arctic_vegetation/20230724_birch24_m3m/BIRC/tile_23310.png,2
arctic_vegetation/20230724_birch24_m3m/BIRC/tile_23311.png,2
arctic_vegetation/20230724_birch24_m3m/BIRC/tile_23312.png,2
arctic_vegetation/20230724_birch24_m3m/BIRC/tile_23313.png,2
arctic_vegetation/20230724_birch24_m3m/BIRC/tile_23314.png,2
arctic_vegetation/20230724_birch24_m3m/BIRC/tile_23315.png,2
arctic_vegetation/20230724_birch24_m3m/BIRC/tile_23316.png,2
arctic_vegetation/20230724_birch24_m3m/BIRC/tile_23317.png,2
arctic_vegetation/20230724_birch24_m3m/BIRC/tile_23318.png,2
arctic_vegetation/20230724_birch24_m3m/BIRC/tile_23319.png,2
arctic_vegetation/20230724_birch24_m3m/BIRC/tile_23320.png,2
arctic_vegetation/20230724_birch24_m3m/BIRC/tile_23321.png,2
arctic_vegetation/20230724_birch24_m3m/BIRC/tile_23322.png,2
arctic_vegetation/20230724_birch24_m3m/BIRC/tile_23323.png,2
arctic_vegetation/20230724_birch24_m3m/BIRC/tile_23324.png,2
arctic_vegetation/20230724_birch24_m3m/BIRC/tile_23325.png,2
arctic_vegetation/20230724_birch24_m3m/BIRC/tile_23326.png,2
arctic_vegetation/20230724_birch24_m3m/BIRC/tile_23327.png,2
arctic_vegetation/20230724_birch24_m3m/BIRC/tile_23328.png,2
arctic_vegetation/20230724_birch24_m3m/BIRC/tile_23329.png,2
arctic_vegetation/20230724_birch24_m3m/BIRC/tile_23330.png,2
arctic_vegetation/20230724_birch24_m3m/BIRC/tile_23331.png,2
arctic_vegetation/20230724_birch24_m3m/BIRC/tile_23332.png,2
arctic_vegetation/20230724_birch24_m3m/BIRC/tile_23333.png,2
arctic_vegetation/20230724_birch24_m3m/BIRC/tile_23334.png,2
arctic_vegetation/20230724_birch24_m3m/BIRC/tile_23335.png,2
arctic_vegetation/20230724_birch24_m3m/BIRC/tile_23336.png,2
arctic_vegetation/20230724_birch24_m3m/BIRC/tile_23337.png,2
arctic_vegetation/20230724_birch24_m3m/BIRC/tile_23338.png,2
arctic_vegetation/20230724_birch24_m3m/BIRC/tile_23339.png,2
arctic_vegetation/20230724_birch24_m3m/BIRC/tile_23340.png,2
arctic_vegetation/20230724_birch24_m3m/BIRC/tile_23341.png,2
arctic_vegetation/20230724_birch24_m3m/BIRC/tile_23342.png,2
arctic_vegetation/20230724_birch24_m3m/BIRC/tile_23343.png,2
arctic_vegetation/20230724_birch24_m3m/BIRC/tile_23344.png,2
arctic_vegetation/20230724_birch24_m3m/BIRC/tile_23345.png,2
arctic_vegetation/20230724_birch24_m3m/BIRC/tile_23346.png,2
arctic_vegetation/20230724_birch24_m3m/BIRC/tile_23443.png,2
arctic_vegetation/20230724_birch24_m3m/BIRC/tile_23444.png,2
arctic_vegetation/20230724_birch24_m3m/BIRC/tile_23445.png,2
arctic_vegetation/20230724_birch24_m3m/BIRC/tile_23446.png,2
arctic_vegetation/20230724_birch24_m3m/BIRC/tile_23447.png,2
arctic_vegetation/20230724_birch24_m3m/BIRC/tile_23450.png,2
arctic_vegetation/20230724_birch24_m3m/BIRC/tile_23451.png,2
arctic_vegetation/20230724_birch24_m3m/BIRC/tile_23452.png,2
arctic_vegetation/20230724_birch24_m3m/BIRC/tile_23453.png,2
arctic_vegetation/20230724_birch24_m3m/BIRC/tile_23454.png,2
arctic_vegetation/20230724_birch24_m3m/BIRC/tile_23455.png,2
arctic_vegetation/20230724_birch24_m3m/BIRC/tile_23456.png,2
arctic_vegetation/20230724_birch24_m3m/BIRC/tile_23457.png,2
arctic_vegetation/20230724_birch24_m3m/BIRC/tile_23458.png,2
arctic_vegetation/20230724_birch24_m3m/BIRC/tile_23459.png,2
arctic_vegetation/20230724_birch24_m3m/BIRC/tile_23460.png,2
arctic_vegetation/20230724_birch24_m3m/BIRC/tile_23463.png,2
arctic_vegetation/20230724_birch24_m3m/BIRC/tile_23464.png,2
arctic_vegetation/20230724_birch24_m3m/BIRC/tile_23465.png,2
arctic_vegetation/20230724_birch24_m3m/BIRC/tile_23466.png,2
arctic_vegetation/20230724_birch24_m3m/BIRC/tile_23467.png,2
arctic_vegetation/20230724_birch24_m3m/BIRC/tile_23468.png,2
arctic_vegetation/20230724_birch24_m3m/BIRC/tile_23469.png,2
arctic_vegetation/20230724_birch24_m3m/BIRC/tile_23470.png,2
arctic_vegetation/20230724_birch24_m3m/BIRC/tile_23471.png,2
arctic_vegetation/20230724_birch24_m3m/BIRC/tile_23472.png,2
arctic_vegetation/20230724_birch24_m3m/BIRC/tile_23473.png,2
arctic_vegetation/20230724_birch24_m3m/BIRC/tile_23474.png,2
arctic_vegetation/20230724_birch24_m3m/BIRC/tile_23475.png,2
arctic_vegetation/20230724_birch24_m3m/BIRC/tile_23476.png,2
arctic_vegetation/20230724_birch24_m3m/BIRC/tile_23477.png,2
arctic_vegetation/20230724_birch24_m3m/BIRC/tile_23478.png,2
arctic_vegetation/20230724_birch24_m3m/BIRC/tile_23479.png,2
arctic_vegetation/20230724_birch24_m3m/BIRC/tile_23480.png,2
arctic_vegetation/20230724_birch24_m3m/BIRC/tile_23481.png,2
arctic_vegetation/20230724_birch24_m3m/BIRC/tile_23482.png,2
arctic_vegetation/20230724_birch24_m3m/BIRC/tile_23483.png,2
arctic_vegetation/20230724_birch24_m3m/BIRC/tile_23484.png,2
arctic_vegetation/20230724_birch24_m3m/BIRC/tile_23485.png,2
arctic_vegetation/20230724_birch24_m3m/BIRC/tile_23486.png,2
arctic_vegetation/20230724_birch24_m3m/BIRC/tile_23487.png,2
arctic_vegetation/20230724_birch24_m3m/BIRC/tile_23488.png,2
arctic_vegetation/20230724_birch24_m3m/BIRC/tile_23489.png,2
arctic_vegetation/20230724_birch24_m3m/BIRC/tile_23490.png,2
arctic_vegetation/20230724_birch24_m3m/BIRC/tile_23491.png,2
arctic_vegetation/20230724_birch24_m3m/BIRC/tile_23492.png,2
arctic_vegetation/20230724_birch24_m3m/BIRC/tile_23493.png,2
arctic_vegetation/20230724_birch24_m3m/BIRC/tile_23494.png,2
arctic_vegetation/20230724_birch24_m3m/BIRC/tile_23495.png,2
arctic_vegetation/20230724_birch24_m3m/BIRC/tile_23496.png,2
arctic_vegetation/20230724_birch24_m3m/BIRC/tile_23497.png,2
arctic_vegetation/20230724_birch24_m3m/BIRC/tile_23498.png,2
arctic_vegetation/20230724_birch24_m3m/BIRC/tile_23499.png,2
arctic_vegetation/20230724_birch24_m3m/BIRC/tile_23500.png,2
arctic_vegetation/20230724_birch24_m3m/BIRC/tile_23501.png,2
arctic_vegetation/20230724_birch24_m3m/BIRC/tile_23502.png,2
arctic_vegetation/20230724_birch24_m3m/BIRC/tile_23503.png,2
arctic_vegetation/20230724_birch24_m3m/BIRC/tile_23504.png,2
arctic_vegetation/20230724_birch24_m3m/BIRC/tile_23505.png,2
arctic_vegetation/20230724_birch24_m3m/BIRC/tile_23506.png,2
arctic_vegetation/20230724_birch24_m3m/BIRC/tile_23507.png,2
arctic_vegetation/20230724_birch24_m3m/BIRC/tile_23508.png,2
arctic_vegetation/20230724_birch24_m3m/BIRC/tile_23509.png,2
arctic_vegetation/20230724_birch24_m3m/BIRC/tile_23510.png,2
arctic_vegetation/20230724_birch24_m3m/BIRC/tile_23511.png,2
arctic_vegetation/20230724_birch24_m3m/BIRC/tile_23512.png,2
arctic_vegetation/20230724_birch24_m3m/BIRC/tile_23513.png,2
arctic_vegetation/20230724_birch24_m3m/BIRC/tile_23514.png,2
arctic_vegetation/20230724_birch24_m3m/PETF/tile_23515.png,6
arctic_vegetation/20230724_birch24_m3m/PETF/tile_23516.png,6
arctic_vegetation/20230724_birch24_m3m/BIRC/tile_23517.png,2
arctic_vegetation/20230724_birch24_m3m/BIRC/tile_23518.png,2
arctic_vegetation/20230724_birch24_m3m/BIRC/tile_23519.png,2
arctic_vegetation/20230724_birch24_m3m/BIRC/tile_23520.png,2
arctic_vegetation/20230724_birch24_m3m/BIRC/tile_23521.png,2
arctic_vegetation/20230724_birch24_m3m/BIRC/tile_23522.png,2
arctic_vegetation/20230724_birch24_m3m/BIRC/tile_23523.png,2
arctic_vegetation/20230724_birch24_m3m/BIRC/tile_23524.png,2
arctic_vegetation/20230724_birch24_m3m/BIRC/tile_23525.png,2
arctic_vegetation/20230724_birch24_m3m/BIRC/tile_23526.png,2
arctic_vegetation/20230724_birch24_m3m/BIRC/tile_23527.png,2
arctic_vegetation/20230724_birch24_m3m/BIRC/tile_23528.png,2
arctic_vegetation/20230724_birch24_m3m/BIRC/tile_23529.png,2
arctic_vegetation/20230724_birch24_m3m/BIRC/tile_23530.png,2
arctic_vegetation/20230724_birch24_m3m/BIRC/tile_23531.png,2
arctic_vegetation/20230724_birch24_m3m/BIRC/tile_23532.png,2
arctic_vegetation/20230724_birch24_m3m/BIRC/tile_23533.png,2
arctic_vegetation/20230724_birch24_m3m/BIRC/tile_23534.png,2
arctic_vegetation/20230724_birch24_m3m/BIRC/tile_23535.png,2
arctic_vegetation/20230724_birch24_m3m/BIRC/tile_23536.png,2
arctic_vegetation/20230724_birch24_m3m/BIRC/tile_23537.png,2
arctic_vegetation/20230724_birch24_m3m/BIRC/tile_23538.png,2
arctic_vegetation/20230724_birch24_m3m/BIRC/tile_23539.png,2
arctic_vegetation/20230724_birch24_m3m/BIRC/tile_23540.png,2
arctic_vegetation/20230724_birch24_m3m/BIRC/tile_23541.png,2
arctic_vegetation/20230724_birch24_m3m/BIRC/tile_23542.png,2
arctic_vegetation/20230724_birch24_m3m/BIRC/tile_23543.png,2
arctic_vegetation/20230724_birch24_m3m/BIRC/tile_23544.png,2
arctic_vegetation/20230724_birch24_m3m/BIRC/tile_23545.png,2
arctic_vegetation/20230724_birch24_m3m/BIRC/tile_23546.png,2
arctic_vegetation/20230724_birch24_m3m/BIRC/tile_23547.png,2
arctic_vegetation/20230724_birch24_m3m/BIRC/tile_23548.png,2
arctic_vegetation/20230724_birch24_m3m/BIRC/tile_23549.png,2
arctic_vegetation/20230724_birch24_m3m/BIRC/tile_23550.png,2
arctic_vegetation/20230724_birch24_m3m/BIRC/tile_23551.png,2
arctic_vegetation/20230724_birch24_m3m/BIRC/tile_23552.png,2
arctic_vegetation/20230724_birch24_m3m/BIRC/tile_23553.png,2
arctic_vegetation/20230724_birch24_m3m/PETF/tile_23554.png,6
arctic_vegetation/20230724_birch24_m3m/BIRC/tile_23555.png,2
arctic_vegetation/20230724_birch24_m3m/BIRC/tile_23556.png,2
arctic_vegetation/20230724_birch24_m3m/BIRC/tile_23557.png,2
arctic_vegetation/20230724_birch24_m3m/BIRC/tile_23558.png,2
arctic_vegetation/20230724_birch24_m3m/BIRC/tile_23559.png,2
arctic_vegetation/20230724_birch24_m3m/BIRC/tile_23656.png,2
arctic_vegetation/20230724_birch24_m3m/BIRC/tile_23657.png,2
arctic_vegetation/20230724_birch24_m3m/BIRC/tile_23658.png,2
arctic_vegetation/20230724_birch24_m3m/BIRC/tile_23659.png,2
arctic_vegetation/20230724_birch24_m3m/BIRC/tile_23660.png,2
arctic_vegetation/20230724_birch24_m3m/BIRC/tile_23661.png,2
arctic_vegetation/20230724_birch24_m3m/BIRC/tile_23662.png,2
arctic_vegetation/20230724_birch24_m3m/BIRC/tile_23663.png,2
arctic_vegetation/20230724_birch24_m3m/BIRC/tile_23664.png,2
arctic_vegetation/20230724_birch24_m3m/BIRC/tile_23665.png,2
arctic_vegetation/20230724_birch24_m3m/BIRC/tile_23666.png,2
arctic_vegetation/20230724_birch24_m3m/BIRC/tile_23667.png,2
arctic_vegetation/20230724_birch24_m3m/BIRC/tile_23668.png,2
arctic_vegetation/20230724_birch24_m3m/BIRC/tile_23669.png,2
arctic_vegetation/20230724_birch24_m3m/BIRC/tile_23670.png,2
arctic_vegetation/20230724_birch24_m3m/BIRC/tile_23671.png,2
arctic_vegetation/20230724_birch24_m3m/BIRC/tile_23672.png,2
arctic_vegetation/20230724_birch24_m3m/BIRC/tile_23673.png,2
arctic_vegetation/20230724_birch24_m3m/BIRC/tile_23676.png,2
arctic_vegetation/20230724_birch24_m3m/BIRC/tile_23677.png,2
arctic_vegetation/20230724_birch24_m3m/BIRC/tile_23678.png,2
arctic_vegetation/20230724_birch24_m3m/BIRC/tile_23679.png,2
arctic_vegetation/20230724_birch24_m3m/BIRC/tile_23680.png,2
arctic_vegetation/20230724_birch24_m3m/BIRC/tile_23681.png,2
arctic_vegetation/20230724_birch24_m3m/BIRC/tile_23682.png,2
arctic_vegetation/20230724_birch24_m3m/BIRC/tile_23683.png,2
arctic_vegetation/20230724_birch24_m3m/BIRC/tile_23684.png,2
arctic_vegetation/20230724_birch24_m3m/BIRC/tile_23685.png,2
arctic_vegetation/20230724_birch24_m3m/BIRC/tile_23686.png,2
arctic_vegetation/20230724_birch24_m3m/BIRC/tile_23687.png,2
arctic_vegetation/20230724_birch24_m3m/BIRC/tile_23688.png,2
arctic_vegetation/20230724_birch24_m3m/BIRC/tile_23689.png,2
arctic_vegetation/20230724_birch24_m3m/BIRC/tile_23690.png,2
arctic_vegetation/20230724_birch24_m3m/BIRC/tile_23691.png,2
arctic_vegetation/20230724_birch24_m3m/BIRC/tile_23692.png,2
arctic_vegetation/20230724_birch24_m3m/BIRC/tile_23693.png,2
arctic_vegetation/20230724_birch24_m3m/BIRC/tile_23694.png,2
arctic_vegetation/20230724_birch24_m3m/BIRC/tile_23695.png,2
arctic_vegetation/20230724_birch24_m3m/BIRC/tile_23696.png,2
arctic_vegetation/20230724_birch24_m3m/BIRC/tile_23697.png,2
arctic_vegetation/20230724_birch24_m3m/BIRC/tile_23698.png,2
arctic_vegetation/20230724_birch24_m3m/BIRC/tile_23699.png,2
arctic_vegetation/20230724_birch24_m3m/BIRC/tile_23700.png,2
arctic_vegetation/20230724_birch24_m3m/BIRC/tile_23701.png,2
arctic_vegetation/20230724_birch24_m3m/BIRC/tile_23702.png,2
arctic_vegetation/20230724_birch24_m3m/BIRC/tile_23703.png,2
arctic_vegetation/20230724_birch24_m3m/BIRC/tile_23704.png,2
arctic_vegetation/20230724_birch24_m3m/BIRC/tile_23705.png,2
arctic_vegetation/20230724_birch24_m3m/BIRC/tile_23706.png,2
arctic_vegetation/20230724_birch24_m3m/BIRC/tile_23707.png,2
arctic_vegetation/20230724_birch24_m3m/BIRC/tile_23708.png,2
arctic_vegetation/20230724_birch24_m3m/BIRC/tile_23709.png,2
arctic_vegetation/20230724_birch24_m3m/BIRC/tile_23710.png,2
arctic_vegetation/20230724_birch24_m3m/BIRC/tile_23711.png,2
arctic_vegetation/20230724_birch24_m3m/BIRC/tile_23712.png,2
arctic_vegetation/20230724_birch24_m3m/BIRC/tile_23713.png,2
arctic_vegetation/20230724_birch24_m3m/BIRC/tile_23714.png,2
arctic_vegetation/20230724_birch24_m3m/BIRC/tile_23715.png,2
arctic_vegetation/20230724_birch24_m3m/BIRC/tile_23716.png,2
arctic_vegetation/20230724_birch24_m3m/BIRC/tile_23717.png,2
arctic_vegetation/20230724_birch24_m3m/BIRC/tile_23718.png,2
arctic_vegetation/20230724_birch24_m3m/BIRC/tile_23719.png,2
arctic_vegetation/20230724_birch24_m3m/BIRC/tile_23720.png,2
arctic_vegetation/20230724_birch24_m3m/BIRC/tile_23721.png,2
arctic_vegetation/20230724_birch24_m3m/BIRC/tile_23722.png,2
arctic_vegetation/20230724_birch24_m3m/BIRC/tile_23723.png,2
arctic_vegetation/20230724_birch24_m3m/BIRC/tile_23724.png,2
arctic_vegetation/20230724_birch24_m3m/BIRC/tile_23725.png,2
arctic_vegetation/20230724_birch24_m3m/BIRC/tile_23726.png,2
arctic_vegetation/20230724_birch24_m3m/BIRC/tile_23727.png,2
arctic_vegetation/20230724_birch24_m3m/SEDG/tile_23728.png,9
arctic_vegetation/20230724_birch24_m3m/PETF/tile_23729.png,6
arctic_vegetation/20230724_birch24_m3m/BIRC/tile_23730.png,2
arctic_vegetation/20230724_birch24_m3m/BIRC/tile_23731.png,2
arctic_vegetation/20230724_birch24_m3m/BIRC/tile_23732.png,2
arctic_vegetation/20230724_birch24_m3m/BIRC/tile_23733.png,2
arctic_vegetation/20230724_birch24_m3m/BIRC/tile_23734.png,2
arctic_vegetation/20230724_birch24_m3m/BIRC/tile_23735.png,2
arctic_vegetation/20230724_birch24_m3m/BIRC/tile_23736.png,2
arctic_vegetation/20230724_birch24_m3m/BIRC/tile_23737.png,2
arctic_vegetation/20230724_birch24_m3m/BIRC/tile_23738.png,2
arctic_vegetation/20230724_birch24_m3m/PETF/tile_23741.png,6
arctic_vegetation/20230724_birch24_m3m/PETF/tile_23742.png,6
arctic_vegetation/20230724_birch24_m3m/BIRC/tile_23743.png,2
arctic_vegetation/20230724_birch24_m3m/BIRC/tile_23744.png,2
arctic_vegetation/20230724_birch24_m3m/BIRC/tile_23745.png,2
arctic_vegetation/20230724_birch24_m3m/BIRC/tile_23746.png,2
arctic_vegetation/20230724_birch24_m3m/BIRC/tile_23747.png,2
arctic_vegetation/20230724_birch24_m3m/BIRC/tile_23748.png,2
arctic_vegetation/20230724_birch24_m3m/BIRC/tile_23749.png,2
arctic_vegetation/20230724_birch24_m3m/BIRC/tile_23750.png,2
arctic_vegetation/20230724_birch24_m3m/BIRC/tile_23751.png,2
arctic_vegetation/20230724_birch24_m3m/BIRC/tile_23752.png,2
arctic_vegetation/20230724_birch24_m3m/BIRC/tile_23753.png,2
arctic_vegetation/20230724_birch24_m3m/BIRC/tile_23754.png,2
arctic_vegetation/20230724_birch24_m3m/BIRC/tile_23755.png,2
arctic_vegetation/20230724_birch24_m3m/BIRC/tile_23756.png,2
arctic_vegetation/20230724_birch24_m3m/SEDG/tile_23758.png,9
arctic_vegetation/20230724_birch24_m3m/SEDG/tile_23759.png,9
arctic_vegetation/20230724_birch24_m3m/BIRC/tile_23760.png,2
arctic_vegetation/20230724_birch24_m3m/BIRC/tile_23761.png,2
arctic_vegetation/20230724_birch24_m3m/BIRC/tile_23762.png,2
arctic_vegetation/20230724_birch24_m3m/BIRC/tile_23763.png,2
arctic_vegetation/20230724_birch24_m3m/BIRC/tile_23764.png,2
arctic_vegetation/20230724_birch24_m3m/BIRC/tile_23765.png,2
arctic_vegetation/20230724_birch24_m3m/BIRC/tile_23766.png,2
arctic_vegetation/20230724_birch24_m3m/BIRC/tile_23767.png,2
arctic_vegetation/20230724_birch24_m3m/BIRC/tile_23768.png,2
arctic_vegetation/20230724_birch24_m3m/BIRC/tile_23769.png,2
arctic_vegetation/20230724_birch24_m3m/BIRC/tile_23770.png,2
arctic_vegetation/20230724_birch24_m3m/BIRC/tile_23771.png,2
arctic_vegetation/20230724_birch24_m3m/BIRC/tile_23772.png,2
arctic_vegetation/20230724_birch24_m3m/BIRC/tile_23869.png,2
arctic_vegetation/20230724_birch24_m3m/BIRC/tile_23870.png,2
arctic_vegetation/20230724_birch24_m3m/BIRC/tile_23871.png,2
arctic_vegetation/20230724_birch24_m3m/BIRC/tile_23872.png,2
arctic_vegetation/20230724_birch24_m3m/BIRC/tile_23873.png,2
arctic_vegetation/20230724_birch24_m3m/BIRC/tile_23874.png,2
arctic_vegetation/20230724_birch24_m3m/BIRC/tile_23875.png,2
arctic_vegetation/20230724_birch24_m3m/BIRC/tile_23876.png,2
arctic_vegetation/20230724_birch24_m3m/BIRC/tile_23877.png,2
arctic_vegetation/20230724_birch24_m3m/BIRC/tile_23878.png,2
arctic_vegetation/20230724_birch24_m3m/BIRC/tile_23879.png,2
arctic_vegetation/20230724_birch24_m3m/BIRC/tile_23880.png,2
arctic_vegetation/20230724_birch24_m3m/BIRC/tile_23881.png,2
arctic_vegetation/20230724_birch24_m3m/BIRC/tile_23882.png,2
arctic_vegetation/20230724_birch24_m3m/BIRC/tile_23883.png,2
arctic_vegetation/20230724_birch24_m3m/BIRC/tile_23884.png,2
arctic_vegetation/20230724_birch24_m3m/BIRC/tile_23885.png,2
arctic_vegetation/20230724_birch24_m3m/BIRC/tile_23886.png,2
arctic_vegetation/20230724_birch24_m3m/BIRC/tile_23889.png,2
arctic_vegetation/20230724_birch24_m3m/BIRC/tile_23890.png,2
arctic_vegetation/20230724_birch24_m3m/BIRC/tile_23891.png,2
arctic_vegetation/20230724_birch24_m3m/BIRC/tile_23892.png,2
arctic_vegetation/20230724_birch24_m3m/BIRC/tile_23893.png,2
arctic_vegetation/20230724_birch24_m3m/BIRC/tile_23894.png,2
arctic_vegetation/20230724_birch24_m3m/BIRC/tile_23895.png,2
arctic_vegetation/20230724_birch24_m3m/BIRC/tile_23896.png,2
arctic_vegetation/20230724_birch24_m3m/BIRC/tile_23897.png,2
arctic_vegetation/20230724_birch24_m3m/BIRC/tile_23898.png,2
arctic_vegetation/20230724_birch24_m3m/BIRC/tile_23899.png,2
arctic_vegetation/20230724_birch24_m3m/BIRC/tile_23900.png,2
arctic_vegetation/20230724_birch24_m3m/BIRC/tile_23901.png,2
arctic_vegetation/20230724_birch24_m3m/BIRC/tile_23902.png,2
arctic_vegetation/20230724_birch24_m3m/BIRC/tile_23903.png,2
arctic_vegetation/20230724_birch24_m3m/BIRC/tile_23904.png,2
arctic_vegetation/20230724_birch24_m3m/BIRC/tile_23905.png,2
arctic_vegetation/20230724_birch24_m3m/BIRC/tile_23906.png,2
arctic_vegetation/20230724_birch24_m3m/BIRC/tile_23907.png,2
arctic_vegetation/20230724_birch24_m3m/BIRC/tile_23908.png,2
arctic_vegetation/20230724_birch24_m3m/BIRC/tile_23909.png,2
arctic_vegetation/20230724_birch24_m3m/BIRC/tile_23910.png,2
arctic_vegetation/20230724_birch24_m3m/BIRC/tile_23911.png,2
arctic_vegetation/20230724_birch24_m3m/BIRC/tile_23912.png,2
arctic_vegetation/20230724_birch24_m3m/BIRC/tile_23913.png,2
arctic_vegetation/20230724_birch24_m3m/BIRC/tile_23914.png,2
arctic_vegetation/20230724_birch24_m3m/BIRC/tile_23915.png,2
arctic_vegetation/20230724_birch24_m3m/BIRC/tile_23916.png,2
arctic_vegetation/20230724_birch24_m3m/BIRC/tile_23917.png,2
arctic_vegetation/20230724_birch24_m3m/BIRC/tile_23918.png,2
arctic_vegetation/20230724_birch24_m3m/BIRC/tile_23919.png,2
arctic_vegetation/20230724_birch24_m3m/BIRC/tile_23920.png,2
arctic_vegetation/20230724_birch24_m3m/BIRC/tile_23921.png,2
arctic_vegetation/20230724_birch24_m3m/BIRC/tile_23922.png,2
arctic_vegetation/20230724_birch24_m3m/BIRC/tile_23923.png,2
arctic_vegetation/20230724_birch24_m3m/BIRC/tile_23924.png,2
arctic_vegetation/20230724_birch24_m3m/BIRC/tile_23925.png,2
arctic_vegetation/20230724_birch24_m3m/LICH/tile_23926.png,4
arctic_vegetation/20230724_birch24_m3m/BIRC/tile_23927.png,2
arctic_vegetation/20230724_birch24_m3m/BIRC/tile_23928.png,2
arctic_vegetation/20230724_birch24_m3m/BIRC/tile_23929.png,2
arctic_vegetation/20230724_birch24_m3m/BIRC/tile_23930.png,2
arctic_vegetation/20230724_birch24_m3m/BIRC/tile_23931.png,2
arctic_vegetation/20230724_birch24_m3m/BIRC/tile_23932.png,2
arctic_vegetation/20230724_birch24_m3m/BIRC/tile_23933.png,2
arctic_vegetation/20230724_birch24_m3m/BIRC/tile_23934.png,2
arctic_vegetation/20230724_birch24_m3m/BIRC/tile_23935.png,2
arctic_vegetation/20230724_birch24_m3m/BIRC/tile_23936.png,2
arctic_vegetation/20230724_birch24_m3m/BIRC/tile_23937.png,2
arctic_vegetation/20230724_birch24_m3m/BIRC/tile_23938.png,2
arctic_vegetation/20230724_birch24_m3m/BIRC/tile_23939.png,2
arctic_vegetation/20230724_birch24_m3m/BIRC/tile_23940.png,2
arctic_vegetation/20230724_birch24_m3m/SEDG/tile_23941.png,9
arctic_vegetation/20230724_birch24_m3m/SEDG/tile_23942.png,9
arctic_vegetation/20230724_birch24_m3m/BIRC/tile_23943.png,2
arctic_vegetation/20230724_birch24_m3m/BIRC/tile_23944.png,2
arctic_vegetation/20230724_birch24_m3m/BIRC/tile_23945.png,2
arctic_vegetation/20230724_birch24_m3m/BIRC/tile_23946.png,2
arctic_vegetation/20230724_birch24_m3m/BIRC/tile_23947.png,2
arctic_vegetation/20230724_birch24_m3m/BIRC/tile_23948.png,2
arctic_vegetation/20230724_birch24_m3m/BIRC/tile_23949.png,2
arctic_vegetation/20230724_birch24_m3m/BIRC/tile_23950.png,2
arctic_vegetation/20230724_birch24_m3m/BIRC/tile_23951.png,2
arctic_vegetation/20230724_birch24_m3m/BIRC/tile_23952.png,2
arctic_vegetation/20230724_birch24_m3m/BIRC/tile_23953.png,2
arctic_vegetation/20230724_birch24_m3m/PETF/tile_23954.png,6
arctic_vegetation/20230724_birch24_m3m/PETF/tile_23955.png,6
arctic_vegetation/20230724_birch24_m3m/BIRC/tile_23956.png,2
arctic_vegetation/20230724_birch24_m3m/BIRC/tile_23957.png,2
arctic_vegetation/20230724_birch24_m3m/BIRC/tile_23958.png,2
arctic_vegetation/20230724_birch24_m3m/BIRC/tile_23959.png,2
arctic_vegetation/20230724_birch24_m3m/BIRC/tile_23960.png,2
arctic_vegetation/20230724_birch24_m3m/BIRC/tile_23961.png,2
arctic_vegetation/20230724_birch24_m3m/BIRC/tile_23962.png,2
arctic_vegetation/20230724_birch24_m3m/BIRC/tile_23963.png,2
arctic_vegetation/20230724_birch24_m3m/BIRC/tile_23964.png,2
arctic_vegetation/20230724_birch24_m3m/BIRC/tile_23965.png,2
arctic_vegetation/20230724_birch24_m3m/BIRC/tile_23966.png,2
arctic_vegetation/20230724_birch24_m3m/BIRC/tile_23967.png,2
arctic_vegetation/20230724_birch24_m3m/BIRC/tile_23968.png,2
arctic_vegetation/20230724_birch24_m3m/BIRC/tile_23969.png,2
arctic_vegetation/20230724_birch24_m3m/BIRC/tile_23970.png,2
arctic_vegetation/20230724_birch24_m3m/SEDG/tile_23971.png,9
arctic_vegetation/20230724_birch24_m3m/BIRC/tile_23972.png,2
arctic_vegetation/20230724_birch24_m3m/BIRC/tile_23973.png,2
arctic_vegetation/20230724_birch24_m3m/BIRC/tile_23974.png,2
arctic_vegetation/20230724_birch24_m3m/BIRC/tile_23975.png,2
arctic_vegetation/20230724_birch24_m3m/BIRC/tile_23976.png,2
arctic_vegetation/20230724_birch24_m3m/BIRC/tile_23977.png,2
arctic_vegetation/20230724_birch24_m3m/BIRC/tile_23978.png,2
arctic_vegetation/20230724_birch24_m3m/BIRC/tile_23979.png,2
arctic_vegetation/20230724_birch24_m3m/BIRC/tile_23980.png,2
arctic_vegetation/20230724_birch24_m3m/BIRC/tile_23981.png,2
arctic_vegetation/20230724_birch24_m3m/BIRC/tile_23982.png,2
arctic_vegetation/20230724_birch24_m3m/BIRC/tile_23983.png,2
arctic_vegetation/20230724_birch24_m3m/BIRC/tile_23984.png,2
arctic_vegetation/20230724_birch24_m3m/BIRC/tile_23985.png,2
arctic_vegetation/20230724_birch24_m3m/BIRC/tile_24080.png,2
arctic_vegetation/20230724_birch24_m3m/BIRC/tile_24081.png,2
arctic_vegetation/20230724_birch24_m3m/BIRC/tile_24082.png,2
arctic_vegetation/20230724_birch24_m3m/BIRC/tile_24083.png,2
arctic_vegetation/20230724_birch24_m3m/BIRC/tile_24084.png,2
arctic_vegetation/20230724_birch24_m3m/BIRC/tile_24085.png,2
arctic_vegetation/20230724_birch24_m3m/BIRC/tile_24086.png,2
arctic_vegetation/20230724_birch24_m3m/BIRC/tile_24088.png,2
arctic_vegetation/20230724_birch24_m3m/BIRC/tile_24089.png,2
arctic_vegetation/20230724_birch24_m3m/BIRC/tile_24090.png,2
arctic_vegetation/20230724_birch24_m3m/BIRC/tile_24091.png,2
arctic_vegetation/20230724_birch24_m3m/BIRC/tile_24092.png,2
arctic_vegetation/20230724_birch24_m3m/BIRC/tile_24093.png,2
arctic_vegetation/20230724_birch24_m3m/BIRC/tile_24094.png,2
arctic_vegetation/20230724_birch24_m3m/BIRC/tile_24095.png,2
arctic_vegetation/20230724_birch24_m3m/BIRC/tile_24096.png,2
arctic_vegetation/20230724_birch24_m3m/BIRC/tile_24097.png,2
arctic_vegetation/20230724_birch24_m3m/BIRC/tile_24100.png,2
arctic_vegetation/20230724_birch24_m3m/BIRC/tile_24101.png,2
arctic_vegetation/20230724_birch24_m3m/BIRC/tile_24102.png,2
arctic_vegetation/20230724_birch24_m3m/BIRC/tile_24103.png,2
arctic_vegetation/20230724_birch24_m3m/BIRC/tile_24104.png,2
arctic_vegetation/20230724_birch24_m3m/BIRC/tile_24105.png,2
arctic_vegetation/20230724_birch24_m3m/BIRC/tile_24106.png,2
arctic_vegetation/20230724_birch24_m3m/BIRC/tile_24107.png,2
arctic_vegetation/20230724_birch24_m3m/BIRC/tile_24108.png,2
arctic_vegetation/20230724_birch24_m3m/BIRC/tile_24109.png,2
arctic_vegetation/20230724_birch24_m3m/BIRC/tile_24110.png,2
arctic_vegetation/20230724_birch24_m3m/BIRC/tile_24111.png,2
arctic_vegetation/20230724_birch24_m3m/BIRC/tile_24112.png,2
arctic_vegetation/20230724_birch24_m3m/BIRC/tile_24113.png,2
arctic_vegetation/20230724_birch24_m3m/BIRC/tile_24114.png,2
arctic_vegetation/20230724_birch24_m3m/BIRC/tile_24115.png,2
arctic_vegetation/20230724_birch24_m3m/BIRC/tile_24116.png,2
arctic_vegetation/20230724_birch24_m3m/LICH/tile_24117.png,4
arctic_vegetation/20230724_birch24_m3m/BIRC/tile_24118.png,2
arctic_vegetation/20230724_birch24_m3m/BIRC/tile_24119.png,2
arctic_vegetation/20230724_birch24_m3m/BIRC/tile_24120.png,2
arctic_vegetation/20230724_birch24_m3m/BIRC/tile_24121.png,2
arctic_vegetation/20230724_birch24_m3m/BIRC/tile_24122.png,2
arctic_vegetation/20230724_birch24_m3m/BIRC/tile_24123.png,2
arctic_vegetation/20230724_birch24_m3m/BIRC/tile_24124.png,2
arctic_vegetation/20230724_birch24_m3m/BIRC/tile_24125.png,2
arctic_vegetation/20230724_birch24_m3m/BIRC/tile_24126.png,2
arctic_vegetation/20230724_birch24_m3m/BIRC/tile_24127.png,2
arctic_vegetation/20230724_birch24_m3m/BIRC/tile_24128.png,2
arctic_vegetation/20230724_birch24_m3m/BIRC/tile_24129.png,2
arctic_vegetation/20230724_birch24_m3m/BIRC/tile_24130.png,2
arctic_vegetation/20230724_birch24_m3m/BIRC/tile_24131.png,2
arctic_vegetation/20230724_birch24_m3m/BIRC/tile_24132.png,2
arctic_vegetation/20230724_birch24_m3m/BIRC/tile_24133.png,2
arctic_vegetation/20230724_birch24_m3m/BIRC/tile_24134.png,2
arctic_vegetation/20230724_birch24_m3m/BIRC/tile_24135.png,2
arctic_vegetation/20230724_birch24_m3m/BIRC/tile_24136.png,2
arctic_vegetation/20230724_birch24_m3m/BIRC/tile_24137.png,2
arctic_vegetation/20230724_birch24_m3m/BIRC/tile_24138.png,2
arctic_vegetation/20230724_birch24_m3m/BIRC/tile_24139.png,2
arctic_vegetation/20230724_birch24_m3m/BIRC/tile_24140.png,2
arctic_vegetation/20230724_birch24_m3m/BIRC/tile_24141.png,2
arctic_vegetation/20230724_birch24_m3m/BIRC/tile_24142.png,2
arctic_vegetation/20230724_birch24_m3m/BIRC/tile_24143.png,2
arctic_vegetation/20230724_birch24_m3m/BIRC/tile_24144.png,2
arctic_vegetation/20230724_birch24_m3m/BIRC/tile_24145.png,2
arctic_vegetation/20230724_birch24_m3m/BIRC/tile_24146.png,2
arctic_vegetation/20230724_birch24_m3m/BIRC/tile_24147.png,2
arctic_vegetation/20230724_birch24_m3m/BIRC/tile_24148.png,2
arctic_vegetation/20230724_birch24_m3m/BIRC/tile_24149.png,2
arctic_vegetation/20230724_birch24_m3m/BIRC/tile_24150.png,2
arctic_vegetation/20230724_birch24_m3m/PETF/tile_24151.png,6
arctic_vegetation/20230724_birch24_m3m/SEDG/tile_24152.png,9
arctic_vegetation/20230724_birch24_m3m/SEDG/tile_24153.png,9
arctic_vegetation/20230724_birch24_m3m/BIRC/tile_24154.png,2
arctic_vegetation/20230724_birch24_m3m/BIRC/tile_24155.png,2
arctic_vegetation/20230724_birch24_m3m/BIRC/tile_24156.png,2
arctic_vegetation/20230724_birch24_m3m/BIRC/tile_24157.png,2
arctic_vegetation/20230724_birch24_m3m/BIRC/tile_24158.png,2
arctic_vegetation/20230724_birch24_m3m/BIRC/tile_24159.png,2
arctic_vegetation/20230724_birch24_m3m/BIRC/tile_24160.png,2
arctic_vegetation/20230724_birch24_m3m/BIRC/tile_24161.png,2
arctic_vegetation/20230724_birch24_m3m/BIRC/tile_24162.png,2
arctic_vegetation/20230724_birch24_m3m/BIRC/tile_24163.png,2
arctic_vegetation/20230724_birch24_m3m/BIRC/tile_24164.png,2
arctic_vegetation/20230724_birch24_m3m/PETF/tile_24165.png,6
arctic_vegetation/20230724_birch24_m3m/PETF/tile_24166.png,6
arctic_vegetation/20230724_birch24_m3m/PETF/tile_24168.png,6
arctic_vegetation/20230724_birch24_m3m/BIRC/tile_24169.png,2
arctic_vegetation/20230724_birch24_m3m/BIRC/tile_24170.png,2
arctic_vegetation/20230724_birch24_m3m/BIRC/tile_24171.png,2
arctic_vegetation/20230724_birch24_m3m/BIRC/tile_24172.png,2
arctic_vegetation/20230724_birch24_m3m/BIRC/tile_24173.png,2
arctic_vegetation/20230724_birch24_m3m/BIRC/tile_24174.png,2
arctic_vegetation/20230724_birch24_m3m/BIRC/tile_24175.png,2
arctic_vegetation/20230724_birch24_m3m/BIRC/tile_24176.png,2
arctic_vegetation/20230724_birch24_m3m/BIRC/tile_24177.png,2
arctic_vegetation/20230724_birch24_m3m/BIRC/tile_24178.png,2
arctic_vegetation/20230724_birch24_m3m/BIRC/tile_24179.png,2
arctic_vegetation/20230724_birch24_m3m/BIRC/tile_24180.png,2
arctic_vegetation/20230724_birch24_m3m/BIRC/tile_24181.png,2
arctic_vegetation/20230724_birch24_m3m/BIRC/tile_24182.png,2
arctic_vegetation/20230724_birch24_m3m/BIRC/tile_24183.png,2
arctic_vegetation/20230724_birch24_m3m/BIRC/tile_24184.png,2
arctic_vegetation/20230724_birch24_m3m/BIRC/tile_24185.png,2
arctic_vegetation/20230724_birch24_m3m/BIRC/tile_24186.png,2
arctic_vegetation/20230724_birch24_m3m/BIRC/tile_24187.png,2
arctic_vegetation/20230724_birch24_m3m/BIRC/tile_24188.png,2
arctic_vegetation/20230724_birch24_m3m/PETF/tile_24189.png,6
arctic_vegetation/20230724_birch24_m3m/BIRC/tile_24190.png,2
arctic_vegetation/20230724_birch24_m3m/BIRC/tile_24191.png,2
arctic_vegetation/20230724_birch24_m3m/BIRC/tile_24192.png,2
arctic_vegetation/20230724_birch24_m3m/BIRC/tile_24193.png,2
arctic_vegetation/20230724_birch24_m3m/BIRC/tile_24194.png,2
arctic_vegetation/20230724_birch24_m3m/BIRC/tile_24195.png,2
arctic_vegetation/20230724_birch24_m3m/BIRC/tile_24196.png,2
arctic_vegetation/20230724_birch24_m3m/BIRC/tile_24291.png,2
arctic_vegetation/20230724_birch24_m3m/BIRC/tile_24292.png,2
arctic_vegetation/20230724_birch24_m3m/BIRC/tile_24293.png,2
arctic_vegetation/20230724_birch24_m3m/BIRC/tile_24294.png,2
arctic_vegetation/20230724_birch24_m3m/BIRC/tile_24295.png,2
arctic_vegetation/20230724_birch24_m3m/BIRC/tile_24296.png,2
arctic_vegetation/20230724_birch24_m3m/BIRC/tile_24297.png,2
arctic_vegetation/20230724_birch24_m3m/BIRC/tile_24299.png,2
arctic_vegetation/20230724_birch24_m3m/BIRC/tile_24300.png,2
arctic_vegetation/20230724_birch24_m3m/BIRC/tile_24301.png,2
arctic_vegetation/20230724_birch24_m3m/BIRC/tile_24302.png,2
arctic_vegetation/20230724_birch24_m3m/BIRC/tile_24303.png,2
arctic_vegetation/20230724_birch24_m3m/BIRC/tile_24304.png,2
arctic_vegetation/20230724_birch24_m3m/BIRC/tile_24305.png,2
arctic_vegetation/20230724_birch24_m3m/BIRC/tile_24306.png,2
arctic_vegetation/20230724_birch24_m3m/BIRC/tile_24307.png,2
arctic_vegetation/20230724_birch24_m3m/BIRC/tile_24308.png,2
arctic_vegetation/20230724_birch24_m3m/BIRC/tile_24311.png,2
arctic_vegetation/20230724_birch24_m3m/BIRC/tile_24312.png,2
arctic_vegetation/20230724_birch24_m3m/BIRC/tile_24313.png,2
arctic_vegetation/20230724_birch24_m3m/BIRC/tile_24314.png,2
arctic_vegetation/20230724_birch24_m3m/BIRC/tile_24315.png,2
arctic_vegetation/20230724_birch24_m3m/BIRC/tile_24316.png,2
arctic_vegetation/20230724_birch24_m3m/BIRC/tile_24317.png,2
arctic_vegetation/20230724_birch24_m3m/BIRC/tile_24318.png,2
arctic_vegetation/20230724_birch24_m3m/BIRC/tile_24319.png,2
arctic_vegetation/20230724_birch24_m3m/BIRC/tile_24320.png,2
arctic_vegetation/20230724_birch24_m3m/BIRC/tile_24321.png,2
arctic_vegetation/20230724_birch24_m3m/BIRC/tile_24322.png,2
arctic_vegetation/20230724_birch24_m3m/BIRC/tile_24323.png,2
arctic_vegetation/20230724_birch24_m3m/BIRC/tile_24324.png,2
arctic_vegetation/20230724_birch24_m3m/BIRC/tile_24325.png,2
arctic_vegetation/20230724_birch24_m3m/BIRC/tile_24326.png,2
arctic_vegetation/20230724_birch24_m3m/LICH/tile_24327.png,4
arctic_vegetation/20230724_birch24_m3m/LICH/tile_24328.png,4
arctic_vegetation/20230724_birch24_m3m/BIRC/tile_24329.png,2
arctic_vegetation/20230724_birch24_m3m/BIRC/tile_24330.png,2
arctic_vegetation/20230724_birch24_m3m/BIRC/tile_24331.png,2
arctic_vegetation/20230724_birch24_m3m/BIRC/tile_24332.png,2
arctic_vegetation/20230724_birch24_m3m/BIRC/tile_24333.png,2
arctic_vegetation/20230724_birch24_m3m/BIRC/tile_24334.png,2
arctic_vegetation/20230724_birch24_m3m/BIRC/tile_24335.png,2
arctic_vegetation/20230724_birch24_m3m/BIRC/tile_24336.png,2
arctic_vegetation/20230724_birch24_m3m/BIRC/tile_24337.png,2
arctic_vegetation/20230724_birch24_m3m/BIRC/tile_24338.png,2
arctic_vegetation/20230724_birch24_m3m/BIRC/tile_24339.png,2
arctic_vegetation/20230724_birch24_m3m/BIRC/tile_24340.png,2
arctic_vegetation/20230724_birch24_m3m/LICH/tile_24341.png,4
arctic_vegetation/20230724_birch24_m3m/BIRC/tile_24342.png,2
arctic_vegetation/20230724_birch24_m3m/BIRC/tile_24343.png,2
arctic_vegetation/20230724_birch24_m3m/BIRC/tile_24344.png,2
arctic_vegetation/20230724_birch24_m3m/BIRC/tile_24345.png,2
arctic_vegetation/20230724_birch24_m3m/BIRC/tile_24346.png,2
arctic_vegetation/20230724_birch24_m3m/BIRC/tile_24347.png,2
arctic_vegetation/20230724_birch24_m3m/BIRC/tile_24348.png,2
arctic_vegetation/20230724_birch24_m3m/BIRC/tile_24349.png,2
arctic_vegetation/20230724_birch24_m3m/BIRC/tile_24350.png,2
arctic_vegetation/20230724_birch24_m3m/BIRC/tile_24351.png,2
arctic_vegetation/20230724_birch24_m3m/BIRC/tile_24352.png,2
arctic_vegetation/20230724_birch24_m3m/BIRC/tile_24353.png,2
arctic_vegetation/20230724_birch24_m3m/BIRC/tile_24354.png,2
arctic_vegetation/20230724_birch24_m3m/BIRC/tile_24355.png,2
arctic_vegetation/20230724_birch24_m3m/BIRC/tile_24356.png,2
arctic_vegetation/20230724_birch24_m3m/BIRC/tile_24357.png,2
arctic_vegetation/20230724_birch24_m3m/BIRC/tile_24358.png,2
arctic_vegetation/20230724_birch24_m3m/BIRC/tile_24359.png,2
arctic_vegetation/20230724_birch24_m3m/BIRC/tile_24360.png,2
arctic_vegetation/20230724_birch24_m3m/BIRC/tile_24361.png,2
arctic_vegetation/20230724_birch24_m3m/BIRC/tile_24362.png,2
arctic_vegetation/20230724_birch24_m3m/BIRC/tile_24363.png,2
arctic_vegetation/20230724_birch24_m3m/BIRC/tile_24364.png,2
arctic_vegetation/20230724_birch24_m3m/BIRC/tile_24365.png,2
arctic_vegetation/20230724_birch24_m3m/BIRC/tile_24366.png,2
arctic_vegetation/20230724_birch24_m3m/BIRC/tile_24367.png,2
arctic_vegetation/20230724_birch24_m3m/BIRC/tile_24368.png,2
arctic_vegetation/20230724_birch24_m3m/BIRC/tile_24369.png,2
arctic_vegetation/20230724_birch24_m3m/BIRC/tile_24370.png,2
arctic_vegetation/20230724_birch24_m3m/BIRC/tile_24371.png,2
arctic_vegetation/20230724_birch24_m3m/BIRC/tile_24372.png,2
arctic_vegetation/20230724_birch24_m3m/BIRC/tile_24373.png,2
arctic_vegetation/20230724_birch24_m3m/BIRC/tile_24374.png,2
arctic_vegetation/20230724_birch24_m3m/BIRC/tile_24375.png,2
arctic_vegetation/20230724_birch24_m3m/PETF/tile_24376.png,6
arctic_vegetation/20230724_birch24_m3m/PETF/tile_24377.png,6
arctic_vegetation/20230724_birch24_m3m/PETF/tile_24378.png,6
arctic_vegetation/20230724_birch24_m3m/BIRC/tile_24379.png,2
arctic_vegetation/20230724_birch24_m3m/BIRC/tile_24380.png,2
arctic_vegetation/20230724_birch24_m3m/BIRC/tile_24381.png,2
arctic_vegetation/20230724_birch24_m3m/BIRC/tile_24382.png,2
arctic_vegetation/20230724_birch24_m3m/BIRC/tile_24383.png,2
arctic_vegetation/20230724_birch24_m3m/BIRC/tile_24384.png,2
arctic_vegetation/20230724_birch24_m3m/BIRC/tile_24385.png,2
arctic_vegetation/20230724_birch24_m3m/BIRC/tile_24386.png,2
arctic_vegetation/20230724_birch24_m3m/BIRC/tile_24387.png,2
arctic_vegetation/20230724_birch24_m3m/BIRC/tile_24388.png,2
arctic_vegetation/20230724_birch24_m3m/BIRC/tile_24389.png,2
arctic_vegetation/20230724_birch24_m3m/BIRC/tile_24390.png,2
arctic_vegetation/20230724_birch24_m3m/BIRC/tile_24391.png,2
arctic_vegetation/20230724_birch24_m3m/BIRC/tile_24392.png,2
arctic_vegetation/20230724_birch24_m3m/BIRC/tile_24393.png,2
arctic_vegetation/20230724_birch24_m3m/BIRC/tile_24394.png,2
arctic_vegetation/20230724_birch24_m3m/BIRC/tile_24395.png,2
arctic_vegetation/20230724_birch24_m3m/BIRC/tile_24396.png,2
arctic_vegetation/20230724_birch24_m3m/BIRC/tile_24397.png,2
arctic_vegetation/20230724_birch24_m3m/BIRC/tile_24398.png,2
arctic_vegetation/20230724_birch24_m3m/BIRC/tile_24399.png,2
arctic_vegetation/20230724_birch24_m3m/PETF/tile_24400.png,6
arctic_vegetation/20230724_birch24_m3m/BIRC/tile_24401.png,2
arctic_vegetation/20230724_birch24_m3m/BIRC/tile_24402.png,2
arctic_vegetation/20230724_birch24_m3m/BIRC/tile_24403.png,2
arctic_vegetation/20230724_birch24_m3m/BIRC/tile_24404.png,2
arctic_vegetation/20230724_birch24_m3m/BIRC/tile_24405.png,2
arctic_vegetation/20230724_birch24_m3m/BIRC/tile_24406.png,2
arctic_vegetation/20230724_birch24_m3m/BIRC/tile_24407.png,2
arctic_vegetation/20230724_birch24_m3m/BIRC/tile_24504.png,2
arctic_vegetation/20230724_birch24_m3m/BIRC/tile_24505.png,2
arctic_vegetation/20230724_birch24_m3m/BIRC/tile_24506.png,2
arctic_vegetation/20230724_birch24_m3m/BIRC/tile_24507.png,2
arctic_vegetation/20230724_birch24_m3m/BIRC/tile_24508.png,2
arctic_vegetation/20230724_birch24_m3m/BIRC/tile_24509.png,2
arctic_vegetation/20230724_birch24_m3m/BIRC/tile_24510.png,2
arctic_vegetation/20230724_birch24_m3m/BIRC/tile_24512.png,2
arctic_vegetation/20230724_birch24_m3m/BIRC/tile_24513.png,2
arctic_vegetation/20230724_birch24_m3m/BIRC/tile_24514.png,2
arctic_vegetation/20230724_birch24_m3m/BIRC/tile_24515.png,2
arctic_vegetation/20230724_birch24_m3m/BIRC/tile_24516.png,2
arctic_vegetation/20230724_birch24_m3m/BIRC/tile_24517.png,2
arctic_vegetation/20230724_birch24_m3m/BIRC/tile_24518.png,2
arctic_vegetation/20230724_birch24_m3m/BIRC/tile_24519.png,2
arctic_vegetation/20230724_birch24_m3m/BIRC/tile_24520.png,2
arctic_vegetation/20230724_birch24_m3m/BIRC/tile_24521.png,2
arctic_vegetation/20230724_birch24_m3m/BIRC/tile_24524.png,2
arctic_vegetation/20230724_birch24_m3m/BIRC/tile_24525.png,2
arctic_vegetation/20230724_birch24_m3m/BIRC/tile_24526.png,2
arctic_vegetation/20230724_birch24_m3m/BIRC/tile_24527.png,2
arctic_vegetation/20230724_birch24_m3m/BIRC/tile_24528.png,2
arctic_vegetation/20230724_birch24_m3m/BIRC/tile_24529.png,2
arctic_vegetation/20230724_birch24_m3m/BIRC/tile_24530.png,2
arctic_vegetation/20230724_birch24_m3m/BIRC/tile_24531.png,2
arctic_vegetation/20230724_birch24_m3m/BIRC/tile_24532.png,2
arctic_vegetation/20230724_birch24_m3m/BIRC/tile_24533.png,2
arctic_vegetation/20230724_birch24_m3m/BIRC/tile_24534.png,2
arctic_vegetation/20230724_birch24_m3m/BIRC/tile_24535.png,2
arctic_vegetation/20230724_birch24_m3m/LICH/tile_24536.png,4
arctic_vegetation/20230724_birch24_m3m/LICH/tile_24537.png,4
arctic_vegetation/20230724_birch24_m3m/BIRC/tile_24538.png,2
arctic_vegetation/20230724_birch24_m3m/BIRC/tile_24539.png,2
arctic_vegetation/20230724_birch24_m3m/LICH/tile_24540.png,4
arctic_vegetation/20230724_birch24_m3m/PETF/tile_24541.png,6
arctic_vegetation/20230724_birch24_m3m/PETF/tile_24542.png,6
arctic_vegetation/20230724_birch24_m3m/PETF/tile_24543.png,6
arctic_vegetation/20230724_birch24_m3m/BIRC/tile_24544.png,2
arctic_vegetation/20230724_birch24_m3m/BIRC/tile_24545.png,2
arctic_vegetation/20230724_birch24_m3m/BIRC/tile_24546.png,2
arctic_vegetation/20230724_birch24_m3m/BIRC/tile_24547.png,2
arctic_vegetation/20230724_birch24_m3m/BIRC/tile_24548.png,2
arctic_vegetation/20230724_birch24_m3m/BIRC/tile_24549.png,2
arctic_vegetation/20230724_birch24_m3m/BIRC/tile_24550.png,2
arctic_vegetation/20230724_birch24_m3m/BIRC/tile_24551.png,2
arctic_vegetation/20230724_birch24_m3m/BIRC/tile_24552.png,2
arctic_vegetation/20230724_birch24_m3m/LICH/tile_24553.png,4
arctic_vegetation/20230724_birch24_m3m/LICH/tile_24554.png,4
arctic_vegetation/20230724_birch24_m3m/BIRC/tile_24555.png,2
arctic_vegetation/20230724_birch24_m3m/BIRC/tile_24556.png,2
arctic_vegetation/20230724_birch24_m3m/BIRC/tile_24557.png,2
arctic_vegetation/20230724_birch24_m3m/BIRC/tile_24558.png,2
arctic_vegetation/20230724_birch24_m3m/BIRC/tile_24559.png,2
arctic_vegetation/20230724_birch24_m3m/BIRC/tile_24560.png,2
arctic_vegetation/20230724_birch24_m3m/BIRC/tile_24561.png,2
arctic_vegetation/20230724_birch24_m3m/BIRC/tile_24562.png,2
arctic_vegetation/20230724_birch24_m3m/BIRC/tile_24563.png,2
arctic_vegetation/20230724_birch24_m3m/BIRC/tile_24564.png,2
arctic_vegetation/20230724_birch24_m3m/BIRC/tile_24565.png,2
arctic_vegetation/20230724_birch24_m3m/BIRC/tile_24566.png,2
arctic_vegetation/20230724_birch24_m3m/BIRC/tile_24567.png,2
arctic_vegetation/20230724_birch24_m3m/BIRC/tile_24568.png,2
arctic_vegetation/20230724_birch24_m3m/BIRC/tile_24569.png,2
arctic_vegetation/20230724_birch24_m3m/BIRC/tile_24570.png,2
arctic_vegetation/20230724_birch24_m3m/BIRC/tile_24571.png,2
arctic_vegetation/20230724_birch24_m3m/BIRC/tile_24572.png,2
arctic_vegetation/20230724_birch24_m3m/BIRC/tile_24573.png,2
arctic_vegetation/20230724_birch24_m3m/BIRC/tile_24574.png,2
arctic_vegetation/20230724_birch24_m3m/BIRC/tile_24575.png,2
arctic_vegetation/20230724_birch24_m3m/BIRC/tile_24576.png,2
arctic_vegetation/20230724_birch24_m3m/BIRC/tile_24577.png,2
arctic_vegetation/20230724_birch24_m3m/BIRC/tile_24578.png,2
arctic_vegetation/20230724_birch24_m3m/BIRC/tile_24579.png,2
arctic_vegetation/20230724_birch24_m3m/BIRC/tile_24580.png,2
arctic_vegetation/20230724_birch24_m3m/BIRC/tile_24581.png,2
arctic_vegetation/20230724_birch24_m3m/BIRC/tile_24582.png,2
arctic_vegetation/20230724_birch24_m3m/BIRC/tile_24583.png,2
arctic_vegetation/20230724_birch24_m3m/BIRC/tile_24584.png,2
arctic_vegetation/20230724_birch24_m3m/BIRC/tile_24585.png,2
arctic_vegetation/20230724_birch24_m3m/BIRC/tile_24586.png,2
arctic_vegetation/20230724_birch24_m3m/BIRC/tile_24587.png,2
arctic_vegetation/20230724_birch24_m3m/BIRC/tile_24588.png,2
arctic_vegetation/20230724_birch24_m3m/PETF/tile_24589.png,6
arctic_vegetation/20230724_birch24_m3m/PETF/tile_24590.png,6
arctic_vegetation/20230724_birch24_m3m/BIRC/tile_24591.png,2
arctic_vegetation/20230724_birch24_m3m/BIRC/tile_24592.png,2
arctic_vegetation/20230724_birch24_m3m/BIRC/tile_24593.png,2
arctic_vegetation/20230724_birch24_m3m/BIRC/tile_24594.png,2
arctic_vegetation/20230724_birch24_m3m/BIRC/tile_24595.png,2
arctic_vegetation/20230724_birch24_m3m/BIRC/tile_24596.png,2
arctic_vegetation/20230724_birch24_m3m/BIRC/tile_24597.png,2
arctic_vegetation/20230724_birch24_m3m/BIRC/tile_24598.png,2
arctic_vegetation/20230724_birch24_m3m/BIRC/tile_24599.png,2
arctic_vegetation/20230724_birch24_m3m/BIRC/tile_24600.png,2
arctic_vegetation/20230724_birch24_m3m/BIRC/tile_24601.png,2
arctic_vegetation/20230724_birch24_m3m/BIRC/tile_24602.png,2
arctic_vegetation/20230724_birch24_m3m/BIRC/tile_24603.png,2
arctic_vegetation/20230724_birch24_m3m/BIRC/tile_24604.png,2
arctic_vegetation/20230724_birch24_m3m/BIRC/tile_24605.png,2
arctic_vegetation/20230724_birch24_m3m/BIRC/tile_24606.png,2
arctic_vegetation/20230724_birch24_m3m/BIRC/tile_24607.png,2
arctic_vegetation/20230724_birch24_m3m/BIRC/tile_24608.png,2
arctic_vegetation/20230724_birch24_m3m/BIRC/tile_24609.png,2
arctic_vegetation/20230724_birch24_m3m/BIRC/tile_24610.png,2
arctic_vegetation/20230724_birch24_m3m/BIRC/tile_24611.png,2
arctic_vegetation/20230724_birch24_m3m/BIRC/tile_24612.png,2
arctic_vegetation/20230724_birch24_m3m/BIRC/tile_24613.png,2
arctic_vegetation/20230724_birch24_m3m/BIRC/tile_24614.png,2
arctic_vegetation/20230724_birch24_m3m/BIRC/tile_24615.png,2
arctic_vegetation/20230724_birch24_m3m/BIRC/tile_24616.png,2
arctic_vegetation/20230724_birch24_m3m/BIRC/tile_24617.png,2
arctic_vegetation/20230724_birch24_m3m/BIRC/tile_24618.png,2
arctic_vegetation/20230724_birch24_m3m/BIRC/tile_24619.png,2
arctic_vegetation/20230724_birch24_m3m/BIRC/tile_24620.png,2
arctic_vegetation/20230724_birch24_m3m/BIRC/tile_24718.png,2
arctic_vegetation/20230724_birch24_m3m/BIRC/tile_24719.png,2
arctic_vegetation/20230724_birch24_m3m/BIRC/tile_24720.png,2
arctic_vegetation/20230724_birch24_m3m/BIRC/tile_24721.png,2
arctic_vegetation/20230724_birch24_m3m/BIRC/tile_24722.png,2
arctic_vegetation/20230724_birch24_m3m/BIRC/tile_24723.png,2
arctic_vegetation/20230724_birch24_m3m/BIRC/tile_24724.png,2
arctic_vegetation/20230724_birch24_m3m/BIRC/tile_24726.png,2
arctic_vegetation/20230724_birch24_m3m/BIRC/tile_24727.png,2
arctic_vegetation/20230724_birch24_m3m/BIRC/tile_24728.png,2
arctic_vegetation/20230724_birch24_m3m/BIRC/tile_24729.png,2
arctic_vegetation/20230724_birch24_m3m/BIRC/tile_24730.png,2
arctic_vegetation/20230724_birch24_m3m/BIRC/tile_24731.png,2
arctic_vegetation/20230724_birch24_m3m/BIRC/tile_24733.png,2
arctic_vegetation/20230724_birch24_m3m/BIRC/tile_24734.png,2
arctic_vegetation/20230724_birch24_m3m/BIRC/tile_24735.png,2
arctic_vegetation/20230724_birch24_m3m/BIRC/tile_24738.png,2
arctic_vegetation/20230724_birch24_m3m/BIRC/tile_24739.png,2
arctic_vegetation/20230724_birch24_m3m/BIRC/tile_24740.png,2
arctic_vegetation/20230724_birch24_m3m/BIRC/tile_24741.png,2
arctic_vegetation/20230724_birch24_m3m/BIRC/tile_24742.png,2
arctic_vegetation/20230724_birch24_m3m/BIRC/tile_24743.png,2
arctic_vegetation/20230724_birch24_m3m/BIRC/tile_24744.png,2
arctic_vegetation/20230724_birch24_m3m/BIRC/tile_24745.png,2
arctic_vegetation/20230724_birch24_m3m/BIRC/tile_24746.png,2
arctic_vegetation/20230724_birch24_m3m/BIRC/tile_24747.png,2
arctic_vegetation/20230724_birch24_m3m/BIRC/tile_24748.png,2
arctic_vegetation/20230724_birch24_m3m/BIRC/tile_24749.png,2
arctic_vegetation/20230724_birch24_m3m/BIRC/tile_24750.png,2
arctic_vegetation/20230724_birch24_m3m/LICH/tile_24751.png,4
arctic_vegetation/20230724_birch24_m3m/LICH/tile_24752.png,4
arctic_vegetation/20230724_birch24_m3m/LICH/tile_24753.png,4
arctic_vegetation/20230724_birch24_m3m/LICH/tile_24754.png,4
arctic_vegetation/20230724_birch24_m3m/PETF/tile_24755.png,6
arctic_vegetation/20230724_birch24_m3m/LICH/tile_24756.png,4
arctic_vegetation/20230724_birch24_m3m/LICH/tile_24757.png,4
arctic_vegetation/20230724_birch24_m3m/BIRC/tile_24758.png,2
arctic_vegetation/20230724_birch24_m3m/BIRC/tile_24759.png,2
arctic_vegetation/20230724_birch24_m3m/BIRC/tile_24760.png,2
arctic_vegetation/20230724_birch24_m3m/BIRC/tile_24761.png,2
arctic_vegetation/20230724_birch24_m3m/BIRC/tile_24762.png,2
arctic_vegetation/20230724_birch24_m3m/BIRC/tile_24763.png,2
arctic_vegetation/20230724_birch24_m3m/BIRC/tile_24764.png,2
arctic_vegetation/20230724_birch24_m3m/BIRC/tile_24765.png,2
arctic_vegetation/20230724_birch24_m3m/BIRC/tile_24766.png,2
arctic_vegetation/20230724_birch24_m3m/BIRC/tile_24767.png,2
arctic_vegetation/20230724_birch24_m3m/BIRC/tile_24768.png,2
arctic_vegetation/20230724_birch24_m3m/BIRC/tile_24769.png,2
arctic_vegetation/20230724_birch24_m3m/BIRC/tile_24770.png,2
arctic_vegetation/20230724_birch24_m3m/BIRC/tile_24771.png,2
arctic_vegetation/20230724_birch24_m3m/BIRC/tile_24772.png,2
arctic_vegetation/20230724_birch24_m3m/BIRC/tile_24773.png,2
arctic_vegetation/20230724_birch24_m3m/BIRC/tile_24774.png,2
arctic_vegetation/20230724_birch24_m3m/BIRC/tile_24775.png,2
arctic_vegetation/20230724_birch24_m3m/BIRC/tile_24776.png,2
arctic_vegetation/20230724_birch24_m3m/BIRC/tile_24777.png,2
arctic_vegetation/20230724_birch24_m3m/BIRC/tile_24778.png,2
arctic_vegetation/20230724_birch24_m3m/BIRC/tile_24779.png,2
arctic_vegetation/20230724_birch24_m3m/BIRC/tile_24780.png,2
arctic_vegetation/20230724_birch24_m3m/BIRC/tile_24781.png,2
arctic_vegetation/20230724_birch24_m3m/BIRC/tile_24782.png,2
arctic_vegetation/20230724_birch24_m3m/BIRC/tile_24783.png,2
arctic_vegetation/20230724_birch24_m3m/BIRC/tile_24784.png,2
arctic_vegetation/20230724_birch24_m3m/BIRC/tile_24785.png,2
arctic_vegetation/20230724_birch24_m3m/BIRC/tile_24786.png,2
arctic_vegetation/20230724_birch24_m3m/BIRC/tile_24787.png,2
arctic_vegetation/20230724_birch24_m3m/BIRC/tile_24788.png,2
arctic_vegetation/20230724_birch24_m3m/BIRC/tile_24789.png,2
arctic_vegetation/20230724_birch24_m3m/BIRC/tile_24790.png,2
arctic_vegetation/20230724_birch24_m3m/BIRC/tile_24791.png,2
arctic_vegetation/20230724_birch24_m3m/BIRC/tile_24792.png,2
arctic_vegetation/20230724_birch24_m3m/BIRC/tile_24793.png,2
arctic_vegetation/20230724_birch24_m3m/BIRC/tile_24794.png,2
arctic_vegetation/20230724_birch24_m3m/BIRC/tile_24795.png,2
arctic_vegetation/20230724_birch24_m3m/BIRC/tile_24796.png,2
arctic_vegetation/20230724_birch24_m3m/BIRC/tile_24797.png,2
arctic_vegetation/20230724_birch24_m3m/BIRC/tile_24798.png,2
arctic_vegetation/20230724_birch24_m3m/BIRC/tile_24799.png,2
arctic_vegetation/20230724_birch24_m3m/BIRC/tile_24800.png,2
arctic_vegetation/20230724_birch24_m3m/BIRC/tile_24801.png,2
arctic_vegetation/20230724_birch24_m3m/BIRC/tile_24802.png,2
arctic_vegetation/20230724_birch24_m3m/BIRC/tile_24803.png,2
arctic_vegetation/20230724_birch24_m3m/PETF/tile_24804.png,6
arctic_vegetation/20230724_birch24_m3m/BIRC/tile_24805.png,2
arctic_vegetation/20230724_birch24_m3m/BIRC/tile_24806.png,2
arctic_vegetation/20230724_birch24_m3m/BIRC/tile_24807.png,2
arctic_vegetation/20230724_birch24_m3m/BIRC/tile_24808.png,2
arctic_vegetation/20230724_birch24_m3m/BIRC/tile_24809.png,2
arctic_vegetation/20230724_birch24_m3m/BIRC/tile_24810.png,2
arctic_vegetation/20230724_birch24_m3m/BIRC/tile_24811.png,2
arctic_vegetation/20230724_birch24_m3m/BIRC/tile_24812.png,2
arctic_vegetation/20230724_birch24_m3m/BIRC/tile_24813.png,2
arctic_vegetation/20230724_birch24_m3m/BIRC/tile_24814.png,2
arctic_vegetation/20230724_birch24_m3m/BIRC/tile_24815.png,2
arctic_vegetation/20230724_birch24_m3m/BIRC/tile_24816.png,2
arctic_vegetation/20230724_birch24_m3m/BIRC/tile_24817.png,2
arctic_vegetation/20230724_birch24_m3m/BIRC/tile_24818.png,2
arctic_vegetation/20230724_birch24_m3m/BIRC/tile_24819.png,2
arctic_vegetation/20230724_birch24_m3m/BIRC/tile_24820.png,2
arctic_vegetation/20230724_birch24_m3m/BIRC/tile_24821.png,2
arctic_vegetation/20230724_birch24_m3m/BIRC/tile_24822.png,2
arctic_vegetation/20230724_birch24_m3m/BIRC/tile_24823.png,2
arctic_vegetation/20230724_birch24_m3m/PETF/tile_24824.png,6
arctic_vegetation/20230724_birch24_m3m/BIRC/tile_24825.png,2
arctic_vegetation/20230724_birch24_m3m/BIRC/tile_24826.png,2
arctic_vegetation/20230724_birch24_m3m/BIRC/tile_24827.png,2
arctic_vegetation/20230724_birch24_m3m/BIRC/tile_24828.png,2
arctic_vegetation/20230724_birch24_m3m/BIRC/tile_24829.png,2
arctic_vegetation/20230724_birch24_m3m/BIRC/tile_24830.png,2
arctic_vegetation/20230724_birch24_m3m/BIRC/tile_24831.png,2
arctic_vegetation/20230724_birch24_m3m/BIRC/tile_24832.png,2
arctic_vegetation/20230724_birch24_m3m/BIRC/tile_24833.png,2
arctic_vegetation/20230724_birch24_m3m/BIRC/tile_24834.png,2
arctic_vegetation/20230724_birch24_m3m/PETF/tile_24835.png,6
arctic_vegetation/20230724_birch24_m3m/BIRC/tile_24932.png,2
arctic_vegetation/20230724_birch24_m3m/BIRC/tile_24933.png,2
arctic_vegetation/20230724_birch24_m3m/BIRC/tile_24934.png,2
arctic_vegetation/20230724_birch24_m3m/BIRC/tile_24935.png,2
arctic_vegetation/20230724_birch24_m3m/BIRC/tile_24936.png,2
arctic_vegetation/20230724_birch24_m3m/BIRC/tile_24937.png,2
arctic_vegetation/20230724_birch24_m3m/BIRC/tile_24938.png,2
arctic_vegetation/20230724_birch24_m3m/BIRC/tile_24951.png,2
arctic_vegetation/20230724_birch24_m3m/BIRC/tile_24952.png,2
arctic_vegetation/20230724_birch24_m3m/BIRC/tile_24953.png,2
arctic_vegetation/20230724_birch24_m3m/BIRC/tile_24954.png,2
arctic_vegetation/20230724_birch24_m3m/BIRC/tile_24955.png,2
arctic_vegetation/20230724_birch24_m3m/BIRC/tile_24956.png,2
arctic_vegetation/20230724_birch24_m3m/BIRC/tile_24957.png,2
arctic_vegetation/20230724_birch24_m3m/BIRC/tile_24958.png,2
arctic_vegetation/20230724_birch24_m3m/BIRC/tile_24959.png,2
arctic_vegetation/20230724_birch24_m3m/BIRC/tile_24960.png,2
arctic_vegetation/20230724_birch24_m3m/BIRC/tile_24961.png,2
arctic_vegetation/20230724_birch24_m3m/BIRC/tile_24962.png,2
arctic_vegetation/20230724_birch24_m3m/BIRC/tile_24963.png,2
arctic_vegetation/20230724_birch24_m3m/BIRC/tile_24964.png,2
arctic_vegetation/20230724_birch24_m3m/BIRC/tile_24965.png,2
arctic_vegetation/20230724_birch24_m3m/BIRC/tile_24966.png,2
arctic_vegetation/20230724_birch24_m3m/BIRC/tile_24967.png,2
arctic_vegetation/20230724_birch24_m3m/LICH/tile_24968.png,4
arctic_vegetation/20230724_birch24_m3m/LICH/tile_24969.png,4
arctic_vegetation/20230724_birch24_m3m/LICH/tile_24970.png,4
arctic_vegetation/20230724_birch24_m3m/LICH/tile_24971.png,4
arctic_vegetation/20230724_birch24_m3m/LICH/tile_24973.png,4
arctic_vegetation/20230724_birch24_m3m/BIRC/tile_24974.png,2
arctic_vegetation/20230724_birch24_m3m/BIRC/tile_24975.png,2
arctic_vegetation/20230724_birch24_m3m/BIRC/tile_24976.png,2
arctic_vegetation/20230724_birch24_m3m/BIRC/tile_24977.png,2
arctic_vegetation/20230724_birch24_m3m/BIRC/tile_24978.png,2
arctic_vegetation/20230724_birch24_m3m/BIRC/tile_24979.png,2
arctic_vegetation/20230724_birch24_m3m/BIRC/tile_24980.png,2
arctic_vegetation/20230724_birch24_m3m/BIRC/tile_24981.png,2
arctic_vegetation/20230724_birch24_m3m/BIRC/tile_24982.png,2
arctic_vegetation/20230724_birch24_m3m/BIRC/tile_24983.png,2
arctic_vegetation/20230724_birch24_m3m/BIRC/tile_24984.png,2
arctic_vegetation/20230724_birch24_m3m/BIRC/tile_24985.png,2
arctic_vegetation/20230724_birch24_m3m/BIRC/tile_24986.png,2
arctic_vegetation/20230724_birch24_m3m/BIRC/tile_24987.png,2
arctic_vegetation/20230724_birch24_m3m/BIRC/tile_24988.png,2
arctic_vegetation/20230724_birch24_m3m/BIRC/tile_24989.png,2
arctic_vegetation/20230724_birch24_m3m/BIRC/tile_24990.png,2
arctic_vegetation/20230724_birch24_m3m/BIRC/tile_24991.png,2
arctic_vegetation/20230724_birch24_m3m/BIRC/tile_24992.png,2
arctic_vegetation/20230724_birch24_m3m/BIRC/tile_24993.png,2
arctic_vegetation/20230724_birch24_m3m/BIRC/tile_24994.png,2
arctic_vegetation/20230724_birch24_m3m/BIRC/tile_24995.png,2
arctic_vegetation/20230724_birch24_m3m/BIRC/tile_24996.png,2
arctic_vegetation/20230724_birch24_m3m/BIRC/tile_24997.png,2
arctic_vegetation/20230724_birch24_m3m/BIRC/tile_24998.png,2
arctic_vegetation/20230724_birch24_m3m/BIRC/tile_24999.png,2
arctic_vegetation/20230724_birch24_m3m/BIRC/tile_25000.png,2
arctic_vegetation/20230724_birch24_m3m/BIRC/tile_25001.png,2
arctic_vegetation/20230724_birch24_m3m/BIRC/tile_25002.png,2
arctic_vegetation/20230724_birch24_m3m/BIRC/tile_25003.png,2
arctic_vegetation/20230724_birch24_m3m/BIRC/tile_25004.png,2
arctic_vegetation/20230724_birch24_m3m/BIRC/tile_25005.png,2
arctic_vegetation/20230724_birch24_m3m/BIRC/tile_25006.png,2
arctic_vegetation/20230724_birch24_m3m/BIRC/tile_25007.png,2
arctic_vegetation/20230724_birch24_m3m/BIRC/tile_25008.png,2
arctic_vegetation/20230724_birch24_m3m/BIRC/tile_25009.png,2
arctic_vegetation/20230724_birch24_m3m/BIRC/tile_25010.png,2
arctic_vegetation/20230724_birch24_m3m/BIRC/tile_25011.png,2
arctic_vegetation/20230724_birch24_m3m/BIRC/tile_25012.png,2
arctic_vegetation/20230724_birch24_m3m/BIRC/tile_25013.png,2
arctic_vegetation/20230724_birch24_m3m/BIRC/tile_25014.png,2
arctic_vegetation/20230724_birch24_m3m/BIRC/tile_25015.png,2
arctic_vegetation/20230724_birch24_m3m/BIRC/tile_25016.png,2
arctic_vegetation/20230724_birch24_m3m/BIRC/tile_25017.png,2
arctic_vegetation/20230724_birch24_m3m/PETF/tile_25018.png,6
arctic_vegetation/20230724_birch24_m3m/BIRC/tile_25019.png,2
arctic_vegetation/20230724_birch24_m3m/BIRC/tile_25020.png,2
arctic_vegetation/20230724_birch24_m3m/BIRC/tile_25021.png,2
arctic_vegetation/20230724_birch24_m3m/BIRC/tile_25022.png,2
arctic_vegetation/20230724_birch24_m3m/BIRC/tile_25023.png,2
arctic_vegetation/20230724_birch24_m3m/BIRC/tile_25024.png,2
arctic_vegetation/20230724_birch24_m3m/BIRC/tile_25025.png,2
arctic_vegetation/20230724_birch24_m3m/BIRC/tile_25026.png,2
arctic_vegetation/20230724_birch24_m3m/BIRC/tile_25027.png,2
arctic_vegetation/20230724_birch24_m3m/BIRC/tile_25028.png,2
arctic_vegetation/20230724_birch24_m3m/BIRC/tile_25029.png,2
arctic_vegetation/20230724_birch24_m3m/BIRC/tile_25030.png,2
arctic_vegetation/20230724_birch24_m3m/BIRC/tile_25031.png,2
arctic_vegetation/20230724_birch24_m3m/BIRC/tile_25032.png,2
arctic_vegetation/20230724_birch24_m3m/BIRC/tile_25033.png,2
arctic_vegetation/20230724_birch24_m3m/BIRC/tile_25034.png,2
arctic_vegetation/20230724_birch24_m3m/BIRC/tile_25035.png,2
arctic_vegetation/20230724_birch24_m3m/BIRC/tile_25036.png,2
arctic_vegetation/20230724_birch24_m3m/BIRC/tile_25037.png,2
arctic_vegetation/20230724_birch24_m3m/PETF/tile_25038.png,6
arctic_vegetation/20230724_birch24_m3m/BIRC/tile_25039.png,2
arctic_vegetation/20230724_birch24_m3m/BIRC/tile_25040.png,2
arctic_vegetation/20230724_birch24_m3m/BIRC/tile_25041.png,2
arctic_vegetation/20230724_birch24_m3m/BIRC/tile_25042.png,2
arctic_vegetation/20230724_birch24_m3m/BIRC/tile_25043.png,2
arctic_vegetation/20230724_birch24_m3m/BIRC/tile_25044.png,2
arctic_vegetation/20230724_birch24_m3m/BIRC/tile_25045.png,2
arctic_vegetation/20230724_birch24_m3m/BIRC/tile_25046.png,2
arctic_vegetation/20230724_birch24_m3m/BIRC/tile_25047.png,2
arctic_vegetation/20230724_birch24_m3m/BIRC/tile_25048.png,2
arctic_vegetation/20230724_birch24_m3m/PETF/tile_25049.png,6
arctic_vegetation/20230724_birch24_m3m/BIRC/tile_25146.png,2
arctic_vegetation/20230724_birch24_m3m/BIRC/tile_25147.png,2
arctic_vegetation/20230724_birch24_m3m/BIRC/tile_25148.png,2
arctic_vegetation/20230724_birch24_m3m/BIRC/tile_25149.png,2
arctic_vegetation/20230724_birch24_m3m/BIRC/tile_25150.png,2
arctic_vegetation/20230724_birch24_m3m/BIRC/tile_25151.png,2
arctic_vegetation/20230724_birch24_m3m/BIRC/tile_25152.png,2
arctic_vegetation/20230724_birch24_m3m/BIRC/tile_25153.png,2
arctic_vegetation/20230724_birch24_m3m/BIRC/tile_25154.png,2
arctic_vegetation/20230724_birch24_m3m/BIRC/tile_25155.png,2
arctic_vegetation/20230724_birch24_m3m/BIRC/tile_25165.png,2
arctic_vegetation/20230724_birch24_m3m/BIRC/tile_25166.png,2
arctic_vegetation/20230724_birch24_m3m/BIRC/tile_25167.png,2
arctic_vegetation/20230724_birch24_m3m/BIRC/tile_25168.png,2
arctic_vegetation/20230724_birch24_m3m/BIRC/tile_25169.png,2
arctic_vegetation/20230724_birch24_m3m/BIRC/tile_25170.png,2
arctic_vegetation/20230724_birch24_m3m/BIRC/tile_25171.png,2
arctic_vegetation/20230724_birch24_m3m/BIRC/tile_25172.png,2
arctic_vegetation/20230724_birch24_m3m/BIRC/tile_25173.png,2
arctic_vegetation/20230724_birch24_m3m/BIRC/tile_25174.png,2
arctic_vegetation/20230724_birch24_m3m/BIRC/tile_25175.png,2
arctic_vegetation/20230724_birch24_m3m/BIRC/tile_25176.png,2
arctic_vegetation/20230724_birch24_m3m/BIRC/tile_25177.png,2
arctic_vegetation/20230724_birch24_m3m/BIRC/tile_25178.png,2
arctic_vegetation/20230724_birch24_m3m/BIRC/tile_25179.png,2
arctic_vegetation/20230724_birch24_m3m/BIRC/tile_25180.png,2
arctic_vegetation/20230724_birch24_m3m/BIRC/tile_25181.png,2
arctic_vegetation/20230724_birch24_m3m/LICH/tile_25182.png,4
arctic_vegetation/20230724_birch24_m3m/LICH/tile_25183.png,4
arctic_vegetation/20230724_birch24_m3m/LICH/tile_25184.png,4
arctic_vegetation/20230724_birch24_m3m/LICH/tile_25185.png,4
arctic_vegetation/20230724_birch24_m3m/LICH/tile_25186.png,4
arctic_vegetation/20230724_birch24_m3m/LICH/tile_25187.png,4
arctic_vegetation/20230724_birch24_m3m/BIRC/tile_25188.png,2
arctic_vegetation/20230724_birch24_m3m/BIRC/tile_25189.png,2
arctic_vegetation/20230724_birch24_m3m/BIRC/tile_25190.png,2
arctic_vegetation/20230724_birch24_m3m/BIRC/tile_25191.png,2
arctic_vegetation/20230724_birch24_m3m/LICH/tile_25192.png,4
arctic_vegetation/20230724_birch24_m3m/BIRC/tile_25193.png,2
arctic_vegetation/20230724_birch24_m3m/BIRC/tile_25194.png,2
arctic_vegetation/20230724_birch24_m3m/BIRC/tile_25195.png,2
arctic_vegetation/20230724_birch24_m3m/BIRC/tile_25196.png,2
arctic_vegetation/20230724_birch24_m3m/BIRC/tile_25197.png,2
arctic_vegetation/20230724_birch24_m3m/BIRC/tile_25198.png,2
arctic_vegetation/20230724_birch24_m3m/BIRC/tile_25199.png,2
arctic_vegetation/20230724_birch24_m3m/BIRC/tile_25200.png,2
arctic_vegetation/20230724_birch24_m3m/BIRC/tile_25201.png,2
arctic_vegetation/20230724_birch24_m3m/BIRC/tile_25202.png,2
arctic_vegetation/20230724_birch24_m3m/BIRC/tile_25203.png,2
arctic_vegetation/20230724_birch24_m3m/BIRC/tile_25204.png,2
arctic_vegetation/20230724_birch24_m3m/BIRC/tile_25205.png,2
arctic_vegetation/20230724_birch24_m3m/BIRC/tile_25206.png,2
arctic_vegetation/20230724_birch24_m3m/BIRC/tile_25207.png,2
arctic_vegetation/20230724_birch24_m3m/BIRC/tile_25208.png,2
arctic_vegetation/20230724_birch24_m3m/BIRC/tile_25209.png,2
arctic_vegetation/20230724_birch24_m3m/BIRC/tile_25210.png,2
arctic_vegetation/20230724_birch24_m3m/BIRC/tile_25211.png,2
arctic_vegetation/20230724_birch24_m3m/BIRC/tile_25212.png,2
arctic_vegetation/20230724_birch24_m3m/BIRC/tile_25213.png,2
arctic_vegetation/20230724_birch24_m3m/BIRC/tile_25214.png,2
arctic_vegetation/20230724_birch24_m3m/BIRC/tile_25215.png,2
arctic_vegetation/20230724_birch24_m3m/BIRC/tile_25216.png,2
arctic_vegetation/20230724_birch24_m3m/BIRC/tile_25217.png,2
arctic_vegetation/20230724_birch24_m3m/BIRC/tile_25218.png,2
arctic_vegetation/20230724_birch24_m3m/BIRC/tile_25219.png,2
arctic_vegetation/20230724_birch24_m3m/BIRC/tile_25220.png,2
arctic_vegetation/20230724_birch24_m3m/BIRC/tile_25221.png,2
arctic_vegetation/20230724_birch24_m3m/BIRC/tile_25222.png,2
arctic_vegetation/20230724_birch24_m3m/BIRC/tile_25223.png,2
arctic_vegetation/20230724_birch24_m3m/BIRC/tile_25224.png,2
arctic_vegetation/20230724_birch24_m3m/BIRC/tile_25225.png,2
arctic_vegetation/20230724_birch24_m3m/BIRC/tile_25226.png,2
arctic_vegetation/20230724_birch24_m3m/BIRC/tile_25227.png,2
arctic_vegetation/20230724_birch24_m3m/BIRC/tile_25228.png,2
arctic_vegetation/20230724_birch24_m3m/BIRC/tile_25229.png,2
arctic_vegetation/20230724_birch24_m3m/BIRC/tile_25230.png,2
arctic_vegetation/20230724_birch24_m3m/BIRC/tile_25231.png,2
arctic_vegetation/20230724_birch24_m3m/BIRC/tile_25232.png,2
arctic_vegetation/20230724_birch24_m3m/BIRC/tile_25233.png,2
arctic_vegetation/20230724_birch24_m3m/BIRC/tile_25234.png,2
arctic_vegetation/20230724_birch24_m3m/BIRC/tile_25235.png,2
arctic_vegetation/20230724_birch24_m3m/BIRC/tile_25236.png,2
arctic_vegetation/20230724_birch24_m3m/BIRC/tile_25237.png,2
arctic_vegetation/20230724_birch24_m3m/BIRC/tile_25238.png,2
arctic_vegetation/20230724_birch24_m3m/BIRC/tile_25239.png,2
arctic_vegetation/20230724_birch24_m3m/BIRC/tile_25240.png,2
arctic_vegetation/20230724_birch24_m3m/BIRC/tile_25241.png,2
arctic_vegetation/20230724_birch24_m3m/BIRC/tile_25242.png,2
arctic_vegetation/20230724_birch24_m3m/BIRC/tile_25243.png,2
arctic_vegetation/20230724_birch24_m3m/BIRC/tile_25244.png,2
arctic_vegetation/20230724_birch24_m3m/BIRC/tile_25245.png,2
arctic_vegetation/20230724_birch24_m3m/BIRC/tile_25246.png,2
arctic_vegetation/20230724_birch24_m3m/BIRC/tile_25247.png,2
arctic_vegetation/20230724_birch24_m3m/BIRC/tile_25248.png,2
arctic_vegetation/20230724_birch24_m3m/BIRC/tile_25249.png,2
arctic_vegetation/20230724_birch24_m3m/BIRC/tile_25250.png,2
arctic_vegetation/20230724_birch24_m3m/BIRC/tile_25251.png,2
arctic_vegetation/20230724_birch24_m3m/PETF/tile_25252.png,6
arctic_vegetation/20230724_birch24_m3m/BIRC/tile_25253.png,2
arctic_vegetation/20230724_birch24_m3m/BIRC/tile_25254.png,2
arctic_vegetation/20230724_birch24_m3m/BIRC/tile_25255.png,2
arctic_vegetation/20230724_birch24_m3m/BIRC/tile_25256.png,2
arctic_vegetation/20230724_birch24_m3m/BIRC/tile_25257.png,2
arctic_vegetation/20230724_birch24_m3m/BIRC/tile_25258.png,2
arctic_vegetation/20230724_birch24_m3m/BIRC/tile_25259.png,2
arctic_vegetation/20230724_birch24_m3m/BIRC/tile_25260.png,2
arctic_vegetation/20230724_birch24_m3m/BIRC/tile_25261.png,2
arctic_vegetation/20230724_birch24_m3m/BIRC/tile_25262.png,2
arctic_vegetation/20230724_birch24_m3m/BIRC/tile_25361.png,2
arctic_vegetation/20230724_birch24_m3m/BIRC/tile_25362.png,2
arctic_vegetation/20230724_birch24_m3m/BIRC/tile_25363.png,2
arctic_vegetation/20230724_birch24_m3m/BIRC/tile_25364.png,2
arctic_vegetation/20230724_birch24_m3m/BIRC/tile_25365.png,2
arctic_vegetation/20230724_birch24_m3m/BIRC/tile_25366.png,2
arctic_vegetation/20230724_birch24_m3m/BIRC/tile_25367.png,2
arctic_vegetation/20230724_birch24_m3m/BIRC/tile_25368.png,2
arctic_vegetation/20230724_birch24_m3m/BIRC/tile_25369.png,2
arctic_vegetation/20230724_birch24_m3m/SEDG/tile_25381.png,9
arctic_vegetation/20230724_birch24_m3m/BIRC/tile_25382.png,2
arctic_vegetation/20230724_birch24_m3m/BIRC/tile_25383.png,2
arctic_vegetation/20230724_birch24_m3m/BIRC/tile_25384.png,2
arctic_vegetation/20230724_birch24_m3m/BIRC/tile_25385.png,2
arctic_vegetation/20230724_birch24_m3m/BIRC/tile_25386.png,2
arctic_vegetation/20230724_birch24_m3m/BIRC/tile_25387.png,2
arctic_vegetation/20230724_birch24_m3m/BIRC/tile_25388.png,2
arctic_vegetation/20230724_birch24_m3m/PETF/tile_25390.png,6
arctic_vegetation/20230724_birch24_m3m/BIRC/tile_25391.png,2
arctic_vegetation/20230724_birch24_m3m/BIRC/tile_25392.png,2
arctic_vegetation/20230724_birch24_m3m/BIRC/tile_25393.png,2
arctic_vegetation/20230724_birch24_m3m/BIRC/tile_25394.png,2
arctic_vegetation/20230724_birch24_m3m/BIRC/tile_25395.png,2
arctic_vegetation/20230724_birch24_m3m/BIRC/tile_25396.png,2
arctic_vegetation/20230724_birch24_m3m/BIRC/tile_25397.png,2
arctic_vegetation/20230724_birch24_m3m/BIRC/tile_25398.png,2
arctic_vegetation/20230724_birch24_m3m/LICH/tile_25399.png,4
arctic_vegetation/20230724_birch24_m3m/LICH/tile_25400.png,4
arctic_vegetation/20230724_birch24_m3m/LICH/tile_25401.png,4
arctic_vegetation/20230724_birch24_m3m/BIRC/tile_25402.png,2
arctic_vegetation/20230724_birch24_m3m/BIRC/tile_25403.png,2
arctic_vegetation/20230724_birch24_m3m/BIRC/tile_25404.png,2
arctic_vegetation/20230724_birch24_m3m/BIRC/tile_25405.png,2
arctic_vegetation/20230724_birch24_m3m/BIRC/tile_25406.png,2
arctic_vegetation/20230724_birch24_m3m/BIRC/tile_25407.png,2
arctic_vegetation/20230724_birch24_m3m/BIRC/tile_25408.png,2
arctic_vegetation/20230724_birch24_m3m/BIRC/tile_25409.png,2
arctic_vegetation/20230724_birch24_m3m/BIRC/tile_25410.png,2
arctic_vegetation/20230724_birch24_m3m/BIRC/tile_25411.png,2
arctic_vegetation/20230724_birch24_m3m/BIRC/tile_25412.png,2
arctic_vegetation/20230724_birch24_m3m/BIRC/tile_25413.png,2
arctic_vegetation/20230724_birch24_m3m/BIRC/tile_25414.png,2
arctic_vegetation/20230724_birch24_m3m/BIRC/tile_25415.png,2
arctic_vegetation/20230724_birch24_m3m/BIRC/tile_25416.png,2
arctic_vegetation/20230724_birch24_m3m/BIRC/tile_25417.png,2
arctic_vegetation/20230724_birch24_m3m/BIRC/tile_25418.png,2
arctic_vegetation/20230724_birch24_m3m/BIRC/tile_25419.png,2
arctic_vegetation/20230724_birch24_m3m/BIRC/tile_25420.png,2
arctic_vegetation/20230724_birch24_m3m/BIRC/tile_25421.png,2
arctic_vegetation/20230724_birch24_m3m/BIRC/tile_25422.png,2
arctic_vegetation/20230724_birch24_m3m/BIRC/tile_25423.png,2
arctic_vegetation/20230724_birch24_m3m/BIRC/tile_25424.png,2
arctic_vegetation/20230724_birch24_m3m/BIRC/tile_25425.png,2
arctic_vegetation/20230724_birch24_m3m/BIRC/tile_25426.png,2
arctic_vegetation/20230724_birch24_m3m/BIRC/tile_25427.png,2
arctic_vegetation/20230724_birch24_m3m/BIRC/tile_25428.png,2
arctic_vegetation/20230724_birch24_m3m/BIRC/tile_25429.png,2
arctic_vegetation/20230724_birch24_m3m/BIRC/tile_25430.png,2
arctic_vegetation/20230724_birch24_m3m/BIRC/tile_25431.png,2
arctic_vegetation/20230724_birch24_m3m/BIRC/tile_25432.png,2
arctic_vegetation/20230724_birch24_m3m/BIRC/tile_25433.png,2
arctic_vegetation/20230724_birch24_m3m/BIRC/tile_25434.png,2
arctic_vegetation/20230724_birch24_m3m/BIRC/tile_25435.png,2
arctic_vegetation/20230724_birch24_m3m/BIRC/tile_25436.png,2
arctic_vegetation/20230724_birch24_m3m/BIRC/tile_25437.png,2
arctic_vegetation/20230724_birch24_m3m/BIRC/tile_25438.png,2
arctic_vegetation/20230724_birch24_m3m/BIRC/tile_25439.png,2
arctic_vegetation/20230724_birch24_m3m/BIRC/tile_25440.png,2
arctic_vegetation/20230724_birch24_m3m/BIRC/tile_25441.png,2
arctic_vegetation/20230724_birch24_m3m/BIRC/tile_25442.png,2
arctic_vegetation/20230724_birch24_m3m/BIRC/tile_25443.png,2
arctic_vegetation/20230724_birch24_m3m/BIRC/tile_25444.png,2
arctic_vegetation/20230724_birch24_m3m/BIRC/tile_25445.png,2
arctic_vegetation/20230724_birch24_m3m/BIRC/tile_25446.png,2
arctic_vegetation/20230724_birch24_m3m/BIRC/tile_25447.png,2
arctic_vegetation/20230724_birch24_m3m/BIRC/tile_25448.png,2
arctic_vegetation/20230724_birch24_m3m/BIRC/tile_25449.png,2
arctic_vegetation/20230724_birch24_m3m/BIRC/tile_25450.png,2
arctic_vegetation/20230724_birch24_m3m/BIRC/tile_25451.png,2
arctic_vegetation/20230724_birch24_m3m/BIRC/tile_25452.png,2
arctic_vegetation/20230724_birch24_m3m/BIRC/tile_25453.png,2
arctic_vegetation/20230724_birch24_m3m/BIRC/tile_25454.png,2
arctic_vegetation/20230724_birch24_m3m/BIRC/tile_25455.png,2
arctic_vegetation/20230724_birch24_m3m/BIRC/tile_25456.png,2
arctic_vegetation/20230724_birch24_m3m/BIRC/tile_25457.png,2
arctic_vegetation/20230724_birch24_m3m/BIRC/tile_25458.png,2
arctic_vegetation/20230724_birch24_m3m/BIRC/tile_25459.png,2
arctic_vegetation/20230724_birch24_m3m/BIRC/tile_25460.png,2
arctic_vegetation/20230724_birch24_m3m/BIRC/tile_25461.png,2
arctic_vegetation/20230724_birch24_m3m/BIRC/tile_25462.png,2
arctic_vegetation/20230724_birch24_m3m/BIRC/tile_25463.png,2
arctic_vegetation/20230724_birch24_m3m/BIRC/tile_25464.png,2
arctic_vegetation/20230724_birch24_m3m/PETF/tile_25465.png,6
arctic_vegetation/20230724_birch24_m3m/PETF/tile_25466.png,6
arctic_vegetation/20230724_birch24_m3m/PETF/tile_25467.png,6
arctic_vegetation/20230724_birch24_m3m/BIRC/tile_25468.png,2
arctic_vegetation/20230724_birch24_m3m/BIRC/tile_25469.png,2
arctic_vegetation/20230724_birch24_m3m/BIRC/tile_25470.png,2
arctic_vegetation/20230724_birch24_m3m/BIRC/tile_25471.png,2
arctic_vegetation/20230724_birch24_m3m/BIRC/tile_25472.png,2
arctic_vegetation/20230724_birch24_m3m/BIRC/tile_25473.png,2
arctic_vegetation/20230724_birch24_m3m/BIRC/tile_25474.png,2
arctic_vegetation/20230724_birch24_m3m/BIRC/tile_25475.png,2
arctic_vegetation/20230724_birch24_m3m/BIRC/tile_25476.png,2
arctic_vegetation/20230724_birch24_m3m/BIRC/tile_25575.png,2
arctic_vegetation/20230724_birch24_m3m/BIRC/tile_25576.png,2
arctic_vegetation/20230724_birch24_m3m/BIRC/tile_25577.png,2
arctic_vegetation/20230724_birch24_m3m/BIRC/tile_25578.png,2
arctic_vegetation/20230724_birch24_m3m/BIRC/tile_25579.png,2
arctic_vegetation/20230724_birch24_m3m/BIRC/tile_25580.png,2
arctic_vegetation/20230724_birch24_m3m/BIRC/tile_25581.png,2
arctic_vegetation/20230724_birch24_m3m/BIRC/tile_25582.png,2
arctic_vegetation/20230724_birch24_m3m/BIRC/tile_25583.png,2
arctic_vegetation/20230724_birch24_m3m/BIRC/tile_25584.png,2
arctic_vegetation/20230724_birch24_m3m/BIRC/tile_25585.png,2
arctic_vegetation/20230724_birch24_m3m/SEDG/tile_25595.png,9
arctic_vegetation/20230724_birch24_m3m/BIRC/tile_25596.png,2
arctic_vegetation/20230724_birch24_m3m/BIRC/tile_25597.png,2
arctic_vegetation/20230724_birch24_m3m/BIRC/tile_25598.png,2
arctic_vegetation/20230724_birch24_m3m/BIRC/tile_25599.png,2
arctic_vegetation/20230724_birch24_m3m/BIRC/tile_25600.png,2
arctic_vegetation/20230724_birch24_m3m/BIRC/tile_25601.png,2
arctic_vegetation/20230724_birch24_m3m/BIRC/tile_25602.png,2
arctic_vegetation/20230724_birch24_m3m/LICH/tile_25603.png,4
arctic_vegetation/20230724_birch24_m3m/LICH/tile_25604.png,4
arctic_vegetation/20230724_birch24_m3m/BIRC/tile_25605.png,2
arctic_vegetation/20230724_birch24_m3m/BIRC/tile_25606.png,2
arctic_vegetation/20230724_birch24_m3m/BIRC/tile_25607.png,2
arctic_vegetation/20230724_birch24_m3m/BIRC/tile_25608.png,2
arctic_vegetation/20230724_birch24_m3m/BIRC/tile_25609.png,2
arctic_vegetation/20230724_birch24_m3m/BIRC/tile_25610.png,2
arctic_vegetation/20230724_birch24_m3m/BIRC/tile_25611.png,2
arctic_vegetation/20230724_birch24_m3m/BIRC/tile_25612.png,2
arctic_vegetation/20230724_birch24_m3m/BIRC/tile_25613.png,2
arctic_vegetation/20230724_birch24_m3m/BIRC/tile_25614.png,2
arctic_vegetation/20230724_birch24_m3m/BIRC/tile_25615.png,2
arctic_vegetation/20230724_birch24_m3m/BIRC/tile_25616.png,2
arctic_vegetation/20230724_birch24_m3m/BIRC/tile_25617.png,2
arctic_vegetation/20230724_birch24_m3m/BIRC/tile_25618.png,2
arctic_vegetation/20230724_birch24_m3m/BIRC/tile_25619.png,2
arctic_vegetation/20230724_birch24_m3m/BIRC/tile_25620.png,2
arctic_vegetation/20230724_birch24_m3m/BIRC/tile_25621.png,2
arctic_vegetation/20230724_birch24_m3m/BIRC/tile_25622.png,2
arctic_vegetation/20230724_birch24_m3m/BIRC/tile_25623.png,2
arctic_vegetation/20230724_birch24_m3m/BIRC/tile_25624.png,2
arctic_vegetation/20230724_birch24_m3m/BIRC/tile_25625.png,2
arctic_vegetation/20230724_birch24_m3m/BIRC/tile_25626.png,2
arctic_vegetation/20230724_birch24_m3m/BIRC/tile_25627.png,2
arctic_vegetation/20230724_birch24_m3m/BIRC/tile_25628.png,2
arctic_vegetation/20230724_birch24_m3m/BIRC/tile_25629.png,2
arctic_vegetation/20230724_birch24_m3m/BIRC/tile_25630.png,2
arctic_vegetation/20230724_birch24_m3m/BIRC/tile_25631.png,2
arctic_vegetation/20230724_birch24_m3m/BIRC/tile_25632.png,2
arctic_vegetation/20230724_birch24_m3m/BIRC/tile_25633.png,2
arctic_vegetation/20230724_birch24_m3m/BIRC/tile_25634.png,2
arctic_vegetation/20230724_birch24_m3m/BIRC/tile_25635.png,2
arctic_vegetation/20230724_birch24_m3m/BIRC/tile_25636.png,2
arctic_vegetation/20230724_birch24_m3m/BIRC/tile_25637.png,2
arctic_vegetation/20230724_birch24_m3m/BIRC/tile_25638.png,2
arctic_vegetation/20230724_birch24_m3m/BIRC/tile_25639.png,2
arctic_vegetation/20230724_birch24_m3m/BIRC/tile_25640.png,2
arctic_vegetation/20230724_birch24_m3m/BIRC/tile_25641.png,2
arctic_vegetation/20230724_birch24_m3m/BIRC/tile_25642.png,2
arctic_vegetation/20230724_birch24_m3m/BIRC/tile_25643.png,2
arctic_vegetation/20230724_birch24_m3m/BIRC/tile_25644.png,2
arctic_vegetation/20230724_birch24_m3m/BIRC/tile_25645.png,2
arctic_vegetation/20230724_birch24_m3m/BIRC/tile_25646.png,2
arctic_vegetation/20230724_birch24_m3m/BIRC/tile_25647.png,2
arctic_vegetation/20230724_birch24_m3m/BIRC/tile_25648.png,2
arctic_vegetation/20230724_birch24_m3m/BIRC/tile_25649.png,2
arctic_vegetation/20230724_birch24_m3m/BIRC/tile_25650.png,2
arctic_vegetation/20230724_birch24_m3m/BIRC/tile_25651.png,2
arctic_vegetation/20230724_birch24_m3m/BIRC/tile_25652.png,2
arctic_vegetation/20230724_birch24_m3m/BIRC/tile_25653.png,2
arctic_vegetation/20230724_birch24_m3m/BIRC/tile_25654.png,2
arctic_vegetation/20230724_birch24_m3m/BIRC/tile_25655.png,2
arctic_vegetation/20230724_birch24_m3m/BIRC/tile_25656.png,2
arctic_vegetation/20230724_birch24_m3m/BIRC/tile_25657.png,2
arctic_vegetation/20230724_birch24_m3m/BIRC/tile_25658.png,2
arctic_vegetation/20230724_birch24_m3m/BIRC/tile_25659.png,2
arctic_vegetation/20230724_birch24_m3m/BIRC/tile_25660.png,2
arctic_vegetation/20230724_birch24_m3m/BIRC/tile_25661.png,2
arctic_vegetation/20230724_birch24_m3m/BIRC/tile_25662.png,2
arctic_vegetation/20230724_birch24_m3m/BIRC/tile_25663.png,2
arctic_vegetation/20230724_birch24_m3m/BIRC/tile_25664.png,2
arctic_vegetation/20230724_birch24_m3m/BIRC/tile_25665.png,2
arctic_vegetation/20230724_birch24_m3m/BIRC/tile_25666.png,2
arctic_vegetation/20230724_birch24_m3m/BIRC/tile_25667.png,2
arctic_vegetation/20230724_birch24_m3m/BIRC/tile_25668.png,2
arctic_vegetation/20230724_birch24_m3m/BIRC/tile_25669.png,2
arctic_vegetation/20230724_birch24_m3m/BIRC/tile_25670.png,2
arctic_vegetation/20230724_birch24_m3m/BIRC/tile_25671.png,2
arctic_vegetation/20230724_birch24_m3m/BIRC/tile_25672.png,2
arctic_vegetation/20230724_birch24_m3m/BIRC/tile_25673.png,2
arctic_vegetation/20230724_birch24_m3m/BIRC/tile_25674.png,2
arctic_vegetation/20230724_birch24_m3m/BIRC/tile_25675.png,2
arctic_vegetation/20230724_birch24_m3m/BIRC/tile_25676.png,2
arctic_vegetation/20230724_birch24_m3m/BIRC/tile_25677.png,2
arctic_vegetation/20230724_birch24_m3m/BIRC/tile_25678.png,2
arctic_vegetation/20230724_birch24_m3m/BIRC/tile_25679.png,2
arctic_vegetation/20230724_birch24_m3m/BIRC/tile_25680.png,2
arctic_vegetation/20230724_birch24_m3m/BIRC/tile_25681.png,2
arctic_vegetation/20230724_birch24_m3m/BIRC/tile_25682.png,2
arctic_vegetation/20230724_birch24_m3m/BIRC/tile_25683.png,2
arctic_vegetation/20230724_birch24_m3m/BIRC/tile_25684.png,2
arctic_vegetation/20230724_birch24_m3m/BIRC/tile_25685.png,2
arctic_vegetation/20230724_birch24_m3m/BIRC/tile_25686.png,2
arctic_vegetation/20230724_birch24_m3m/BIRC/tile_25687.png,2
arctic_vegetation/20230724_birch24_m3m/BIRC/tile_25688.png,2
arctic_vegetation/20230724_birch24_m3m/BIRC/tile_25689.png,2
arctic_vegetation/20230724_birch24_m3m/BIRC/tile_25690.png,2
arctic_vegetation/20230724_birch24_m3m/BIRC/tile_25789.png,2
arctic_vegetation/20230724_birch24_m3m/BIRC/tile_25790.png,2
arctic_vegetation/20230724_birch24_m3m/BIRC/tile_25791.png,2
arctic_vegetation/20230724_birch24_m3m/BIRC/tile_25792.png,2
arctic_vegetation/20230724_birch24_m3m/BIRC/tile_25793.png,2
arctic_vegetation/20230724_birch24_m3m/BIRC/tile_25794.png,2
arctic_vegetation/20230724_birch24_m3m/BIRC/tile_25795.png,2
arctic_vegetation/20230724_birch24_m3m/BIRC/tile_25796.png,2
arctic_vegetation/20230724_birch24_m3m/BIRC/tile_25797.png,2
arctic_vegetation/20230724_birch24_m3m/BIRC/tile_25798.png,2
arctic_vegetation/20230724_birch24_m3m/BIRC/tile_25799.png,2
arctic_vegetation/20230724_birch24_m3m/BIRC/tile_25801.png,2
arctic_vegetation/20230724_birch24_m3m/BIRC/tile_25802.png,2
arctic_vegetation/20230724_birch24_m3m/BIRC/tile_25810.png,2
arctic_vegetation/20230724_birch24_m3m/BIRC/tile_25811.png,2
arctic_vegetation/20230724_birch24_m3m/BIRC/tile_25812.png,2
arctic_vegetation/20230724_birch24_m3m/BIRC/tile_25813.png,2
arctic_vegetation/20230724_birch24_m3m/BIRC/tile_25814.png,2
arctic_vegetation/20230724_birch24_m3m/BIRC/tile_25815.png,2
arctic_vegetation/20230724_birch24_m3m/BIRC/tile_25816.png,2
arctic_vegetation/20230724_birch24_m3m/LICH/tile_25817.png,4
arctic_vegetation/20230724_birch24_m3m/LICH/tile_25818.png,4
arctic_vegetation/20230724_birch24_m3m/BIRC/tile_25819.png,2
arctic_vegetation/20230724_birch24_m3m/BIRC/tile_25820.png,2
arctic_vegetation/20230724_birch24_m3m/BIRC/tile_25821.png,2
arctic_vegetation/20230724_birch24_m3m/BIRC/tile_25823.png,2
arctic_vegetation/20230724_birch24_m3m/BIRC/tile_25824.png,2
arctic_vegetation/20230724_birch24_m3m/BIRC/tile_25825.png,2
arctic_vegetation/20230724_birch24_m3m/LICH/tile_25826.png,4
arctic_vegetation/20230724_birch24_m3m/LICH/tile_25827.png,4
arctic_vegetation/20230724_birch24_m3m/BIRC/tile_25828.png,2
arctic_vegetation/20230724_birch24_m3m/BIRC/tile_25829.png,2
arctic_vegetation/20230724_birch24_m3m/BIRC/tile_25830.png,2
arctic_vegetation/20230724_birch24_m3m/BIRC/tile_25831.png,2
arctic_vegetation/20230724_birch24_m3m/BIRC/tile_25832.png,2
arctic_vegetation/20230724_birch24_m3m/BIRC/tile_25833.png,2
arctic_vegetation/20230724_birch24_m3m/BIRC/tile_25834.png,2
arctic_vegetation/20230724_birch24_m3m/BIRC/tile_25835.png,2
arctic_vegetation/20230724_birch24_m3m/BIRC/tile_25836.png,2
arctic_vegetation/20230724_birch24_m3m/BIRC/tile_25837.png,2
arctic_vegetation/20230724_birch24_m3m/BIRC/tile_25838.png,2
arctic_vegetation/20230724_birch24_m3m/BIRC/tile_25839.png,2
arctic_vegetation/20230724_birch24_m3m/BIRC/tile_25840.png,2
arctic_vegetation/20230724_birch24_m3m/BIRC/tile_25841.png,2
arctic_vegetation/20230724_birch24_m3m/BIRC/tile_25842.png,2
arctic_vegetation/20230724_birch24_m3m/BIRC/tile_25843.png,2
arctic_vegetation/20230724_birch24_m3m/BIRC/tile_25844.png,2
arctic_vegetation/20230724_birch24_m3m/BIRC/tile_25845.png,2
arctic_vegetation/20230724_birch24_m3m/BIRC/tile_25846.png,2
arctic_vegetation/20230724_birch24_m3m/BIRC/tile_25847.png,2
arctic_vegetation/20230724_birch24_m3m/BIRC/tile_25848.png,2
arctic_vegetation/20230724_birch24_m3m/BIRC/tile_25849.png,2
arctic_vegetation/20230724_birch24_m3m/BIRC/tile_25850.png,2
arctic_vegetation/20230724_birch24_m3m/BIRC/tile_25851.png,2
arctic_vegetation/20230724_birch24_m3m/BIRC/tile_25852.png,2
arctic_vegetation/20230724_birch24_m3m/BIRC/tile_25853.png,2
arctic_vegetation/20230724_birch24_m3m/BIRC/tile_25854.png,2
arctic_vegetation/20230724_birch24_m3m/BIRC/tile_25855.png,2
arctic_vegetation/20230724_birch24_m3m/BIRC/tile_25856.png,2
arctic_vegetation/20230724_birch24_m3m/BIRC/tile_25857.png,2
arctic_vegetation/20230724_birch24_m3m/BIRC/tile_25858.png,2
arctic_vegetation/20230724_birch24_m3m/BIRC/tile_25859.png,2
arctic_vegetation/20230724_birch24_m3m/BIRC/tile_25860.png,2
arctic_vegetation/20230724_birch24_m3m/BIRC/tile_25861.png,2
arctic_vegetation/20230724_birch24_m3m/BIRC/tile_25862.png,2
arctic_vegetation/20230724_birch24_m3m/BIRC/tile_25863.png,2
arctic_vegetation/20230724_birch24_m3m/BIRC/tile_25864.png,2
arctic_vegetation/20230724_birch24_m3m/BIRC/tile_25865.png,2
arctic_vegetation/20230724_birch24_m3m/BIRC/tile_25866.png,2
arctic_vegetation/20230724_birch24_m3m/BIRC/tile_25867.png,2
arctic_vegetation/20230724_birch24_m3m/BIRC/tile_25868.png,2
arctic_vegetation/20230724_birch24_m3m/BIRC/tile_25869.png,2
arctic_vegetation/20230724_birch24_m3m/BIRC/tile_25870.png,2
arctic_vegetation/20230724_birch24_m3m/BIRC/tile_25871.png,2
arctic_vegetation/20230724_birch24_m3m/BIRC/tile_25872.png,2
arctic_vegetation/20230724_birch24_m3m/BIRC/tile_25873.png,2
arctic_vegetation/20230724_birch24_m3m/BIRC/tile_25874.png,2
arctic_vegetation/20230724_birch24_m3m/BIRC/tile_25875.png,2
arctic_vegetation/20230724_birch24_m3m/BIRC/tile_25876.png,2
arctic_vegetation/20230724_birch24_m3m/BIRC/tile_25877.png,2
arctic_vegetation/20230724_birch24_m3m/BIRC/tile_25878.png,2
arctic_vegetation/20230724_birch24_m3m/BIRC/tile_25879.png,2
arctic_vegetation/20230724_birch24_m3m/BIRC/tile_25880.png,2
arctic_vegetation/20230724_birch24_m3m/BIRC/tile_25881.png,2
arctic_vegetation/20230724_birch24_m3m/BIRC/tile_25882.png,2
arctic_vegetation/20230724_birch24_m3m/BIRC/tile_25883.png,2
arctic_vegetation/20230724_birch24_m3m/BIRC/tile_25884.png,2
arctic_vegetation/20230724_birch24_m3m/BIRC/tile_25885.png,2
arctic_vegetation/20230724_birch24_m3m/BIRC/tile_25886.png,2
arctic_vegetation/20230724_birch24_m3m/BIRC/tile_25887.png,2
arctic_vegetation/20230724_birch24_m3m/BIRC/tile_25888.png,2
arctic_vegetation/20230724_birch24_m3m/BIRC/tile_25889.png,2
arctic_vegetation/20230724_birch24_m3m/BIRC/tile_25890.png,2
arctic_vegetation/20230724_birch24_m3m/BIRC/tile_25891.png,2
arctic_vegetation/20230724_birch24_m3m/BIRC/tile_25892.png,2
arctic_vegetation/20230724_birch24_m3m/BIRC/tile_25893.png,2
arctic_vegetation/20230724_birch24_m3m/BIRC/tile_25894.png,2
arctic_vegetation/20230724_birch24_m3m/BIRC/tile_25895.png,2
arctic_vegetation/20230724_birch24_m3m/BIRC/tile_25896.png,2
arctic_vegetation/20230724_birch24_m3m/BIRC/tile_25897.png,2
arctic_vegetation/20230724_birch24_m3m/BIRC/tile_25898.png,2
arctic_vegetation/20230724_birch24_m3m/BIRC/tile_25899.png,2
arctic_vegetation/20230724_birch24_m3m/BIRC/tile_25900.png,2
arctic_vegetation/20230724_birch24_m3m/BIRC/tile_25901.png,2
arctic_vegetation/20230724_birch24_m3m/BIRC/tile_25902.png,2
arctic_vegetation/20230724_birch24_m3m/BIRC/tile_25903.png,2
arctic_vegetation/20230724_birch24_m3m/BIRC/tile_25904.png,2
arctic_vegetation/20230724_birch24_m3m/BIRC/tile_26004.png,2
arctic_vegetation/20230724_birch24_m3m/BIRC/tile_26005.png,2
arctic_vegetation/20230724_birch24_m3m/BIRC/tile_26006.png,2
arctic_vegetation/20230724_birch24_m3m/BIRC/tile_26007.png,2
arctic_vegetation/20230724_birch24_m3m/BIRC/tile_26008.png,2
arctic_vegetation/20230724_birch24_m3m/BIRC/tile_26009.png,2
arctic_vegetation/20230724_birch24_m3m/BIRC/tile_26010.png,2
arctic_vegetation/20230724_birch24_m3m/BIRC/tile_26011.png,2
arctic_vegetation/20230724_birch24_m3m/BIRC/tile_26012.png,2
arctic_vegetation/20230724_birch24_m3m/BIRC/tile_26013.png,2
arctic_vegetation/20230724_birch24_m3m/BIRC/tile_26014.png,2
arctic_vegetation/20230724_birch24_m3m/BIRC/tile_26015.png,2
arctic_vegetation/20230724_birch24_m3m/BIRC/tile_26016.png,2
arctic_vegetation/20230724_birch24_m3m/BIRC/tile_26017.png,2
arctic_vegetation/20230724_birch24_m3m/BIRC/tile_26018.png,2
arctic_vegetation/20230724_birch24_m3m/BIRC/tile_26021.png,2
arctic_vegetation/20230724_birch24_m3m/BIRC/tile_26022.png,2
arctic_vegetation/20230724_birch24_m3m/BIRC/tile_26023.png,2
arctic_vegetation/20230724_birch24_m3m/BIRC/tile_26024.png,2
arctic_vegetation/20230724_birch24_m3m/BIRC/tile_26025.png,2
arctic_vegetation/20230724_birch24_m3m/BIRC/tile_26026.png,2
arctic_vegetation/20230724_birch24_m3m/BIRC/tile_26027.png,2
arctic_vegetation/20230724_birch24_m3m/BIRC/tile_26028.png,2
arctic_vegetation/20230724_birch24_m3m/BIRC/tile_26029.png,2
arctic_vegetation/20230724_birch24_m3m/BIRC/tile_26030.png,2
arctic_vegetation/20230724_birch24_m3m/BIRC/tile_26031.png,2
arctic_vegetation/20230724_birch24_m3m/BIRC/tile_26032.png,2
arctic_vegetation/20230724_birch24_m3m/BIRC/tile_26033.png,2
arctic_vegetation/20230724_birch24_m3m/LICH/tile_26034.png,4
arctic_vegetation/20230724_birch24_m3m/LICH/tile_26035.png,4
arctic_vegetation/20230724_birch24_m3m/BIRC/tile_26036.png,2
arctic_vegetation/20230724_birch24_m3m/BIRC/tile_26037.png,2
arctic_vegetation/20230724_birch24_m3m/LICH/tile_26038.png,4
arctic_vegetation/20230724_birch24_m3m/LICH/tile_26039.png,4
arctic_vegetation/20230724_birch24_m3m/LICH/tile_26040.png,4
arctic_vegetation/20230724_birch24_m3m/LICH/tile_26041.png,4
arctic_vegetation/20230724_birch24_m3m/BIRC/tile_26042.png,2
arctic_vegetation/20230724_birch24_m3m/BIRC/tile_26043.png,2
arctic_vegetation/20230724_birch24_m3m/BIRC/tile_26044.png,2
arctic_vegetation/20230724_birch24_m3m/BIRC/tile_26045.png,2
arctic_vegetation/20230724_birch24_m3m/BIRC/tile_26046.png,2
arctic_vegetation/20230724_birch24_m3m/BIRC/tile_26047.png,2
arctic_vegetation/20230724_birch24_m3m/BIRC/tile_26048.png,2
arctic_vegetation/20230724_birch24_m3m/BIRC/tile_26049.png,2
arctic_vegetation/20230724_birch24_m3m/BIRC/tile_26050.png,2
arctic_vegetation/20230724_birch24_m3m/BIRC/tile_26051.png,2
arctic_vegetation/20230724_birch24_m3m/BIRC/tile_26052.png,2
arctic_vegetation/20230724_birch24_m3m/BIRC/tile_26053.png,2
arctic_vegetation/20230724_birch24_m3m/BIRC/tile_26054.png,2
arctic_vegetation/20230724_birch24_m3m/BIRC/tile_26055.png,2
arctic_vegetation/20230724_birch24_m3m/BIRC/tile_26056.png,2
arctic_vegetation/20230724_birch24_m3m/BIRC/tile_26057.png,2
arctic_vegetation/20230724_birch24_m3m/BIRC/tile_26058.png,2
arctic_vegetation/20230724_birch24_m3m/BIRC/tile_26059.png,2
arctic_vegetation/20230724_birch24_m3m/BIRC/tile_26060.png,2
arctic_vegetation/20230724_birch24_m3m/PETF/tile_26061.png,6
arctic_vegetation/20230724_birch24_m3m/BIRC/tile_26062.png,2
arctic_vegetation/20230724_birch24_m3m/BIRC/tile_26063.png,2
arctic_vegetation/20230724_birch24_m3m/BIRC/tile_26064.png,2
arctic_vegetation/20230724_birch24_m3m/BIRC/tile_26065.png,2
arctic_vegetation/20230724_birch24_m3m/BIRC/tile_26066.png,2
arctic_vegetation/20230724_birch24_m3m/BIRC/tile_26067.png,2
arctic_vegetation/20230724_birch24_m3m/BIRC/tile_26068.png,2
arctic_vegetation/20230724_birch24_m3m/BIRC/tile_26069.png,2
arctic_vegetation/20230724_birch24_m3m/BIRC/tile_26070.png,2
arctic_vegetation/20230724_birch24_m3m/BIRC/tile_26071.png,2
arctic_vegetation/20230724_birch24_m3m/BIRC/tile_26072.png,2
arctic_vegetation/20230724_birch24_m3m/BIRC/tile_26073.png,2
arctic_vegetation/20230724_birch24_m3m/BIRC/tile_26074.png,2
arctic_vegetation/20230724_birch24_m3m/BIRC/tile_26075.png,2
arctic_vegetation/20230724_birch24_m3m/BIRC/tile_26076.png,2
arctic_vegetation/20230724_birch24_m3m/BIRC/tile_26081.png,2
arctic_vegetation/20230724_birch24_m3m/BIRC/tile_26082.png,2
arctic_vegetation/20230724_birch24_m3m/BIRC/tile_26083.png,2
arctic_vegetation/20230724_birch24_m3m/BIRC/tile_26084.png,2
arctic_vegetation/20230724_birch24_m3m/BIRC/tile_26085.png,2
arctic_vegetation/20230724_birch24_m3m/BIRC/tile_26086.png,2
arctic_vegetation/20230724_birch24_m3m/BIRC/tile_26087.png,2
arctic_vegetation/20230724_birch24_m3m/BIRC/tile_26088.png,2
arctic_vegetation/20230724_birch24_m3m/BIRC/tile_26089.png,2
arctic_vegetation/20230724_birch24_m3m/BIRC/tile_26090.png,2
arctic_vegetation/20230724_birch24_m3m/BIRC/tile_26091.png,2
arctic_vegetation/20230724_birch24_m3m/BIRC/tile_26092.png,2
arctic_vegetation/20230724_birch24_m3m/BIRC/tile_26093.png,2
arctic_vegetation/20230724_birch24_m3m/BIRC/tile_26094.png,2
arctic_vegetation/20230724_birch24_m3m/BIRC/tile_26095.png,2
arctic_vegetation/20230724_birch24_m3m/BIRC/tile_26096.png,2
arctic_vegetation/20230724_birch24_m3m/BIRC/tile_26097.png,2
arctic_vegetation/20230724_birch24_m3m/BIRC/tile_26098.png,2
arctic_vegetation/20230724_birch24_m3m/BIRC/tile_26099.png,2
arctic_vegetation/20230724_birch24_m3m/BIRC/tile_26100.png,2
arctic_vegetation/20230724_birch24_m3m/BIRC/tile_26101.png,2
arctic_vegetation/20230724_birch24_m3m/BIRC/tile_26102.png,2
arctic_vegetation/20230724_birch24_m3m/BIRC/tile_26103.png,2
arctic_vegetation/20230724_birch24_m3m/BIRC/tile_26104.png,2
arctic_vegetation/20230724_birch24_m3m/BIRC/tile_26105.png,2
arctic_vegetation/20230724_birch24_m3m/BIRC/tile_26106.png,2
arctic_vegetation/20230724_birch24_m3m/BIRC/tile_26107.png,2
arctic_vegetation/20230724_birch24_m3m/BIRC/tile_26108.png,2
arctic_vegetation/20230724_birch24_m3m/BIRC/tile_26109.png,2
arctic_vegetation/20230724_birch24_m3m/PETF/tile_26110.png,6
arctic_vegetation/20230724_birch24_m3m/BIRC/tile_26111.png,2
arctic_vegetation/20230724_birch24_m3m/BIRC/tile_26112.png,2
arctic_vegetation/20230724_birch24_m3m/BIRC/tile_26113.png,2
arctic_vegetation/20230724_birch24_m3m/BIRC/tile_26114.png,2
arctic_vegetation/20230724_birch24_m3m/BIRC/tile_26115.png,2
arctic_vegetation/20230724_birch24_m3m/BIRC/tile_26116.png,2
arctic_vegetation/20230724_birch24_m3m/BIRC/tile_26117.png,2
arctic_vegetation/20230724_birch24_m3m/BIRC/tile_26215.png,2
arctic_vegetation/20230724_birch24_m3m/BIRC/tile_26216.png,2
arctic_vegetation/20230724_birch24_m3m/BIRC/tile_26217.png,2
arctic_vegetation/20230724_birch24_m3m/BIRC/tile_26218.png,2
arctic_vegetation/20230724_birch24_m3m/BIRC/tile_26219.png,2
arctic_vegetation/20230724_birch24_m3m/BIRC/tile_26220.png,2
arctic_vegetation/20230724_birch24_m3m/BIRC/tile_26221.png,2
arctic_vegetation/20230724_birch24_m3m/BIRC/tile_26222.png,2
arctic_vegetation/20230724_birch24_m3m/BIRC/tile_26223.png,2
arctic_vegetation/20230724_birch24_m3m/BIRC/tile_26224.png,2
arctic_vegetation/20230724_birch24_m3m/BIRC/tile_26225.png,2
arctic_vegetation/20230724_birch24_m3m/BIRC/tile_26226.png,2
arctic_vegetation/20230724_birch24_m3m/BIRC/tile_26227.png,2
arctic_vegetation/20230724_birch24_m3m/BIRC/tile_26228.png,2
arctic_vegetation/20230724_birch24_m3m/BIRC/tile_26229.png,2
arctic_vegetation/20230724_birch24_m3m/BIRC/tile_26230.png,2
arctic_vegetation/20230724_birch24_m3m/BIRC/tile_26231.png,2
arctic_vegetation/20230724_birch24_m3m/BIRC/tile_26232.png,2
arctic_vegetation/20230724_birch24_m3m/BIRC/tile_26235.png,2
arctic_vegetation/20230724_birch24_m3m/BIRC/tile_26236.png,2
arctic_vegetation/20230724_birch24_m3m/BIRC/tile_26237.png,2
arctic_vegetation/20230724_birch24_m3m/BIRC/tile_26238.png,2
arctic_vegetation/20230724_birch24_m3m/BIRC/tile_26239.png,2
arctic_vegetation/20230724_birch24_m3m/BIRC/tile_26240.png,2
arctic_vegetation/20230724_birch24_m3m/BIRC/tile_26241.png,2
arctic_vegetation/20230724_birch24_m3m/BIRC/tile_26242.png,2
arctic_vegetation/20230724_birch24_m3m/BIRC/tile_26243.png,2
arctic_vegetation/20230724_birch24_m3m/BIRC/tile_26244.png,2
arctic_vegetation/20230724_birch24_m3m/BIRC/tile_26245.png,2
arctic_vegetation/20230724_birch24_m3m/BIRC/tile_26246.png,2
arctic_vegetation/20230724_birch24_m3m/BIRC/tile_26247.png,2
arctic_vegetation/20230724_birch24_m3m/LICH/tile_26248.png,4
arctic_vegetation/20230724_birch24_m3m/LICH/tile_26249.png,4
arctic_vegetation/20230724_birch24_m3m/LICH/tile_26250.png,4
arctic_vegetation/20230724_birch24_m3m/LICH/tile_26251.png,4
arctic_vegetation/20230724_birch24_m3m/LICH/tile_26252.png,4
arctic_vegetation/20230724_birch24_m3m/LICH/tile_26253.png,4
arctic_vegetation/20230724_birch24_m3m/LICH/tile_26254.png,4
arctic_vegetation/20230724_birch24_m3m/LICH/tile_26255.png,4
arctic_vegetation/20230724_birch24_m3m/LICH/tile_26256.png,4
arctic_vegetation/20230724_birch24_m3m/LICH/tile_26257.png,4
arctic_vegetation/20230724_birch24_m3m/LICH/tile_26258.png,4
arctic_vegetation/20230724_birch24_m3m/LICH/tile_26259.png,4
arctic_vegetation/20230724_birch24_m3m/BIRC/tile_26260.png,2
arctic_vegetation/20230724_birch24_m3m/BIRC/tile_26261.png,2
arctic_vegetation/20230724_birch24_m3m/BIRC/tile_26262.png,2
arctic_vegetation/20230724_birch24_m3m/BIRC/tile_26263.png,2
arctic_vegetation/20230724_birch24_m3m/BIRC/tile_26264.png,2
arctic_vegetation/20230724_birch24_m3m/BIRC/tile_26265.png,2
arctic_vegetation/20230724_birch24_m3m/BIRC/tile_26266.png,2
arctic_vegetation/20230724_birch24_m3m/BIRC/tile_26267.png,2
arctic_vegetation/20230724_birch24_m3m/BIRC/tile_26268.png,2
arctic_vegetation/20230724_birch24_m3m/BIRC/tile_26269.png,2
arctic_vegetation/20230724_birch24_m3m/BIRC/tile_26270.png,2
arctic_vegetation/20230724_birch24_m3m/BIRC/tile_26271.png,2
arctic_vegetation/20230724_birch24_m3m/BIRC/tile_26272.png,2
arctic_vegetation/20230724_birch24_m3m/BIRC/tile_26273.png,2
arctic_vegetation/20230724_birch24_m3m/BIRC/tile_26274.png,2
arctic_vegetation/20230724_birch24_m3m/BIRC/tile_26276.png,2
arctic_vegetation/20230724_birch24_m3m/BIRC/tile_26277.png,2
arctic_vegetation/20230724_birch24_m3m/BIRC/tile_26278.png,2
arctic_vegetation/20230724_birch24_m3m/BIRC/tile_26279.png,2
arctic_vegetation/20230724_birch24_m3m/BIRC/tile_26280.png,2
arctic_vegetation/20230724_birch24_m3m/BIRC/tile_26281.png,2
arctic_vegetation/20230724_birch24_m3m/BIRC/tile_26282.png,2
arctic_vegetation/20230724_birch24_m3m/BIRC/tile_26283.png,2
arctic_vegetation/20230724_birch24_m3m/BIRC/tile_26284.png,2
arctic_vegetation/20230724_birch24_m3m/BIRC/tile_26285.png,2
arctic_vegetation/20230724_birch24_m3m/BIRC/tile_26286.png,2
arctic_vegetation/20230724_birch24_m3m/BIRC/tile_26287.png,2
arctic_vegetation/20230724_birch24_m3m/BIRC/tile_26288.png,2
arctic_vegetation/20230724_birch24_m3m/BIRC/tile_26289.png,2
arctic_vegetation/20230724_birch24_m3m/BIRC/tile_26290.png,2
arctic_vegetation/20230724_birch24_m3m/BIRC/tile_26295.png,2
arctic_vegetation/20230724_birch24_m3m/BIRC/tile_26296.png,2
arctic_vegetation/20230724_birch24_m3m/BIRC/tile_26297.png,2
arctic_vegetation/20230724_birch24_m3m/BIRC/tile_26298.png,2
arctic_vegetation/20230724_birch24_m3m/BIRC/tile_26299.png,2
arctic_vegetation/20230724_birch24_m3m/BIRC/tile_26300.png,2
arctic_vegetation/20230724_birch24_m3m/BIRC/tile_26301.png,2
arctic_vegetation/20230724_birch24_m3m/BIRC/tile_26302.png,2
arctic_vegetation/20230724_birch24_m3m/BIRC/tile_26303.png,2
arctic_vegetation/20230724_birch24_m3m/BIRC/tile_26304.png,2
arctic_vegetation/20230724_birch24_m3m/BIRC/tile_26305.png,2
arctic_vegetation/20230724_birch24_m3m/BIRC/tile_26306.png,2
arctic_vegetation/20230724_birch24_m3m/BIRC/tile_26307.png,2
arctic_vegetation/20230724_birch24_m3m/BIRC/tile_26308.png,2
arctic_vegetation/20230724_birch24_m3m/BIRC/tile_26309.png,2
arctic_vegetation/20230724_birch24_m3m/BIRC/tile_26310.png,2
arctic_vegetation/20230724_birch24_m3m/BIRC/tile_26311.png,2
arctic_vegetation/20230724_birch24_m3m/BIRC/tile_26312.png,2
arctic_vegetation/20230724_birch24_m3m/BIRC/tile_26313.png,2
arctic_vegetation/20230724_birch24_m3m/BIRC/tile_26314.png,2
arctic_vegetation/20230724_birch24_m3m/BIRC/tile_26315.png,2
arctic_vegetation/20230724_birch24_m3m/BIRC/tile_26316.png,2
arctic_vegetation/20230724_birch24_m3m/BIRC/tile_26317.png,2
arctic_vegetation/20230724_birch24_m3m/BIRC/tile_26318.png,2
arctic_vegetation/20230724_birch24_m3m/BIRC/tile_26319.png,2
arctic_vegetation/20230724_birch24_m3m/BIRC/tile_26320.png,2
arctic_vegetation/20230724_birch24_m3m/BIRC/tile_26321.png,2
arctic_vegetation/20230724_birch24_m3m/BIRC/tile_26322.png,2
arctic_vegetation/20230724_birch24_m3m/BIRC/tile_26323.png,2
arctic_vegetation/20230724_birch24_m3m/BIRC/tile_26324.png,2
arctic_vegetation/20230724_birch24_m3m/BIRC/tile_26325.png,2
arctic_vegetation/20230724_birch24_m3m/BIRC/tile_26326.png,2
arctic_vegetation/20230724_birch24_m3m/BIRC/tile_26327.png,2
arctic_vegetation/20230724_birch24_m3m/BIRC/tile_26328.png,2
arctic_vegetation/20230724_birch24_m3m/BIRC/tile_26329.png,2
arctic_vegetation/20230724_birch24_m3m/BIRC/tile_26330.png,2
arctic_vegetation/20230724_birch24_m3m/BIRC/tile_26331.png,2
arctic_vegetation/20230724_birch24_m3m/BIRC/tile_26429.png,2
arctic_vegetation/20230724_birch24_m3m/BIRC/tile_26430.png,2
arctic_vegetation/20230724_birch24_m3m/BIRC/tile_26431.png,2
arctic_vegetation/20230724_birch24_m3m/BIRC/tile_26432.png,2
arctic_vegetation/20230724_birch24_m3m/BIRC/tile_26433.png,2
arctic_vegetation/20230724_birch24_m3m/BIRC/tile_26434.png,2
arctic_vegetation/20230724_birch24_m3m/BIRC/tile_26435.png,2
arctic_vegetation/20230724_birch24_m3m/BIRC/tile_26436.png,2
arctic_vegetation/20230724_birch24_m3m/BIRC/tile_26437.png,2
arctic_vegetation/20230724_birch24_m3m/BIRC/tile_26438.png,2
arctic_vegetation/20230724_birch24_m3m/BIRC/tile_26439.png,2
arctic_vegetation/20230724_birch24_m3m/BIRC/tile_26440.png,2
arctic_vegetation/20230724_birch24_m3m/BIRC/tile_26441.png,2
arctic_vegetation/20230724_birch24_m3m/BIRC/tile_26442.png,2
arctic_vegetation/20230724_birch24_m3m/BIRC/tile_26443.png,2
arctic_vegetation/20230724_birch24_m3m/BIRC/tile_26444.png,2
arctic_vegetation/20230724_birch24_m3m/BIRC/tile_26445.png,2
arctic_vegetation/20230724_birch24_m3m/BIRC/tile_26447.png,2
arctic_vegetation/20230724_birch24_m3m/BIRC/tile_26448.png,2
arctic_vegetation/20230724_birch24_m3m/BIRC/tile_26449.png,2
arctic_vegetation/20230724_birch24_m3m/BIRC/tile_26450.png,2
arctic_vegetation/20230724_birch24_m3m/BIRC/tile_26452.png,2
arctic_vegetation/20230724_birch24_m3m/BIRC/tile_26453.png,2
arctic_vegetation/20230724_birch24_m3m/BIRC/tile_26454.png,2
arctic_vegetation/20230724_birch24_m3m/BIRC/tile_26455.png,2
arctic_vegetation/20230724_birch24_m3m/BIRC/tile_26456.png,2
arctic_vegetation/20230724_birch24_m3m/BIRC/tile_26457.png,2
arctic_vegetation/20230724_birch24_m3m/BIRC/tile_26458.png,2
arctic_vegetation/20230724_birch24_m3m/BIRC/tile_26459.png,2
arctic_vegetation/20230724_birch24_m3m/LICH/tile_26460.png,4
arctic_vegetation/20230724_birch24_m3m/LICH/tile_26461.png,4
arctic_vegetation/20230724_birch24_m3m/LICH/tile_26462.png,4
arctic_vegetation/20230724_birch24_m3m/LICH/tile_26463.png,4
arctic_vegetation/20230724_birch24_m3m/LICH/tile_26464.png,4
arctic_vegetation/20230724_birch24_m3m/LICH/tile_26465.png,4
arctic_vegetation/20230724_birch24_m3m/LICH/tile_26466.png,4
arctic_vegetation/20230724_birch24_m3m/LICH/tile_26467.png,4
arctic_vegetation/20230724_birch24_m3m/LICH/tile_26468.png,4
arctic_vegetation/20230724_birch24_m3m/LICH/tile_26469.png,4
arctic_vegetation/20230724_birch24_m3m/LICH/tile_26470.png,4
arctic_vegetation/20230724_birch24_m3m/LICH/tile_26471.png,4
arctic_vegetation/20230724_birch24_m3m/LICH/tile_26472.png,4
arctic_vegetation/20230724_birch24_m3m/LICH/tile_26473.png,4
arctic_vegetation/20230724_birch24_m3m/BIRC/tile_26474.png,2
arctic_vegetation/20230724_birch24_m3m/BIRC/tile_26475.png,2
arctic_vegetation/20230724_birch24_m3m/BIRC/tile_26476.png,2
arctic_vegetation/20230724_birch24_m3m/BIRC/tile_26477.png,2
arctic_vegetation/20230724_birch24_m3m/BIRC/tile_26478.png,2
arctic_vegetation/20230724_birch24_m3m/BIRC/tile_26479.png,2
arctic_vegetation/20230724_birch24_m3m/BIRC/tile_26480.png,2
arctic_vegetation/20230724_birch24_m3m/BIRC/tile_26481.png,2
arctic_vegetation/20230724_birch24_m3m/BIRC/tile_26482.png,2
arctic_vegetation/20230724_birch24_m3m/BIRC/tile_26483.png,2
arctic_vegetation/20230724_birch24_m3m/BIRC/tile_26484.png,2
arctic_vegetation/20230724_birch24_m3m/BIRC/tile_26485.png,2
arctic_vegetation/20230724_birch24_m3m/BIRC/tile_26486.png,2
arctic_vegetation/20230724_birch24_m3m/BIRC/tile_26487.png,2
arctic_vegetation/20230724_birch24_m3m/BIRC/tile_26488.png,2
arctic_vegetation/20230724_birch24_m3m/BIRC/tile_26490.png,2
arctic_vegetation/20230724_birch24_m3m/BIRC/tile_26491.png,2
arctic_vegetation/20230724_birch24_m3m/BIRC/tile_26492.png,2
arctic_vegetation/20230724_birch24_m3m/BIRC/tile_26493.png,2
arctic_vegetation/20230724_birch24_m3m/BIRC/tile_26494.png,2
arctic_vegetation/20230724_birch24_m3m/BIRC/tile_26495.png,2
arctic_vegetation/20230724_birch24_m3m/BIRC/tile_26496.png,2
arctic_vegetation/20230724_birch24_m3m/BIRC/tile_26497.png,2
arctic_vegetation/20230724_birch24_m3m/BIRC/tile_26498.png,2
arctic_vegetation/20230724_birch24_m3m/BIRC/tile_26499.png,2
arctic_vegetation/20230724_birch24_m3m/BIRC/tile_26500.png,2
arctic_vegetation/20230724_birch24_m3m/BIRC/tile_26501.png,2
arctic_vegetation/20230724_birch24_m3m/BIRC/tile_26502.png,2
arctic_vegetation/20230724_birch24_m3m/BIRC/tile_26503.png,2
arctic_vegetation/20230724_birch24_m3m/BIRC/tile_26504.png,2
arctic_vegetation/20230724_birch24_m3m/BIRC/tile_26505.png,2
arctic_vegetation/20230724_birch24_m3m/BIRC/tile_26506.png,2
arctic_vegetation/20230724_birch24_m3m/BIRC/tile_26507.png,2
arctic_vegetation/20230724_birch24_m3m/BIRC/tile_26508.png,2
arctic_vegetation/20230724_birch24_m3m/BIRC/tile_26509.png,2
arctic_vegetation/20230724_birch24_m3m/BIRC/tile_26510.png,2
arctic_vegetation/20230724_birch24_m3m/BIRC/tile_26511.png,2
arctic_vegetation/20230724_birch24_m3m/BIRC/tile_26512.png,2
arctic_vegetation/20230724_birch24_m3m/BIRC/tile_26513.png,2
arctic_vegetation/20230724_birch24_m3m/BIRC/tile_26514.png,2
arctic_vegetation/20230724_birch24_m3m/BIRC/tile_26515.png,2
arctic_vegetation/20230724_birch24_m3m/BIRC/tile_26516.png,2
arctic_vegetation/20230724_birch24_m3m/BIRC/tile_26517.png,2
arctic_vegetation/20230724_birch24_m3m/BIRC/tile_26518.png,2
arctic_vegetation/20230724_birch24_m3m/BIRC/tile_26519.png,2
arctic_vegetation/20230724_birch24_m3m/BIRC/tile_26520.png,2
arctic_vegetation/20230724_birch24_m3m/BIRC/tile_26521.png,2
arctic_vegetation/20230724_birch24_m3m/BIRC/tile_26522.png,2
arctic_vegetation/20230724_birch24_m3m/BIRC/tile_26523.png,2
arctic_vegetation/20230724_birch24_m3m/BIRC/tile_26524.png,2
arctic_vegetation/20230724_birch24_m3m/BIRC/tile_26525.png,2
arctic_vegetation/20230724_birch24_m3m/BIRC/tile_26526.png,2
arctic_vegetation/20230724_birch24_m3m/BIRC/tile_26527.png,2
arctic_vegetation/20230724_birch24_m3m/BIRC/tile_26528.png,2
arctic_vegetation/20230724_birch24_m3m/BIRC/tile_26529.png,2
arctic_vegetation/20230724_birch24_m3m/BIRC/tile_26530.png,2
arctic_vegetation/20230724_birch24_m3m/BIRC/tile_26531.png,2
arctic_vegetation/20230724_birch24_m3m/BIRC/tile_26532.png,2
arctic_vegetation/20230724_birch24_m3m/BIRC/tile_26533.png,2
arctic_vegetation/20230724_birch24_m3m/BIRC/tile_26534.png,2
arctic_vegetation/20230724_birch24_m3m/BIRC/tile_26535.png,2
arctic_vegetation/20230724_birch24_m3m/BIRC/tile_26536.png,2
arctic_vegetation/20230724_birch24_m3m/BIRC/tile_26537.png,2
arctic_vegetation/20230724_birch24_m3m/BIRC/tile_26538.png,2
arctic_vegetation/20230724_birch24_m3m/BIRC/tile_26539.png,2
arctic_vegetation/20230724_birch24_m3m/BIRC/tile_26540.png,2
arctic_vegetation/20230724_birch24_m3m/BIRC/tile_26541.png,2
arctic_vegetation/20230724_birch24_m3m/BIRC/tile_26542.png,2
arctic_vegetation/20230724_birch24_m3m/BIRC/tile_26543.png,2
arctic_vegetation/20230724_birch24_m3m/BIRC/tile_26544.png,2
arctic_vegetation/20230724_birch24_m3m/BIRC/tile_26545.png,2
arctic_vegetation/20230724_birch24_m3m/BIRC/tile_26643.png,2
arctic_vegetation/20230724_birch24_m3m/BIRC/tile_26644.png,2
arctic_vegetation/20230724_birch24_m3m/BIRC/tile_26645.png,2
arctic_vegetation/20230724_birch24_m3m/BIRC/tile_26646.png,2
arctic_vegetation/20230724_birch24_m3m/BIRC/tile_26647.png,2
arctic_vegetation/20230724_birch24_m3m/BIRC/tile_26648.png,2
arctic_vegetation/20230724_birch24_m3m/BIRC/tile_26649.png,2
arctic_vegetation/20230724_birch24_m3m/BIRC/tile_26650.png,2
arctic_vegetation/20230724_birch24_m3m/BIRC/tile_26651.png,2
arctic_vegetation/20230724_birch24_m3m/WILL/tile_26652.png,11
arctic_vegetation/20230724_birch24_m3m/WILL/tile_26653.png,11
arctic_vegetation/20230724_birch24_m3m/BIRC/tile_26654.png,2
arctic_vegetation/20230724_birch24_m3m/BIRC/tile_26655.png,2
arctic_vegetation/20230724_birch24_m3m/BIRC/tile_26656.png,2
arctic_vegetation/20230724_birch24_m3m/BIRC/tile_26657.png,2
arctic_vegetation/20230724_birch24_m3m/BIRC/tile_26658.png,2
arctic_vegetation/20230724_birch24_m3m/BIRC/tile_26659.png,2
arctic_vegetation/20230724_birch24_m3m/BIRC/tile_26660.png,2
arctic_vegetation/20230724_birch24_m3m/BIRC/tile_26661.png,2
arctic_vegetation/20230724_birch24_m3m/BIRC/tile_26662.png,2
arctic_vegetation/20230724_birch24_m3m/BIRC/tile_26663.png,2
arctic_vegetation/20230724_birch24_m3m/BIRC/tile_26664.png,2
arctic_vegetation/20230724_birch24_m3m/PETF/tile_26665.png,6
arctic_vegetation/20230724_birch24_m3m/BIRC/tile_26666.png,2
arctic_vegetation/20230724_birch24_m3m/BIRC/tile_26667.png,2
arctic_vegetation/20230724_birch24_m3m/BIRC/tile_26668.png,2
arctic_vegetation/20230724_birch24_m3m/BIRC/tile_26669.png,2
arctic_vegetation/20230724_birch24_m3m/BIRC/tile_26670.png,2
arctic_vegetation/20230724_birch24_m3m/BIRC/tile_26671.png,2
arctic_vegetation/20230724_birch24_m3m/BIRC/tile_26672.png,2
arctic_vegetation/20230724_birch24_m3m/BIRC/tile_26673.png,2
arctic_vegetation/20230724_birch24_m3m/LICH/tile_26674.png,4
arctic_vegetation/20230724_birch24_m3m/LICH/tile_26675.png,4
arctic_vegetation/20230724_birch24_m3m/LICH/tile_26676.png,4
arctic_vegetation/20230724_birch24_m3m/LICH/tile_26677.png,4
arctic_vegetation/20230724_birch24_m3m/LICH/tile_26678.png,4
arctic_vegetation/20230724_birch24_m3m/LICH/tile_26679.png,4
arctic_vegetation/20230724_birch24_m3m/BIRC/tile_26680.png,2
arctic_vegetation/20230724_birch24_m3m/BIRC/tile_26681.png,2
arctic_vegetation/20230724_birch24_m3m/BIRC/tile_26682.png,2
arctic_vegetation/20230724_birch24_m3m/BIRC/tile_26683.png,2
arctic_vegetation/20230724_birch24_m3m/BIRC/tile_26684.png,2
arctic_vegetation/20230724_birch24_m3m/BIRC/tile_26685.png,2
arctic_vegetation/20230724_birch24_m3m/BIRC/tile_26686.png,2
arctic_vegetation/20230724_birch24_m3m/BIRC/tile_26687.png,2
arctic_vegetation/20230724_birch24_m3m/BIRC/tile_26688.png,2
arctic_vegetation/20230724_birch24_m3m/BIRC/tile_26689.png,2
arctic_vegetation/20230724_birch24_m3m/BIRC/tile_26690.png,2
arctic_vegetation/20230724_birch24_m3m/BIRC/tile_26691.png,2
arctic_vegetation/20230724_birch24_m3m/BIRC/tile_26692.png,2
arctic_vegetation/20230724_birch24_m3m/BIRC/tile_26693.png,2
arctic_vegetation/20230724_birch24_m3m/BIRC/tile_26694.png,2
arctic_vegetation/20230724_birch24_m3m/BIRC/tile_26695.png,2
arctic_vegetation/20230724_birch24_m3m/BIRC/tile_26696.png,2
arctic_vegetation/20230724_birch24_m3m/BIRC/tile_26697.png,2
arctic_vegetation/20230724_birch24_m3m/BIRC/tile_26698.png,2
arctic_vegetation/20230724_birch24_m3m/BIRC/tile_26699.png,2
arctic_vegetation/20230724_birch24_m3m/BIRC/tile_26700.png,2
arctic_vegetation/20230724_birch24_m3m/BIRC/tile_26701.png,2
arctic_vegetation/20230724_birch24_m3m/BIRC/tile_26702.png,2
arctic_vegetation/20230724_birch24_m3m/BIRC/tile_26703.png,2
arctic_vegetation/20230724_birch24_m3m/BIRC/tile_26704.png,2
arctic_vegetation/20230724_birch24_m3m/BIRC/tile_26705.png,2
arctic_vegetation/20230724_birch24_m3m/BIRC/tile_26706.png,2
arctic_vegetation/20230724_birch24_m3m/BIRC/tile_26707.png,2
arctic_vegetation/20230724_birch24_m3m/BIRC/tile_26708.png,2
arctic_vegetation/20230724_birch24_m3m/BIRC/tile_26709.png,2
arctic_vegetation/20230724_birch24_m3m/BIRC/tile_26710.png,2
arctic_vegetation/20230724_birch24_m3m/BIRC/tile_26711.png,2
arctic_vegetation/20230724_birch24_m3m/BIRC/tile_26712.png,2
arctic_vegetation/20230724_birch24_m3m/BIRC/tile_26713.png,2
arctic_vegetation/20230724_birch24_m3m/BIRC/tile_26714.png,2
arctic_vegetation/20230724_birch24_m3m/BIRC/tile_26715.png,2
arctic_vegetation/20230724_birch24_m3m/BIRC/tile_26716.png,2
arctic_vegetation/20230724_birch24_m3m/BIRC/tile_26717.png,2
arctic_vegetation/20230724_birch24_m3m/BIRC/tile_26718.png,2
arctic_vegetation/20230724_birch24_m3m/BIRC/tile_26719.png,2
arctic_vegetation/20230724_birch24_m3m/BIRC/tile_26720.png,2
arctic_vegetation/20230724_birch24_m3m/BIRC/tile_26721.png,2
arctic_vegetation/20230724_birch24_m3m/BIRC/tile_26722.png,2
arctic_vegetation/20230724_birch24_m3m/BIRC/tile_26723.png,2
arctic_vegetation/20230724_birch24_m3m/BIRC/tile_26724.png,2
arctic_vegetation/20230724_birch24_m3m/BIRC/tile_26725.png,2
arctic_vegetation/20230724_birch24_m3m/BIRC/tile_26726.png,2
arctic_vegetation/20230724_birch24_m3m/BIRC/tile_26727.png,2
arctic_vegetation/20230724_birch24_m3m/BIRC/tile_26728.png,2
arctic_vegetation/20230724_birch24_m3m/BIRC/tile_26729.png,2
arctic_vegetation/20230724_birch24_m3m/BIRC/tile_26730.png,2
arctic_vegetation/20230724_birch24_m3m/BIRC/tile_26731.png,2
arctic_vegetation/20230724_birch24_m3m/BIRC/tile_26732.png,2
arctic_vegetation/20230724_birch24_m3m/BIRC/tile_26733.png,2
arctic_vegetation/20230724_birch24_m3m/BIRC/tile_26734.png,2
arctic_vegetation/20230724_birch24_m3m/BIRC/tile_26735.png,2
arctic_vegetation/20230724_birch24_m3m/BIRC/tile_26736.png,2
arctic_vegetation/20230724_birch24_m3m/BIRC/tile_26737.png,2
arctic_vegetation/20230724_birch24_m3m/BIRC/tile_26738.png,2
arctic_vegetation/20230724_birch24_m3m/BIRC/tile_26739.png,2
arctic_vegetation/20230724_birch24_m3m/BIRC/tile_26740.png,2
arctic_vegetation/20230724_birch24_m3m/BIRC/tile_26741.png,2
arctic_vegetation/20230724_birch24_m3m/BIRC/tile_26742.png,2
arctic_vegetation/20230724_birch24_m3m/BIRC/tile_26743.png,2
arctic_vegetation/20230724_birch24_m3m/BIRC/tile_26744.png,2
arctic_vegetation/20230724_birch24_m3m/BIRC/tile_26745.png,2
arctic_vegetation/20230724_birch24_m3m/BIRC/tile_26746.png,2
arctic_vegetation/20230724_birch24_m3m/BIRC/tile_26747.png,2
arctic_vegetation/20230724_birch24_m3m/BIRC/tile_26748.png,2
arctic_vegetation/20230724_birch24_m3m/BIRC/tile_26749.png,2
arctic_vegetation/20230724_birch24_m3m/BIRC/tile_26750.png,2
arctic_vegetation/20230724_birch24_m3m/BIRC/tile_26751.png,2
arctic_vegetation/20230724_birch24_m3m/BIRC/tile_26752.png,2
arctic_vegetation/20230724_birch24_m3m/BIRC/tile_26753.png,2
arctic_vegetation/20230724_birch24_m3m/BIRC/tile_26754.png,2
arctic_vegetation/20230724_birch24_m3m/BIRC/tile_26755.png,2
arctic_vegetation/20230724_birch24_m3m/BIRC/tile_26756.png,2
arctic_vegetation/20230724_birch24_m3m/BIRC/tile_26757.png,2
arctic_vegetation/20230724_birch24_m3m/BIRC/tile_26758.png,2
arctic_vegetation/20230724_birch24_m3m/BIRC/tile_26759.png,2
arctic_vegetation/20230724_birch24_m3m/BIRC/tile_26857.png,2
arctic_vegetation/20230724_birch24_m3m/BIRC/tile_26858.png,2
arctic_vegetation/20230724_birch24_m3m/BIRC/tile_26859.png,2
arctic_vegetation/20230724_birch24_m3m/BIRC/tile_26860.png,2
arctic_vegetation/20230724_birch24_m3m/BIRC/tile_26861.png,2
arctic_vegetation/20230724_birch24_m3m/BIRC/tile_26862.png,2
arctic_vegetation/20230724_birch24_m3m/BIRC/tile_26863.png,2
arctic_vegetation/20230724_birch24_m3m/BIRC/tile_26864.png,2
arctic_vegetation/20230724_birch24_m3m/BIRC/tile_26865.png,2
arctic_vegetation/20230724_birch24_m3m/WILL/tile_26866.png,11
arctic_vegetation/20230724_birch24_m3m/WILL/tile_26867.png,11
arctic_vegetation/20230724_birch24_m3m/BIRC/tile_26868.png,2
arctic_vegetation/20230724_birch24_m3m/BIRC/tile_26869.png,2
arctic_vegetation/20230724_birch24_m3m/BIRC/tile_26870.png,2
arctic_vegetation/20230724_birch24_m3m/BIRC/tile_26871.png,2
arctic_vegetation/20230724_birch24_m3m/BIRC/tile_26872.png,2
arctic_vegetation/20230724_birch24_m3m/BIRC/tile_26873.png,2
arctic_vegetation/20230724_birch24_m3m/BIRC/tile_26874.png,2
arctic_vegetation/20230724_birch24_m3m/BIRC/tile_26875.png,2
arctic_vegetation/20230724_birch24_m3m/BIRC/tile_26876.png,2
arctic_vegetation/20230724_birch24_m3m/BIRC/tile_26877.png,2
arctic_vegetation/20230724_birch24_m3m/BIRC/tile_26878.png,2
