filepath,label
arctic_vegetation/20230724_riparianshrub32_m3m/WILL/tile_13041.png,11
arctic_vegetation/20230724_riparianshrub32_m3m/WILL/tile_13042.png,11
arctic_vegetation/20230724_riparianshrub32_m3m/WILL/tile_13043.png,11
arctic_vegetation/20230724_riparianshrub32_m3m/SEDG/tile_13044.png,9
arctic_vegetation/20230724_riparianshrub32_m3m/WILL/tile_13045.png,11
arctic_vegetation/20230724_riparianshrub32_m3m/WILL/tile_13046.png,11
arctic_vegetation/20230724_riparianshrub32_m3m/SEDG/tile_13047.png,9
arctic_vegetation/20230724_riparianshrub32_m3m/SEDG/tile_13048.png,9
arctic_vegetation/20230724_riparianshrub32_m3m/SEDG/tile_13049.png,9
arctic_vegetation/20230724_riparianshrub32_m3m/SEDG/tile_13051.png,9
arctic_vegetation/20230724_riparianshrub32_m3m/SEDG/tile_13052.png,9
arctic_vegetation/20230724_riparianshrub32_m3m/SEDG/tile_13053.png,9
arctic_vegetation/20230724_riparianshrub32_m3m/SEDG/tile_13054.png,9
arctic_vegetation/20230724_riparianshrub32_m3m/SEDG/tile_13055.png,9
arctic_vegetation/20230724_riparianshrub32_m3m/SEDG/tile_13056.png,9
arctic_vegetation/20230724_riparianshrub32_m3m/SEDG/tile_13057.png,9
arctic_vegetation/20230724_riparianshrub32_m3m/SEDG/tile_13058.png,9
arctic_vegetation/20230724_riparianshrub32_m3m/SEDG/tile_13059.png,9
arctic_vegetation/20230724_riparianshrub32_m3m/SEDG/tile_13060.png,9
arctic_vegetation/20230724_riparianshrub32_m3m/PETF/tile_13179.png,6
arctic_vegetation/20230724_riparianshrub32_m3m/PETF/tile_13180.png,6
arctic_vegetation/20230724_riparianshrub32_m3m/SEDG/tile_13181.png,9
arctic_vegetation/20230724_riparianshrub32_m3m/SEDG/tile_13182.png,9
arctic_vegetation/20230724_riparianshrub32_m3m/SEDG/tile_13183.png,9
arctic_vegetation/20230724_riparianshrub32_m3m/PETF/tile_13184.png,6
arctic_vegetation/20230724_riparianshrub32_m3m/PETF/tile_13185.png,6
arctic_vegetation/20230724_riparianshrub32_m3m/PETF/tile_13186.png,6
arctic_vegetation/20230724_riparianshrub32_m3m/PETF/tile_13187.png,6
arctic_vegetation/20230724_riparianshrub32_m3m/PETF/tile_13188.png,6
arctic_vegetation/20230724_riparianshrub32_m3m/PETF/tile_13189.png,6
arctic_vegetation/20230724_riparianshrub32_m3m/PETF/tile_13190.png,6
arctic_vegetation/20230724_riparianshrub32_m3m/PETF/tile_13191.png,6
arctic_vegetation/20230724_riparianshrub32_m3m/PETF/tile_13192.png,6
arctic_vegetation/20230724_riparianshrub32_m3m/PETF/tile_13193.png,6
arctic_vegetation/20230724_riparianshrub32_m3m/PETF/tile_13194.png,6
arctic_vegetation/20230724_riparianshrub32_m3m/PETF/tile_13195.png,6
arctic_vegetation/20230724_riparianshrub32_m3m/WILL/tile_13196.png,11
arctic_vegetation/20230724_riparianshrub32_m3m/WILL/tile_13197.png,11
arctic_vegetation/20230724_riparianshrub32_m3m/WILL/tile_13198.png,11
arctic_vegetation/20230724_riparianshrub32_m3m/WILL/tile_13199.png,11
arctic_vegetation/20230724_riparianshrub32_m3m/WILL/tile_13200.png,11
arctic_vegetation/20230724_riparianshrub32_m3m/WILL/tile_13201.png,11
arctic_vegetation/20230724_riparianshrub32_m3m/WILL/tile_13202.png,11
arctic_vegetation/20230724_riparianshrub32_m3m/PETF/tile_13203.png,6
arctic_vegetation/20230724_riparianshrub32_m3m/WILL/tile_13204.png,11
arctic_vegetation/20230724_riparianshrub32_m3m/WILL/tile_13205.png,11
arctic_vegetation/20230724_riparianshrub32_m3m/WILL/tile_13206.png,11
arctic_vegetation/20230724_riparianshrub32_m3m/WILL/tile_13207.png,11
arctic_vegetation/20230724_riparianshrub32_m3m/ALDE/tile_13209.png,0
arctic_vegetation/20230724_riparianshrub32_m3m/ALDE/tile_13210.png,0
arctic_vegetation/20230724_riparianshrub32_m3m/ALDE/tile_13211.png,0
arctic_vegetation/20230724_riparianshrub32_m3m/ALDE/tile_13212.png,0
arctic_vegetation/20230724_riparianshrub32_m3m/ALDE/tile_13213.png,0
arctic_vegetation/20230724_riparianshrub32_m3m/ALDE/tile_13214.png,0
arctic_vegetation/20230724_riparianshrub32_m3m/SEDG/tile_13215.png,9
arctic_vegetation/20230724_riparianshrub32_m3m/WILL/tile_13216.png,11
arctic_vegetation/20230724_riparianshrub32_m3m/WILL/tile_13217.png,11
arctic_vegetation/20230724_riparianshrub32_m3m/WILL/tile_13218.png,11
arctic_vegetation/20230724_riparianshrub32_m3m/WILL/tile_13219.png,11
arctic_vegetation/20230724_riparianshrub32_m3m/WILL/tile_13220.png,11
arctic_vegetation/20230724_riparianshrub32_m3m/WILL/tile_13221.png,11
arctic_vegetation/20230724_riparianshrub32_m3m/WILL/tile_13222.png,11
arctic_vegetation/20230724_riparianshrub32_m3m/WILL/tile_13223.png,11
arctic_vegetation/20230724_riparianshrub32_m3m/WILL/tile_13224.png,11
arctic_vegetation/20230724_riparianshrub32_m3m/WILL/tile_13225.png,11
arctic_vegetation/20230724_riparianshrub32_m3m/WILL/tile_13226.png,11
arctic_vegetation/20230724_riparianshrub32_m3m/SEDG/tile_13227.png,9
arctic_vegetation/20230724_riparianshrub32_m3m/SEDG/tile_13228.png,9
arctic_vegetation/20230724_riparianshrub32_m3m/SEDG/tile_13229.png,9
arctic_vegetation/20230724_riparianshrub32_m3m/SEDG/tile_13231.png,9
arctic_vegetation/20230724_riparianshrub32_m3m/SEDG/tile_13232.png,9
arctic_vegetation/20230724_riparianshrub32_m3m/SEDG/tile_13233.png,9
arctic_vegetation/20230724_riparianshrub32_m3m/SEDG/tile_13236.png,9
arctic_vegetation/20230724_riparianshrub32_m3m/SEDG/tile_13237.png,9
arctic_vegetation/20230724_riparianshrub32_m3m/SEDG/tile_13238.png,9
arctic_vegetation/20230724_riparianshrub32_m3m/SEDG/tile_13239.png,9
arctic_vegetation/20230724_riparianshrub32_m3m/ALDE/tile_13242.png,0
arctic_vegetation/20230724_riparianshrub32_m3m/ALDE/tile_13243.png,0
arctic_vegetation/20230724_riparianshrub32_m3m/ALDE/tile_13244.png,0
arctic_vegetation/20230724_riparianshrub32_m3m/WILL/tile_13245.png,11
arctic_vegetation/20230724_riparianshrub32_m3m/WILL/tile_13246.png,11
arctic_vegetation/20230724_riparianshrub32_m3m/WILL/tile_13247.png,11
arctic_vegetation/20230724_riparianshrub32_m3m/WILL/tile_13248.png,11
arctic_vegetation/20230724_riparianshrub32_m3m/WILL/tile_13249.png,11
arctic_vegetation/20230724_riparianshrub32_m3m/WILL/tile_13250.png,11
arctic_vegetation/20230724_riparianshrub32_m3m/WILL/tile_13251.png,11
arctic_vegetation/20230724_riparianshrub32_m3m/WILL/tile_13252.png,11
arctic_vegetation/20230724_riparianshrub32_m3m/WILL/tile_13253.png,11
arctic_vegetation/20230724_riparianshrub32_m3m/SEDG/tile_13360.png,9
arctic_vegetation/20230724_riparianshrub32_m3m/SEDG/tile_13361.png,9
arctic_vegetation/20230724_riparianshrub32_m3m/SEDG/tile_13362.png,9
arctic_vegetation/20230724_riparianshrub32_m3m/SEDG/tile_13363.png,9
arctic_vegetation/20230724_riparianshrub32_m3m/SEDG/tile_13364.png,9
arctic_vegetation/20230724_riparianshrub32_m3m/PETF/tile_13365.png,6
arctic_vegetation/20230724_riparianshrub32_m3m/PETF/tile_13366.png,6
arctic_vegetation/20230724_riparianshrub32_m3m/PETF/tile_13367.png,6
arctic_vegetation/20230724_riparianshrub32_m3m/PETF/tile_13368.png,6
arctic_vegetation/20230724_riparianshrub32_m3m/PETF/tile_13369.png,6
arctic_vegetation/20230724_riparianshrub32_m3m/PETF/tile_13370.png,6
arctic_vegetation/20230724_riparianshrub32_m3m/PETF/tile_13371.png,6
arctic_vegetation/20230724_riparianshrub32_m3m/PETF/tile_13372.png,6
arctic_vegetation/20230724_riparianshrub32_m3m/PETF/tile_13373.png,6
arctic_vegetation/20230724_riparianshrub32_m3m/PETF/tile_13374.png,6
arctic_vegetation/20230724_riparianshrub32_m3m/PETF/tile_13375.png,6
arctic_vegetation/20230724_riparianshrub32_m3m/SEDG/tile_13376.png,9
arctic_vegetation/20230724_riparianshrub32_m3m/WILL/tile_13377.png,11
arctic_vegetation/20230724_riparianshrub32_m3m/WILL/tile_13378.png,11
arctic_vegetation/20230724_riparianshrub32_m3m/WILL/tile_13379.png,11
arctic_vegetation/20230724_riparianshrub32_m3m/WILL/tile_13380.png,11
arctic_vegetation/20230724_riparianshrub32_m3m/WILL/tile_13381.png,11
arctic_vegetation/20230724_riparianshrub32_m3m/WILL/tile_13382.png,11
arctic_vegetation/20230724_riparianshrub32_m3m/PETF/tile_13383.png,6
arctic_vegetation/20230724_riparianshrub32_m3m/ALDE/tile_13389.png,0
arctic_vegetation/20230724_riparianshrub32_m3m/ALDE/tile_13390.png,0
arctic_vegetation/20230724_riparianshrub32_m3m/ALDE/tile_13391.png,0
arctic_vegetation/20230724_riparianshrub32_m3m/ALDE/tile_13392.png,0
arctic_vegetation/20230724_riparianshrub32_m3m/ALDE/tile_13393.png,0
arctic_vegetation/20230724_riparianshrub32_m3m/ALDE/tile_13394.png,0
arctic_vegetation/20230724_riparianshrub32_m3m/SEDG/tile_13395.png,9
arctic_vegetation/20230724_riparianshrub32_m3m/WILL/tile_13396.png,11
arctic_vegetation/20230724_riparianshrub32_m3m/WILL/tile_13397.png,11
arctic_vegetation/20230724_riparianshrub32_m3m/WILL/tile_13398.png,11
arctic_vegetation/20230724_riparianshrub32_m3m/WILL/tile_13399.png,11
arctic_vegetation/20230724_riparianshrub32_m3m/WILL/tile_13400.png,11
arctic_vegetation/20230724_riparianshrub32_m3m/WILL/tile_13401.png,11
arctic_vegetation/20230724_riparianshrub32_m3m/WILL/tile_13402.png,11
arctic_vegetation/20230724_riparianshrub32_m3m/WILL/tile_13403.png,11
arctic_vegetation/20230724_riparianshrub32_m3m/WILL/tile_13404.png,11
arctic_vegetation/20230724_riparianshrub32_m3m/WILL/tile_13405.png,11
arctic_vegetation/20230724_riparianshrub32_m3m/WILL/tile_13406.png,11
arctic_vegetation/20230724_riparianshrub32_m3m/SEDG/tile_13407.png,9
arctic_vegetation/20230724_riparianshrub32_m3m/SEDG/tile_13408.png,9
arctic_vegetation/20230724_riparianshrub32_m3m/SEDG/tile_13409.png,9
arctic_vegetation/20230724_riparianshrub32_m3m/SEDG/tile_13410.png,9
arctic_vegetation/20230724_riparianshrub32_m3m/SEDG/tile_13411.png,9
arctic_vegetation/20230724_riparianshrub32_m3m/SEDG/tile_13412.png,9
arctic_vegetation/20230724_riparianshrub32_m3m/SEDG/tile_13413.png,9
arctic_vegetation/20230724_riparianshrub32_m3m/SEDG/tile_13416.png,9
arctic_vegetation/20230724_riparianshrub32_m3m/SEDG/tile_13417.png,9
arctic_vegetation/20230724_riparianshrub32_m3m/SEDG/tile_13418.png,9
arctic_vegetation/20230724_riparianshrub32_m3m/ALDE/tile_13419.png,0
arctic_vegetation/20230724_riparianshrub32_m3m/ALDE/tile_13420.png,0
arctic_vegetation/20230724_riparianshrub32_m3m/ALDE/tile_13421.png,0
arctic_vegetation/20230724_riparianshrub32_m3m/ALDE/tile_13422.png,0
arctic_vegetation/20230724_riparianshrub32_m3m/ALDE/tile_13423.png,0
arctic_vegetation/20230724_riparianshrub32_m3m/ALDE/tile_13424.png,0
arctic_vegetation/20230724_riparianshrub32_m3m/ALDE/tile_13425.png,0
arctic_vegetation/20230724_riparianshrub32_m3m/ALDE/tile_13426.png,0
arctic_vegetation/20230724_riparianshrub32_m3m/WILL/tile_13427.png,11
arctic_vegetation/20230724_riparianshrub32_m3m/WILL/tile_13428.png,11
arctic_vegetation/20230724_riparianshrub32_m3m/WILL/tile_13429.png,11
arctic_vegetation/20230724_riparianshrub32_m3m/WILL/tile_13430.png,11
arctic_vegetation/20230724_riparianshrub32_m3m/WILL/tile_13431.png,11
arctic_vegetation/20230724_riparianshrub32_m3m/WILL/tile_13432.png,11
arctic_vegetation/20230724_riparianshrub32_m3m/WILL/tile_13433.png,11
arctic_vegetation/20230724_riparianshrub32_m3m/LICH/tile_13538.png,4
arctic_vegetation/20230724_riparianshrub32_m3m/LICH/tile_13539.png,4
arctic_vegetation/20230724_riparianshrub32_m3m/SEDG/tile_13540.png,9
arctic_vegetation/20230724_riparianshrub32_m3m/SEDG/tile_13541.png,9
arctic_vegetation/20230724_riparianshrub32_m3m/SEDG/tile_13542.png,9
arctic_vegetation/20230724_riparianshrub32_m3m/SEDG/tile_13543.png,9
arctic_vegetation/20230724_riparianshrub32_m3m/SEDG/tile_13544.png,9
arctic_vegetation/20230724_riparianshrub32_m3m/SEDG/tile_13545.png,9
arctic_vegetation/20230724_riparianshrub32_m3m/PETF/tile_13546.png,6
arctic_vegetation/20230724_riparianshrub32_m3m/PETF/tile_13547.png,6
arctic_vegetation/20230724_riparianshrub32_m3m/PETF/tile_13548.png,6
arctic_vegetation/20230724_riparianshrub32_m3m/PETF/tile_13549.png,6
arctic_vegetation/20230724_riparianshrub32_m3m/PETF/tile_13550.png,6
arctic_vegetation/20230724_riparianshrub32_m3m/PETF/tile_13551.png,6
arctic_vegetation/20230724_riparianshrub32_m3m/PETF/tile_13552.png,6
arctic_vegetation/20230724_riparianshrub32_m3m/PETF/tile_13553.png,6
arctic_vegetation/20230724_riparianshrub32_m3m/PETF/tile_13554.png,6
arctic_vegetation/20230724_riparianshrub32_m3m/PETF/tile_13555.png,6
arctic_vegetation/20230724_riparianshrub32_m3m/ALDE/tile_13558.png,0
arctic_vegetation/20230724_riparianshrub32_m3m/ALDE/tile_13559.png,0
arctic_vegetation/20230724_riparianshrub32_m3m/PETF/tile_13560.png,6
arctic_vegetation/20230724_riparianshrub32_m3m/PETF/tile_13561.png,6
arctic_vegetation/20230724_riparianshrub32_m3m/PETF/tile_13562.png,6
arctic_vegetation/20230724_riparianshrub32_m3m/PETF/tile_13563.png,6
arctic_vegetation/20230724_riparianshrub32_m3m/ALDE/tile_13568.png,0
arctic_vegetation/20230724_riparianshrub32_m3m/ALDE/tile_13569.png,0
arctic_vegetation/20230724_riparianshrub32_m3m/ALDE/tile_13570.png,0
arctic_vegetation/20230724_riparianshrub32_m3m/ALDE/tile_13571.png,0
arctic_vegetation/20230724_riparianshrub32_m3m/ALDE/tile_13572.png,0
arctic_vegetation/20230724_riparianshrub32_m3m/ALDE/tile_13573.png,0
arctic_vegetation/20230724_riparianshrub32_m3m/SEDG/tile_13574.png,9
arctic_vegetation/20230724_riparianshrub32_m3m/SEDG/tile_13575.png,9
arctic_vegetation/20230724_riparianshrub32_m3m/WILL/tile_13576.png,11
arctic_vegetation/20230724_riparianshrub32_m3m/WILL/tile_13577.png,11
arctic_vegetation/20230724_riparianshrub32_m3m/WILL/tile_13578.png,11
arctic_vegetation/20230724_riparianshrub32_m3m/WILL/tile_13579.png,11
arctic_vegetation/20230724_riparianshrub32_m3m/WILL/tile_13580.png,11
arctic_vegetation/20230724_riparianshrub32_m3m/WILL/tile_13581.png,11
arctic_vegetation/20230724_riparianshrub32_m3m/WILL/tile_13582.png,11
arctic_vegetation/20230724_riparianshrub32_m3m/WILL/tile_13583.png,11
arctic_vegetation/20230724_riparianshrub32_m3m/WILL/tile_13584.png,11
arctic_vegetation/20230724_riparianshrub32_m3m/WILL/tile_13585.png,11
arctic_vegetation/20230724_riparianshrub32_m3m/WILL/tile_13586.png,11
arctic_vegetation/20230724_riparianshrub32_m3m/WILL/tile_13587.png,11
arctic_vegetation/20230724_riparianshrub32_m3m/SEDG/tile_13588.png,9
arctic_vegetation/20230724_riparianshrub32_m3m/SEDG/tile_13589.png,9
arctic_vegetation/20230724_riparianshrub32_m3m/SEDG/tile_13590.png,9
arctic_vegetation/20230724_riparianshrub32_m3m/SEDG/tile_13591.png,9
arctic_vegetation/20230724_riparianshrub32_m3m/SEDG/tile_13592.png,9
arctic_vegetation/20230724_riparianshrub32_m3m/SEDG/tile_13593.png,9
arctic_vegetation/20230724_riparianshrub32_m3m/SEDG/tile_13597.png,9
arctic_vegetation/20230724_riparianshrub32_m3m/SEDG/tile_13598.png,9
arctic_vegetation/20230724_riparianshrub32_m3m/ALDE/tile_13599.png,0
arctic_vegetation/20230724_riparianshrub32_m3m/ALDE/tile_13600.png,0
arctic_vegetation/20230724_riparianshrub32_m3m/ALDE/tile_13601.png,0
arctic_vegetation/20230724_riparianshrub32_m3m/ALDE/tile_13602.png,0
arctic_vegetation/20230724_riparianshrub32_m3m/ALDE/tile_13603.png,0
arctic_vegetation/20230724_riparianshrub32_m3m/ALDE/tile_13604.png,0
arctic_vegetation/20230724_riparianshrub32_m3m/ALDE/tile_13605.png,0
arctic_vegetation/20230724_riparianshrub32_m3m/ALDE/tile_13606.png,0
arctic_vegetation/20230724_riparianshrub32_m3m/WILL/tile_13607.png,11
arctic_vegetation/20230724_riparianshrub32_m3m/WILL/tile_13608.png,11
arctic_vegetation/20230724_riparianshrub32_m3m/WILL/tile_13609.png,11
arctic_vegetation/20230724_riparianshrub32_m3m/WILL/tile_13610.png,11
arctic_vegetation/20230724_riparianshrub32_m3m/WILL/tile_13611.png,11
arctic_vegetation/20230724_riparianshrub32_m3m/WILL/tile_13612.png,11
arctic_vegetation/20230724_riparianshrub32_m3m/WILL/tile_13613.png,11
arctic_vegetation/20230724_riparianshrub32_m3m/SEDG/tile_13614.png,9
arctic_vegetation/20230724_riparianshrub32_m3m/SEDG/tile_13615.png,9
arctic_vegetation/20230724_riparianshrub32_m3m/SEDG/tile_13616.png,9
arctic_vegetation/20230724_riparianshrub32_m3m/ALDE/tile_13617.png,0
arctic_vegetation/20230724_riparianshrub32_m3m/ALDE/tile_13618.png,0
arctic_vegetation/20230724_riparianshrub32_m3m/ALDE/tile_13619.png,0
arctic_vegetation/20230724_riparianshrub32_m3m/MOSS/tile_13622.png,5
arctic_vegetation/20230724_riparianshrub32_m3m/MOSS/tile_13623.png,5
arctic_vegetation/20230724_riparianshrub32_m3m/MOSS/tile_13624.png,5
arctic_vegetation/20230724_riparianshrub32_m3m/LICH/tile_13718.png,4
arctic_vegetation/20230724_riparianshrub32_m3m/LICH/tile_13719.png,4
arctic_vegetation/20230724_riparianshrub32_m3m/SEDG/tile_13720.png,9
arctic_vegetation/20230724_riparianshrub32_m3m/SEDG/tile_13721.png,9
arctic_vegetation/20230724_riparianshrub32_m3m/SEDG/tile_13722.png,9
arctic_vegetation/20230724_riparianshrub32_m3m/SEDG/tile_13723.png,9
arctic_vegetation/20230724_riparianshrub32_m3m/SEDG/tile_13724.png,9
arctic_vegetation/20230724_riparianshrub32_m3m/SEDG/tile_13725.png,9
arctic_vegetation/20230724_riparianshrub32_m3m/SEDG/tile_13726.png,9
arctic_vegetation/20230724_riparianshrub32_m3m/SEDG/tile_13727.png,9
arctic_vegetation/20230724_riparianshrub32_m3m/SEDG/tile_13728.png,9
arctic_vegetation/20230724_riparianshrub32_m3m/SEDG/tile_13729.png,9
arctic_vegetation/20230724_riparianshrub32_m3m/PETF/tile_13730.png,6
arctic_vegetation/20230724_riparianshrub32_m3m/PETF/tile_13731.png,6
arctic_vegetation/20230724_riparianshrub32_m3m/PETF/tile_13732.png,6
arctic_vegetation/20230724_riparianshrub32_m3m/PETF/tile_13733.png,6
arctic_vegetation/20230724_riparianshrub32_m3m/PETF/tile_13734.png,6
arctic_vegetation/20230724_riparianshrub32_m3m/SEDG/tile_13735.png,9
arctic_vegetation/20230724_riparianshrub32_m3m/SEDG/tile_13738.png,9
arctic_vegetation/20230724_riparianshrub32_m3m/SEDG/tile_13739.png,9
arctic_vegetation/20230724_riparianshrub32_m3m/ALDE/tile_13748.png,0
arctic_vegetation/20230724_riparianshrub32_m3m/ALDE/tile_13749.png,0
arctic_vegetation/20230724_riparianshrub32_m3m/ALDE/tile_13750.png,0
arctic_vegetation/20230724_riparianshrub32_m3m/ALDE/tile_13751.png,0
arctic_vegetation/20230724_riparianshrub32_m3m/ALDE/tile_13752.png,0
arctic_vegetation/20230724_riparianshrub32_m3m/ALDE/tile_13753.png,0
arctic_vegetation/20230724_riparianshrub32_m3m/ALDE/tile_13754.png,0
arctic_vegetation/20230724_riparianshrub32_m3m/SEDG/tile_13755.png,9
arctic_vegetation/20230724_riparianshrub32_m3m/WILL/tile_13756.png,11
arctic_vegetation/20230724_riparianshrub32_m3m/WILL/tile_13757.png,11
arctic_vegetation/20230724_riparianshrub32_m3m/WILL/tile_13758.png,11
arctic_vegetation/20230724_riparianshrub32_m3m/WILL/tile_13759.png,11
arctic_vegetation/20230724_riparianshrub32_m3m/WILL/tile_13760.png,11
arctic_vegetation/20230724_riparianshrub32_m3m/WILL/tile_13761.png,11
arctic_vegetation/20230724_riparianshrub32_m3m/WILL/tile_13762.png,11
arctic_vegetation/20230724_riparianshrub32_m3m/WILL/tile_13763.png,11
arctic_vegetation/20230724_riparianshrub32_m3m/WILL/tile_13764.png,11
arctic_vegetation/20230724_riparianshrub32_m3m/WILL/tile_13765.png,11
arctic_vegetation/20230724_riparianshrub32_m3m/WILL/tile_13766.png,11
arctic_vegetation/20230724_riparianshrub32_m3m/SEDG/tile_13767.png,9
arctic_vegetation/20230724_riparianshrub32_m3m/SEDG/tile_13768.png,9
arctic_vegetation/20230724_riparianshrub32_m3m/SEDG/tile_13769.png,9
arctic_vegetation/20230724_riparianshrub32_m3m/SEDG/tile_13770.png,9
arctic_vegetation/20230724_riparianshrub32_m3m/SEDG/tile_13771.png,9
arctic_vegetation/20230724_riparianshrub32_m3m/SEDG/tile_13772.png,9
arctic_vegetation/20230724_riparianshrub32_m3m/SEDG/tile_13773.png,9
arctic_vegetation/20230724_riparianshrub32_m3m/SEDG/tile_13778.png,9
arctic_vegetation/20230724_riparianshrub32_m3m/ALDE/tile_13779.png,0
arctic_vegetation/20230724_riparianshrub32_m3m/ALDE/tile_13780.png,0
arctic_vegetation/20230724_riparianshrub32_m3m/ALDE/tile_13781.png,0
arctic_vegetation/20230724_riparianshrub32_m3m/ALDE/tile_13782.png,0
arctic_vegetation/20230724_riparianshrub32_m3m/ALDE/tile_13783.png,0
arctic_vegetation/20230724_riparianshrub32_m3m/ALDE/tile_13784.png,0
arctic_vegetation/20230724_riparianshrub32_m3m/ALDE/tile_13785.png,0
arctic_vegetation/20230724_riparianshrub32_m3m/ALDE/tile_13786.png,0
arctic_vegetation/20230724_riparianshrub32_m3m/WILL/tile_13787.png,11
arctic_vegetation/20230724_riparianshrub32_m3m/WILL/tile_13788.png,11
arctic_vegetation/20230724_riparianshrub32_m3m/WILL/tile_13789.png,11
arctic_vegetation/20230724_riparianshrub32_m3m/WILL/tile_13790.png,11
arctic_vegetation/20230724_riparianshrub32_m3m/WILL/tile_13791.png,11
arctic_vegetation/20230724_riparianshrub32_m3m/WILL/tile_13792.png,11
arctic_vegetation/20230724_riparianshrub32_m3m/WILL/tile_13793.png,11
arctic_vegetation/20230724_riparianshrub32_m3m/SEDG/tile_13794.png,9
arctic_vegetation/20230724_riparianshrub32_m3m/SEDG/tile_13795.png,9
arctic_vegetation/20230724_riparianshrub32_m3m/SEDG/tile_13796.png,9
arctic_vegetation/20230724_riparianshrub32_m3m/ALDE/tile_13797.png,0
arctic_vegetation/20230724_riparianshrub32_m3m/ALDE/tile_13798.png,0
arctic_vegetation/20230724_riparianshrub32_m3m/ALDE/tile_13799.png,0
arctic_vegetation/20230724_riparianshrub32_m3m/ALDE/tile_13800.png,0
arctic_vegetation/20230724_riparianshrub32_m3m/ALDE/tile_13801.png,0
arctic_vegetation/20230724_riparianshrub32_m3m/ALDE/tile_13802.png,0
arctic_vegetation/20230724_riparianshrub32_m3m/ALDE/tile_13803.png,0
arctic_vegetation/20230724_riparianshrub32_m3m/ALDE/tile_13804.png,0
arctic_vegetation/20230724_riparianshrub32_m3m/LICH/tile_13898.png,4
arctic_vegetation/20230724_riparianshrub32_m3m/LICH/tile_13899.png,4
arctic_vegetation/20230724_riparianshrub32_m3m/LICH/tile_13900.png,4
arctic_vegetation/20230724_riparianshrub32_m3m/SEDG/tile_13902.png,9
arctic_vegetation/20230724_riparianshrub32_m3m/SEDG/tile_13903.png,9
arctic_vegetation/20230724_riparianshrub32_m3m/SEDG/tile_13904.png,9
arctic_vegetation/20230724_riparianshrub32_m3m/SEDG/tile_13905.png,9
arctic_vegetation/20230724_riparianshrub32_m3m/SEDG/tile_13906.png,9
arctic_vegetation/20230724_riparianshrub32_m3m/SEDG/tile_13907.png,9
arctic_vegetation/20230724_riparianshrub32_m3m/SEDG/tile_13908.png,9
arctic_vegetation/20230724_riparianshrub32_m3m/SEDG/tile_13909.png,9
arctic_vegetation/20230724_riparianshrub32_m3m/PETF/tile_13910.png,6
arctic_vegetation/20230724_riparianshrub32_m3m/PETF/tile_13911.png,6
arctic_vegetation/20230724_riparianshrub32_m3m/SEDG/tile_13912.png,9
arctic_vegetation/20230724_riparianshrub32_m3m/SEDG/tile_13913.png,9
arctic_vegetation/20230724_riparianshrub32_m3m/SEDG/tile_13914.png,9
arctic_vegetation/20230724_riparianshrub32_m3m/SEDG/tile_13915.png,9
arctic_vegetation/20230724_riparianshrub32_m3m/SEDG/tile_13917.png,9
arctic_vegetation/20230724_riparianshrub32_m3m/SEDG/tile_13918.png,9
arctic_vegetation/20230724_riparianshrub32_m3m/SEDG/tile_13919.png,9
arctic_vegetation/20230724_riparianshrub32_m3m/ALDE/tile_13929.png,0
arctic_vegetation/20230724_riparianshrub32_m3m/ALDE/tile_13930.png,0
arctic_vegetation/20230724_riparianshrub32_m3m/ALDE/tile_13931.png,0
arctic_vegetation/20230724_riparianshrub32_m3m/ALDE/tile_13932.png,0
arctic_vegetation/20230724_riparianshrub32_m3m/ALDE/tile_13933.png,0
arctic_vegetation/20230724_riparianshrub32_m3m/ALDE/tile_13934.png,0
arctic_vegetation/20230724_riparianshrub32_m3m/SEDG/tile_13936.png,9
arctic_vegetation/20230724_riparianshrub32_m3m/SEDG/tile_13937.png,9
arctic_vegetation/20230724_riparianshrub32_m3m/WILL/tile_13938.png,11
arctic_vegetation/20230724_riparianshrub32_m3m/WILL/tile_13939.png,11
arctic_vegetation/20230724_riparianshrub32_m3m/WILL/tile_13940.png,11
arctic_vegetation/20230724_riparianshrub32_m3m/WILL/tile_13941.png,11
arctic_vegetation/20230724_riparianshrub32_m3m/WILL/tile_13942.png,11
arctic_vegetation/20230724_riparianshrub32_m3m/WILL/tile_13943.png,11
arctic_vegetation/20230724_riparianshrub32_m3m/WILL/tile_13944.png,11
arctic_vegetation/20230724_riparianshrub32_m3m/WILL/tile_13945.png,11
arctic_vegetation/20230724_riparianshrub32_m3m/WILL/tile_13946.png,11
arctic_vegetation/20230724_riparianshrub32_m3m/SEDG/tile_13947.png,9
arctic_vegetation/20230724_riparianshrub32_m3m/SEDG/tile_13948.png,9
arctic_vegetation/20230724_riparianshrub32_m3m/SEDG/tile_13949.png,9
arctic_vegetation/20230724_riparianshrub32_m3m/SEDG/tile_13950.png,9
arctic_vegetation/20230724_riparianshrub32_m3m/SEDG/tile_13951.png,9
arctic_vegetation/20230724_riparianshrub32_m3m/SEDG/tile_13952.png,9
arctic_vegetation/20230724_riparianshrub32_m3m/SEDG/tile_13953.png,9
arctic_vegetation/20230724_riparianshrub32_m3m/SEDG/tile_13957.png,9
arctic_vegetation/20230724_riparianshrub32_m3m/SEDG/tile_13958.png,9
arctic_vegetation/20230724_riparianshrub32_m3m/ALDE/tile_13959.png,0
arctic_vegetation/20230724_riparianshrub32_m3m/ALDE/tile_13960.png,0
arctic_vegetation/20230724_riparianshrub32_m3m/ALDE/tile_13961.png,0
arctic_vegetation/20230724_riparianshrub32_m3m/ALDE/tile_13962.png,0
arctic_vegetation/20230724_riparianshrub32_m3m/ALDE/tile_13963.png,0
arctic_vegetation/20230724_riparianshrub32_m3m/ALDE/tile_13964.png,0
arctic_vegetation/20230724_riparianshrub32_m3m/ALDE/tile_13965.png,0
arctic_vegetation/20230724_riparianshrub32_m3m/ALDE/tile_13966.png,0
arctic_vegetation/20230724_riparianshrub32_m3m/WILL/tile_13967.png,11
arctic_vegetation/20230724_riparianshrub32_m3m/WILL/tile_13968.png,11
arctic_vegetation/20230724_riparianshrub32_m3m/WILL/tile_13969.png,11
arctic_vegetation/20230724_riparianshrub32_m3m/WILL/tile_13970.png,11
arctic_vegetation/20230724_riparianshrub32_m3m/WILL/tile_13971.png,11
arctic_vegetation/20230724_riparianshrub32_m3m/WILL/tile_13972.png,11
arctic_vegetation/20230724_riparianshrub32_m3m/WILL/tile_13973.png,11
arctic_vegetation/20230724_riparianshrub32_m3m/SEDG/tile_13974.png,9
arctic_vegetation/20230724_riparianshrub32_m3m/SEDG/tile_13975.png,9
arctic_vegetation/20230724_riparianshrub32_m3m/SEDG/tile_13976.png,9
arctic_vegetation/20230724_riparianshrub32_m3m/ALDE/tile_13977.png,0
arctic_vegetation/20230724_riparianshrub32_m3m/ALDE/tile_13978.png,0
arctic_vegetation/20230724_riparianshrub32_m3m/ALDE/tile_13979.png,0
arctic_vegetation/20230724_riparianshrub32_m3m/ALDE/tile_13980.png,0
arctic_vegetation/20230724_riparianshrub32_m3m/ALDE/tile_13981.png,0
arctic_vegetation/20230724_riparianshrub32_m3m/ALDE/tile_13982.png,0
arctic_vegetation/20230724_riparianshrub32_m3m/ALDE/tile_13983.png,0
arctic_vegetation/20230724_riparianshrub32_m3m/ALDE/tile_13984.png,0
arctic_vegetation/20230724_riparianshrub32_m3m/LICH/tile_14078.png,4
arctic_vegetation/20230724_riparianshrub32_m3m/LICH/tile_14079.png,4
arctic_vegetation/20230724_riparianshrub32_m3m/LICH/tile_14080.png,4
arctic_vegetation/20230724_riparianshrub32_m3m/PETF/tile_14081.png,6
arctic_vegetation/20230724_riparianshrub32_m3m/SEDG/tile_14082.png,9
arctic_vegetation/20230724_riparianshrub32_m3m/SEDG/tile_14083.png,9
arctic_vegetation/20230724_riparianshrub32_m3m/SEDG/tile_14084.png,9
arctic_vegetation/20230724_riparianshrub32_m3m/SEDG/tile_14085.png,9
arctic_vegetation/20230724_riparianshrub32_m3m/SEDG/tile_14086.png,9
arctic_vegetation/20230724_riparianshrub32_m3m/SEDG/tile_14087.png,9
arctic_vegetation/20230724_riparianshrub32_m3m/SEDG/tile_14088.png,9
arctic_vegetation/20230724_riparianshrub32_m3m/SEDG/tile_14089.png,9
arctic_vegetation/20230724_riparianshrub32_m3m/SEDG/tile_14090.png,9
arctic_vegetation/20230724_riparianshrub32_m3m/SEDG/tile_14091.png,9
arctic_vegetation/20230724_riparianshrub32_m3m/SEDG/tile_14092.png,9
arctic_vegetation/20230724_riparianshrub32_m3m/SEDG/tile_14093.png,9
arctic_vegetation/20230724_riparianshrub32_m3m/SEDG/tile_14094.png,9
arctic_vegetation/20230724_riparianshrub32_m3m/SEDG/tile_14095.png,9
arctic_vegetation/20230724_riparianshrub32_m3m/SEDG/tile_14097.png,9
arctic_vegetation/20230724_riparianshrub32_m3m/SEDG/tile_14098.png,9
arctic_vegetation/20230724_riparianshrub32_m3m/SEDG/tile_14099.png,9
arctic_vegetation/20230724_riparianshrub32_m3m/PETF/tile_14111.png,6
arctic_vegetation/20230724_riparianshrub32_m3m/PETF/tile_14112.png,6
arctic_vegetation/20230724_riparianshrub32_m3m/ALDE/tile_14113.png,0
arctic_vegetation/20230724_riparianshrub32_m3m/ALDE/tile_14114.png,0
arctic_vegetation/20230724_riparianshrub32_m3m/SEDG/tile_14116.png,9
arctic_vegetation/20230724_riparianshrub32_m3m/SEDG/tile_14117.png,9
arctic_vegetation/20230724_riparianshrub32_m3m/WILL/tile_14118.png,11
arctic_vegetation/20230724_riparianshrub32_m3m/WILL/tile_14119.png,11
arctic_vegetation/20230724_riparianshrub32_m3m/WILL/tile_14120.png,11
arctic_vegetation/20230724_riparianshrub32_m3m/WILL/tile_14121.png,11
arctic_vegetation/20230724_riparianshrub32_m3m/WILL/tile_14122.png,11
arctic_vegetation/20230724_riparianshrub32_m3m/WILL/tile_14123.png,11
arctic_vegetation/20230724_riparianshrub32_m3m/WILL/tile_14124.png,11
arctic_vegetation/20230724_riparianshrub32_m3m/WILL/tile_14125.png,11
arctic_vegetation/20230724_riparianshrub32_m3m/WILL/tile_14126.png,11
arctic_vegetation/20230724_riparianshrub32_m3m/SEDG/tile_14127.png,9
arctic_vegetation/20230724_riparianshrub32_m3m/SEDG/tile_14128.png,9
arctic_vegetation/20230724_riparianshrub32_m3m/SEDG/tile_14129.png,9
arctic_vegetation/20230724_riparianshrub32_m3m/SEDG/tile_14130.png,9
arctic_vegetation/20230724_riparianshrub32_m3m/SEDG/tile_14131.png,9
arctic_vegetation/20230724_riparianshrub32_m3m/SEDG/tile_14132.png,9
arctic_vegetation/20230724_riparianshrub32_m3m/SEDG/tile_14133.png,9
arctic_vegetation/20230724_riparianshrub32_m3m/SEDG/tile_14134.png,9
arctic_vegetation/20230724_riparianshrub32_m3m/SEDG/tile_14135.png,9
arctic_vegetation/20230724_riparianshrub32_m3m/SEDG/tile_14136.png,9
arctic_vegetation/20230724_riparianshrub32_m3m/SEDG/tile_14137.png,9
arctic_vegetation/20230724_riparianshrub32_m3m/SEDG/tile_14138.png,9
arctic_vegetation/20230724_riparianshrub32_m3m/ALDE/tile_14139.png,0
arctic_vegetation/20230724_riparianshrub32_m3m/ALDE/tile_14140.png,0
arctic_vegetation/20230724_riparianshrub32_m3m/ALDE/tile_14141.png,0
arctic_vegetation/20230724_riparianshrub32_m3m/ALDE/tile_14142.png,0
arctic_vegetation/20230724_riparianshrub32_m3m/ALDE/tile_14143.png,0
arctic_vegetation/20230724_riparianshrub32_m3m/ALDE/tile_14144.png,0
arctic_vegetation/20230724_riparianshrub32_m3m/ALDE/tile_14145.png,0
arctic_vegetation/20230724_riparianshrub32_m3m/WILL/tile_14146.png,11
arctic_vegetation/20230724_riparianshrub32_m3m/WILL/tile_14147.png,11
arctic_vegetation/20230724_riparianshrub32_m3m/WILL/tile_14148.png,11
arctic_vegetation/20230724_riparianshrub32_m3m/WILL/tile_14149.png,11
arctic_vegetation/20230724_riparianshrub32_m3m/WILL/tile_14150.png,11
arctic_vegetation/20230724_riparianshrub32_m3m/WILL/tile_14151.png,11
arctic_vegetation/20230724_riparianshrub32_m3m/WILL/tile_14152.png,11
arctic_vegetation/20230724_riparianshrub32_m3m/SEDG/tile_14153.png,9
arctic_vegetation/20230724_riparianshrub32_m3m/SEDG/tile_14154.png,9
arctic_vegetation/20230724_riparianshrub32_m3m/SEDG/tile_14155.png,9
arctic_vegetation/20230724_riparianshrub32_m3m/WILL/tile_14156.png,11
arctic_vegetation/20230724_riparianshrub32_m3m/WILL/tile_14157.png,11
arctic_vegetation/20230724_riparianshrub32_m3m/WILL/tile_14158.png,11
arctic_vegetation/20230724_riparianshrub32_m3m/WILL/tile_14159.png,11
arctic_vegetation/20230724_riparianshrub32_m3m/WILL/tile_14160.png,11
arctic_vegetation/20230724_riparianshrub32_m3m/WILL/tile_14161.png,11
arctic_vegetation/20230724_riparianshrub32_m3m/WILL/tile_14162.png,11
arctic_vegetation/20230724_riparianshrub32_m3m/WILL/tile_14163.png,11
arctic_vegetation/20230724_riparianshrub32_m3m/WILL/tile_14164.png,11
arctic_vegetation/20230724_riparianshrub32_m3m/WILL/tile_14165.png,11
arctic_vegetation/20230724_riparianshrub32_m3m/WILL/tile_14166.png,11
arctic_vegetation/20230724_riparianshrub32_m3m/LICH/tile_14258.png,4
arctic_vegetation/20230724_riparianshrub32_m3m/LICH/tile_14259.png,4
arctic_vegetation/20230724_riparianshrub32_m3m/SEDG/tile_14260.png,9
arctic_vegetation/20230724_riparianshrub32_m3m/SEDG/tile_14261.png,9
arctic_vegetation/20230724_riparianshrub32_m3m/SEDG/tile_14262.png,9
arctic_vegetation/20230724_riparianshrub32_m3m/SEDG/tile_14263.png,9
arctic_vegetation/20230724_riparianshrub32_m3m/SEDG/tile_14264.png,9
arctic_vegetation/20230724_riparianshrub32_m3m/SEDG/tile_14265.png,9
arctic_vegetation/20230724_riparianshrub32_m3m/SEDG/tile_14266.png,9
arctic_vegetation/20230724_riparianshrub32_m3m/SEDG/tile_14267.png,9
arctic_vegetation/20230724_riparianshrub32_m3m/ALDE/tile_14268.png,0
arctic_vegetation/20230724_riparianshrub32_m3m/ALDE/tile_14269.png,0
arctic_vegetation/20230724_riparianshrub32_m3m/ALDE/tile_14270.png,0
arctic_vegetation/20230724_riparianshrub32_m3m/ALDE/tile_14271.png,0
arctic_vegetation/20230724_riparianshrub32_m3m/ALDE/tile_14272.png,0
arctic_vegetation/20230724_riparianshrub32_m3m/ALDE/tile_14273.png,0
arctic_vegetation/20230724_riparianshrub32_m3m/ALDE/tile_14274.png,0
arctic_vegetation/20230724_riparianshrub32_m3m/ALDE/tile_14275.png,0
arctic_vegetation/20230724_riparianshrub32_m3m/ALDE/tile_14276.png,0
arctic_vegetation/20230724_riparianshrub32_m3m/SEDG/tile_14277.png,9
arctic_vegetation/20230724_riparianshrub32_m3m/SEDG/tile_14278.png,9
arctic_vegetation/20230724_riparianshrub32_m3m/SEDG/tile_14279.png,9
arctic_vegetation/20230724_riparianshrub32_m3m/PETF/tile_14291.png,6
arctic_vegetation/20230724_riparianshrub32_m3m/PETF/tile_14292.png,6
arctic_vegetation/20230724_riparianshrub32_m3m/ALDE/tile_14293.png,0
arctic_vegetation/20230724_riparianshrub32_m3m/ALDE/tile_14294.png,0
arctic_vegetation/20230724_riparianshrub32_m3m/ALDE/tile_14295.png,0
arctic_vegetation/20230724_riparianshrub32_m3m/ALDE/tile_14296.png,0
arctic_vegetation/20230724_riparianshrub32_m3m/ALDE/tile_14297.png,0
arctic_vegetation/20230724_riparianshrub32_m3m/WILL/tile_14298.png,11
arctic_vegetation/20230724_riparianshrub32_m3m/WILL/tile_14299.png,11
arctic_vegetation/20230724_riparianshrub32_m3m/WILL/tile_14300.png,11
arctic_vegetation/20230724_riparianshrub32_m3m/WILL/tile_14301.png,11
arctic_vegetation/20230724_riparianshrub32_m3m/WILL/tile_14302.png,11
arctic_vegetation/20230724_riparianshrub32_m3m/WILL/tile_14303.png,11
arctic_vegetation/20230724_riparianshrub32_m3m/WILL/tile_14304.png,11
arctic_vegetation/20230724_riparianshrub32_m3m/WILL/tile_14305.png,11
arctic_vegetation/20230724_riparianshrub32_m3m/WILL/tile_14306.png,11
arctic_vegetation/20230724_riparianshrub32_m3m/SEDG/tile_14307.png,9
arctic_vegetation/20230724_riparianshrub32_m3m/SEDG/tile_14308.png,9
arctic_vegetation/20230724_riparianshrub32_m3m/SEDG/tile_14309.png,9
arctic_vegetation/20230724_riparianshrub32_m3m/SEDG/tile_14310.png,9
arctic_vegetation/20230724_riparianshrub32_m3m/SEDG/tile_14311.png,9
arctic_vegetation/20230724_riparianshrub32_m3m/SEDG/tile_14312.png,9
arctic_vegetation/20230724_riparianshrub32_m3m/SEDG/tile_14313.png,9
arctic_vegetation/20230724_riparianshrub32_m3m/SEDG/tile_14314.png,9
arctic_vegetation/20230724_riparianshrub32_m3m/SEDG/tile_14315.png,9
arctic_vegetation/20230724_riparianshrub32_m3m/SEDG/tile_14316.png,9
arctic_vegetation/20230724_riparianshrub32_m3m/SEDG/tile_14317.png,9
arctic_vegetation/20230724_riparianshrub32_m3m/SEDG/tile_14318.png,9
arctic_vegetation/20230724_riparianshrub32_m3m/ALDE/tile_14319.png,0
arctic_vegetation/20230724_riparianshrub32_m3m/ALDE/tile_14320.png,0
arctic_vegetation/20230724_riparianshrub32_m3m/ALDE/tile_14321.png,0
arctic_vegetation/20230724_riparianshrub32_m3m/ALDE/tile_14322.png,0
arctic_vegetation/20230724_riparianshrub32_m3m/ALDE/tile_14323.png,0
arctic_vegetation/20230724_riparianshrub32_m3m/ALDE/tile_14324.png,0
arctic_vegetation/20230724_riparianshrub32_m3m/ALDE/tile_14325.png,0
arctic_vegetation/20230724_riparianshrub32_m3m/WILL/tile_14326.png,11
arctic_vegetation/20230724_riparianshrub32_m3m/WILL/tile_14327.png,11
arctic_vegetation/20230724_riparianshrub32_m3m/WILL/tile_14328.png,11
arctic_vegetation/20230724_riparianshrub32_m3m/WILL/tile_14329.png,11
arctic_vegetation/20230724_riparianshrub32_m3m/WILL/tile_14330.png,11
arctic_vegetation/20230724_riparianshrub32_m3m/WILL/tile_14331.png,11
arctic_vegetation/20230724_riparianshrub32_m3m/WILL/tile_14332.png,11
arctic_vegetation/20230724_riparianshrub32_m3m/WILL/tile_14333.png,11
arctic_vegetation/20230724_riparianshrub32_m3m/WILL/tile_14334.png,11
arctic_vegetation/20230724_riparianshrub32_m3m/SEDG/tile_14335.png,9
arctic_vegetation/20230724_riparianshrub32_m3m/WILL/tile_14336.png,11
arctic_vegetation/20230724_riparianshrub32_m3m/WILL/tile_14337.png,11
arctic_vegetation/20230724_riparianshrub32_m3m/WILL/tile_14338.png,11
arctic_vegetation/20230724_riparianshrub32_m3m/WILL/tile_14339.png,11
arctic_vegetation/20230724_riparianshrub32_m3m/WILL/tile_14340.png,11
arctic_vegetation/20230724_riparianshrub32_m3m/WILL/tile_14341.png,11
arctic_vegetation/20230724_riparianshrub32_m3m/WILL/tile_14342.png,11
arctic_vegetation/20230724_riparianshrub32_m3m/WILL/tile_14343.png,11
arctic_vegetation/20230724_riparianshrub32_m3m/WILL/tile_14344.png,11
arctic_vegetation/20230724_riparianshrub32_m3m/WILL/tile_14345.png,11
arctic_vegetation/20230724_riparianshrub32_m3m/WILL/tile_14346.png,11
arctic_vegetation/20230724_riparianshrub32_m3m/LICH/tile_14438.png,4
arctic_vegetation/20230724_riparianshrub32_m3m/LICH/tile_14439.png,4
arctic_vegetation/20230724_riparianshrub32_m3m/SEDG/tile_14440.png,9
arctic_vegetation/20230724_riparianshrub32_m3m/SEDG/tile_14441.png,9
arctic_vegetation/20230724_riparianshrub32_m3m/SEDG/tile_14442.png,9
arctic_vegetation/20230724_riparianshrub32_m3m/SEDG/tile_14443.png,9
arctic_vegetation/20230724_riparianshrub32_m3m/SEDG/tile_14444.png,9
arctic_vegetation/20230724_riparianshrub32_m3m/SEDG/tile_14445.png,9
arctic_vegetation/20230724_riparianshrub32_m3m/SEDG/tile_14446.png,9
arctic_vegetation/20230724_riparianshrub32_m3m/ALDE/tile_14447.png,0
arctic_vegetation/20230724_riparianshrub32_m3m/ALDE/tile_14448.png,0
arctic_vegetation/20230724_riparianshrub32_m3m/ALDE/tile_14449.png,0
arctic_vegetation/20230724_riparianshrub32_m3m/ALDE/tile_14450.png,0
arctic_vegetation/20230724_riparianshrub32_m3m/ALDE/tile_14451.png,0
arctic_vegetation/20230724_riparianshrub32_m3m/ALDE/tile_14452.png,0
arctic_vegetation/20230724_riparianshrub32_m3m/ALDE/tile_14453.png,0
arctic_vegetation/20230724_riparianshrub32_m3m/ALDE/tile_14454.png,0
arctic_vegetation/20230724_riparianshrub32_m3m/ALDE/tile_14455.png,0
arctic_vegetation/20230724_riparianshrub32_m3m/ALDE/tile_14456.png,0
arctic_vegetation/20230724_riparianshrub32_m3m/SEDG/tile_14457.png,9
arctic_vegetation/20230724_riparianshrub32_m3m/SEDG/tile_14458.png,9
arctic_vegetation/20230724_riparianshrub32_m3m/SEDG/tile_14459.png,9
arctic_vegetation/20230724_riparianshrub32_m3m/SEDG/tile_14460.png,9
arctic_vegetation/20230724_riparianshrub32_m3m/SEDG/tile_14461.png,9
arctic_vegetation/20230724_riparianshrub32_m3m/SEDG/tile_14462.png,9
arctic_vegetation/20230724_riparianshrub32_m3m/SEDG/tile_14463.png,9
arctic_vegetation/20230724_riparianshrub32_m3m/SEDG/tile_14464.png,9
arctic_vegetation/20230724_riparianshrub32_m3m/SEDG/tile_14465.png,9
arctic_vegetation/20230724_riparianshrub32_m3m/ALDE/tile_14466.png,0
arctic_vegetation/20230724_riparianshrub32_m3m/ALDE/tile_14467.png,0
arctic_vegetation/20230724_riparianshrub32_m3m/ALDE/tile_14468.png,0
arctic_vegetation/20230724_riparianshrub32_m3m/ALDE/tile_14469.png,0
arctic_vegetation/20230724_riparianshrub32_m3m/PETF/tile_14471.png,6
arctic_vegetation/20230724_riparianshrub32_m3m/ALDE/tile_14472.png,0
arctic_vegetation/20230724_riparianshrub32_m3m/ALDE/tile_14473.png,0
arctic_vegetation/20230724_riparianshrub32_m3m/ALDE/tile_14474.png,0
arctic_vegetation/20230724_riparianshrub32_m3m/ALDE/tile_14475.png,0
arctic_vegetation/20230724_riparianshrub32_m3m/ALDE/tile_14476.png,0
arctic_vegetation/20230724_riparianshrub32_m3m/ALDE/tile_14477.png,0
arctic_vegetation/20230724_riparianshrub32_m3m/WILL/tile_14478.png,11
arctic_vegetation/20230724_riparianshrub32_m3m/WILL/tile_14479.png,11
arctic_vegetation/20230724_riparianshrub32_m3m/WILL/tile_14480.png,11
arctic_vegetation/20230724_riparianshrub32_m3m/WILL/tile_14481.png,11
arctic_vegetation/20230724_riparianshrub32_m3m/WILL/tile_14482.png,11
arctic_vegetation/20230724_riparianshrub32_m3m/WILL/tile_14483.png,11
arctic_vegetation/20230724_riparianshrub32_m3m/WILL/tile_14484.png,11
arctic_vegetation/20230724_riparianshrub32_m3m/WILL/tile_14485.png,11
arctic_vegetation/20230724_riparianshrub32_m3m/WILL/tile_14486.png,11
arctic_vegetation/20230724_riparianshrub32_m3m/ALDE/tile_14487.png,0
arctic_vegetation/20230724_riparianshrub32_m3m/ALDE/tile_14488.png,0
arctic_vegetation/20230724_riparianshrub32_m3m/SEDG/tile_14490.png,9
arctic_vegetation/20230724_riparianshrub32_m3m/SEDG/tile_14491.png,9
arctic_vegetation/20230724_riparianshrub32_m3m/SEDG/tile_14492.png,9
arctic_vegetation/20230724_riparianshrub32_m3m/SEDG/tile_14493.png,9
arctic_vegetation/20230724_riparianshrub32_m3m/SEDG/tile_14494.png,9
arctic_vegetation/20230724_riparianshrub32_m3m/SEDG/tile_14495.png,9
arctic_vegetation/20230724_riparianshrub32_m3m/SEDG/tile_14496.png,9
arctic_vegetation/20230724_riparianshrub32_m3m/SEDG/tile_14497.png,9
arctic_vegetation/20230724_riparianshrub32_m3m/SEDG/tile_14498.png,9
arctic_vegetation/20230724_riparianshrub32_m3m/SEDG/tile_14499.png,9
arctic_vegetation/20230724_riparianshrub32_m3m/SEDG/tile_14501.png,9
arctic_vegetation/20230724_riparianshrub32_m3m/SEDG/tile_14502.png,9
arctic_vegetation/20230724_riparianshrub32_m3m/SEDG/tile_14503.png,9
arctic_vegetation/20230724_riparianshrub32_m3m/ALDE/tile_14504.png,0
arctic_vegetation/20230724_riparianshrub32_m3m/ALDE/tile_14505.png,0
arctic_vegetation/20230724_riparianshrub32_m3m/WILL/tile_14506.png,11
arctic_vegetation/20230724_riparianshrub32_m3m/WILL/tile_14507.png,11
arctic_vegetation/20230724_riparianshrub32_m3m/WILL/tile_14508.png,11
arctic_vegetation/20230724_riparianshrub32_m3m/WILL/tile_14509.png,11
arctic_vegetation/20230724_riparianshrub32_m3m/WILL/tile_14510.png,11
arctic_vegetation/20230724_riparianshrub32_m3m/WILL/tile_14511.png,11
arctic_vegetation/20230724_riparianshrub32_m3m/WILL/tile_14512.png,11
arctic_vegetation/20230724_riparianshrub32_m3m/WILL/tile_14513.png,11
arctic_vegetation/20230724_riparianshrub32_m3m/WILL/tile_14514.png,11
arctic_vegetation/20230724_riparianshrub32_m3m/SEDG/tile_14515.png,9
arctic_vegetation/20230724_riparianshrub32_m3m/WILL/tile_14516.png,11
arctic_vegetation/20230724_riparianshrub32_m3m/WILL/tile_14517.png,11
arctic_vegetation/20230724_riparianshrub32_m3m/WILL/tile_14518.png,11
arctic_vegetation/20230724_riparianshrub32_m3m/WILL/tile_14519.png,11
arctic_vegetation/20230724_riparianshrub32_m3m/WILL/tile_14520.png,11
arctic_vegetation/20230724_riparianshrub32_m3m/WILL/tile_14521.png,11
arctic_vegetation/20230724_riparianshrub32_m3m/ALDE/tile_14522.png,0
arctic_vegetation/20230724_riparianshrub32_m3m/ALDE/tile_14523.png,0
arctic_vegetation/20230724_riparianshrub32_m3m/ALDE/tile_14524.png,0
arctic_vegetation/20230724_riparianshrub32_m3m/ALDE/tile_14525.png,0
arctic_vegetation/20230724_riparianshrub32_m3m/WILL/tile_14526.png,11
arctic_vegetation/20230724_riparianshrub32_m3m/PETF/tile_14619.png,6
arctic_vegetation/20230724_riparianshrub32_m3m/PETF/tile_14620.png,6
arctic_vegetation/20230724_riparianshrub32_m3m/LICH/tile_14621.png,4
arctic_vegetation/20230724_riparianshrub32_m3m/LICH/tile_14622.png,4
arctic_vegetation/20230724_riparianshrub32_m3m/SEDG/tile_14623.png,9
arctic_vegetation/20230724_riparianshrub32_m3m/SEDG/tile_14624.png,9
arctic_vegetation/20230724_riparianshrub32_m3m/SEDG/tile_14625.png,9
arctic_vegetation/20230724_riparianshrub32_m3m/PETF/tile_14626.png,6
arctic_vegetation/20230724_riparianshrub32_m3m/ALDE/tile_14628.png,0
arctic_vegetation/20230724_riparianshrub32_m3m/ALDE/tile_14629.png,0
arctic_vegetation/20230724_riparianshrub32_m3m/ALDE/tile_14630.png,0
arctic_vegetation/20230724_riparianshrub32_m3m/ALDE/tile_14631.png,0
arctic_vegetation/20230724_riparianshrub32_m3m/ALDE/tile_14632.png,0
arctic_vegetation/20230724_riparianshrub32_m3m/ALDE/tile_14633.png,0
arctic_vegetation/20230724_riparianshrub32_m3m/ALDE/tile_14634.png,0
arctic_vegetation/20230724_riparianshrub32_m3m/ALDE/tile_14635.png,0
arctic_vegetation/20230724_riparianshrub32_m3m/ALDE/tile_14636.png,0
arctic_vegetation/20230724_riparianshrub32_m3m/SEDG/tile_14637.png,9
arctic_vegetation/20230724_riparianshrub32_m3m/SEDG/tile_14638.png,9
arctic_vegetation/20230724_riparianshrub32_m3m/SEDG/tile_14639.png,9
arctic_vegetation/20230724_riparianshrub32_m3m/SEDG/tile_14640.png,9
arctic_vegetation/20230724_riparianshrub32_m3m/SEDG/tile_14641.png,9
arctic_vegetation/20230724_riparianshrub32_m3m/SEDG/tile_14642.png,9
arctic_vegetation/20230724_riparianshrub32_m3m/ALDE/tile_14643.png,0
arctic_vegetation/20230724_riparianshrub32_m3m/ALDE/tile_14644.png,0
arctic_vegetation/20230724_riparianshrub32_m3m/ALDE/tile_14645.png,0
arctic_vegetation/20230724_riparianshrub32_m3m/ALDE/tile_14646.png,0
arctic_vegetation/20230724_riparianshrub32_m3m/ALDE/tile_14647.png,0
arctic_vegetation/20230724_riparianshrub32_m3m/ALDE/tile_14648.png,0
arctic_vegetation/20230724_riparianshrub32_m3m/ALDE/tile_14649.png,0
arctic_vegetation/20230724_riparianshrub32_m3m/ALDE/tile_14650.png,0
arctic_vegetation/20230724_riparianshrub32_m3m/ALDE/tile_14651.png,0
arctic_vegetation/20230724_riparianshrub32_m3m/ALDE/tile_14652.png,0
arctic_vegetation/20230724_riparianshrub32_m3m/ALDE/tile_14653.png,0
arctic_vegetation/20230724_riparianshrub32_m3m/ALDE/tile_14654.png,0
arctic_vegetation/20230724_riparianshrub32_m3m/ALDE/tile_14655.png,0
arctic_vegetation/20230724_riparianshrub32_m3m/ALDE/tile_14656.png,0
arctic_vegetation/20230724_riparianshrub32_m3m/PETF/tile_14657.png,6
arctic_vegetation/20230724_riparianshrub32_m3m/WILL/tile_14658.png,11
arctic_vegetation/20230724_riparianshrub32_m3m/WILL/tile_14659.png,11
arctic_vegetation/20230724_riparianshrub32_m3m/WILL/tile_14660.png,11
arctic_vegetation/20230724_riparianshrub32_m3m/WILL/tile_14661.png,11
arctic_vegetation/20230724_riparianshrub32_m3m/WILL/tile_14662.png,11
arctic_vegetation/20230724_riparianshrub32_m3m/WILL/tile_14663.png,11
arctic_vegetation/20230724_riparianshrub32_m3m/WILL/tile_14664.png,11
arctic_vegetation/20230724_riparianshrub32_m3m/WILL/tile_14665.png,11
arctic_vegetation/20230724_riparianshrub32_m3m/WILL/tile_14666.png,11
arctic_vegetation/20230724_riparianshrub32_m3m/ALDE/tile_14667.png,0
arctic_vegetation/20230724_riparianshrub32_m3m/ALDE/tile_14668.png,0
arctic_vegetation/20230724_riparianshrub32_m3m/SEDG/tile_14670.png,9
arctic_vegetation/20230724_riparianshrub32_m3m/SEDG/tile_14671.png,9
arctic_vegetation/20230724_riparianshrub32_m3m/SEDG/tile_14672.png,9
arctic_vegetation/20230724_riparianshrub32_m3m/SEDG/tile_14673.png,9
arctic_vegetation/20230724_riparianshrub32_m3m/SEDG/tile_14674.png,9
arctic_vegetation/20230724_riparianshrub32_m3m/SEDG/tile_14675.png,9
arctic_vegetation/20230724_riparianshrub32_m3m/SEDG/tile_14676.png,9
arctic_vegetation/20230724_riparianshrub32_m3m/SEDG/tile_14677.png,9
arctic_vegetation/20230724_riparianshrub32_m3m/SEDG/tile_14678.png,9
arctic_vegetation/20230724_riparianshrub32_m3m/SEDG/tile_14681.png,9
arctic_vegetation/20230724_riparianshrub32_m3m/SEDG/tile_14682.png,9
arctic_vegetation/20230724_riparianshrub32_m3m/SEDG/tile_14683.png,9
arctic_vegetation/20230724_riparianshrub32_m3m/SEDG/tile_14684.png,9
arctic_vegetation/20230724_riparianshrub32_m3m/SEDG/tile_14685.png,9
arctic_vegetation/20230724_riparianshrub32_m3m/SEDG/tile_14686.png,9
arctic_vegetation/20230724_riparianshrub32_m3m/SEDG/tile_14687.png,9
arctic_vegetation/20230724_riparianshrub32_m3m/WILL/tile_14689.png,11
arctic_vegetation/20230724_riparianshrub32_m3m/WILL/tile_14690.png,11
arctic_vegetation/20230724_riparianshrub32_m3m/WILL/tile_14691.png,11
arctic_vegetation/20230724_riparianshrub32_m3m/WILL/tile_14692.png,11
arctic_vegetation/20230724_riparianshrub32_m3m/WILL/tile_14693.png,11
arctic_vegetation/20230724_riparianshrub32_m3m/WILL/tile_14694.png,11
arctic_vegetation/20230724_riparianshrub32_m3m/WILL/tile_14695.png,11
arctic_vegetation/20230724_riparianshrub32_m3m/WILL/tile_14696.png,11
arctic_vegetation/20230724_riparianshrub32_m3m/WILL/tile_14697.png,11
arctic_vegetation/20230724_riparianshrub32_m3m/WILL/tile_14698.png,11
arctic_vegetation/20230724_riparianshrub32_m3m/WILL/tile_14699.png,11
arctic_vegetation/20230724_riparianshrub32_m3m/WILL/tile_14700.png,11
arctic_vegetation/20230724_riparianshrub32_m3m/ALDE/tile_14701.png,0
arctic_vegetation/20230724_riparianshrub32_m3m/ALDE/tile_14702.png,0
arctic_vegetation/20230724_riparianshrub32_m3m/ALDE/tile_14703.png,0
arctic_vegetation/20230724_riparianshrub32_m3m/ALDE/tile_14704.png,0
arctic_vegetation/20230724_riparianshrub32_m3m/ALDE/tile_14705.png,0
arctic_vegetation/20230724_riparianshrub32_m3m/ALDE/tile_14706.png,0
arctic_vegetation/20230724_riparianshrub32_m3m/PETF/tile_14799.png,6
arctic_vegetation/20230724_riparianshrub32_m3m/PETF/tile_14800.png,6
arctic_vegetation/20230724_riparianshrub32_m3m/PETF/tile_14801.png,6
arctic_vegetation/20230724_riparianshrub32_m3m/LICH/tile_14802.png,4
arctic_vegetation/20230724_riparianshrub32_m3m/LICH/tile_14803.png,4
arctic_vegetation/20230724_riparianshrub32_m3m/LICH/tile_14804.png,4
arctic_vegetation/20230724_riparianshrub32_m3m/LICH/tile_14805.png,4
arctic_vegetation/20230724_riparianshrub32_m3m/PETF/tile_14806.png,6
arctic_vegetation/20230724_riparianshrub32_m3m/ALDE/tile_14808.png,0
arctic_vegetation/20230724_riparianshrub32_m3m/ALDE/tile_14809.png,0
arctic_vegetation/20230724_riparianshrub32_m3m/ALDE/tile_14810.png,0
arctic_vegetation/20230724_riparianshrub32_m3m/ALDE/tile_14811.png,0
arctic_vegetation/20230724_riparianshrub32_m3m/ALDE/tile_14812.png,0
arctic_vegetation/20230724_riparianshrub32_m3m/ALDE/tile_14813.png,0
arctic_vegetation/20230724_riparianshrub32_m3m/ALDE/tile_14814.png,0
arctic_vegetation/20230724_riparianshrub32_m3m/ALDE/tile_14815.png,0
arctic_vegetation/20230724_riparianshrub32_m3m/ALDE/tile_14816.png,0
arctic_vegetation/20230724_riparianshrub32_m3m/SEDG/tile_14817.png,9
arctic_vegetation/20230724_riparianshrub32_m3m/SEDG/tile_14818.png,9
arctic_vegetation/20230724_riparianshrub32_m3m/SEDG/tile_14819.png,9
arctic_vegetation/20230724_riparianshrub32_m3m/SEDG/tile_14820.png,9
arctic_vegetation/20230724_riparianshrub32_m3m/SEDG/tile_14821.png,9
arctic_vegetation/20230724_riparianshrub32_m3m/ALDE/tile_14822.png,0
arctic_vegetation/20230724_riparianshrub32_m3m/ALDE/tile_14823.png,0
arctic_vegetation/20230724_riparianshrub32_m3m/ALDE/tile_14824.png,0
arctic_vegetation/20230724_riparianshrub32_m3m/ALDE/tile_14825.png,0
arctic_vegetation/20230724_riparianshrub32_m3m/ALDE/tile_14826.png,0
arctic_vegetation/20230724_riparianshrub32_m3m/ALDE/tile_14827.png,0
arctic_vegetation/20230724_riparianshrub32_m3m/ALDE/tile_14828.png,0
arctic_vegetation/20230724_riparianshrub32_m3m/ALDE/tile_14829.png,0
arctic_vegetation/20230724_riparianshrub32_m3m/ALDE/tile_14830.png,0
arctic_vegetation/20230724_riparianshrub32_m3m/ALDE/tile_14831.png,0
arctic_vegetation/20230724_riparianshrub32_m3m/ALDE/tile_14832.png,0
arctic_vegetation/20230724_riparianshrub32_m3m/ALDE/tile_14833.png,0
arctic_vegetation/20230724_riparianshrub32_m3m/PETF/tile_14834.png,6
arctic_vegetation/20230724_riparianshrub32_m3m/WILL/tile_14835.png,11
arctic_vegetation/20230724_riparianshrub32_m3m/WILL/tile_14836.png,11
arctic_vegetation/20230724_riparianshrub32_m3m/WILL/tile_14837.png,11
arctic_vegetation/20230724_riparianshrub32_m3m/WILL/tile_14838.png,11
arctic_vegetation/20230724_riparianshrub32_m3m/WILL/tile_14839.png,11
arctic_vegetation/20230724_riparianshrub32_m3m/WILL/tile_14840.png,11
arctic_vegetation/20230724_riparianshrub32_m3m/WILL/tile_14841.png,11
arctic_vegetation/20230724_riparianshrub32_m3m/WILL/tile_14842.png,11
arctic_vegetation/20230724_riparianshrub32_m3m/WILL/tile_14843.png,11
arctic_vegetation/20230724_riparianshrub32_m3m/WILL/tile_14844.png,11
arctic_vegetation/20230724_riparianshrub32_m3m/WILL/tile_14845.png,11
arctic_vegetation/20230724_riparianshrub32_m3m/ALDE/tile_14846.png,0
arctic_vegetation/20230724_riparianshrub32_m3m/ALDE/tile_14847.png,0
arctic_vegetation/20230724_riparianshrub32_m3m/ALDE/tile_14848.png,0
arctic_vegetation/20230724_riparianshrub32_m3m/SEDG/tile_14850.png,9
arctic_vegetation/20230724_riparianshrub32_m3m/SEDG/tile_14851.png,9
arctic_vegetation/20230724_riparianshrub32_m3m/SEDG/tile_14852.png,9
arctic_vegetation/20230724_riparianshrub32_m3m/SEDG/tile_14854.png,9
arctic_vegetation/20230724_riparianshrub32_m3m/SEDG/tile_14855.png,9
arctic_vegetation/20230724_riparianshrub32_m3m/SEDG/tile_14856.png,9
arctic_vegetation/20230724_riparianshrub32_m3m/SEDG/tile_14857.png,9
arctic_vegetation/20230724_riparianshrub32_m3m/SEDG/tile_14858.png,9
arctic_vegetation/20230724_riparianshrub32_m3m/SEDG/tile_14859.png,9
arctic_vegetation/20230724_riparianshrub32_m3m/SEDG/tile_14860.png,9
arctic_vegetation/20230724_riparianshrub32_m3m/SEDG/tile_14861.png,9
arctic_vegetation/20230724_riparianshrub32_m3m/SEDG/tile_14862.png,9
arctic_vegetation/20230724_riparianshrub32_m3m/SEDG/tile_14863.png,9
arctic_vegetation/20230724_riparianshrub32_m3m/SEDG/tile_14864.png,9
arctic_vegetation/20230724_riparianshrub32_m3m/SEDG/tile_14865.png,9
arctic_vegetation/20230724_riparianshrub32_m3m/SEDG/tile_14866.png,9
arctic_vegetation/20230724_riparianshrub32_m3m/SEDG/tile_14867.png,9
arctic_vegetation/20230724_riparianshrub32_m3m/WILL/tile_14869.png,11
arctic_vegetation/20230724_riparianshrub32_m3m/WILL/tile_14870.png,11
arctic_vegetation/20230724_riparianshrub32_m3m/WILL/tile_14871.png,11
arctic_vegetation/20230724_riparianshrub32_m3m/WILL/tile_14872.png,11
arctic_vegetation/20230724_riparianshrub32_m3m/WILL/tile_14873.png,11
arctic_vegetation/20230724_riparianshrub32_m3m/ALDE/tile_14874.png,0
arctic_vegetation/20230724_riparianshrub32_m3m/WILL/tile_14875.png,11
arctic_vegetation/20230724_riparianshrub32_m3m/WILL/tile_14876.png,11
arctic_vegetation/20230724_riparianshrub32_m3m/WILL/tile_14877.png,11
arctic_vegetation/20230724_riparianshrub32_m3m/WILL/tile_14878.png,11
arctic_vegetation/20230724_riparianshrub32_m3m/WILL/tile_14879.png,11
arctic_vegetation/20230724_riparianshrub32_m3m/ALDE/tile_14880.png,0
arctic_vegetation/20230724_riparianshrub32_m3m/ALDE/tile_14881.png,0
arctic_vegetation/20230724_riparianshrub32_m3m/ALDE/tile_14882.png,0
arctic_vegetation/20230724_riparianshrub32_m3m/ALDE/tile_14883.png,0
arctic_vegetation/20230724_riparianshrub32_m3m/ALDE/tile_14884.png,0
arctic_vegetation/20230724_riparianshrub32_m3m/ALDE/tile_14885.png,0
arctic_vegetation/20230724_riparianshrub32_m3m/WILL/tile_14886.png,11
arctic_vegetation/20230724_riparianshrub32_m3m/WILL/tile_14887.png,11
arctic_vegetation/20230724_riparianshrub32_m3m/WILL/tile_14888.png,11
arctic_vegetation/20230724_riparianshrub32_m3m/WILL/tile_14889.png,11
arctic_vegetation/20230724_riparianshrub32_m3m/PETF/tile_14979.png,6
arctic_vegetation/20230724_riparianshrub32_m3m/PETF/tile_14980.png,6
arctic_vegetation/20230724_riparianshrub32_m3m/PETF/tile_14981.png,6
arctic_vegetation/20230724_riparianshrub32_m3m/PETF/tile_14982.png,6
arctic_vegetation/20230724_riparianshrub32_m3m/LICH/tile_14983.png,4
arctic_vegetation/20230724_riparianshrub32_m3m/LICH/tile_14984.png,4
arctic_vegetation/20230724_riparianshrub32_m3m/LICH/tile_14985.png,4
arctic_vegetation/20230724_riparianshrub32_m3m/PETF/tile_14986.png,6
arctic_vegetation/20230724_riparianshrub32_m3m/ALDE/tile_14988.png,0
arctic_vegetation/20230724_riparianshrub32_m3m/ALDE/tile_14989.png,0
arctic_vegetation/20230724_riparianshrub32_m3m/ALDE/tile_14990.png,0
arctic_vegetation/20230724_riparianshrub32_m3m/ALDE/tile_14991.png,0
arctic_vegetation/20230724_riparianshrub32_m3m/ALDE/tile_14992.png,0
arctic_vegetation/20230724_riparianshrub32_m3m/ALDE/tile_14993.png,0
arctic_vegetation/20230724_riparianshrub32_m3m/ALDE/tile_14994.png,0
arctic_vegetation/20230724_riparianshrub32_m3m/ALDE/tile_14995.png,0
arctic_vegetation/20230724_riparianshrub32_m3m/ALDE/tile_14996.png,0
arctic_vegetation/20230724_riparianshrub32_m3m/SEDG/tile_14997.png,9
arctic_vegetation/20230724_riparianshrub32_m3m/SEDG/tile_14998.png,9
arctic_vegetation/20230724_riparianshrub32_m3m/SEDG/tile_14999.png,9
arctic_vegetation/20230724_riparianshrub32_m3m/ALDE/tile_15000.png,0
arctic_vegetation/20230724_riparianshrub32_m3m/ALDE/tile_15001.png,0
arctic_vegetation/20230724_riparianshrub32_m3m/ALDE/tile_15002.png,0
arctic_vegetation/20230724_riparianshrub32_m3m/ALDE/tile_15003.png,0
arctic_vegetation/20230724_riparianshrub32_m3m/ALDE/tile_15004.png,0
arctic_vegetation/20230724_riparianshrub32_m3m/ALDE/tile_15005.png,0
arctic_vegetation/20230724_riparianshrub32_m3m/ALDE/tile_15006.png,0
arctic_vegetation/20230724_riparianshrub32_m3m/ALDE/tile_15007.png,0
arctic_vegetation/20230724_riparianshrub32_m3m/ALDE/tile_15008.png,0
arctic_vegetation/20230724_riparianshrub32_m3m/ALDE/tile_15009.png,0
arctic_vegetation/20230724_riparianshrub32_m3m/ALDE/tile_15010.png,0
arctic_vegetation/20230724_riparianshrub32_m3m/WILL/tile_15015.png,11
arctic_vegetation/20230724_riparianshrub32_m3m/WILL/tile_15016.png,11
arctic_vegetation/20230724_riparianshrub32_m3m/WILL/tile_15017.png,11
arctic_vegetation/20230724_riparianshrub32_m3m/WILL/tile_15018.png,11
arctic_vegetation/20230724_riparianshrub32_m3m/WILL/tile_15019.png,11
arctic_vegetation/20230724_riparianshrub32_m3m/WILL/tile_15020.png,11
arctic_vegetation/20230724_riparianshrub32_m3m/WILL/tile_15021.png,11
arctic_vegetation/20230724_riparianshrub32_m3m/WILL/tile_15022.png,11
arctic_vegetation/20230724_riparianshrub32_m3m/WILL/tile_15023.png,11
arctic_vegetation/20230724_riparianshrub32_m3m/WILL/tile_15024.png,11
arctic_vegetation/20230724_riparianshrub32_m3m/WILL/tile_15025.png,11
arctic_vegetation/20230724_riparianshrub32_m3m/WILL/tile_15026.png,11
arctic_vegetation/20230724_riparianshrub32_m3m/ALDE/tile_15027.png,0
arctic_vegetation/20230724_riparianshrub32_m3m/WILL/tile_15028.png,11
arctic_vegetation/20230724_riparianshrub32_m3m/WILL/tile_15029.png,11
arctic_vegetation/20230724_riparianshrub32_m3m/WILL/tile_15030.png,11
arctic_vegetation/20230724_riparianshrub32_m3m/SEDG/tile_15031.png,9
arctic_vegetation/20230724_riparianshrub32_m3m/SEDG/tile_15032.png,9
arctic_vegetation/20230724_riparianshrub32_m3m/SEDG/tile_15033.png,9
arctic_vegetation/20230724_riparianshrub32_m3m/SEDG/tile_15034.png,9
arctic_vegetation/20230724_riparianshrub32_m3m/SEDG/tile_15035.png,9
arctic_vegetation/20230724_riparianshrub32_m3m/SEDG/tile_15036.png,9
arctic_vegetation/20230724_riparianshrub32_m3m/SEDG/tile_15037.png,9
arctic_vegetation/20230724_riparianshrub32_m3m/SEDG/tile_15038.png,9
arctic_vegetation/20230724_riparianshrub32_m3m/SEDG/tile_15039.png,9
arctic_vegetation/20230724_riparianshrub32_m3m/SEDG/tile_15040.png,9
arctic_vegetation/20230724_riparianshrub32_m3m/SEDG/tile_15041.png,9
arctic_vegetation/20230724_riparianshrub32_m3m/SEDG/tile_15042.png,9
arctic_vegetation/20230724_riparianshrub32_m3m/SEDG/tile_15043.png,9
arctic_vegetation/20230724_riparianshrub32_m3m/SEDG/tile_15044.png,9
arctic_vegetation/20230724_riparianshrub32_m3m/SEDG/tile_15045.png,9
arctic_vegetation/20230724_riparianshrub32_m3m/SEDG/tile_15046.png,9
arctic_vegetation/20230724_riparianshrub32_m3m/SEDG/tile_15047.png,9
arctic_vegetation/20230724_riparianshrub32_m3m/WILL/tile_15049.png,11
arctic_vegetation/20230724_riparianshrub32_m3m/WILL/tile_15050.png,11
arctic_vegetation/20230724_riparianshrub32_m3m/WILL/tile_15051.png,11
arctic_vegetation/20230724_riparianshrub32_m3m/WILL/tile_15052.png,11
arctic_vegetation/20230724_riparianshrub32_m3m/WILL/tile_15053.png,11
arctic_vegetation/20230724_riparianshrub32_m3m/WILL/tile_15054.png,11
arctic_vegetation/20230724_riparianshrub32_m3m/WILL/tile_15055.png,11
arctic_vegetation/20230724_riparianshrub32_m3m/WILL/tile_15056.png,11
arctic_vegetation/20230724_riparianshrub32_m3m/WILL/tile_15057.png,11
arctic_vegetation/20230724_riparianshrub32_m3m/WILL/tile_15058.png,11
arctic_vegetation/20230724_riparianshrub32_m3m/ALDE/tile_15059.png,0
arctic_vegetation/20230724_riparianshrub32_m3m/ALDE/tile_15060.png,0
arctic_vegetation/20230724_riparianshrub32_m3m/ALDE/tile_15061.png,0
arctic_vegetation/20230724_riparianshrub32_m3m/ALDE/tile_15062.png,0
arctic_vegetation/20230724_riparianshrub32_m3m/ALDE/tile_15063.png,0
arctic_vegetation/20230724_riparianshrub32_m3m/ALDE/tile_15064.png,0
arctic_vegetation/20230724_riparianshrub32_m3m/ALDE/tile_15065.png,0
arctic_vegetation/20230724_riparianshrub32_m3m/WILL/tile_15066.png,11
arctic_vegetation/20230724_riparianshrub32_m3m/WILL/tile_15067.png,11
arctic_vegetation/20230724_riparianshrub32_m3m/WILL/tile_15068.png,11
arctic_vegetation/20230724_riparianshrub32_m3m/WILL/tile_15069.png,11
arctic_vegetation/20230724_riparianshrub32_m3m/ALDE/tile_15168.png,0
arctic_vegetation/20230724_riparianshrub32_m3m/ALDE/tile_15169.png,0
arctic_vegetation/20230724_riparianshrub32_m3m/ALDE/tile_15170.png,0
arctic_vegetation/20230724_riparianshrub32_m3m/ALDE/tile_15171.png,0
arctic_vegetation/20230724_riparianshrub32_m3m/ALDE/tile_15172.png,0
arctic_vegetation/20230724_riparianshrub32_m3m/ALDE/tile_15173.png,0
arctic_vegetation/20230724_riparianshrub32_m3m/ALDE/tile_15174.png,0
arctic_vegetation/20230724_riparianshrub32_m3m/ALDE/tile_15175.png,0
arctic_vegetation/20230724_riparianshrub32_m3m/ALDE/tile_15176.png,0
arctic_vegetation/20230724_riparianshrub32_m3m/SEDG/tile_15177.png,9
arctic_vegetation/20230724_riparianshrub32_m3m/SEDG/tile_15178.png,9
arctic_vegetation/20230724_riparianshrub32_m3m/SEDG/tile_15179.png,9
arctic_vegetation/20230724_riparianshrub32_m3m/ALDE/tile_15180.png,0
arctic_vegetation/20230724_riparianshrub32_m3m/ALDE/tile_15181.png,0
arctic_vegetation/20230724_riparianshrub32_m3m/ALDE/tile_15182.png,0
arctic_vegetation/20230724_riparianshrub32_m3m/ALDE/tile_15183.png,0
arctic_vegetation/20230724_riparianshrub32_m3m/ALDE/tile_15184.png,0
arctic_vegetation/20230724_riparianshrub32_m3m/ALDE/tile_15185.png,0
arctic_vegetation/20230724_riparianshrub32_m3m/ALDE/tile_15186.png,0
arctic_vegetation/20230724_riparianshrub32_m3m/ALDE/tile_15187.png,0
arctic_vegetation/20230724_riparianshrub32_m3m/ALDE/tile_15188.png,0
arctic_vegetation/20230724_riparianshrub32_m3m/ALDE/tile_15189.png,0
arctic_vegetation/20230724_riparianshrub32_m3m/ALDE/tile_15190.png,0
arctic_vegetation/20230724_riparianshrub32_m3m/WILL/tile_15195.png,11
arctic_vegetation/20230724_riparianshrub32_m3m/WILL/tile_15196.png,11
arctic_vegetation/20230724_riparianshrub32_m3m/WILL/tile_15197.png,11
arctic_vegetation/20230724_riparianshrub32_m3m/WILL/tile_15198.png,11
arctic_vegetation/20230724_riparianshrub32_m3m/WILL/tile_15199.png,11
arctic_vegetation/20230724_riparianshrub32_m3m/WILL/tile_15200.png,11
arctic_vegetation/20230724_riparianshrub32_m3m/WILL/tile_15201.png,11
arctic_vegetation/20230724_riparianshrub32_m3m/WILL/tile_15202.png,11
arctic_vegetation/20230724_riparianshrub32_m3m/WILL/tile_15203.png,11
arctic_vegetation/20230724_riparianshrub32_m3m/WILL/tile_15204.png,11
arctic_vegetation/20230724_riparianshrub32_m3m/WILL/tile_15205.png,11
arctic_vegetation/20230724_riparianshrub32_m3m/WILL/tile_15206.png,11
arctic_vegetation/20230724_riparianshrub32_m3m/SEDG/tile_15207.png,9
arctic_vegetation/20230724_riparianshrub32_m3m/WILL/tile_15208.png,11
arctic_vegetation/20230724_riparianshrub32_m3m/WILL/tile_15209.png,11
arctic_vegetation/20230724_riparianshrub32_m3m/WILL/tile_15210.png,11
arctic_vegetation/20230724_riparianshrub32_m3m/SEDG/tile_15211.png,9
arctic_vegetation/20230724_riparianshrub32_m3m/SEDG/tile_15212.png,9
arctic_vegetation/20230724_riparianshrub32_m3m/SEDG/tile_15213.png,9
arctic_vegetation/20230724_riparianshrub32_m3m/SEDG/tile_15214.png,9
arctic_vegetation/20230724_riparianshrub32_m3m/SEDG/tile_15215.png,9
arctic_vegetation/20230724_riparianshrub32_m3m/SEDG/tile_15216.png,9
arctic_vegetation/20230724_riparianshrub32_m3m/SEDG/tile_15217.png,9
arctic_vegetation/20230724_riparianshrub32_m3m/SEDG/tile_15218.png,9
arctic_vegetation/20230724_riparianshrub32_m3m/SEDG/tile_15219.png,9
arctic_vegetation/20230724_riparianshrub32_m3m/SEDG/tile_15220.png,9
arctic_vegetation/20230724_riparianshrub32_m3m/SEDG/tile_15221.png,9
arctic_vegetation/20230724_riparianshrub32_m3m/SEDG/tile_15222.png,9
arctic_vegetation/20230724_riparianshrub32_m3m/SEDG/tile_15223.png,9
arctic_vegetation/20230724_riparianshrub32_m3m/SEDG/tile_15224.png,9
arctic_vegetation/20230724_riparianshrub32_m3m/WILL/tile_15225.png,11
arctic_vegetation/20230724_riparianshrub32_m3m/WILL/tile_15226.png,11
arctic_vegetation/20230724_riparianshrub32_m3m/WILL/tile_15227.png,11
arctic_vegetation/20230724_riparianshrub32_m3m/WILL/tile_15228.png,11
arctic_vegetation/20230724_riparianshrub32_m3m/WILL/tile_15229.png,11
arctic_vegetation/20230724_riparianshrub32_m3m/WILL/tile_15230.png,11
arctic_vegetation/20230724_riparianshrub32_m3m/WILL/tile_15231.png,11
arctic_vegetation/20230724_riparianshrub32_m3m/WILL/tile_15232.png,11
arctic_vegetation/20230724_riparianshrub32_m3m/WILL/tile_15233.png,11
arctic_vegetation/20230724_riparianshrub32_m3m/WILL/tile_15234.png,11
arctic_vegetation/20230724_riparianshrub32_m3m/WILL/tile_15235.png,11
arctic_vegetation/20230724_riparianshrub32_m3m/WILL/tile_15236.png,11
arctic_vegetation/20230724_riparianshrub32_m3m/WILL/tile_15237.png,11
arctic_vegetation/20230724_riparianshrub32_m3m/WILL/tile_15238.png,11
arctic_vegetation/20230724_riparianshrub32_m3m/ALDE/tile_15239.png,0
arctic_vegetation/20230724_riparianshrub32_m3m/ALDE/tile_15240.png,0
arctic_vegetation/20230724_riparianshrub32_m3m/ALDE/tile_15241.png,0
arctic_vegetation/20230724_riparianshrub32_m3m/ALDE/tile_15242.png,0
arctic_vegetation/20230724_riparianshrub32_m3m/ALDE/tile_15243.png,0
arctic_vegetation/20230724_riparianshrub32_m3m/WILL/tile_15244.png,11
arctic_vegetation/20230724_riparianshrub32_m3m/WILL/tile_15245.png,11
arctic_vegetation/20230724_riparianshrub32_m3m/WILL/tile_15246.png,11
arctic_vegetation/20230724_riparianshrub32_m3m/WILL/tile_15247.png,11
arctic_vegetation/20230724_riparianshrub32_m3m/WILL/tile_15248.png,11
arctic_vegetation/20230724_riparianshrub32_m3m/WILL/tile_15249.png,11
arctic_vegetation/20230724_riparianshrub32_m3m/ALDE/tile_15348.png,0
arctic_vegetation/20230724_riparianshrub32_m3m/ALDE/tile_15349.png,0
arctic_vegetation/20230724_riparianshrub32_m3m/ALDE/tile_15350.png,0
arctic_vegetation/20230724_riparianshrub32_m3m/ALDE/tile_15351.png,0
arctic_vegetation/20230724_riparianshrub32_m3m/ALDE/tile_15352.png,0
arctic_vegetation/20230724_riparianshrub32_m3m/ALDE/tile_15353.png,0
arctic_vegetation/20230724_riparianshrub32_m3m/ALDE/tile_15354.png,0
arctic_vegetation/20230724_riparianshrub32_m3m/ALDE/tile_15355.png,0
arctic_vegetation/20230724_riparianshrub32_m3m/ALDE/tile_15356.png,0
arctic_vegetation/20230724_riparianshrub32_m3m/SEDG/tile_15357.png,9
arctic_vegetation/20230724_riparianshrub32_m3m/SEDG/tile_15358.png,9
arctic_vegetation/20230724_riparianshrub32_m3m/SEDG/tile_15359.png,9
arctic_vegetation/20230724_riparianshrub32_m3m/ALDE/tile_15360.png,0
arctic_vegetation/20230724_riparianshrub32_m3m/ALDE/tile_15361.png,0
arctic_vegetation/20230724_riparianshrub32_m3m/ALDE/tile_15362.png,0
arctic_vegetation/20230724_riparianshrub32_m3m/ALDE/tile_15363.png,0
arctic_vegetation/20230724_riparianshrub32_m3m/ALDE/tile_15364.png,0
arctic_vegetation/20230724_riparianshrub32_m3m/ALDE/tile_15365.png,0
arctic_vegetation/20230724_riparianshrub32_m3m/ALDE/tile_15366.png,0
arctic_vegetation/20230724_riparianshrub32_m3m/ALDE/tile_15367.png,0
arctic_vegetation/20230724_riparianshrub32_m3m/ALDE/tile_15368.png,0
arctic_vegetation/20230724_riparianshrub32_m3m/ALDE/tile_15369.png,0
arctic_vegetation/20230724_riparianshrub32_m3m/ALDE/tile_15370.png,0
arctic_vegetation/20230724_riparianshrub32_m3m/WILL/tile_15376.png,11
arctic_vegetation/20230724_riparianshrub32_m3m/WILL/tile_15377.png,11
arctic_vegetation/20230724_riparianshrub32_m3m/WILL/tile_15378.png,11
arctic_vegetation/20230724_riparianshrub32_m3m/WILL/tile_15379.png,11
arctic_vegetation/20230724_riparianshrub32_m3m/WILL/tile_15380.png,11
arctic_vegetation/20230724_riparianshrub32_m3m/WILL/tile_15381.png,11
arctic_vegetation/20230724_riparianshrub32_m3m/WILL/tile_15382.png,11
arctic_vegetation/20230724_riparianshrub32_m3m/WILL/tile_15383.png,11
arctic_vegetation/20230724_riparianshrub32_m3m/WILL/tile_15384.png,11
arctic_vegetation/20230724_riparianshrub32_m3m/WILL/tile_15385.png,11
arctic_vegetation/20230724_riparianshrub32_m3m/WILL/tile_15386.png,11
arctic_vegetation/20230724_riparianshrub32_m3m/WILL/tile_15387.png,11
arctic_vegetation/20230724_riparianshrub32_m3m/WILL/tile_15388.png,11
arctic_vegetation/20230724_riparianshrub32_m3m/WILL/tile_15389.png,11
arctic_vegetation/20230724_riparianshrub32_m3m/WILL/tile_15390.png,11
arctic_vegetation/20230724_riparianshrub32_m3m/SEDG/tile_15391.png,9
arctic_vegetation/20230724_riparianshrub32_m3m/SEDG/tile_15392.png,9
arctic_vegetation/20230724_riparianshrub32_m3m/SEDG/tile_15393.png,9
arctic_vegetation/20230724_riparianshrub32_m3m/SEDG/tile_15394.png,9
arctic_vegetation/20230724_riparianshrub32_m3m/SEDG/tile_15395.png,9
arctic_vegetation/20230724_riparianshrub32_m3m/SEDG/tile_15396.png,9
arctic_vegetation/20230724_riparianshrub32_m3m/SEDG/tile_15397.png,9
arctic_vegetation/20230724_riparianshrub32_m3m/SEDG/tile_15398.png,9
arctic_vegetation/20230724_riparianshrub32_m3m/WILL/tile_15399.png,11
arctic_vegetation/20230724_riparianshrub32_m3m/WILL/tile_15400.png,11
arctic_vegetation/20230724_riparianshrub32_m3m/WILL/tile_15401.png,11
arctic_vegetation/20230724_riparianshrub32_m3m/WILL/tile_15402.png,11
arctic_vegetation/20230724_riparianshrub32_m3m/WILL/tile_15403.png,11
arctic_vegetation/20230724_riparianshrub32_m3m/WILL/tile_15404.png,11
arctic_vegetation/20230724_riparianshrub32_m3m/WILL/tile_15405.png,11
arctic_vegetation/20230724_riparianshrub32_m3m/WILL/tile_15406.png,11
arctic_vegetation/20230724_riparianshrub32_m3m/WILL/tile_15407.png,11
arctic_vegetation/20230724_riparianshrub32_m3m/WILL/tile_15408.png,11
arctic_vegetation/20230724_riparianshrub32_m3m/WILL/tile_15409.png,11
arctic_vegetation/20230724_riparianshrub32_m3m/WILL/tile_15410.png,11
arctic_vegetation/20230724_riparianshrub32_m3m/WILL/tile_15411.png,11
arctic_vegetation/20230724_riparianshrub32_m3m/WILL/tile_15412.png,11
arctic_vegetation/20230724_riparianshrub32_m3m/WILL/tile_15413.png,11
arctic_vegetation/20230724_riparianshrub32_m3m/WILL/tile_15414.png,11
arctic_vegetation/20230724_riparianshrub32_m3m/WILL/tile_15415.png,11
arctic_vegetation/20230724_riparianshrub32_m3m/WILL/tile_15416.png,11
arctic_vegetation/20230724_riparianshrub32_m3m/WILL/tile_15417.png,11
arctic_vegetation/20230724_riparianshrub32_m3m/WILL/tile_15418.png,11
arctic_vegetation/20230724_riparianshrub32_m3m/WILL/tile_15419.png,11
arctic_vegetation/20230724_riparianshrub32_m3m/WILL/tile_15420.png,11
arctic_vegetation/20230724_riparianshrub32_m3m/WILL/tile_15421.png,11
arctic_vegetation/20230724_riparianshrub32_m3m/WILL/tile_15422.png,11
arctic_vegetation/20230724_riparianshrub32_m3m/WILL/tile_15423.png,11
arctic_vegetation/20230724_riparianshrub32_m3m/WILL/tile_15424.png,11
arctic_vegetation/20230724_riparianshrub32_m3m/WILL/tile_15425.png,11
arctic_vegetation/20230724_riparianshrub32_m3m/WILL/tile_15426.png,11
arctic_vegetation/20230724_riparianshrub32_m3m/WILL/tile_15427.png,11
arctic_vegetation/20230724_riparianshrub32_m3m/WILL/tile_15428.png,11
arctic_vegetation/20230724_riparianshrub32_m3m/WILL/tile_15429.png,11
arctic_vegetation/20230724_riparianshrub32_m3m/ALDE/tile_15528.png,0
arctic_vegetation/20230724_riparianshrub32_m3m/ALDE/tile_15529.png,0
arctic_vegetation/20230724_riparianshrub32_m3m/ALDE/tile_15530.png,0
arctic_vegetation/20230724_riparianshrub32_m3m/ALDE/tile_15531.png,0
arctic_vegetation/20230724_riparianshrub32_m3m/ALDE/tile_15532.png,0
arctic_vegetation/20230724_riparianshrub32_m3m/ALDE/tile_15533.png,0
arctic_vegetation/20230724_riparianshrub32_m3m/ALDE/tile_15534.png,0
arctic_vegetation/20230724_riparianshrub32_m3m/ALDE/tile_15535.png,0
arctic_vegetation/20230724_riparianshrub32_m3m/ALDE/tile_15536.png,0
arctic_vegetation/20230724_riparianshrub32_m3m/SEDG/tile_15537.png,9
arctic_vegetation/20230724_riparianshrub32_m3m/SEDG/tile_15538.png,9
arctic_vegetation/20230724_riparianshrub32_m3m/SEDG/tile_15539.png,9
arctic_vegetation/20230724_riparianshrub32_m3m/ALDE/tile_15540.png,0
arctic_vegetation/20230724_riparianshrub32_m3m/ALDE/tile_15541.png,0
arctic_vegetation/20230724_riparianshrub32_m3m/ALDE/tile_15542.png,0
arctic_vegetation/20230724_riparianshrub32_m3m/ALDE/tile_15543.png,0
arctic_vegetation/20230724_riparianshrub32_m3m/ALDE/tile_15544.png,0
arctic_vegetation/20230724_riparianshrub32_m3m/ALDE/tile_15545.png,0
arctic_vegetation/20230724_riparianshrub32_m3m/ALDE/tile_15546.png,0
arctic_vegetation/20230724_riparianshrub32_m3m/ALDE/tile_15547.png,0
arctic_vegetation/20230724_riparianshrub32_m3m/ALDE/tile_15548.png,0
arctic_vegetation/20230724_riparianshrub32_m3m/ALDE/tile_15549.png,0
arctic_vegetation/20230724_riparianshrub32_m3m/ALDE/tile_15550.png,0
arctic_vegetation/20230724_riparianshrub32_m3m/WILL/tile_15566.png,11
arctic_vegetation/20230724_riparianshrub32_m3m/WILL/tile_15567.png,11
arctic_vegetation/20230724_riparianshrub32_m3m/WILL/tile_15568.png,11
arctic_vegetation/20230724_riparianshrub32_m3m/WILL/tile_15569.png,11
arctic_vegetation/20230724_riparianshrub32_m3m/WILL/tile_15570.png,11
arctic_vegetation/20230724_riparianshrub32_m3m/SEDG/tile_15571.png,9
arctic_vegetation/20230724_riparianshrub32_m3m/SEDG/tile_15572.png,9
arctic_vegetation/20230724_riparianshrub32_m3m/SEDG/tile_15573.png,9
arctic_vegetation/20230724_riparianshrub32_m3m/SEDG/tile_15574.png,9
arctic_vegetation/20230724_riparianshrub32_m3m/SEDG/tile_15575.png,9
arctic_vegetation/20230724_riparianshrub32_m3m/SEDG/tile_15576.png,9
arctic_vegetation/20230724_riparianshrub32_m3m/SEDG/tile_15577.png,9
arctic_vegetation/20230724_riparianshrub32_m3m/SEDG/tile_15578.png,9
arctic_vegetation/20230724_riparianshrub32_m3m/SEDG/tile_15579.png,9
arctic_vegetation/20230724_riparianshrub32_m3m/SEDG/tile_15580.png,9
arctic_vegetation/20230724_riparianshrub32_m3m/WILL/tile_15581.png,11
arctic_vegetation/20230724_riparianshrub32_m3m/WILL/tile_15582.png,11
arctic_vegetation/20230724_riparianshrub32_m3m/WILL/tile_15583.png,11
arctic_vegetation/20230724_riparianshrub32_m3m/WILL/tile_15584.png,11
arctic_vegetation/20230724_riparianshrub32_m3m/WILL/tile_15585.png,11
arctic_vegetation/20230724_riparianshrub32_m3m/WILL/tile_15586.png,11
arctic_vegetation/20230724_riparianshrub32_m3m/WILL/tile_15587.png,11
arctic_vegetation/20230724_riparianshrub32_m3m/WILL/tile_15588.png,11
arctic_vegetation/20230724_riparianshrub32_m3m/WILL/tile_15589.png,11
arctic_vegetation/20230724_riparianshrub32_m3m/WILL/tile_15590.png,11
arctic_vegetation/20230724_riparianshrub32_m3m/WILL/tile_15591.png,11
arctic_vegetation/20230724_riparianshrub32_m3m/WILL/tile_15592.png,11
arctic_vegetation/20230724_riparianshrub32_m3m/WILL/tile_15593.png,11
arctic_vegetation/20230724_riparianshrub32_m3m/WILL/tile_15594.png,11
arctic_vegetation/20230724_riparianshrub32_m3m/WILL/tile_15595.png,11
arctic_vegetation/20230724_riparianshrub32_m3m/WILL/tile_15596.png,11
arctic_vegetation/20230724_riparianshrub32_m3m/WILL/tile_15597.png,11
arctic_vegetation/20230724_riparianshrub32_m3m/WILL/tile_15598.png,11
arctic_vegetation/20230724_riparianshrub32_m3m/WILL/tile_15599.png,11
arctic_vegetation/20230724_riparianshrub32_m3m/WILL/tile_15600.png,11
arctic_vegetation/20230724_riparianshrub32_m3m/WILL/tile_15601.png,11
arctic_vegetation/20230724_riparianshrub32_m3m/WILL/tile_15602.png,11
arctic_vegetation/20230724_riparianshrub32_m3m/WILL/tile_15603.png,11
arctic_vegetation/20230724_riparianshrub32_m3m/WILL/tile_15604.png,11
arctic_vegetation/20230724_riparianshrub32_m3m/WILL/tile_15605.png,11
arctic_vegetation/20230724_riparianshrub32_m3m/WILL/tile_15606.png,11
arctic_vegetation/20230724_riparianshrub32_m3m/WILL/tile_15607.png,11
arctic_vegetation/20230724_riparianshrub32_m3m/ALDE/tile_15709.png,0
arctic_vegetation/20230724_riparianshrub32_m3m/ALDE/tile_15710.png,0
arctic_vegetation/20230724_riparianshrub32_m3m/ALDE/tile_15711.png,0
arctic_vegetation/20230724_riparianshrub32_m3m/ALDE/tile_15712.png,0
arctic_vegetation/20230724_riparianshrub32_m3m/ALDE/tile_15713.png,0
arctic_vegetation/20230724_riparianshrub32_m3m/ALDE/tile_15714.png,0
arctic_vegetation/20230724_riparianshrub32_m3m/ALDE/tile_15715.png,0
arctic_vegetation/20230724_riparianshrub32_m3m/ALDE/tile_15716.png,0
arctic_vegetation/20230724_riparianshrub32_m3m/SEDG/tile_15717.png,9
arctic_vegetation/20230724_riparianshrub32_m3m/SEDG/tile_15718.png,9
arctic_vegetation/20230724_riparianshrub32_m3m/ALDE/tile_15719.png,0
arctic_vegetation/20230724_riparianshrub32_m3m/ALDE/tile_15720.png,0
arctic_vegetation/20230724_riparianshrub32_m3m/ALDE/tile_15721.png,0
arctic_vegetation/20230724_riparianshrub32_m3m/ALDE/tile_15722.png,0
arctic_vegetation/20230724_riparianshrub32_m3m/ALDE/tile_15723.png,0
arctic_vegetation/20230724_riparianshrub32_m3m/ALDE/tile_15724.png,0
arctic_vegetation/20230724_riparianshrub32_m3m/ALDE/tile_15725.png,0
arctic_vegetation/20230724_riparianshrub32_m3m/ALDE/tile_15726.png,0
arctic_vegetation/20230724_riparianshrub32_m3m/ALDE/tile_15727.png,0
arctic_vegetation/20230724_riparianshrub32_m3m/ALDE/tile_15728.png,0
arctic_vegetation/20230724_riparianshrub32_m3m/ALDE/tile_15729.png,0
arctic_vegetation/20230724_riparianshrub32_m3m/ALDE/tile_15730.png,0
arctic_vegetation/20230724_riparianshrub32_m3m/WILL/tile_15746.png,11
arctic_vegetation/20230724_riparianshrub32_m3m/WILL/tile_15747.png,11
arctic_vegetation/20230724_riparianshrub32_m3m/WILL/tile_15748.png,11
arctic_vegetation/20230724_riparianshrub32_m3m/WILL/tile_15749.png,11
arctic_vegetation/20230724_riparianshrub32_m3m/WILL/tile_15750.png,11
arctic_vegetation/20230724_riparianshrub32_m3m/SEDG/tile_15751.png,9
arctic_vegetation/20230724_riparianshrub32_m3m/SEDG/tile_15752.png,9
arctic_vegetation/20230724_riparianshrub32_m3m/SEDG/tile_15753.png,9
arctic_vegetation/20230724_riparianshrub32_m3m/SEDG/tile_15754.png,9
arctic_vegetation/20230724_riparianshrub32_m3m/SEDG/tile_15755.png,9
arctic_vegetation/20230724_riparianshrub32_m3m/SEDG/tile_15756.png,9
arctic_vegetation/20230724_riparianshrub32_m3m/SEDG/tile_15757.png,9
arctic_vegetation/20230724_riparianshrub32_m3m/SEDG/tile_15758.png,9
arctic_vegetation/20230724_riparianshrub32_m3m/SEDG/tile_15759.png,9
arctic_vegetation/20230724_riparianshrub32_m3m/SEDG/tile_15760.png,9
arctic_vegetation/20230724_riparianshrub32_m3m/WILL/tile_15761.png,11
arctic_vegetation/20230724_riparianshrub32_m3m/WILL/tile_15762.png,11
arctic_vegetation/20230724_riparianshrub32_m3m/WILL/tile_15763.png,11
arctic_vegetation/20230724_riparianshrub32_m3m/WILL/tile_15764.png,11
arctic_vegetation/20230724_riparianshrub32_m3m/WILL/tile_15765.png,11
arctic_vegetation/20230724_riparianshrub32_m3m/WILL/tile_15766.png,11
arctic_vegetation/20230724_riparianshrub32_m3m/WILL/tile_15767.png,11
arctic_vegetation/20230724_riparianshrub32_m3m/WILL/tile_15768.png,11
arctic_vegetation/20230724_riparianshrub32_m3m/WILL/tile_15769.png,11
arctic_vegetation/20230724_riparianshrub32_m3m/WILL/tile_15770.png,11
arctic_vegetation/20230724_riparianshrub32_m3m/WILL/tile_15771.png,11
arctic_vegetation/20230724_riparianshrub32_m3m/WILL/tile_15772.png,11
arctic_vegetation/20230724_riparianshrub32_m3m/WILL/tile_15773.png,11
arctic_vegetation/20230724_riparianshrub32_m3m/WILL/tile_15774.png,11
arctic_vegetation/20230724_riparianshrub32_m3m/WILL/tile_15775.png,11
arctic_vegetation/20230724_riparianshrub32_m3m/WILL/tile_15776.png,11
arctic_vegetation/20230724_riparianshrub32_m3m/WILL/tile_15777.png,11
arctic_vegetation/20230724_riparianshrub32_m3m/WILL/tile_15778.png,11
arctic_vegetation/20230724_riparianshrub32_m3m/WILL/tile_15779.png,11
arctic_vegetation/20230724_riparianshrub32_m3m/WILL/tile_15780.png,11
arctic_vegetation/20230724_riparianshrub32_m3m/WILL/tile_15781.png,11
arctic_vegetation/20230724_riparianshrub32_m3m/WILL/tile_15782.png,11
arctic_vegetation/20230724_riparianshrub32_m3m/WILL/tile_15783.png,11
arctic_vegetation/20230724_riparianshrub32_m3m/WILL/tile_15784.png,11
arctic_vegetation/20230724_riparianshrub32_m3m/WILL/tile_15785.png,11
arctic_vegetation/20230724_riparianshrub32_m3m/WILL/tile_15786.png,11
arctic_vegetation/20230724_riparianshrub32_m3m/WILL/tile_15787.png,11
arctic_vegetation/20230724_riparianshrub32_m3m/WILL/tile_15788.png,11
arctic_vegetation/20230724_riparianshrub32_m3m/WILL/tile_15789.png,11
arctic_vegetation/20230724_riparianshrub32_m3m/WILL/tile_15790.png,11
arctic_vegetation/20230724_riparianshrub32_m3m/WILL/tile_15791.png,11
arctic_vegetation/20230724_riparianshrub32_m3m/ALDE/tile_15889.png,0
arctic_vegetation/20230724_riparianshrub32_m3m/ALDE/tile_15890.png,0
arctic_vegetation/20230724_riparianshrub32_m3m/ALDE/tile_15891.png,0
arctic_vegetation/20230724_riparianshrub32_m3m/ALDE/tile_15892.png,0
arctic_vegetation/20230724_riparianshrub32_m3m/ALDE/tile_15893.png,0
arctic_vegetation/20230724_riparianshrub32_m3m/ALDE/tile_15894.png,0
arctic_vegetation/20230724_riparianshrub32_m3m/LICH/tile_15897.png,4
arctic_vegetation/20230724_riparianshrub32_m3m/SEDG/tile_15898.png,9
arctic_vegetation/20230724_riparianshrub32_m3m/ALDE/tile_15899.png,0
arctic_vegetation/20230724_riparianshrub32_m3m/ALDE/tile_15900.png,0
arctic_vegetation/20230724_riparianshrub32_m3m/ALDE/tile_15901.png,0
arctic_vegetation/20230724_riparianshrub32_m3m/ALDE/tile_15902.png,0
arctic_vegetation/20230724_riparianshrub32_m3m/ALDE/tile_15903.png,0
arctic_vegetation/20230724_riparianshrub32_m3m/ALDE/tile_15904.png,0
arctic_vegetation/20230724_riparianshrub32_m3m/ALDE/tile_15905.png,0
arctic_vegetation/20230724_riparianshrub32_m3m/ALDE/tile_15906.png,0
arctic_vegetation/20230724_riparianshrub32_m3m/ALDE/tile_15907.png,0
arctic_vegetation/20230724_riparianshrub32_m3m/ALDE/tile_15908.png,0
arctic_vegetation/20230724_riparianshrub32_m3m/ALDE/tile_15909.png,0
arctic_vegetation/20230724_riparianshrub32_m3m/ALDE/tile_15910.png,0
arctic_vegetation/20230724_riparianshrub32_m3m/ALDE/tile_15922.png,0
arctic_vegetation/20230724_riparianshrub32_m3m/ALDE/tile_15923.png,0
arctic_vegetation/20230724_riparianshrub32_m3m/ALDE/tile_15924.png,0
arctic_vegetation/20230724_riparianshrub32_m3m/ALDE/tile_15925.png,0
arctic_vegetation/20230724_riparianshrub32_m3m/ALDE/tile_15926.png,0
arctic_vegetation/20230724_riparianshrub32_m3m/ALDE/tile_15927.png,0
arctic_vegetation/20230724_riparianshrub32_m3m/ALDE/tile_15928.png,0
arctic_vegetation/20230724_riparianshrub32_m3m/ALDE/tile_15929.png,0
arctic_vegetation/20230724_riparianshrub32_m3m/WILL/tile_15930.png,11
arctic_vegetation/20230724_riparianshrub32_m3m/WILL/tile_15931.png,11
arctic_vegetation/20230724_riparianshrub32_m3m/SEDG/tile_15932.png,9
arctic_vegetation/20230724_riparianshrub32_m3m/SEDG/tile_15933.png,9
arctic_vegetation/20230724_riparianshrub32_m3m/SEDG/tile_15934.png,9
arctic_vegetation/20230724_riparianshrub32_m3m/SEDG/tile_15935.png,9
arctic_vegetation/20230724_riparianshrub32_m3m/SEDG/tile_15936.png,9
arctic_vegetation/20230724_riparianshrub32_m3m/SEDG/tile_15937.png,9
arctic_vegetation/20230724_riparianshrub32_m3m/SEDG/tile_15938.png,9
arctic_vegetation/20230724_riparianshrub32_m3m/SEDG/tile_15939.png,9
arctic_vegetation/20230724_riparianshrub32_m3m/SEDG/tile_15940.png,9
arctic_vegetation/20230724_riparianshrub32_m3m/SEDG/tile_15941.png,9
arctic_vegetation/20230724_riparianshrub32_m3m/WILL/tile_15942.png,11
arctic_vegetation/20230724_riparianshrub32_m3m/WILL/tile_15943.png,11
arctic_vegetation/20230724_riparianshrub32_m3m/WILL/tile_15944.png,11
arctic_vegetation/20230724_riparianshrub32_m3m/WILL/tile_15945.png,11
arctic_vegetation/20230724_riparianshrub32_m3m/WILL/tile_15946.png,11
arctic_vegetation/20230724_riparianshrub32_m3m/WILL/tile_15947.png,11
arctic_vegetation/20230724_riparianshrub32_m3m/WILL/tile_15948.png,11
arctic_vegetation/20230724_riparianshrub32_m3m/WILL/tile_15949.png,11
arctic_vegetation/20230724_riparianshrub32_m3m/WILL/tile_15950.png,11
arctic_vegetation/20230724_riparianshrub32_m3m/ALDE/tile_15951.png,0
arctic_vegetation/20230724_riparianshrub32_m3m/ALDE/tile_15952.png,0
arctic_vegetation/20230724_riparianshrub32_m3m/WILL/tile_15953.png,11
arctic_vegetation/20230724_riparianshrub32_m3m/WILL/tile_15954.png,11
arctic_vegetation/20230724_riparianshrub32_m3m/WILL/tile_15955.png,11
arctic_vegetation/20230724_riparianshrub32_m3m/WILL/tile_15956.png,11
arctic_vegetation/20230724_riparianshrub32_m3m/ALDE/tile_15957.png,0
arctic_vegetation/20230724_riparianshrub32_m3m/ALDE/tile_15958.png,0
arctic_vegetation/20230724_riparianshrub32_m3m/WILL/tile_15959.png,11
arctic_vegetation/20230724_riparianshrub32_m3m/WILL/tile_15960.png,11
arctic_vegetation/20230724_riparianshrub32_m3m/WILL/tile_15961.png,11
arctic_vegetation/20230724_riparianshrub32_m3m/WILL/tile_15962.png,11
arctic_vegetation/20230724_riparianshrub32_m3m/WILL/tile_15963.png,11
arctic_vegetation/20230724_riparianshrub32_m3m/WILL/tile_15964.png,11
arctic_vegetation/20230724_riparianshrub32_m3m/WILL/tile_15965.png,11
arctic_vegetation/20230724_riparianshrub32_m3m/WILL/tile_15966.png,11
arctic_vegetation/20230724_riparianshrub32_m3m/WILL/tile_15967.png,11
arctic_vegetation/20230724_riparianshrub32_m3m/WILL/tile_15968.png,11
arctic_vegetation/20230724_riparianshrub32_m3m/WILL/tile_15969.png,11
arctic_vegetation/20230724_riparianshrub32_m3m/WILL/tile_15970.png,11
arctic_vegetation/20230724_riparianshrub32_m3m/WILL/tile_15971.png,11
arctic_vegetation/20230724_riparianshrub32_m3m/LICH/tile_16077.png,4
arctic_vegetation/20230724_riparianshrub32_m3m/LICH/tile_16078.png,4
arctic_vegetation/20230724_riparianshrub32_m3m/LICH/tile_16079.png,4
arctic_vegetation/20230724_riparianshrub32_m3m/ALDE/tile_16080.png,0
arctic_vegetation/20230724_riparianshrub32_m3m/ALDE/tile_16081.png,0
arctic_vegetation/20230724_riparianshrub32_m3m/ALDE/tile_16082.png,0
arctic_vegetation/20230724_riparianshrub32_m3m/ALDE/tile_16083.png,0
arctic_vegetation/20230724_riparianshrub32_m3m/ALDE/tile_16084.png,0
arctic_vegetation/20230724_riparianshrub32_m3m/ALDE/tile_16085.png,0
arctic_vegetation/20230724_riparianshrub32_m3m/ALDE/tile_16086.png,0
arctic_vegetation/20230724_riparianshrub32_m3m/ALDE/tile_16087.png,0
arctic_vegetation/20230724_riparianshrub32_m3m/ALDE/tile_16088.png,0
arctic_vegetation/20230724_riparianshrub32_m3m/SEDG/tile_16089.png,9
arctic_vegetation/20230724_riparianshrub32_m3m/SEDG/tile_16090.png,9
arctic_vegetation/20230724_riparianshrub32_m3m/ALDE/tile_16102.png,0
arctic_vegetation/20230724_riparianshrub32_m3m/ALDE/tile_16103.png,0
arctic_vegetation/20230724_riparianshrub32_m3m/ALDE/tile_16104.png,0
arctic_vegetation/20230724_riparianshrub32_m3m/ALDE/tile_16105.png,0
arctic_vegetation/20230724_riparianshrub32_m3m/ALDE/tile_16106.png,0
arctic_vegetation/20230724_riparianshrub32_m3m/ALDE/tile_16107.png,0
arctic_vegetation/20230724_riparianshrub32_m3m/ALDE/tile_16108.png,0
arctic_vegetation/20230724_riparianshrub32_m3m/ALDE/tile_16109.png,0
arctic_vegetation/20230724_riparianshrub32_m3m/ALDE/tile_16110.png,0
arctic_vegetation/20230724_riparianshrub32_m3m/WILL/tile_16111.png,11
arctic_vegetation/20230724_riparianshrub32_m3m/SEDG/tile_16112.png,9
arctic_vegetation/20230724_riparianshrub32_m3m/SEDG/tile_16113.png,9
arctic_vegetation/20230724_riparianshrub32_m3m/SEDG/tile_16114.png,9
arctic_vegetation/20230724_riparianshrub32_m3m/SEDG/tile_16115.png,9
arctic_vegetation/20230724_riparianshrub32_m3m/SEDG/tile_16116.png,9
arctic_vegetation/20230724_riparianshrub32_m3m/SEDG/tile_16117.png,9
arctic_vegetation/20230724_riparianshrub32_m3m/SEDG/tile_16118.png,9
arctic_vegetation/20230724_riparianshrub32_m3m/SEDG/tile_16119.png,9
arctic_vegetation/20230724_riparianshrub32_m3m/SEDG/tile_16120.png,9
arctic_vegetation/20230724_riparianshrub32_m3m/SEDG/tile_16121.png,9
arctic_vegetation/20230724_riparianshrub32_m3m/WILL/tile_16122.png,11
arctic_vegetation/20230724_riparianshrub32_m3m/WILL/tile_16123.png,11
arctic_vegetation/20230724_riparianshrub32_m3m/WILL/tile_16124.png,11
arctic_vegetation/20230724_riparianshrub32_m3m/WILL/tile_16125.png,11
arctic_vegetation/20230724_riparianshrub32_m3m/WILL/tile_16126.png,11
arctic_vegetation/20230724_riparianshrub32_m3m/WILL/tile_16127.png,11
arctic_vegetation/20230724_riparianshrub32_m3m/WILL/tile_16128.png,11
arctic_vegetation/20230724_riparianshrub32_m3m/ALDE/tile_16129.png,0
arctic_vegetation/20230724_riparianshrub32_m3m/ALDE/tile_16130.png,0
arctic_vegetation/20230724_riparianshrub32_m3m/ALDE/tile_16131.png,0
arctic_vegetation/20230724_riparianshrub32_m3m/ALDE/tile_16132.png,0
arctic_vegetation/20230724_riparianshrub32_m3m/WILL/tile_16133.png,11
arctic_vegetation/20230724_riparianshrub32_m3m/ALDE/tile_16134.png,0
arctic_vegetation/20230724_riparianshrub32_m3m/ALDE/tile_16135.png,0
arctic_vegetation/20230724_riparianshrub32_m3m/ALDE/tile_16136.png,0
arctic_vegetation/20230724_riparianshrub32_m3m/ALDE/tile_16137.png,0
arctic_vegetation/20230724_riparianshrub32_m3m/ALDE/tile_16138.png,0
arctic_vegetation/20230724_riparianshrub32_m3m/ALDE/tile_16139.png,0
arctic_vegetation/20230724_riparianshrub32_m3m/ALDE/tile_16140.png,0
arctic_vegetation/20230724_riparianshrub32_m3m/ALDE/tile_16141.png,0
arctic_vegetation/20230724_riparianshrub32_m3m/WILL/tile_16142.png,11
arctic_vegetation/20230724_riparianshrub32_m3m/WILL/tile_16143.png,11
arctic_vegetation/20230724_riparianshrub32_m3m/WILL/tile_16144.png,11
arctic_vegetation/20230724_riparianshrub32_m3m/WILL/tile_16145.png,11
arctic_vegetation/20230724_riparianshrub32_m3m/WILL/tile_16146.png,11
arctic_vegetation/20230724_riparianshrub32_m3m/WILL/tile_16147.png,11
arctic_vegetation/20230724_riparianshrub32_m3m/WILL/tile_16148.png,11
arctic_vegetation/20230724_riparianshrub32_m3m/WILL/tile_16149.png,11
arctic_vegetation/20230724_riparianshrub32_m3m/WILL/tile_16150.png,11
arctic_vegetation/20230724_riparianshrub32_m3m/WILL/tile_16151.png,11
arctic_vegetation/20230724_riparianshrub32_m3m/ALDE/tile_16262.png,0
arctic_vegetation/20230724_riparianshrub32_m3m/ALDE/tile_16263.png,0
arctic_vegetation/20230724_riparianshrub32_m3m/ALDE/tile_16264.png,0
arctic_vegetation/20230724_riparianshrub32_m3m/ALDE/tile_16265.png,0
arctic_vegetation/20230724_riparianshrub32_m3m/ALDE/tile_16282.png,0
arctic_vegetation/20230724_riparianshrub32_m3m/ALDE/tile_16283.png,0
arctic_vegetation/20230724_riparianshrub32_m3m/ALDE/tile_16284.png,0
arctic_vegetation/20230724_riparianshrub32_m3m/ALDE/tile_16285.png,0
arctic_vegetation/20230724_riparianshrub32_m3m/ALDE/tile_16286.png,0
arctic_vegetation/20230724_riparianshrub32_m3m/ALDE/tile_16287.png,0
arctic_vegetation/20230724_riparianshrub32_m3m/ALDE/tile_16288.png,0
arctic_vegetation/20230724_riparianshrub32_m3m/ALDE/tile_16289.png,0
arctic_vegetation/20230724_riparianshrub32_m3m/ALDE/tile_16290.png,0
arctic_vegetation/20230724_riparianshrub32_m3m/SEDG/tile_16294.png,9
arctic_vegetation/20230724_riparianshrub32_m3m/SEDG/tile_16295.png,9
arctic_vegetation/20230724_riparianshrub32_m3m/SEDG/tile_16296.png,9
arctic_vegetation/20230724_riparianshrub32_m3m/SEDG/tile_16297.png,9
arctic_vegetation/20230724_riparianshrub32_m3m/SEDG/tile_16298.png,9
arctic_vegetation/20230724_riparianshrub32_m3m/SEDG/tile_16299.png,9
arctic_vegetation/20230724_riparianshrub32_m3m/SEDG/tile_16300.png,9
arctic_vegetation/20230724_riparianshrub32_m3m/SEDG/tile_16301.png,9
arctic_vegetation/20230724_riparianshrub32_m3m/WILL/tile_16302.png,11
arctic_vegetation/20230724_riparianshrub32_m3m/WILL/tile_16303.png,11
arctic_vegetation/20230724_riparianshrub32_m3m/WILL/tile_16304.png,11
arctic_vegetation/20230724_riparianshrub32_m3m/WILL/tile_16305.png,11
arctic_vegetation/20230724_riparianshrub32_m3m/WILL/tile_16306.png,11
arctic_vegetation/20230724_riparianshrub32_m3m/WILL/tile_16307.png,11
arctic_vegetation/20230724_riparianshrub32_m3m/WILL/tile_16308.png,11
arctic_vegetation/20230724_riparianshrub32_m3m/ALDE/tile_16309.png,0
arctic_vegetation/20230724_riparianshrub32_m3m/ALDE/tile_16310.png,0
arctic_vegetation/20230724_riparianshrub32_m3m/ALDE/tile_16311.png,0
arctic_vegetation/20230724_riparianshrub32_m3m/ALDE/tile_16312.png,0
arctic_vegetation/20230724_riparianshrub32_m3m/WILL/tile_16313.png,11
arctic_vegetation/20230724_riparianshrub32_m3m/ALDE/tile_16314.png,0
arctic_vegetation/20230724_riparianshrub32_m3m/ALDE/tile_16315.png,0
arctic_vegetation/20230724_riparianshrub32_m3m/ALDE/tile_16316.png,0
arctic_vegetation/20230724_riparianshrub32_m3m/ALDE/tile_16317.png,0
arctic_vegetation/20230724_riparianshrub32_m3m/ALDE/tile_16318.png,0
arctic_vegetation/20230724_riparianshrub32_m3m/ALDE/tile_16319.png,0
arctic_vegetation/20230724_riparianshrub32_m3m/ALDE/tile_16320.png,0
arctic_vegetation/20230724_riparianshrub32_m3m/ALDE/tile_16321.png,0
arctic_vegetation/20230724_riparianshrub32_m3m/ALDE/tile_16322.png,0
arctic_vegetation/20230724_riparianshrub32_m3m/ALDE/tile_16323.png,0
arctic_vegetation/20230724_riparianshrub32_m3m/ALDE/tile_16324.png,0
arctic_vegetation/20230724_riparianshrub32_m3m/WILL/tile_16325.png,11
arctic_vegetation/20230724_riparianshrub32_m3m/WILL/tile_16326.png,11
arctic_vegetation/20230724_riparianshrub32_m3m/WILL/tile_16327.png,11
arctic_vegetation/20230724_riparianshrub32_m3m/WILL/tile_16328.png,11
arctic_vegetation/20230724_riparianshrub32_m3m/WILL/tile_16329.png,11
arctic_vegetation/20230724_riparianshrub32_m3m/WILL/tile_16330.png,11
arctic_vegetation/20230724_riparianshrub32_m3m/ALDE/tile_16462.png,0
arctic_vegetation/20230724_riparianshrub32_m3m/ALDE/tile_16463.png,0
arctic_vegetation/20230724_riparianshrub32_m3m/ALDE/tile_16464.png,0
arctic_vegetation/20230724_riparianshrub32_m3m/ALDE/tile_16465.png,0
arctic_vegetation/20230724_riparianshrub32_m3m/ALDE/tile_16466.png,0
arctic_vegetation/20230724_riparianshrub32_m3m/ALDE/tile_16467.png,0
arctic_vegetation/20230724_riparianshrub32_m3m/ALDE/tile_16468.png,0
arctic_vegetation/20230724_riparianshrub32_m3m/ALDE/tile_16469.png,0
arctic_vegetation/20230724_riparianshrub32_m3m/ALDE/tile_16470.png,0
arctic_vegetation/20230724_riparianshrub32_m3m/SEDG/tile_16474.png,9
arctic_vegetation/20230724_riparianshrub32_m3m/SEDG/tile_16475.png,9
arctic_vegetation/20230724_riparianshrub32_m3m/SEDG/tile_16476.png,9
arctic_vegetation/20230724_riparianshrub32_m3m/SEDG/tile_16477.png,9
arctic_vegetation/20230724_riparianshrub32_m3m/SEDG/tile_16478.png,9
arctic_vegetation/20230724_riparianshrub32_m3m/SEDG/tile_16479.png,9
arctic_vegetation/20230724_riparianshrub32_m3m/SEDG/tile_16480.png,9
arctic_vegetation/20230724_riparianshrub32_m3m/SEDG/tile_16481.png,9
arctic_vegetation/20230724_riparianshrub32_m3m/SEDG/tile_16482.png,9
arctic_vegetation/20230724_riparianshrub32_m3m/WILL/tile_16483.png,11
arctic_vegetation/20230724_riparianshrub32_m3m/WILL/tile_16484.png,11
arctic_vegetation/20230724_riparianshrub32_m3m/WILL/tile_16485.png,11
arctic_vegetation/20230724_riparianshrub32_m3m/ALDE/tile_16486.png,0
arctic_vegetation/20230724_riparianshrub32_m3m/ALDE/tile_16487.png,0
arctic_vegetation/20230724_riparianshrub32_m3m/ALDE/tile_16488.png,0
arctic_vegetation/20230724_riparianshrub32_m3m/WILL/tile_16489.png,11
arctic_vegetation/20230724_riparianshrub32_m3m/WILL/tile_16490.png,11
arctic_vegetation/20230724_riparianshrub32_m3m/ALDE/tile_16491.png,0
arctic_vegetation/20230724_riparianshrub32_m3m/ALDE/tile_16492.png,0
arctic_vegetation/20230724_riparianshrub32_m3m/ALDE/tile_16493.png,0
arctic_vegetation/20230724_riparianshrub32_m3m/ALDE/tile_16494.png,0
arctic_vegetation/20230724_riparianshrub32_m3m/ALDE/tile_16495.png,0
arctic_vegetation/20230724_riparianshrub32_m3m/ALDE/tile_16496.png,0
arctic_vegetation/20230724_riparianshrub32_m3m/ALDE/tile_16497.png,0
arctic_vegetation/20230724_riparianshrub32_m3m/ALDE/tile_16498.png,0
arctic_vegetation/20230724_riparianshrub32_m3m/ALDE/tile_16499.png,0
arctic_vegetation/20230724_riparianshrub32_m3m/ALDE/tile_16500.png,0
arctic_vegetation/20230724_riparianshrub32_m3m/ALDE/tile_16501.png,0
arctic_vegetation/20230724_riparianshrub32_m3m/ALDE/tile_16502.png,0
arctic_vegetation/20230724_riparianshrub32_m3m/ALDE/tile_16503.png,0
arctic_vegetation/20230724_riparianshrub32_m3m/ALDE/tile_16504.png,0
arctic_vegetation/20230724_riparianshrub32_m3m/WILL/tile_16505.png,11
arctic_vegetation/20230724_riparianshrub32_m3m/WILL/tile_16506.png,11
arctic_vegetation/20230724_riparianshrub32_m3m/WILL/tile_16507.png,11
arctic_vegetation/20230724_riparianshrub32_m3m/WILL/tile_16508.png,11
arctic_vegetation/20230724_riparianshrub32_m3m/WILL/tile_16509.png,11
arctic_vegetation/20230724_riparianshrub32_m3m/WILL/tile_16510.png,11
arctic_vegetation/20230724_riparianshrub32_m3m/ALDE/tile_16642.png,0
arctic_vegetation/20230724_riparianshrub32_m3m/ALDE/tile_16643.png,0
arctic_vegetation/20230724_riparianshrub32_m3m/ALDE/tile_16644.png,0
arctic_vegetation/20230724_riparianshrub32_m3m/ALDE/tile_16645.png,0
arctic_vegetation/20230724_riparianshrub32_m3m/ALDE/tile_16646.png,0
arctic_vegetation/20230724_riparianshrub32_m3m/ALDE/tile_16647.png,0
arctic_vegetation/20230724_riparianshrub32_m3m/ALDE/tile_16648.png,0
arctic_vegetation/20230724_riparianshrub32_m3m/ALDE/tile_16649.png,0
arctic_vegetation/20230724_riparianshrub32_m3m/ALDE/tile_16650.png,0
arctic_vegetation/20230724_riparianshrub32_m3m/SEDG/tile_16654.png,9
arctic_vegetation/20230724_riparianshrub32_m3m/SEDG/tile_16655.png,9
arctic_vegetation/20230724_riparianshrub32_m3m/SEDG/tile_16656.png,9
arctic_vegetation/20230724_riparianshrub32_m3m/SEDG/tile_16657.png,9
arctic_vegetation/20230724_riparianshrub32_m3m/SEDG/tile_16658.png,9
arctic_vegetation/20230724_riparianshrub32_m3m/SEDG/tile_16659.png,9
arctic_vegetation/20230724_riparianshrub32_m3m/SEDG/tile_16660.png,9
arctic_vegetation/20230724_riparianshrub32_m3m/SEDG/tile_16661.png,9
arctic_vegetation/20230724_riparianshrub32_m3m/SEDG/tile_16662.png,9
arctic_vegetation/20230724_riparianshrub32_m3m/SEDG/tile_16663.png,9
arctic_vegetation/20230724_riparianshrub32_m3m/WILL/tile_16664.png,11
arctic_vegetation/20230724_riparianshrub32_m3m/ALDE/tile_16665.png,0
arctic_vegetation/20230724_riparianshrub32_m3m/ALDE/tile_16666.png,0
arctic_vegetation/20230724_riparianshrub32_m3m/ALDE/tile_16667.png,0
arctic_vegetation/20230724_riparianshrub32_m3m/ALDE/tile_16668.png,0
arctic_vegetation/20230724_riparianshrub32_m3m/WILL/tile_16669.png,11
arctic_vegetation/20230724_riparianshrub32_m3m/WILL/tile_16670.png,11
arctic_vegetation/20230724_riparianshrub32_m3m/WILL/tile_16671.png,11
arctic_vegetation/20230724_riparianshrub32_m3m/ALDE/tile_16672.png,0
arctic_vegetation/20230724_riparianshrub32_m3m/ALDE/tile_16673.png,0
arctic_vegetation/20230724_riparianshrub32_m3m/WILL/tile_16674.png,11
arctic_vegetation/20230724_riparianshrub32_m3m/ALDE/tile_16675.png,0
arctic_vegetation/20230724_riparianshrub32_m3m/ALDE/tile_16676.png,0
arctic_vegetation/20230724_riparianshrub32_m3m/ALDE/tile_16677.png,0
arctic_vegetation/20230724_riparianshrub32_m3m/ALDE/tile_16678.png,0
arctic_vegetation/20230724_riparianshrub32_m3m/ALDE/tile_16679.png,0
arctic_vegetation/20230724_riparianshrub32_m3m/ALDE/tile_16680.png,0
arctic_vegetation/20230724_riparianshrub32_m3m/ALDE/tile_16681.png,0
arctic_vegetation/20230724_riparianshrub32_m3m/ALDE/tile_16682.png,0
arctic_vegetation/20230724_riparianshrub32_m3m/ALDE/tile_16683.png,0
arctic_vegetation/20230724_riparianshrub32_m3m/ALDE/tile_16684.png,0
arctic_vegetation/20230724_riparianshrub32_m3m/ALDE/tile_16685.png,0
arctic_vegetation/20230724_riparianshrub32_m3m/WILL/tile_16686.png,11
arctic_vegetation/20230724_riparianshrub32_m3m/WILL/tile_16687.png,11
arctic_vegetation/20230724_riparianshrub32_m3m/WILL/tile_16688.png,11
arctic_vegetation/20230724_riparianshrub32_m3m/WILL/tile_16689.png,11
arctic_vegetation/20230724_riparianshrub32_m3m/WILL/tile_16690.png,11
arctic_vegetation/20230724_riparianshrub32_m3m/ALDE/tile_16821.png,0
arctic_vegetation/20230724_riparianshrub32_m3m/ALDE/tile_16822.png,0
arctic_vegetation/20230724_riparianshrub32_m3m/ALDE/tile_16823.png,0
arctic_vegetation/20230724_riparianshrub32_m3m/ALDE/tile_16824.png,0
arctic_vegetation/20230724_riparianshrub32_m3m/ALDE/tile_16825.png,0
arctic_vegetation/20230724_riparianshrub32_m3m/ALDE/tile_16826.png,0
arctic_vegetation/20230724_riparianshrub32_m3m/ALDE/tile_16827.png,0
arctic_vegetation/20230724_riparianshrub32_m3m/ALDE/tile_16828.png,0
arctic_vegetation/20230724_riparianshrub32_m3m/ALDE/tile_16829.png,0
arctic_vegetation/20230724_riparianshrub32_m3m/SEDG/tile_16833.png,9
arctic_vegetation/20230724_riparianshrub32_m3m/SEDG/tile_16834.png,9
arctic_vegetation/20230724_riparianshrub32_m3m/SEDG/tile_16835.png,9
arctic_vegetation/20230724_riparianshrub32_m3m/SEDG/tile_16836.png,9
arctic_vegetation/20230724_riparianshrub32_m3m/SEDG/tile_16837.png,9
arctic_vegetation/20230724_riparianshrub32_m3m/SEDG/tile_16838.png,9
arctic_vegetation/20230724_riparianshrub32_m3m/SEDG/tile_16839.png,9
arctic_vegetation/20230724_riparianshrub32_m3m/WILL/tile_16840.png,11
arctic_vegetation/20230724_riparianshrub32_m3m/WILL/tile_16841.png,11
arctic_vegetation/20230724_riparianshrub32_m3m/WILL/tile_16842.png,11
arctic_vegetation/20230724_riparianshrub32_m3m/WILL/tile_16843.png,11
arctic_vegetation/20230724_riparianshrub32_m3m/ALDE/tile_16844.png,0
arctic_vegetation/20230724_riparianshrub32_m3m/ALDE/tile_16845.png,0
arctic_vegetation/20230724_riparianshrub32_m3m/ALDE/tile_16846.png,0
arctic_vegetation/20230724_riparianshrub32_m3m/ALDE/tile_16847.png,0
arctic_vegetation/20230724_riparianshrub32_m3m/ALDE/tile_16848.png,0
arctic_vegetation/20230724_riparianshrub32_m3m/WILL/tile_16849.png,11
arctic_vegetation/20230724_riparianshrub32_m3m/WILL/tile_16850.png,11
arctic_vegetation/20230724_riparianshrub32_m3m/WILL/tile_16851.png,11
arctic_vegetation/20230724_riparianshrub32_m3m/WILL/tile_16852.png,11
arctic_vegetation/20230724_riparianshrub32_m3m/WILL/tile_16853.png,11
arctic_vegetation/20230724_riparianshrub32_m3m/WILL/tile_16854.png,11
arctic_vegetation/20230724_riparianshrub32_m3m/WILL/tile_16855.png,11
arctic_vegetation/20230724_riparianshrub32_m3m/WILL/tile_16856.png,11
arctic_vegetation/20230724_riparianshrub32_m3m/WILL/tile_16857.png,11
arctic_vegetation/20230724_riparianshrub32_m3m/ALDE/tile_16858.png,0
arctic_vegetation/20230724_riparianshrub32_m3m/ALDE/tile_16859.png,0
arctic_vegetation/20230724_riparianshrub32_m3m/ALDE/tile_16860.png,0
arctic_vegetation/20230724_riparianshrub32_m3m/ALDE/tile_16861.png,0
arctic_vegetation/20230724_riparianshrub32_m3m/ALDE/tile_16862.png,0
arctic_vegetation/20230724_riparianshrub32_m3m/ALDE/tile_16863.png,0
arctic_vegetation/20230724_riparianshrub32_m3m/WILL/tile_16864.png,11
arctic_vegetation/20230724_riparianshrub32_m3m/WILL/tile_16865.png,11
arctic_vegetation/20230724_riparianshrub32_m3m/WILL/tile_16866.png,11
arctic_vegetation/20230724_riparianshrub32_m3m/WILL/tile_16867.png,11
arctic_vegetation/20230724_riparianshrub32_m3m/WILL/tile_16868.png,11
arctic_vegetation/20230724_riparianshrub32_m3m/WILL/tile_16869.png,11
arctic_vegetation/20230724_riparianshrub32_m3m/WILL/tile_16870.png,11
arctic_vegetation/20230724_riparianshrub32_m3m/ALDE/tile_17000.png,0
arctic_vegetation/20230724_riparianshrub32_m3m/ALDE/tile_17001.png,0
arctic_vegetation/20230724_riparianshrub32_m3m/ALDE/tile_17002.png,0
arctic_vegetation/20230724_riparianshrub32_m3m/ALDE/tile_17003.png,0
arctic_vegetation/20230724_riparianshrub32_m3m/ALDE/tile_17004.png,0
arctic_vegetation/20230724_riparianshrub32_m3m/ALDE/tile_17005.png,0
arctic_vegetation/20230724_riparianshrub32_m3m/ALDE/tile_17006.png,0
arctic_vegetation/20230724_riparianshrub32_m3m/ALDE/tile_17007.png,0
arctic_vegetation/20230724_riparianshrub32_m3m/ALDE/tile_17008.png,0
arctic_vegetation/20230724_riparianshrub32_m3m/SEDG/tile_17012.png,9
arctic_vegetation/20230724_riparianshrub32_m3m/SEDG/tile_17013.png,9
arctic_vegetation/20230724_riparianshrub32_m3m/SEDG/tile_17014.png,9
arctic_vegetation/20230724_riparianshrub32_m3m/SEDG/tile_17015.png,9
arctic_vegetation/20230724_riparianshrub32_m3m/SEDG/tile_17016.png,9
arctic_vegetation/20230724_riparianshrub32_m3m/SEDG/tile_17017.png,9
arctic_vegetation/20230724_riparianshrub32_m3m/WILL/tile_17018.png,11
arctic_vegetation/20230724_riparianshrub32_m3m/WILL/tile_17019.png,11
arctic_vegetation/20230724_riparianshrub32_m3m/WILL/tile_17020.png,11
arctic_vegetation/20230724_riparianshrub32_m3m/WILL/tile_17021.png,11
arctic_vegetation/20230724_riparianshrub32_m3m/WILL/tile_17022.png,11
arctic_vegetation/20230724_riparianshrub32_m3m/WILL/tile_17023.png,11
arctic_vegetation/20230724_riparianshrub32_m3m/WILL/tile_17024.png,11
arctic_vegetation/20230724_riparianshrub32_m3m/WILL/tile_17025.png,11
arctic_vegetation/20230724_riparianshrub32_m3m/WILL/tile_17026.png,11
arctic_vegetation/20230724_riparianshrub32_m3m/WILL/tile_17027.png,11
arctic_vegetation/20230724_riparianshrub32_m3m/WILL/tile_17028.png,11
arctic_vegetation/20230724_riparianshrub32_m3m/WILL/tile_17029.png,11
arctic_vegetation/20230724_riparianshrub32_m3m/WILL/tile_17030.png,11
arctic_vegetation/20230724_riparianshrub32_m3m/WILL/tile_17031.png,11
arctic_vegetation/20230724_riparianshrub32_m3m/WILL/tile_17032.png,11
arctic_vegetation/20230724_riparianshrub32_m3m/WILL/tile_17033.png,11
arctic_vegetation/20230724_riparianshrub32_m3m/WILL/tile_17034.png,11
arctic_vegetation/20230724_riparianshrub32_m3m/WILL/tile_17035.png,11
arctic_vegetation/20230724_riparianshrub32_m3m/WILL/tile_17036.png,11
arctic_vegetation/20230724_riparianshrub32_m3m/WILL/tile_17037.png,11
arctic_vegetation/20230724_riparianshrub32_m3m/WILL/tile_17038.png,11
arctic_vegetation/20230724_riparianshrub32_m3m/WILL/tile_17039.png,11
arctic_vegetation/20230724_riparianshrub32_m3m/ALDE/tile_17040.png,0
arctic_vegetation/20230724_riparianshrub32_m3m/ALDE/tile_17041.png,0
arctic_vegetation/20230724_riparianshrub32_m3m/ALDE/tile_17042.png,0
arctic_vegetation/20230724_riparianshrub32_m3m/WILL/tile_17043.png,11
arctic_vegetation/20230724_riparianshrub32_m3m/WILL/tile_17044.png,11
arctic_vegetation/20230724_riparianshrub32_m3m/WILL/tile_17045.png,11
arctic_vegetation/20230724_riparianshrub32_m3m/WILL/tile_17046.png,11
arctic_vegetation/20230724_riparianshrub32_m3m/WILL/tile_17047.png,11
arctic_vegetation/20230724_riparianshrub32_m3m/WILL/tile_17048.png,11
arctic_vegetation/20230724_riparianshrub32_m3m/WILL/tile_17049.png,11
arctic_vegetation/20230724_riparianshrub32_m3m/ALDE/tile_17185.png,0
arctic_vegetation/20230724_riparianshrub32_m3m/ALDE/tile_17186.png,0
arctic_vegetation/20230724_riparianshrub32_m3m/ALDE/tile_17187.png,0
arctic_vegetation/20230724_riparianshrub32_m3m/WILL/tile_17193.png,11
arctic_vegetation/20230724_riparianshrub32_m3m/SEDG/tile_17194.png,9
arctic_vegetation/20230724_riparianshrub32_m3m/SEDG/tile_17195.png,9
arctic_vegetation/20230724_riparianshrub32_m3m/SEDG/tile_17196.png,9
arctic_vegetation/20230724_riparianshrub32_m3m/WILL/tile_17197.png,11
arctic_vegetation/20230724_riparianshrub32_m3m/WILL/tile_17198.png,11
arctic_vegetation/20230724_riparianshrub32_m3m/WILL/tile_17199.png,11
arctic_vegetation/20230724_riparianshrub32_m3m/WILL/tile_17200.png,11
arctic_vegetation/20230724_riparianshrub32_m3m/WILL/tile_17201.png,11
arctic_vegetation/20230724_riparianshrub32_m3m/WILL/tile_17202.png,11
arctic_vegetation/20230724_riparianshrub32_m3m/WILL/tile_17203.png,11
arctic_vegetation/20230724_riparianshrub32_m3m/WILL/tile_17204.png,11
arctic_vegetation/20230724_riparianshrub32_m3m/WILL/tile_17205.png,11
arctic_vegetation/20230724_riparianshrub32_m3m/WILL/tile_17206.png,11
arctic_vegetation/20230724_riparianshrub32_m3m/WILL/tile_17207.png,11
arctic_vegetation/20230724_riparianshrub32_m3m/WILL/tile_17208.png,11
arctic_vegetation/20230724_riparianshrub32_m3m/WILL/tile_17209.png,11
arctic_vegetation/20230724_riparianshrub32_m3m/WILL/tile_17210.png,11
arctic_vegetation/20230724_riparianshrub32_m3m/WILL/tile_17211.png,11
arctic_vegetation/20230724_riparianshrub32_m3m/WILL/tile_17212.png,11
arctic_vegetation/20230724_riparianshrub32_m3m/WILL/tile_17213.png,11
arctic_vegetation/20230724_riparianshrub32_m3m/WILL/tile_17214.png,11
arctic_vegetation/20230724_riparianshrub32_m3m/WILL/tile_17215.png,11
arctic_vegetation/20230724_riparianshrub32_m3m/WILL/tile_17216.png,11
arctic_vegetation/20230724_riparianshrub32_m3m/WILL/tile_17217.png,11
arctic_vegetation/20230724_riparianshrub32_m3m/WILL/tile_17218.png,11
arctic_vegetation/20230724_riparianshrub32_m3m/WILL/tile_17219.png,11
arctic_vegetation/20230724_riparianshrub32_m3m/ALDE/tile_17220.png,0
arctic_vegetation/20230724_riparianshrub32_m3m/ALDE/tile_17221.png,0
arctic_vegetation/20230724_riparianshrub32_m3m/WILL/tile_17222.png,11
arctic_vegetation/20230724_riparianshrub32_m3m/WILL/tile_17223.png,11
arctic_vegetation/20230724_riparianshrub32_m3m/WILL/tile_17224.png,11
arctic_vegetation/20230724_riparianshrub32_m3m/WILL/tile_17225.png,11
arctic_vegetation/20230724_riparianshrub32_m3m/WILL/tile_17226.png,11
arctic_vegetation/20230724_riparianshrub32_m3m/WILL/tile_17227.png,11
arctic_vegetation/20230724_riparianshrub32_m3m/WILL/tile_17228.png,11
arctic_vegetation/20230724_riparianshrub32_m3m/WILL/tile_17372.png,11
arctic_vegetation/20230724_riparianshrub32_m3m/SEDG/tile_17373.png,9
arctic_vegetation/20230724_riparianshrub32_m3m/SEDG/tile_17374.png,9
arctic_vegetation/20230724_riparianshrub32_m3m/SEDG/tile_17375.png,9
arctic_vegetation/20230724_riparianshrub32_m3m/SEDG/tile_17376.png,9
arctic_vegetation/20230724_riparianshrub32_m3m/SEDG/tile_17377.png,9
arctic_vegetation/20230724_riparianshrub32_m3m/WILL/tile_17378.png,11
arctic_vegetation/20230724_riparianshrub32_m3m/WILL/tile_17379.png,11
arctic_vegetation/20230724_riparianshrub32_m3m/WILL/tile_17380.png,11
arctic_vegetation/20230724_riparianshrub32_m3m/WILL/tile_17381.png,11
arctic_vegetation/20230724_riparianshrub32_m3m/WILL/tile_17382.png,11
arctic_vegetation/20230724_riparianshrub32_m3m/WILL/tile_17383.png,11
arctic_vegetation/20230724_riparianshrub32_m3m/WILL/tile_17384.png,11
arctic_vegetation/20230724_riparianshrub32_m3m/WILL/tile_17385.png,11
arctic_vegetation/20230724_riparianshrub32_m3m/WILL/tile_17386.png,11
arctic_vegetation/20230724_riparianshrub32_m3m/WILL/tile_17387.png,11
arctic_vegetation/20230724_riparianshrub32_m3m/WILL/tile_17388.png,11
arctic_vegetation/20230724_riparianshrub32_m3m/WILL/tile_17389.png,11
arctic_vegetation/20230724_riparianshrub32_m3m/WILL/tile_17390.png,11
arctic_vegetation/20230724_riparianshrub32_m3m/WILL/tile_17391.png,11
arctic_vegetation/20230724_riparianshrub32_m3m/WILL/tile_17392.png,11
arctic_vegetation/20230724_riparianshrub32_m3m/WILL/tile_17393.png,11
arctic_vegetation/20230724_riparianshrub32_m3m/WILL/tile_17394.png,11
arctic_vegetation/20230724_riparianshrub32_m3m/WILL/tile_17395.png,11
arctic_vegetation/20230724_riparianshrub32_m3m/WILL/tile_17396.png,11
arctic_vegetation/20230724_riparianshrub32_m3m/WILL/tile_17397.png,11
arctic_vegetation/20230724_riparianshrub32_m3m/WILL/tile_17398.png,11
arctic_vegetation/20230724_riparianshrub32_m3m/WILL/tile_17399.png,11
arctic_vegetation/20230724_riparianshrub32_m3m/WILL/tile_17400.png,11
arctic_vegetation/20230724_riparianshrub32_m3m/WILL/tile_17402.png,11
arctic_vegetation/20230724_riparianshrub32_m3m/WILL/tile_17403.png,11
arctic_vegetation/20230724_riparianshrub32_m3m/WILL/tile_17404.png,11
arctic_vegetation/20230724_riparianshrub32_m3m/WILL/tile_17405.png,11
arctic_vegetation/20230724_riparianshrub32_m3m/WILL/tile_17406.png,11
arctic_vegetation/20230724_riparianshrub32_m3m/SEDG/tile_17407.png,9
arctic_vegetation/20230724_riparianshrub32_m3m/WILL/tile_17551.png,11
arctic_vegetation/20230724_riparianshrub32_m3m/SEDG/tile_17552.png,9
arctic_vegetation/20230724_riparianshrub32_m3m/SEDG/tile_17553.png,9
arctic_vegetation/20230724_riparianshrub32_m3m/WILL/tile_17554.png,11
arctic_vegetation/20230724_riparianshrub32_m3m/WILL/tile_17555.png,11
arctic_vegetation/20230724_riparianshrub32_m3m/WILL/tile_17556.png,11
arctic_vegetation/20230724_riparianshrub32_m3m/WILL/tile_17557.png,11
arctic_vegetation/20230724_riparianshrub32_m3m/WILL/tile_17558.png,11
arctic_vegetation/20230724_riparianshrub32_m3m/WILL/tile_17559.png,11
arctic_vegetation/20230724_riparianshrub32_m3m/WILL/tile_17560.png,11
arctic_vegetation/20230724_riparianshrub32_m3m/ALDE/tile_17561.png,0
arctic_vegetation/20230724_riparianshrub32_m3m/ALDE/tile_17562.png,0
arctic_vegetation/20230724_riparianshrub32_m3m/ALDE/tile_17563.png,0
arctic_vegetation/20230724_riparianshrub32_m3m/WILL/tile_17564.png,11
arctic_vegetation/20230724_riparianshrub32_m3m/WILL/tile_17565.png,11
arctic_vegetation/20230724_riparianshrub32_m3m/WILL/tile_17566.png,11
arctic_vegetation/20230724_riparianshrub32_m3m/WILL/tile_17567.png,11
arctic_vegetation/20230724_riparianshrub32_m3m/WILL/tile_17568.png,11
arctic_vegetation/20230724_riparianshrub32_m3m/WILL/tile_17569.png,11
arctic_vegetation/20230724_riparianshrub32_m3m/WILL/tile_17570.png,11
arctic_vegetation/20230724_riparianshrub32_m3m/WILL/tile_17571.png,11
arctic_vegetation/20230724_riparianshrub32_m3m/WILL/tile_17572.png,11
arctic_vegetation/20230724_riparianshrub32_m3m/WILL/tile_17573.png,11
arctic_vegetation/20230724_riparianshrub32_m3m/WILL/tile_17574.png,11
arctic_vegetation/20230724_riparianshrub32_m3m/WILL/tile_17575.png,11
arctic_vegetation/20230724_riparianshrub32_m3m/WILL/tile_17576.png,11
arctic_vegetation/20230724_riparianshrub32_m3m/WILL/tile_17577.png,11
arctic_vegetation/20230724_riparianshrub32_m3m/WILL/tile_17578.png,11
arctic_vegetation/20230724_riparianshrub32_m3m/WILL/tile_17579.png,11
arctic_vegetation/20230724_riparianshrub32_m3m/WILL/tile_17580.png,11
arctic_vegetation/20230724_riparianshrub32_m3m/WILL/tile_17581.png,11
arctic_vegetation/20230724_riparianshrub32_m3m/WILL/tile_17582.png,11
arctic_vegetation/20230724_riparianshrub32_m3m/ALDE/tile_17583.png,0
arctic_vegetation/20230724_riparianshrub32_m3m/ALDE/tile_17584.png,0
arctic_vegetation/20230724_riparianshrub32_m3m/ALDE/tile_17585.png,0
arctic_vegetation/20230724_riparianshrub32_m3m/ALDE/tile_17586.png,0
arctic_vegetation/20230724_riparianshrub32_m3m/WILL/tile_17730.png,11
arctic_vegetation/20230724_riparianshrub32_m3m/SEDG/tile_17731.png,9
arctic_vegetation/20230724_riparianshrub32_m3m/WILL/tile_17732.png,11
arctic_vegetation/20230724_riparianshrub32_m3m/WILL/tile_17733.png,11
arctic_vegetation/20230724_riparianshrub32_m3m/WILL/tile_17734.png,11
arctic_vegetation/20230724_riparianshrub32_m3m/WILL/tile_17735.png,11
arctic_vegetation/20230724_riparianshrub32_m3m/WILL/tile_17736.png,11
arctic_vegetation/20230724_riparianshrub32_m3m/WILL/tile_17737.png,11
arctic_vegetation/20230724_riparianshrub32_m3m/WILL/tile_17738.png,11
arctic_vegetation/20230724_riparianshrub32_m3m/WILL/tile_17739.png,11
arctic_vegetation/20230724_riparianshrub32_m3m/ALDE/tile_17740.png,0
arctic_vegetation/20230724_riparianshrub32_m3m/ALDE/tile_17741.png,0
arctic_vegetation/20230724_riparianshrub32_m3m/ALDE/tile_17742.png,0
arctic_vegetation/20230724_riparianshrub32_m3m/WILL/tile_17743.png,11
arctic_vegetation/20230724_riparianshrub32_m3m/WILL/tile_17744.png,11
arctic_vegetation/20230724_riparianshrub32_m3m/WILL/tile_17745.png,11
arctic_vegetation/20230724_riparianshrub32_m3m/WILL/tile_17746.png,11
arctic_vegetation/20230724_riparianshrub32_m3m/WILL/tile_17747.png,11
arctic_vegetation/20230724_riparianshrub32_m3m/WILL/tile_17748.png,11
arctic_vegetation/20230724_riparianshrub32_m3m/ALDE/tile_17749.png,0
arctic_vegetation/20230724_riparianshrub32_m3m/ALDE/tile_17750.png,0
arctic_vegetation/20230724_riparianshrub32_m3m/ALDE/tile_17751.png,0
arctic_vegetation/20230724_riparianshrub32_m3m/ALDE/tile_17752.png,0
arctic_vegetation/20230724_riparianshrub32_m3m/WILL/tile_17753.png,11
arctic_vegetation/20230724_riparianshrub32_m3m/WILL/tile_17754.png,11
arctic_vegetation/20230724_riparianshrub32_m3m/WILL/tile_17755.png,11
arctic_vegetation/20230724_riparianshrub32_m3m/WILL/tile_17756.png,11
arctic_vegetation/20230724_riparianshrub32_m3m/WILL/tile_17757.png,11
arctic_vegetation/20230724_riparianshrub32_m3m/WILL/tile_17758.png,11
arctic_vegetation/20230724_riparianshrub32_m3m/WILL/tile_17759.png,11
arctic_vegetation/20230724_riparianshrub32_m3m/WILL/tile_17760.png,11
arctic_vegetation/20230724_riparianshrub32_m3m/WILL/tile_17761.png,11
arctic_vegetation/20230724_riparianshrub32_m3m/ALDE/tile_17762.png,0
arctic_vegetation/20230724_riparianshrub32_m3m/ALDE/tile_17763.png,0
arctic_vegetation/20230724_riparianshrub32_m3m/ALDE/tile_17764.png,0
arctic_vegetation/20230724_riparianshrub32_m3m/ALDE/tile_17765.png,0
arctic_vegetation/20230724_riparianshrub32_m3m/WILL/tile_17911.png,11
arctic_vegetation/20230724_riparianshrub32_m3m/WILL/tile_17912.png,11
arctic_vegetation/20230724_riparianshrub32_m3m/WILL/tile_17913.png,11
arctic_vegetation/20230724_riparianshrub32_m3m/WILL/tile_17914.png,11
arctic_vegetation/20230724_riparianshrub32_m3m/WILL/tile_17915.png,11
arctic_vegetation/20230724_riparianshrub32_m3m/WILL/tile_17916.png,11
arctic_vegetation/20230724_riparianshrub32_m3m/WILL/tile_17917.png,11
arctic_vegetation/20230724_riparianshrub32_m3m/WILL/tile_17918.png,11
arctic_vegetation/20230724_riparianshrub32_m3m/ALDE/tile_17919.png,0
arctic_vegetation/20230724_riparianshrub32_m3m/ALDE/tile_17920.png,0
arctic_vegetation/20230724_riparianshrub32_m3m/ALDE/tile_17921.png,0
arctic_vegetation/20230724_riparianshrub32_m3m/ALDE/tile_17922.png,0
arctic_vegetation/20230724_riparianshrub32_m3m/ALDE/tile_17923.png,0
arctic_vegetation/20230724_riparianshrub32_m3m/WILL/tile_17924.png,11
arctic_vegetation/20230724_riparianshrub32_m3m/WILL/tile_17925.png,11
arctic_vegetation/20230724_riparianshrub32_m3m/WILL/tile_17926.png,11
arctic_vegetation/20230724_riparianshrub32_m3m/WILL/tile_17927.png,11
arctic_vegetation/20230724_riparianshrub32_m3m/ALDE/tile_17928.png,0
arctic_vegetation/20230724_riparianshrub32_m3m/ALDE/tile_17929.png,0
arctic_vegetation/20230724_riparianshrub32_m3m/ALDE/tile_17930.png,0
arctic_vegetation/20230724_riparianshrub32_m3m/ALDE/tile_17931.png,0
arctic_vegetation/20230724_riparianshrub32_m3m/ALDE/tile_17932.png,0
arctic_vegetation/20230724_riparianshrub32_m3m/WILL/tile_17933.png,11
arctic_vegetation/20230724_riparianshrub32_m3m/WILL/tile_17934.png,11
arctic_vegetation/20230724_riparianshrub32_m3m/WILL/tile_17935.png,11
arctic_vegetation/20230724_riparianshrub32_m3m/WILL/tile_17936.png,11
arctic_vegetation/20230724_riparianshrub32_m3m/WILL/tile_17937.png,11
arctic_vegetation/20230724_riparianshrub32_m3m/WILL/tile_17938.png,11
arctic_vegetation/20230724_riparianshrub32_m3m/WILL/tile_17939.png,11
arctic_vegetation/20230724_riparianshrub32_m3m/WILL/tile_17940.png,11
arctic_vegetation/20230724_riparianshrub32_m3m/WILL/tile_17941.png,11
arctic_vegetation/20230724_riparianshrub32_m3m/ALDE/tile_17942.png,0
arctic_vegetation/20230724_riparianshrub32_m3m/ALDE/tile_17943.png,0
arctic_vegetation/20230724_riparianshrub32_m3m/ALDE/tile_17944.png,0
arctic_vegetation/20230724_riparianshrub32_m3m/ALDE/tile_17945.png,0
arctic_vegetation/20230724_riparianshrub32_m3m/WILL/tile_18092.png,11
arctic_vegetation/20230724_riparianshrub32_m3m/WILL/tile_18093.png,11
arctic_vegetation/20230724_riparianshrub32_m3m/WILL/tile_18094.png,11
arctic_vegetation/20230724_riparianshrub32_m3m/WILL/tile_18095.png,11
arctic_vegetation/20230724_riparianshrub32_m3m/WILL/tile_18096.png,11
arctic_vegetation/20230724_riparianshrub32_m3m/WILL/tile_18097.png,11
arctic_vegetation/20230724_riparianshrub32_m3m/WILL/tile_18098.png,11
arctic_vegetation/20230724_riparianshrub32_m3m/ALDE/tile_18099.png,0
arctic_vegetation/20230724_riparianshrub32_m3m/ALDE/tile_18100.png,0
arctic_vegetation/20230724_riparianshrub32_m3m/ALDE/tile_18101.png,0
arctic_vegetation/20230724_riparianshrub32_m3m/ALDE/tile_18102.png,0
arctic_vegetation/20230724_riparianshrub32_m3m/ALDE/tile_18103.png,0
arctic_vegetation/20230724_riparianshrub32_m3m/ALDE/tile_18104.png,0
arctic_vegetation/20230724_riparianshrub32_m3m/WILL/tile_18105.png,11
arctic_vegetation/20230724_riparianshrub32_m3m/WILL/tile_18106.png,11
arctic_vegetation/20230724_riparianshrub32_m3m/WILL/tile_18107.png,11
arctic_vegetation/20230724_riparianshrub32_m3m/ALDE/tile_18108.png,0
arctic_vegetation/20230724_riparianshrub32_m3m/ALDE/tile_18109.png,0
arctic_vegetation/20230724_riparianshrub32_m3m/ALDE/tile_18110.png,0
arctic_vegetation/20230724_riparianshrub32_m3m/ALDE/tile_18111.png,0
arctic_vegetation/20230724_riparianshrub32_m3m/ALDE/tile_18112.png,0
arctic_vegetation/20230724_riparianshrub32_m3m/WILL/tile_18113.png,11
arctic_vegetation/20230724_riparianshrub32_m3m/WILL/tile_18114.png,11
arctic_vegetation/20230724_riparianshrub32_m3m/WILL/tile_18115.png,11
arctic_vegetation/20230724_riparianshrub32_m3m/WILL/tile_18116.png,11
arctic_vegetation/20230724_riparianshrub32_m3m/WILL/tile_18117.png,11
arctic_vegetation/20230724_riparianshrub32_m3m/WILL/tile_18118.png,11
arctic_vegetation/20230724_riparianshrub32_m3m/WILL/tile_18119.png,11
arctic_vegetation/20230724_riparianshrub32_m3m/WILL/tile_18120.png,11
arctic_vegetation/20230724_riparianshrub32_m3m/WILL/tile_18121.png,11
arctic_vegetation/20230724_riparianshrub32_m3m/ALDE/tile_18122.png,0
arctic_vegetation/20230724_riparianshrub32_m3m/ALDE/tile_18123.png,0
arctic_vegetation/20230724_riparianshrub32_m3m/ALDE/tile_18124.png,0
arctic_vegetation/20230724_riparianshrub32_m3m/ALDE/tile_18125.png,0
arctic_vegetation/20230724_riparianshrub32_m3m/WILL/tile_18270.png,11
arctic_vegetation/20230724_riparianshrub32_m3m/WILL/tile_18271.png,11
arctic_vegetation/20230724_riparianshrub32_m3m/WILL/tile_18272.png,11
arctic_vegetation/20230724_riparianshrub32_m3m/WILL/tile_18273.png,11
arctic_vegetation/20230724_riparianshrub32_m3m/WILL/tile_18274.png,11
arctic_vegetation/20230724_riparianshrub32_m3m/WILL/tile_18275.png,11
arctic_vegetation/20230724_riparianshrub32_m3m/WILL/tile_18276.png,11
arctic_vegetation/20230724_riparianshrub32_m3m/ALDE/tile_18277.png,0
arctic_vegetation/20230724_riparianshrub32_m3m/ALDE/tile_18278.png,0
arctic_vegetation/20230724_riparianshrub32_m3m/ALDE/tile_18279.png,0
arctic_vegetation/20230724_riparianshrub32_m3m/ALDE/tile_18280.png,0
arctic_vegetation/20230724_riparianshrub32_m3m/ALDE/tile_18281.png,0
arctic_vegetation/20230724_riparianshrub32_m3m/ALDE/tile_18282.png,0
arctic_vegetation/20230724_riparianshrub32_m3m/WILL/tile_18283.png,11
arctic_vegetation/20230724_riparianshrub32_m3m/WILL/tile_18284.png,11
arctic_vegetation/20230724_riparianshrub32_m3m/WILL/tile_18285.png,11
arctic_vegetation/20230724_riparianshrub32_m3m/ALDE/tile_18286.png,0
arctic_vegetation/20230724_riparianshrub32_m3m/ALDE/tile_18287.png,0
arctic_vegetation/20230724_riparianshrub32_m3m/ALDE/tile_18288.png,0
arctic_vegetation/20230724_riparianshrub32_m3m/ALDE/tile_18289.png,0
arctic_vegetation/20230724_riparianshrub32_m3m/ALDE/tile_18290.png,0
arctic_vegetation/20230724_riparianshrub32_m3m/ALDE/tile_18291.png,0
arctic_vegetation/20230724_riparianshrub32_m3m/ALDE/tile_18292.png,0
arctic_vegetation/20230724_riparianshrub32_m3m/WILL/tile_18293.png,11
arctic_vegetation/20230724_riparianshrub32_m3m/WILL/tile_18294.png,11
arctic_vegetation/20230724_riparianshrub32_m3m/WILL/tile_18295.png,11
arctic_vegetation/20230724_riparianshrub32_m3m/WILL/tile_18296.png,11
arctic_vegetation/20230724_riparianshrub32_m3m/WILL/tile_18297.png,11
arctic_vegetation/20230724_riparianshrub32_m3m/WILL/tile_18298.png,11
arctic_vegetation/20230724_riparianshrub32_m3m/ALDE/tile_18299.png,0
arctic_vegetation/20230724_riparianshrub32_m3m/ALDE/tile_18300.png,0
arctic_vegetation/20230724_riparianshrub32_m3m/ALDE/tile_18301.png,0
arctic_vegetation/20230724_riparianshrub32_m3m/ALDE/tile_18302.png,0
arctic_vegetation/20230724_riparianshrub32_m3m/ALDE/tile_18303.png,0
arctic_vegetation/20230724_riparianshrub32_m3m/WILL/tile_18448.png,11
arctic_vegetation/20230724_riparianshrub32_m3m/WILL/tile_18449.png,11
arctic_vegetation/20230724_riparianshrub32_m3m/WILL/tile_18450.png,11
arctic_vegetation/20230724_riparianshrub32_m3m/WILL/tile_18451.png,11
arctic_vegetation/20230724_riparianshrub32_m3m/WILL/tile_18452.png,11
arctic_vegetation/20230724_riparianshrub32_m3m/WILL/tile_18453.png,11
arctic_vegetation/20230724_riparianshrub32_m3m/WILL/tile_18454.png,11
arctic_vegetation/20230724_riparianshrub32_m3m/ALDE/tile_18455.png,0
arctic_vegetation/20230724_riparianshrub32_m3m/ALDE/tile_18456.png,0
arctic_vegetation/20230724_riparianshrub32_m3m/ALDE/tile_18457.png,0
arctic_vegetation/20230724_riparianshrub32_m3m/ALDE/tile_18458.png,0
arctic_vegetation/20230724_riparianshrub32_m3m/ALDE/tile_18459.png,0
arctic_vegetation/20230724_riparianshrub32_m3m/ALDE/tile_18460.png,0
arctic_vegetation/20230724_riparianshrub32_m3m/WILL/tile_18461.png,11
arctic_vegetation/20230724_riparianshrub32_m3m/WILL/tile_18462.png,11
arctic_vegetation/20230724_riparianshrub32_m3m/WILL/tile_18463.png,11
arctic_vegetation/20230724_riparianshrub32_m3m/ALDE/tile_18464.png,0
arctic_vegetation/20230724_riparianshrub32_m3m/ALDE/tile_18465.png,0
arctic_vegetation/20230724_riparianshrub32_m3m/ALDE/tile_18466.png,0
arctic_vegetation/20230724_riparianshrub32_m3m/ALDE/tile_18467.png,0
arctic_vegetation/20230724_riparianshrub32_m3m/ALDE/tile_18468.png,0
arctic_vegetation/20230724_riparianshrub32_m3m/ALDE/tile_18469.png,0
arctic_vegetation/20230724_riparianshrub32_m3m/ALDE/tile_18470.png,0
arctic_vegetation/20230724_riparianshrub32_m3m/WILL/tile_18471.png,11
arctic_vegetation/20230724_riparianshrub32_m3m/WILL/tile_18472.png,11
arctic_vegetation/20230724_riparianshrub32_m3m/WILL/tile_18473.png,11
arctic_vegetation/20230724_riparianshrub32_m3m/WILL/tile_18474.png,11
arctic_vegetation/20230724_riparianshrub32_m3m/ALDE/tile_18475.png,0
arctic_vegetation/20230724_riparianshrub32_m3m/ALDE/tile_18476.png,0
arctic_vegetation/20230724_riparianshrub32_m3m/ALDE/tile_18477.png,0
arctic_vegetation/20230724_riparianshrub32_m3m/ALDE/tile_18478.png,0
arctic_vegetation/20230724_riparianshrub32_m3m/ALDE/tile_18479.png,0
arctic_vegetation/20230724_riparianshrub32_m3m/ALDE/tile_18480.png,0
arctic_vegetation/20230724_riparianshrub32_m3m/ALDE/tile_18481.png,0
arctic_vegetation/20230724_riparianshrub32_m3m/WILL/tile_18628.png,11
arctic_vegetation/20230724_riparianshrub32_m3m/WILL/tile_18629.png,11
arctic_vegetation/20230724_riparianshrub32_m3m/WILL/tile_18630.png,11
arctic_vegetation/20230724_riparianshrub32_m3m/WILL/tile_18631.png,11
arctic_vegetation/20230724_riparianshrub32_m3m/WILL/tile_18632.png,11
arctic_vegetation/20230724_riparianshrub32_m3m/WILL/tile_18633.png,11
arctic_vegetation/20230724_riparianshrub32_m3m/ALDE/tile_18634.png,0
arctic_vegetation/20230724_riparianshrub32_m3m/ALDE/tile_18635.png,0
arctic_vegetation/20230724_riparianshrub32_m3m/ALDE/tile_18636.png,0
arctic_vegetation/20230724_riparianshrub32_m3m/ALDE/tile_18637.png,0
arctic_vegetation/20230724_riparianshrub32_m3m/ALDE/tile_18638.png,0
arctic_vegetation/20230724_riparianshrub32_m3m/ALDE/tile_18639.png,0
arctic_vegetation/20230724_riparianshrub32_m3m/WILL/tile_18640.png,11
arctic_vegetation/20230724_riparianshrub32_m3m/WILL/tile_18641.png,11
arctic_vegetation/20230724_riparianshrub32_m3m/WILL/tile_18642.png,11
arctic_vegetation/20230724_riparianshrub32_m3m/ALDE/tile_18643.png,0
arctic_vegetation/20230724_riparianshrub32_m3m/ALDE/tile_18644.png,0
arctic_vegetation/20230724_riparianshrub32_m3m/ALDE/tile_18645.png,0
arctic_vegetation/20230724_riparianshrub32_m3m/ALDE/tile_18646.png,0
arctic_vegetation/20230724_riparianshrub32_m3m/ALDE/tile_18647.png,0
arctic_vegetation/20230724_riparianshrub32_m3m/ALDE/tile_18648.png,0
arctic_vegetation/20230724_riparianshrub32_m3m/WILL/tile_18649.png,11
arctic_vegetation/20230724_riparianshrub32_m3m/WILL/tile_18650.png,11
arctic_vegetation/20230724_riparianshrub32_m3m/WILL/tile_18651.png,11
arctic_vegetation/20230724_riparianshrub32_m3m/ALDE/tile_18652.png,0
arctic_vegetation/20230724_riparianshrub32_m3m/ALDE/tile_18653.png,0
arctic_vegetation/20230724_riparianshrub32_m3m/ALDE/tile_18654.png,0
arctic_vegetation/20230724_riparianshrub32_m3m/ALDE/tile_18655.png,0
arctic_vegetation/20230724_riparianshrub32_m3m/ALDE/tile_18656.png,0
arctic_vegetation/20230724_riparianshrub32_m3m/ALDE/tile_18657.png,0
arctic_vegetation/20230724_riparianshrub32_m3m/ALDE/tile_18658.png,0
arctic_vegetation/20230724_riparianshrub32_m3m/ALDE/tile_18659.png,0
arctic_vegetation/20230724_riparianshrub32_m3m/ALDE/tile_18660.png,0
arctic_vegetation/20230724_riparianshrub32_m3m/ALDE/tile_18813.png,0
arctic_vegetation/20230724_riparianshrub32_m3m/ALDE/tile_18814.png,0
arctic_vegetation/20230724_riparianshrub32_m3m/ALDE/tile_18815.png,0
arctic_vegetation/20230724_riparianshrub32_m3m/ALDE/tile_18816.png,0
arctic_vegetation/20230724_riparianshrub32_m3m/ALDE/tile_18817.png,0
arctic_vegetation/20230724_riparianshrub32_m3m/ALDE/tile_18818.png,0
arctic_vegetation/20230724_riparianshrub32_m3m/WILL/tile_18819.png,11
arctic_vegetation/20230724_riparianshrub32_m3m/WILL/tile_18820.png,11
arctic_vegetation/20230724_riparianshrub32_m3m/WILL/tile_18821.png,11
arctic_vegetation/20230724_riparianshrub32_m3m/ALDE/tile_18822.png,0
arctic_vegetation/20230724_riparianshrub32_m3m/ALDE/tile_18823.png,0
arctic_vegetation/20230724_riparianshrub32_m3m/ALDE/tile_18824.png,0
arctic_vegetation/20230724_riparianshrub32_m3m/ALDE/tile_18825.png,0
arctic_vegetation/20230724_riparianshrub32_m3m/ALDE/tile_18826.png,0
arctic_vegetation/20230724_riparianshrub32_m3m/ALDE/tile_18827.png,0
arctic_vegetation/20230724_riparianshrub32_m3m/WILL/tile_18828.png,11
arctic_vegetation/20230724_riparianshrub32_m3m/WILL/tile_18829.png,11
arctic_vegetation/20230724_riparianshrub32_m3m/WILL/tile_18830.png,11
arctic_vegetation/20230724_riparianshrub32_m3m/ALDE/tile_18831.png,0
arctic_vegetation/20230724_riparianshrub32_m3m/ALDE/tile_18832.png,0
arctic_vegetation/20230724_riparianshrub32_m3m/ALDE/tile_18833.png,0
arctic_vegetation/20230724_riparianshrub32_m3m/ALDE/tile_18834.png,0
arctic_vegetation/20230724_riparianshrub32_m3m/ALDE/tile_18835.png,0
arctic_vegetation/20230724_riparianshrub32_m3m/ALDE/tile_18836.png,0
arctic_vegetation/20230724_riparianshrub32_m3m/ALDE/tile_18837.png,0
arctic_vegetation/20230724_riparianshrub32_m3m/ALDE/tile_18838.png,0
arctic_vegetation/20230724_riparianshrub32_m3m/ALDE/tile_18839.png,0
arctic_vegetation/20230724_riparianshrub32_m3m/ALDE/tile_18969.png,0
arctic_vegetation/20230724_riparianshrub32_m3m/ALDE/tile_18970.png,0
arctic_vegetation/20230724_riparianshrub32_m3m/ALDE/tile_18971.png,0
arctic_vegetation/20230724_riparianshrub32_m3m/ALDE/tile_18972.png,0
arctic_vegetation/20230724_riparianshrub32_m3m/ALDE/tile_18973.png,0
arctic_vegetation/20230724_riparianshrub32_m3m/ALDE/tile_18974.png,0
arctic_vegetation/20230724_riparianshrub32_m3m/ALDE/tile_18975.png,0
arctic_vegetation/20230724_riparianshrub32_m3m/WILL/tile_18984.png,11
arctic_vegetation/20230724_riparianshrub32_m3m/WILL/tile_18985.png,11
arctic_vegetation/20230724_riparianshrub32_m3m/WILL/tile_18986.png,11
arctic_vegetation/20230724_riparianshrub32_m3m/WILL/tile_18987.png,11
arctic_vegetation/20230724_riparianshrub32_m3m/WILL/tile_18988.png,11
arctic_vegetation/20230724_riparianshrub32_m3m/WILL/tile_18989.png,11
arctic_vegetation/20230724_riparianshrub32_m3m/WILL/tile_18990.png,11
arctic_vegetation/20230724_riparianshrub32_m3m/WILL/tile_18991.png,11
arctic_vegetation/20230724_riparianshrub32_m3m/WILL/tile_18992.png,11
arctic_vegetation/20230724_riparianshrub32_m3m/WILL/tile_18998.png,11
arctic_vegetation/20230724_riparianshrub32_m3m/SEDG/tile_18999.png,9
arctic_vegetation/20230724_riparianshrub32_m3m/SEDG/tile_19000.png,9
arctic_vegetation/20230724_riparianshrub32_m3m/SEDG/tile_19001.png,9
arctic_vegetation/20230724_riparianshrub32_m3m/WILL/tile_19002.png,11
arctic_vegetation/20230724_riparianshrub32_m3m/ALDE/tile_19003.png,0
arctic_vegetation/20230724_riparianshrub32_m3m/ALDE/tile_19004.png,0
arctic_vegetation/20230724_riparianshrub32_m3m/ALDE/tile_19005.png,0
arctic_vegetation/20230724_riparianshrub32_m3m/ALDE/tile_19006.png,0
arctic_vegetation/20230724_riparianshrub32_m3m/WILL/tile_19007.png,11
arctic_vegetation/20230724_riparianshrub32_m3m/WILL/tile_19008.png,11
arctic_vegetation/20230724_riparianshrub32_m3m/WILL/tile_19009.png,11
arctic_vegetation/20230724_riparianshrub32_m3m/WILL/tile_19010.png,11
arctic_vegetation/20230724_riparianshrub32_m3m/ALDE/tile_19011.png,0
arctic_vegetation/20230724_riparianshrub32_m3m/ALDE/tile_19012.png,0
arctic_vegetation/20230724_riparianshrub32_m3m/ALDE/tile_19013.png,0
arctic_vegetation/20230724_riparianshrub32_m3m/ALDE/tile_19014.png,0
arctic_vegetation/20230724_riparianshrub32_m3m/ALDE/tile_19015.png,0
arctic_vegetation/20230724_riparianshrub32_m3m/ALDE/tile_19016.png,0
arctic_vegetation/20230724_riparianshrub32_m3m/ALDE/tile_19017.png,0
arctic_vegetation/20230724_riparianshrub32_m3m/ALDE/tile_19018.png,0
arctic_vegetation/20230724_riparianshrub32_m3m/ALDE/tile_19148.png,0
arctic_vegetation/20230724_riparianshrub32_m3m/ALDE/tile_19149.png,0
arctic_vegetation/20230724_riparianshrub32_m3m/ALDE/tile_19150.png,0
arctic_vegetation/20230724_riparianshrub32_m3m/ALDE/tile_19151.png,0
arctic_vegetation/20230724_riparianshrub32_m3m/ALDE/tile_19152.png,0
arctic_vegetation/20230724_riparianshrub32_m3m/ALDE/tile_19153.png,0
arctic_vegetation/20230724_riparianshrub32_m3m/ALDE/tile_19154.png,0
arctic_vegetation/20230724_riparianshrub32_m3m/WILL/tile_19163.png,11
arctic_vegetation/20230724_riparianshrub32_m3m/WILL/tile_19164.png,11
arctic_vegetation/20230724_riparianshrub32_m3m/WILL/tile_19165.png,11
arctic_vegetation/20230724_riparianshrub32_m3m/WILL/tile_19166.png,11
arctic_vegetation/20230724_riparianshrub32_m3m/WILL/tile_19167.png,11
arctic_vegetation/20230724_riparianshrub32_m3m/WILL/tile_19168.png,11
arctic_vegetation/20230724_riparianshrub32_m3m/WILL/tile_19169.png,11
arctic_vegetation/20230724_riparianshrub32_m3m/WILL/tile_19170.png,11
arctic_vegetation/20230724_riparianshrub32_m3m/WILL/tile_19171.png,11
arctic_vegetation/20230724_riparianshrub32_m3m/WILL/tile_19176.png,11
arctic_vegetation/20230724_riparianshrub32_m3m/WILL/tile_19177.png,11
arctic_vegetation/20230724_riparianshrub32_m3m/SEDG/tile_19178.png,9
arctic_vegetation/20230724_riparianshrub32_m3m/WILL/tile_19179.png,11
arctic_vegetation/20230724_riparianshrub32_m3m/WILL/tile_19180.png,11
arctic_vegetation/20230724_riparianshrub32_m3m/WILL/tile_19181.png,11
arctic_vegetation/20230724_riparianshrub32_m3m/WILL/tile_19182.png,11
arctic_vegetation/20230724_riparianshrub32_m3m/WILL/tile_19183.png,11
arctic_vegetation/20230724_riparianshrub32_m3m/WILL/tile_19184.png,11
arctic_vegetation/20230724_riparianshrub32_m3m/WILL/tile_19185.png,11
arctic_vegetation/20230724_riparianshrub32_m3m/WILL/tile_19186.png,11
arctic_vegetation/20230724_riparianshrub32_m3m/ALDE/tile_19187.png,0
arctic_vegetation/20230724_riparianshrub32_m3m/ALDE/tile_19188.png,0
arctic_vegetation/20230724_riparianshrub32_m3m/ALDE/tile_19189.png,0
arctic_vegetation/20230724_riparianshrub32_m3m/WILL/tile_19190.png,11
arctic_vegetation/20230724_riparianshrub32_m3m/WILL/tile_19191.png,11
arctic_vegetation/20230724_riparianshrub32_m3m/WILL/tile_19192.png,11
arctic_vegetation/20230724_riparianshrub32_m3m/WILL/tile_19193.png,11
arctic_vegetation/20230724_riparianshrub32_m3m/WILL/tile_19194.png,11
arctic_vegetation/20230724_riparianshrub32_m3m/ALDE/tile_19195.png,0
arctic_vegetation/20230724_riparianshrub32_m3m/ALDE/tile_19196.png,0
arctic_vegetation/20230724_riparianshrub32_m3m/ALDE/tile_19197.png,0
arctic_vegetation/20230724_riparianshrub32_m3m/ALDE/tile_19327.png,0
arctic_vegetation/20230724_riparianshrub32_m3m/ALDE/tile_19328.png,0
arctic_vegetation/20230724_riparianshrub32_m3m/ALDE/tile_19329.png,0
arctic_vegetation/20230724_riparianshrub32_m3m/ALDE/tile_19330.png,0
arctic_vegetation/20230724_riparianshrub32_m3m/ALDE/tile_19331.png,0
arctic_vegetation/20230724_riparianshrub32_m3m/ALDE/tile_19332.png,0
arctic_vegetation/20230724_riparianshrub32_m3m/ALDE/tile_19333.png,0
arctic_vegetation/20230724_riparianshrub32_m3m/WILL/tile_19342.png,11
arctic_vegetation/20230724_riparianshrub32_m3m/WILL/tile_19343.png,11
arctic_vegetation/20230724_riparianshrub32_m3m/WILL/tile_19344.png,11
arctic_vegetation/20230724_riparianshrub32_m3m/WILL/tile_19345.png,11
arctic_vegetation/20230724_riparianshrub32_m3m/WILL/tile_19346.png,11
arctic_vegetation/20230724_riparianshrub32_m3m/WILL/tile_19347.png,11
arctic_vegetation/20230724_riparianshrub32_m3m/WILL/tile_19348.png,11
arctic_vegetation/20230724_riparianshrub32_m3m/WILL/tile_19349.png,11
arctic_vegetation/20230724_riparianshrub32_m3m/WILL/tile_19350.png,11
arctic_vegetation/20230724_riparianshrub32_m3m/WILL/tile_19355.png,11
arctic_vegetation/20230724_riparianshrub32_m3m/WILL/tile_19356.png,11
arctic_vegetation/20230724_riparianshrub32_m3m/WILL/tile_19357.png,11
arctic_vegetation/20230724_riparianshrub32_m3m/WILL/tile_19358.png,11
arctic_vegetation/20230724_riparianshrub32_m3m/WILL/tile_19359.png,11
arctic_vegetation/20230724_riparianshrub32_m3m/WILL/tile_19360.png,11
arctic_vegetation/20230724_riparianshrub32_m3m/WILL/tile_19361.png,11
arctic_vegetation/20230724_riparianshrub32_m3m/WILL/tile_19362.png,11
arctic_vegetation/20230724_riparianshrub32_m3m/WILL/tile_19363.png,11
arctic_vegetation/20230724_riparianshrub32_m3m/WILL/tile_19364.png,11
arctic_vegetation/20230724_riparianshrub32_m3m/WILL/tile_19365.png,11
arctic_vegetation/20230724_riparianshrub32_m3m/WILL/tile_19366.png,11
arctic_vegetation/20230724_riparianshrub32_m3m/WILL/tile_19367.png,11
arctic_vegetation/20230724_riparianshrub32_m3m/WILL/tile_19368.png,11
arctic_vegetation/20230724_riparianshrub32_m3m/WILL/tile_19369.png,11
arctic_vegetation/20230724_riparianshrub32_m3m/WILL/tile_19370.png,11
arctic_vegetation/20230724_riparianshrub32_m3m/WILL/tile_19371.png,11
arctic_vegetation/20230724_riparianshrub32_m3m/WILL/tile_19372.png,11
arctic_vegetation/20230724_riparianshrub32_m3m/WILL/tile_19373.png,11
arctic_vegetation/20230724_riparianshrub32_m3m/WILL/tile_19374.png,11
arctic_vegetation/20230724_riparianshrub32_m3m/WILL/tile_19375.png,11
arctic_vegetation/20230724_riparianshrub32_m3m/WILL/tile_19376.png,11
arctic_vegetation/20230724_riparianshrub32_m3m/ALDE/tile_19506.png,0
arctic_vegetation/20230724_riparianshrub32_m3m/ALDE/tile_19507.png,0
arctic_vegetation/20230724_riparianshrub32_m3m/ALDE/tile_19508.png,0
arctic_vegetation/20230724_riparianshrub32_m3m/ALDE/tile_19509.png,0
arctic_vegetation/20230724_riparianshrub32_m3m/ALDE/tile_19510.png,0
arctic_vegetation/20230724_riparianshrub32_m3m/ALDE/tile_19511.png,0
arctic_vegetation/20230724_riparianshrub32_m3m/ALDE/tile_19512.png,0
arctic_vegetation/20230724_riparianshrub32_m3m/WILL/tile_19521.png,11
arctic_vegetation/20230724_riparianshrub32_m3m/WILL/tile_19522.png,11
arctic_vegetation/20230724_riparianshrub32_m3m/WILL/tile_19523.png,11
arctic_vegetation/20230724_riparianshrub32_m3m/WILL/tile_19524.png,11
arctic_vegetation/20230724_riparianshrub32_m3m/WILL/tile_19525.png,11
arctic_vegetation/20230724_riparianshrub32_m3m/ALDE/tile_19526.png,0
arctic_vegetation/20230724_riparianshrub32_m3m/ALDE/tile_19527.png,0
arctic_vegetation/20230724_riparianshrub32_m3m/ALDE/tile_19528.png,0
arctic_vegetation/20230724_riparianshrub32_m3m/WILL/tile_19529.png,11
arctic_vegetation/20230724_riparianshrub32_m3m/SEDG/tile_19531.png,9
arctic_vegetation/20230724_riparianshrub32_m3m/SEDG/tile_19532.png,9
arctic_vegetation/20230724_riparianshrub32_m3m/SEDG/tile_19533.png,9
arctic_vegetation/20230724_riparianshrub32_m3m/WILL/tile_19534.png,11
arctic_vegetation/20230724_riparianshrub32_m3m/WILL/tile_19535.png,11
arctic_vegetation/20230724_riparianshrub32_m3m/WILL/tile_19536.png,11
arctic_vegetation/20230724_riparianshrub32_m3m/WILL/tile_19537.png,11
arctic_vegetation/20230724_riparianshrub32_m3m/WILL/tile_19538.png,11
arctic_vegetation/20230724_riparianshrub32_m3m/WILL/tile_19539.png,11
arctic_vegetation/20230724_riparianshrub32_m3m/WILL/tile_19540.png,11
arctic_vegetation/20230724_riparianshrub32_m3m/WILL/tile_19541.png,11
arctic_vegetation/20230724_riparianshrub32_m3m/WILL/tile_19542.png,11
arctic_vegetation/20230724_riparianshrub32_m3m/WILL/tile_19543.png,11
arctic_vegetation/20230724_riparianshrub32_m3m/WILL/tile_19544.png,11
arctic_vegetation/20230724_riparianshrub32_m3m/WILL/tile_19545.png,11
arctic_vegetation/20230724_riparianshrub32_m3m/WILL/tile_19546.png,11
arctic_vegetation/20230724_riparianshrub32_m3m/WILL/tile_19547.png,11
arctic_vegetation/20230724_riparianshrub32_m3m/WILL/tile_19548.png,11
arctic_vegetation/20230724_riparianshrub32_m3m/WILL/tile_19549.png,11
arctic_vegetation/20230724_riparianshrub32_m3m/WILL/tile_19550.png,11
arctic_vegetation/20230724_riparianshrub32_m3m/WILL/tile_19551.png,11
arctic_vegetation/20230724_riparianshrub32_m3m/WILL/tile_19552.png,11
arctic_vegetation/20230724_riparianshrub32_m3m/WILL/tile_19553.png,11
arctic_vegetation/20230724_riparianshrub32_m3m/WILL/tile_19554.png,11
arctic_vegetation/20230724_riparianshrub32_m3m/WILL/tile_19555.png,11
arctic_vegetation/20230724_riparianshrub32_m3m/ALDE/tile_19685.png,0
arctic_vegetation/20230724_riparianshrub32_m3m/ALDE/tile_19686.png,0
arctic_vegetation/20230724_riparianshrub32_m3m/ALDE/tile_19687.png,0
arctic_vegetation/20230724_riparianshrub32_m3m/ALDE/tile_19688.png,0
arctic_vegetation/20230724_riparianshrub32_m3m/ALDE/tile_19689.png,0
arctic_vegetation/20230724_riparianshrub32_m3m/ALDE/tile_19690.png,0
arctic_vegetation/20230724_riparianshrub32_m3m/ALDE/tile_19691.png,0
arctic_vegetation/20230724_riparianshrub32_m3m/WILL/tile_19699.png,11
arctic_vegetation/20230724_riparianshrub32_m3m/WILL/tile_19700.png,11
arctic_vegetation/20230724_riparianshrub32_m3m/WILL/tile_19701.png,11
arctic_vegetation/20230724_riparianshrub32_m3m/WILL/tile_19702.png,11
arctic_vegetation/20230724_riparianshrub32_m3m/ALDE/tile_19703.png,0
arctic_vegetation/20230724_riparianshrub32_m3m/ALDE/tile_19704.png,0
arctic_vegetation/20230724_riparianshrub32_m3m/ALDE/tile_19705.png,0
arctic_vegetation/20230724_riparianshrub32_m3m/ALDE/tile_19706.png,0
arctic_vegetation/20230724_riparianshrub32_m3m/ALDE/tile_19707.png,0
arctic_vegetation/20230724_riparianshrub32_m3m/SEDG/tile_19710.png,9
arctic_vegetation/20230724_riparianshrub32_m3m/SEDG/tile_19711.png,9
arctic_vegetation/20230724_riparianshrub32_m3m/SEDG/tile_19712.png,9
arctic_vegetation/20230724_riparianshrub32_m3m/SEDG/tile_19713.png,9
arctic_vegetation/20230724_riparianshrub32_m3m/WILL/tile_19714.png,11
arctic_vegetation/20230724_riparianshrub32_m3m/WILL/tile_19715.png,11
arctic_vegetation/20230724_riparianshrub32_m3m/WILL/tile_19716.png,11
arctic_vegetation/20230724_riparianshrub32_m3m/WILL/tile_19717.png,11
arctic_vegetation/20230724_riparianshrub32_m3m/WILL/tile_19718.png,11
arctic_vegetation/20230724_riparianshrub32_m3m/WILL/tile_19719.png,11
arctic_vegetation/20230724_riparianshrub32_m3m/WILL/tile_19720.png,11
arctic_vegetation/20230724_riparianshrub32_m3m/WILL/tile_19721.png,11
arctic_vegetation/20230724_riparianshrub32_m3m/WILL/tile_19722.png,11
arctic_vegetation/20230724_riparianshrub32_m3m/WILL/tile_19723.png,11
arctic_vegetation/20230724_riparianshrub32_m3m/WILL/tile_19724.png,11
arctic_vegetation/20230724_riparianshrub32_m3m/WILL/tile_19725.png,11
arctic_vegetation/20230724_riparianshrub32_m3m/WILL/tile_19726.png,11
arctic_vegetation/20230724_riparianshrub32_m3m/WILL/tile_19727.png,11
arctic_vegetation/20230724_riparianshrub32_m3m/WILL/tile_19728.png,11
arctic_vegetation/20230724_riparianshrub32_m3m/WILL/tile_19729.png,11
arctic_vegetation/20230724_riparianshrub32_m3m/WILL/tile_19730.png,11
arctic_vegetation/20230724_riparianshrub32_m3m/WILL/tile_19731.png,11
arctic_vegetation/20230724_riparianshrub32_m3m/WILL/tile_19732.png,11
arctic_vegetation/20230724_riparianshrub32_m3m/WILL/tile_19733.png,11
arctic_vegetation/20230724_riparianshrub32_m3m/WILL/tile_19734.png,11
arctic_vegetation/20230724_riparianshrub32_m3m/ALDE/tile_19864.png,0
arctic_vegetation/20230724_riparianshrub32_m3m/ALDE/tile_19865.png,0
arctic_vegetation/20230724_riparianshrub32_m3m/ALDE/tile_19866.png,0
arctic_vegetation/20230724_riparianshrub32_m3m/ALDE/tile_19867.png,0
arctic_vegetation/20230724_riparianshrub32_m3m/ALDE/tile_19868.png,0
arctic_vegetation/20230724_riparianshrub32_m3m/ALDE/tile_19869.png,0
arctic_vegetation/20230724_riparianshrub32_m3m/WILL/tile_19878.png,11
arctic_vegetation/20230724_riparianshrub32_m3m/WILL/tile_19879.png,11
arctic_vegetation/20230724_riparianshrub32_m3m/ALDE/tile_19880.png,0
arctic_vegetation/20230724_riparianshrub32_m3m/ALDE/tile_19881.png,0
arctic_vegetation/20230724_riparianshrub32_m3m/ALDE/tile_19882.png,0
arctic_vegetation/20230724_riparianshrub32_m3m/ALDE/tile_19883.png,0
arctic_vegetation/20230724_riparianshrub32_m3m/ALDE/tile_19884.png,0
arctic_vegetation/20230724_riparianshrub32_m3m/ALDE/tile_19885.png,0
arctic_vegetation/20230724_riparianshrub32_m3m/ALDE/tile_19886.png,0
arctic_vegetation/20230724_riparianshrub32_m3m/SEDG/tile_19888.png,9
arctic_vegetation/20230724_riparianshrub32_m3m/SEDG/tile_19889.png,9
arctic_vegetation/20230724_riparianshrub32_m3m/SEDG/tile_19890.png,9
arctic_vegetation/20230724_riparianshrub32_m3m/SEDG/tile_19891.png,9
arctic_vegetation/20230724_riparianshrub32_m3m/WILL/tile_19892.png,11
arctic_vegetation/20230724_riparianshrub32_m3m/WILL/tile_19893.png,11
arctic_vegetation/20230724_riparianshrub32_m3m/WILL/tile_19894.png,11
arctic_vegetation/20230724_riparianshrub32_m3m/WILL/tile_19895.png,11
arctic_vegetation/20230724_riparianshrub32_m3m/WILL/tile_19896.png,11
arctic_vegetation/20230724_riparianshrub32_m3m/WILL/tile_19897.png,11
arctic_vegetation/20230724_riparianshrub32_m3m/WILL/tile_19898.png,11
arctic_vegetation/20230724_riparianshrub32_m3m/WILL/tile_19899.png,11
arctic_vegetation/20230724_riparianshrub32_m3m/WILL/tile_19900.png,11
arctic_vegetation/20230724_riparianshrub32_m3m/WILL/tile_19901.png,11
arctic_vegetation/20230724_riparianshrub32_m3m/WILL/tile_19902.png,11
arctic_vegetation/20230724_riparianshrub32_m3m/WILL/tile_19903.png,11
arctic_vegetation/20230724_riparianshrub32_m3m/WILL/tile_19904.png,11
arctic_vegetation/20230724_riparianshrub32_m3m/ALDE/tile_19905.png,0
arctic_vegetation/20230724_riparianshrub32_m3m/ALDE/tile_19906.png,0
arctic_vegetation/20230724_riparianshrub32_m3m/WILL/tile_19907.png,11
arctic_vegetation/20230724_riparianshrub32_m3m/WILL/tile_19908.png,11
arctic_vegetation/20230724_riparianshrub32_m3m/WILL/tile_19909.png,11
arctic_vegetation/20230724_riparianshrub32_m3m/WILL/tile_19910.png,11
arctic_vegetation/20230724_riparianshrub32_m3m/WILL/tile_19911.png,11
arctic_vegetation/20230724_riparianshrub32_m3m/WILL/tile_19912.png,11
arctic_vegetation/20230724_riparianshrub32_m3m/WILL/tile_19913.png,11
arctic_vegetation/20230724_riparianshrub32_m3m/ALDE/tile_20043.png,0
arctic_vegetation/20230724_riparianshrub32_m3m/ALDE/tile_20044.png,0
arctic_vegetation/20230724_riparianshrub32_m3m/ALDE/tile_20045.png,0
arctic_vegetation/20230724_riparianshrub32_m3m/ALDE/tile_20046.png,0
arctic_vegetation/20230724_riparianshrub32_m3m/ALDE/tile_20047.png,0
arctic_vegetation/20230724_riparianshrub32_m3m/WILL/tile_20057.png,11
arctic_vegetation/20230724_riparianshrub32_m3m/WILL/tile_20058.png,11
arctic_vegetation/20230724_riparianshrub32_m3m/ALDE/tile_20059.png,0
arctic_vegetation/20230724_riparianshrub32_m3m/ALDE/tile_20060.png,0
arctic_vegetation/20230724_riparianshrub32_m3m/ALDE/tile_20061.png,0
arctic_vegetation/20230724_riparianshrub32_m3m/ALDE/tile_20062.png,0
arctic_vegetation/20230724_riparianshrub32_m3m/ALDE/tile_20063.png,0
arctic_vegetation/20230724_riparianshrub32_m3m/ALDE/tile_20064.png,0
arctic_vegetation/20230724_riparianshrub32_m3m/ALDE/tile_20065.png,0
arctic_vegetation/20230724_riparianshrub32_m3m/SEDG/tile_20066.png,9
arctic_vegetation/20230724_riparianshrub32_m3m/SEDG/tile_20067.png,9
arctic_vegetation/20230724_riparianshrub32_m3m/SEDG/tile_20068.png,9
arctic_vegetation/20230724_riparianshrub32_m3m/SEDG/tile_20069.png,9
arctic_vegetation/20230724_riparianshrub32_m3m/WILL/tile_20070.png,11
arctic_vegetation/20230724_riparianshrub32_m3m/WILL/tile_20071.png,11
arctic_vegetation/20230724_riparianshrub32_m3m/WILL/tile_20072.png,11
arctic_vegetation/20230724_riparianshrub32_m3m/WILL/tile_20073.png,11
arctic_vegetation/20230724_riparianshrub32_m3m/WILL/tile_20074.png,11
arctic_vegetation/20230724_riparianshrub32_m3m/WILL/tile_20075.png,11
arctic_vegetation/20230724_riparianshrub32_m3m/WILL/tile_20076.png,11
arctic_vegetation/20230724_riparianshrub32_m3m/WILL/tile_20077.png,11
arctic_vegetation/20230724_riparianshrub32_m3m/WILL/tile_20078.png,11
arctic_vegetation/20230724_riparianshrub32_m3m/WILL/tile_20079.png,11
arctic_vegetation/20230724_riparianshrub32_m3m/WILL/tile_20080.png,11
arctic_vegetation/20230724_riparianshrub32_m3m/WILL/tile_20081.png,11
arctic_vegetation/20230724_riparianshrub32_m3m/WILL/tile_20082.png,11
arctic_vegetation/20230724_riparianshrub32_m3m/WILL/tile_20083.png,11
arctic_vegetation/20230724_riparianshrub32_m3m/ALDE/tile_20084.png,0
arctic_vegetation/20230724_riparianshrub32_m3m/ALDE/tile_20085.png,0
arctic_vegetation/20230724_riparianshrub32_m3m/ALDE/tile_20086.png,0
arctic_vegetation/20230724_riparianshrub32_m3m/ALDE/tile_20087.png,0
arctic_vegetation/20230724_riparianshrub32_m3m/WILL/tile_20088.png,11
arctic_vegetation/20230724_riparianshrub32_m3m/ALDE/tile_20089.png,0
arctic_vegetation/20230724_riparianshrub32_m3m/ALDE/tile_20090.png,0
arctic_vegetation/20230724_riparianshrub32_m3m/ALDE/tile_20091.png,0
arctic_vegetation/20230724_riparianshrub32_m3m/ALDE/tile_20092.png,0
arctic_vegetation/20230724_riparianshrub32_m3m/ALDE/tile_20238.png,0
arctic_vegetation/20230724_riparianshrub32_m3m/ALDE/tile_20239.png,0
arctic_vegetation/20230724_riparianshrub32_m3m/ALDE/tile_20240.png,0
arctic_vegetation/20230724_riparianshrub32_m3m/ALDE/tile_20241.png,0
arctic_vegetation/20230724_riparianshrub32_m3m/ALDE/tile_20242.png,0
arctic_vegetation/20230724_riparianshrub32_m3m/ALDE/tile_20243.png,0
arctic_vegetation/20230724_riparianshrub32_m3m/ALDE/tile_20244.png,0
arctic_vegetation/20230724_riparianshrub32_m3m/SEDG/tile_20245.png,9
arctic_vegetation/20230724_riparianshrub32_m3m/WILL/tile_20246.png,11
arctic_vegetation/20230724_riparianshrub32_m3m/WILL/tile_20247.png,11
arctic_vegetation/20230724_riparianshrub32_m3m/WILL/tile_20248.png,11
arctic_vegetation/20230724_riparianshrub32_m3m/WILL/tile_20249.png,11
arctic_vegetation/20230724_riparianshrub32_m3m/WILL/tile_20250.png,11
arctic_vegetation/20230724_riparianshrub32_m3m/WILL/tile_20251.png,11
arctic_vegetation/20230724_riparianshrub32_m3m/WILL/tile_20252.png,11
arctic_vegetation/20230724_riparianshrub32_m3m/WILL/tile_20253.png,11
arctic_vegetation/20230724_riparianshrub32_m3m/WILL/tile_20254.png,11
arctic_vegetation/20230724_riparianshrub32_m3m/WILL/tile_20255.png,11
arctic_vegetation/20230724_riparianshrub32_m3m/WILL/tile_20256.png,11
arctic_vegetation/20230724_riparianshrub32_m3m/WILL/tile_20257.png,11
arctic_vegetation/20230724_riparianshrub32_m3m/WILL/tile_20258.png,11
arctic_vegetation/20230724_riparianshrub32_m3m/WILL/tile_20259.png,11
arctic_vegetation/20230724_riparianshrub32_m3m/WILL/tile_20260.png,11
arctic_vegetation/20230724_riparianshrub32_m3m/WILL/tile_20261.png,11
arctic_vegetation/20230724_riparianshrub32_m3m/WILL/tile_20262.png,11
arctic_vegetation/20230724_riparianshrub32_m3m/ALDE/tile_20263.png,0
arctic_vegetation/20230724_riparianshrub32_m3m/ALDE/tile_20264.png,0
arctic_vegetation/20230724_riparianshrub32_m3m/ALDE/tile_20265.png,0
arctic_vegetation/20230724_riparianshrub32_m3m/ALDE/tile_20266.png,0
arctic_vegetation/20230724_riparianshrub32_m3m/ALDE/tile_20267.png,0
arctic_vegetation/20230724_riparianshrub32_m3m/ALDE/tile_20268.png,0
arctic_vegetation/20230724_riparianshrub32_m3m/ALDE/tile_20269.png,0
arctic_vegetation/20230724_riparianshrub32_m3m/ALDE/tile_20270.png,0
arctic_vegetation/20230724_riparianshrub32_m3m/ALDE/tile_20271.png,0
arctic_vegetation/20230724_riparianshrub32_m3m/ALDE/tile_20417.png,0
arctic_vegetation/20230724_riparianshrub32_m3m/ALDE/tile_20418.png,0
arctic_vegetation/20230724_riparianshrub32_m3m/ALDE/tile_20419.png,0
arctic_vegetation/20230724_riparianshrub32_m3m/ALDE/tile_20420.png,0
arctic_vegetation/20230724_riparianshrub32_m3m/ALDE/tile_20421.png,0
arctic_vegetation/20230724_riparianshrub32_m3m/ALDE/tile_20422.png,0
arctic_vegetation/20230724_riparianshrub32_m3m/ALDE/tile_20423.png,0
arctic_vegetation/20230724_riparianshrub32_m3m/WILL/tile_20424.png,11
arctic_vegetation/20230724_riparianshrub32_m3m/WILL/tile_20425.png,11
arctic_vegetation/20230724_riparianshrub32_m3m/WILL/tile_20426.png,11
arctic_vegetation/20230724_riparianshrub32_m3m/WILL/tile_20427.png,11
arctic_vegetation/20230724_riparianshrub32_m3m/WILL/tile_20428.png,11
arctic_vegetation/20230724_riparianshrub32_m3m/WILL/tile_20429.png,11
arctic_vegetation/20230724_riparianshrub32_m3m/WILL/tile_20430.png,11
arctic_vegetation/20230724_riparianshrub32_m3m/WILL/tile_20431.png,11
arctic_vegetation/20230724_riparianshrub32_m3m/WILL/tile_20432.png,11
arctic_vegetation/20230724_riparianshrub32_m3m/WILL/tile_20433.png,11
arctic_vegetation/20230724_riparianshrub32_m3m/WILL/tile_20434.png,11
arctic_vegetation/20230724_riparianshrub32_m3m/WILL/tile_20435.png,11
arctic_vegetation/20230724_riparianshrub32_m3m/WILL/tile_20436.png,11
arctic_vegetation/20230724_riparianshrub32_m3m/WILL/tile_20437.png,11
arctic_vegetation/20230724_riparianshrub32_m3m/WILL/tile_20438.png,11
arctic_vegetation/20230724_riparianshrub32_m3m/WILL/tile_20439.png,11
arctic_vegetation/20230724_riparianshrub32_m3m/WILL/tile_20440.png,11
arctic_vegetation/20230724_riparianshrub32_m3m/SEDG/tile_20441.png,9
arctic_vegetation/20230724_riparianshrub32_m3m/SEDG/tile_20442.png,9
arctic_vegetation/20230724_riparianshrub32_m3m/ALDE/tile_20443.png,0
arctic_vegetation/20230724_riparianshrub32_m3m/ALDE/tile_20444.png,0
arctic_vegetation/20230724_riparianshrub32_m3m/ALDE/tile_20445.png,0
arctic_vegetation/20230724_riparianshrub32_m3m/ALDE/tile_20446.png,0
arctic_vegetation/20230724_riparianshrub32_m3m/ALDE/tile_20447.png,0
arctic_vegetation/20230724_riparianshrub32_m3m/ALDE/tile_20448.png,0
arctic_vegetation/20230724_riparianshrub32_m3m/ALDE/tile_20449.png,0
arctic_vegetation/20230724_riparianshrub32_m3m/ALDE/tile_20450.png,0
arctic_vegetation/20230724_riparianshrub32_m3m/ALDE/tile_20596.png,0
arctic_vegetation/20230724_riparianshrub32_m3m/ALDE/tile_20597.png,0
arctic_vegetation/20230724_riparianshrub32_m3m/ALDE/tile_20598.png,0
arctic_vegetation/20230724_riparianshrub32_m3m/ALDE/tile_20599.png,0
arctic_vegetation/20230724_riparianshrub32_m3m/ALDE/tile_20600.png,0
arctic_vegetation/20230724_riparianshrub32_m3m/ALDE/tile_20601.png,0
arctic_vegetation/20230724_riparianshrub32_m3m/ALDE/tile_20602.png,0
arctic_vegetation/20230724_riparianshrub32_m3m/WILL/tile_20603.png,11
arctic_vegetation/20230724_riparianshrub32_m3m/WILL/tile_20604.png,11
arctic_vegetation/20230724_riparianshrub32_m3m/WILL/tile_20605.png,11
arctic_vegetation/20230724_riparianshrub32_m3m/WILL/tile_20606.png,11
arctic_vegetation/20230724_riparianshrub32_m3m/WILL/tile_20607.png,11
arctic_vegetation/20230724_riparianshrub32_m3m/WILL/tile_20608.png,11
arctic_vegetation/20230724_riparianshrub32_m3m/WILL/tile_20609.png,11
arctic_vegetation/20230724_riparianshrub32_m3m/WILL/tile_20610.png,11
arctic_vegetation/20230724_riparianshrub32_m3m/WILL/tile_20611.png,11
arctic_vegetation/20230724_riparianshrub32_m3m/WILL/tile_20612.png,11
arctic_vegetation/20230724_riparianshrub32_m3m/WILL/tile_20613.png,11
arctic_vegetation/20230724_riparianshrub32_m3m/WILL/tile_20614.png,11
arctic_vegetation/20230724_riparianshrub32_m3m/WILL/tile_20615.png,11
arctic_vegetation/20230724_riparianshrub32_m3m/SEDG/tile_20616.png,9
arctic_vegetation/20230724_riparianshrub32_m3m/SEDG/tile_20617.png,9
arctic_vegetation/20230724_riparianshrub32_m3m/WILL/tile_20618.png,11
arctic_vegetation/20230724_riparianshrub32_m3m/SEDG/tile_20619.png,9
arctic_vegetation/20230724_riparianshrub32_m3m/SEDG/tile_20620.png,9
arctic_vegetation/20230724_riparianshrub32_m3m/SEDG/tile_20621.png,9
arctic_vegetation/20230724_riparianshrub32_m3m/SEDG/tile_20622.png,9
arctic_vegetation/20230724_riparianshrub32_m3m/SEDG/tile_20623.png,9
arctic_vegetation/20230724_riparianshrub32_m3m/SEDG/tile_20624.png,9
arctic_vegetation/20230724_riparianshrub32_m3m/ALDE/tile_20625.png,0
arctic_vegetation/20230724_riparianshrub32_m3m/ALDE/tile_20626.png,0
arctic_vegetation/20230724_riparianshrub32_m3m/ALDE/tile_20627.png,0
arctic_vegetation/20230724_riparianshrub32_m3m/ALDE/tile_20628.png,0
arctic_vegetation/20230724_riparianshrub32_m3m/WILL/tile_20782.png,11
arctic_vegetation/20230724_riparianshrub32_m3m/WILL/tile_20783.png,11
arctic_vegetation/20230724_riparianshrub32_m3m/WILL/tile_20784.png,11
arctic_vegetation/20230724_riparianshrub32_m3m/WILL/tile_20785.png,11
arctic_vegetation/20230724_riparianshrub32_m3m/WILL/tile_20786.png,11
arctic_vegetation/20230724_riparianshrub32_m3m/WILL/tile_20787.png,11
arctic_vegetation/20230724_riparianshrub32_m3m/WILL/tile_20788.png,11
arctic_vegetation/20230724_riparianshrub32_m3m/WILL/tile_20789.png,11
arctic_vegetation/20230724_riparianshrub32_m3m/WILL/tile_20790.png,11
arctic_vegetation/20230724_riparianshrub32_m3m/WILL/tile_20791.png,11
arctic_vegetation/20230724_riparianshrub32_m3m/WILL/tile_20792.png,11
arctic_vegetation/20230724_riparianshrub32_m3m/WILL/tile_20793.png,11
arctic_vegetation/20230724_riparianshrub32_m3m/WILL/tile_20794.png,11
arctic_vegetation/20230724_riparianshrub32_m3m/SEDG/tile_20795.png,9
arctic_vegetation/20230724_riparianshrub32_m3m/SEDG/tile_20796.png,9
arctic_vegetation/20230724_riparianshrub32_m3m/SEDG/tile_20797.png,9
arctic_vegetation/20230724_riparianshrub32_m3m/SEDG/tile_20798.png,9
arctic_vegetation/20230724_riparianshrub32_m3m/SEDG/tile_20799.png,9
arctic_vegetation/20230724_riparianshrub32_m3m/SEDG/tile_20800.png,9
arctic_vegetation/20230724_riparianshrub32_m3m/SEDG/tile_20801.png,9
arctic_vegetation/20230724_riparianshrub32_m3m/SEDG/tile_20802.png,9
arctic_vegetation/20230724_riparianshrub32_m3m/SEDG/tile_20803.png,9
arctic_vegetation/20230724_riparianshrub32_m3m/SEDG/tile_20804.png,9
arctic_vegetation/20230724_riparianshrub32_m3m/SEDG/tile_20805.png,9
arctic_vegetation/20230724_riparianshrub32_m3m/WILL/tile_20961.png,11
arctic_vegetation/20230724_riparianshrub32_m3m/WILL/tile_20962.png,11
arctic_vegetation/20230724_riparianshrub32_m3m/WILL/tile_20963.png,11
arctic_vegetation/20230724_riparianshrub32_m3m/WILL/tile_20964.png,11
arctic_vegetation/20230724_riparianshrub32_m3m/WILL/tile_20965.png,11
arctic_vegetation/20230724_riparianshrub32_m3m/WILL/tile_20966.png,11
arctic_vegetation/20230724_riparianshrub32_m3m/WILL/tile_20967.png,11
arctic_vegetation/20230724_riparianshrub32_m3m/WILL/tile_20968.png,11
arctic_vegetation/20230724_riparianshrub32_m3m/WILL/tile_20969.png,11
arctic_vegetation/20230724_riparianshrub32_m3m/WILL/tile_20970.png,11
arctic_vegetation/20230724_riparianshrub32_m3m/WILL/tile_20971.png,11
arctic_vegetation/20230724_riparianshrub32_m3m/WILL/tile_20972.png,11
arctic_vegetation/20230724_riparianshrub32_m3m/WILL/tile_20973.png,11
arctic_vegetation/20230724_riparianshrub32_m3m/SEDG/tile_20974.png,9
arctic_vegetation/20230724_riparianshrub32_m3m/SEDG/tile_20975.png,9
arctic_vegetation/20230724_riparianshrub32_m3m/SEDG/tile_20976.png,9
arctic_vegetation/20230724_riparianshrub32_m3m/SEDG/tile_20977.png,9
arctic_vegetation/20230724_riparianshrub32_m3m/SEDG/tile_20978.png,9
arctic_vegetation/20230724_riparianshrub32_m3m/SEDG/tile_20979.png,9
arctic_vegetation/20230724_riparianshrub32_m3m/SEDG/tile_20980.png,9
arctic_vegetation/20230724_riparianshrub32_m3m/SEDG/tile_20981.png,9
arctic_vegetation/20230724_riparianshrub32_m3m/SEDG/tile_20982.png,9
arctic_vegetation/20230724_riparianshrub32_m3m/SEDG/tile_20983.png,9
arctic_vegetation/20230724_riparianshrub32_m3m/SEDG/tile_20984.png,9
arctic_vegetation/20230724_riparianshrub32_m3m/WILL/tile_21140.png,11
arctic_vegetation/20230724_riparianshrub32_m3m/WILL/tile_21141.png,11
arctic_vegetation/20230724_riparianshrub32_m3m/WILL/tile_21142.png,11
arctic_vegetation/20230724_riparianshrub32_m3m/WILL/tile_21143.png,11
arctic_vegetation/20230724_riparianshrub32_m3m/WILL/tile_21144.png,11
arctic_vegetation/20230724_riparianshrub32_m3m/WILL/tile_21145.png,11
arctic_vegetation/20230724_riparianshrub32_m3m/WILL/tile_21146.png,11
arctic_vegetation/20230724_riparianshrub32_m3m/WILL/tile_21147.png,11
arctic_vegetation/20230724_riparianshrub32_m3m/WILL/tile_21148.png,11
arctic_vegetation/20230724_riparianshrub32_m3m/WILL/tile_21149.png,11
arctic_vegetation/20230724_riparianshrub32_m3m/WILL/tile_21150.png,11
arctic_vegetation/20230724_riparianshrub32_m3m/WILL/tile_21151.png,11
arctic_vegetation/20230724_riparianshrub32_m3m/WILL/tile_21152.png,11
arctic_vegetation/20230724_riparianshrub32_m3m/SEDG/tile_21153.png,9
arctic_vegetation/20230724_riparianshrub32_m3m/SEDG/tile_21154.png,9
arctic_vegetation/20230724_riparianshrub32_m3m/SEDG/tile_21155.png,9
arctic_vegetation/20230724_riparianshrub32_m3m/SEDG/tile_21156.png,9
arctic_vegetation/20230724_riparianshrub32_m3m/SEDG/tile_21157.png,9
arctic_vegetation/20230724_riparianshrub32_m3m/SEDG/tile_21158.png,9
arctic_vegetation/20230724_riparianshrub32_m3m/SEDG/tile_21159.png,9
arctic_vegetation/20230724_riparianshrub32_m3m/SEDG/tile_21160.png,9
arctic_vegetation/20230724_riparianshrub32_m3m/SEDG/tile_21161.png,9
arctic_vegetation/20230724_riparianshrub32_m3m/SEDG/tile_21162.png,9
arctic_vegetation/20230724_riparianshrub32_m3m/SEDG/tile_21163.png,9
arctic_vegetation/20230724_riparianshrub32_m3m/WILL/tile_21319.png,11
arctic_vegetation/20230724_riparianshrub32_m3m/WILL/tile_21320.png,11
arctic_vegetation/20230724_riparianshrub32_m3m/WILL/tile_21321.png,11
arctic_vegetation/20230724_riparianshrub32_m3m/WILL/tile_21322.png,11
arctic_vegetation/20230724_riparianshrub32_m3m/WILL/tile_21323.png,11
arctic_vegetation/20230724_riparianshrub32_m3m/WILL/tile_21324.png,11
arctic_vegetation/20230724_riparianshrub32_m3m/WILL/tile_21325.png,11
arctic_vegetation/20230724_riparianshrub32_m3m/WILL/tile_21326.png,11
arctic_vegetation/20230724_riparianshrub32_m3m/WILL/tile_21327.png,11
arctic_vegetation/20230724_riparianshrub32_m3m/WILL/tile_21328.png,11
arctic_vegetation/20230724_riparianshrub32_m3m/SEDG/tile_21329.png,9
arctic_vegetation/20230724_riparianshrub32_m3m/WILL/tile_21330.png,11
arctic_vegetation/20230724_riparianshrub32_m3m/WILL/tile_21331.png,11
arctic_vegetation/20230724_riparianshrub32_m3m/SEDG/tile_21332.png,9
arctic_vegetation/20230724_riparianshrub32_m3m/SEDG/tile_21333.png,9
arctic_vegetation/20230724_riparianshrub32_m3m/SEDG/tile_21334.png,9
arctic_vegetation/20230724_riparianshrub32_m3m/SEDG/tile_21335.png,9
arctic_vegetation/20230724_riparianshrub32_m3m/SEDG/tile_21336.png,9
arctic_vegetation/20230724_riparianshrub32_m3m/SEDG/tile_21337.png,9
arctic_vegetation/20230724_riparianshrub32_m3m/SEDG/tile_21338.png,9
arctic_vegetation/20230724_riparianshrub32_m3m/SEDG/tile_21339.png,9
arctic_vegetation/20230724_riparianshrub32_m3m/SEDG/tile_21340.png,9
arctic_vegetation/20230724_riparianshrub32_m3m/SEDG/tile_21341.png,9
arctic_vegetation/20230724_riparianshrub32_m3m/SEDG/tile_21342.png,9
arctic_vegetation/20230724_riparianshrub32_m3m/SEDG/tile_21343.png,9
arctic_vegetation/20230724_riparianshrub32_m3m/PETF/tile_21497.png,6
arctic_vegetation/20230724_riparianshrub32_m3m/PETF/tile_21498.png,6
arctic_vegetation/20230724_riparianshrub32_m3m/PETF/tile_21499.png,6
arctic_vegetation/20230724_riparianshrub32_m3m/WILL/tile_21500.png,11
arctic_vegetation/20230724_riparianshrub32_m3m/WILL/tile_21501.png,11
arctic_vegetation/20230724_riparianshrub32_m3m/ALDE/tile_21502.png,0
arctic_vegetation/20230724_riparianshrub32_m3m/ALDE/tile_21503.png,0
arctic_vegetation/20230724_riparianshrub32_m3m/ALDE/tile_21504.png,0
arctic_vegetation/20230724_riparianshrub32_m3m/SEDG/tile_21505.png,9
arctic_vegetation/20230724_riparianshrub32_m3m/WILL/tile_21506.png,11
arctic_vegetation/20230724_riparianshrub32_m3m/SEDG/tile_21507.png,9
arctic_vegetation/20230724_riparianshrub32_m3m/SEDG/tile_21508.png,9
arctic_vegetation/20230724_riparianshrub32_m3m/SEDG/tile_21509.png,9
arctic_vegetation/20230724_riparianshrub32_m3m/SEDG/tile_21510.png,9
arctic_vegetation/20230724_riparianshrub32_m3m/SEDG/tile_21511.png,9
arctic_vegetation/20230724_riparianshrub32_m3m/SEDG/tile_21512.png,9
arctic_vegetation/20230724_riparianshrub32_m3m/SEDG/tile_21513.png,9
arctic_vegetation/20230724_riparianshrub32_m3m/SEDG/tile_21514.png,9
arctic_vegetation/20230724_riparianshrub32_m3m/SEDG/tile_21515.png,9
arctic_vegetation/20230724_riparianshrub32_m3m/SEDG/tile_21516.png,9
arctic_vegetation/20230724_riparianshrub32_m3m/SEDG/tile_21517.png,9
arctic_vegetation/20230724_riparianshrub32_m3m/SEDG/tile_21518.png,9
arctic_vegetation/20230724_riparianshrub32_m3m/SEDG/tile_21519.png,9
arctic_vegetation/20230724_riparianshrub32_m3m/ALDE/tile_21669.png,0
arctic_vegetation/20230724_riparianshrub32_m3m/ALDE/tile_21670.png,0
arctic_vegetation/20230724_riparianshrub32_m3m/ALDE/tile_21671.png,0
arctic_vegetation/20230724_riparianshrub32_m3m/ALDE/tile_21672.png,0
arctic_vegetation/20230724_riparianshrub32_m3m/ALDE/tile_21673.png,0
arctic_vegetation/20230724_riparianshrub32_m3m/ALDE/tile_21674.png,0
arctic_vegetation/20230724_riparianshrub32_m3m/ALDE/tile_21675.png,0
arctic_vegetation/20230724_riparianshrub32_m3m/ALDE/tile_21676.png,0
arctic_vegetation/20230724_riparianshrub32_m3m/ALDE/tile_21677.png,0
arctic_vegetation/20230724_riparianshrub32_m3m/ALDE/tile_21678.png,0
arctic_vegetation/20230724_riparianshrub32_m3m/ALDE/tile_21679.png,0
arctic_vegetation/20230724_riparianshrub32_m3m/WILL/tile_21680.png,11
arctic_vegetation/20230724_riparianshrub32_m3m/WILL/tile_21681.png,11
arctic_vegetation/20230724_riparianshrub32_m3m/WILL/tile_21682.png,11
arctic_vegetation/20230724_riparianshrub32_m3m/SEDG/tile_21683.png,9
arctic_vegetation/20230724_riparianshrub32_m3m/SEDG/tile_21684.png,9
arctic_vegetation/20230724_riparianshrub32_m3m/SEDG/tile_21685.png,9
arctic_vegetation/20230724_riparianshrub32_m3m/SEDG/tile_21686.png,9
arctic_vegetation/20230724_riparianshrub32_m3m/SEDG/tile_21687.png,9
arctic_vegetation/20230724_riparianshrub32_m3m/SEDG/tile_21688.png,9
arctic_vegetation/20230724_riparianshrub32_m3m/SEDG/tile_21689.png,9
arctic_vegetation/20230724_riparianshrub32_m3m/SEDG/tile_21690.png,9
arctic_vegetation/20230724_riparianshrub32_m3m/SEDG/tile_21691.png,9
arctic_vegetation/20230724_riparianshrub32_m3m/SEDG/tile_21692.png,9
arctic_vegetation/20230724_riparianshrub32_m3m/SEDG/tile_21693.png,9
arctic_vegetation/20230724_riparianshrub32_m3m/ALDE/tile_21842.png,0
arctic_vegetation/20230724_riparianshrub32_m3m/ALDE/tile_21843.png,0
arctic_vegetation/20230724_riparianshrub32_m3m/ALDE/tile_21844.png,0
arctic_vegetation/20230724_riparianshrub32_m3m/ALDE/tile_21845.png,0
arctic_vegetation/20230724_riparianshrub32_m3m/ALDE/tile_21846.png,0
arctic_vegetation/20230724_riparianshrub32_m3m/ALDE/tile_21847.png,0
arctic_vegetation/20230724_riparianshrub32_m3m/ALDE/tile_21848.png,0
arctic_vegetation/20230724_riparianshrub32_m3m/ALDE/tile_21849.png,0
arctic_vegetation/20230724_riparianshrub32_m3m/ALDE/tile_21850.png,0
arctic_vegetation/20230724_riparianshrub32_m3m/ALDE/tile_21851.png,0
arctic_vegetation/20230724_riparianshrub32_m3m/ALDE/tile_21852.png,0
arctic_vegetation/20230724_riparianshrub32_m3m/WILL/tile_21853.png,11
arctic_vegetation/20230724_riparianshrub32_m3m/WILL/tile_21854.png,11
arctic_vegetation/20230724_riparianshrub32_m3m/WILL/tile_21855.png,11
arctic_vegetation/20230724_riparianshrub32_m3m/SEDG/tile_21856.png,9
arctic_vegetation/20230724_riparianshrub32_m3m/SEDG/tile_21857.png,9
arctic_vegetation/20230724_riparianshrub32_m3m/SEDG/tile_21858.png,9
arctic_vegetation/20230724_riparianshrub32_m3m/SEDG/tile_21859.png,9
arctic_vegetation/20230724_riparianshrub32_m3m/SEDG/tile_21860.png,9
arctic_vegetation/20230724_riparianshrub32_m3m/SEDG/tile_21861.png,9
arctic_vegetation/20230724_riparianshrub32_m3m/SEDG/tile_21862.png,9
arctic_vegetation/20230724_riparianshrub32_m3m/SEDG/tile_21863.png,9
arctic_vegetation/20230724_riparianshrub32_m3m/SEDG/tile_21864.png,9
arctic_vegetation/20230724_riparianshrub32_m3m/SEDG/tile_21865.png,9
arctic_vegetation/20230724_riparianshrub32_m3m/SEDG/tile_21866.png,9
arctic_vegetation/20230724_riparianshrub32_m3m/SEDG/tile_21867.png,9
arctic_vegetation/20230724_riparianshrub32_m3m/ALDE/tile_22012.png,0
arctic_vegetation/20230724_riparianshrub32_m3m/ALDE/tile_22013.png,0
arctic_vegetation/20230724_riparianshrub32_m3m/ALDE/tile_22014.png,0
arctic_vegetation/20230724_riparianshrub32_m3m/ALDE/tile_22015.png,0
arctic_vegetation/20230724_riparianshrub32_m3m/ALDE/tile_22016.png,0
arctic_vegetation/20230724_riparianshrub32_m3m/ALDE/tile_22017.png,0
arctic_vegetation/20230724_riparianshrub32_m3m/ALDE/tile_22018.png,0
arctic_vegetation/20230724_riparianshrub32_m3m/ALDE/tile_22019.png,0
arctic_vegetation/20230724_riparianshrub32_m3m/ALDE/tile_22020.png,0
arctic_vegetation/20230724_riparianshrub32_m3m/ALDE/tile_22021.png,0
arctic_vegetation/20230724_riparianshrub32_m3m/ALDE/tile_22022.png,0
arctic_vegetation/20230724_riparianshrub32_m3m/ALDE/tile_22023.png,0
arctic_vegetation/20230724_riparianshrub32_m3m/WILL/tile_22024.png,11
arctic_vegetation/20230724_riparianshrub32_m3m/WILL/tile_22025.png,11
arctic_vegetation/20230724_riparianshrub32_m3m/WILL/tile_22026.png,11
arctic_vegetation/20230724_riparianshrub32_m3m/SEDG/tile_22027.png,9
arctic_vegetation/20230724_riparianshrub32_m3m/SEDG/tile_22028.png,9
arctic_vegetation/20230724_riparianshrub32_m3m/SEDG/tile_22029.png,9
arctic_vegetation/20230724_riparianshrub32_m3m/SEDG/tile_22030.png,9
arctic_vegetation/20230724_riparianshrub32_m3m/SEDG/tile_22031.png,9
arctic_vegetation/20230724_riparianshrub32_m3m/SEDG/tile_22032.png,9
arctic_vegetation/20230724_riparianshrub32_m3m/SEDG/tile_22033.png,9
arctic_vegetation/20230724_riparianshrub32_m3m/SEDG/tile_22034.png,9
arctic_vegetation/20230724_riparianshrub32_m3m/SEDG/tile_22035.png,9
arctic_vegetation/20230724_riparianshrub32_m3m/SEDG/tile_22036.png,9
arctic_vegetation/20230724_riparianshrub32_m3m/SEDG/tile_22037.png,9
arctic_vegetation/20230724_riparianshrub32_m3m/SEDG/tile_22038.png,9
arctic_vegetation/20230724_riparianshrub32_m3m/ALDE/tile_22182.png,0
arctic_vegetation/20230724_riparianshrub32_m3m/ALDE/tile_22183.png,0
arctic_vegetation/20230724_riparianshrub32_m3m/ALDE/tile_22184.png,0
arctic_vegetation/20230724_riparianshrub32_m3m/ALDE/tile_22185.png,0
arctic_vegetation/20230724_riparianshrub32_m3m/ALDE/tile_22186.png,0
arctic_vegetation/20230724_riparianshrub32_m3m/ALDE/tile_22187.png,0
arctic_vegetation/20230724_riparianshrub32_m3m/ALDE/tile_22188.png,0
arctic_vegetation/20230724_riparianshrub32_m3m/ALDE/tile_22189.png,0
arctic_vegetation/20230724_riparianshrub32_m3m/ALDE/tile_22190.png,0
arctic_vegetation/20230724_riparianshrub32_m3m/WILL/tile_22191.png,11
arctic_vegetation/20230724_riparianshrub32_m3m/ALDE/tile_22192.png,0
arctic_vegetation/20230724_riparianshrub32_m3m/ALDE/tile_22193.png,0
arctic_vegetation/20230724_riparianshrub32_m3m/ALDE/tile_22194.png,0
arctic_vegetation/20230724_riparianshrub32_m3m/ALDE/tile_22195.png,0
arctic_vegetation/20230724_riparianshrub32_m3m/WILL/tile_22196.png,11
arctic_vegetation/20230724_riparianshrub32_m3m/WILL/tile_22197.png,11
arctic_vegetation/20230724_riparianshrub32_m3m/PETF/tile_22198.png,6
arctic_vegetation/20230724_riparianshrub32_m3m/ALDE/tile_22200.png,0
arctic_vegetation/20230724_riparianshrub32_m3m/SEDG/tile_22201.png,9
arctic_vegetation/20230724_riparianshrub32_m3m/SEDG/tile_22202.png,9
arctic_vegetation/20230724_riparianshrub32_m3m/SEDG/tile_22203.png,9
arctic_vegetation/20230724_riparianshrub32_m3m/SEDG/tile_22204.png,9
arctic_vegetation/20230724_riparianshrub32_m3m/SEDG/tile_22205.png,9
arctic_vegetation/20230724_riparianshrub32_m3m/SEDG/tile_22206.png,9
